solid OpenSCAD_Model
  facet normal -0.991443 0 0.130538
    outer loop
      vertex 1.67417 0 -7.2952
      vertex 1.69353 2 -7.14816
      vertex 1.67417 2 -7.2952
    endloop
  endfacet
  facet normal -0.991443 0 0.130538
    outer loop
      vertex 1.69353 2 -7.14816
      vertex 1.67417 0 -7.2952
      vertex 1.69353 0 -7.14816
    endloop
  endfacet
  facet normal -0.999048 0 0.0436274
    outer loop
      vertex 1.69353 0 -7.14816
      vertex 1.7 2 -7
      vertex 1.69353 2 -7.14816
    endloop
  endfacet
  facet normal -0.999048 0 0.0436274
    outer loop
      vertex 1.7 2 -7
      vertex 1.69353 0 -7.14816
      vertex 1.7 0 -7
    endloop
  endfacet
  facet normal -0.976295 0 0.216445
    outer loop
      vertex 1.64207 0 -7.43999
      vertex 1.67417 2 -7.2952
      vertex 1.64207 2 -7.43999
    endloop
  endfacet
  facet normal -0.976295 0 0.216445
    outer loop
      vertex 1.67417 2 -7.2952
      vertex 1.64207 0 -7.43999
      vertex 1.67417 0 -7.2952
    endloop
  endfacet
  facet normal 0.216444 0 0.976295
    outer loop
      vertex -0.439992 2 -8.64207
      vertex -0.295201 0 -8.67417
      vertex -0.295201 2 -8.67417
    endloop
  endfacet
  facet normal 0.216444 0 0.976295
    outer loop
      vertex -0.295201 0 -8.67417
      vertex -0.439992 2 -8.64207
      vertex -0.439992 0 -8.64207
    endloop
  endfacet
  facet normal 0.130542 0 0.991443
    outer loop
      vertex -0.295201 2 -8.67417
      vertex -0.148165 0 -8.69353
      vertex -0.148165 2 -8.69353
    endloop
  endfacet
  facet normal 0.130542 0 0.991443
    outer loop
      vertex -0.148165 0 -8.69353
      vertex -0.295201 2 -8.67417
      vertex -0.295201 0 -8.67417
    endloop
  endfacet
  facet normal -0.843406 0 0.537277
    outer loop
      vertex 1.39256 0 -7.97508
      vertex 1.47224 2 -7.85
      vertex 1.39256 2 -7.97508
    endloop
  endfacet
  facet normal -0.843406 0 0.537277
    outer loop
      vertex 1.47224 2 -7.85
      vertex 1.39256 0 -7.97508
      vertex 1.47224 0 -7.85
    endloop
  endfacet
  facet normal 0.976295 0 -0.216445
    outer loop
      vertex -1.64207 0 -6.56001
      vertex -1.67417 2 -6.7048
      vertex -1.64207 2 -6.56001
    endloop
  endfacet
  facet normal 0.976295 0 -0.216445
    outer loop
      vertex -1.67417 2 -6.7048
      vertex -1.64207 0 -6.56001
      vertex -1.67417 0 -6.7048
    endloop
  endfacet
  facet normal -0.737283 0 0.675584
    outer loop
      vertex 1.20208 0 -8.20208
      vertex 1.30227 2 -8.09274
      vertex 1.20208 2 -8.20208
    endloop
  endfacet
  facet normal -0.737283 0 0.675584
    outer loop
      vertex 1.30227 2 -8.09274
      vertex 1.20208 0 -8.20208
      vertex 1.30227 0 -8.09274
    endloop
  endfacet
  facet normal -0.999048 0 -0.0436245
    outer loop
      vertex 1.7 0 -7
      vertex 1.69353 2 -6.85183
      vertex 1.7 2 -7
    endloop
  endfacet
  facet normal -0.999048 -0 -0.0436245
    outer loop
      vertex 1.69353 2 -6.85183
      vertex 1.7 0 -7
      vertex 1.69353 0 -6.85183
    endloop
  endfacet
  facet normal -0.675621 0 -0.737249
    outer loop
      vertex 1.09274 0 -5.69772
      vertex 1.20208 2 -5.79792
      vertex 1.20208 0 -5.79792
    endloop
  endfacet
  facet normal -0.675621 0 -0.737249
    outer loop
      vertex 1.20208 2 -5.79792
      vertex 1.09274 0 -5.69772
      vertex 1.09274 2 -5.69772
    endloop
  endfacet
  facet normal -0.382714 0 -0.923867
    outer loop
      vertex 0.581433 0 -5.40252
      vertex 0.718451 2 -5.45928
      vertex 0.718451 0 -5.45928
    endloop
  endfacet
  facet normal -0.382714 0 -0.923867
    outer loop
      vertex 0.718451 2 -5.45928
      vertex 0.581433 0 -5.40252
      vertex 0.581433 2 -5.40252
    endloop
  endfacet
  facet normal -0.953728 0 0.30067
    outer loop
      vertex 1.59748 0 -7.58143
      vertex 1.64207 2 -7.43999
      vertex 1.59748 2 -7.58143
    endloop
  endfacet
  facet normal -0.953728 0 0.30067
    outer loop
      vertex 1.64207 2 -7.43999
      vertex 1.59748 0 -7.58143
      vertex 1.64207 0 -7.43999
    endloop
  endfacet
  facet normal -0.130542 0 -0.991443
    outer loop
      vertex 0.148165 0 -5.30647
      vertex 0.295201 2 -5.32583
      vertex 0.295201 0 -5.32583
    endloop
  endfacet
  facet normal -0.130542 0 -0.991443
    outer loop
      vertex 0.295201 2 -5.32583
      vertex 0.148165 0 -5.30647
      vertex 0.148165 2 -5.30647
    endloop
  endfacet
  facet normal 0.976295 -0 0.216445
    outer loop
      vertex -1.67417 0 -7.2952
      vertex -1.64207 2 -7.43999
      vertex -1.67417 2 -7.2952
    endloop
  endfacet
  facet normal 0.976295 0 0.216445
    outer loop
      vertex -1.64207 2 -7.43999
      vertex -1.67417 0 -7.2952
      vertex -1.64207 0 -7.43999
    endloop
  endfacet
  facet normal 0.608788 0 0.793333
    outer loop
      vertex -1.09274 2 -8.30227
      vertex -0.97508 0 -8.39256
      vertex -0.97508 2 -8.39256
    endloop
  endfacet
  facet normal 0.608788 0 0.793333
    outer loop
      vertex -0.97508 0 -8.39256
      vertex -1.09274 2 -8.30227
      vertex -1.09274 0 -8.30227
    endloop
  endfacet
  facet normal 0.043626 0 0.999048
    outer loop
      vertex -0.148165 2 -8.69353
      vertex 0 0 -8.7
      vertex 0 2 -8.7
    endloop
  endfacet
  facet normal 0.043626 0 0.999048
    outer loop
      vertex 0 0 -8.7
      vertex -0.148165 2 -8.69353
      vertex -0.148165 0 -8.69353
    endloop
  endfacet
  facet normal 0.608746 0 -0.793365
    outer loop
      vertex -1.09274 0 -5.69772
      vertex -0.97508 2 -5.60744
      vertex -0.97508 0 -5.60744
    endloop
  endfacet
  facet normal 0.608746 0 -0.793365
    outer loop
      vertex -0.97508 2 -5.60744
      vertex -1.09274 0 -5.69772
      vertex -1.09274 2 -5.69772
    endloop
  endfacet
  facet normal 0.953728 0 -0.30067
    outer loop
      vertex -1.59748 0 -6.41857
      vertex -1.64207 2 -6.56001
      vertex -1.59748 2 -6.41857
    endloop
  endfacet
  facet normal 0.953728 0 -0.30067
    outer loop
      vertex -1.64207 2 -6.56001
      vertex -1.59748 0 -6.41857
      vertex -1.64207 0 -6.56001
    endloop
  endfacet
  facet normal 0.382714 0 0.923867
    outer loop
      vertex -0.718451 2 -8.54072
      vertex -0.581433 0 -8.59748
      vertex -0.581433 2 -8.59748
    endloop
  endfacet
  facet normal 0.382714 0 0.923867
    outer loop
      vertex -0.581433 0 -8.59748
      vertex -0.718451 2 -8.54072
      vertex -0.718451 0 -8.54072
    endloop
  endfacet
  facet normal 0.999048 -0 0.0436274
    outer loop
      vertex -1.7 0 -7
      vertex -1.69353 2 -7.14816
      vertex -1.7 2 -7
    endloop
  endfacet
  facet normal 0.999048 0 0.0436274
    outer loop
      vertex -1.69353 2 -7.14816
      vertex -1.7 0 -7
      vertex -1.69353 0 -7.14816
    endloop
  endfacet
  facet normal -0.300668 0 0.953729
    outer loop
      vertex 0.439992 2 -8.64207
      vertex 0.581433 0 -8.59748
      vertex 0.581433 2 -8.59748
    endloop
  endfacet
  facet normal -0.300668 0 0.953729
    outer loop
      vertex 0.581433 0 -8.59748
      vertex 0.439992 2 -8.64207
      vertex 0.439992 0 -8.64207
    endloop
  endfacet
  facet normal 0.300668 0 0.953729
    outer loop
      vertex -0.581433 2 -8.59748
      vertex -0.439992 0 -8.64207
      vertex -0.439992 2 -8.64207
    endloop
  endfacet
  facet normal 0.300668 0 0.953729
    outer loop
      vertex -0.439992 0 -8.64207
      vertex -0.581433 2 -8.59748
      vertex -0.581433 0 -8.59748
    endloop
  endfacet
  facet normal -0.923869 0 0.382709
    outer loop
      vertex 1.54072 0 -7.71845
      vertex 1.59748 2 -7.58143
      vertex 1.54072 2 -7.71845
    endloop
  endfacet
  facet normal -0.923869 0 0.382709
    outer loop
      vertex 1.59748 2 -7.58143
      vertex 1.54072 0 -7.71845
      vertex 1.59748 0 -7.58143
    endloop
  endfacet
  facet normal -0.300668 0 -0.953729
    outer loop
      vertex 0.439992 0 -5.35793
      vertex 0.581433 2 -5.40252
      vertex 0.581433 0 -5.40252
    endloop
  endfacet
  facet normal -0.300668 0 -0.953729
    outer loop
      vertex 0.581433 2 -5.40252
      vertex 0.439992 0 -5.35793
      vertex 0.439992 2 -5.35793
    endloop
  endfacet
  facet normal -0.216444 0 -0.976295
    outer loop
      vertex 0.295201 0 -5.32583
      vertex 0.439992 2 -5.35793
      vertex 0.439992 0 -5.35793
    endloop
  endfacet
  facet normal -0.216444 0 -0.976295
    outer loop
      vertex 0.439992 2 -5.35793
      vertex 0.295201 0 -5.32583
      vertex 0.295201 2 -5.32583
    endloop
  endfacet
  facet normal -0.608788 0 0.793333
    outer loop
      vertex 0.97508 2 -8.39256
      vertex 1.09274 0 -8.30227
      vertex 1.09274 2 -8.30227
    endloop
  endfacet
  facet normal -0.608788 0 0.793333
    outer loop
      vertex 1.09274 0 -8.30227
      vertex 0.97508 2 -8.39256
      vertex 0.97508 0 -8.39256
    endloop
  endfacet
  facet normal 0.461751 0 -0.88701
    outer loop
      vertex -0.849999 0 -5.52776
      vertex -0.718451 2 -5.45928
      vertex -0.718451 0 -5.45928
    endloop
  endfacet
  facet normal 0.461751 0 -0.88701
    outer loop
      vertex -0.718451 2 -5.45928
      vertex -0.849999 0 -5.52776
      vertex -0.849999 2 -5.52776
    endloop
  endfacet
  facet normal -0.043626 0 0.999048
    outer loop
      vertex 0 2 -8.7
      vertex 0.148165 0 -8.69353
      vertex 0.148165 2 -8.69353
    endloop
  endfacet
  facet normal -0.043626 0 0.999048
    outer loop
      vertex 0.148165 0 -8.69353
      vertex 0 2 -8.7
      vertex 0 0 -8.7
    endloop
  endfacet
  facet normal 0.537274 0 0.843408
    outer loop
      vertex -0.97508 2 -8.39256
      vertex -0.849999 0 -8.47224
      vertex -0.849999 2 -8.47224
    endloop
  endfacet
  facet normal 0.537274 0 0.843408
    outer loop
      vertex -0.849999 0 -8.47224
      vertex -0.97508 2 -8.39256
      vertex -0.97508 0 -8.39256
    endloop
  endfacet
  facet normal -0.130542 0 0.991443
    outer loop
      vertex 0.148165 2 -8.69353
      vertex 0.295201 0 -8.67417
      vertex 0.295201 2 -8.67417
    endloop
  endfacet
  facet normal -0.130542 0 0.991443
    outer loop
      vertex 0.295201 0 -8.67417
      vertex 0.148165 2 -8.69353
      vertex 0.148165 0 -8.69353
    endloop
  endfacet
  facet normal -0.793333 0 -0.608788
    outer loop
      vertex 1.39256 0 -6.02492
      vertex 1.30227 2 -5.90726
      vertex 1.39256 2 -6.02492
    endloop
  endfacet
  facet normal -0.793333 -0 -0.608788
    outer loop
      vertex 1.30227 2 -5.90726
      vertex 1.39256 0 -6.02492
      vertex 1.30227 0 -5.90726
    endloop
  endfacet
  facet normal -0.991442 0 -0.130547
    outer loop
      vertex 1.69353 0 -6.85183
      vertex 1.67417 2 -6.7048
      vertex 1.69353 2 -6.85183
    endloop
  endfacet
  facet normal -0.991442 -0 -0.130547
    outer loop
      vertex 1.67417 2 -6.7048
      vertex 1.69353 0 -6.85183
      vertex 1.67417 0 -6.7048
    endloop
  endfacet
  facet normal -0.953728 0 -0.30067
    outer loop
      vertex 1.64207 0 -6.56001
      vertex 1.59748 2 -6.41857
      vertex 1.64207 2 -6.56001
    endloop
  endfacet
  facet normal -0.953728 -0 -0.30067
    outer loop
      vertex 1.59748 2 -6.41857
      vertex 1.64207 0 -6.56001
      vertex 1.59748 0 -6.41857
    endloop
  endfacet
  facet normal -0.382714 0 0.923867
    outer loop
      vertex 0.581433 2 -8.59748
      vertex 0.718451 0 -8.54072
      vertex 0.718451 2 -8.54072
    endloop
  endfacet
  facet normal -0.382714 0 0.923867
    outer loop
      vertex 0.718451 0 -8.54072
      vertex 0.581433 2 -8.59748
      vertex 0.581433 0 -8.59748
    endloop
  endfacet
  facet normal 0.675584 0 0.737283
    outer loop
      vertex -1.20208 2 -8.20208
      vertex -1.09274 0 -8.30227
      vertex -1.09274 2 -8.30227
    endloop
  endfacet
  facet normal 0.675584 0 0.737283
    outer loop
      vertex -1.09274 0 -8.30227
      vertex -1.20208 2 -8.20208
      vertex -1.20208 0 -8.20208
    endloop
  endfacet
  facet normal 0.843406 -0 0.537277
    outer loop
      vertex -1.47224 0 -7.85
      vertex -1.39256 2 -7.97508
      vertex -1.47224 2 -7.85
    endloop
  endfacet
  facet normal 0.843406 0 0.537277
    outer loop
      vertex -1.39256 2 -7.97508
      vertex -1.47224 0 -7.85
      vertex -1.39256 0 -7.97508
    endloop
  endfacet
  facet normal 0.382714 0 -0.923867
    outer loop
      vertex -0.718451 0 -5.45928
      vertex -0.581433 2 -5.40252
      vertex -0.581433 0 -5.40252
    endloop
  endfacet
  facet normal 0.382714 0 -0.923867
    outer loop
      vertex -0.581433 2 -5.40252
      vertex -0.718451 0 -5.45928
      vertex -0.718451 2 -5.45928
    endloop
  endfacet
  facet normal -0.461751 0 -0.88701
    outer loop
      vertex 0.718451 0 -5.45928
      vertex 0.849999 2 -5.52776
      vertex 0.849999 0 -5.52776
    endloop
  endfacet
  facet normal -0.461751 0 -0.88701
    outer loop
      vertex 0.849999 2 -5.52776
      vertex 0.718451 0 -5.45928
      vertex 0.718451 2 -5.45928
    endloop
  endfacet
  facet normal 0.300668 0 -0.953729
    outer loop
      vertex -0.581433 0 -5.40252
      vertex -0.439992 2 -5.35793
      vertex -0.439992 0 -5.35793
    endloop
  endfacet
  facet normal 0.300668 0 -0.953729
    outer loop
      vertex -0.439992 2 -5.35793
      vertex -0.581433 0 -5.40252
      vertex -0.581433 2 -5.40252
    endloop
  endfacet
  facet normal -0.976295 0 -0.216445
    outer loop
      vertex 1.67417 0 -6.7048
      vertex 1.64207 2 -6.56001
      vertex 1.67417 2 -6.7048
    endloop
  endfacet
  facet normal -0.976295 -0 -0.216445
    outer loop
      vertex 1.64207 2 -6.56001
      vertex 1.67417 0 -6.7048
      vertex 1.64207 0 -6.56001
    endloop
  endfacet
  facet normal -0.887012 0 0.461745
    outer loop
      vertex 1.47224 0 -7.85
      vertex 1.54072 2 -7.71845
      vertex 1.47224 2 -7.85
    endloop
  endfacet
  facet normal -0.887012 0 0.461745
    outer loop
      vertex 1.54072 2 -7.71845
      vertex 1.47224 0 -7.85
      vertex 1.54072 0 -7.71845
    endloop
  endfacet
  facet normal -0.675584 0 0.737283
    outer loop
      vertex 1.09274 2 -8.30227
      vertex 1.20208 0 -8.20208
      vertex 1.20208 2 -8.20208
    endloop
  endfacet
  facet normal -0.675584 0 0.737283
    outer loop
      vertex 1.20208 0 -8.20208
      vertex 1.09274 2 -8.30227
      vertex 1.09274 0 -8.30227
    endloop
  endfacet
  facet normal -0.043626 0 -0.999048
    outer loop
      vertex 0 0 -5.3
      vertex 0.148165 2 -5.30647
      vertex 0.148165 0 -5.30647
    endloop
  endfacet
  facet normal -0.043626 0 -0.999048
    outer loop
      vertex 0.148165 2 -5.30647
      vertex 0 0 -5.3
      vertex 0 2 -5.3
    endloop
  endfacet
  facet normal -0.887012 0 -0.461745
    outer loop
      vertex 1.54072 0 -6.28155
      vertex 1.47224 2 -6.15
      vertex 1.54072 2 -6.28155
    endloop
  endfacet
  facet normal -0.887012 -0 -0.461745
    outer loop
      vertex 1.47224 2 -6.15
      vertex 1.54072 0 -6.28155
      vertex 1.47224 0 -6.15
    endloop
  endfacet
  facet normal 0.216444 0 -0.976295
    outer loop
      vertex -0.439992 0 -5.35793
      vertex -0.295201 2 -5.32583
      vertex -0.295201 0 -5.32583
    endloop
  endfacet
  facet normal 0.216444 0 -0.976295
    outer loop
      vertex -0.295201 2 -5.32583
      vertex -0.439992 0 -5.35793
      vertex -0.439992 2 -5.35793
    endloop
  endfacet
  facet normal 0.953728 -0 0.30067
    outer loop
      vertex -1.64207 0 -7.43999
      vertex -1.59748 2 -7.58143
      vertex -1.64207 2 -7.43999
    endloop
  endfacet
  facet normal 0.953728 0 0.30067
    outer loop
      vertex -1.59748 2 -7.58143
      vertex -1.64207 0 -7.43999
      vertex -1.59748 0 -7.58143
    endloop
  endfacet
  facet normal -0.923869 0 -0.382709
    outer loop
      vertex 1.59748 0 -6.41857
      vertex 1.54072 2 -6.28155
      vertex 1.59748 2 -6.41857
    endloop
  endfacet
  facet normal -0.923869 -0 -0.382709
    outer loop
      vertex 1.54072 2 -6.28155
      vertex 1.59748 0 -6.41857
      vertex 1.54072 0 -6.28155
    endloop
  endfacet
  facet normal 0.887012 -0 0.461745
    outer loop
      vertex -1.54072 0 -7.71845
      vertex -1.47224 2 -7.85
      vertex -1.54072 2 -7.71845
    endloop
  endfacet
  facet normal 0.887012 0 0.461745
    outer loop
      vertex -1.47224 2 -7.85
      vertex -1.54072 0 -7.71845
      vertex -1.47224 0 -7.85
    endloop
  endfacet
  facet normal 0.461751 0 0.88701
    outer loop
      vertex -0.849999 2 -8.47224
      vertex -0.718451 0 -8.54072
      vertex -0.718451 2 -8.54072
    endloop
  endfacet
  facet normal 0.461751 0 0.88701
    outer loop
      vertex -0.718451 0 -8.54072
      vertex -0.849999 2 -8.47224
      vertex -0.849999 0 -8.47224
    endloop
  endfacet
  facet normal 0.843406 0 -0.537277
    outer loop
      vertex -1.39256 0 -6.02492
      vertex -1.47224 2 -6.15
      vertex -1.39256 2 -6.02492
    endloop
  endfacet
  facet normal 0.843406 0 -0.537277
    outer loop
      vertex -1.47224 2 -6.15
      vertex -1.39256 0 -6.02492
      vertex -1.47224 0 -6.15
    endloop
  endfacet
  facet normal -0.793333 0 0.608788
    outer loop
      vertex 1.30227 0 -8.09274
      vertex 1.39256 2 -7.97508
      vertex 1.30227 2 -8.09274
    endloop
  endfacet
  facet normal -0.793333 0 0.608788
    outer loop
      vertex 1.39256 2 -7.97508
      vertex 1.30227 0 -8.09274
      vertex 1.39256 0 -7.97508
    endloop
  endfacet
  facet normal 0.991443 -0 0.130538
    outer loop
      vertex -1.69353 0 -7.14816
      vertex -1.67417 2 -7.2952
      vertex -1.69353 2 -7.14816
    endloop
  endfacet
  facet normal 0.991443 0 0.130538
    outer loop
      vertex -1.67417 2 -7.2952
      vertex -1.69353 0 -7.14816
      vertex -1.67417 0 -7.2952
    endloop
  endfacet
  facet normal 0.737283 -0 0.675584
    outer loop
      vertex -1.30227 0 -8.09274
      vertex -1.20208 2 -8.20208
      vertex -1.30227 2 -8.09274
    endloop
  endfacet
  facet normal 0.737283 0 0.675584
    outer loop
      vertex -1.20208 2 -8.20208
      vertex -1.30227 0 -8.09274
      vertex -1.20208 0 -8.20208
    endloop
  endfacet
  facet normal 0.887012 0 -0.461745
    outer loop
      vertex -1.47224 0 -6.15
      vertex -1.54072 2 -6.28155
      vertex -1.47224 2 -6.15
    endloop
  endfacet
  facet normal 0.887012 0 -0.461745
    outer loop
      vertex -1.54072 2 -6.28155
      vertex -1.47224 0 -6.15
      vertex -1.54072 0 -6.28155
    endloop
  endfacet
  facet normal 0.991442 0 -0.130547
    outer loop
      vertex -1.67417 0 -6.7048
      vertex -1.69353 2 -6.85183
      vertex -1.67417 2 -6.7048
    endloop
  endfacet
  facet normal 0.991442 0 -0.130547
    outer loop
      vertex -1.69353 2 -6.85183
      vertex -1.67417 0 -6.7048
      vertex -1.69353 0 -6.85183
    endloop
  endfacet
  facet normal 0.043626 0 -0.999048
    outer loop
      vertex -0.148165 0 -5.30647
      vertex 0 2 -5.3
      vertex 0 0 -5.3
    endloop
  endfacet
  facet normal 0.043626 0 -0.999048
    outer loop
      vertex 0 2 -5.3
      vertex -0.148165 0 -5.30647
      vertex -0.148165 2 -5.30647
    endloop
  endfacet
  facet normal 0.675621 0 -0.737249
    outer loop
      vertex -1.20208 0 -5.79792
      vertex -1.09274 2 -5.69772
      vertex -1.09274 0 -5.69772
    endloop
  endfacet
  facet normal 0.675621 0 -0.737249
    outer loop
      vertex -1.09274 2 -5.69772
      vertex -1.20208 0 -5.79792
      vertex -1.20208 2 -5.79792
    endloop
  endfacet
  facet normal -0.461751 0 0.88701
    outer loop
      vertex 0.718451 2 -8.54072
      vertex 0.849999 0 -8.47224
      vertex 0.849999 2 -8.47224
    endloop
  endfacet
  facet normal -0.461751 0 0.88701
    outer loop
      vertex 0.849999 0 -8.47224
      vertex 0.718451 2 -8.54072
      vertex 0.718451 0 -8.54072
    endloop
  endfacet
  facet normal -0.537274 0 -0.843408
    outer loop
      vertex 0.849999 0 -5.52776
      vertex 0.97508 2 -5.60744
      vertex 0.97508 0 -5.60744
    endloop
  endfacet
  facet normal -0.537274 0 -0.843408
    outer loop
      vertex 0.97508 2 -5.60744
      vertex 0.849999 0 -5.52776
      vertex 0.849999 2 -5.52776
    endloop
  endfacet
  facet normal 0.923869 0 -0.382709
    outer loop
      vertex -1.54072 0 -6.28155
      vertex -1.59748 2 -6.41857
      vertex -1.54072 2 -6.28155
    endloop
  endfacet
  facet normal 0.923869 0 -0.382709
    outer loop
      vertex -1.59748 2 -6.41857
      vertex -1.54072 0 -6.28155
      vertex -1.59748 0 -6.41857
    endloop
  endfacet
  facet normal 0.923869 -0 0.382709
    outer loop
      vertex -1.59748 0 -7.58143
      vertex -1.54072 2 -7.71845
      vertex -1.59748 2 -7.58143
    endloop
  endfacet
  facet normal 0.923869 0 0.382709
    outer loop
      vertex -1.54072 2 -7.71845
      vertex -1.59748 0 -7.58143
      vertex -1.54072 0 -7.71845
    endloop
  endfacet
  facet normal -0.537274 0 0.843408
    outer loop
      vertex 0.849999 2 -8.47224
      vertex 0.97508 0 -8.39256
      vertex 0.97508 2 -8.39256
    endloop
  endfacet
  facet normal -0.537274 0 0.843408
    outer loop
      vertex 0.97508 0 -8.39256
      vertex 0.849999 2 -8.47224
      vertex 0.849999 0 -8.47224
    endloop
  endfacet
  facet normal 0.737283 0 -0.675584
    outer loop
      vertex -1.20208 0 -5.79792
      vertex -1.30227 2 -5.90726
      vertex -1.20208 2 -5.79792
    endloop
  endfacet
  facet normal 0.737283 0 -0.675584
    outer loop
      vertex -1.30227 2 -5.90726
      vertex -1.20208 0 -5.79792
      vertex -1.30227 0 -5.90726
    endloop
  endfacet
  facet normal 0.793333 0 -0.608788
    outer loop
      vertex -1.30227 0 -5.90726
      vertex -1.39256 2 -6.02492
      vertex -1.30227 2 -5.90726
    endloop
  endfacet
  facet normal 0.793333 0 -0.608788
    outer loop
      vertex -1.39256 2 -6.02492
      vertex -1.30227 0 -5.90726
      vertex -1.39256 0 -6.02492
    endloop
  endfacet
  facet normal -0.608746 0 -0.793365
    outer loop
      vertex 0.97508 0 -5.60744
      vertex 1.09274 2 -5.69772
      vertex 1.09274 0 -5.69772
    endloop
  endfacet
  facet normal -0.608746 0 -0.793365
    outer loop
      vertex 1.09274 2 -5.69772
      vertex 0.97508 0 -5.60744
      vertex 0.97508 2 -5.60744
    endloop
  endfacet
  facet normal 0.999048 0 -0.0436245
    outer loop
      vertex -1.69353 0 -6.85183
      vertex -1.7 2 -7
      vertex -1.69353 2 -6.85183
    endloop
  endfacet
  facet normal 0.999048 0 -0.0436245
    outer loop
      vertex -1.7 2 -7
      vertex -1.69353 0 -6.85183
      vertex -1.7 0 -7
    endloop
  endfacet
  facet normal -0.843406 0 -0.537277
    outer loop
      vertex 1.47224 0 -6.15
      vertex 1.39256 2 -6.02492
      vertex 1.47224 2 -6.15
    endloop
  endfacet
  facet normal -0.843406 -0 -0.537277
    outer loop
      vertex 1.39256 2 -6.02492
      vertex 1.47224 0 -6.15
      vertex 1.39256 0 -6.02492
    endloop
  endfacet
  facet normal -0.737283 0 -0.675584
    outer loop
      vertex 1.30227 0 -5.90726
      vertex 1.20208 2 -5.79792
      vertex 1.30227 2 -5.90726
    endloop
  endfacet
  facet normal -0.737283 -0 -0.675584
    outer loop
      vertex 1.20208 2 -5.79792
      vertex 1.30227 0 -5.90726
      vertex 1.20208 0 -5.79792
    endloop
  endfacet
  facet normal 0.793333 -0 0.608788
    outer loop
      vertex -1.39256 0 -7.97508
      vertex -1.30227 2 -8.09274
      vertex -1.39256 2 -7.97508
    endloop
  endfacet
  facet normal 0.793333 0 0.608788
    outer loop
      vertex -1.30227 2 -8.09274
      vertex -1.39256 0 -7.97508
      vertex -1.30227 0 -8.09274
    endloop
  endfacet
  facet normal -0.216444 0 0.976295
    outer loop
      vertex 0.295201 2 -8.67417
      vertex 0.439992 0 -8.64207
      vertex 0.439992 2 -8.64207
    endloop
  endfacet
  facet normal -0.216444 0 0.976295
    outer loop
      vertex 0.439992 0 -8.64207
      vertex 0.295201 2 -8.67417
      vertex 0.295201 0 -8.67417
    endloop
  endfacet
  facet normal 0.537274 0 -0.843408
    outer loop
      vertex -0.97508 0 -5.60744
      vertex -0.849999 2 -5.52776
      vertex -0.849999 0 -5.52776
    endloop
  endfacet
  facet normal 0.537274 0 -0.843408
    outer loop
      vertex -0.849999 2 -5.52776
      vertex -0.97508 0 -5.60744
      vertex -0.97508 2 -5.60744
    endloop
  endfacet
  facet normal 0.130542 0 -0.991443
    outer loop
      vertex -0.295201 0 -5.32583
      vertex -0.148165 2 -5.30647
      vertex -0.148165 0 -5.30647
    endloop
  endfacet
  facet normal 0.130542 0 -0.991443
    outer loop
      vertex -0.148165 2 -5.30647
      vertex -0.295201 0 -5.32583
      vertex -0.295201 2 -5.32583
    endloop
  endfacet
  facet normal -0.991442 0 0.130547
    outer loop
      vertex 1.67417 0 6.7048
      vertex 1.69353 2 6.85183
      vertex 1.67417 2 6.7048
    endloop
  endfacet
  facet normal -0.991442 0 0.130547
    outer loop
      vertex 1.69353 2 6.85183
      vertex 1.67417 0 6.7048
      vertex 1.69353 0 6.85183
    endloop
  endfacet
  facet normal -0.999048 0 0.0436245
    outer loop
      vertex 1.69353 0 6.85183
      vertex 1.7 2 7
      vertex 1.69353 2 6.85183
    endloop
  endfacet
  facet normal -0.999048 0 0.0436245
    outer loop
      vertex 1.7 2 7
      vertex 1.69353 0 6.85183
      vertex 1.7 0 7
    endloop
  endfacet
  facet normal -0.976295 0 0.216445
    outer loop
      vertex 1.64207 0 6.56001
      vertex 1.67417 2 6.7048
      vertex 1.64207 2 6.56001
    endloop
  endfacet
  facet normal -0.976295 0 0.216445
    outer loop
      vertex 1.67417 2 6.7048
      vertex 1.64207 0 6.56001
      vertex 1.67417 0 6.7048
    endloop
  endfacet
  facet normal -0.130542 0 -0.991443
    outer loop
      vertex 0.148165 0 8.69353
      vertex 0.295201 2 8.67417
      vertex 0.295201 0 8.67417
    endloop
  endfacet
  facet normal -0.130542 0 -0.991443
    outer loop
      vertex 0.295201 2 8.67417
      vertex 0.148165 0 8.69353
      vertex 0.148165 2 8.69353
    endloop
  endfacet
  facet normal -0.300668 0 -0.953729
    outer loop
      vertex 0.439992 0 8.64207
      vertex 0.581433 2 8.59748
      vertex 0.581433 0 8.59748
    endloop
  endfacet
  facet normal -0.300668 0 -0.953729
    outer loop
      vertex 0.581433 2 8.59748
      vertex 0.439992 0 8.64207
      vertex 0.439992 2 8.64207
    endloop
  endfacet
  facet normal 0.953728 -0 0.30067
    outer loop
      vertex -1.64207 0 6.56001
      vertex -1.59748 2 6.41857
      vertex -1.64207 2 6.56001
    endloop
  endfacet
  facet normal 0.953728 0 0.30067
    outer loop
      vertex -1.59748 2 6.41857
      vertex -1.64207 0 6.56001
      vertex -1.59748 0 6.41857
    endloop
  endfacet
  facet normal 0.793333 0 -0.608788
    outer loop
      vertex -1.30227 0 8.09274
      vertex -1.39256 2 7.97508
      vertex -1.30227 2 8.09274
    endloop
  endfacet
  facet normal 0.793333 0 -0.608788
    outer loop
      vertex -1.39256 2 7.97508
      vertex -1.30227 0 8.09274
      vertex -1.39256 0 7.97508
    endloop
  endfacet
  facet normal -0.953728 0 0.30067
    outer loop
      vertex 1.59748 0 6.41857
      vertex 1.64207 2 6.56001
      vertex 1.59748 2 6.41857
    endloop
  endfacet
  facet normal -0.953728 0 0.30067
    outer loop
      vertex 1.64207 2 6.56001
      vertex 1.59748 0 6.41857
      vertex 1.64207 0 6.56001
    endloop
  endfacet
  facet normal -0.793333 0 0.608788
    outer loop
      vertex 1.30227 0 5.90726
      vertex 1.39256 2 6.02492
      vertex 1.30227 2 5.90726
    endloop
  endfacet
  facet normal -0.793333 0 0.608788
    outer loop
      vertex 1.39256 2 6.02492
      vertex 1.30227 0 5.90726
      vertex 1.39256 0 6.02492
    endloop
  endfacet
  facet normal 0.537274 0 0.843408
    outer loop
      vertex -0.97508 2 5.60744
      vertex -0.849999 0 5.52776
      vertex -0.849999 2 5.52776
    endloop
  endfacet
  facet normal 0.537274 0 0.843408
    outer loop
      vertex -0.849999 0 5.52776
      vertex -0.97508 2 5.60744
      vertex -0.97508 0 5.60744
    endloop
  endfacet
  facet normal 0.300668 0 0.953729
    outer loop
      vertex -0.581433 2 5.40252
      vertex -0.439992 0 5.35793
      vertex -0.439992 2 5.35793
    endloop
  endfacet
  facet normal 0.300668 0 0.953729
    outer loop
      vertex -0.439992 0 5.35793
      vertex -0.581433 2 5.40252
      vertex -0.581433 0 5.40252
    endloop
  endfacet
  facet normal 0.216444 0 0.976295
    outer loop
      vertex -0.439992 2 5.35793
      vertex -0.295201 0 5.32583
      vertex -0.295201 2 5.32583
    endloop
  endfacet
  facet normal 0.216444 0 0.976295
    outer loop
      vertex -0.295201 0 5.32583
      vertex -0.439992 2 5.35793
      vertex -0.439992 0 5.35793
    endloop
  endfacet
  facet normal 0.923869 0 -0.382709
    outer loop
      vertex -1.54072 0 7.71845
      vertex -1.59748 2 7.58143
      vertex -1.54072 2 7.71845
    endloop
  endfacet
  facet normal 0.923869 0 -0.382709
    outer loop
      vertex -1.59748 2 7.58143
      vertex -1.54072 0 7.71845
      vertex -1.59748 0 7.58143
    endloop
  endfacet
  facet normal -0.843406 0 0.537277
    outer loop
      vertex 1.39256 0 6.02492
      vertex 1.47224 2 6.15
      vertex 1.39256 2 6.02492
    endloop
  endfacet
  facet normal -0.843406 0 0.537277
    outer loop
      vertex 1.47224 2 6.15
      vertex 1.39256 0 6.02492
      vertex 1.47224 0 6.15
    endloop
  endfacet
  facet normal -0.953728 0 -0.30067
    outer loop
      vertex 1.64207 0 7.43999
      vertex 1.59748 2 7.58143
      vertex 1.64207 2 7.43999
    endloop
  endfacet
  facet normal -0.953728 -0 -0.30067
    outer loop
      vertex 1.59748 2 7.58143
      vertex 1.64207 0 7.43999
      vertex 1.59748 0 7.58143
    endloop
  endfacet
  facet normal -0.675621 0 0.737249
    outer loop
      vertex 1.09274 2 5.69772
      vertex 1.20208 0 5.79792
      vertex 1.20208 2 5.79792
    endloop
  endfacet
  facet normal -0.675621 0 0.737249
    outer loop
      vertex 1.20208 0 5.79792
      vertex 1.09274 2 5.69772
      vertex 1.09274 0 5.69772
    endloop
  endfacet
  facet normal -0.537274 0 0.843408
    outer loop
      vertex 0.849999 2 5.52776
      vertex 0.97508 0 5.60744
      vertex 0.97508 2 5.60744
    endloop
  endfacet
  facet normal -0.537274 0 0.843408
    outer loop
      vertex 0.97508 0 5.60744
      vertex 0.849999 2 5.52776
      vertex 0.849999 0 5.52776
    endloop
  endfacet
  facet normal -0.999048 0 -0.0436274
    outer loop
      vertex 1.7 0 7
      vertex 1.69353 2 7.14816
      vertex 1.7 2 7
    endloop
  endfacet
  facet normal -0.999048 -0 -0.0436274
    outer loop
      vertex 1.69353 2 7.14816
      vertex 1.7 0 7
      vertex 1.69353 0 7.14816
    endloop
  endfacet
  facet normal 0.216444 0 -0.976295
    outer loop
      vertex -0.439992 0 8.64207
      vertex -0.295201 2 8.67417
      vertex -0.295201 0 8.67417
    endloop
  endfacet
  facet normal 0.216444 0 -0.976295
    outer loop
      vertex -0.295201 2 8.67417
      vertex -0.439992 0 8.64207
      vertex -0.439992 2 8.64207
    endloop
  endfacet
  facet normal -0.608746 0 0.793365
    outer loop
      vertex 0.97508 2 5.60744
      vertex 1.09274 0 5.69772
      vertex 1.09274 2 5.69772
    endloop
  endfacet
  facet normal -0.608746 0 0.793365
    outer loop
      vertex 1.09274 0 5.69772
      vertex 0.97508 2 5.60744
      vertex 0.97508 0 5.60744
    endloop
  endfacet
  facet normal 0.953728 0 -0.30067
    outer loop
      vertex -1.59748 0 7.58143
      vertex -1.64207 2 7.43999
      vertex -1.59748 2 7.58143
    endloop
  endfacet
  facet normal 0.953728 0 -0.30067
    outer loop
      vertex -1.64207 2 7.43999
      vertex -1.59748 0 7.58143
      vertex -1.64207 0 7.43999
    endloop
  endfacet
  facet normal 0.608746 0 0.793365
    outer loop
      vertex -1.09274 2 5.69772
      vertex -0.97508 0 5.60744
      vertex -0.97508 2 5.60744
    endloop
  endfacet
  facet normal 0.608746 0 0.793365
    outer loop
      vertex -0.97508 0 5.60744
      vertex -1.09274 2 5.69772
      vertex -1.09274 0 5.69772
    endloop
  endfacet
  facet normal -0.216444 0 -0.976295
    outer loop
      vertex 0.295201 0 8.67417
      vertex 0.439992 2 8.64207
      vertex 0.439992 0 8.64207
    endloop
  endfacet
  facet normal -0.216444 0 -0.976295
    outer loop
      vertex 0.439992 2 8.64207
      vertex 0.295201 0 8.67417
      vertex 0.295201 2 8.67417
    endloop
  endfacet
  facet normal 0.382714 0 -0.923867
    outer loop
      vertex -0.718451 0 8.54072
      vertex -0.581433 2 8.59748
      vertex -0.581433 0 8.59748
    endloop
  endfacet
  facet normal 0.382714 0 -0.923867
    outer loop
      vertex -0.581433 2 8.59748
      vertex -0.718451 0 8.54072
      vertex -0.718451 2 8.54072
    endloop
  endfacet
  facet normal -0.461751 0 -0.88701
    outer loop
      vertex 0.718451 0 8.54072
      vertex 0.849999 2 8.47224
      vertex 0.849999 0 8.47224
    endloop
  endfacet
  facet normal -0.461751 0 -0.88701
    outer loop
      vertex 0.849999 2 8.47224
      vertex 0.718451 0 8.54072
      vertex 0.718451 2 8.54072
    endloop
  endfacet
  facet normal 0.043626 0 0.999048
    outer loop
      vertex -0.148165 2 5.30647
      vertex 0 0 5.3
      vertex 0 2 5.3
    endloop
  endfacet
  facet normal 0.043626 0 0.999048
    outer loop
      vertex 0 0 5.3
      vertex -0.148165 2 5.30647
      vertex -0.148165 0 5.30647
    endloop
  endfacet
  facet normal 0.537274 0 -0.843408
    outer loop
      vertex -0.97508 0 8.39256
      vertex -0.849999 2 8.47224
      vertex -0.849999 0 8.47224
    endloop
  endfacet
  facet normal 0.537274 0 -0.843408
    outer loop
      vertex -0.849999 2 8.47224
      vertex -0.97508 0 8.39256
      vertex -0.97508 2 8.39256
    endloop
  endfacet
  facet normal -0.043626 0 -0.999048
    outer loop
      vertex 0 0 8.7
      vertex 0.148165 2 8.69353
      vertex 0.148165 0 8.69353
    endloop
  endfacet
  facet normal -0.043626 0 -0.999048
    outer loop
      vertex 0.148165 2 8.69353
      vertex 0 0 8.7
      vertex 0 2 8.7
    endloop
  endfacet
  facet normal 0.887012 0 -0.461745
    outer loop
      vertex -1.47224 0 7.85
      vertex -1.54072 2 7.71845
      vertex -1.47224 2 7.85
    endloop
  endfacet
  facet normal 0.887012 0 -0.461745
    outer loop
      vertex -1.54072 2 7.71845
      vertex -1.47224 0 7.85
      vertex -1.54072 0 7.71845
    endloop
  endfacet
  facet normal -0.461751 0 0.88701
    outer loop
      vertex 0.718451 2 5.45928
      vertex 0.849999 0 5.52776
      vertex 0.849999 2 5.52776
    endloop
  endfacet
  facet normal -0.461751 0 0.88701
    outer loop
      vertex 0.849999 0 5.52776
      vertex 0.718451 2 5.45928
      vertex 0.718451 0 5.45928
    endloop
  endfacet
  facet normal -0.675584 0 -0.737283
    outer loop
      vertex 1.09274 0 8.30227
      vertex 1.20208 2 8.20208
      vertex 1.20208 0 8.20208
    endloop
  endfacet
  facet normal -0.675584 0 -0.737283
    outer loop
      vertex 1.20208 2 8.20208
      vertex 1.09274 0 8.30227
      vertex 1.09274 2 8.30227
    endloop
  endfacet
  facet normal -0.537274 0 -0.843408
    outer loop
      vertex 0.849999 0 8.47224
      vertex 0.97508 2 8.39256
      vertex 0.97508 0 8.39256
    endloop
  endfacet
  facet normal -0.537274 0 -0.843408
    outer loop
      vertex 0.97508 2 8.39256
      vertex 0.849999 0 8.47224
      vertex 0.849999 2 8.47224
    endloop
  endfacet
  facet normal -0.793333 0 -0.608788
    outer loop
      vertex 1.39256 0 7.97508
      vertex 1.30227 2 8.09274
      vertex 1.39256 2 7.97508
    endloop
  endfacet
  facet normal -0.793333 -0 -0.608788
    outer loop
      vertex 1.30227 2 8.09274
      vertex 1.39256 0 7.97508
      vertex 1.30227 0 8.09274
    endloop
  endfacet
  facet normal 0.999048 -0 0.0436245
    outer loop
      vertex -1.7 0 7
      vertex -1.69353 2 6.85183
      vertex -1.7 2 7
    endloop
  endfacet
  facet normal 0.999048 0 0.0436245
    outer loop
      vertex -1.69353 2 6.85183
      vertex -1.7 0 7
      vertex -1.69353 0 6.85183
    endloop
  endfacet
  facet normal -0.608788 0 -0.793333
    outer loop
      vertex 0.97508 0 8.39256
      vertex 1.09274 2 8.30227
      vertex 1.09274 0 8.30227
    endloop
  endfacet
  facet normal -0.608788 0 -0.793333
    outer loop
      vertex 1.09274 2 8.30227
      vertex 0.97508 0 8.39256
      vertex 0.97508 2 8.39256
    endloop
  endfacet
  facet normal -0.923869 0 0.382709
    outer loop
      vertex 1.54072 0 6.28155
      vertex 1.59748 2 6.41857
      vertex 1.54072 2 6.28155
    endloop
  endfacet
  facet normal -0.923869 0 0.382709
    outer loop
      vertex 1.59748 2 6.41857
      vertex 1.54072 0 6.28155
      vertex 1.59748 0 6.41857
    endloop
  endfacet
  facet normal -0.737283 0 0.675584
    outer loop
      vertex 1.20208 0 5.79792
      vertex 1.30227 2 5.90726
      vertex 1.20208 2 5.79792
    endloop
  endfacet
  facet normal -0.737283 0 0.675584
    outer loop
      vertex 1.30227 2 5.90726
      vertex 1.20208 0 5.79792
      vertex 1.30227 0 5.90726
    endloop
  endfacet
  facet normal 0.923869 -0 0.382709
    outer loop
      vertex -1.59748 0 6.41857
      vertex -1.54072 2 6.28155
      vertex -1.59748 2 6.41857
    endloop
  endfacet
  facet normal 0.923869 0 0.382709
    outer loop
      vertex -1.54072 2 6.28155
      vertex -1.59748 0 6.41857
      vertex -1.54072 0 6.28155
    endloop
  endfacet
  facet normal -0.382714 0 -0.923867
    outer loop
      vertex 0.581433 0 8.59748
      vertex 0.718451 2 8.54072
      vertex 0.718451 0 8.54072
    endloop
  endfacet
  facet normal -0.382714 0 -0.923867
    outer loop
      vertex 0.718451 2 8.54072
      vertex 0.581433 0 8.59748
      vertex 0.581433 2 8.59748
    endloop
  endfacet
  facet normal -0.887012 0 0.461745
    outer loop
      vertex 1.47224 0 6.15
      vertex 1.54072 2 6.28155
      vertex 1.47224 2 6.15
    endloop
  endfacet
  facet normal -0.887012 0 0.461745
    outer loop
      vertex 1.54072 2 6.28155
      vertex 1.47224 0 6.15
      vertex 1.54072 0 6.28155
    endloop
  endfacet
  facet normal 0.675621 0 0.737249
    outer loop
      vertex -1.20208 2 5.79792
      vertex -1.09274 0 5.69772
      vertex -1.09274 2 5.69772
    endloop
  endfacet
  facet normal 0.675621 0 0.737249
    outer loop
      vertex -1.09274 0 5.69772
      vertex -1.20208 2 5.79792
      vertex -1.20208 0 5.79792
    endloop
  endfacet
  facet normal 0.675584 0 -0.737283
    outer loop
      vertex -1.20208 0 8.20208
      vertex -1.09274 2 8.30227
      vertex -1.09274 0 8.30227
    endloop
  endfacet
  facet normal 0.675584 0 -0.737283
    outer loop
      vertex -1.09274 2 8.30227
      vertex -1.20208 0 8.20208
      vertex -1.20208 2 8.20208
    endloop
  endfacet
  facet normal -0.130542 0 0.991443
    outer loop
      vertex 0.148165 2 5.30647
      vertex 0.295201 0 5.32583
      vertex 0.295201 2 5.32583
    endloop
  endfacet
  facet normal -0.130542 0 0.991443
    outer loop
      vertex 0.295201 0 5.32583
      vertex 0.148165 2 5.30647
      vertex 0.148165 0 5.30647
    endloop
  endfacet
  facet normal 0.461751 0 0.88701
    outer loop
      vertex -0.849999 2 5.52776
      vertex -0.718451 0 5.45928
      vertex -0.718451 2 5.45928
    endloop
  endfacet
  facet normal 0.461751 0 0.88701
    outer loop
      vertex -0.718451 0 5.45928
      vertex -0.849999 2 5.52776
      vertex -0.849999 0 5.52776
    endloop
  endfacet
  facet normal 0.382714 0 0.923867
    outer loop
      vertex -0.718451 2 5.45928
      vertex -0.581433 0 5.40252
      vertex -0.581433 2 5.40252
    endloop
  endfacet
  facet normal 0.382714 0 0.923867
    outer loop
      vertex -0.581433 0 5.40252
      vertex -0.718451 2 5.45928
      vertex -0.718451 0 5.45928
    endloop
  endfacet
  facet normal 0.991442 -0 0.130547
    outer loop
      vertex -1.69353 0 6.85183
      vertex -1.67417 2 6.7048
      vertex -1.69353 2 6.85183
    endloop
  endfacet
  facet normal 0.991442 0 0.130547
    outer loop
      vertex -1.67417 2 6.7048
      vertex -1.69353 0 6.85183
      vertex -1.67417 0 6.7048
    endloop
  endfacet
  facet normal 0.976295 -0 0.216445
    outer loop
      vertex -1.67417 0 6.7048
      vertex -1.64207 2 6.56001
      vertex -1.67417 2 6.7048
    endloop
  endfacet
  facet normal 0.976295 0 0.216445
    outer loop
      vertex -1.64207 2 6.56001
      vertex -1.67417 0 6.7048
      vertex -1.64207 0 6.56001
    endloop
  endfacet
  facet normal -0.923869 0 -0.382709
    outer loop
      vertex 1.59748 0 7.58143
      vertex 1.54072 2 7.71845
      vertex 1.59748 2 7.58143
    endloop
  endfacet
  facet normal -0.923869 -0 -0.382709
    outer loop
      vertex 1.54072 2 7.71845
      vertex 1.59748 0 7.58143
      vertex 1.54072 0 7.71845
    endloop
  endfacet
  facet normal -0.216444 0 0.976295
    outer loop
      vertex 0.295201 2 5.32583
      vertex 0.439992 0 5.35793
      vertex 0.439992 2 5.35793
    endloop
  endfacet
  facet normal -0.216444 0 0.976295
    outer loop
      vertex 0.439992 0 5.35793
      vertex 0.295201 2 5.32583
      vertex 0.295201 0 5.32583
    endloop
  endfacet
  facet normal 0.793333 -0 0.608788
    outer loop
      vertex -1.39256 0 6.02492
      vertex -1.30227 2 5.90726
      vertex -1.39256 2 6.02492
    endloop
  endfacet
  facet normal 0.793333 0 0.608788
    outer loop
      vertex -1.30227 2 5.90726
      vertex -1.39256 0 6.02492
      vertex -1.30227 0 5.90726
    endloop
  endfacet
  facet normal 0.999048 0 -0.0436274
    outer loop
      vertex -1.69353 0 7.14816
      vertex -1.7 2 7
      vertex -1.69353 2 7.14816
    endloop
  endfacet
  facet normal 0.999048 0 -0.0436274
    outer loop
      vertex -1.7 2 7
      vertex -1.69353 0 7.14816
      vertex -1.7 0 7
    endloop
  endfacet
  facet normal 0.461751 0 -0.88701
    outer loop
      vertex -0.849999 0 8.47224
      vertex -0.718451 2 8.54072
      vertex -0.718451 0 8.54072
    endloop
  endfacet
  facet normal 0.461751 0 -0.88701
    outer loop
      vertex -0.718451 2 8.54072
      vertex -0.849999 0 8.47224
      vertex -0.849999 2 8.47224
    endloop
  endfacet
  facet normal -0.043626 0 0.999048
    outer loop
      vertex 0 2 5.3
      vertex 0.148165 0 5.30647
      vertex 0.148165 2 5.30647
    endloop
  endfacet
  facet normal -0.043626 0 0.999048
    outer loop
      vertex 0.148165 0 5.30647
      vertex 0 2 5.3
      vertex 0 0 5.3
    endloop
  endfacet
  facet normal -0.976295 0 -0.216445
    outer loop
      vertex 1.67417 0 7.2952
      vertex 1.64207 2 7.43999
      vertex 1.67417 2 7.2952
    endloop
  endfacet
  facet normal -0.976295 -0 -0.216445
    outer loop
      vertex 1.64207 2 7.43999
      vertex 1.67417 0 7.2952
      vertex 1.64207 0 7.43999
    endloop
  endfacet
  facet normal 0.737283 0 -0.675584
    outer loop
      vertex -1.20208 0 8.20208
      vertex -1.30227 2 8.09274
      vertex -1.20208 2 8.20208
    endloop
  endfacet
  facet normal 0.737283 0 -0.675584
    outer loop
      vertex -1.30227 2 8.09274
      vertex -1.20208 0 8.20208
      vertex -1.30227 0 8.09274
    endloop
  endfacet
  facet normal 0.976295 0 -0.216445
    outer loop
      vertex -1.64207 0 7.43999
      vertex -1.67417 2 7.2952
      vertex -1.64207 2 7.43999
    endloop
  endfacet
  facet normal 0.976295 0 -0.216445
    outer loop
      vertex -1.67417 2 7.2952
      vertex -1.64207 0 7.43999
      vertex -1.67417 0 7.2952
    endloop
  endfacet
  facet normal -0.887012 0 -0.461745
    outer loop
      vertex 1.54072 0 7.71845
      vertex 1.47224 2 7.85
      vertex 1.54072 2 7.71845
    endloop
  endfacet
  facet normal -0.887012 -0 -0.461745
    outer loop
      vertex 1.47224 2 7.85
      vertex 1.54072 0 7.71845
      vertex 1.47224 0 7.85
    endloop
  endfacet
  facet normal -0.382714 0 0.923867
    outer loop
      vertex 0.581433 2 5.40252
      vertex 0.718451 0 5.45928
      vertex 0.718451 2 5.45928
    endloop
  endfacet
  facet normal -0.382714 0 0.923867
    outer loop
      vertex 0.718451 0 5.45928
      vertex 0.581433 2 5.40252
      vertex 0.581433 0 5.40252
    endloop
  endfacet
  facet normal -0.300668 0 0.953729
    outer loop
      vertex 0.439992 2 5.35793
      vertex 0.581433 0 5.40252
      vertex 0.581433 2 5.40252
    endloop
  endfacet
  facet normal -0.300668 0 0.953729
    outer loop
      vertex 0.581433 0 5.40252
      vertex 0.439992 2 5.35793
      vertex 0.439992 0 5.35793
    endloop
  endfacet
  facet normal 0.737283 -0 0.675584
    outer loop
      vertex -1.30227 0 5.90726
      vertex -1.20208 2 5.79792
      vertex -1.30227 2 5.90726
    endloop
  endfacet
  facet normal 0.737283 0 0.675584
    outer loop
      vertex -1.20208 2 5.79792
      vertex -1.30227 0 5.90726
      vertex -1.20208 0 5.79792
    endloop
  endfacet
  facet normal 0.130542 0 0.991443
    outer loop
      vertex -0.295201 2 5.32583
      vertex -0.148165 0 5.30647
      vertex -0.148165 2 5.30647
    endloop
  endfacet
  facet normal 0.130542 0 0.991443
    outer loop
      vertex -0.148165 0 5.30647
      vertex -0.295201 2 5.32583
      vertex -0.295201 0 5.32583
    endloop
  endfacet
  facet normal 0.608788 0 -0.793333
    outer loop
      vertex -1.09274 0 8.30227
      vertex -0.97508 2 8.39256
      vertex -0.97508 0 8.39256
    endloop
  endfacet
  facet normal 0.608788 0 -0.793333
    outer loop
      vertex -0.97508 2 8.39256
      vertex -1.09274 0 8.30227
      vertex -1.09274 2 8.30227
    endloop
  endfacet
  facet normal -0.843406 0 -0.537277
    outer loop
      vertex 1.47224 0 7.85
      vertex 1.39256 2 7.97508
      vertex 1.47224 2 7.85
    endloop
  endfacet
  facet normal -0.843406 -0 -0.537277
    outer loop
      vertex 1.39256 2 7.97508
      vertex 1.47224 0 7.85
      vertex 1.39256 0 7.97508
    endloop
  endfacet
  facet normal 0.300668 0 -0.953729
    outer loop
      vertex -0.581433 0 8.59748
      vertex -0.439992 2 8.64207
      vertex -0.439992 0 8.64207
    endloop
  endfacet
  facet normal 0.300668 0 -0.953729
    outer loop
      vertex -0.439992 2 8.64207
      vertex -0.581433 0 8.59748
      vertex -0.581433 2 8.59748
    endloop
  endfacet
  facet normal 0.991443 0 -0.130538
    outer loop
      vertex -1.67417 0 7.2952
      vertex -1.69353 2 7.14816
      vertex -1.67417 2 7.2952
    endloop
  endfacet
  facet normal 0.991443 0 -0.130538
    outer loop
      vertex -1.69353 2 7.14816
      vertex -1.67417 0 7.2952
      vertex -1.69353 0 7.14816
    endloop
  endfacet
  facet normal 0.843406 0 -0.537277
    outer loop
      vertex -1.39256 0 7.97508
      vertex -1.47224 2 7.85
      vertex -1.39256 2 7.97508
    endloop
  endfacet
  facet normal 0.843406 0 -0.537277
    outer loop
      vertex -1.47224 2 7.85
      vertex -1.39256 0 7.97508
      vertex -1.47224 0 7.85
    endloop
  endfacet
  facet normal 0.887012 -0 0.461745
    outer loop
      vertex -1.54072 0 6.28155
      vertex -1.47224 2 6.15
      vertex -1.54072 2 6.28155
    endloop
  endfacet
  facet normal 0.887012 0 0.461745
    outer loop
      vertex -1.47224 2 6.15
      vertex -1.54072 0 6.28155
      vertex -1.47224 0 6.15
    endloop
  endfacet
  facet normal -0.991443 0 -0.130538
    outer loop
      vertex 1.69353 0 7.14816
      vertex 1.67417 2 7.2952
      vertex 1.69353 2 7.14816
    endloop
  endfacet
  facet normal -0.991443 -0 -0.130538
    outer loop
      vertex 1.67417 2 7.2952
      vertex 1.69353 0 7.14816
      vertex 1.67417 0 7.2952
    endloop
  endfacet
  facet normal -0.737283 0 -0.675584
    outer loop
      vertex 1.30227 0 8.09274
      vertex 1.20208 2 8.20208
      vertex 1.30227 2 8.09274
    endloop
  endfacet
  facet normal -0.737283 -0 -0.675584
    outer loop
      vertex 1.20208 2 8.20208
      vertex 1.30227 0 8.09274
      vertex 1.20208 0 8.20208
    endloop
  endfacet
  facet normal 0.043626 0 -0.999048
    outer loop
      vertex -0.148165 0 8.69353
      vertex 0 2 8.7
      vertex 0 0 8.7
    endloop
  endfacet
  facet normal 0.043626 0 -0.999048
    outer loop
      vertex 0 2 8.7
      vertex -0.148165 0 8.69353
      vertex -0.148165 2 8.69353
    endloop
  endfacet
  facet normal 0.130542 0 -0.991443
    outer loop
      vertex -0.295201 0 8.67417
      vertex -0.148165 2 8.69353
      vertex -0.148165 0 8.69353
    endloop
  endfacet
  facet normal 0.130542 0 -0.991443
    outer loop
      vertex -0.148165 2 8.69353
      vertex -0.295201 0 8.67417
      vertex -0.295201 2 8.67417
    endloop
  endfacet
  facet normal 0.843406 -0 0.537277
    outer loop
      vertex -1.47224 0 6.15
      vertex -1.39256 2 6.02492
      vertex -1.47224 2 6.15
    endloop
  endfacet
  facet normal 0.843406 0 0.537277
    outer loop
      vertex -1.39256 2 6.02492
      vertex -1.47224 0 6.15
      vertex -1.39256 0 6.02492
    endloop
  endfacet
  facet normal -0.991445 0 0.130527
    outer loop
      vertex 2.95442 2 -7.52094
      vertex 2.98858 4 -7.26147
      vertex 2.95442 4 -7.52094
    endloop
  endfacet
  facet normal -0.991445 0 0.130527
    outer loop
      vertex 2.98858 4 -7.26147
      vertex 2.95442 2 -7.52094
      vertex 2.98858 2 -7.26147
    endloop
  endfacet
  facet normal -0.999048 0 0.0436345
    outer loop
      vertex 2.98858 2 -7.26147
      vertex 3 4 -7
      vertex 2.98858 4 -7.26147
    endloop
  endfacet
  facet normal -0.999048 0 0.0436345
    outer loop
      vertex 3 4 -7
      vertex 2.98858 2 -7.26147
      vertex 3 2 -7
    endloop
  endfacet
  facet normal -0.130523 0 0.991445
    outer loop
      vertex 0.261467 4 -9.98858
      vertex 0.520944 2 -9.95442
      vertex 0.520944 4 -9.95442
    endloop
  endfacet
  facet normal -0.130523 0 0.991445
    outer loop
      vertex 0.520944 2 -9.95442
      vertex 0.261467 4 -9.98858
      vertex 0.261467 2 -9.98858
    endloop
  endfacet
  facet normal 0.953715 -0 0.300711
    outer loop
      vertex -2.89778 2 -7.77646
      vertex -2.81908 4 -8.02606
      vertex -2.89778 4 -7.77646
    endloop
  endfacet
  facet normal 0.953715 0 0.300711
    outer loop
      vertex -2.81908 4 -8.02606
      vertex -2.89778 2 -7.77646
      vertex -2.81908 2 -8.02606
    endloop
  endfacet
  facet normal 0.537298 0 0.843392
    outer loop
      vertex -1.72073 4 -9.45746
      vertex -1.5 2 -9.59808
      vertex -1.5 4 -9.59808
    endloop
  endfacet
  facet normal 0.537298 0 0.843392
    outer loop
      vertex -1.5 2 -9.59808
      vertex -1.72073 4 -9.45746
      vertex -1.72073 2 -9.45746
    endloop
  endfacet
  facet normal 0.991445 -0 0.130527
    outer loop
      vertex -2.98858 2 -7.26147
      vertex -2.95442 4 -7.52094
      vertex -2.98858 4 -7.26147
    endloop
  endfacet
  facet normal 0.991445 0 0.130527
    outer loop
      vertex -2.95442 4 -7.52094
      vertex -2.98858 2 -7.26147
      vertex -2.95442 2 -7.52094
    endloop
  endfacet
  facet normal 0 1 0
    outer loop
      vertex 0 2 -5.3
      vertex 0 2 -4
      vertex 0.261467 2 -4.01142
    endloop
  endfacet
  facet normal 0 1 0
    outer loop
      vertex 0.148165 2 -5.30647
      vertex 0.261467 2 -4.01142
      vertex 0.520944 2 -4.04558
    endloop
  endfacet
  facet normal 0 1 0
    outer loop
      vertex 0 2 -4
      vertex 0 2 -5.3
      vertex -0.261467 2 -4.01142
    endloop
  endfacet
  facet normal 0 1 0
    outer loop
      vertex 0.295201 2 -5.32583
      vertex 0.520944 2 -4.04558
      vertex 0.776457 2 -4.10222
    endloop
  endfacet
  facet normal 0 1 -0
    outer loop
      vertex -0.148165 2 -5.30647
      vertex -0.261467 2 -4.01142
      vertex 0 2 -5.3
    endloop
  endfacet
  facet normal 0 1 0
    outer loop
      vertex 0.439992 2 -5.35793
      vertex 0.776457 2 -4.10222
      vertex 1.02606 2 -4.18092
    endloop
  endfacet
  facet normal 0 1 0
    outer loop
      vertex -0.261467 2 -4.01142
      vertex -0.148165 2 -5.30647
      vertex -0.520944 2 -4.04558
    endloop
  endfacet
  facet normal 0 1 0
    outer loop
      vertex 0.581433 2 -5.40252
      vertex 1.02606 2 -4.18092
      vertex 1.26785 2 -4.28108
    endloop
  endfacet
  facet normal 0 1 -0
    outer loop
      vertex -0.295201 2 -5.32583
      vertex -0.520944 2 -4.04558
      vertex -0.148165 2 -5.30647
    endloop
  endfacet
  facet normal 0 1 0
    outer loop
      vertex 0.718451 2 -5.45928
      vertex 1.26785 2 -4.28108
      vertex 1.5 2 -4.40192
    endloop
  endfacet
  facet normal 0 1 0
    outer loop
      vertex -0.520944 2 -4.04558
      vertex -0.295201 2 -5.32583
      vertex -0.776457 2 -4.10222
    endloop
  endfacet
  facet normal 0 1 0
    outer loop
      vertex 0.849999 2 -5.52776
      vertex 1.5 2 -4.40192
      vertex 1.72073 2 -4.54254
    endloop
  endfacet
  facet normal 0 1 -0
    outer loop
      vertex -0.439992 2 -5.35793
      vertex -0.776457 2 -4.10222
      vertex -0.295201 2 -5.32583
    endloop
  endfacet
  facet normal 0 1 0
    outer loop
      vertex 0.97508 2 -5.60744
      vertex 1.72073 2 -4.54254
      vertex 1.92836 2 -4.70187
    endloop
  endfacet
  facet normal 0 1 0
    outer loop
      vertex -0.776457 2 -4.10222
      vertex -0.439992 2 -5.35793
      vertex -1.02606 2 -4.18092
    endloop
  endfacet
  facet normal 0 1 0
    outer loop
      vertex 1.09274 2 -5.69772
      vertex 1.92836 2 -4.70187
      vertex 2.12132 2 -4.87868
    endloop
  endfacet
  facet normal 0 1 -0
    outer loop
      vertex -0.581433 2 -5.40252
      vertex -1.02606 2 -4.18092
      vertex -0.439992 2 -5.35793
    endloop
  endfacet
  facet normal 0 1 0
    outer loop
      vertex 1.20208 2 -5.79792
      vertex 2.12132 2 -4.87868
      vertex 2.29813 2 -5.07164
    endloop
  endfacet
  facet normal 0 1 0
    outer loop
      vertex -1.02606 2 -4.18092
      vertex -0.581433 2 -5.40252
      vertex -1.26785 2 -4.28108
    endloop
  endfacet
  facet normal 0 1 0
    outer loop
      vertex 1.30227 2 -5.90726
      vertex 2.29813 2 -5.07164
      vertex 2.45746 2 -5.27927
    endloop
  endfacet
  facet normal 0 1 -0
    outer loop
      vertex -0.718451 2 -5.45928
      vertex -1.26785 2 -4.28108
      vertex -0.581433 2 -5.40252
    endloop
  endfacet
  facet normal 0 1 0
    outer loop
      vertex -1.26785 2 -4.28108
      vertex -0.718451 2 -5.45928
      vertex -1.5 2 -4.40192
    endloop
  endfacet
  facet normal 0 1 0
    outer loop
      vertex 0.261467 2 -4.01142
      vertex 0.148165 2 -5.30647
      vertex 0 2 -5.3
    endloop
  endfacet
  facet normal 0 1 0
    outer loop
      vertex 0.520944 2 -4.04558
      vertex 0.295201 2 -5.32583
      vertex 0.148165 2 -5.30647
    endloop
  endfacet
  facet normal 0 1 0
    outer loop
      vertex 0.776457 2 -4.10222
      vertex 0.439992 2 -5.35793
      vertex 0.295201 2 -5.32583
    endloop
  endfacet
  facet normal 0 1 0
    outer loop
      vertex 1.02606 2 -4.18092
      vertex 0.581433 2 -5.40252
      vertex 0.439992 2 -5.35793
    endloop
  endfacet
  facet normal 0 1 0
    outer loop
      vertex 1.26785 2 -4.28108
      vertex 0.718451 2 -5.45928
      vertex 0.581433 2 -5.40252
    endloop
  endfacet
  facet normal 0 1 0
    outer loop
      vertex 1.39256 2 -6.02492
      vertex 2.45746 2 -5.27927
      vertex 2.59808 2 -5.5
    endloop
  endfacet
  facet normal 0 1 0
    outer loop
      vertex 1.5 2 -4.40192
      vertex 0.849999 2 -5.52776
      vertex 0.718451 2 -5.45928
    endloop
  endfacet
  facet normal 0 1 0
    outer loop
      vertex 1.72073 2 -4.54254
      vertex 0.97508 2 -5.60744
      vertex 0.849999 2 -5.52776
    endloop
  endfacet
  facet normal 0 1 0
    outer loop
      vertex 1.92836 2 -4.70187
      vertex 1.09274 2 -5.69772
      vertex 0.97508 2 -5.60744
    endloop
  endfacet
  facet normal 0 1 0
    outer loop
      vertex 1.47224 2 -6.15
      vertex 2.59808 2 -5.5
      vertex 2.71892 2 -5.73214
    endloop
  endfacet
  facet normal 0 1 0
    outer loop
      vertex 2.12132 2 -4.87868
      vertex 1.20208 2 -5.79792
      vertex 1.09274 2 -5.69772
    endloop
  endfacet
  facet normal 0 1 0
    outer loop
      vertex 2.29813 2 -5.07164
      vertex 1.30227 2 -5.90726
      vertex 1.20208 2 -5.79792
    endloop
  endfacet
  facet normal 0 1 0
    outer loop
      vertex 1.54072 2 -6.28155
      vertex 2.71892 2 -5.73214
      vertex 2.81908 2 -5.97394
    endloop
  endfacet
  facet normal 0 1 0
    outer loop
      vertex 2.45746 2 -5.27927
      vertex 1.39256 2 -6.02492
      vertex 1.30227 2 -5.90726
    endloop
  endfacet
  facet normal 0 1 0
    outer loop
      vertex 2.59808 2 -5.5
      vertex 1.47224 2 -6.15
      vertex 1.39256 2 -6.02492
    endloop
  endfacet
  facet normal 0 1 0
    outer loop
      vertex 1.59748 2 -6.41857
      vertex 2.81908 2 -5.97394
      vertex 2.89778 2 -6.22354
    endloop
  endfacet
  facet normal 0 1 0
    outer loop
      vertex 2.71892 2 -5.73214
      vertex 1.54072 2 -6.28155
      vertex 1.47224 2 -6.15
    endloop
  endfacet
  facet normal 0 1 0
    outer loop
      vertex 2.81908 2 -5.97394
      vertex 1.59748 2 -6.41857
      vertex 1.54072 2 -6.28155
    endloop
  endfacet
  facet normal 0 1 0
    outer loop
      vertex 1.64207 2 -6.56001
      vertex 2.89778 2 -6.22354
      vertex 2.95442 2 -6.47906
    endloop
  endfacet
  facet normal 0 1 0
    outer loop
      vertex 2.89778 2 -6.22354
      vertex 1.64207 2 -6.56001
      vertex 1.59748 2 -6.41857
    endloop
  endfacet
  facet normal 0 1 0
    outer loop
      vertex 2.95442 2 -6.47906
      vertex 1.67417 2 -6.7048
      vertex 1.64207 2 -6.56001
    endloop
  endfacet
  facet normal 0 1 0
    outer loop
      vertex 2.98858 2 -6.73853
      vertex 1.67417 2 -6.7048
      vertex 2.95442 2 -6.47906
    endloop
  endfacet
  facet normal 0 1 0
    outer loop
      vertex 2.98858 2 -6.73853
      vertex 1.69353 2 -6.85183
      vertex 1.67417 2 -6.7048
    endloop
  endfacet
  facet normal 0 1 0
    outer loop
      vertex 3 2 -7
      vertex 1.69353 2 -6.85183
      vertex 2.98858 2 -6.73853
    endloop
  endfacet
  facet normal 0 1 0
    outer loop
      vertex 3 2 -7
      vertex 1.7 2 -7
      vertex 1.69353 2 -6.85183
    endloop
  endfacet
  facet normal 0 1 0
    outer loop
      vertex 3 2 -7
      vertex 1.69353 2 -7.14816
      vertex 1.7 2 -7
    endloop
  endfacet
  facet normal 0 1 -0
    outer loop
      vertex 2.98858 2 -7.26147
      vertex 1.69353 2 -7.14816
      vertex 3 2 -7
    endloop
  endfacet
  facet normal 0 1 0
    outer loop
      vertex 2.98858 2 -7.26147
      vertex 1.67417 2 -7.2952
      vertex 1.69353 2 -7.14816
    endloop
  endfacet
  facet normal 0 1 -0
    outer loop
      vertex 2.95442 2 -7.52094
      vertex 1.67417 2 -7.2952
      vertex 2.98858 2 -7.26147
    endloop
  endfacet
  facet normal 0 1 0
    outer loop
      vertex 1.67417 2 -7.2952
      vertex 2.95442 2 -7.52094
      vertex 1.64207 2 -7.43999
    endloop
  endfacet
  facet normal 0 1 -0
    outer loop
      vertex 2.89778 2 -7.77646
      vertex 1.64207 2 -7.43999
      vertex 2.95442 2 -7.52094
    endloop
  endfacet
  facet normal 0 1 0
    outer loop
      vertex 1.64207 2 -7.43999
      vertex 2.89778 2 -7.77646
      vertex 1.59748 2 -7.58143
    endloop
  endfacet
  facet normal 0 1 -0
    outer loop
      vertex 2.81908 2 -8.02606
      vertex 1.59748 2 -7.58143
      vertex 2.89778 2 -7.77646
    endloop
  endfacet
  facet normal 0 1 0
    outer loop
      vertex 1.59748 2 -7.58143
      vertex 2.81908 2 -8.02606
      vertex 1.54072 2 -7.71845
    endloop
  endfacet
  facet normal 0 1 -0
    outer loop
      vertex 2.71892 2 -8.26785
      vertex 1.54072 2 -7.71845
      vertex 2.81908 2 -8.02606
    endloop
  endfacet
  facet normal 0 1 0
    outer loop
      vertex 1.54072 2 -7.71845
      vertex 2.71892 2 -8.26785
      vertex 1.47224 2 -7.85
    endloop
  endfacet
  facet normal 0 1 -0
    outer loop
      vertex 2.59808 2 -8.5
      vertex 1.47224 2 -7.85
      vertex 2.71892 2 -8.26785
    endloop
  endfacet
  facet normal 0 1 0
    outer loop
      vertex 1.47224 2 -7.85
      vertex 2.59808 2 -8.5
      vertex 1.39256 2 -7.97508
    endloop
  endfacet
  facet normal 0 1 -0
    outer loop
      vertex 2.45746 2 -8.72073
      vertex 1.39256 2 -7.97508
      vertex 2.59808 2 -8.5
    endloop
  endfacet
  facet normal 0 1 0
    outer loop
      vertex 1.39256 2 -7.97508
      vertex 2.45746 2 -8.72073
      vertex 1.30227 2 -8.09274
    endloop
  endfacet
  facet normal 0 1 -0
    outer loop
      vertex 2.29813 2 -8.92836
      vertex 1.30227 2 -8.09274
      vertex 2.45746 2 -8.72073
    endloop
  endfacet
  facet normal 0 1 0
    outer loop
      vertex 1.30227 2 -8.09274
      vertex 2.29813 2 -8.92836
      vertex 1.20208 2 -8.20208
    endloop
  endfacet
  facet normal 0 1 -0
    outer loop
      vertex 2.12132 2 -9.12132
      vertex 1.20208 2 -8.20208
      vertex 2.29813 2 -8.92836
    endloop
  endfacet
  facet normal 0 1 0
    outer loop
      vertex 1.20208 2 -8.20208
      vertex 2.12132 2 -9.12132
      vertex 1.09274 2 -8.30227
    endloop
  endfacet
  facet normal 0 1 -0
    outer loop
      vertex 1.92836 2 -9.29813
      vertex 1.09274 2 -8.30227
      vertex 2.12132 2 -9.12132
    endloop
  endfacet
  facet normal 0 1 0
    outer loop
      vertex 1.09274 2 -8.30227
      vertex 1.92836 2 -9.29813
      vertex 0.97508 2 -8.39256
    endloop
  endfacet
  facet normal 0 1 -0
    outer loop
      vertex 1.72073 2 -9.45746
      vertex 0.97508 2 -8.39256
      vertex 1.92836 2 -9.29813
    endloop
  endfacet
  facet normal 0 1 0
    outer loop
      vertex 0.97508 2 -8.39256
      vertex 1.72073 2 -9.45746
      vertex 0.849999 2 -8.47224
    endloop
  endfacet
  facet normal 0 1 0
    outer loop
      vertex 0.849999 2 -8.47224
      vertex 1.5 2 -9.59808
      vertex 0.718451 2 -8.54072
    endloop
  endfacet
  facet normal 0 1 -0
    outer loop
      vertex 1.5 2 -9.59808
      vertex 0.849999 2 -8.47224
      vertex 1.72073 2 -9.45746
    endloop
  endfacet
  facet normal 0 1 -0
    outer loop
      vertex -0.849999 2 -5.52776
      vertex -1.5 2 -4.40192
      vertex -0.718451 2 -5.45928
    endloop
  endfacet
  facet normal 0 1 0
    outer loop
      vertex -1.5 2 -4.40192
      vertex -0.849999 2 -5.52776
      vertex -1.72073 2 -4.54254
    endloop
  endfacet
  facet normal 0 1 -0
    outer loop
      vertex -0.97508 2 -5.60744
      vertex -1.72073 2 -4.54254
      vertex -0.849999 2 -5.52776
    endloop
  endfacet
  facet normal 0 1 0
    outer loop
      vertex -1.72073 2 -4.54254
      vertex -0.97508 2 -5.60744
      vertex -1.92836 2 -4.70187
    endloop
  endfacet
  facet normal 0 1 -0
    outer loop
      vertex -1.09274 2 -5.69772
      vertex -1.92836 2 -4.70187
      vertex -0.97508 2 -5.60744
    endloop
  endfacet
  facet normal 0 1 0
    outer loop
      vertex -1.92836 2 -4.70187
      vertex -1.09274 2 -5.69772
      vertex -2.12132 2 -4.87868
    endloop
  endfacet
  facet normal 0 1 -0
    outer loop
      vertex -1.20208 2 -5.79792
      vertex -2.12132 2 -4.87868
      vertex -1.09274 2 -5.69772
    endloop
  endfacet
  facet normal 0 1 0
    outer loop
      vertex -2.12132 2 -4.87868
      vertex -1.20208 2 -5.79792
      vertex -2.29813 2 -5.07164
    endloop
  endfacet
  facet normal 0 1 -0
    outer loop
      vertex -1.30227 2 -5.90726
      vertex -2.29813 2 -5.07164
      vertex -1.20208 2 -5.79792
    endloop
  endfacet
  facet normal 0 1 0
    outer loop
      vertex -2.29813 2 -5.07164
      vertex -1.30227 2 -5.90726
      vertex -2.45746 2 -5.27927
    endloop
  endfacet
  facet normal 0 1 -0
    outer loop
      vertex -1.39256 2 -6.02492
      vertex -2.45746 2 -5.27927
      vertex -1.30227 2 -5.90726
    endloop
  endfacet
  facet normal 0 1 0
    outer loop
      vertex -2.45746 2 -5.27927
      vertex -1.39256 2 -6.02492
      vertex -2.59808 2 -5.5
    endloop
  endfacet
  facet normal 0 1 -0
    outer loop
      vertex -1.47224 2 -6.15
      vertex -2.59808 2 -5.5
      vertex -1.39256 2 -6.02492
    endloop
  endfacet
  facet normal 0 1 0
    outer loop
      vertex -2.59808 2 -5.5
      vertex -1.47224 2 -6.15
      vertex -2.71892 2 -5.73214
    endloop
  endfacet
  facet normal 0 1 -0
    outer loop
      vertex -1.54072 2 -6.28155
      vertex -2.71892 2 -5.73214
      vertex -1.47224 2 -6.15
    endloop
  endfacet
  facet normal 0 1 0
    outer loop
      vertex -2.71892 2 -5.73214
      vertex -1.54072 2 -6.28155
      vertex -2.81908 2 -5.97394
    endloop
  endfacet
  facet normal 0 1 -0
    outer loop
      vertex -1.59748 2 -6.41857
      vertex -2.81908 2 -5.97394
      vertex -1.54072 2 -6.28155
    endloop
  endfacet
  facet normal 0 1 0
    outer loop
      vertex -2.81908 2 -5.97394
      vertex -1.59748 2 -6.41857
      vertex -2.89778 2 -6.22354
    endloop
  endfacet
  facet normal 0 1 -0
    outer loop
      vertex -1.64207 2 -6.56001
      vertex -2.89778 2 -6.22354
      vertex -1.59748 2 -6.41857
    endloop
  endfacet
  facet normal 0 1 0
    outer loop
      vertex -2.89778 2 -6.22354
      vertex -1.64207 2 -6.56001
      vertex -2.95442 2 -6.47906
    endloop
  endfacet
  facet normal 0 1 -0
    outer loop
      vertex -1.67417 2 -6.7048
      vertex -2.95442 2 -6.47906
      vertex -1.64207 2 -6.56001
    endloop
  endfacet
  facet normal 0 1 0
    outer loop
      vertex -1.67417 2 -6.7048
      vertex -2.98858 2 -6.73853
      vertex -2.95442 2 -6.47906
    endloop
  endfacet
  facet normal 0 1 -0
    outer loop
      vertex -1.69353 2 -6.85183
      vertex -2.98858 2 -6.73853
      vertex -1.67417 2 -6.7048
    endloop
  endfacet
  facet normal 0 1 -0
    outer loop
      vertex -1.7 2 -7
      vertex -2.98858 2 -6.73853
      vertex -1.69353 2 -6.85183
    endloop
  endfacet
  facet normal 0 1 0
    outer loop
      vertex -1.7 2 -7
      vertex -3 2 -7
      vertex -2.98858 2 -6.73853
    endloop
  endfacet
  facet normal 0 1 0
    outer loop
      vertex -1.69353 2 -7.14816
      vertex -3 2 -7
      vertex -1.7 2 -7
    endloop
  endfacet
  facet normal 0 1 0
    outer loop
      vertex -1.69353 2 -7.14816
      vertex -2.98858 2 -7.26147
      vertex -3 2 -7
    endloop
  endfacet
  facet normal 0 1 0
    outer loop
      vertex -1.67417 2 -7.2952
      vertex -2.98858 2 -7.26147
      vertex -1.69353 2 -7.14816
    endloop
  endfacet
  facet normal 0 1 0
    outer loop
      vertex -2.95442 2 -7.52094
      vertex -1.67417 2 -7.2952
      vertex -1.64207 2 -7.43999
    endloop
  endfacet
  facet normal 0 1 0
    outer loop
      vertex -1.67417 2 -7.2952
      vertex -2.95442 2 -7.52094
      vertex -2.98858 2 -7.26147
    endloop
  endfacet
  facet normal 0 1 0
    outer loop
      vertex -2.89778 2 -7.77646
      vertex -1.64207 2 -7.43999
      vertex -1.59748 2 -7.58143
    endloop
  endfacet
  facet normal 0 1 0
    outer loop
      vertex -2.81908 2 -8.02606
      vertex -1.59748 2 -7.58143
      vertex -1.54072 2 -7.71845
    endloop
  endfacet
  facet normal 0 1 0
    outer loop
      vertex -1.64207 2 -7.43999
      vertex -2.89778 2 -7.77646
      vertex -2.95442 2 -7.52094
    endloop
  endfacet
  facet normal 0 1 0
    outer loop
      vertex -2.71892 2 -8.26785
      vertex -1.54072 2 -7.71845
      vertex -1.47224 2 -7.85
    endloop
  endfacet
  facet normal 0 1 0
    outer loop
      vertex -2.59808 2 -8.5
      vertex -1.47224 2 -7.85
      vertex -1.39256 2 -7.97508
    endloop
  endfacet
  facet normal 0 1 0
    outer loop
      vertex -1.59748 2 -7.58143
      vertex -2.81908 2 -8.02606
      vertex -2.89778 2 -7.77646
    endloop
  endfacet
  facet normal 0 1 0
    outer loop
      vertex -2.45746 2 -8.72073
      vertex -1.39256 2 -7.97508
      vertex -1.30227 2 -8.09274
    endloop
  endfacet
  facet normal 0 1 0
    outer loop
      vertex -2.29813 2 -8.92836
      vertex -1.30227 2 -8.09274
      vertex -1.20208 2 -8.20208
    endloop
  endfacet
  facet normal 0 1 0
    outer loop
      vertex -1.54072 2 -7.71845
      vertex -2.71892 2 -8.26785
      vertex -2.81908 2 -8.02606
    endloop
  endfacet
  facet normal 0 1 0
    outer loop
      vertex -2.12132 2 -9.12132
      vertex -1.20208 2 -8.20208
      vertex -1.09274 2 -8.30227
    endloop
  endfacet
  facet normal 0 1 0
    outer loop
      vertex -1.92836 2 -9.29813
      vertex -1.09274 2 -8.30227
      vertex -0.97508 2 -8.39256
    endloop
  endfacet
  facet normal 0 1 0
    outer loop
      vertex -1.72073 2 -9.45746
      vertex -0.97508 2 -8.39256
      vertex -0.849999 2 -8.47224
    endloop
  endfacet
  facet normal 0 1 0
    outer loop
      vertex -1.47224 2 -7.85
      vertex -2.59808 2 -8.5
      vertex -2.71892 2 -8.26785
    endloop
  endfacet
  facet normal 0 1 0
    outer loop
      vertex -1.5 2 -9.59808
      vertex -0.849999 2 -8.47224
      vertex -0.718451 2 -8.54072
    endloop
  endfacet
  facet normal 0 1 0
    outer loop
      vertex -1.26785 2 -9.71892
      vertex -0.718451 2 -8.54072
      vertex -0.581433 2 -8.59748
    endloop
  endfacet
  facet normal 0 1 0
    outer loop
      vertex -1.02606 2 -9.81908
      vertex -0.581433 2 -8.59748
      vertex -0.439992 2 -8.64207
    endloop
  endfacet
  facet normal 0 1 0
    outer loop
      vertex -0.776457 2 -9.89778
      vertex -0.439992 2 -8.64207
      vertex -0.295201 2 -8.67417
    endloop
  endfacet
  facet normal 0 1 0
    outer loop
      vertex -0.520944 2 -9.95442
      vertex -0.295201 2 -8.67417
      vertex -0.148165 2 -8.69353
    endloop
  endfacet
  facet normal 0 1 0
    outer loop
      vertex -1.39256 2 -7.97508
      vertex -2.45746 2 -8.72073
      vertex -2.59808 2 -8.5
    endloop
  endfacet
  facet normal 0 1 0
    outer loop
      vertex -0.261467 2 -9.98858
      vertex -0.148165 2 -8.69353
      vertex 0 2 -8.7
    endloop
  endfacet
  facet normal 0 1 -0
    outer loop
      vertex 1.26785 2 -9.71892
      vertex 0.718451 2 -8.54072
      vertex 1.5 2 -9.59808
    endloop
  endfacet
  facet normal 0 1 0
    outer loop
      vertex 0.718451 2 -8.54072
      vertex 1.26785 2 -9.71892
      vertex 0.581433 2 -8.59748
    endloop
  endfacet
  facet normal 0 1 0
    outer loop
      vertex -1.30227 2 -8.09274
      vertex -2.29813 2 -8.92836
      vertex -2.45746 2 -8.72073
    endloop
  endfacet
  facet normal 0 1 -0
    outer loop
      vertex 1.02606 2 -9.81908
      vertex 0.581433 2 -8.59748
      vertex 1.26785 2 -9.71892
    endloop
  endfacet
  facet normal 0 1 0
    outer loop
      vertex -1.20208 2 -8.20208
      vertex -2.12132 2 -9.12132
      vertex -2.29813 2 -8.92836
    endloop
  endfacet
  facet normal 0 1 0
    outer loop
      vertex 0.581433 2 -8.59748
      vertex 1.02606 2 -9.81908
      vertex 0.439992 2 -8.64207
    endloop
  endfacet
  facet normal 0 1 0
    outer loop
      vertex -1.09274 2 -8.30227
      vertex -1.92836 2 -9.29813
      vertex -2.12132 2 -9.12132
    endloop
  endfacet
  facet normal 0 1 -0
    outer loop
      vertex 0.776457 2 -9.89778
      vertex 0.439992 2 -8.64207
      vertex 1.02606 2 -9.81908
    endloop
  endfacet
  facet normal 0 1 0
    outer loop
      vertex -0.97508 2 -8.39256
      vertex -1.72073 2 -9.45746
      vertex -1.92836 2 -9.29813
    endloop
  endfacet
  facet normal 0 1 0
    outer loop
      vertex 0.439992 2 -8.64207
      vertex 0.776457 2 -9.89778
      vertex 0.295201 2 -8.67417
    endloop
  endfacet
  facet normal 0 1 0
    outer loop
      vertex -0.849999 2 -8.47224
      vertex -1.5 2 -9.59808
      vertex -1.72073 2 -9.45746
    endloop
  endfacet
  facet normal 0 1 -0
    outer loop
      vertex 0.520944 2 -9.95442
      vertex 0.295201 2 -8.67417
      vertex 0.776457 2 -9.89778
    endloop
  endfacet
  facet normal 0 1 0
    outer loop
      vertex -0.718451 2 -8.54072
      vertex -1.26785 2 -9.71892
      vertex -1.5 2 -9.59808
    endloop
  endfacet
  facet normal 0 1 0
    outer loop
      vertex 0.295201 2 -8.67417
      vertex 0.520944 2 -9.95442
      vertex 0.148165 2 -8.69353
    endloop
  endfacet
  facet normal 0 1 0
    outer loop
      vertex -0.581433 2 -8.59748
      vertex -1.02606 2 -9.81908
      vertex -1.26785 2 -9.71892
    endloop
  endfacet
  facet normal 0 1 -0
    outer loop
      vertex 0.261467 2 -9.98858
      vertex 0.148165 2 -8.69353
      vertex 0.520944 2 -9.95442
    endloop
  endfacet
  facet normal 0 1 0
    outer loop
      vertex -0.439992 2 -8.64207
      vertex -0.776457 2 -9.89778
      vertex -1.02606 2 -9.81908
    endloop
  endfacet
  facet normal 0 1 0
    outer loop
      vertex 0.148165 2 -8.69353
      vertex 0.261467 2 -9.98858
      vertex 0 2 -8.7
    endloop
  endfacet
  facet normal 0 1 0
    outer loop
      vertex -0.295201 2 -8.67417
      vertex -0.520944 2 -9.95442
      vertex -0.776457 2 -9.89778
    endloop
  endfacet
  facet normal 0 1 0
    outer loop
      vertex 0 2 -10
      vertex 0 2 -8.7
      vertex 0.261467 2 -9.98858
    endloop
  endfacet
  facet normal 0 1 0
    outer loop
      vertex -0.148165 2 -8.69353
      vertex -0.261467 2 -9.98858
      vertex -0.520944 2 -9.95442
    endloop
  endfacet
  facet normal 0 1 0
    outer loop
      vertex 0 2 -8.7
      vertex 0 2 -10
      vertex -0.261467 2 -9.98858
    endloop
  endfacet
  facet normal 0.608785 0 0.793335
    outer loop
      vertex -1.92836 4 -9.29813
      vertex -1.72073 2 -9.45746
      vertex -1.72073 4 -9.45746
    endloop
  endfacet
  facet normal 0.608785 0 0.793335
    outer loop
      vertex -1.72073 2 -9.45746
      vertex -1.92836 4 -9.29813
      vertex -1.92836 2 -9.29813
    endloop
  endfacet
  facet normal 0.382707 0 0.92387
    outer loop
      vertex -1.26785 4 -9.71892
      vertex -1.02606 2 -9.81908
      vertex -1.02606 4 -9.81908
    endloop
  endfacet
  facet normal 0.382707 0 0.92387
    outer loop
      vertex -1.02606 2 -9.81908
      vertex -1.26785 4 -9.71892
      vertex -1.26785 2 -9.71892
    endloop
  endfacet
  facet normal -0.991445 0 -0.130527
    outer loop
      vertex 2.98858 2 -6.73853
      vertex 2.95442 4 -6.47906
      vertex 2.98858 4 -6.73853
    endloop
  endfacet
  facet normal -0.991445 -0 -0.130527
    outer loop
      vertex 2.95442 4 -6.47906
      vertex 2.98858 2 -6.73853
      vertex 2.95442 2 -6.47906
    endloop
  endfacet
  facet normal 0.216418 0 0.976301
    outer loop
      vertex -0.776457 4 -9.89778
      vertex -0.520944 2 -9.95442
      vertex -0.520944 4 -9.95442
    endloop
  endfacet
  facet normal 0.216418 0 0.976301
    outer loop
      vertex -0.520944 2 -9.95442
      vertex -0.776457 4 -9.89778
      vertex -0.776457 2 -9.89778
    endloop
  endfacet
  facet normal -0.953715 0 0.300711
    outer loop
      vertex 2.81908 2 -8.02606
      vertex 2.89778 4 -7.77646
      vertex 2.81908 4 -8.02606
    endloop
  endfacet
  facet normal -0.953715 0 0.300711
    outer loop
      vertex 2.89778 4 -7.77646
      vertex 2.81908 2 -8.02606
      vertex 2.89778 2 -7.77646
    endloop
  endfacet
  facet normal -0.608785 0 0.793335
    outer loop
      vertex 1.72073 4 -9.45746
      vertex 1.92836 2 -9.29813
      vertex 1.92836 4 -9.29813
    endloop
  endfacet
  facet normal -0.608785 0 0.793335
    outer loop
      vertex 1.92836 2 -9.29813
      vertex 1.72073 4 -9.45746
      vertex 1.72073 2 -9.45746
    endloop
  endfacet
  facet normal 0.887018 0 -0.461735
    outer loop
      vertex -2.59808 2 -5.5
      vertex -2.71892 4 -5.73214
      vertex -2.59808 4 -5.5
    endloop
  endfacet
  facet normal 0.887018 0 -0.461735
    outer loop
      vertex -2.71892 4 -5.73214
      vertex -2.59808 2 -5.5
      vertex -2.71892 2 -5.73214
    endloop
  endfacet
  facet normal -0.793335 0 -0.608785
    outer loop
      vertex 2.45746 2 -5.27927
      vertex 2.29813 4 -5.07164
      vertex 2.45746 4 -5.27927
    endloop
  endfacet
  facet normal -0.793335 -0 -0.608785
    outer loop
      vertex 2.29813 4 -5.07164
      vertex 2.45746 2 -5.27927
      vertex 2.29813 2 -5.07164
    endloop
  endfacet
  facet normal -0.793335 0 0.608785
    outer loop
      vertex 2.29813 2 -8.92836
      vertex 2.45746 4 -8.72073
      vertex 2.29813 4 -8.92836
    endloop
  endfacet
  facet normal -0.793335 0 0.608785
    outer loop
      vertex 2.45746 4 -8.72073
      vertex 2.29813 2 -8.92836
      vertex 2.45746 2 -8.72073
    endloop
  endfacet
  facet normal -0.976302 0 -0.216413
    outer loop
      vertex 2.95442 2 -6.47906
      vertex 2.89778 4 -6.22354
      vertex 2.95442 4 -6.47906
    endloop
  endfacet
  facet normal -0.976302 -0 -0.216413
    outer loop
      vertex 2.89778 4 -6.22354
      vertex 2.95442 2 -6.47906
      vertex 2.89778 2 -6.22354
    endloop
  endfacet
  facet normal 0.976302 0 -0.216413
    outer loop
      vertex -2.89778 2 -6.22354
      vertex -2.95442 4 -6.47906
      vertex -2.89778 4 -6.22354
    endloop
  endfacet
  facet normal 0.976302 0 -0.216413
    outer loop
      vertex -2.95442 4 -6.47906
      vertex -2.89778 2 -6.22354
      vertex -2.95442 2 -6.47906
    endloop
  endfacet
  facet normal 0.737287 0 -0.675579
    outer loop
      vertex -2.12132 2 -4.87868
      vertex -2.29813 4 -5.07164
      vertex -2.12132 4 -4.87868
    endloop
  endfacet
  facet normal 0.737287 0 -0.675579
    outer loop
      vertex -2.29813 4 -5.07164
      vertex -2.12132 2 -4.87868
      vertex -2.29813 2 -5.07164
    endloop
  endfacet
  facet normal -0.46172 0 0.887026
    outer loop
      vertex 1.26785 4 -9.71892
      vertex 1.5 2 -9.59808
      vertex 1.5 4 -9.59808
    endloop
  endfacet
  facet normal -0.46172 0 0.887026
    outer loop
      vertex 1.5 2 -9.59808
      vertex 1.26785 4 -9.71892
      vertex 1.26785 2 -9.71892
    endloop
  endfacet
  facet normal -0.537298 0 0.843392
    outer loop
      vertex 1.5 4 -9.59808
      vertex 1.72073 2 -9.45746
      vertex 1.72073 4 -9.45746
    endloop
  endfacet
  facet normal -0.537298 0 0.843392
    outer loop
      vertex 1.72073 2 -9.45746
      vertex 1.5 4 -9.59808
      vertex 1.5 2 -9.59808
    endloop
  endfacet
  facet normal 0.675557 0 0.737308
    outer loop
      vertex -2 4 -9.23249
      vertex -1.92836 2 -9.29813
      vertex -1.92836 4 -9.29813
    endloop
  endfacet
  facet normal 0.675593 -0 0.737275
    outer loop
      vertex -2.12132 2 -9.12132
      vertex -2 4 -9.23249
      vertex -2.12132 4 -9.12132
    endloop
  endfacet
  facet normal 0.675579 1.4787e-06 0.737287
    outer loop
      vertex -2 4 -9.23249
      vertex -2.12132 2 -9.12132
      vertex -1.92836 2 -9.29813
    endloop
  endfacet
  facet normal -0.92387 0 0.382707
    outer loop
      vertex 2.71892 2 -8.26785
      vertex 2.81908 4 -8.02606
      vertex 2.71892 4 -8.26785
    endloop
  endfacet
  facet normal -0.92387 0 0.382707
    outer loop
      vertex 2.81908 4 -8.02606
      vertex 2.71892 2 -8.26785
      vertex 2.81908 2 -8.02606
    endloop
  endfacet
  facet normal -0.923875 0 -0.382694
    outer loop
      vertex 2.81908 2 -5.97394
      vertex 2.71892 4 -5.73214
      vertex 2.81908 4 -5.97394
    endloop
  endfacet
  facet normal -0.923875 -0 -0.382694
    outer loop
      vertex 2.71892 4 -5.73214
      vertex 2.81908 2 -5.97394
      vertex 2.71892 2 -5.73214
    endloop
  endfacet
  facet normal -0.382707 0 0.92387
    outer loop
      vertex 1.02606 4 -9.81908
      vertex 1.26785 2 -9.71892
      vertex 1.26785 4 -9.71892
    endloop
  endfacet
  facet normal -0.382707 0 0.92387
    outer loop
      vertex 1.26785 2 -9.71892
      vertex 1.02606 4 -9.81908
      vertex 1.02606 2 -9.81908
    endloop
  endfacet
  facet normal 0.887026 -0 0.46172
    outer loop
      vertex -2.71892 2 -8.26785
      vertex -2.59808 4 -8.5
      vertex -2.71892 4 -8.26785
    endloop
  endfacet
  facet normal 0.887026 0 0.46172
    outer loop
      vertex -2.59808 4 -8.5
      vertex -2.71892 2 -8.26785
      vertex -2.59808 2 -8.5
    endloop
  endfacet
  facet normal -0.999048 0 -0.0436345
    outer loop
      vertex 3 2 -7
      vertex 2.98858 4 -6.73853
      vertex 3 4 -7
    endloop
  endfacet
  facet normal -0.999048 -0 -0.0436345
    outer loop
      vertex 2.98858 4 -6.73853
      vertex 3 2 -7
      vertex 2.98858 2 -6.73853
    endloop
  endfacet
  facet normal -0.608785 0 -0.793335
    outer loop
      vertex 1.72073 2 -4.54254
      vertex 1.92836 3.79486 -4.70187
      vertex 1.92836 2 -4.70187
    endloop
  endfacet
  facet normal -0.608785 0 -0.793335
    outer loop
      vertex 1.92836 3.79486 -4.70187
      vertex 1.72073 2 -4.54254
      vertex 1.72073 3.89241 -4.54254
    endloop
  endfacet
  facet normal 0.043635 0 0.999048
    outer loop
      vertex -0.261467 4 -9.98858
      vertex 0 2 -10
      vertex 0 4 -10
    endloop
  endfacet
  facet normal 0.043635 0 0.999048
    outer loop
      vertex 0 2 -10
      vertex -0.261467 4 -9.98858
      vertex -0.261467 2 -9.98858
    endloop
  endfacet
  facet normal -0.537298 0 -0.843392
    outer loop
      vertex 1.5 2 -4.40192
      vertex 1.72073 3.89241 -4.54254
      vertex 1.72073 2 -4.54254
    endloop
  endfacet
  facet normal -0.537298 0 -0.843392
    outer loop
      vertex 1.72073 3.89241 -4.54254
      vertex 1.5 2 -4.40192
      vertex 1.5 3.97851 -4.40192
    endloop
  endfacet
  facet normal -0.130523 0 -0.991445
    outer loop
      vertex 0.261467 2 -4.01142
      vertex 0.520944 4 -4.04558
      vertex 0.520944 2 -4.04558
    endloop
  endfacet
  facet normal -0.130523 0 -0.991445
    outer loop
      vertex 0.520944 4 -4.04558
      vertex 0.261467 2 -4.01142
      vertex 0.261467 4 -4.01142
    endloop
  endfacet
  facet normal 0.608785 0 -0.793335
    outer loop
      vertex -1.92836 3.79486 -4.70187
      vertex -1.72073 2 -4.54254
      vertex -1.92836 2 -4.70187
    endloop
  endfacet
  facet normal 0.608785 0 -0.793335
    outer loop
      vertex -1.72073 2 -4.54254
      vertex -1.92836 3.79486 -4.70187
      vertex -1.72073 3.89241 -4.54254
    endloop
  endfacet
  facet normal -0.953715 0 -0.300711
    outer loop
      vertex 2.89778 2 -6.22354
      vertex 2.81908 4 -5.97394
      vertex 2.89778 4 -6.22354
    endloop
  endfacet
  facet normal -0.953715 -0 -0.300711
    outer loop
      vertex 2.81908 4 -5.97394
      vertex 2.89778 2 -6.22354
      vertex 2.81908 2 -5.97394
    endloop
  endfacet
  facet normal -0.843392 0 -0.537298
    outer loop
      vertex 2.59808 2 -5.5
      vertex 2.45746 4 -5.27927
      vertex 2.59808 4 -5.5
    endloop
  endfacet
  facet normal -0.843392 -0 -0.537298
    outer loop
      vertex 2.45746 4 -5.27927
      vertex 2.59808 2 -5.5
      vertex 2.45746 2 -5.27927
    endloop
  endfacet
  facet normal 0.300707 0 0.953716
    outer loop
      vertex -1.02606 4 -9.81908
      vertex -0.776457 2 -9.89778
      vertex -0.776457 4 -9.89778
    endloop
  endfacet
  facet normal 0.300707 0 0.953716
    outer loop
      vertex -0.776457 2 -9.89778
      vertex -1.02606 4 -9.81908
      vertex -1.02606 2 -9.81908
    endloop
  endfacet
  facet normal 0.793335 -0 0.608785
    outer loop
      vertex -2.45746 2 -8.72073
      vertex -2.29813 4 -8.92836
      vertex -2.45746 4 -8.72073
    endloop
  endfacet
  facet normal 0.793335 0 0.608785
    outer loop
      vertex -2.29813 4 -8.92836
      vertex -2.45746 2 -8.72073
      vertex -2.29813 2 -8.92836
    endloop
  endfacet
  facet normal -0.043635 0 -0.999048
    outer loop
      vertex 0 2 -4
      vertex 0.261467 4 -4.01142
      vertex 0.261467 2 -4.01142
    endloop
  endfacet
  facet normal -0.043635 0 -0.999048
    outer loop
      vertex 0.261467 4 -4.01142
      vertex 0 2 -4
      vertex 0 4 -4
    endloop
  endfacet
  facet normal 0.923875 0 -0.382694
    outer loop
      vertex -2.71892 2 -5.73214
      vertex -2.81908 4 -5.97394
      vertex -2.71892 4 -5.73214
    endloop
  endfacet
  facet normal 0.923875 0 -0.382694
    outer loop
      vertex -2.81908 4 -5.97394
      vertex -2.71892 2 -5.73214
      vertex -2.81908 2 -5.97394
    endloop
  endfacet
  facet normal -0.887026 0 0.46172
    outer loop
      vertex 2.59808 2 -8.5
      vertex 2.71892 4 -8.26785
      vertex 2.59808 4 -8.5
    endloop
  endfacet
  facet normal -0.887026 0 0.46172
    outer loop
      vertex 2.71892 4 -8.26785
      vertex 2.59808 2 -8.5
      vertex 2.71892 2 -8.26785
    endloop
  endfacet
  facet normal 0.130523 0 -0.991445
    outer loop
      vertex -0.520944 2 -4.04558
      vertex -0.261467 4 -4.01142
      vertex -0.261467 2 -4.01142
    endloop
  endfacet
  facet normal 0.130523 0 -0.991445
    outer loop
      vertex -0.261467 4 -4.01142
      vertex -0.520944 2 -4.04558
      vertex -0.520944 4 -4.04558
    endloop
  endfacet
  facet normal -0.843392 0 0.537298
    outer loop
      vertex 2.45746 2 -8.72073
      vertex 2.59808 4 -8.5
      vertex 2.45746 4 -8.72073
    endloop
  endfacet
  facet normal -0.843392 0 0.537298
    outer loop
      vertex 2.59808 4 -8.5
      vertex 2.45746 2 -8.72073
      vertex 2.59808 2 -8.5
    endloop
  endfacet
  facet normal 0.999048 -0 0.0436345
    outer loop
      vertex -3 2 -7
      vertex -2.98858 4 -7.26147
      vertex -3 4 -7
    endloop
  endfacet
  facet normal 0.999048 0 0.0436345
    outer loop
      vertex -2.98858 4 -7.26147
      vertex -3 2 -7
      vertex -2.98858 2 -7.26147
    endloop
  endfacet
  facet normal 0.737287 -0 0.675579
    outer loop
      vertex -2.29813 2 -8.92836
      vertex -2.12132 4 -9.12132
      vertex -2.29813 4 -8.92836
    endloop
  endfacet
  facet normal 0.737287 0 0.675579
    outer loop
      vertex -2.12132 4 -9.12132
      vertex -2.29813 2 -8.92836
      vertex -2.12132 2 -9.12132
    endloop
  endfacet
  facet normal 0.843392 0 -0.537298
    outer loop
      vertex -2.45746 2 -5.27927
      vertex -2.59808 4 -5.5
      vertex -2.45746 4 -5.27927
    endloop
  endfacet
  facet normal 0.843392 0 -0.537298
    outer loop
      vertex -2.59808 4 -5.5
      vertex -2.45746 2 -5.27927
      vertex -2.59808 2 -5.5
    endloop
  endfacet
  facet normal 0.843392 -0 0.537298
    outer loop
      vertex -2.59808 2 -8.5
      vertex -2.45746 4 -8.72073
      vertex -2.59808 4 -8.5
    endloop
  endfacet
  facet normal 0.843392 0 0.537298
    outer loop
      vertex -2.45746 4 -8.72073
      vertex -2.59808 2 -8.5
      vertex -2.45746 2 -8.72073
    endloop
  endfacet
  facet normal 0.46172 0 0.887026
    outer loop
      vertex -1.5 4 -9.59808
      vertex -1.26785 2 -9.71892
      vertex -1.26785 4 -9.71892
    endloop
  endfacet
  facet normal 0.46172 0 0.887026
    outer loop
      vertex -1.26785 2 -9.71892
      vertex -1.5 4 -9.59808
      vertex -1.5 2 -9.59808
    endloop
  endfacet
  facet normal 0.991445 0 -0.130527
    outer loop
      vertex -2.95442 2 -6.47906
      vertex -2.98858 4 -6.73853
      vertex -2.95442 4 -6.47906
    endloop
  endfacet
  facet normal 0.991445 0 -0.130527
    outer loop
      vertex -2.98858 4 -6.73853
      vertex -2.95442 2 -6.47906
      vertex -2.98858 2 -6.73853
    endloop
  endfacet
  facet normal 0.216418 0 -0.976301
    outer loop
      vertex -0.776457 2 -4.10222
      vertex -0.520944 4 -4.04558
      vertex -0.520944 2 -4.04558
    endloop
  endfacet
  facet normal 0.216418 0 -0.976301
    outer loop
      vertex -0.520944 4 -4.04558
      vertex -0.776457 2 -4.10222
      vertex -0.776457 4 -4.10222
    endloop
  endfacet
  facet normal -0.043635 0 0.999048
    outer loop
      vertex 0 4 -10
      vertex 0.261467 2 -9.98858
      vertex 0.261467 4 -9.98858
    endloop
  endfacet
  facet normal -0.043635 0 0.999048
    outer loop
      vertex 0.261467 2 -9.98858
      vertex 0 4 -10
      vertex 0 2 -10
    endloop
  endfacet
  facet normal 0.130523 0 0.991445
    outer loop
      vertex -0.520944 4 -9.95442
      vertex -0.261467 2 -9.98858
      vertex -0.261467 4 -9.98858
    endloop
  endfacet
  facet normal 0.130523 0 0.991445
    outer loop
      vertex -0.261467 2 -9.98858
      vertex -0.520944 4 -9.95442
      vertex -0.520944 2 -9.95442
    endloop
  endfacet
  facet normal -0.300707 0 -0.953716
    outer loop
      vertex 0.776457 2 -4.10222
      vertex 1.02606 4 -4.18092
      vertex 1.02606 2 -4.18092
    endloop
  endfacet
  facet normal -0.300707 0 -0.953716
    outer loop
      vertex 1.02606 4 -4.18092
      vertex 0.776457 2 -4.10222
      vertex 0.776457 4 -4.10222
    endloop
  endfacet
  facet normal -0.46172 0 -0.887026
    outer loop
      vertex 1.26785 2 -4.28108
      vertex 1.5 3.97851 -4.40192
      vertex 1.5 2 -4.40192
    endloop
  endfacet
  facet normal -0.46172 -0 -0.887026
    outer loop
      vertex 1.26785 4 -4.28108
      vertex 1.5 3.97851 -4.40192
      vertex 1.26785 2 -4.28108
    endloop
  endfacet
  facet normal -0.461714 7.9952e-05 -0.887029
    outer loop
      vertex 1.5 3.97851 -4.40192
      vertex 1.26785 4 -4.28108
      vertex 1.43259 4 -4.36683
    endloop
  endfacet
  facet normal -0.382707 0 -0.92387
    outer loop
      vertex 1.02606 2 -4.18092
      vertex 1.26785 4 -4.28108
      vertex 1.26785 2 -4.28108
    endloop
  endfacet
  facet normal -0.382707 0 -0.92387
    outer loop
      vertex 1.26785 4 -4.28108
      vertex 1.02606 2 -4.18092
      vertex 1.02606 4 -4.18092
    endloop
  endfacet
  facet normal -0.737287 0 0.675579
    outer loop
      vertex 2.12132 2 -9.12132
      vertex 2.29813 4 -8.92836
      vertex 2.12132 4 -9.12132
    endloop
  endfacet
  facet normal -0.737287 0 0.675579
    outer loop
      vertex 2.29813 4 -8.92836
      vertex 2.12132 2 -9.12132
      vertex 2.29813 2 -8.92836
    endloop
  endfacet
  facet normal 0.976302 -0 0.216413
    outer loop
      vertex -2.95442 2 -7.52094
      vertex -2.89778 4 -7.77646
      vertex -2.95442 4 -7.52094
    endloop
  endfacet
  facet normal 0.976302 0 0.216413
    outer loop
      vertex -2.89778 4 -7.77646
      vertex -2.95442 2 -7.52094
      vertex -2.89778 2 -7.77646
    endloop
  endfacet
  facet normal 0.675557 0 -0.737308
    outer loop
      vertex -1.92836 2 -4.70187
      vertex -2 3.75466 -4.76751
      vertex -1.92836 3.79486 -4.70187
    endloop
  endfacet
  facet normal 0.675579 1.68546e-06 -0.737287
    outer loop
      vertex -2.12132 2 -4.87868
      vertex -2 3.75466 -4.76751
      vertex -1.92836 2 -4.70187
    endloop
  endfacet
  facet normal 0.675593 0 -0.737275
    outer loop
      vertex -2.12132 4 -4.87868
      vertex -2 3.75466 -4.76751
      vertex -2.12132 2 -4.87868
    endloop
  endfacet
  facet normal 0.675593 0 -0.737275
    outer loop
      vertex -2 3.75466 -4.76751
      vertex -2.12132 4 -4.87868
      vertex -2 4 -4.76751
    endloop
  endfacet
  facet normal -0.300707 0 0.953716
    outer loop
      vertex 0.776457 4 -9.89778
      vertex 1.02606 2 -9.81908
      vertex 1.02606 4 -9.81908
    endloop
  endfacet
  facet normal -0.300707 0 0.953716
    outer loop
      vertex 1.02606 2 -9.81908
      vertex 0.776457 4 -9.89778
      vertex 0.776457 2 -9.89778
    endloop
  endfacet
  facet normal -0.887018 0 -0.461735
    outer loop
      vertex 2.71892 2 -5.73214
      vertex 2.59808 4 -5.5
      vertex 2.71892 4 -5.73214
    endloop
  endfacet
  facet normal -0.887018 -0 -0.461735
    outer loop
      vertex 2.59808 4 -5.5
      vertex 2.71892 2 -5.73214
      vertex 2.59808 2 -5.5
    endloop
  endfacet
  facet normal 0.382707 0 -0.92387
    outer loop
      vertex -1.26785 2 -4.28108
      vertex -1.02606 4 -4.18092
      vertex -1.02606 2 -4.18092
    endloop
  endfacet
  facet normal 0.382707 0 -0.92387
    outer loop
      vertex -1.02606 4 -4.18092
      vertex -1.26785 2 -4.28108
      vertex -1.26785 4 -4.28108
    endloop
  endfacet
  facet normal 0.793335 0 -0.608785
    outer loop
      vertex -2.29813 2 -5.07164
      vertex -2.45746 4 -5.27927
      vertex -2.29813 4 -5.07164
    endloop
  endfacet
  facet normal 0.793335 0 -0.608785
    outer loop
      vertex -2.45746 4 -5.27927
      vertex -2.29813 2 -5.07164
      vertex -2.45746 2 -5.27927
    endloop
  endfacet
  facet normal -0.675593 0 0.737275
    outer loop
      vertex 2 4 -9.23249
      vertex 2.12132 2 -9.12132
      vertex 2.12132 4 -9.12132
    endloop
  endfacet
  facet normal -0.675557 0 0.737308
    outer loop
      vertex 1.92836 2 -9.29813
      vertex 2 4 -9.23249
      vertex 1.92836 4 -9.29813
    endloop
  endfacet
  facet normal -0.675579 1.4787e-06 0.737287
    outer loop
      vertex 2 4 -9.23249
      vertex 1.92836 2 -9.29813
      vertex 2.12132 2 -9.12132
    endloop
  endfacet
  facet normal 0.953715 0 -0.300711
    outer loop
      vertex -2.81908 2 -5.97394
      vertex -2.89778 4 -6.22354
      vertex -2.81908 4 -5.97394
    endloop
  endfacet
  facet normal 0.953715 0 -0.300711
    outer loop
      vertex -2.89778 4 -6.22354
      vertex -2.81908 2 -5.97394
      vertex -2.89778 2 -6.22354
    endloop
  endfacet
  facet normal -0.976302 0 0.216413
    outer loop
      vertex 2.89778 2 -7.77646
      vertex 2.95442 4 -7.52094
      vertex 2.89778 4 -7.77646
    endloop
  endfacet
  facet normal -0.976302 0 0.216413
    outer loop
      vertex 2.95442 4 -7.52094
      vertex 2.89778 2 -7.77646
      vertex 2.95442 2 -7.52094
    endloop
  endfacet
  facet normal 0.537298 0 -0.843392
    outer loop
      vertex -1.72073 3.89241 -4.54254
      vertex -1.5 2 -4.40192
      vertex -1.72073 2 -4.54254
    endloop
  endfacet
  facet normal 0.537298 0 -0.843392
    outer loop
      vertex -1.5 2 -4.40192
      vertex -1.72073 3.89241 -4.54254
      vertex -1.5 3.97851 -4.40192
    endloop
  endfacet
  facet normal 0.92387 -0 0.382707
    outer loop
      vertex -2.81908 2 -8.02606
      vertex -2.71892 4 -8.26785
      vertex -2.81908 4 -8.02606
    endloop
  endfacet
  facet normal 0.92387 0 0.382707
    outer loop
      vertex -2.71892 4 -8.26785
      vertex -2.81908 2 -8.02606
      vertex -2.71892 2 -8.26785
    endloop
  endfacet
  facet normal 0.043635 0 -0.999048
    outer loop
      vertex -0.261467 2 -4.01142
      vertex 0 4 -4
      vertex 0 2 -4
    endloop
  endfacet
  facet normal 0.043635 0 -0.999048
    outer loop
      vertex 0 4 -4
      vertex -0.261467 2 -4.01142
      vertex -0.261467 4 -4.01142
    endloop
  endfacet
  facet normal -0.216418 0 0.976301
    outer loop
      vertex 0.520944 4 -9.95442
      vertex 0.776457 2 -9.89778
      vertex 0.776457 4 -9.89778
    endloop
  endfacet
  facet normal -0.216418 0 0.976301
    outer loop
      vertex 0.776457 2 -9.89778
      vertex 0.520944 4 -9.95442
      vertex 0.520944 2 -9.95442
    endloop
  endfacet
  facet normal 0.999048 0 -0.0436345
    outer loop
      vertex -2.98858 2 -6.73853
      vertex -3 4 -7
      vertex -2.98858 4 -6.73853
    endloop
  endfacet
  facet normal 0.999048 0 -0.0436345
    outer loop
      vertex -3 4 -7
      vertex -2.98858 2 -6.73853
      vertex -3 2 -7
    endloop
  endfacet
  facet normal 0.300707 0 -0.953716
    outer loop
      vertex -1.02606 2 -4.18092
      vertex -0.776457 4 -4.10222
      vertex -0.776457 2 -4.10222
    endloop
  endfacet
  facet normal 0.300707 0 -0.953716
    outer loop
      vertex -0.776457 4 -4.10222
      vertex -1.02606 2 -4.18092
      vertex -1.02606 4 -4.18092
    endloop
  endfacet
  facet normal -0.216418 0 -0.976301
    outer loop
      vertex 0.520944 2 -4.04558
      vertex 0.776457 4 -4.10222
      vertex 0.776457 2 -4.10222
    endloop
  endfacet
  facet normal -0.216418 0 -0.976301
    outer loop
      vertex 0.776457 4 -4.10222
      vertex 0.520944 2 -4.04558
      vertex 0.520944 4 -4.04558
    endloop
  endfacet
  facet normal -0.737287 0 -0.675579
    outer loop
      vertex 2.29813 2 -5.07164
      vertex 2.12132 4 -4.87868
      vertex 2.29813 4 -5.07164
    endloop
  endfacet
  facet normal -0.737287 -0 -0.675579
    outer loop
      vertex 2.12132 4 -4.87868
      vertex 2.29813 2 -5.07164
      vertex 2.12132 2 -4.87868
    endloop
  endfacet
  facet normal -0.675593 0 -0.737275
    outer loop
      vertex 2.12132 2 -4.87868
      vertex 2 3.75466 -4.76751
      vertex 2.12132 4 -4.87868
    endloop
  endfacet
  facet normal -0.675579 1.68546e-06 -0.737287
    outer loop
      vertex 1.92836 2 -4.70187
      vertex 2 3.75466 -4.76751
      vertex 2.12132 2 -4.87868
    endloop
  endfacet
  facet normal -0.675557 0 -0.737308
    outer loop
      vertex 2 3.75466 -4.76751
      vertex 1.92836 2 -4.70187
      vertex 1.92836 3.79486 -4.70187
    endloop
  endfacet
  facet normal -0.675593 0 -0.737275
    outer loop
      vertex 2.12132 4 -4.87868
      vertex 2 3.75466 -4.76751
      vertex 2 4 -4.76751
    endloop
  endfacet
  facet normal 0.46172 0 -0.887026
    outer loop
      vertex -1.5 3.97851 -4.40192
      vertex -1.26785 4 -4.28108
      vertex -1.26785 2 -4.28108
    endloop
  endfacet
  facet normal 0.46172 0 -0.887026
    outer loop
      vertex -1.5 3.97851 -4.40192
      vertex -1.26785 2 -4.28108
      vertex -1.5 2 -4.40192
    endloop
  endfacet
  facet normal 0.461714 7.9952e-05 -0.887029
    outer loop
      vertex -1.26785 4 -4.28108
      vertex -1.5 3.97851 -4.40192
      vertex -1.43259 4 -4.36683
    endloop
  endfacet
  facet normal -0.991445 0 0.130527
    outer loop
      vertex 2.95442 2 6.47906
      vertex 2.98858 4 6.73853
      vertex 2.95442 4 6.47906
    endloop
  endfacet
  facet normal -0.991445 0 0.130527
    outer loop
      vertex 2.98858 4 6.73853
      vertex 2.95442 2 6.47906
      vertex 2.98858 2 6.73853
    endloop
  endfacet
  facet normal -0.999048 0 0.0436345
    outer loop
      vertex 2.98858 2 6.73853
      vertex 3 4 7
      vertex 2.98858 4 6.73853
    endloop
  endfacet
  facet normal -0.999048 0 0.0436345
    outer loop
      vertex 3 4 7
      vertex 2.98858 2 6.73853
      vertex 3 2 7
    endloop
  endfacet
  facet normal 0.300707 0 0.953716
    outer loop
      vertex -1.02606 4 4.18092
      vertex -0.776457 2 4.10222
      vertex -0.776457 4 4.10222
    endloop
  endfacet
  facet normal 0.300707 0 0.953716
    outer loop
      vertex -0.776457 2 4.10222
      vertex -1.02606 4 4.18092
      vertex -1.02606 2 4.18092
    endloop
  endfacet
  facet normal 0.976302 -0 0.216413
    outer loop
      vertex -2.95442 2 6.47906
      vertex -2.89778 4 6.22354
      vertex -2.95442 4 6.47906
    endloop
  endfacet
  facet normal 0.976302 0 0.216413
    outer loop
      vertex -2.89778 4 6.22354
      vertex -2.95442 2 6.47906
      vertex -2.89778 2 6.22354
    endloop
  endfacet
  facet normal -0.216418 0 -0.976301
    outer loop
      vertex 0.520944 2 9.95442
      vertex 0.776457 4 9.89778
      vertex 0.776457 2 9.89778
    endloop
  endfacet
  facet normal -0.216418 0 -0.976301
    outer loop
      vertex 0.776457 4 9.89778
      vertex 0.520944 2 9.95442
      vertex 0.520944 4 9.95442
    endloop
  endfacet
  facet normal 0.382707 0 -0.92387
    outer loop
      vertex -1.26785 2 9.71892
      vertex -1.02606 4 9.81908
      vertex -1.02606 2 9.81908
    endloop
  endfacet
  facet normal 0.382707 0 -0.92387
    outer loop
      vertex -1.02606 4 9.81908
      vertex -1.26785 2 9.71892
      vertex -1.26785 4 9.71892
    endloop
  endfacet
  facet normal -0.130523 0 -0.991445
    outer loop
      vertex 0.261467 2 9.98858
      vertex 0.520944 4 9.95442
      vertex 0.520944 2 9.95442
    endloop
  endfacet
  facet normal -0.130523 0 -0.991445
    outer loop
      vertex 0.520944 4 9.95442
      vertex 0.261467 2 9.98858
      vertex 0.261467 4 9.98858
    endloop
  endfacet
  facet normal 0.953715 -0 0.300711
    outer loop
      vertex -2.89778 2 6.22354
      vertex -2.81908 4 5.97394
      vertex -2.89778 4 6.22354
    endloop
  endfacet
  facet normal 0.953715 0 0.300711
    outer loop
      vertex -2.81908 4 5.97394
      vertex -2.89778 2 6.22354
      vertex -2.81908 2 5.97394
    endloop
  endfacet
  facet normal 0.675557 0 0.737308
    outer loop
      vertex -2 4 4.76751
      vertex -1.92836 2 4.70187
      vertex -1.92836 4 4.70187
    endloop
  endfacet
  facet normal 0.675593 -0 0.737275
    outer loop
      vertex -2.12132 2 4.87868
      vertex -2 4 4.76751
      vertex -2.12132 4 4.87868
    endloop
  endfacet
  facet normal 0.675579 1.4787e-06 0.737287
    outer loop
      vertex -2 4 4.76751
      vertex -2.12132 2 4.87868
      vertex -1.92836 2 4.70187
    endloop
  endfacet
  facet normal 0.537298 0 0.843392
    outer loop
      vertex -1.72073 4 4.54254
      vertex -1.5 2 4.40192
      vertex -1.5 4 4.40192
    endloop
  endfacet
  facet normal 0.537298 0 0.843392
    outer loop
      vertex -1.5 2 4.40192
      vertex -1.72073 4 4.54254
      vertex -1.72073 2 4.54254
    endloop
  endfacet
  facet normal -0.953715 0 0.300711
    outer loop
      vertex 2.81908 2 5.97394
      vertex 2.89778 4 6.22354
      vertex 2.81908 4 5.97394
    endloop
  endfacet
  facet normal -0.953715 0 0.300711
    outer loop
      vertex 2.89778 4 6.22354
      vertex 2.81908 2 5.97394
      vertex 2.89778 2 6.22354
    endloop
  endfacet
  facet normal 0.953715 0 -0.300711
    outer loop
      vertex -2.81908 2 8.02606
      vertex -2.89778 4 7.77646
      vertex -2.81908 4 8.02606
    endloop
  endfacet
  facet normal 0.953715 0 -0.300711
    outer loop
      vertex -2.89778 4 7.77646
      vertex -2.81908 2 8.02606
      vertex -2.89778 2 7.77646
    endloop
  endfacet
  facet normal -0.537298 0 -0.843392
    outer loop
      vertex 1.5 2 9.59808
      vertex 1.72073 4 9.45746
      vertex 1.72073 2 9.45746
    endloop
  endfacet
  facet normal -0.537298 0 -0.843392
    outer loop
      vertex 1.72073 4 9.45746
      vertex 1.5 2 9.59808
      vertex 1.5 4 9.59808
    endloop
  endfacet
  facet normal 0.976302 0 -0.216413
    outer loop
      vertex -2.89778 2 7.77646
      vertex -2.95442 4 7.52094
      vertex -2.89778 4 7.77646
    endloop
  endfacet
  facet normal 0.976302 0 -0.216413
    outer loop
      vertex -2.95442 4 7.52094
      vertex -2.89778 2 7.77646
      vertex -2.95442 2 7.52094
    endloop
  endfacet
  facet normal -0.675593 0 -0.737275
    outer loop
      vertex 2.12132 2 9.12132
      vertex 2 4 9.23249
      vertex 2.12132 4 9.12132
    endloop
  endfacet
  facet normal -0.675579 1.4787e-06 -0.737287
    outer loop
      vertex 1.92836 2 9.29813
      vertex 2 4 9.23249
      vertex 2.12132 2 9.12132
    endloop
  endfacet
  facet normal -0.675557 0 -0.737308
    outer loop
      vertex 2 4 9.23249
      vertex 1.92836 2 9.29813
      vertex 1.92836 4 9.29813
    endloop
  endfacet
  facet normal -0.976302 0 -0.216413
    outer loop
      vertex 2.95442 2 7.52094
      vertex 2.89778 4 7.77646
      vertex 2.95442 4 7.52094
    endloop
  endfacet
  facet normal -0.976302 -0 -0.216413
    outer loop
      vertex 2.89778 4 7.77646
      vertex 2.95442 2 7.52094
      vertex 2.89778 2 7.77646
    endloop
  endfacet
  facet normal -0.923875 0 0.382694
    outer loop
      vertex 2.71892 2 5.73214
      vertex 2.81908 4 5.97394
      vertex 2.71892 4 5.73214
    endloop
  endfacet
  facet normal -0.923875 0 0.382694
    outer loop
      vertex 2.81908 4 5.97394
      vertex 2.71892 2 5.73214
      vertex 2.81908 2 5.97394
    endloop
  endfacet
  facet normal 0.991445 0 -0.130527
    outer loop
      vertex -2.95442 2 7.52094
      vertex -2.98858 4 7.26147
      vertex -2.95442 4 7.52094
    endloop
  endfacet
  facet normal 0.991445 0 -0.130527
    outer loop
      vertex -2.98858 4 7.26147
      vertex -2.95442 2 7.52094
      vertex -2.98858 2 7.26147
    endloop
  endfacet
  facet normal -0.130523 0 0.991445
    outer loop
      vertex 0.261467 4 4.01142
      vertex 0.520944 2 4.04558
      vertex 0.520944 4 4.04558
    endloop
  endfacet
  facet normal -0.130523 0 0.991445
    outer loop
      vertex 0.520944 2 4.04558
      vertex 0.261467 4 4.01142
      vertex 0.261467 2 4.01142
    endloop
  endfacet
  facet normal 0.793335 0 -0.608785
    outer loop
      vertex -2.29813 2 8.92836
      vertex -2.45746 4 8.72073
      vertex -2.29813 4 8.92836
    endloop
  endfacet
  facet normal 0.793335 0 -0.608785
    outer loop
      vertex -2.45746 4 8.72073
      vertex -2.29813 2 8.92836
      vertex -2.45746 2 8.72073
    endloop
  endfacet
  facet normal -0.793335 0 0.608785
    outer loop
      vertex 2.29813 2 5.07164
      vertex 2.45746 4 5.27927
      vertex 2.29813 4 5.07164
    endloop
  endfacet
  facet normal -0.793335 0 0.608785
    outer loop
      vertex 2.45746 4 5.27927
      vertex 2.29813 2 5.07164
      vertex 2.45746 2 5.27927
    endloop
  endfacet
  facet normal 0.216418 0 -0.976301
    outer loop
      vertex -0.776457 2 9.89778
      vertex -0.520944 4 9.95442
      vertex -0.520944 2 9.95442
    endloop
  endfacet
  facet normal 0.216418 0 -0.976301
    outer loop
      vertex -0.520944 4 9.95442
      vertex -0.776457 2 9.89778
      vertex -0.776457 4 9.89778
    endloop
  endfacet
  facet normal -0.953715 0 -0.300711
    outer loop
      vertex 2.89778 2 7.77646
      vertex 2.81908 4 8.02606
      vertex 2.89778 4 7.77646
    endloop
  endfacet
  facet normal -0.953715 -0 -0.300711
    outer loop
      vertex 2.81908 4 8.02606
      vertex 2.89778 2 7.77646
      vertex 2.81908 2 8.02606
    endloop
  endfacet
  facet normal -0.608785 0 0.793335
    outer loop
      vertex 1.72073 4 4.54254
      vertex 1.92836 2 4.70187
      vertex 1.92836 4 4.70187
    endloop
  endfacet
  facet normal -0.608785 0 0.793335
    outer loop
      vertex 1.92836 2 4.70187
      vertex 1.72073 4 4.54254
      vertex 1.72073 2 4.54254
    endloop
  endfacet
  facet normal 0.737287 -0 0.675579
    outer loop
      vertex -2.29813 2 5.07164
      vertex -2.12132 4 4.87868
      vertex -2.29813 4 5.07164
    endloop
  endfacet
  facet normal 0.737287 0 0.675579
    outer loop
      vertex -2.12132 4 4.87868
      vertex -2.29813 2 5.07164
      vertex -2.12132 2 4.87868
    endloop
  endfacet
  facet normal -0.382707 0 -0.92387
    outer loop
      vertex 1.02606 2 9.81908
      vertex 1.26785 4 9.71892
      vertex 1.26785 2 9.71892
    endloop
  endfacet
  facet normal -0.382707 0 -0.92387
    outer loop
      vertex 1.26785 4 9.71892
      vertex 1.02606 2 9.81908
      vertex 1.02606 4 9.81908
    endloop
  endfacet
  facet normal 0.043635 0 0.999048
    outer loop
      vertex -0.261467 4 4.01142
      vertex 0 2 4
      vertex 0 4 4
    endloop
  endfacet
  facet normal 0.043635 0 0.999048
    outer loop
      vertex 0 2 4
      vertex -0.261467 4 4.01142
      vertex -0.261467 2 4.01142
    endloop
  endfacet
  facet normal 0.46172 0 0.887026
    outer loop
      vertex -1.5 4 4.40192
      vertex -1.26785 2 4.28108
      vertex -1.26785 4 4.28108
    endloop
  endfacet
  facet normal 0.46172 0 0.887026
    outer loop
      vertex -1.26785 2 4.28108
      vertex -1.5 4 4.40192
      vertex -1.5 2 4.40192
    endloop
  endfacet
  facet normal 0.608785 0 0.793335
    outer loop
      vertex -1.92836 4 4.70187
      vertex -1.72073 2 4.54254
      vertex -1.72073 4 4.54254
    endloop
  endfacet
  facet normal 0.608785 0 0.793335
    outer loop
      vertex -1.72073 2 4.54254
      vertex -1.92836 4 4.70187
      vertex -1.92836 2 4.70187
    endloop
  endfacet
  facet normal 0.608785 0 -0.793335
    outer loop
      vertex -1.92836 2 9.29813
      vertex -1.72073 4 9.45746
      vertex -1.72073 2 9.45746
    endloop
  endfacet
  facet normal 0.608785 0 -0.793335
    outer loop
      vertex -1.72073 4 9.45746
      vertex -1.92836 2 9.29813
      vertex -1.92836 4 9.29813
    endloop
  endfacet
  facet normal 0.843392 -0 0.537298
    outer loop
      vertex -2.59808 2 5.5
      vertex -2.45746 4 5.27927
      vertex -2.59808 4 5.5
    endloop
  endfacet
  facet normal 0.843392 0 0.537298
    outer loop
      vertex -2.45746 4 5.27927
      vertex -2.59808 2 5.5
      vertex -2.45746 2 5.27927
    endloop
  endfacet
  facet normal -0.382707 0 0.92387
    outer loop
      vertex 1.02606 4 4.18092
      vertex 1.26785 2 4.28108
      vertex 1.26785 4 4.28108
    endloop
  endfacet
  facet normal -0.382707 0 0.92387
    outer loop
      vertex 1.26785 2 4.28108
      vertex 1.02606 4 4.18092
      vertex 1.02606 2 4.18092
    endloop
  endfacet
  facet normal -0.46172 0 -0.887026
    outer loop
      vertex 1.26785 2 9.71892
      vertex 1.5 4 9.59808
      vertex 1.5 2 9.59808
    endloop
  endfacet
  facet normal -0.46172 0 -0.887026
    outer loop
      vertex 1.5 4 9.59808
      vertex 1.26785 2 9.71892
      vertex 1.26785 4 9.71892
    endloop
  endfacet
  facet normal -0.537298 0 0.843392
    outer loop
      vertex 1.5 4 4.40192
      vertex 1.72073 2 4.54254
      vertex 1.72073 4 4.54254
    endloop
  endfacet
  facet normal -0.537298 0 0.843392
    outer loop
      vertex 1.72073 2 4.54254
      vertex 1.5 4 4.40192
      vertex 1.5 2 4.40192
    endloop
  endfacet
  facet normal -0.216418 0 0.976301
    outer loop
      vertex 0.520944 4 4.04558
      vertex 0.776457 2 4.10222
      vertex 0.776457 4 4.10222
    endloop
  endfacet
  facet normal -0.216418 0 0.976301
    outer loop
      vertex 0.776457 2 4.10222
      vertex 0.520944 4 4.04558
      vertex 0.520944 2 4.04558
    endloop
  endfacet
  facet normal -0.46172 0 0.887026
    outer loop
      vertex 1.26785 4 4.28108
      vertex 1.5 2 4.40192
      vertex 1.5 4 4.40192
    endloop
  endfacet
  facet normal -0.46172 0 0.887026
    outer loop
      vertex 1.5 2 4.40192
      vertex 1.26785 4 4.28108
      vertex 1.26785 2 4.28108
    endloop
  endfacet
  facet normal -0.043635 0 -0.999048
    outer loop
      vertex 0 2 10
      vertex 0.261467 4 9.98858
      vertex 0.261467 2 9.98858
    endloop
  endfacet
  facet normal -0.043635 0 -0.999048
    outer loop
      vertex 0.261467 4 9.98858
      vertex 0 2 10
      vertex 0 4 10
    endloop
  endfacet
  facet normal -0.843392 0 -0.537298
    outer loop
      vertex 2.59808 2 8.5
      vertex 2.45746 4 8.72073
      vertex 2.59808 4 8.5
    endloop
  endfacet
  facet normal -0.843392 -0 -0.537298
    outer loop
      vertex 2.45746 4 8.72073
      vertex 2.59808 2 8.5
      vertex 2.45746 2 8.72073
    endloop
  endfacet
  facet normal -0.991445 0 -0.130527
    outer loop
      vertex 2.98858 2 7.26147
      vertex 2.95442 4 7.52094
      vertex 2.98858 4 7.26147
    endloop
  endfacet
  facet normal -0.991445 -0 -0.130527
    outer loop
      vertex 2.95442 4 7.52094
      vertex 2.98858 2 7.26147
      vertex 2.95442 2 7.52094
    endloop
  endfacet
  facet normal 0.92387 0 -0.382707
    outer loop
      vertex -2.71892 2 8.26785
      vertex -2.81908 4 8.02606
      vertex -2.71892 4 8.26785
    endloop
  endfacet
  facet normal 0.92387 0 -0.382707
    outer loop
      vertex -2.81908 4 8.02606
      vertex -2.71892 2 8.26785
      vertex -2.81908 2 8.02606
    endloop
  endfacet
  facet normal 0.923875 -0 0.382694
    outer loop
      vertex -2.81908 2 5.97394
      vertex -2.71892 4 5.73214
      vertex -2.81908 4 5.97394
    endloop
  endfacet
  facet normal 0.923875 0 0.382694
    outer loop
      vertex -2.71892 4 5.73214
      vertex -2.81908 2 5.97394
      vertex -2.71892 2 5.73214
    endloop
  endfacet
  facet normal -0.999048 0 -0.0436345
    outer loop
      vertex 3 2 7
      vertex 2.98858 4 7.26147
      vertex 3 4 7
    endloop
  endfacet
  facet normal -0.999048 -0 -0.0436345
    outer loop
      vertex 2.98858 4 7.26147
      vertex 3 2 7
      vertex 2.98858 2 7.26147
    endloop
  endfacet
  facet normal 0.382707 0 0.92387
    outer loop
      vertex -1.26785 4 4.28108
      vertex -1.02606 2 4.18092
      vertex -1.02606 4 4.18092
    endloop
  endfacet
  facet normal 0.382707 0 0.92387
    outer loop
      vertex -1.02606 2 4.18092
      vertex -1.26785 4 4.28108
      vertex -1.26785 2 4.28108
    endloop
  endfacet
  facet normal -0.887018 0 0.461735
    outer loop
      vertex 2.59808 2 5.5
      vertex 2.71892 4 5.73214
      vertex 2.59808 4 5.5
    endloop
  endfacet
  facet normal -0.887018 0 0.461735
    outer loop
      vertex 2.71892 4 5.73214
      vertex 2.59808 2 5.5
      vertex 2.71892 2 5.73214
    endloop
  endfacet
  facet normal -0.737287 0 -0.675579
    outer loop
      vertex 2.29813 2 8.92836
      vertex 2.12132 4 9.12132
      vertex 2.29813 4 8.92836
    endloop
  endfacet
  facet normal -0.737287 -0 -0.675579
    outer loop
      vertex 2.12132 4 9.12132
      vertex 2.29813 2 8.92836
      vertex 2.12132 2 9.12132
    endloop
  endfacet
  facet normal 0.130523 0 -0.991445
    outer loop
      vertex -0.520944 2 9.95442
      vertex -0.261467 4 9.98858
      vertex -0.261467 2 9.98858
    endloop
  endfacet
  facet normal 0.130523 0 -0.991445
    outer loop
      vertex -0.261467 4 9.98858
      vertex -0.520944 2 9.95442
      vertex -0.520944 4 9.95442
    endloop
  endfacet
  facet normal 0.887026 0 -0.46172
    outer loop
      vertex -2.59808 2 8.5
      vertex -2.71892 4 8.26785
      vertex -2.59808 4 8.5
    endloop
  endfacet
  facet normal 0.887026 0 -0.46172
    outer loop
      vertex -2.71892 4 8.26785
      vertex -2.59808 2 8.5
      vertex -2.71892 2 8.26785
    endloop
  endfacet
  facet normal -0.843392 0 0.537298
    outer loop
      vertex 2.45746 2 5.27927
      vertex 2.59808 4 5.5
      vertex 2.45746 4 5.27927
    endloop
  endfacet
  facet normal -0.843392 0 0.537298
    outer loop
      vertex 2.59808 4 5.5
      vertex 2.45746 2 5.27927
      vertex 2.59808 2 5.5
    endloop
  endfacet
  facet normal 0.300707 0 -0.953716
    outer loop
      vertex -1.02606 2 9.81908
      vertex -0.776457 4 9.89778
      vertex -0.776457 2 9.89778
    endloop
  endfacet
  facet normal 0.300707 0 -0.953716
    outer loop
      vertex -0.776457 4 9.89778
      vertex -1.02606 2 9.81908
      vertex -1.02606 4 9.81908
    endloop
  endfacet
  facet normal -0.793335 0 -0.608785
    outer loop
      vertex 2.45746 2 8.72073
      vertex 2.29813 4 8.92836
      vertex 2.45746 4 8.72073
    endloop
  endfacet
  facet normal -0.793335 -0 -0.608785
    outer loop
      vertex 2.29813 4 8.92836
      vertex 2.45746 2 8.72073
      vertex 2.29813 2 8.92836
    endloop
  endfacet
  facet normal 0.043635 0 -0.999048
    outer loop
      vertex -0.261467 2 9.98858
      vertex 0 4 10
      vertex 0 2 10
    endloop
  endfacet
  facet normal 0.043635 0 -0.999048
    outer loop
      vertex 0 4 10
      vertex -0.261467 2 9.98858
      vertex -0.261467 4 9.98858
    endloop
  endfacet
  facet normal 0.843392 0 -0.537298
    outer loop
      vertex -2.45746 2 8.72073
      vertex -2.59808 4 8.5
      vertex -2.45746 4 8.72073
    endloop
  endfacet
  facet normal 0.843392 0 -0.537298
    outer loop
      vertex -2.59808 4 8.5
      vertex -2.45746 2 8.72073
      vertex -2.59808 2 8.5
    endloop
  endfacet
  facet normal 0.887018 -0 0.461735
    outer loop
      vertex -2.71892 2 5.73214
      vertex -2.59808 4 5.5
      vertex -2.71892 4 5.73214
    endloop
  endfacet
  facet normal 0.887018 0 0.461735
    outer loop
      vertex -2.59808 4 5.5
      vertex -2.71892 2 5.73214
      vertex -2.59808 2 5.5
    endloop
  endfacet
  facet normal 0.991445 -0 0.130527
    outer loop
      vertex -2.98858 2 6.73853
      vertex -2.95442 4 6.47906
      vertex -2.98858 4 6.73853
    endloop
  endfacet
  facet normal 0.991445 0 0.130527
    outer loop
      vertex -2.95442 4 6.47906
      vertex -2.98858 2 6.73853
      vertex -2.95442 2 6.47906
    endloop
  endfacet
  facet normal 0.130523 0 0.991445
    outer loop
      vertex -0.520944 4 4.04558
      vertex -0.261467 2 4.01142
      vertex -0.261467 4 4.01142
    endloop
  endfacet
  facet normal 0.130523 0 0.991445
    outer loop
      vertex -0.261467 2 4.01142
      vertex -0.520944 4 4.04558
      vertex -0.520944 2 4.04558
    endloop
  endfacet
  facet normal 0.793335 -0 0.608785
    outer loop
      vertex -2.45746 2 5.27927
      vertex -2.29813 4 5.07164
      vertex -2.45746 4 5.27927
    endloop
  endfacet
  facet normal 0.793335 0 0.608785
    outer loop
      vertex -2.29813 4 5.07164
      vertex -2.45746 2 5.27927
      vertex -2.29813 2 5.07164
    endloop
  endfacet
  facet normal 0.999048 0 -0.0436345
    outer loop
      vertex -2.98858 2 7.26147
      vertex -3 4 7
      vertex -2.98858 4 7.26147
    endloop
  endfacet
  facet normal 0.999048 0 -0.0436345
    outer loop
      vertex -3 4 7
      vertex -2.98858 2 7.26147
      vertex -3 2 7
    endloop
  endfacet
  facet normal 0.216418 0 0.976301
    outer loop
      vertex -0.776457 4 4.10222
      vertex -0.520944 2 4.04558
      vertex -0.520944 4 4.04558
    endloop
  endfacet
  facet normal 0.216418 0 0.976301
    outer loop
      vertex -0.520944 2 4.04558
      vertex -0.776457 4 4.10222
      vertex -0.776457 2 4.10222
    endloop
  endfacet
  facet normal -0.737287 0 0.675579
    outer loop
      vertex 2.12132 2 4.87868
      vertex 2.29813 4 5.07164
      vertex 2.12132 4 4.87868
    endloop
  endfacet
  facet normal -0.737287 0 0.675579
    outer loop
      vertex 2.29813 4 5.07164
      vertex 2.12132 2 4.87868
      vertex 2.29813 2 5.07164
    endloop
  endfacet
  facet normal -0.043635 0 0.999048
    outer loop
      vertex 0 4 4
      vertex 0.261467 2 4.01142
      vertex 0.261467 4 4.01142
    endloop
  endfacet
  facet normal -0.043635 0 0.999048
    outer loop
      vertex 0.261467 2 4.01142
      vertex 0 4 4
      vertex 0 2 4
    endloop
  endfacet
  facet normal -0.300707 0 -0.953716
    outer loop
      vertex 0.776457 2 9.89778
      vertex 1.02606 4 9.81908
      vertex 1.02606 2 9.81908
    endloop
  endfacet
  facet normal -0.300707 0 -0.953716
    outer loop
      vertex 1.02606 4 9.81908
      vertex 0.776457 2 9.89778
      vertex 0.776457 4 9.89778
    endloop
  endfacet
  facet normal 0 1 0
    outer loop
      vertex 0 2 8.7
      vertex 0 2 10
      vertex 0.261467 2 9.98858
    endloop
  endfacet
  facet normal 0 1 0
    outer loop
      vertex 0.148165 2 8.69353
      vertex 0.261467 2 9.98858
      vertex 0.520944 2 9.95442
    endloop
  endfacet
  facet normal 0 1 0
    outer loop
      vertex 0 2 10
      vertex 0 2 8.7
      vertex -0.261467 2 9.98858
    endloop
  endfacet
  facet normal 0 1 0
    outer loop
      vertex 0.295201 2 8.67417
      vertex 0.520944 2 9.95442
      vertex 0.776457 2 9.89778
    endloop
  endfacet
  facet normal 0 1 -0
    outer loop
      vertex -0.148165 2 8.69353
      vertex -0.261467 2 9.98858
      vertex 0 2 8.7
    endloop
  endfacet
  facet normal 0 1 0
    outer loop
      vertex 0.439992 2 8.64207
      vertex 0.776457 2 9.89778
      vertex 1.02606 2 9.81908
    endloop
  endfacet
  facet normal 0 1 0
    outer loop
      vertex -0.261467 2 9.98858
      vertex -0.148165 2 8.69353
      vertex -0.520944 2 9.95442
    endloop
  endfacet
  facet normal 0 1 0
    outer loop
      vertex 0.581433 2 8.59748
      vertex 1.02606 2 9.81908
      vertex 1.26785 2 9.71892
    endloop
  endfacet
  facet normal 0 1 -0
    outer loop
      vertex -0.295201 2 8.67417
      vertex -0.520944 2 9.95442
      vertex -0.148165 2 8.69353
    endloop
  endfacet
  facet normal 0 1 0
    outer loop
      vertex 0.718451 2 8.54072
      vertex 1.26785 2 9.71892
      vertex 1.5 2 9.59808
    endloop
  endfacet
  facet normal 0 1 0
    outer loop
      vertex -0.520944 2 9.95442
      vertex -0.295201 2 8.67417
      vertex -0.776457 2 9.89778
    endloop
  endfacet
  facet normal 0 1 0
    outer loop
      vertex 0.849999 2 8.47224
      vertex 1.5 2 9.59808
      vertex 1.72073 2 9.45746
    endloop
  endfacet
  facet normal 0 1 -0
    outer loop
      vertex -0.439992 2 8.64207
      vertex -0.776457 2 9.89778
      vertex -0.295201 2 8.67417
    endloop
  endfacet
  facet normal 0 1 0
    outer loop
      vertex 0.97508 2 8.39256
      vertex 1.72073 2 9.45746
      vertex 1.92836 2 9.29813
    endloop
  endfacet
  facet normal 0 1 0
    outer loop
      vertex -0.776457 2 9.89778
      vertex -0.439992 2 8.64207
      vertex -1.02606 2 9.81908
    endloop
  endfacet
  facet normal 0 1 0
    outer loop
      vertex 1.09274 2 8.30227
      vertex 1.92836 2 9.29813
      vertex 2.12132 2 9.12132
    endloop
  endfacet
  facet normal 0 1 -0
    outer loop
      vertex -0.581433 2 8.59748
      vertex -1.02606 2 9.81908
      vertex -0.439992 2 8.64207
    endloop
  endfacet
  facet normal 0 1 0
    outer loop
      vertex 1.20208 2 8.20208
      vertex 2.12132 2 9.12132
      vertex 2.29813 2 8.92836
    endloop
  endfacet
  facet normal 0 1 0
    outer loop
      vertex -1.02606 2 9.81908
      vertex -0.581433 2 8.59748
      vertex -1.26785 2 9.71892
    endloop
  endfacet
  facet normal 0 1 0
    outer loop
      vertex 1.30227 2 8.09274
      vertex 2.29813 2 8.92836
      vertex 2.45746 2 8.72073
    endloop
  endfacet
  facet normal 0 1 -0
    outer loop
      vertex -0.718451 2 8.54072
      vertex -1.26785 2 9.71892
      vertex -0.581433 2 8.59748
    endloop
  endfacet
  facet normal 0 1 0
    outer loop
      vertex -1.26785 2 9.71892
      vertex -0.718451 2 8.54072
      vertex -1.5 2 9.59808
    endloop
  endfacet
  facet normal 0 1 0
    outer loop
      vertex 0.261467 2 9.98858
      vertex 0.148165 2 8.69353
      vertex 0 2 8.7
    endloop
  endfacet
  facet normal 0 1 0
    outer loop
      vertex 0.520944 2 9.95442
      vertex 0.295201 2 8.67417
      vertex 0.148165 2 8.69353
    endloop
  endfacet
  facet normal 0 1 0
    outer loop
      vertex 0.776457 2 9.89778
      vertex 0.439992 2 8.64207
      vertex 0.295201 2 8.67417
    endloop
  endfacet
  facet normal 0 1 0
    outer loop
      vertex 1.02606 2 9.81908
      vertex 0.581433 2 8.59748
      vertex 0.439992 2 8.64207
    endloop
  endfacet
  facet normal 0 1 0
    outer loop
      vertex 1.26785 2 9.71892
      vertex 0.718451 2 8.54072
      vertex 0.581433 2 8.59748
    endloop
  endfacet
  facet normal 0 1 0
    outer loop
      vertex 1.39256 2 7.97508
      vertex 2.45746 2 8.72073
      vertex 2.59808 2 8.5
    endloop
  endfacet
  facet normal 0 1 0
    outer loop
      vertex 1.5 2 9.59808
      vertex 0.849999 2 8.47224
      vertex 0.718451 2 8.54072
    endloop
  endfacet
  facet normal 0 1 0
    outer loop
      vertex 1.72073 2 9.45746
      vertex 0.97508 2 8.39256
      vertex 0.849999 2 8.47224
    endloop
  endfacet
  facet normal 0 1 0
    outer loop
      vertex 1.92836 2 9.29813
      vertex 1.09274 2 8.30227
      vertex 0.97508 2 8.39256
    endloop
  endfacet
  facet normal 0 1 0
    outer loop
      vertex 1.47224 2 7.85
      vertex 2.59808 2 8.5
      vertex 2.71892 2 8.26785
    endloop
  endfacet
  facet normal 0 1 0
    outer loop
      vertex 2.12132 2 9.12132
      vertex 1.20208 2 8.20208
      vertex 1.09274 2 8.30227
    endloop
  endfacet
  facet normal 0 1 0
    outer loop
      vertex 2.29813 2 8.92836
      vertex 1.30227 2 8.09274
      vertex 1.20208 2 8.20208
    endloop
  endfacet
  facet normal 0 1 0
    outer loop
      vertex 1.54072 2 7.71845
      vertex 2.71892 2 8.26785
      vertex 2.81908 2 8.02606
    endloop
  endfacet
  facet normal 0 1 0
    outer loop
      vertex 2.45746 2 8.72073
      vertex 1.39256 2 7.97508
      vertex 1.30227 2 8.09274
    endloop
  endfacet
  facet normal 0 1 0
    outer loop
      vertex 2.59808 2 8.5
      vertex 1.47224 2 7.85
      vertex 1.39256 2 7.97508
    endloop
  endfacet
  facet normal 0 1 0
    outer loop
      vertex 1.59748 2 7.58143
      vertex 2.81908 2 8.02606
      vertex 2.89778 2 7.77646
    endloop
  endfacet
  facet normal 0 1 0
    outer loop
      vertex 2.71892 2 8.26785
      vertex 1.54072 2 7.71845
      vertex 1.47224 2 7.85
    endloop
  endfacet
  facet normal 0 1 0
    outer loop
      vertex 2.81908 2 8.02606
      vertex 1.59748 2 7.58143
      vertex 1.54072 2 7.71845
    endloop
  endfacet
  facet normal 0 1 0
    outer loop
      vertex 1.64207 2 7.43999
      vertex 2.89778 2 7.77646
      vertex 2.95442 2 7.52094
    endloop
  endfacet
  facet normal 0 1 0
    outer loop
      vertex 2.89778 2 7.77646
      vertex 1.64207 2 7.43999
      vertex 1.59748 2 7.58143
    endloop
  endfacet
  facet normal 0 1 0
    outer loop
      vertex 2.95442 2 7.52094
      vertex 1.67417 2 7.2952
      vertex 1.64207 2 7.43999
    endloop
  endfacet
  facet normal 0 1 0
    outer loop
      vertex 2.98858 2 7.26147
      vertex 1.67417 2 7.2952
      vertex 2.95442 2 7.52094
    endloop
  endfacet
  facet normal 0 1 0
    outer loop
      vertex 2.98858 2 7.26147
      vertex 1.69353 2 7.14816
      vertex 1.67417 2 7.2952
    endloop
  endfacet
  facet normal 0 1 0
    outer loop
      vertex 3 2 7
      vertex 1.69353 2 7.14816
      vertex 2.98858 2 7.26147
    endloop
  endfacet
  facet normal 0 1 0
    outer loop
      vertex 3 2 7
      vertex 1.7 2 7
      vertex 1.69353 2 7.14816
    endloop
  endfacet
  facet normal 0 1 0
    outer loop
      vertex 3 2 7
      vertex 1.69353 2 6.85183
      vertex 1.7 2 7
    endloop
  endfacet
  facet normal 0 1 -0
    outer loop
      vertex 2.98858 2 6.73853
      vertex 1.69353 2 6.85183
      vertex 3 2 7
    endloop
  endfacet
  facet normal 0 1 0
    outer loop
      vertex 2.98858 2 6.73853
      vertex 1.67417 2 6.7048
      vertex 1.69353 2 6.85183
    endloop
  endfacet
  facet normal 0 1 -0
    outer loop
      vertex 2.95442 2 6.47906
      vertex 1.67417 2 6.7048
      vertex 2.98858 2 6.73853
    endloop
  endfacet
  facet normal 0 1 0
    outer loop
      vertex 1.67417 2 6.7048
      vertex 2.95442 2 6.47906
      vertex 1.64207 2 6.56001
    endloop
  endfacet
  facet normal 0 1 -0
    outer loop
      vertex 2.89778 2 6.22354
      vertex 1.64207 2 6.56001
      vertex 2.95442 2 6.47906
    endloop
  endfacet
  facet normal 0 1 0
    outer loop
      vertex 1.64207 2 6.56001
      vertex 2.89778 2 6.22354
      vertex 1.59748 2 6.41857
    endloop
  endfacet
  facet normal 0 1 -0
    outer loop
      vertex 2.81908 2 5.97394
      vertex 1.59748 2 6.41857
      vertex 2.89778 2 6.22354
    endloop
  endfacet
  facet normal 0 1 0
    outer loop
      vertex 1.59748 2 6.41857
      vertex 2.81908 2 5.97394
      vertex 1.54072 2 6.28155
    endloop
  endfacet
  facet normal 0 1 -0
    outer loop
      vertex 2.71892 2 5.73214
      vertex 1.54072 2 6.28155
      vertex 2.81908 2 5.97394
    endloop
  endfacet
  facet normal 0 1 0
    outer loop
      vertex 1.54072 2 6.28155
      vertex 2.71892 2 5.73214
      vertex 1.47224 2 6.15
    endloop
  endfacet
  facet normal 0 1 -0
    outer loop
      vertex 2.59808 2 5.5
      vertex 1.47224 2 6.15
      vertex 2.71892 2 5.73214
    endloop
  endfacet
  facet normal 0 1 0
    outer loop
      vertex 1.47224 2 6.15
      vertex 2.59808 2 5.5
      vertex 1.39256 2 6.02492
    endloop
  endfacet
  facet normal 0 1 -0
    outer loop
      vertex 2.45746 2 5.27927
      vertex 1.39256 2 6.02492
      vertex 2.59808 2 5.5
    endloop
  endfacet
  facet normal 0 1 0
    outer loop
      vertex 1.39256 2 6.02492
      vertex 2.45746 2 5.27927
      vertex 1.30227 2 5.90726
    endloop
  endfacet
  facet normal 0 1 -0
    outer loop
      vertex 2.29813 2 5.07164
      vertex 1.30227 2 5.90726
      vertex 2.45746 2 5.27927
    endloop
  endfacet
  facet normal 0 1 0
    outer loop
      vertex 1.30227 2 5.90726
      vertex 2.29813 2 5.07164
      vertex 1.20208 2 5.79792
    endloop
  endfacet
  facet normal 0 1 -0
    outer loop
      vertex 2.12132 2 4.87868
      vertex 1.20208 2 5.79792
      vertex 2.29813 2 5.07164
    endloop
  endfacet
  facet normal 0 1 0
    outer loop
      vertex 1.20208 2 5.79792
      vertex 2.12132 2 4.87868
      vertex 1.09274 2 5.69772
    endloop
  endfacet
  facet normal 0 1 -0
    outer loop
      vertex 1.92836 2 4.70187
      vertex 1.09274 2 5.69772
      vertex 2.12132 2 4.87868
    endloop
  endfacet
  facet normal 0 1 0
    outer loop
      vertex 1.09274 2 5.69772
      vertex 1.92836 2 4.70187
      vertex 0.97508 2 5.60744
    endloop
  endfacet
  facet normal 0 1 -0
    outer loop
      vertex 1.72073 2 4.54254
      vertex 0.97508 2 5.60744
      vertex 1.92836 2 4.70187
    endloop
  endfacet
  facet normal 0 1 0
    outer loop
      vertex 0.97508 2 5.60744
      vertex 1.72073 2 4.54254
      vertex 0.849999 2 5.52776
    endloop
  endfacet
  facet normal 0 1 0
    outer loop
      vertex 0.849999 2 5.52776
      vertex 1.5 2 4.40192
      vertex 0.718451 2 5.45928
    endloop
  endfacet
  facet normal 0 1 -0
    outer loop
      vertex 1.5 2 4.40192
      vertex 0.849999 2 5.52776
      vertex 1.72073 2 4.54254
    endloop
  endfacet
  facet normal 0 1 -0
    outer loop
      vertex -0.849999 2 8.47224
      vertex -1.5 2 9.59808
      vertex -0.718451 2 8.54072
    endloop
  endfacet
  facet normal 0 1 0
    outer loop
      vertex -1.5 2 9.59808
      vertex -0.849999 2 8.47224
      vertex -1.72073 2 9.45746
    endloop
  endfacet
  facet normal 0 1 -0
    outer loop
      vertex -0.97508 2 8.39256
      vertex -1.72073 2 9.45746
      vertex -0.849999 2 8.47224
    endloop
  endfacet
  facet normal 0 1 0
    outer loop
      vertex -1.72073 2 9.45746
      vertex -0.97508 2 8.39256
      vertex -1.92836 2 9.29813
    endloop
  endfacet
  facet normal 0 1 -0
    outer loop
      vertex -1.09274 2 8.30227
      vertex -1.92836 2 9.29813
      vertex -0.97508 2 8.39256
    endloop
  endfacet
  facet normal 0 1 0
    outer loop
      vertex -1.92836 2 9.29813
      vertex -1.09274 2 8.30227
      vertex -2.12132 2 9.12132
    endloop
  endfacet
  facet normal 0 1 -0
    outer loop
      vertex -1.20208 2 8.20208
      vertex -2.12132 2 9.12132
      vertex -1.09274 2 8.30227
    endloop
  endfacet
  facet normal 0 1 0
    outer loop
      vertex -2.12132 2 9.12132
      vertex -1.20208 2 8.20208
      vertex -2.29813 2 8.92836
    endloop
  endfacet
  facet normal 0 1 -0
    outer loop
      vertex -1.30227 2 8.09274
      vertex -2.29813 2 8.92836
      vertex -1.20208 2 8.20208
    endloop
  endfacet
  facet normal 0 1 0
    outer loop
      vertex -2.29813 2 8.92836
      vertex -1.30227 2 8.09274
      vertex -2.45746 2 8.72073
    endloop
  endfacet
  facet normal 0 1 -0
    outer loop
      vertex -1.39256 2 7.97508
      vertex -2.45746 2 8.72073
      vertex -1.30227 2 8.09274
    endloop
  endfacet
  facet normal 0 1 0
    outer loop
      vertex -2.45746 2 8.72073
      vertex -1.39256 2 7.97508
      vertex -2.59808 2 8.5
    endloop
  endfacet
  facet normal 0 1 -0
    outer loop
      vertex -1.47224 2 7.85
      vertex -2.59808 2 8.5
      vertex -1.39256 2 7.97508
    endloop
  endfacet
  facet normal 0 1 0
    outer loop
      vertex -2.59808 2 8.5
      vertex -1.47224 2 7.85
      vertex -2.71892 2 8.26785
    endloop
  endfacet
  facet normal 0 1 -0
    outer loop
      vertex -1.54072 2 7.71845
      vertex -2.71892 2 8.26785
      vertex -1.47224 2 7.85
    endloop
  endfacet
  facet normal 0 1 0
    outer loop
      vertex -2.71892 2 8.26785
      vertex -1.54072 2 7.71845
      vertex -2.81908 2 8.02606
    endloop
  endfacet
  facet normal 0 1 -0
    outer loop
      vertex -1.59748 2 7.58143
      vertex -2.81908 2 8.02606
      vertex -1.54072 2 7.71845
    endloop
  endfacet
  facet normal 0 1 0
    outer loop
      vertex -2.81908 2 8.02606
      vertex -1.59748 2 7.58143
      vertex -2.89778 2 7.77646
    endloop
  endfacet
  facet normal 0 1 -0
    outer loop
      vertex -1.64207 2 7.43999
      vertex -2.89778 2 7.77646
      vertex -1.59748 2 7.58143
    endloop
  endfacet
  facet normal 0 1 0
    outer loop
      vertex -2.89778 2 7.77646
      vertex -1.64207 2 7.43999
      vertex -2.95442 2 7.52094
    endloop
  endfacet
  facet normal 0 1 -0
    outer loop
      vertex -1.67417 2 7.2952
      vertex -2.95442 2 7.52094
      vertex -1.64207 2 7.43999
    endloop
  endfacet
  facet normal 0 1 0
    outer loop
      vertex -1.67417 2 7.2952
      vertex -2.98858 2 7.26147
      vertex -2.95442 2 7.52094
    endloop
  endfacet
  facet normal 0 1 -0
    outer loop
      vertex -1.69353 2 7.14816
      vertex -2.98858 2 7.26147
      vertex -1.67417 2 7.2952
    endloop
  endfacet
  facet normal 0 1 -0
    outer loop
      vertex -1.7 2 7
      vertex -2.98858 2 7.26147
      vertex -1.69353 2 7.14816
    endloop
  endfacet
  facet normal 0 1 0
    outer loop
      vertex -1.7 2 7
      vertex -3 2 7
      vertex -2.98858 2 7.26147
    endloop
  endfacet
  facet normal 0 1 0
    outer loop
      vertex -1.69353 2 6.85183
      vertex -3 2 7
      vertex -1.7 2 7
    endloop
  endfacet
  facet normal 0 1 0
    outer loop
      vertex -1.69353 2 6.85183
      vertex -2.98858 2 6.73853
      vertex -3 2 7
    endloop
  endfacet
  facet normal 0 1 0
    outer loop
      vertex -1.67417 2 6.7048
      vertex -2.98858 2 6.73853
      vertex -1.69353 2 6.85183
    endloop
  endfacet
  facet normal 0 1 0
    outer loop
      vertex -2.95442 2 6.47906
      vertex -1.67417 2 6.7048
      vertex -1.64207 2 6.56001
    endloop
  endfacet
  facet normal 0 1 0
    outer loop
      vertex -1.67417 2 6.7048
      vertex -2.95442 2 6.47906
      vertex -2.98858 2 6.73853
    endloop
  endfacet
  facet normal 0 1 0
    outer loop
      vertex -2.89778 2 6.22354
      vertex -1.64207 2 6.56001
      vertex -1.59748 2 6.41857
    endloop
  endfacet
  facet normal 0 1 0
    outer loop
      vertex -2.81908 2 5.97394
      vertex -1.59748 2 6.41857
      vertex -1.54072 2 6.28155
    endloop
  endfacet
  facet normal 0 1 0
    outer loop
      vertex -1.64207 2 6.56001
      vertex -2.89778 2 6.22354
      vertex -2.95442 2 6.47906
    endloop
  endfacet
  facet normal 0 1 0
    outer loop
      vertex -2.71892 2 5.73214
      vertex -1.54072 2 6.28155
      vertex -1.47224 2 6.15
    endloop
  endfacet
  facet normal 0 1 0
    outer loop
      vertex -2.59808 2 5.5
      vertex -1.47224 2 6.15
      vertex -1.39256 2 6.02492
    endloop
  endfacet
  facet normal 0 1 0
    outer loop
      vertex -1.59748 2 6.41857
      vertex -2.81908 2 5.97394
      vertex -2.89778 2 6.22354
    endloop
  endfacet
  facet normal 0 1 0
    outer loop
      vertex -2.45746 2 5.27927
      vertex -1.39256 2 6.02492
      vertex -1.30227 2 5.90726
    endloop
  endfacet
  facet normal 0 1 0
    outer loop
      vertex -2.29813 2 5.07164
      vertex -1.30227 2 5.90726
      vertex -1.20208 2 5.79792
    endloop
  endfacet
  facet normal 0 1 0
    outer loop
      vertex -1.54072 2 6.28155
      vertex -2.71892 2 5.73214
      vertex -2.81908 2 5.97394
    endloop
  endfacet
  facet normal 0 1 0
    outer loop
      vertex -2.12132 2 4.87868
      vertex -1.20208 2 5.79792
      vertex -1.09274 2 5.69772
    endloop
  endfacet
  facet normal 0 1 0
    outer loop
      vertex -1.92836 2 4.70187
      vertex -1.09274 2 5.69772
      vertex -0.97508 2 5.60744
    endloop
  endfacet
  facet normal 0 1 0
    outer loop
      vertex -1.72073 2 4.54254
      vertex -0.97508 2 5.60744
      vertex -0.849999 2 5.52776
    endloop
  endfacet
  facet normal 0 1 0
    outer loop
      vertex -1.47224 2 6.15
      vertex -2.59808 2 5.5
      vertex -2.71892 2 5.73214
    endloop
  endfacet
  facet normal 0 1 0
    outer loop
      vertex -1.5 2 4.40192
      vertex -0.849999 2 5.52776
      vertex -0.718451 2 5.45928
    endloop
  endfacet
  facet normal 0 1 0
    outer loop
      vertex -1.26785 2 4.28108
      vertex -0.718451 2 5.45928
      vertex -0.581433 2 5.40252
    endloop
  endfacet
  facet normal 0 1 0
    outer loop
      vertex -1.02606 2 4.18092
      vertex -0.581433 2 5.40252
      vertex -0.439992 2 5.35793
    endloop
  endfacet
  facet normal 0 1 0
    outer loop
      vertex -0.776457 2 4.10222
      vertex -0.439992 2 5.35793
      vertex -0.295201 2 5.32583
    endloop
  endfacet
  facet normal 0 1 0
    outer loop
      vertex -0.520944 2 4.04558
      vertex -0.295201 2 5.32583
      vertex -0.148165 2 5.30647
    endloop
  endfacet
  facet normal 0 1 0
    outer loop
      vertex -1.39256 2 6.02492
      vertex -2.45746 2 5.27927
      vertex -2.59808 2 5.5
    endloop
  endfacet
  facet normal 0 1 0
    outer loop
      vertex -0.261467 2 4.01142
      vertex -0.148165 2 5.30647
      vertex 0 2 5.3
    endloop
  endfacet
  facet normal 0 1 -0
    outer loop
      vertex 1.26785 2 4.28108
      vertex 0.718451 2 5.45928
      vertex 1.5 2 4.40192
    endloop
  endfacet
  facet normal 0 1 0
    outer loop
      vertex 0.718451 2 5.45928
      vertex 1.26785 2 4.28108
      vertex 0.581433 2 5.40252
    endloop
  endfacet
  facet normal 0 1 0
    outer loop
      vertex -1.30227 2 5.90726
      vertex -2.29813 2 5.07164
      vertex -2.45746 2 5.27927
    endloop
  endfacet
  facet normal 0 1 -0
    outer loop
      vertex 1.02606 2 4.18092
      vertex 0.581433 2 5.40252
      vertex 1.26785 2 4.28108
    endloop
  endfacet
  facet normal 0 1 0
    outer loop
      vertex -1.20208 2 5.79792
      vertex -2.12132 2 4.87868
      vertex -2.29813 2 5.07164
    endloop
  endfacet
  facet normal 0 1 0
    outer loop
      vertex 0.581433 2 5.40252
      vertex 1.02606 2 4.18092
      vertex 0.439992 2 5.35793
    endloop
  endfacet
  facet normal 0 1 0
    outer loop
      vertex -1.09274 2 5.69772
      vertex -1.92836 2 4.70187
      vertex -2.12132 2 4.87868
    endloop
  endfacet
  facet normal 0 1 -0
    outer loop
      vertex 0.776457 2 4.10222
      vertex 0.439992 2 5.35793
      vertex 1.02606 2 4.18092
    endloop
  endfacet
  facet normal 0 1 0
    outer loop
      vertex -0.97508 2 5.60744
      vertex -1.72073 2 4.54254
      vertex -1.92836 2 4.70187
    endloop
  endfacet
  facet normal 0 1 0
    outer loop
      vertex 0.439992 2 5.35793
      vertex 0.776457 2 4.10222
      vertex 0.295201 2 5.32583
    endloop
  endfacet
  facet normal 0 1 0
    outer loop
      vertex -0.849999 2 5.52776
      vertex -1.5 2 4.40192
      vertex -1.72073 2 4.54254
    endloop
  endfacet
  facet normal 0 1 -0
    outer loop
      vertex 0.520944 2 4.04558
      vertex 0.295201 2 5.32583
      vertex 0.776457 2 4.10222
    endloop
  endfacet
  facet normal 0 1 0
    outer loop
      vertex -0.718451 2 5.45928
      vertex -1.26785 2 4.28108
      vertex -1.5 2 4.40192
    endloop
  endfacet
  facet normal 0 1 0
    outer loop
      vertex 0.295201 2 5.32583
      vertex 0.520944 2 4.04558
      vertex 0.148165 2 5.30647
    endloop
  endfacet
  facet normal 0 1 0
    outer loop
      vertex -0.581433 2 5.40252
      vertex -1.02606 2 4.18092
      vertex -1.26785 2 4.28108
    endloop
  endfacet
  facet normal 0 1 -0
    outer loop
      vertex 0.261467 2 4.01142
      vertex 0.148165 2 5.30647
      vertex 0.520944 2 4.04558
    endloop
  endfacet
  facet normal 0 1 0
    outer loop
      vertex -0.439992 2 5.35793
      vertex -0.776457 2 4.10222
      vertex -1.02606 2 4.18092
    endloop
  endfacet
  facet normal 0 1 0
    outer loop
      vertex 0.148165 2 5.30647
      vertex 0.261467 2 4.01142
      vertex 0 2 5.3
    endloop
  endfacet
  facet normal 0 1 0
    outer loop
      vertex -0.295201 2 5.32583
      vertex -0.520944 2 4.04558
      vertex -0.776457 2 4.10222
    endloop
  endfacet
  facet normal 0 1 0
    outer loop
      vertex 0 2 4
      vertex 0 2 5.3
      vertex 0.261467 2 4.01142
    endloop
  endfacet
  facet normal 0 1 0
    outer loop
      vertex -0.148165 2 5.30647
      vertex -0.261467 2 4.01142
      vertex -0.520944 2 4.04558
    endloop
  endfacet
  facet normal 0 1 0
    outer loop
      vertex 0 2 5.3
      vertex 0 2 4
      vertex -0.261467 2 4.01142
    endloop
  endfacet
  facet normal -0.92387 0 -0.382707
    outer loop
      vertex 2.81908 2 8.02606
      vertex 2.71892 4 8.26785
      vertex 2.81908 4 8.02606
    endloop
  endfacet
  facet normal -0.92387 -0 -0.382707
    outer loop
      vertex 2.71892 4 8.26785
      vertex 2.81908 2 8.02606
      vertex 2.71892 2 8.26785
    endloop
  endfacet
  facet normal -0.887026 0 -0.46172
    outer loop
      vertex 2.71892 2 8.26785
      vertex 2.59808 4 8.5
      vertex 2.71892 4 8.26785
    endloop
  endfacet
  facet normal -0.887026 -0 -0.46172
    outer loop
      vertex 2.59808 4 8.5
      vertex 2.71892 2 8.26785
      vertex 2.59808 2 8.5
    endloop
  endfacet
  facet normal -0.675593 0 0.737275
    outer loop
      vertex 2 4 4.76751
      vertex 2.12132 2 4.87868
      vertex 2.12132 4 4.87868
    endloop
  endfacet
  facet normal -0.675557 0 0.737308
    outer loop
      vertex 1.92836 2 4.70187
      vertex 2 4 4.76751
      vertex 1.92836 4 4.70187
    endloop
  endfacet
  facet normal -0.675579 1.4787e-06 0.737287
    outer loop
      vertex 2 4 4.76751
      vertex 1.92836 2 4.70187
      vertex 2.12132 2 4.87868
    endloop
  endfacet
  facet normal 0.737287 0 -0.675579
    outer loop
      vertex -2.12132 2 9.12132
      vertex -2.29813 4 8.92836
      vertex -2.12132 4 9.12132
    endloop
  endfacet
  facet normal 0.737287 0 -0.675579
    outer loop
      vertex -2.29813 4 8.92836
      vertex -2.12132 2 9.12132
      vertex -2.29813 2 8.92836
    endloop
  endfacet
  facet normal -0.976302 0 0.216413
    outer loop
      vertex 2.89778 2 6.22354
      vertex 2.95442 4 6.47906
      vertex 2.89778 4 6.22354
    endloop
  endfacet
  facet normal -0.976302 0 0.216413
    outer loop
      vertex 2.95442 4 6.47906
      vertex 2.89778 2 6.22354
      vertex 2.95442 2 6.47906
    endloop
  endfacet
  facet normal 0.537298 0 -0.843392
    outer loop
      vertex -1.72073 2 9.45746
      vertex -1.5 4 9.59808
      vertex -1.5 2 9.59808
    endloop
  endfacet
  facet normal 0.537298 0 -0.843392
    outer loop
      vertex -1.5 4 9.59808
      vertex -1.72073 2 9.45746
      vertex -1.72073 4 9.45746
    endloop
  endfacet
  facet normal 0.46172 0 -0.887026
    outer loop
      vertex -1.5 2 9.59808
      vertex -1.26785 4 9.71892
      vertex -1.26785 2 9.71892
    endloop
  endfacet
  facet normal 0.46172 0 -0.887026
    outer loop
      vertex -1.26785 4 9.71892
      vertex -1.5 2 9.59808
      vertex -1.5 4 9.59808
    endloop
  endfacet
  facet normal 0.999048 -0 0.0436345
    outer loop
      vertex -3 2 7
      vertex -2.98858 4 6.73853
      vertex -3 4 7
    endloop
  endfacet
  facet normal 0.999048 0 0.0436345
    outer loop
      vertex -2.98858 4 6.73853
      vertex -3 2 7
      vertex -2.98858 2 6.73853
    endloop
  endfacet
  facet normal -0.608785 0 -0.793335
    outer loop
      vertex 1.72073 2 9.45746
      vertex 1.92836 4 9.29813
      vertex 1.92836 2 9.29813
    endloop
  endfacet
  facet normal -0.608785 0 -0.793335
    outer loop
      vertex 1.92836 4 9.29813
      vertex 1.72073 2 9.45746
      vertex 1.72073 4 9.45746
    endloop
  endfacet
  facet normal -0.300707 0 0.953716
    outer loop
      vertex 0.776457 4 4.10222
      vertex 1.02606 2 4.18092
      vertex 1.02606 4 4.18092
    endloop
  endfacet
  facet normal -0.300707 0 0.953716
    outer loop
      vertex 1.02606 2 4.18092
      vertex 0.776457 4 4.10222
      vertex 0.776457 2 4.10222
    endloop
  endfacet
  facet normal 0.675557 0 -0.737308
    outer loop
      vertex -1.92836 2 9.29813
      vertex -2 4 9.23249
      vertex -1.92836 4 9.29813
    endloop
  endfacet
  facet normal 0.675579 1.4787e-06 -0.737287
    outer loop
      vertex -2.12132 2 9.12132
      vertex -2 4 9.23249
      vertex -1.92836 2 9.29813
    endloop
  endfacet
  facet normal 0.675593 0 -0.737275
    outer loop
      vertex -2 4 9.23249
      vertex -2.12132 2 9.12132
      vertex -2.12132 4 9.12132
    endloop
  endfacet
  facet normal 1 -0 0
    outer loop
      vertex 9 0 11
      vertex 9 4 -11
      vertex 9 4 11
    endloop
  endfacet
  facet normal 1 0 0
    outer loop
      vertex 9 4 -11
      vertex 9 0 11
      vertex 9 0 -11
    endloop
  endfacet
  facet normal -0 0 1
    outer loop
      vertex 2 4 11
      vertex 9 0 11
      vertex 9 4 11
    endloop
  endfacet
  facet normal -0 0 1
    outer loop
      vertex -2 4 11
      vertex 9 0 11
      vertex 2 4 11
    endloop
  endfacet
  facet normal 0 0 1
    outer loop
      vertex -9 0 11
      vertex -2 4 11
      vertex -9 4 11
    endloop
  endfacet
  facet normal 0 0 1
    outer loop
      vertex -2 4 11
      vertex -9 0 11
      vertex 9 0 11
    endloop
  endfacet
  facet normal 0 0 -1
    outer loop
      vertex 9 0 -11
      vertex 2 4 -11
      vertex 9 4 -11
    endloop
  endfacet
  facet normal 0 0 -1
    outer loop
      vertex 2 4 -11
      vertex -2 4 -11
      vertex 2 8 -11
    endloop
  endfacet
  facet normal 0 0 -1
    outer loop
      vertex 9 0 -11
      vertex -2 4 -11
      vertex 2 4 -11
    endloop
  endfacet
  facet normal 0 0 -1
    outer loop
      vertex -9 0 -11
      vertex -2 4 -11
      vertex 9 0 -11
    endloop
  endfacet
  facet normal -0 0 -1
    outer loop
      vertex -2 4 -11
      vertex -9 0 -11
      vertex -9 4 -11
    endloop
  endfacet
  facet normal -0 0 -1
    outer loop
      vertex 2 8 -11
      vertex -2 4 -11
      vertex -2 8 -11
    endloop
  endfacet
  facet normal -1 0 0
    outer loop
      vertex -9 0 -11
      vertex -9 4 11
      vertex -9 4 -11
    endloop
  endfacet
  facet normal -1 -0 0
    outer loop
      vertex -9 4 11
      vertex -9 0 -11
      vertex -9 0 11
    endloop
  endfacet
  facet normal 0 -1 0
    outer loop
      vertex -2 4 11
      vertex 2 4 21
      vertex -2 4 21
    endloop
  endfacet
  facet normal 0 -1 -0
    outer loop
      vertex 2 4 21
      vertex -2 4 11
      vertex 2 4 11
    endloop
  endfacet
  facet normal 0 1 -0
    outer loop
      vertex 2.45746 4 8.72073
      vertex 2 4 11
      vertex 9 4 11
    endloop
  endfacet
  facet normal 0 1 0
    outer loop
      vertex 2 4 11
      vertex 2.12132 4 9.12132
      vertex 2 4 9.23249
    endloop
  endfacet
  facet normal 0 1 0
    outer loop
      vertex 2 4 11
      vertex 2.29813 4 8.92836
      vertex 2.12132 4 9.12132
    endloop
  endfacet
  facet normal 0 1 0
    outer loop
      vertex 2 4 11
      vertex 2.45746 4 8.72073
      vertex 2.29813 4 8.92836
    endloop
  endfacet
  facet normal 0 1 0
    outer loop
      vertex 9 4 11
      vertex 2.59808 4 8.5
      vertex 2.45746 4 8.72073
    endloop
  endfacet
  facet normal 0 1 0
    outer loop
      vertex 9 4 11
      vertex 2.71892 4 8.26785
      vertex 2.59808 4 8.5
    endloop
  endfacet
  facet normal 0 1 0
    outer loop
      vertex 9 4 11
      vertex 2.81908 4 8.02606
      vertex 2.71892 4 8.26785
    endloop
  endfacet
  facet normal 0 1 0
    outer loop
      vertex 9 4 11
      vertex 2.89778 4 7.77646
      vertex 2.81908 4 8.02606
    endloop
  endfacet
  facet normal 0 1 0
    outer loop
      vertex 9 4 11
      vertex 2.95442 4 7.52094
      vertex 2.89778 4 7.77646
    endloop
  endfacet
  facet normal 0 1 0
    outer loop
      vertex 9 4 11
      vertex 2.98858 4 7.26147
      vertex 2.95442 4 7.52094
    endloop
  endfacet
  facet normal 0 1 0
    outer loop
      vertex 9 4 11
      vertex 3 4 7
      vertex 2.98858 4 7.26147
    endloop
  endfacet
  facet normal 0 1 0
    outer loop
      vertex 9 4 11
      vertex 2.98858 4 6.73853
      vertex 3 4 7
    endloop
  endfacet
  facet normal 0 1 0
    outer loop
      vertex 9 4 11
      vertex 2.95442 4 6.47906
      vertex 2.98858 4 6.73853
    endloop
  endfacet
  facet normal 0 1 0
    outer loop
      vertex 9 4 11
      vertex 2.89778 4 6.22354
      vertex 2.95442 4 6.47906
    endloop
  endfacet
  facet normal 0 1 0
    outer loop
      vertex 9 4 11
      vertex 2.81908 4 5.97394
      vertex 2.89778 4 6.22354
    endloop
  endfacet
  facet normal 0 1 0
    outer loop
      vertex 9 4 11
      vertex 2.71892 4 5.73214
      vertex 2.81908 4 5.97394
    endloop
  endfacet
  facet normal 0 1 0
    outer loop
      vertex 9 4 11
      vertex 2.59808 4 5.5
      vertex 2.71892 4 5.73214
    endloop
  endfacet
  facet normal 0 1 0
    outer loop
      vertex 2.59808 4 -5.5
      vertex 2.59808 4 5.5
      vertex 9 4 11
    endloop
  endfacet
  facet normal 0 1 0
    outer loop
      vertex 2.59808 4 5.5
      vertex 2.59808 4 -5.5
      vertex 2.45746 4 5.27927
    endloop
  endfacet
  facet normal -0 1 0
    outer loop
      vertex 2.45746 4 -5.27927
      vertex 2.45746 4 5.27927
      vertex 2.59808 4 -5.5
    endloop
  endfacet
  facet normal 0 1 0
    outer loop
      vertex 2.45746 4 5.27927
      vertex 2.45746 4 -5.27927
      vertex 2.29813 4 5.07164
    endloop
  endfacet
  facet normal -0 1 0
    outer loop
      vertex 2.29813 4 -5.07164
      vertex 2.29813 4 5.07164
      vertex 2.45746 4 -5.27927
    endloop
  endfacet
  facet normal 0 1 0
    outer loop
      vertex 2 4 4.76751
      vertex 2.12132 4 -4.87868
      vertex 2 4 -4.76751
    endloop
  endfacet
  facet normal 0 1 0
    outer loop
      vertex 2.12132 4 4.87868
      vertex 2.12132 4 -4.87868
      vertex 2 4 4.76751
    endloop
  endfacet
  facet normal -0 1 0
    outer loop
      vertex 2.12132 4 -4.87868
      vertex 2.12132 4 4.87868
      vertex 2.29813 4 -5.07164
    endloop
  endfacet
  facet normal 0 1 0
    outer loop
      vertex 2.29813 4 5.07164
      vertex 2.29813 4 -5.07164
      vertex 2.12132 4 4.87868
    endloop
  endfacet
  facet normal 0 1 -0
    outer loop
      vertex 9 4 -11
      vertex 2.59808 4 -5.5
      vertex 9 4 11
    endloop
  endfacet
  facet normal 0 1 0
    outer loop
      vertex 2.59808 4 -5.5
      vertex 9 4 -11
      vertex 2.71892 4 -5.73214
    endloop
  endfacet
  facet normal 0 1 0
    outer loop
      vertex 2.71892 4 -5.73214
      vertex 9 4 -11
      vertex 2.81908 4 -5.97394
    endloop
  endfacet
  facet normal 0 1 0
    outer loop
      vertex 2.81908 4 -5.97394
      vertex 9 4 -11
      vertex 2.89778 4 -6.22354
    endloop
  endfacet
  facet normal 0 1 0
    outer loop
      vertex 2.89778 4 -6.22354
      vertex 9 4 -11
      vertex 2.95442 4 -6.47906
    endloop
  endfacet
  facet normal 0 1 0
    outer loop
      vertex 2.95442 4 -6.47906
      vertex 9 4 -11
      vertex 2.98858 4 -6.73853
    endloop
  endfacet
  facet normal 0 1 0
    outer loop
      vertex 2.98858 4 -6.73853
      vertex 9 4 -11
      vertex 3 4 -7
    endloop
  endfacet
  facet normal 0 1 0
    outer loop
      vertex 3 4 -7
      vertex 9 4 -11
      vertex 2.98858 4 -7.26147
    endloop
  endfacet
  facet normal 0 1 0
    outer loop
      vertex 2.98858 4 -7.26147
      vertex 9 4 -11
      vertex 2.95442 4 -7.52094
    endloop
  endfacet
  facet normal 0 1 0
    outer loop
      vertex 2.95442 4 -7.52094
      vertex 9 4 -11
      vertex 2.89778 4 -7.77646
    endloop
  endfacet
  facet normal 0 1 0
    outer loop
      vertex 2.89778 4 -7.77646
      vertex 9 4 -11
      vertex 2.81908 4 -8.02606
    endloop
  endfacet
  facet normal 0 1 0
    outer loop
      vertex 9 4 -11
      vertex 2.71892 4 -8.26785
      vertex 2.81908 4 -8.02606
    endloop
  endfacet
  facet normal 0 1 0
    outer loop
      vertex 9 4 -11
      vertex 2.59808 4 -8.5
      vertex 2.71892 4 -8.26785
    endloop
  endfacet
  facet normal 0 1 0
    outer loop
      vertex 9 4 -11
      vertex 2.45746 4 -8.72073
      vertex 2.59808 4 -8.5
    endloop
  endfacet
  facet normal 0 1 0
    outer loop
      vertex 2 4 -11
      vertex 2.45746 4 -8.72073
      vertex 9 4 -11
    endloop
  endfacet
  facet normal 0 1 0
    outer loop
      vertex 2.45746 4 -8.72073
      vertex 2 4 -11
      vertex 2.29813 4 -8.92836
    endloop
  endfacet
  facet normal 0 1 0
    outer loop
      vertex 2.29813 4 -8.92836
      vertex 2 4 -11
      vertex 2.12132 4 -9.12132
    endloop
  endfacet
  facet normal 0 1 0
    outer loop
      vertex 2.12132 4 -9.12132
      vertex 2 4 -11
      vertex 2 4 -9.23249
    endloop
  endfacet
  facet normal 0 1 0
    outer loop
      vertex -2.12132 4 9.12132
      vertex -2 4 11
      vertex -2 4 9.23249
    endloop
  endfacet
  facet normal 0 1 0
    outer loop
      vertex -2.29813 4 8.92836
      vertex -2 4 11
      vertex -2.12132 4 9.12132
    endloop
  endfacet
  facet normal 0 1 0
    outer loop
      vertex -2.45746 4 8.72073
      vertex -2 4 11
      vertex -2.29813 4 8.92836
    endloop
  endfacet
  facet normal 0 1 0
    outer loop
      vertex -2 4 11
      vertex -2.45746 4 8.72073
      vertex -9 4 11
    endloop
  endfacet
  facet normal 0 1 -0
    outer loop
      vertex -2.59808 4 8.5
      vertex -9 4 11
      vertex -2.45746 4 8.72073
    endloop
  endfacet
  facet normal 0 1 -0
    outer loop
      vertex -2.71892 4 8.26785
      vertex -9 4 11
      vertex -2.59808 4 8.5
    endloop
  endfacet
  facet normal 0 1 -0
    outer loop
      vertex -2.81908 4 8.02606
      vertex -9 4 11
      vertex -2.71892 4 8.26785
    endloop
  endfacet
  facet normal 0 1 -0
    outer loop
      vertex -2.89778 4 7.77646
      vertex -9 4 11
      vertex -2.81908 4 8.02606
    endloop
  endfacet
  facet normal 0 1 -0
    outer loop
      vertex -2.95442 4 7.52094
      vertex -9 4 11
      vertex -2.89778 4 7.77646
    endloop
  endfacet
  facet normal 0 1 -0
    outer loop
      vertex -2.98858 4 7.26147
      vertex -9 4 11
      vertex -2.95442 4 7.52094
    endloop
  endfacet
  facet normal 0 1 -0
    outer loop
      vertex -3 4 7
      vertex -9 4 11
      vertex -2.98858 4 7.26147
    endloop
  endfacet
  facet normal 0 1 0
    outer loop
      vertex -2.98858 4 6.73853
      vertex -9 4 11
      vertex -3 4 7
    endloop
  endfacet
  facet normal 0 1 0
    outer loop
      vertex -2.95442 4 6.47906
      vertex -9 4 11
      vertex -2.98858 4 6.73853
    endloop
  endfacet
  facet normal 0 1 0
    outer loop
      vertex -2.89778 4 6.22354
      vertex -9 4 11
      vertex -2.95442 4 6.47906
    endloop
  endfacet
  facet normal 0 1 0
    outer loop
      vertex -2.81908 4 5.97394
      vertex -9 4 11
      vertex -2.89778 4 6.22354
    endloop
  endfacet
  facet normal 0 1 0
    outer loop
      vertex -2.71892 4 5.73214
      vertex -9 4 11
      vertex -2.81908 4 5.97394
    endloop
  endfacet
  facet normal 0 1 0
    outer loop
      vertex -2.59808 4 5.5
      vertex -9 4 11
      vertex -2.71892 4 5.73214
    endloop
  endfacet
  facet normal 0 1 0
    outer loop
      vertex -2.59808 4 -5.5
      vertex -2.59808 4 5.5
      vertex -2.45746 4 5.27927
    endloop
  endfacet
  facet normal 0 1 0
    outer loop
      vertex -2.45746 4 -5.27927
      vertex -2.45746 4 5.27927
      vertex -2.29813 4 5.07164
    endloop
  endfacet
  facet normal 0 1 0
    outer loop
      vertex -2.29813 4 -5.07164
      vertex -2.29813 4 5.07164
      vertex -2.12132 4 4.87868
    endloop
  endfacet
  facet normal 0 1 0
    outer loop
      vertex -2.12132 4 -4.87868
      vertex -2.12132 4 4.87868
      vertex -2 4 4.76751
    endloop
  endfacet
  facet normal 0 1 0
    outer loop
      vertex -2.12132 4 -4.87868
      vertex -2 4 4.76751
      vertex -2 4 -4.76751
    endloop
  endfacet
  facet normal 0 1 0
    outer loop
      vertex -2.12132 4 4.87868
      vertex -2.12132 4 -4.87868
      vertex -2.29813 4 -5.07164
    endloop
  endfacet
  facet normal 0 1 0
    outer loop
      vertex -2.29813 4 5.07164
      vertex -2.29813 4 -5.07164
      vertex -2.45746 4 -5.27927
    endloop
  endfacet
  facet normal 0 1 0
    outer loop
      vertex -2.45746 4 5.27927
      vertex -2.45746 4 -5.27927
      vertex -2.59808 4 -5.5
    endloop
  endfacet
  facet normal 0 1 0
    outer loop
      vertex -2.59808 4 5.5
      vertex -2.59808 4 -5.5
      vertex -9 4 11
    endloop
  endfacet
  facet normal 0 1 0
    outer loop
      vertex -9 4 -11
      vertex -2.59808 4 -5.5
      vertex -2.71892 4 -5.73214
    endloop
  endfacet
  facet normal 0 1 0
    outer loop
      vertex -9 4 -11
      vertex -2.71892 4 -5.73214
      vertex -2.81908 4 -5.97394
    endloop
  endfacet
  facet normal 0 1 0
    outer loop
      vertex -9 4 -11
      vertex -2.81908 4 -5.97394
      vertex -2.89778 4 -6.22354
    endloop
  endfacet
  facet normal 0 1 0
    outer loop
      vertex -9 4 -11
      vertex -2.89778 4 -6.22354
      vertex -2.95442 4 -6.47906
    endloop
  endfacet
  facet normal 0 1 0
    outer loop
      vertex -9 4 -11
      vertex -2.95442 4 -6.47906
      vertex -2.98858 4 -6.73853
    endloop
  endfacet
  facet normal 0 1 0
    outer loop
      vertex -9 4 -11
      vertex -2.98858 4 -6.73853
      vertex -3 4 -7
    endloop
  endfacet
  facet normal 0 1 0
    outer loop
      vertex -9 4 -11
      vertex -3 4 -7
      vertex -2.98858 4 -7.26147
    endloop
  endfacet
  facet normal 0 1 0
    outer loop
      vertex -9 4 -11
      vertex -2.98858 4 -7.26147
      vertex -2.95442 4 -7.52094
    endloop
  endfacet
  facet normal 0 1 0
    outer loop
      vertex -9 4 -11
      vertex -2.95442 4 -7.52094
      vertex -2.89778 4 -7.77646
    endloop
  endfacet
  facet normal 0 1 0
    outer loop
      vertex -9 4 -11
      vertex -2.89778 4 -7.77646
      vertex -2.81908 4 -8.02606
    endloop
  endfacet
  facet normal 0 1 -0
    outer loop
      vertex -2 4 -11
      vertex -2.12132 4 -9.12132
      vertex -2 4 -9.23249
    endloop
  endfacet
  facet normal 0 1 0
    outer loop
      vertex -2 4 -11
      vertex -2.29813 4 -8.92836
      vertex -2.12132 4 -9.12132
    endloop
  endfacet
  facet normal 0 1 0
    outer loop
      vertex -2 4 -11
      vertex -2.45746 4 -8.72073
      vertex -2.29813 4 -8.92836
    endloop
  endfacet
  facet normal 0 1 0
    outer loop
      vertex -2 4 -11
      vertex -2.59808 4 -8.5
      vertex -2.45746 4 -8.72073
    endloop
  endfacet
  facet normal 0 1 0
    outer loop
      vertex -9 4 -11
      vertex -2.59808 4 -8.5
      vertex -2 4 -11
    endloop
  endfacet
  facet normal 0 1 0
    outer loop
      vertex -2.59808 4 -8.5
      vertex -9 4 -11
      vertex -2.71892 4 -8.26785
    endloop
  endfacet
  facet normal 0 1 0
    outer loop
      vertex -2.71892 4 -8.26785
      vertex -9 4 -11
      vertex -2.81908 4 -8.02606
    endloop
  endfacet
  facet normal 0 1 0
    outer loop
      vertex -2.59808 4 -5.5
      vertex -9 4 -11
      vertex -9 4 11
    endloop
  endfacet
  facet normal 0 -1 0
    outer loop
      vertex -1.92836 4 -9.29813
      vertex -2 4 -9
      vertex -2 4 -9.23249
    endloop
  endfacet
  facet normal 0 -1 0
    outer loop
      vertex -1.5 4 -9.59808
      vertex -2 4 -9
      vertex -1.72073 4 -9.45746
    endloop
  endfacet
  facet normal 0 -1 0
    outer loop
      vertex -2 4 -9
      vertex -1.92836 4 -9.29813
      vertex -1.72073 4 -9.45746
    endloop
  endfacet
  facet normal 0 -1 0
    outer loop
      vertex -1.26785 4 -9.71892
      vertex -2 4 -9
      vertex -1.5 4 -9.59808
    endloop
  endfacet
  facet normal -0 -1 0
    outer loop
      vertex 1.92836 4 -9.29813
      vertex 2 4 -9
      vertex 1.72073 4 -9.45746
    endloop
  endfacet
  facet normal 0 -1 -0
    outer loop
      vertex 2 4 -9
      vertex 1.92836 4 -9.29813
      vertex 2 4 -9.23249
    endloop
  endfacet
  facet normal 0 -1 0
    outer loop
      vertex -1.02606 4 -9.81908
      vertex -2 4 -9
      vertex -1.26785 4 -9.71892
    endloop
  endfacet
  facet normal 0 -1 0
    outer loop
      vertex 2 4 -9
      vertex 1.5 4 -9.59808
      vertex 1.72073 4 -9.45746
    endloop
  endfacet
  facet normal 0 -1 0
    outer loop
      vertex -0.776457 4 -9.89778
      vertex -2 4 -9
      vertex -1.02606 4 -9.81908
    endloop
  endfacet
  facet normal 0 -1 0
    outer loop
      vertex 2 4 -9
      vertex 1.26785 4 -9.71892
      vertex 1.5 4 -9.59808
    endloop
  endfacet
  facet normal 0 -1 0
    outer loop
      vertex -0.520944 4 -9.95442
      vertex -2 4 -9
      vertex -0.776457 4 -9.89778
    endloop
  endfacet
  facet normal 0 -1 0
    outer loop
      vertex 2 4 -9
      vertex 1.02606 4 -9.81908
      vertex 1.26785 4 -9.71892
    endloop
  endfacet
  facet normal 0 -1 0
    outer loop
      vertex -0.261467 4 -9.98858
      vertex -2 4 -9
      vertex -0.520944 4 -9.95442
    endloop
  endfacet
  facet normal 0 -1 0
    outer loop
      vertex 2 4 -9
      vertex 0.776457 4 -9.89778
      vertex 1.02606 4 -9.81908
    endloop
  endfacet
  facet normal 0 -1 0
    outer loop
      vertex -2 4 -9
      vertex -0.261467 4 -9.98858
      vertex 2 4 -9
    endloop
  endfacet
  facet normal 0 -1 0
    outer loop
      vertex 2 4 -9
      vertex 0.520944 4 -9.95442
      vertex 0.776457 4 -9.89778
    endloop
  endfacet
  facet normal 0 -1 0
    outer loop
      vertex 0 4 -10
      vertex 2 4 -9
      vertex -0.261467 4 -9.98858
    endloop
  endfacet
  facet normal 0 -1 0
    outer loop
      vertex 2 4 -9
      vertex 0.261467 4 -9.98858
      vertex 0.520944 4 -9.95442
    endloop
  endfacet
  facet normal 0 -1 0
    outer loop
      vertex 2 4 -9
      vertex 0 4 -10
      vertex 0.261467 4 -9.98858
    endloop
  endfacet
  facet normal 0 -1 0
    outer loop
      vertex -0.261467 4 9.98858
      vertex 0.261467 4 9.98858
      vertex 0 4 10
    endloop
  endfacet
  facet normal 0 -1 0
    outer loop
      vertex -0.520944 4 9.95442
      vertex 0.261467 4 9.98858
      vertex -0.261467 4 9.98858
    endloop
  endfacet
  facet normal 0 -1 0
    outer loop
      vertex -0.520944 4 9.95442
      vertex 0.520944 4 9.95442
      vertex 0.261467 4 9.98858
    endloop
  endfacet
  facet normal 0 -1 0
    outer loop
      vertex -0.776457 4 9.89778
      vertex 0.520944 4 9.95442
      vertex -0.520944 4 9.95442
    endloop
  endfacet
  facet normal 0 -1 0
    outer loop
      vertex -0.776457 4 9.89778
      vertex 0.776457 4 9.89778
      vertex 0.520944 4 9.95442
    endloop
  endfacet
  facet normal 0 -1 0
    outer loop
      vertex -1.02606 4 9.81908
      vertex 0.776457 4 9.89778
      vertex -0.776457 4 9.89778
    endloop
  endfacet
  facet normal 0 -1 0
    outer loop
      vertex -1.02606 4 9.81908
      vertex 1.02606 4 9.81908
      vertex 0.776457 4 9.89778
    endloop
  endfacet
  facet normal 0 -1 0
    outer loop
      vertex -1.26785 4 9.71892
      vertex 1.02606 4 9.81908
      vertex -1.02606 4 9.81908
    endloop
  endfacet
  facet normal 0 -1 0
    outer loop
      vertex -1.26785 4 9.71892
      vertex 1.26785 4 9.71892
      vertex 1.02606 4 9.81908
    endloop
  endfacet
  facet normal 0 -1 0
    outer loop
      vertex -1.5 4 9.59808
      vertex 1.26785 4 9.71892
      vertex -1.26785 4 9.71892
    endloop
  endfacet
  facet normal 0 -1 0
    outer loop
      vertex -1.5 4 9.59808
      vertex 1.5 4 9.59808
      vertex 1.26785 4 9.71892
    endloop
  endfacet
  facet normal 0 -1 0
    outer loop
      vertex -1.72073 4 9.45746
      vertex 1.5 4 9.59808
      vertex -1.5 4 9.59808
    endloop
  endfacet
  facet normal 0 -1 0
    outer loop
      vertex -1.72073 4 9.45746
      vertex 1.72073 4 9.45746
      vertex 1.5 4 9.59808
    endloop
  endfacet
  facet normal 0 -1 0
    outer loop
      vertex -2 4 9.23249
      vertex -1.72073 4 9.45746
      vertex -1.92836 4 9.29813
    endloop
  endfacet
  facet normal 0 -1 -0
    outer loop
      vertex -1.72073 4 9.45746
      vertex -2 4 9.23249
      vertex 1.72073 4 9.45746
    endloop
  endfacet
  facet normal 0 -1 0
    outer loop
      vertex 2 4 9.23249
      vertex 1.72073 4 9.45746
      vertex -2 4 9.23249
    endloop
  endfacet
  facet normal 0 -1 0
    outer loop
      vertex 1.72073 4 9.45746
      vertex 2 4 9.23249
      vertex 1.92836 4 9.29813
    endloop
  endfacet
  facet normal 0 -1 0
    outer loop
      vertex -2 4 4.76751
      vertex 2 4 9.23249
      vertex -2 4 9.23249
    endloop
  endfacet
  facet normal 0 -1 0
    outer loop
      vertex -2 4 4.76751
      vertex 2 4 4.76751
      vertex 2 4 9.23249
    endloop
  endfacet
  facet normal 0 -1 0
    outer loop
      vertex -1.72073 4 4.54254
      vertex -2 4 4.76751
      vertex -1.92836 4 4.70187
    endloop
  endfacet
  facet normal 0 -1 0
    outer loop
      vertex -2 4 4.76751
      vertex -1.72073 4 4.54254
      vertex 2 4 4.76751
    endloop
  endfacet
  facet normal 0 -1 0
    outer loop
      vertex 1.72073 4 4.54254
      vertex 2 4 4.76751
      vertex -1.72073 4 4.54254
    endloop
  endfacet
  facet normal 0 -1 0
    outer loop
      vertex 2 4 4.76751
      vertex 1.72073 4 4.54254
      vertex 1.92836 4 4.70187
    endloop
  endfacet
  facet normal 0 -1 0
    outer loop
      vertex -1.5 4 4.40192
      vertex 1.72073 4 4.54254
      vertex -1.72073 4 4.54254
    endloop
  endfacet
  facet normal 0 -1 0
    outer loop
      vertex -1.5 4 4.40192
      vertex 1.5 4 4.40192
      vertex 1.72073 4 4.54254
    endloop
  endfacet
  facet normal 0 -1 0
    outer loop
      vertex -1.26785 4 4.28108
      vertex 1.5 4 4.40192
      vertex -1.5 4 4.40192
    endloop
  endfacet
  facet normal 0 -1 0
    outer loop
      vertex -1.26785 4 4.28108
      vertex 1.26785 4 4.28108
      vertex 1.5 4 4.40192
    endloop
  endfacet
  facet normal 0 -1 0
    outer loop
      vertex -1.02606 4 4.18092
      vertex 1.26785 4 4.28108
      vertex -1.26785 4 4.28108
    endloop
  endfacet
  facet normal 0 -1 0
    outer loop
      vertex -1.02606 4 4.18092
      vertex 1.02606 4 4.18092
      vertex 1.26785 4 4.28108
    endloop
  endfacet
  facet normal 0 -1 0
    outer loop
      vertex -0.776457 4 4.10222
      vertex 1.02606 4 4.18092
      vertex -1.02606 4 4.18092
    endloop
  endfacet
  facet normal 0 -1 0
    outer loop
      vertex -0.776457 4 4.10222
      vertex 0.776457 4 4.10222
      vertex 1.02606 4 4.18092
    endloop
  endfacet
  facet normal 0 -1 0
    outer loop
      vertex -0.520944 4 4.04558
      vertex 0.776457 4 4.10222
      vertex -0.776457 4 4.10222
    endloop
  endfacet
  facet normal 0 -1 0
    outer loop
      vertex -0.520944 4 4.04558
      vertex 0.520944 4 4.04558
      vertex 0.776457 4 4.10222
    endloop
  endfacet
  facet normal 0 -1 0
    outer loop
      vertex -0.261467 4 4.01142
      vertex 0.520944 4 4.04558
      vertex -0.520944 4 4.04558
    endloop
  endfacet
  facet normal 0 -1 0
    outer loop
      vertex -0.261467 4 4.01142
      vertex 0.261467 4 4.01142
      vertex 0.520944 4 4.04558
    endloop
  endfacet
  facet normal -0 -1 0
    outer loop
      vertex 0.261467 4 4.01142
      vertex -0.261467 4 4.01142
      vertex 0 4 4
    endloop
  endfacet
  facet normal 0 -1 0
    outer loop
      vertex -0.261467 4 -4.01142
      vertex 0.261467 4 -4.01142
      vertex 0 4 -4
    endloop
  endfacet
  facet normal 0 -1 0
    outer loop
      vertex -0.520944 4 -4.04558
      vertex 0.261467 4 -4.01142
      vertex -0.261467 4 -4.01142
    endloop
  endfacet
  facet normal 0 -1 0
    outer loop
      vertex -0.520944 4 -4.04558
      vertex 0.520944 4 -4.04558
      vertex 0.261467 4 -4.01142
    endloop
  endfacet
  facet normal 0 -1 0
    outer loop
      vertex -0.776457 4 -4.10222
      vertex 0.520944 4 -4.04558
      vertex -0.520944 4 -4.04558
    endloop
  endfacet
  facet normal 0 -1 0
    outer loop
      vertex -0.776457 4 -4.10222
      vertex 0.776457 4 -4.10222
      vertex 0.520944 4 -4.04558
    endloop
  endfacet
  facet normal 0 -1 0
    outer loop
      vertex -1.02606 4 -4.18092
      vertex 0.776457 4 -4.10222
      vertex -0.776457 4 -4.10222
    endloop
  endfacet
  facet normal 0 -1 0
    outer loop
      vertex -1.02606 4 -4.18092
      vertex 1.02606 4 -4.18092
      vertex 0.776457 4 -4.10222
    endloop
  endfacet
  facet normal 0 -1 0
    outer loop
      vertex -1.43259 4 -4.36683
      vertex -1.02606 4 -4.18092
      vertex -1.26785 4 -4.28108
    endloop
  endfacet
  facet normal 0 -1 -0
    outer loop
      vertex -1.02606 4 -4.18092
      vertex -1.43259 4 -4.36683
      vertex 1.02606 4 -4.18092
    endloop
  endfacet
  facet normal 0 -1 0
    outer loop
      vertex 1.43259 4 -4.36683
      vertex 1.02606 4 -4.18092
      vertex -1.43259 4 -4.36683
    endloop
  endfacet
  facet normal 0 -1 0
    outer loop
      vertex 1.02606 4 -4.18092
      vertex 1.43259 4 -4.36683
      vertex 1.26785 4 -4.28108
    endloop
  endfacet
  facet normal 0 -1 0
    outer loop
      vertex -9 0 11
      vertex 0 0 8.7
      vertex 9 0 11
    endloop
  endfacet
  facet normal 0 -1 0
    outer loop
      vertex -9 0 11
      vertex -0.148165 0 8.69353
      vertex 0 0 8.7
    endloop
  endfacet
  facet normal 0 -1 0
    outer loop
      vertex -9 0 11
      vertex -0.295201 0 8.67417
      vertex -0.148165 0 8.69353
    endloop
  endfacet
  facet normal 0 -1 0
    outer loop
      vertex -9 0 11
      vertex -0.439992 0 8.64207
      vertex -0.295201 0 8.67417
    endloop
  endfacet
  facet normal 0 -1 0
    outer loop
      vertex -9 0 11
      vertex -0.581433 0 8.59748
      vertex -0.439992 0 8.64207
    endloop
  endfacet
  facet normal 0 -1 0
    outer loop
      vertex -9 0 11
      vertex -0.718451 0 8.54072
      vertex -0.581433 0 8.59748
    endloop
  endfacet
  facet normal 0 -1 0
    outer loop
      vertex -9 0 11
      vertex -0.849999 0 8.47224
      vertex -0.718451 0 8.54072
    endloop
  endfacet
  facet normal 0 -1 0
    outer loop
      vertex -9 0 11
      vertex -0.97508 0 8.39256
      vertex -0.849999 0 8.47224
    endloop
  endfacet
  facet normal 0 -1 0
    outer loop
      vertex -9 0 11
      vertex -1.09274 0 8.30227
      vertex -0.97508 0 8.39256
    endloop
  endfacet
  facet normal 0 -1 0
    outer loop
      vertex -9 0 11
      vertex -1.20208 0 8.20208
      vertex -1.09274 0 8.30227
    endloop
  endfacet
  facet normal 0 -1 0
    outer loop
      vertex -9 0 11
      vertex -1.30227 0 8.09274
      vertex -1.20208 0 8.20208
    endloop
  endfacet
  facet normal 0 -1 0
    outer loop
      vertex -9 0 11
      vertex -1.39256 0 7.97508
      vertex -1.30227 0 8.09274
    endloop
  endfacet
  facet normal 0 -1 0
    outer loop
      vertex -9 0 11
      vertex -1.47224 0 7.85
      vertex -1.39256 0 7.97508
    endloop
  endfacet
  facet normal 0 -1 0
    outer loop
      vertex -9 0 11
      vertex -1.54072 0 7.71845
      vertex -1.47224 0 7.85
    endloop
  endfacet
  facet normal 0 -1 0
    outer loop
      vertex -9 0 11
      vertex -1.59748 0 7.58143
      vertex -1.54072 0 7.71845
    endloop
  endfacet
  facet normal 0 -1 0
    outer loop
      vertex -9 0 11
      vertex -1.64207 0 7.43999
      vertex -1.59748 0 7.58143
    endloop
  endfacet
  facet normal 0 -1 0
    outer loop
      vertex -9 0 11
      vertex -1.67417 0 7.2952
      vertex -1.64207 0 7.43999
    endloop
  endfacet
  facet normal 0 -1 0
    outer loop
      vertex -9 0 11
      vertex -1.69353 0 7.14816
      vertex -1.67417 0 7.2952
    endloop
  endfacet
  facet normal 0 -1 0
    outer loop
      vertex -9 0 11
      vertex -1.7 0 7
      vertex -1.69353 0 7.14816
    endloop
  endfacet
  facet normal 0 -1 0
    outer loop
      vertex -9 0 11
      vertex -1.69353 0 6.85183
      vertex -1.7 0 7
    endloop
  endfacet
  facet normal 0 -1 0
    outer loop
      vertex -9 0 11
      vertex -1.67417 0 6.7048
      vertex -1.69353 0 6.85183
    endloop
  endfacet
  facet normal 0 -1 0
    outer loop
      vertex -9 0 11
      vertex -1.64207 0 6.56001
      vertex -1.67417 0 6.7048
    endloop
  endfacet
  facet normal 0 -1 0
    outer loop
      vertex -9 0 11
      vertex -1.59748 0 6.41857
      vertex -1.64207 0 6.56001
    endloop
  endfacet
  facet normal 0 -1 0
    outer loop
      vertex -9 0 11
      vertex -1.54072 0 6.28155
      vertex -1.59748 0 6.41857
    endloop
  endfacet
  facet normal 0 -1 0
    outer loop
      vertex -9 0 11
      vertex -1.47224 0 6.15
      vertex -1.54072 0 6.28155
    endloop
  endfacet
  facet normal 0 -1 0
    outer loop
      vertex -9 0 11
      vertex -1.39256 0 6.02492
      vertex -1.47224 0 6.15
    endloop
  endfacet
  facet normal 0 -1 0
    outer loop
      vertex -1.39256 0 -6.02492
      vertex -1.39256 0 6.02492
      vertex -9 0 11
    endloop
  endfacet
  facet normal 0 -1 0
    outer loop
      vertex -1.39256 0 6.02492
      vertex -1.39256 0 -6.02492
      vertex -1.30227 0 5.90726
    endloop
  endfacet
  facet normal -0 -1 0
    outer loop
      vertex -1.30227 0 -5.90726
      vertex -1.30227 0 5.90726
      vertex -1.39256 0 -6.02492
    endloop
  endfacet
  facet normal 0 -1 0
    outer loop
      vertex -1.30227 0 5.90726
      vertex -1.30227 0 -5.90726
      vertex -1.20208 0 5.79792
    endloop
  endfacet
  facet normal 0 -1 0
    outer loop
      vertex -0.148165 0 5.30647
      vertex 0 0 -5.3
      vertex 0 0 5.3
    endloop
  endfacet
  facet normal 0 -1 0
    outer loop
      vertex -0.148165 0 -5.30647
      vertex -0.148165 0 5.30647
      vertex -0.295201 0 5.32583
    endloop
  endfacet
  facet normal 0 -1 0
    outer loop
      vertex -0.295201 0 -5.32583
      vertex -0.295201 0 5.32583
      vertex -0.439992 0 5.35793
    endloop
  endfacet
  facet normal 0 -1 0
    outer loop
      vertex -0.439992 0 -5.35793
      vertex -0.439992 0 5.35793
      vertex -0.581433 0 5.40252
    endloop
  endfacet
  facet normal 0 -1 0
    outer loop
      vertex -0.581433 0 -5.40252
      vertex -0.581433 0 5.40252
      vertex -0.718451 0 5.45928
    endloop
  endfacet
  facet normal 0 -1 0
    outer loop
      vertex -0.718451 0 -5.45928
      vertex -0.718451 0 5.45928
      vertex -0.849999 0 5.52776
    endloop
  endfacet
  facet normal 0 -1 0
    outer loop
      vertex -0.849999 0 -5.52776
      vertex -0.849999 0 5.52776
      vertex -0.97508 0 5.60744
    endloop
  endfacet
  facet normal -0 -1 0
    outer loop
      vertex -1.20208 0 -5.79792
      vertex -1.20208 0 5.79792
      vertex -1.30227 0 -5.90726
    endloop
  endfacet
  facet normal 0 -1 0
    outer loop
      vertex -0.148165 0 5.30647
      vertex -0.148165 0 -5.30647
      vertex 0 0 -5.3
    endloop
  endfacet
  facet normal 0 -1 0
    outer loop
      vertex -0.295201 0 5.32583
      vertex -0.295201 0 -5.32583
      vertex -0.148165 0 -5.30647
    endloop
  endfacet
  facet normal 0 -1 0
    outer loop
      vertex -0.439992 0 5.35793
      vertex -0.439992 0 -5.35793
      vertex -0.295201 0 -5.32583
    endloop
  endfacet
  facet normal 0 -1 0
    outer loop
      vertex -0.581433 0 5.40252
      vertex -0.581433 0 -5.40252
      vertex -0.439992 0 -5.35793
    endloop
  endfacet
  facet normal 0 -1 0
    outer loop
      vertex -0.718451 0 5.45928
      vertex -0.718451 0 -5.45928
      vertex -0.581433 0 -5.40252
    endloop
  endfacet
  facet normal 0 -1 0
    outer loop
      vertex -0.849999 0 5.52776
      vertex -0.849999 0 -5.52776
      vertex -0.718451 0 -5.45928
    endloop
  endfacet
  facet normal 0 -1 0
    outer loop
      vertex -0.97508 0 5.60744
      vertex -0.97508 0 -5.60744
      vertex -0.849999 0 -5.52776
    endloop
  endfacet
  facet normal 0 -1 -0
    outer loop
      vertex -0.97508 0 5.60744
      vertex -1.09274 0 -5.69772
      vertex -0.97508 0 -5.60744
    endloop
  endfacet
  facet normal 0 -1 0
    outer loop
      vertex -1.09274 0 5.69772
      vertex -1.09274 0 -5.69772
      vertex -0.97508 0 5.60744
    endloop
  endfacet
  facet normal -0 -1 0
    outer loop
      vertex -1.09274 0 -5.69772
      vertex -1.09274 0 5.69772
      vertex -1.20208 0 -5.79792
    endloop
  endfacet
  facet normal 0 -1 0
    outer loop
      vertex -1.20208 0 5.79792
      vertex -1.20208 0 -5.79792
      vertex -1.09274 0 5.69772
    endloop
  endfacet
  facet normal 0 -1 0
    outer loop
      vertex -9 0 -11
      vertex -1.39256 0 -6.02492
      vertex -9 0 11
    endloop
  endfacet
  facet normal 0 -1 0
    outer loop
      vertex -1.39256 0 -6.02492
      vertex -9 0 -11
      vertex -1.47224 0 -6.15
    endloop
  endfacet
  facet normal 0 -1 0
    outer loop
      vertex -1.47224 0 -6.15
      vertex -9 0 -11
      vertex -1.54072 0 -6.28155
    endloop
  endfacet
  facet normal 0 -1 0
    outer loop
      vertex -1.54072 0 -6.28155
      vertex -9 0 -11
      vertex -1.59748 0 -6.41857
    endloop
  endfacet
  facet normal 0 -1 0
    outer loop
      vertex -1.59748 0 -6.41857
      vertex -9 0 -11
      vertex -1.64207 0 -6.56001
    endloop
  endfacet
  facet normal 0 -1 0
    outer loop
      vertex -1.64207 0 -6.56001
      vertex -9 0 -11
      vertex -1.67417 0 -6.7048
    endloop
  endfacet
  facet normal 0 -1 0
    outer loop
      vertex -1.67417 0 -6.7048
      vertex -9 0 -11
      vertex -1.69353 0 -6.85183
    endloop
  endfacet
  facet normal 0 -1 0
    outer loop
      vertex -1.69353 0 -6.85183
      vertex -9 0 -11
      vertex -1.7 0 -7
    endloop
  endfacet
  facet normal 0 -1 -0
    outer loop
      vertex -1.7 0 -7
      vertex -9 0 -11
      vertex -1.69353 0 -7.14816
    endloop
  endfacet
  facet normal 0 -1 -0
    outer loop
      vertex -1.69353 0 -7.14816
      vertex -9 0 -11
      vertex -1.67417 0 -7.2952
    endloop
  endfacet
  facet normal 0 -1 -0
    outer loop
      vertex -1.67417 0 -7.2952
      vertex -9 0 -11
      vertex -1.64207 0 -7.43999
    endloop
  endfacet
  facet normal 0 -1 -0
    outer loop
      vertex -0.148165 0 -8.69353
      vertex -9 0 -11
      vertex 0 0 -8.7
    endloop
  endfacet
  facet normal 0 -1 -0
    outer loop
      vertex -0.295201 0 -8.67417
      vertex -9 0 -11
      vertex -0.148165 0 -8.69353
    endloop
  endfacet
  facet normal 0 -1 -0
    outer loop
      vertex -0.439992 0 -8.64207
      vertex -9 0 -11
      vertex -0.295201 0 -8.67417
    endloop
  endfacet
  facet normal 0 -1 -0
    outer loop
      vertex -0.581433 0 -8.59748
      vertex -9 0 -11
      vertex -0.439992 0 -8.64207
    endloop
  endfacet
  facet normal 0 -1 -0
    outer loop
      vertex -0.718451 0 -8.54072
      vertex -9 0 -11
      vertex -0.581433 0 -8.59748
    endloop
  endfacet
  facet normal 0 -1 -0
    outer loop
      vertex -0.849999 0 -8.47224
      vertex -9 0 -11
      vertex -0.718451 0 -8.54072
    endloop
  endfacet
  facet normal 0 -1 -0
    outer loop
      vertex -0.97508 0 -8.39256
      vertex -9 0 -11
      vertex -0.849999 0 -8.47224
    endloop
  endfacet
  facet normal 0 -1 -0
    outer loop
      vertex -1.09274 0 -8.30227
      vertex -9 0 -11
      vertex -0.97508 0 -8.39256
    endloop
  endfacet
  facet normal 0 -1 -0
    outer loop
      vertex -1.20208 0 -8.20208
      vertex -9 0 -11
      vertex -1.09274 0 -8.30227
    endloop
  endfacet
  facet normal 0 -1 -0
    outer loop
      vertex -1.30227 0 -8.09274
      vertex -9 0 -11
      vertex -1.20208 0 -8.20208
    endloop
  endfacet
  facet normal 0 -1 -0
    outer loop
      vertex -1.39256 0 -7.97508
      vertex -9 0 -11
      vertex -1.30227 0 -8.09274
    endloop
  endfacet
  facet normal 0 -1 -0
    outer loop
      vertex -1.47224 0 -7.85
      vertex -9 0 -11
      vertex -1.39256 0 -7.97508
    endloop
  endfacet
  facet normal 0 -1 -0
    outer loop
      vertex -1.54072 0 -7.71845
      vertex -9 0 -11
      vertex -1.47224 0 -7.85
    endloop
  endfacet
  facet normal 0 -1 -0
    outer loop
      vertex -1.59748 0 -7.58143
      vertex -9 0 -11
      vertex -1.54072 0 -7.71845
    endloop
  endfacet
  facet normal 0 -1 -0
    outer loop
      vertex -1.64207 0 -7.43999
      vertex -9 0 -11
      vertex -1.59748 0 -7.58143
    endloop
  endfacet
  facet normal 0 -1 0
    outer loop
      vertex 0.148165 0 8.69353
      vertex 9 0 11
      vertex 0 0 8.7
    endloop
  endfacet
  facet normal 0 -1 0
    outer loop
      vertex 0.295201 0 8.67417
      vertex 9 0 11
      vertex 0.148165 0 8.69353
    endloop
  endfacet
  facet normal 0 -1 0
    outer loop
      vertex 0.439992 0 8.64207
      vertex 9 0 11
      vertex 0.295201 0 8.67417
    endloop
  endfacet
  facet normal 0 -1 0
    outer loop
      vertex 0.581433 0 8.59748
      vertex 9 0 11
      vertex 0.439992 0 8.64207
    endloop
  endfacet
  facet normal 0 -1 0
    outer loop
      vertex 0.718451 0 8.54072
      vertex 9 0 11
      vertex 0.581433 0 8.59748
    endloop
  endfacet
  facet normal 0 -1 0
    outer loop
      vertex 0.849999 0 8.47224
      vertex 9 0 11
      vertex 0.718451 0 8.54072
    endloop
  endfacet
  facet normal 0 -1 0
    outer loop
      vertex 0.97508 0 8.39256
      vertex 9 0 11
      vertex 0.849999 0 8.47224
    endloop
  endfacet
  facet normal 0 -1 0
    outer loop
      vertex 1.09274 0 8.30227
      vertex 9 0 11
      vertex 0.97508 0 8.39256
    endloop
  endfacet
  facet normal 0 -1 0
    outer loop
      vertex 1.20208 0 8.20208
      vertex 9 0 11
      vertex 1.09274 0 8.30227
    endloop
  endfacet
  facet normal 0 -1 0
    outer loop
      vertex 1.30227 0 8.09274
      vertex 9 0 11
      vertex 1.20208 0 8.20208
    endloop
  endfacet
  facet normal 0 -1 0
    outer loop
      vertex 1.39256 0 7.97508
      vertex 9 0 11
      vertex 1.30227 0 8.09274
    endloop
  endfacet
  facet normal 0 -1 0
    outer loop
      vertex 1.47224 0 7.85
      vertex 9 0 11
      vertex 1.39256 0 7.97508
    endloop
  endfacet
  facet normal 0 -1 0
    outer loop
      vertex 1.54072 0 7.71845
      vertex 9 0 11
      vertex 1.47224 0 7.85
    endloop
  endfacet
  facet normal 0 -1 0
    outer loop
      vertex 1.59748 0 7.58143
      vertex 9 0 11
      vertex 1.54072 0 7.71845
    endloop
  endfacet
  facet normal 0 -1 0
    outer loop
      vertex 1.64207 0 7.43999
      vertex 9 0 11
      vertex 1.59748 0 7.58143
    endloop
  endfacet
  facet normal 0 -1 0
    outer loop
      vertex 1.67417 0 7.2952
      vertex 9 0 11
      vertex 1.64207 0 7.43999
    endloop
  endfacet
  facet normal 0 -1 0
    outer loop
      vertex 1.69353 0 7.14816
      vertex 9 0 11
      vertex 1.67417 0 7.2952
    endloop
  endfacet
  facet normal 0 -1 0
    outer loop
      vertex 1.7 0 7
      vertex 9 0 11
      vertex 1.69353 0 7.14816
    endloop
  endfacet
  facet normal 0 -1 0
    outer loop
      vertex 1.69353 0 6.85183
      vertex 9 0 11
      vertex 1.7 0 7
    endloop
  endfacet
  facet normal 0 -1 0
    outer loop
      vertex 1.67417 0 6.7048
      vertex 9 0 11
      vertex 1.69353 0 6.85183
    endloop
  endfacet
  facet normal 0 -1 0
    outer loop
      vertex 1.64207 0 6.56001
      vertex 9 0 11
      vertex 1.67417 0 6.7048
    endloop
  endfacet
  facet normal 0 -1 0
    outer loop
      vertex 1.59748 0 6.41857
      vertex 9 0 11
      vertex 1.64207 0 6.56001
    endloop
  endfacet
  facet normal 0 -1 0
    outer loop
      vertex 1.54072 0 6.28155
      vertex 9 0 11
      vertex 1.59748 0 6.41857
    endloop
  endfacet
  facet normal 0 -1 0
    outer loop
      vertex 1.47224 0 6.15
      vertex 9 0 11
      vertex 1.54072 0 6.28155
    endloop
  endfacet
  facet normal 0 -1 0
    outer loop
      vertex 1.39256 0 6.02492
      vertex 9 0 11
      vertex 1.47224 0 6.15
    endloop
  endfacet
  facet normal 0 -1 0
    outer loop
      vertex 1.39256 0 -6.02492
      vertex 1.39256 0 6.02492
      vertex 1.30227 0 5.90726
    endloop
  endfacet
  facet normal 0 -1 0
    outer loop
      vertex 1.30227 0 -5.90726
      vertex 1.30227 0 5.90726
      vertex 1.20208 0 5.79792
    endloop
  endfacet
  facet normal 0 -1 0
    outer loop
      vertex 1.20208 0 -5.79792
      vertex 1.20208 0 5.79792
      vertex 1.09274 0 5.69772
    endloop
  endfacet
  facet normal 0 -1 0
    outer loop
      vertex 1.09274 0 -5.69772
      vertex 1.09274 0 5.69772
      vertex 0.97508 0 5.60744
    endloop
  endfacet
  facet normal 0 -1 0
    outer loop
      vertex 0 0 -5.3
      vertex 0.148165 0 5.30647
      vertex 0 0 5.3
    endloop
  endfacet
  facet normal 0 -1 0
    outer loop
      vertex 0.148165 0 -5.30647
      vertex 0.148165 0 5.30647
      vertex 0 0 -5.3
    endloop
  endfacet
  facet normal 0 -1 0
    outer loop
      vertex 0.148165 0 5.30647
      vertex 0.148165 0 -5.30647
      vertex 0.295201 0 5.32583
    endloop
  endfacet
  facet normal 0 -1 0
    outer loop
      vertex 0.295201 0 -5.32583
      vertex 0.295201 0 5.32583
      vertex 0.148165 0 -5.30647
    endloop
  endfacet
  facet normal 0 -1 0
    outer loop
      vertex 0.295201 0 5.32583
      vertex 0.295201 0 -5.32583
      vertex 0.439992 0 5.35793
    endloop
  endfacet
  facet normal 0 -1 0
    outer loop
      vertex 0.439992 0 -5.35793
      vertex 0.439992 0 5.35793
      vertex 0.295201 0 -5.32583
    endloop
  endfacet
  facet normal 0 -1 0
    outer loop
      vertex 0.439992 0 5.35793
      vertex 0.439992 0 -5.35793
      vertex 0.581433 0 5.40252
    endloop
  endfacet
  facet normal 0 -1 0
    outer loop
      vertex 0.581433 0 -5.40252
      vertex 0.581433 0 5.40252
      vertex 0.439992 0 -5.35793
    endloop
  endfacet
  facet normal 0 -1 0
    outer loop
      vertex 0.581433 0 5.40252
      vertex 0.581433 0 -5.40252
      vertex 0.718451 0 5.45928
    endloop
  endfacet
  facet normal 0 -1 0
    outer loop
      vertex 0.718451 0 -5.45928
      vertex 0.718451 0 5.45928
      vertex 0.581433 0 -5.40252
    endloop
  endfacet
  facet normal 0 -1 0
    outer loop
      vertex 0.718451 0 5.45928
      vertex 0.718451 0 -5.45928
      vertex 0.849999 0 5.52776
    endloop
  endfacet
  facet normal 0 -1 0
    outer loop
      vertex 0.849999 0 -5.52776
      vertex 0.849999 0 5.52776
      vertex 0.718451 0 -5.45928
    endloop
  endfacet
  facet normal 0 -1 0
    outer loop
      vertex 0.849999 0 5.52776
      vertex 0.849999 0 -5.52776
      vertex 0.97508 0 5.60744
    endloop
  endfacet
  facet normal 0 -1 0
    outer loop
      vertex 0.97508 0 -5.60744
      vertex 0.97508 0 5.60744
      vertex 0.849999 0 -5.52776
    endloop
  endfacet
  facet normal 0 -1 0
    outer loop
      vertex 1.09274 0 -5.69772
      vertex 0.97508 0 5.60744
      vertex 0.97508 0 -5.60744
    endloop
  endfacet
  facet normal 0 -1 0
    outer loop
      vertex 1.09274 0 5.69772
      vertex 1.09274 0 -5.69772
      vertex 1.20208 0 -5.79792
    endloop
  endfacet
  facet normal 0 -1 0
    outer loop
      vertex 1.20208 0 5.79792
      vertex 1.20208 0 -5.79792
      vertex 1.30227 0 -5.90726
    endloop
  endfacet
  facet normal 0 -1 0
    outer loop
      vertex 1.30227 0 5.90726
      vertex 1.30227 0 -5.90726
      vertex 1.39256 0 -6.02492
    endloop
  endfacet
  facet normal 0 -1 0
    outer loop
      vertex 1.39256 0 6.02492
      vertex 1.39256 0 -6.02492
      vertex 9 0 11
    endloop
  endfacet
  facet normal 0 -1 0
    outer loop
      vertex 9 0 -11
      vertex 1.39256 0 -6.02492
      vertex 1.47224 0 -6.15
    endloop
  endfacet
  facet normal 0 -1 0
    outer loop
      vertex 9 0 -11
      vertex 1.47224 0 -6.15
      vertex 1.54072 0 -6.28155
    endloop
  endfacet
  facet normal 0 -1 0
    outer loop
      vertex 9 0 -11
      vertex 1.54072 0 -6.28155
      vertex 1.59748 0 -6.41857
    endloop
  endfacet
  facet normal 0 -1 0
    outer loop
      vertex 9 0 -11
      vertex 1.59748 0 -6.41857
      vertex 1.64207 0 -6.56001
    endloop
  endfacet
  facet normal 0 -1 0
    outer loop
      vertex 9 0 -11
      vertex 1.64207 0 -6.56001
      vertex 1.67417 0 -6.7048
    endloop
  endfacet
  facet normal 0 -1 0
    outer loop
      vertex 9 0 -11
      vertex 1.67417 0 -6.7048
      vertex 1.69353 0 -6.85183
    endloop
  endfacet
  facet normal 0 -1 0
    outer loop
      vertex 9 0 -11
      vertex 1.69353 0 -6.85183
      vertex 1.7 0 -7
    endloop
  endfacet
  facet normal 0 -1 0
    outer loop
      vertex 9 0 -11
      vertex 1.7 0 -7
      vertex 1.69353 0 -7.14816
    endloop
  endfacet
  facet normal 0 -1 0
    outer loop
      vertex 9 0 -11
      vertex 1.69353 0 -7.14816
      vertex 1.67417 0 -7.2952
    endloop
  endfacet
  facet normal 0 -1 0
    outer loop
      vertex 9 0 -11
      vertex 1.67417 0 -7.2952
      vertex 1.64207 0 -7.43999
    endloop
  endfacet
  facet normal 0 -1 0
    outer loop
      vertex 9 0 -11
      vertex 1.64207 0 -7.43999
      vertex 1.59748 0 -7.58143
    endloop
  endfacet
  facet normal 0 -1 0
    outer loop
      vertex 9 0 -11
      vertex 0 0 -8.7
      vertex -9 0 -11
    endloop
  endfacet
  facet normal 0 -1 0
    outer loop
      vertex 0 0 -8.7
      vertex 9 0 -11
      vertex 0.148165 0 -8.69353
    endloop
  endfacet
  facet normal 0 -1 0
    outer loop
      vertex 0.148165 0 -8.69353
      vertex 9 0 -11
      vertex 0.295201 0 -8.67417
    endloop
  endfacet
  facet normal 0 -1 0
    outer loop
      vertex 1.39256 0 -6.02492
      vertex 9 0 -11
      vertex 9 0 11
    endloop
  endfacet
  facet normal 0 -1 0
    outer loop
      vertex 1.54072 0 -7.71845
      vertex 9 0 -11
      vertex 1.59748 0 -7.58143
    endloop
  endfacet
  facet normal 0 -1 0
    outer loop
      vertex 1.47224 0 -7.85
      vertex 9 0 -11
      vertex 1.54072 0 -7.71845
    endloop
  endfacet
  facet normal 0 -1 0
    outer loop
      vertex 1.39256 0 -7.97508
      vertex 9 0 -11
      vertex 1.47224 0 -7.85
    endloop
  endfacet
  facet normal 0 -1 0
    outer loop
      vertex 1.30227 0 -8.09274
      vertex 9 0 -11
      vertex 1.39256 0 -7.97508
    endloop
  endfacet
  facet normal 0 -1 0
    outer loop
      vertex 1.20208 0 -8.20208
      vertex 9 0 -11
      vertex 1.30227 0 -8.09274
    endloop
  endfacet
  facet normal 0 -1 0
    outer loop
      vertex 1.09274 0 -8.30227
      vertex 9 0 -11
      vertex 1.20208 0 -8.20208
    endloop
  endfacet
  facet normal 0 -1 0
    outer loop
      vertex 0.97508 0 -8.39256
      vertex 9 0 -11
      vertex 1.09274 0 -8.30227
    endloop
  endfacet
  facet normal 0 -1 0
    outer loop
      vertex 0.849999 0 -8.47224
      vertex 9 0 -11
      vertex 0.97508 0 -8.39256
    endloop
  endfacet
  facet normal 0 -1 0
    outer loop
      vertex 0.718451 0 -8.54072
      vertex 9 0 -11
      vertex 0.849999 0 -8.47224
    endloop
  endfacet
  facet normal 0 -1 0
    outer loop
      vertex 0.581433 0 -8.59748
      vertex 9 0 -11
      vertex 0.718451 0 -8.54072
    endloop
  endfacet
  facet normal 0 -1 0
    outer loop
      vertex 0.439992 0 -8.64207
      vertex 9 0 -11
      vertex 0.581433 0 -8.59748
    endloop
  endfacet
  facet normal 0 -1 0
    outer loop
      vertex 0.295201 0 -8.67417
      vertex 9 0 -11
      vertex 0.439992 0 -8.64207
    endloop
  endfacet
  facet normal 1 0 0
    outer loop
      vertex 2 3 -6
      vertex 2 4 -4.76751
      vertex 2 3.75466 -4.76751
    endloop
  endfacet
  facet normal 1 0 0
    outer loop
      vertex 2 4 -4.76751
      vertex 2 3 -6
      vertex 2 4 -9
    endloop
  endfacet
  facet normal 1 0 0
    outer loop
      vertex 2 4 -9
      vertex 2 3 -6
      vertex 2 3 -9
    endloop
  endfacet
  facet normal 1 0 0
    outer loop
      vertex 2 15.9 21
      vertex 2 8 11
      vertex 2 13.4092 11
    endloop
  endfacet
  facet normal 1 -0 0
    outer loop
      vertex 2 4 4.76751
      vertex 2 8 2.16583
      vertex 2 8 11
    endloop
  endfacet
  facet normal 1 0 0
    outer loop
      vertex 2 4 -4.76751
      vertex 2 8 2.16583
      vertex 2 4 4.76751
    endloop
  endfacet
  facet normal 1 -0 0
    outer loop
      vertex 2 4 21
      vertex 2 8 11
      vertex 2 15.9 21
    endloop
  endfacet
  facet normal 1 0 0
    outer loop
      vertex 2 4 11
      vertex 2 8 11
      vertex 2 4 21
    endloop
  endfacet
  facet normal 1 0 0
    outer loop
      vertex 2 4 9.23249
      vertex 2 8 11
      vertex 2 4 11
    endloop
  endfacet
  facet normal 1 0 0
    outer loop
      vertex 2 4 4.76751
      vertex 2 8 11
      vertex 2 4 9.23249
    endloop
  endfacet
  facet normal 1 0 0
    outer loop
      vertex 2 8 2.16583
      vertex 2 4 -4.76751
      vertex 2 8 -9
    endloop
  endfacet
  facet normal 1 0 0
    outer loop
      vertex 2 4 -9
      vertex 2 8 -9
      vertex 2 4 -4.76751
    endloop
  endfacet
  facet normal 1 0 0
    outer loop
      vertex 2 4 -9.23249
      vertex 2 8 -9
      vertex 2 4 -9
    endloop
  endfacet
  facet normal 1 0 0
    outer loop
      vertex 2 8 -9
      vertex 2 4 -9.23249
      vertex 2 8 -11
    endloop
  endfacet
  facet normal 1 0 0
    outer loop
      vertex 2 8 -11
      vertex 2 4 -9.23249
      vertex 2 4 -11
    endloop
  endfacet
  facet normal 1 0 0
    outer loop
      vertex 2 23.2333 26.5
      vertex 2 23.9 26.5
      vertex 2 23.9 27
    endloop
  endfacet
  facet normal 1 0 0
    outer loop
      vertex 2 22.6169 26.0377
      vertex 2 23.9 26.5
      vertex 2 23.2333 26.5
    endloop
  endfacet
  facet normal 1 0 0
    outer loop
      vertex 2 23.9 26.5
      vertex 2 22.6169 26.0377
      vertex 2 23.9 11
    endloop
  endfacet
  facet normal 1 0 0
    outer loop
      vertex 2 22.6169 26.0377
      vertex 2 23.2333 26.5
      vertex 2 22.9 26.5
    endloop
  endfacet
  facet normal 1 -0 0
    outer loop
      vertex 2 15.9 21
      vertex 2 23.9 11
      vertex 2 22.6169 26.0377
    endloop
  endfacet
  facet normal 1 0 0
    outer loop
      vertex 2 23.9 11
      vertex 2 19.5637 8.25224
      vertex 2 23.9 5
    endloop
  endfacet
  facet normal 1 0 0
    outer loop
      vertex 2 13.4092 11
      vertex 2 23.9 11
      vertex 2 15.9 21
    endloop
  endfacet
  facet normal 1 0 0
    outer loop
      vertex 2 23.9 11
      vertex 2 13.4092 11
      vertex 2 19.5637 8.25224
    endloop
  endfacet
  facet normal 1 0 0
    outer loop
      vertex 2 8 2.16583
      vertex 2 19.5637 8.25224
      vertex 2 13.4092 11
    endloop
  endfacet
  facet normal 1 0 0
    outer loop
      vertex 2 19.5637 8.25224
      vertex 2 8 2.16583
      vertex 2 9 -9
    endloop
  endfacet
  facet normal 1 0 0
    outer loop
      vertex 2 9 -9
      vertex 2 8 2.16583
      vertex 2 8 -9
    endloop
  endfacet
  facet normal -0 0 0
    outer loop
      vertex 2 23.9 19.4641
      vertex 2 23.9 26.5
      vertex 2 23.9 12.5359
    endloop
  endfacet
  facet normal 0 0 0
    outer loop
      vertex 2 23.9 11
      vertex 2 23.9 12.5359
      vertex 2 23.9 26.5
    endloop
  endfacet
  facet normal 1 -0 0
    outer loop
      vertex 2 23.9 19.4641
      vertex 2 27.9 12.5359
      vertex 2 27.9 19.4641
    endloop
  endfacet
  facet normal 1 0 0
    outer loop
      vertex 2 27.9 12.5359
      vertex 2 23.9 19.4641
      vertex 2 23.9 12.5359
    endloop
  endfacet
  facet normal 1 -0 0
    outer loop
      vertex 2 27.9 26.5
      vertex 2 28.9 23.5
      vertex 2 28.9 26.5
    endloop
  endfacet
  facet normal 1 0 0
    outer loop
      vertex 2 28.9 23.5
      vertex 2 27.9 26.5
      vertex 2 27.9 21.8668
    endloop
  endfacet
  facet normal 0 0 1
    outer loop
      vertex -1.5 15.9 21
      vertex -2 15.9 21
      vertex -1.5 7.5 21
    endloop
  endfacet
  facet normal 0 0 1
    outer loop
      vertex 1.5 7.5 21
      vertex 2 15.9 21
      vertex 1.5 15.9 21
    endloop
  endfacet
  facet normal 0 0 1
    outer loop
      vertex 2 15.9 21
      vertex 1.5 7.5 21
      vertex 2 4 21
    endloop
  endfacet
  facet normal -0 0 1
    outer loop
      vertex -1.5 7.5 21
      vertex 2 4 21
      vertex 1.5 7.5 21
    endloop
  endfacet
  facet normal 0 0 1
    outer loop
      vertex -1.5 7.5 21
      vertex -2 4 21
      vertex 2 4 21
    endloop
  endfacet
  facet normal 0 0 1
    outer loop
      vertex -2 4 21
      vertex -1.5 7.5 21
      vertex -2 15.9 21
    endloop
  endfacet
  facet normal -1 0 0
    outer loop
      vertex -2 3 -6
      vertex -2 4 -4.76751
      vertex -2 4 -9
    endloop
  endfacet
  facet normal -1 0 0
    outer loop
      vertex -2 3 -6
      vertex -2 4 -9
      vertex -2 3 -9
    endloop
  endfacet
  facet normal -1 -0 0
    outer loop
      vertex -2 4 -4.76751
      vertex -2 3 -6
      vertex -2 3.75466 -4.76751
    endloop
  endfacet
  facet normal -1 0 0
    outer loop
      vertex -2 4 -9.23249
      vertex -2 8 -9
      vertex -2 8 -11
    endloop
  endfacet
  facet normal -1 0 0
    outer loop
      vertex -2 8 -9
      vertex -2 4 -4.76751
      vertex -2 8 2.16583
    endloop
  endfacet
  facet normal -1 0 0
    outer loop
      vertex -2 4 -9.23249
      vertex -2 8 -11
      vertex -2 4 -11
    endloop
  endfacet
  facet normal -1 0 0
    outer loop
      vertex -2 19.5637 8.25224
      vertex -2 23.9 11
      vertex -2 23.9 5
    endloop
  endfacet
  facet normal -1 0 0
    outer loop
      vertex -2 13.4092 11
      vertex -2 23.9 11
      vertex -2 19.5637 8.25224
    endloop
  endfacet
  facet normal -1 0 0
    outer loop
      vertex -2 23.9 26.5
      vertex -2 23.2333 26.5
      vertex -2 23.9 27
    endloop
  endfacet
  facet normal -1 -0 0
    outer loop
      vertex -2 23.9 26.5
      vertex -2 22.6169 26.0377
      vertex -2 23.2333 26.5
    endloop
  endfacet
  facet normal -1 -0 0
    outer loop
      vertex -2 23.2333 26.5
      vertex -2 22.6169 26.0377
      vertex -2 22.9 26.5
    endloop
  endfacet
  facet normal -1 0 0
    outer loop
      vertex -2 23.9 11
      vertex -2 22.6169 26.0377
      vertex -2 23.9 26.5
    endloop
  endfacet
  facet normal -1 0 0
    outer loop
      vertex -2 23.9 11
      vertex -2 15.9 21
      vertex -2 22.6169 26.0377
    endloop
  endfacet
  facet normal -1 0 0
    outer loop
      vertex -2 23.9 11
      vertex -2 13.4092 11
      vertex -2 15.9 21
    endloop
  endfacet
  facet normal -1 0 0
    outer loop
      vertex -2 8 2.16583
      vertex -2 19.5637 8.25224
      vertex -2 9 -9
    endloop
  endfacet
  facet normal -1 0 0
    outer loop
      vertex -2 8 2.16583
      vertex -2 9 -9
      vertex -2 8 -9
    endloop
  endfacet
  facet normal -1 -0 0
    outer loop
      vertex -2 19.5637 8.25224
      vertex -2 8 2.16583
      vertex -2 13.4092 11
    endloop
  endfacet
  facet normal 0 -0 0
    outer loop
      vertex -2 23.9 12.5359
      vertex -2 23.9 11
      vertex -2 23.9 19.4641
    endloop
  endfacet
  facet normal 0 0 0
    outer loop
      vertex -2 23.9 26.5
      vertex -2 23.9 19.4641
      vertex -2 23.9 11
    endloop
  endfacet
  facet normal -1 0 0
    outer loop
      vertex -2 23.9 12.5359
      vertex -2 27.9 19.4641
      vertex -2 27.9 12.5359
    endloop
  endfacet
  facet normal -1 -0 0
    outer loop
      vertex -2 27.9 19.4641
      vertex -2 23.9 12.5359
      vertex -2 23.9 19.4641
    endloop
  endfacet
  facet normal -1 0 0
    outer loop
      vertex -2 8 11
      vertex -2 15.9 21
      vertex -2 13.4092 11
    endloop
  endfacet
  facet normal -1 -0 0
    outer loop
      vertex -2 8 -9
      vertex -2 4 -9.23249
      vertex -2 4 -9
    endloop
  endfacet
  facet normal -1 0 0
    outer loop
      vertex -2 8 -9
      vertex -2 4 -9
      vertex -2 4 -4.76751
    endloop
  endfacet
  facet normal -1 0 0
    outer loop
      vertex -2 4 4.76751
      vertex -2 8 2.16583
      vertex -2 4 -4.76751
    endloop
  endfacet
  facet normal -1 0 0
    outer loop
      vertex -2 8 2.16583
      vertex -2 4 4.76751
      vertex -2 8 11
    endloop
  endfacet
  facet normal -1 0 0
    outer loop
      vertex -2 4 9.23249
      vertex -2 8 11
      vertex -2 4 4.76751
    endloop
  endfacet
  facet normal -1 0 0
    outer loop
      vertex -2 4 11
      vertex -2 8 11
      vertex -2 4 9.23249
    endloop
  endfacet
  facet normal -1 0 0
    outer loop
      vertex -2 4 21
      vertex -2 8 11
      vertex -2 4 11
    endloop
  endfacet
  facet normal -1 0 0
    outer loop
      vertex -2 8 11
      vertex -2 4 21
      vertex -2 15.9 21
    endloop
  endfacet
  facet normal -1 0 0
    outer loop
      vertex -2 27.9 26.5
      vertex -2 28.9 23.5
      vertex -2 27.9 21.8668
    endloop
  endfacet
  facet normal -1 0 0
    outer loop
      vertex -2 28.9 23.5
      vertex -2 27.9 26.5
      vertex -2 28.9 26.5
    endloop
  endfacet
  facet normal 0 1 -0
    outer loop
      vertex 2 8 -11
      vertex -2 8 -9
      vertex 2 8 -9
    endloop
  endfacet
  facet normal 0 1 0
    outer loop
      vertex -2 8 -9
      vertex 2 8 -11
      vertex -2 8 -11
    endloop
  endfacet
  facet normal 0 1 -0
    outer loop
      vertex -1.5 8 2.16583
      vertex -2 8 11
      vertex -1.5 8 11
    endloop
  endfacet
  facet normal 0 1 0
    outer loop
      vertex -2 8 11
      vertex -1.5 8 2.16583
      vertex -2 8 2.16583
    endloop
  endfacet
  facet normal 0 1 -0
    outer loop
      vertex 2 8 2.16583
      vertex 1.5 8 11
      vertex 2 8 11
    endloop
  endfacet
  facet normal 0 1 0
    outer loop
      vertex 1.5 8 11
      vertex 2 8 2.16583
      vertex 1.5 8 2.16583
    endloop
  endfacet
  facet normal 0 0 -1
    outer loop
      vertex -2 8 11
      vertex -1.5 13.4092 11
      vertex -1.5 8 11
    endloop
  endfacet
  facet normal -0 0 -1
    outer loop
      vertex -1.5 13.4092 11
      vertex -2 8 11
      vertex -2 13.4092 11
    endloop
  endfacet
  facet normal 0 0 -1
    outer loop
      vertex 1.5 8 11
      vertex 2 13.4092 11
      vertex 2 8 11
    endloop
  endfacet
  facet normal -0 0 -1
    outer loop
      vertex 2 13.4092 11
      vertex 1.5 8 11
      vertex 1.5 13.4092 11
    endloop
  endfacet
  facet normal 0 1 0
    outer loop
      vertex -2 27.9 26.5
      vertex -8.39541 27.9 19.1954
      vertex -8.5 27.9 19.2
    endloop
  endfacet
  facet normal 0 1 0
    outer loop
      vertex -2 27.9 21.8668
      vertex -8.29162 27.9 19.1818
      vertex -8.39541 27.9 19.1954
    endloop
  endfacet
  facet normal 0 1 0
    outer loop
      vertex -2 27.9 21.8668
      vertex -8.18942 27.9 19.1591
      vertex -8.29162 27.9 19.1818
    endloop
  endfacet
  facet normal 0 1 0
    outer loop
      vertex -2 27.9 21.8668
      vertex -8.08958 27.9 19.1276
      vertex -8.18942 27.9 19.1591
    endloop
  endfacet
  facet normal 0 1 0
    outer loop
      vertex -2 27.9 21.8668
      vertex -7.99286 27.9 19.0876
      vertex -8.08958 27.9 19.1276
    endloop
  endfacet
  facet normal 0 1 0
    outer loop
      vertex -2.82843 27.9 18.8284
      vertex -2 27.9 21.8668
      vertex -2.57115 27.9 19.0642
    endloop
  endfacet
  facet normal 0 1 0
    outer loop
      vertex -2 27.9 21.8668
      vertex -7.9 27.9 19.0392
      vertex -7.99286 27.9 19.0876
    endloop
  endfacet
  facet normal 0 1 0
    outer loop
      vertex -2 27.9 21.8668
      vertex -7.81171 27.9 18.983
      vertex -7.9 27.9 19.0392
    endloop
  endfacet
  facet normal 0 1 0
    outer loop
      vertex -2 27.9 21.8668
      vertex -7.72865 27.9 18.9193
      vertex -7.81171 27.9 18.983
    endloop
  endfacet
  facet normal -0 1 0
    outer loop
      vertex -7.65147 27.9 18.8485
      vertex -2 27.9 21.8668
      vertex -2.82843 27.9 18.8284
    endloop
  endfacet
  facet normal 0 1 0
    outer loop
      vertex -2 27.9 21.8668
      vertex -7.65147 27.9 18.8485
      vertex -7.72865 27.9 18.9193
    endloop
  endfacet
  facet normal 0 1 0
    outer loop
      vertex -2.82843 27.9 18.8284
      vertex -7.58075 27.9 18.7713
      vertex -7.65147 27.9 18.8485
    endloop
  endfacet
  facet normal 0 1 -0
    outer loop
      vertex -3.06418 27.9 18.5711
      vertex -7.58075 27.9 18.7713
      vertex -2.82843 27.9 18.8284
    endloop
  endfacet
  facet normal 0 1 0
    outer loop
      vertex -7.58075 27.9 18.7713
      vertex -3.06418 27.9 18.5711
      vertex -7.51702 27.9 18.6883
    endloop
  endfacet
  facet normal 0 1 0
    outer loop
      vertex -7.51702 27.9 18.6883
      vertex -3.06418 27.9 18.5711
      vertex -7.46077 27.9 18.6
    endloop
  endfacet
  facet normal 0 1 -0
    outer loop
      vertex -3.27661 27.9 18.2943
      vertex -7.46077 27.9 18.6
      vertex -3.06418 27.9 18.5711
    endloop
  endfacet
  facet normal 0 1 0
    outer loop
      vertex -7.46077 27.9 18.6
      vertex -3.27661 27.9 18.2943
      vertex -7.41243 27.9 18.5071
    endloop
  endfacet
  facet normal 0 1 -0
    outer loop
      vertex -3.4641 27.9 18
      vertex -7.41243 27.9 18.5071
      vertex -3.27661 27.9 18.2943
    endloop
  endfacet
  facet normal 0 1 0
    outer loop
      vertex -7.41243 27.9 18.5071
      vertex -3.4641 27.9 18
      vertex -7.37237 27.9 18.4104
    endloop
  endfacet
  facet normal 0 1 0
    outer loop
      vertex -7.37237 27.9 18.4104
      vertex -3.4641 27.9 18
      vertex -7.34089 27.9 18.3106
    endloop
  endfacet
  facet normal 0 1 -0
    outer loop
      vertex -3.62523 27.9 17.6905
      vertex -7.34089 27.9 18.3106
      vertex -3.4641 27.9 18
    endloop
  endfacet
  facet normal 0 1 0
    outer loop
      vertex -7.34089 27.9 18.3106
      vertex -3.62523 27.9 17.6905
      vertex -7.31823 27.9 18.2084
    endloop
  endfacet
  facet normal 0 1 0
    outer loop
      vertex -7.31823 27.9 18.2084
      vertex -3.62523 27.9 17.6905
      vertex -7.30457 27.9 18.1046
    endloop
  endfacet
  facet normal 0 1 -0
    outer loop
      vertex -3.75877 27.9 17.3681
      vertex -7.30457 27.9 18.1046
      vertex -3.62523 27.9 17.6905
    endloop
  endfacet
  facet normal 0 1 0
    outer loop
      vertex -7.30457 27.9 18.1046
      vertex -3.75877 27.9 17.3681
      vertex -7.3 27.9 18
    endloop
  endfacet
  facet normal 0 1 -0
    outer loop
      vertex -3.8637 27.9 17.0353
      vertex -7.3 27.9 18
      vertex -3.75877 27.9 17.3681
    endloop
  endfacet
  facet normal 0 1 -0
    outer loop
      vertex -3.93923 27.9 16.6946
      vertex -7.3 27.9 18
      vertex -3.8637 27.9 17.0353
    endloop
  endfacet
  facet normal 0 1 -0
    outer loop
      vertex -3.98478 27.9 16.3486
      vertex -7.3 27.9 18
      vertex -3.93923 27.9 16.6946
    endloop
  endfacet
  facet normal 0 1 -0
    outer loop
      vertex -4 27.9 16
      vertex -7.3 27.9 18
      vertex -3.98478 27.9 16.3486
    endloop
  endfacet
  facet normal 0 1 0
    outer loop
      vertex -7.3 27.9 14
      vertex -4 27.9 16
      vertex -3.98478 27.9 15.6514
    endloop
  endfacet
  facet normal 0 1 0
    outer loop
      vertex -7.3 27.9 14
      vertex -3.98478 27.9 15.6514
      vertex -3.93923 27.9 15.3054
    endloop
  endfacet
  facet normal 0 1 0
    outer loop
      vertex -7.3 27.9 14
      vertex -3.93923 27.9 15.3054
      vertex -3.8637 27.9 14.9647
    endloop
  endfacet
  facet normal 0 1 0
    outer loop
      vertex -7.3 27.9 14
      vertex -3.8637 27.9 14.9647
      vertex -3.75877 27.9 14.6319
    endloop
  endfacet
  facet normal 0 1 0
    outer loop
      vertex -7.30457 27.9 13.8954
      vertex -3.75877 27.9 14.6319
      vertex -3.62523 27.9 14.3095
    endloop
  endfacet
  facet normal 0 1 0
    outer loop
      vertex -7.34089 27.9 13.6894
      vertex -3.62523 27.9 14.3095
      vertex -3.4641 27.9 14
    endloop
  endfacet
  facet normal 0 1 0
    outer loop
      vertex -4 27.9 16
      vertex -7.3 27.9 14
      vertex -7.3 27.9 18
    endloop
  endfacet
  facet normal 0 1 0
    outer loop
      vertex -3.75877 27.9 14.6319
      vertex -7.30457 27.9 13.8954
      vertex -7.3 27.9 14
    endloop
  endfacet
  facet normal 0 1 0
    outer loop
      vertex -3.62523 27.9 14.3095
      vertex -7.31823 27.9 13.7916
      vertex -7.30457 27.9 13.8954
    endloop
  endfacet
  facet normal 0 1 0
    outer loop
      vertex -7.41243 27.9 13.4929
      vertex -3.4641 27.9 14
      vertex -3.27661 27.9 13.7057
    endloop
  endfacet
  facet normal 0 1 0
    outer loop
      vertex -3.62523 27.9 14.3095
      vertex -7.34089 27.9 13.6894
      vertex -7.31823 27.9 13.7916
    endloop
  endfacet
  facet normal 0 1 0
    outer loop
      vertex -3.4641 27.9 14
      vertex -7.37237 27.9 13.5896
      vertex -7.34089 27.9 13.6894
    endloop
  endfacet
  facet normal 0 1 0
    outer loop
      vertex -3.4641 27.9 14
      vertex -7.41243 27.9 13.4929
      vertex -7.37237 27.9 13.5896
    endloop
  endfacet
  facet normal 0 1 0
    outer loop
      vertex -7.46077 27.9 13.4
      vertex -3.27661 27.9 13.7057
      vertex -3.06418 27.9 13.4288
    endloop
  endfacet
  facet normal 0 1 0
    outer loop
      vertex -3.27661 27.9 13.7057
      vertex -7.46077 27.9 13.4
      vertex -7.41243 27.9 13.4929
    endloop
  endfacet
  facet normal 0 1 0
    outer loop
      vertex -3.06418 27.9 13.4288
      vertex -7.51702 27.9 13.3117
      vertex -7.46077 27.9 13.4
    endloop
  endfacet
  facet normal 0 1 0
    outer loop
      vertex -3.06418 27.9 13.4288
      vertex -7.58075 27.9 13.2287
      vertex -7.51702 27.9 13.3117
    endloop
  endfacet
  facet normal 0 1 0
    outer loop
      vertex -2.82843 27.9 13.1716
      vertex -7.58075 27.9 13.2287
      vertex -3.06418 27.9 13.4288
    endloop
  endfacet
  facet normal 0 1 0
    outer loop
      vertex -2.82843 27.9 13.1716
      vertex -7.65147 27.9 13.1515
      vertex -7.58075 27.9 13.2287
    endloop
  endfacet
  facet normal 0 1 0
    outer loop
      vertex -2.82843 27.9 13.1716
      vertex -7.72865 27.9 13.0807
      vertex -7.65147 27.9 13.1515
    endloop
  endfacet
  facet normal 0 1 0
    outer loop
      vertex -2.57115 27.9 12.9358
      vertex -7.72865 27.9 13.0807
      vertex -2.82843 27.9 13.1716
    endloop
  endfacet
  facet normal 0 1 0
    outer loop
      vertex -7.72865 27.9 13.0807
      vertex -2.57115 27.9 12.9358
      vertex -7.81171 27.9 13.017
    endloop
  endfacet
  facet normal 0 1 0
    outer loop
      vertex -2.2943 27.9 12.7234
      vertex -7.81171 27.9 13.017
      vertex -2.57115 27.9 12.9358
    endloop
  endfacet
  facet normal 0 1 0
    outer loop
      vertex -7.81171 27.9 13.017
      vertex -2.2943 27.9 12.7234
      vertex -7.9 27.9 12.9608
    endloop
  endfacet
  facet normal 0 1 0
    outer loop
      vertex -7.9 27.9 12.9608
      vertex -2.2943 27.9 12.7234
      vertex -7.99286 27.9 12.9124
    endloop
  endfacet
  facet normal 0 1 0
    outer loop
      vertex -2 27.9 12.5359
      vertex -7.99286 27.9 12.9124
      vertex -2.2943 27.9 12.7234
    endloop
  endfacet
  facet normal 0 1 0
    outer loop
      vertex -7.99286 27.9 12.9124
      vertex -2 27.9 12.5359
      vertex -8.08958 27.9 12.8724
    endloop
  endfacet
  facet normal 0 1 0
    outer loop
      vertex -14 27.9 4
      vertex -8.08958 27.9 12.8724
      vertex -2 27.9 12.5359
    endloop
  endfacet
  facet normal 0 1 0
    outer loop
      vertex -8.08958 27.9 12.8724
      vertex -14 27.9 4
      vertex -8.18942 27.9 12.8409
    endloop
  endfacet
  facet normal 0 1 0
    outer loop
      vertex -8.18942 27.9 12.8409
      vertex -14 27.9 4
      vertex -8.29162 27.9 12.8182
    endloop
  endfacet
  facet normal 0 1 -0
    outer loop
      vertex 2 27.9 12.5359
      vertex -2 27.9 19.4641
      vertex 2 27.9 19.4641
    endloop
  endfacet
  facet normal 0 1 0
    outer loop
      vertex -2 27.9 19.4641
      vertex 2 27.9 12.5359
      vertex -2 27.9 12.5359
    endloop
  endfacet
  facet normal 0 1 0
    outer loop
      vertex 14 27.9 28
      vertex 2 27.9 26.5
      vertex -14 27.9 28
    endloop
  endfacet
  facet normal 0 1 -0
    outer loop
      vertex 8.39541 27.9 19.1954
      vertex 2 27.9 26.5
      vertex 14 27.9 28
    endloop
  endfacet
  facet normal 0 1 0
    outer loop
      vertex 2 27.9 21.8668
      vertex 2 27.9 19.4641
      vertex -2 27.9 21.8668
    endloop
  endfacet
  facet normal 0 1 -0
    outer loop
      vertex 8.18942 27.9 19.1591
      vertex 2 27.9 26.5
      vertex 8.29162 27.9 19.1818
    endloop
  endfacet
  facet normal 0 1 -0
    outer loop
      vertex 7.99286 27.9 19.0876
      vertex 2 27.9 21.8668
      vertex 8.08958 27.9 19.1276
    endloop
  endfacet
  facet normal 0 1 0
    outer loop
      vertex 8.39541 27.9 19.1954
      vertex 14 27.9 28
      vertex 8.5 27.9 19.2
    endloop
  endfacet
  facet normal 0 1 0
    outer loop
      vertex 14 27.9 28
      vertex 8.60459 27.9 19.1954
      vertex 8.5 27.9 19.2
    endloop
  endfacet
  facet normal 0 1 0
    outer loop
      vertex 14 27.9 28
      vertex 8.70838 27.9 19.1818
      vertex 8.60459 27.9 19.1954
    endloop
  endfacet
  facet normal 0 1 0
    outer loop
      vertex 14 27.9 28
      vertex 8.81058 27.9 19.1591
      vertex 8.70838 27.9 19.1818
    endloop
  endfacet
  facet normal 0 1 0
    outer loop
      vertex 14 27.9 28
      vertex 8.91042 27.9 19.1276
      vertex 8.81058 27.9 19.1591
    endloop
  endfacet
  facet normal 0 1 0
    outer loop
      vertex 14 27.9 28
      vertex 9.00714 27.9 19.0876
      vertex 8.91042 27.9 19.1276
    endloop
  endfacet
  facet normal 0 1 0
    outer loop
      vertex 14 27.9 28
      vertex 9.1 27.9 19.0392
      vertex 9.00714 27.9 19.0876
    endloop
  endfacet
  facet normal 0 1 0
    outer loop
      vertex 14 27.9 28
      vertex 9.18829 27.9 18.983
      vertex 9.1 27.9 19.0392
    endloop
  endfacet
  facet normal 0 1 0
    outer loop
      vertex 14 27.9 28
      vertex 9.27134 27.9 18.9193
      vertex 9.18829 27.9 18.983
    endloop
  endfacet
  facet normal 0 1 0
    outer loop
      vertex 14 27.9 28
      vertex 9.34853 27.9 18.8485
      vertex 9.27134 27.9 18.9193
    endloop
  endfacet
  facet normal 0 1 0
    outer loop
      vertex 14 27.9 28
      vertex 9.41925 27.9 18.7713
      vertex 9.34853 27.9 18.8485
    endloop
  endfacet
  facet normal 0 1 0
    outer loop
      vertex 14 27.9 28
      vertex 9.48298 27.9 18.6883
      vertex 9.41925 27.9 18.7713
    endloop
  endfacet
  facet normal 0 1 0
    outer loop
      vertex 14 27.9 28
      vertex 9.53923 27.9 18.6
      vertex 9.48298 27.9 18.6883
    endloop
  endfacet
  facet normal 0 1 0
    outer loop
      vertex 14 27.9 28
      vertex 9.58757 27.9 18.5071
      vertex 9.53923 27.9 18.6
    endloop
  endfacet
  facet normal 0 1 0
    outer loop
      vertex 14 27.9 28
      vertex 9.62763 27.9 18.4104
      vertex 9.58757 27.9 18.5071
    endloop
  endfacet
  facet normal 0 1 0
    outer loop
      vertex 14 27.9 28
      vertex 9.65911 27.9 18.3106
      vertex 9.62763 27.9 18.4104
    endloop
  endfacet
  facet normal 0 1 0
    outer loop
      vertex 14 27.9 28
      vertex 9.68177 27.9 18.2084
      vertex 9.65911 27.9 18.3106
    endloop
  endfacet
  facet normal 0 1 0
    outer loop
      vertex 14 27.9 28
      vertex 9.69543 27.9 18.1046
      vertex 9.68177 27.9 18.2084
    endloop
  endfacet
  facet normal 0 1 0
    outer loop
      vertex 14 27.9 28
      vertex 9.7 27.9 18
      vertex 9.69543 27.9 18.1046
    endloop
  endfacet
  facet normal 0 1 0
    outer loop
      vertex 14 27.9 28
      vertex 9.7 27.9 14
      vertex 9.7 27.9 18
    endloop
  endfacet
  facet normal 0 1 -0
    outer loop
      vertex 14 27.9 4
      vertex 9.7 27.9 14
      vertex 14 27.9 28
    endloop
  endfacet
  facet normal 0 1 0
    outer loop
      vertex 9.7 27.9 14
      vertex 14 27.9 4
      vertex 9.69543 27.9 13.8954
    endloop
  endfacet
  facet normal 0 1 0
    outer loop
      vertex 9.69543 27.9 13.8954
      vertex 14 27.9 4
      vertex 9.68177 27.9 13.7916
    endloop
  endfacet
  facet normal 0 1 0
    outer loop
      vertex 7.99286 27.9 12.9124
      vertex 2 27.9 12.5359
      vertex 2.2943 27.9 12.7234
    endloop
  endfacet
  facet normal 0 1 0
    outer loop
      vertex 2 27.9 12.5359
      vertex 14 27.9 4
      vertex -2 27.9 12.5359
    endloop
  endfacet
  facet normal 0 1 0
    outer loop
      vertex 8.39541 27.9 12.8046
      vertex 14 27.9 4
      vertex 2 27.9 12.5359
    endloop
  endfacet
  facet normal 0 1 0
    outer loop
      vertex 8.60459 27.9 12.8046
      vertex 14 27.9 4
      vertex 8.5 27.9 12.8
    endloop
  endfacet
  facet normal 0 1 0
    outer loop
      vertex 8.70838 27.9 12.8182
      vertex 14 27.9 4
      vertex 8.60459 27.9 12.8046
    endloop
  endfacet
  facet normal 0 1 0
    outer loop
      vertex 8.81058 27.9 12.8409
      vertex 14 27.9 4
      vertex 8.70838 27.9 12.8182
    endloop
  endfacet
  facet normal 0 1 0
    outer loop
      vertex 8.91042 27.9 12.8724
      vertex 14 27.9 4
      vertex 8.81058 27.9 12.8409
    endloop
  endfacet
  facet normal 0 1 0
    outer loop
      vertex 9.00714 27.9 12.9124
      vertex 14 27.9 4
      vertex 8.91042 27.9 12.8724
    endloop
  endfacet
  facet normal 0 1 0
    outer loop
      vertex 9.1 27.9 12.9608
      vertex 14 27.9 4
      vertex 9.00714 27.9 12.9124
    endloop
  endfacet
  facet normal 0 1 0
    outer loop
      vertex 9.18829 27.9 13.017
      vertex 14 27.9 4
      vertex 9.1 27.9 12.9608
    endloop
  endfacet
  facet normal 0 1 0
    outer loop
      vertex 9.27134 27.9 13.0807
      vertex 14 27.9 4
      vertex 9.18829 27.9 13.017
    endloop
  endfacet
  facet normal 0 1 0
    outer loop
      vertex 9.34853 27.9 13.1515
      vertex 14 27.9 4
      vertex 9.27134 27.9 13.0807
    endloop
  endfacet
  facet normal 0 1 0
    outer loop
      vertex 9.41925 27.9 13.2287
      vertex 14 27.9 4
      vertex 9.34853 27.9 13.1515
    endloop
  endfacet
  facet normal 0 1 0
    outer loop
      vertex 9.48298 27.9 13.3117
      vertex 14 27.9 4
      vertex 9.41925 27.9 13.2287
    endloop
  endfacet
  facet normal 0 1 0
    outer loop
      vertex 9.53923 27.9 13.4
      vertex 14 27.9 4
      vertex 9.48298 27.9 13.3117
    endloop
  endfacet
  facet normal 0 1 0
    outer loop
      vertex 9.58757 27.9 13.4929
      vertex 14 27.9 4
      vertex 9.53923 27.9 13.4
    endloop
  endfacet
  facet normal 0 1 0
    outer loop
      vertex 9.62763 27.9 13.5896
      vertex 14 27.9 4
      vertex 9.58757 27.9 13.4929
    endloop
  endfacet
  facet normal 0 1 0
    outer loop
      vertex 9.65911 27.9 13.6894
      vertex 14 27.9 4
      vertex 9.62763 27.9 13.5896
    endloop
  endfacet
  facet normal 0 1 0
    outer loop
      vertex 9.68177 27.9 13.7916
      vertex 14 27.9 4
      vertex 9.65911 27.9 13.6894
    endloop
  endfacet
  facet normal 0 1 -0
    outer loop
      vertex -2 27.9 26.5
      vertex -14 27.9 28
      vertex 2 27.9 26.5
    endloop
  endfacet
  facet normal 0 1 0
    outer loop
      vertex -8.39541 27.9 19.1954
      vertex -2 27.9 26.5
      vertex -2 27.9 21.8668
    endloop
  endfacet
  facet normal 0 1 0
    outer loop
      vertex -2 27.9 19.4641
      vertex -2 27.9 21.8668
      vertex 2 27.9 19.4641
    endloop
  endfacet
  facet normal 0 1 0
    outer loop
      vertex -2.2943 27.9 19.2766
      vertex -2 27.9 21.8668
      vertex -2 27.9 19.4641
    endloop
  endfacet
  facet normal 0 1 0
    outer loop
      vertex -2.57115 27.9 19.0642
      vertex -2 27.9 21.8668
      vertex -2.2943 27.9 19.2766
    endloop
  endfacet
  facet normal 0 1 0
    outer loop
      vertex -2 27.9 26.5
      vertex -8.5 27.9 19.2
      vertex -14 27.9 28
    endloop
  endfacet
  facet normal 0 1 -0
    outer loop
      vertex -8.60459 27.9 19.1954
      vertex -14 27.9 28
      vertex -8.5 27.9 19.2
    endloop
  endfacet
  facet normal 0 1 -0
    outer loop
      vertex -8.70838 27.9 19.1818
      vertex -14 27.9 28
      vertex -8.60459 27.9 19.1954
    endloop
  endfacet
  facet normal 0 1 -0
    outer loop
      vertex -8.81058 27.9 19.1591
      vertex -14 27.9 28
      vertex -8.70838 27.9 19.1818
    endloop
  endfacet
  facet normal 0 1 -0
    outer loop
      vertex -8.91042 27.9 19.1276
      vertex -14 27.9 28
      vertex -8.81058 27.9 19.1591
    endloop
  endfacet
  facet normal 0 1 -0
    outer loop
      vertex -9.00714 27.9 19.0876
      vertex -14 27.9 28
      vertex -8.91042 27.9 19.1276
    endloop
  endfacet
  facet normal 0 1 -0
    outer loop
      vertex -9.1 27.9 19.0392
      vertex -14 27.9 28
      vertex -9.00714 27.9 19.0876
    endloop
  endfacet
  facet normal 0 1 -0
    outer loop
      vertex -9.18829 27.9 18.983
      vertex -14 27.9 28
      vertex -9.1 27.9 19.0392
    endloop
  endfacet
  facet normal 0 1 -0
    outer loop
      vertex -9.27134 27.9 18.9193
      vertex -14 27.9 28
      vertex -9.18829 27.9 18.983
    endloop
  endfacet
  facet normal 0 1 -0
    outer loop
      vertex -9.34853 27.9 18.8485
      vertex -14 27.9 28
      vertex -9.27134 27.9 18.9193
    endloop
  endfacet
  facet normal 0 1 -0
    outer loop
      vertex -9.41925 27.9 18.7713
      vertex -14 27.9 28
      vertex -9.34853 27.9 18.8485
    endloop
  endfacet
  facet normal 0 1 -0
    outer loop
      vertex -9.48298 27.9 18.6883
      vertex -14 27.9 28
      vertex -9.41925 27.9 18.7713
    endloop
  endfacet
  facet normal 0 1 -0
    outer loop
      vertex -9.53923 27.9 18.6
      vertex -14 27.9 28
      vertex -9.48298 27.9 18.6883
    endloop
  endfacet
  facet normal 0 1 -0
    outer loop
      vertex -9.58757 27.9 18.5071
      vertex -14 27.9 28
      vertex -9.53923 27.9 18.6
    endloop
  endfacet
  facet normal 0 1 -0
    outer loop
      vertex -9.62763 27.9 18.4104
      vertex -14 27.9 28
      vertex -9.58757 27.9 18.5071
    endloop
  endfacet
  facet normal 0 1 -0
    outer loop
      vertex -9.65911 27.9 18.3106
      vertex -14 27.9 28
      vertex -9.62763 27.9 18.4104
    endloop
  endfacet
  facet normal 0 1 -0
    outer loop
      vertex -9.68177 27.9 18.2084
      vertex -14 27.9 28
      vertex -9.65911 27.9 18.3106
    endloop
  endfacet
  facet normal 0 1 -0
    outer loop
      vertex -9.69543 27.9 18.1046
      vertex -14 27.9 28
      vertex -9.68177 27.9 18.2084
    endloop
  endfacet
  facet normal 0 1 -0
    outer loop
      vertex -9.7 27.9 18
      vertex -14 27.9 28
      vertex -9.69543 27.9 18.1046
    endloop
  endfacet
  facet normal 0 1 -0
    outer loop
      vertex -9.7 27.9 14
      vertex -14 27.9 28
      vertex -9.7 27.9 18
    endloop
  endfacet
  facet normal 0 1 0
    outer loop
      vertex -14 27.9 4
      vertex -9.7 27.9 14
      vertex -9.69543 27.9 13.8954
    endloop
  endfacet
  facet normal 0 1 0
    outer loop
      vertex -14 27.9 4
      vertex -9.69543 27.9 13.8954
      vertex -9.68177 27.9 13.7916
    endloop
  endfacet
  facet normal 0 1 0
    outer loop
      vertex -14 27.9 4
      vertex -9.68177 27.9 13.7916
      vertex -9.65911 27.9 13.6894
    endloop
  endfacet
  facet normal 0 1 0
    outer loop
      vertex -8.29162 27.9 12.8182
      vertex -14 27.9 4
      vertex -8.39541 27.9 12.8046
    endloop
  endfacet
  facet normal 0 1 0
    outer loop
      vertex -14 27.9 4
      vertex -2 27.9 12.5359
      vertex 14 27.9 4
    endloop
  endfacet
  facet normal 0 1 0
    outer loop
      vertex -8.39541 27.9 12.8046
      vertex -14 27.9 4
      vertex -8.5 27.9 12.8
    endloop
  endfacet
  facet normal 0 1 0
    outer loop
      vertex -8.5 27.9 12.8
      vertex -14 27.9 4
      vertex -8.60459 27.9 12.8046
    endloop
  endfacet
  facet normal 0 1 0
    outer loop
      vertex -8.60459 27.9 12.8046
      vertex -14 27.9 4
      vertex -8.70838 27.9 12.8182
    endloop
  endfacet
  facet normal 0 1 0
    outer loop
      vertex -8.70838 27.9 12.8182
      vertex -14 27.9 4
      vertex -8.81058 27.9 12.8409
    endloop
  endfacet
  facet normal 0 1 0
    outer loop
      vertex -9.7 27.9 14
      vertex -14 27.9 4
      vertex -14 27.9 28
    endloop
  endfacet
  facet normal 0 1 0
    outer loop
      vertex -9.62763 27.9 13.5896
      vertex -14 27.9 4
      vertex -9.65911 27.9 13.6894
    endloop
  endfacet
  facet normal 0 1 0
    outer loop
      vertex -9.58757 27.9 13.4929
      vertex -14 27.9 4
      vertex -9.62763 27.9 13.5896
    endloop
  endfacet
  facet normal 0 1 0
    outer loop
      vertex -9.53923 27.9 13.4
      vertex -14 27.9 4
      vertex -9.58757 27.9 13.4929
    endloop
  endfacet
  facet normal 0 1 0
    outer loop
      vertex -9.48298 27.9 13.3117
      vertex -14 27.9 4
      vertex -9.53923 27.9 13.4
    endloop
  endfacet
  facet normal 0 1 0
    outer loop
      vertex -9.41925 27.9 13.2287
      vertex -14 27.9 4
      vertex -9.48298 27.9 13.3117
    endloop
  endfacet
  facet normal 0 1 0
    outer loop
      vertex -9.34853 27.9 13.1515
      vertex -14 27.9 4
      vertex -9.41925 27.9 13.2287
    endloop
  endfacet
  facet normal 0 1 0
    outer loop
      vertex -9.27134 27.9 13.0807
      vertex -14 27.9 4
      vertex -9.34853 27.9 13.1515
    endloop
  endfacet
  facet normal 0 1 0
    outer loop
      vertex -9.18829 27.9 13.017
      vertex -14 27.9 4
      vertex -9.27134 27.9 13.0807
    endloop
  endfacet
  facet normal 0 1 0
    outer loop
      vertex -9.1 27.9 12.9608
      vertex -14 27.9 4
      vertex -9.18829 27.9 13.017
    endloop
  endfacet
  facet normal 0 1 0
    outer loop
      vertex -9.00714 27.9 12.9124
      vertex -14 27.9 4
      vertex -9.1 27.9 12.9608
    endloop
  endfacet
  facet normal 0 1 0
    outer loop
      vertex -8.91042 27.9 12.8724
      vertex -14 27.9 4
      vertex -9.00714 27.9 12.9124
    endloop
  endfacet
  facet normal 0 1 0
    outer loop
      vertex -8.81058 27.9 12.8409
      vertex -14 27.9 4
      vertex -8.91042 27.9 12.8724
    endloop
  endfacet
  facet normal 0 1 0
    outer loop
      vertex 2 27.9 26.5
      vertex 8.39541 27.9 19.1954
      vertex 8.29162 27.9 19.1818
    endloop
  endfacet
  facet normal 0 1 0
    outer loop
      vertex 2 27.9 26.5
      vertex 8.18942 27.9 19.1591
      vertex 2 27.9 21.8668
    endloop
  endfacet
  facet normal 0 1 0
    outer loop
      vertex 2 27.9 21.8668
      vertex 8.18942 27.9 19.1591
      vertex 8.08958 27.9 19.1276
    endloop
  endfacet
  facet normal 0 1 -0
    outer loop
      vertex 7.9 27.9 19.0392
      vertex 2 27.9 21.8668
      vertex 7.99286 27.9 19.0876
    endloop
  endfacet
  facet normal 0 1 0
    outer loop
      vertex 2 27.9 21.8668
      vertex 2.2943 27.9 19.2766
      vertex 2 27.9 19.4641
    endloop
  endfacet
  facet normal 0 1 -0
    outer loop
      vertex 7.81171 27.9 18.983
      vertex 2 27.9 21.8668
      vertex 7.9 27.9 19.0392
    endloop
  endfacet
  facet normal 0 1 -0
    outer loop
      vertex 7.72865 27.9 18.9193
      vertex 2 27.9 21.8668
      vertex 7.81171 27.9 18.983
    endloop
  endfacet
  facet normal 0 1 0
    outer loop
      vertex 2 27.9 21.8668
      vertex 2.57115 27.9 19.0642
      vertex 2.2943 27.9 19.2766
    endloop
  endfacet
  facet normal 0 1 -0
    outer loop
      vertex 7.65147 27.9 18.8485
      vertex 2 27.9 21.8668
      vertex 7.72865 27.9 18.9193
    endloop
  endfacet
  facet normal 0 1 0
    outer loop
      vertex 2 27.9 21.8668
      vertex 7.65147 27.9 18.8485
      vertex 2.82843 27.9 18.8284
    endloop
  endfacet
  facet normal 0 1 0
    outer loop
      vertex 2 27.9 21.8668
      vertex 2.82843 27.9 18.8284
      vertex 2.57115 27.9 19.0642
    endloop
  endfacet
  facet normal 0 1 -0
    outer loop
      vertex 7.58075 27.9 18.7713
      vertex 2.82843 27.9 18.8284
      vertex 7.65147 27.9 18.8485
    endloop
  endfacet
  facet normal 0 1 0
    outer loop
      vertex 3.06418 27.9 18.5711
      vertex 7.58075 27.9 18.7713
      vertex 7.51702 27.9 18.6883
    endloop
  endfacet
  facet normal 0 1 0
    outer loop
      vertex 3.06418 27.9 18.5711
      vertex 7.51702 27.9 18.6883
      vertex 7.46077 27.9 18.6
    endloop
  endfacet
  facet normal 0 1 0
    outer loop
      vertex 7.58075 27.9 18.7713
      vertex 3.06418 27.9 18.5711
      vertex 2.82843 27.9 18.8284
    endloop
  endfacet
  facet normal 0 1 0
    outer loop
      vertex 3.27661 27.9 18.2943
      vertex 7.46077 27.9 18.6
      vertex 7.41243 27.9 18.5071
    endloop
  endfacet
  facet normal 0 1 0
    outer loop
      vertex 3.4641 27.9 18
      vertex 7.41243 27.9 18.5071
      vertex 7.37237 27.9 18.4104
    endloop
  endfacet
  facet normal 0 1 0
    outer loop
      vertex 3.4641 27.9 18
      vertex 7.37237 27.9 18.4104
      vertex 7.34089 27.9 18.3106
    endloop
  endfacet
  facet normal 0 1 0
    outer loop
      vertex 7.46077 27.9 18.6
      vertex 3.27661 27.9 18.2943
      vertex 3.06418 27.9 18.5711
    endloop
  endfacet
  facet normal 0 1 0
    outer loop
      vertex 3.62523 27.9 17.6905
      vertex 7.34089 27.9 18.3106
      vertex 7.31823 27.9 18.2084
    endloop
  endfacet
  facet normal 0 1 0
    outer loop
      vertex 3.62523 27.9 17.6905
      vertex 7.31823 27.9 18.2084
      vertex 7.30457 27.9 18.1046
    endloop
  endfacet
  facet normal 0 1 0
    outer loop
      vertex 3.75877 27.9 17.3681
      vertex 7.30457 27.9 18.1046
      vertex 7.3 27.9 18
    endloop
  endfacet
  facet normal 0 1 0
    outer loop
      vertex 7.41243 27.9 18.5071
      vertex 3.4641 27.9 18
      vertex 3.27661 27.9 18.2943
    endloop
  endfacet
  facet normal 0 1 0
    outer loop
      vertex 7.34089 27.9 18.3106
      vertex 3.62523 27.9 17.6905
      vertex 3.4641 27.9 18
    endloop
  endfacet
  facet normal 0 1 0
    outer loop
      vertex 7.30457 27.9 18.1046
      vertex 3.75877 27.9 17.3681
      vertex 3.62523 27.9 17.6905
    endloop
  endfacet
  facet normal 0 1 0
    outer loop
      vertex 7.3 27.9 18
      vertex 3.8637 27.9 17.0353
      vertex 3.75877 27.9 17.3681
    endloop
  endfacet
  facet normal 0 1 0
    outer loop
      vertex 7.3 27.9 18
      vertex 3.93923 27.9 16.6946
      vertex 3.8637 27.9 17.0353
    endloop
  endfacet
  facet normal 0 1 0
    outer loop
      vertex 7.3 27.9 18
      vertex 3.98478 27.9 16.3486
      vertex 3.93923 27.9 16.6946
    endloop
  endfacet
  facet normal 0 1 0
    outer loop
      vertex 7.3 27.9 18
      vertex 4 27.9 16
      vertex 3.98478 27.9 16.3486
    endloop
  endfacet
  facet normal 0 1 -0
    outer loop
      vertex 7.3 27.9 14
      vertex 4 27.9 16
      vertex 7.3 27.9 18
    endloop
  endfacet
  facet normal 0 1 0
    outer loop
      vertex 4 27.9 16
      vertex 7.3 27.9 14
      vertex 3.98478 27.9 15.6514
    endloop
  endfacet
  facet normal 0 1 0
    outer loop
      vertex 3.98478 27.9 15.6514
      vertex 7.3 27.9 14
      vertex 3.93923 27.9 15.3054
    endloop
  endfacet
  facet normal 0 1 0
    outer loop
      vertex 3.93923 27.9 15.3054
      vertex 7.3 27.9 14
      vertex 3.8637 27.9 14.9647
    endloop
  endfacet
  facet normal 0 1 0
    outer loop
      vertex 3.8637 27.9 14.9647
      vertex 7.3 27.9 14
      vertex 3.75877 27.9 14.6319
    endloop
  endfacet
  facet normal 0 1 0
    outer loop
      vertex 7.30457 27.9 13.8954
      vertex 3.75877 27.9 14.6319
      vertex 7.3 27.9 14
    endloop
  endfacet
  facet normal 0 1 0
    outer loop
      vertex 3.75877 27.9 14.6319
      vertex 7.30457 27.9 13.8954
      vertex 3.62523 27.9 14.3095
    endloop
  endfacet
  facet normal 0 1 0
    outer loop
      vertex 7.31823 27.9 13.7916
      vertex 3.62523 27.9 14.3095
      vertex 7.30457 27.9 13.8954
    endloop
  endfacet
  facet normal 0 1 0
    outer loop
      vertex 7.34089 27.9 13.6894
      vertex 3.62523 27.9 14.3095
      vertex 7.31823 27.9 13.7916
    endloop
  endfacet
  facet normal 0 1 0
    outer loop
      vertex 3.62523 27.9 14.3095
      vertex 7.34089 27.9 13.6894
      vertex 3.4641 27.9 14
    endloop
  endfacet
  facet normal 0 1 0
    outer loop
      vertex 7.37237 27.9 13.5896
      vertex 3.4641 27.9 14
      vertex 7.34089 27.9 13.6894
    endloop
  endfacet
  facet normal 0 1 0
    outer loop
      vertex 7.41243 27.9 13.4929
      vertex 3.4641 27.9 14
      vertex 7.37237 27.9 13.5896
    endloop
  endfacet
  facet normal 0 1 0
    outer loop
      vertex 3.4641 27.9 14
      vertex 7.41243 27.9 13.4929
      vertex 3.27661 27.9 13.7057
    endloop
  endfacet
  facet normal 0 1 0
    outer loop
      vertex 7.46077 27.9 13.4
      vertex 3.27661 27.9 13.7057
      vertex 7.41243 27.9 13.4929
    endloop
  endfacet
  facet normal 0 1 0
    outer loop
      vertex 3.27661 27.9 13.7057
      vertex 7.46077 27.9 13.4
      vertex 3.06418 27.9 13.4288
    endloop
  endfacet
  facet normal 0 1 0
    outer loop
      vertex 7.51702 27.9 13.3117
      vertex 3.06418 27.9 13.4288
      vertex 7.46077 27.9 13.4
    endloop
  endfacet
  facet normal 0 1 0
    outer loop
      vertex 7.58075 27.9 13.2287
      vertex 3.06418 27.9 13.4288
      vertex 7.51702 27.9 13.3117
    endloop
  endfacet
  facet normal 0 1 0
    outer loop
      vertex 7.58075 27.9 13.2287
      vertex 2.82843 27.9 13.1716
      vertex 3.06418 27.9 13.4288
    endloop
  endfacet
  facet normal 0 1 0
    outer loop
      vertex 7.65147 27.9 13.1515
      vertex 2.82843 27.9 13.1716
      vertex 7.58075 27.9 13.2287
    endloop
  endfacet
  facet normal 0 1 0
    outer loop
      vertex 7.72865 27.9 13.0807
      vertex 2.82843 27.9 13.1716
      vertex 7.65147 27.9 13.1515
    endloop
  endfacet
  facet normal 0 1 0
    outer loop
      vertex 2.57115 27.9 12.9358
      vertex 7.72865 27.9 13.0807
      vertex 7.81171 27.9 13.017
    endloop
  endfacet
  facet normal 0 1 0
    outer loop
      vertex 2.2943 27.9 12.7234
      vertex 7.81171 27.9 13.017
      vertex 7.9 27.9 12.9608
    endloop
  endfacet
  facet normal 0 1 0
    outer loop
      vertex 7.72865 27.9 13.0807
      vertex 2.57115 27.9 12.9358
      vertex 2.82843 27.9 13.1716
    endloop
  endfacet
  facet normal 0 1 0
    outer loop
      vertex 2.2943 27.9 12.7234
      vertex 7.9 27.9 12.9608
      vertex 7.99286 27.9 12.9124
    endloop
  endfacet
  facet normal 0 1 0
    outer loop
      vertex 2 27.9 12.5359
      vertex 7.99286 27.9 12.9124
      vertex 8.08958 27.9 12.8724
    endloop
  endfacet
  facet normal 0 1 0
    outer loop
      vertex 2 27.9 12.5359
      vertex 8.08958 27.9 12.8724
      vertex 8.18942 27.9 12.8409
    endloop
  endfacet
  facet normal 0 1 0
    outer loop
      vertex 2 27.9 12.5359
      vertex 8.18942 27.9 12.8409
      vertex 8.29162 27.9 12.8182
    endloop
  endfacet
  facet normal 0 1 0
    outer loop
      vertex 2 27.9 12.5359
      vertex 8.29162 27.9 12.8182
      vertex 8.39541 27.9 12.8046
    endloop
  endfacet
  facet normal 0 1 0
    outer loop
      vertex 14 27.9 4
      vertex 8.39541 27.9 12.8046
      vertex 8.5 27.9 12.8
    endloop
  endfacet
  facet normal 0 1 0
    outer loop
      vertex 7.81171 27.9 13.017
      vertex 2.2943 27.9 12.7234
      vertex 2.57115 27.9 12.9358
    endloop
  endfacet
  facet normal -1 -0 0
    outer loop
      vertex -1.5 13.4092 11
      vertex -1.5 8 2.16583
      vertex -1.5 8 11
    endloop
  endfacet
  facet normal 1 -0 0
    outer loop
      vertex 1.5 8 11
      vertex 1.5 8 2.16583
      vertex 1.5 13.4092 11
    endloop
  endfacet
  facet normal -1 0 0
    outer loop
      vertex -1.5 7.5 35
      vertex -1.5 15.9 21
      vertex -1.5 7.5 21
    endloop
  endfacet
  facet normal -1 0 0
    outer loop
      vertex -1.5 15.9 21
      vertex -1.5 7.5 35
      vertex -1.5 19.1 23.4
    endloop
  endfacet
  facet normal 1 0 0
    outer loop
      vertex 1.5 7.5 35
      vertex 1.5 15.9 21
      vertex 1.5 19.1 23.4
    endloop
  endfacet
  facet normal 1 0 0
    outer loop
      vertex 1.5 15.9 21
      vertex 1.5 7.5 35
      vertex 1.5 7.5 21
    endloop
  endfacet
  facet normal 0 -1 0
    outer loop
      vertex -1.5 7.5 21
      vertex 1.5 7.5 35
      vertex -1.5 7.5 35
    endloop
  endfacet
  facet normal 0 -1 -0
    outer loop
      vertex 1.5 7.5 35
      vertex -1.5 7.5 21
      vertex 1.5 7.5 21
    endloop
  endfacet
  facet normal 0 0.707107 0.707107
    outer loop
      vertex 1.5 19.1 23.4
      vertex -1.5 7.5 35
      vertex 1.5 7.5 35
    endloop
  endfacet
  facet normal 0 0.707107 0.707107
    outer loop
      vertex -1.5 7.5 35
      vertex 1.5 19.1 23.4
      vertex -1.5 19.1 23.4
    endloop
  endfacet
  facet normal -0.923861 0 -0.382729
    outer loop
      vertex -7.37237 23.9 18.4104
      vertex -7.41243 27.9 18.5071
      vertex -7.37237 27.9 18.4104
    endloop
  endfacet
  facet normal -0.923861 -0 -0.382729
    outer loop
      vertex -7.41243 27.9 18.5071
      vertex -7.37237 23.9 18.4104
      vertex -7.41243 23.9 18.5071
    endloop
  endfacet
  facet normal -0.216829 0 -0.97621
    outer loop
      vertex -8.29162 23.9 19.1818
      vertex -8.18942 27.9 19.1591
      vertex -8.18942 23.9 19.1591
    endloop
  endfacet
  facet normal -0.216829 0 -0.97621
    outer loop
      vertex -8.18942 27.9 19.1591
      vertex -8.29162 23.9 19.1818
      vertex -8.29162 27.9 19.1818
    endloop
  endfacet
  facet normal 0.300885 0 0.953661
    outer loop
      vertex -8.91042 27.9 12.8724
      vertex -8.81058 23.9 12.8409
      vertex -8.81058 27.9 12.8409
    endloop
  endfacet
  facet normal 0.300885 0 0.953661
    outer loop
      vertex -8.81058 23.9 12.8409
      vertex -8.91042 27.9 12.8724
      vertex -8.91042 23.9 12.8724
    endloop
  endfacet
  facet normal 0.79316 0 -0.609013
    outer loop
      vertex -9.41925 23.9 18.7713
      vertex -9.48298 27.9 18.6883
      vertex -9.41925 27.9 18.7713
    endloop
  endfacet
  facet normal 0.79316 0 -0.609013
    outer loop
      vertex -9.48298 27.9 18.6883
      vertex -9.41925 23.9 18.7713
      vertex -9.48298 23.9 18.6883
    endloop
  endfacet
  facet normal -0.737376 0 0.675482
    outer loop
      vertex -7.65147 23.9 13.1515
      vertex -7.58075 27.9 13.2287
      vertex -7.65147 27.9 13.1515
    endloop
  endfacet
  facet normal -0.737376 0 0.675482
    outer loop
      vertex -7.58075 27.9 13.2287
      vertex -7.65147 23.9 13.1515
      vertex -7.58075 23.9 13.2287
    endloop
  endfacet
  facet normal 0.843406 -0 0.537277
    outer loop
      vertex -9.53923 23.9 13.4
      vertex -9.48298 27.9 13.3117
      vertex -9.53923 27.9 13.4
    endloop
  endfacet
  facet normal 0.843406 0 0.537277
    outer loop
      vertex -9.48298 27.9 13.3117
      vertex -9.53923 23.9 13.4
      vertex -9.48298 23.9 13.3117
    endloop
  endfacet
  facet normal 0.953681 -0 0.30082
    outer loop
      vertex -9.65911 23.9 13.6894
      vertex -9.62763 27.9 13.5896
      vertex -9.65911 27.9 13.6894
    endloop
  endfacet
  facet normal 0.953681 0 0.30082
    outer loop
      vertex -9.62763 27.9 13.5896
      vertex -9.65911 23.9 13.6894
      vertex -9.62763 23.9 13.5896
    endloop
  endfacet
  facet normal 0.953681 0 -0.30082
    outer loop
      vertex -9.62763 23.9 18.4104
      vertex -9.65911 27.9 18.3106
      vertex -9.62763 27.9 18.4104
    endloop
  endfacet
  facet normal 0.953681 0 -0.30082
    outer loop
      vertex -9.65911 27.9 18.3106
      vertex -9.62763 23.9 18.4104
      vertex -9.65911 23.9 18.3106
    endloop
  endfacet
  facet normal -0.608556 0 0.793511
    outer loop
      vertex -7.81171 27.9 13.017
      vertex -7.72865 23.9 13.0807
      vertex -7.72865 27.9 13.0807
    endloop
  endfacet
  facet normal -0.608556 0 0.793511
    outer loop
      vertex -7.72865 23.9 13.0807
      vertex -7.81171 27.9 13.017
      vertex -7.81171 23.9 13.017
    endloop
  endfacet
  facet normal 0.991452 -0 0.130474
    outer loop
      vertex -9.69543 23.9 13.8954
      vertex -9.68177 27.9 13.7916
      vertex -9.69543 27.9 13.8954
    endloop
  endfacet
  facet normal 0.991452 0 0.130474
    outer loop
      vertex -9.68177 27.9 13.7916
      vertex -9.69543 23.9 13.8954
      vertex -9.68177 23.9 13.7916
    endloop
  endfacet
  facet normal -0.887092 0 0.461593
    outer loop
      vertex -7.46077 23.9 13.4
      vertex -7.41243 27.9 13.4929
      vertex -7.46077 27.9 13.4
    endloop
  endfacet
  facet normal -0.887092 0 0.461593
    outer loop
      vertex -7.41243 27.9 13.4929
      vertex -7.46077 23.9 13.4
      vertex -7.41243 23.9 13.4929
    endloop
  endfacet
  facet normal 0.737376 -0 0.675482
    outer loop
      vertex -9.41925 23.9 13.2287
      vertex -9.34853 27.9 13.1515
      vertex -9.41925 27.9 13.2287
    endloop
  endfacet
  facet normal 0.737376 0 0.675482
    outer loop
      vertex -9.34853 27.9 13.1515
      vertex -9.41925 23.9 13.2287
      vertex -9.34853 23.9 13.1515
    endloop
  endfacet
  facet normal 0.991452 0 -0.130474
    outer loop
      vertex -9.68177 23.9 18.2084
      vertex -9.69543 27.9 18.1046
      vertex -9.68177 27.9 18.2084
    endloop
  endfacet
  facet normal 0.991452 0 -0.130474
    outer loop
      vertex -9.69543 27.9 18.1046
      vertex -9.68177 23.9 18.2084
      vertex -9.69543 23.9 18.1046
    endloop
  endfacet
  facet normal 0.536981 0 0.843595
    outer loop
      vertex -9.18829 27.9 13.017
      vertex -9.1 23.9 12.9608
      vertex -9.1 27.9 12.9608
    endloop
  endfacet
  facet normal 0.536981 0 0.843595
    outer loop
      vertex -9.1 23.9 12.9608
      vertex -9.18829 27.9 13.017
      vertex -9.18829 23.9 13.017
    endloop
  endfacet
  facet normal -0.999047 0 -0.0436486
    outer loop
      vertex -7.3 23.9 18
      vertex -7.30457 27.9 18.1046
      vertex -7.3 27.9 18
    endloop
  endfacet
  facet normal -0.999047 -0 -0.0436486
    outer loop
      vertex -7.30457 27.9 18.1046
      vertex -7.3 23.9 18
      vertex -7.30457 23.9 18.1046
    endloop
  endfacet
  facet normal 0.737376 0 -0.675482
    outer loop
      vertex -9.34853 23.9 18.8485
      vertex -9.41925 27.9 18.7713
      vertex -9.34853 27.9 18.8485
    endloop
  endfacet
  facet normal 0.737376 0 -0.675482
    outer loop
      vertex -9.41925 27.9 18.7713
      vertex -9.34853 23.9 18.8485
      vertex -9.41925 23.9 18.7713
    endloop
  endfacet
  facet normal 0.4622 0 -0.886775
    outer loop
      vertex -9.1 23.9 19.0392
      vertex -9.00714 27.9 19.0876
      vertex -9.00714 23.9 19.0876
    endloop
  endfacet
  facet normal 0.4622 0 -0.886775
    outer loop
      vertex -9.00714 27.9 19.0876
      vertex -9.1 23.9 19.0392
      vertex -9.1 27.9 19.0392
    endloop
  endfacet
  facet normal -0.536981 0 0.843595
    outer loop
      vertex -7.9 27.9 12.9608
      vertex -7.81171 23.9 13.017
      vertex -7.81171 27.9 13.017
    endloop
  endfacet
  facet normal -0.536981 0 0.843595
    outer loop
      vertex -7.81171 23.9 13.017
      vertex -7.9 27.9 12.9608
      vertex -7.9 23.9 12.9608
    endloop
  endfacet
  facet normal 0.887092 -0 0.461593
    outer loop
      vertex -9.58757 23.9 13.4929
      vertex -9.53923 27.9 13.4
      vertex -9.58757 27.9 13.4929
    endloop
  endfacet
  facet normal 0.887092 0 0.461593
    outer loop
      vertex -9.53923 27.9 13.4
      vertex -9.58757 23.9 13.4929
      vertex -9.53923 23.9 13.4
    endloop
  endfacet
  facet normal -0.129923 0 0.991524
    outer loop
      vertex -8.39541 27.9 12.8046
      vertex -8.29162 23.9 12.8182
      vertex -8.29162 27.9 12.8182
    endloop
  endfacet
  facet normal -0.129923 0 0.991524
    outer loop
      vertex -8.29162 23.9 12.8182
      vertex -8.39541 27.9 12.8046
      vertex -8.39541 23.9 12.8046
    endloop
  endfacet
  facet normal 1 -0 0
    outer loop
      vertex -9.7 23.9 18
      vertex -9.7 27.9 14
      vertex -9.7 27.9 18
    endloop
  endfacet
  facet normal 1 0 0
    outer loop
      vertex -9.7 27.9 14
      vertex -9.7 23.9 18
      vertex -9.7 23.9 14
    endloop
  endfacet
  facet normal 0.382172 0 0.924091
    outer loop
      vertex -9.00714 27.9 12.9124
      vertex -8.91042 23.9 12.8724
      vertex -8.91042 27.9 12.8724
    endloop
  endfacet
  facet normal 0.382172 0 0.924091
    outer loop
      vertex -8.91042 23.9 12.8724
      vertex -9.00714 27.9 12.9124
      vertex -9.00714 23.9 12.9124
    endloop
  endfacet
  facet normal -0.887092 0 -0.461593
    outer loop
      vertex -7.41243 23.9 18.5071
      vertex -7.46077 27.9 18.6
      vertex -7.41243 27.9 18.5071
    endloop
  endfacet
  facet normal -0.887092 -0 -0.461593
    outer loop
      vertex -7.46077 27.9 18.6
      vertex -7.41243 23.9 18.5071
      vertex -7.46077 23.9 18.6
    endloop
  endfacet
  facet normal 0.923861 -0 0.382729
    outer loop
      vertex -9.62763 23.9 13.5896
      vertex -9.58757 27.9 13.4929
      vertex -9.62763 27.9 13.5896
    endloop
  endfacet
  facet normal 0.923861 0 0.382729
    outer loop
      vertex -9.58757 27.9 13.4929
      vertex -9.62763 23.9 13.5896
      vertex -9.58757 23.9 13.4929
    endloop
  endfacet
  facet normal -0.4622 0 0.886775
    outer loop
      vertex -7.99286 27.9 12.9124
      vertex -7.9 23.9 12.9608
      vertex -7.9 27.9 12.9608
    endloop
  endfacet
  facet normal -0.4622 0 0.886775
    outer loop
      vertex -7.9 23.9 12.9608
      vertex -7.99286 27.9 12.9124
      vertex -7.99286 23.9 12.9124
    endloop
  endfacet
  facet normal 0.97629 -0 0.216465
    outer loop
      vertex -9.68177 23.9 13.7916
      vertex -9.65911 27.9 13.6894
      vertex -9.68177 27.9 13.7916
    endloop
  endfacet
  facet normal 0.97629 0 0.216465
    outer loop
      vertex -9.65911 27.9 13.6894
      vertex -9.68177 23.9 13.7916
      vertex -9.65911 23.9 13.6894
    endloop
  endfacet
  facet normal 0.999047 -0 0.0436486
    outer loop
      vertex -9.7 23.9 14
      vertex -9.69543 27.9 13.8954
      vertex -9.7 27.9 14
    endloop
  endfacet
  facet normal 0.999047 0 0.0436486
    outer loop
      vertex -9.69543 27.9 13.8954
      vertex -9.7 23.9 14
      vertex -9.69543 23.9 13.8954
    endloop
  endfacet
  facet normal -0.675993 0 0.736908
    outer loop
      vertex -7.72865 27.9 13.0807
      vertex -7.65147 23.9 13.1515
      vertex -7.65147 27.9 13.1515
    endloop
  endfacet
  facet normal -0.675993 0 0.736908
    outer loop
      vertex -7.65147 23.9 13.1515
      vertex -7.72865 27.9 13.0807
      vertex -7.72865 23.9 13.0807
    endloop
  endfacet
  facet normal 0.608602 0 -0.793476
    outer loop
      vertex -9.27134 23.9 18.9193
      vertex -9.18829 27.9 18.983
      vertex -9.18829 23.9 18.983
    endloop
  endfacet
  facet normal 0.608602 0 -0.793476
    outer loop
      vertex -9.18829 27.9 18.983
      vertex -9.27134 23.9 18.9193
      vertex -9.27134 27.9 18.9193
    endloop
  endfacet
  facet normal -0.79316 0 -0.609013
    outer loop
      vertex -7.51702 23.9 18.6883
      vertex -7.58075 27.9 18.7713
      vertex -7.51702 27.9 18.6883
    endloop
  endfacet
  facet normal -0.79316 -0 -0.609013
    outer loop
      vertex -7.58075 27.9 18.7713
      vertex -7.51702 23.9 18.6883
      vertex -7.58075 23.9 18.7713
    endloop
  endfacet
  facet normal -0.953681 0 0.30082
    outer loop
      vertex -7.37237 23.9 13.5896
      vertex -7.34089 27.9 13.6894
      vertex -7.37237 27.9 13.5896
    endloop
  endfacet
  facet normal -0.953681 0 0.30082
    outer loop
      vertex -7.34089 27.9 13.6894
      vertex -7.37237 23.9 13.5896
      vertex -7.34089 23.9 13.6894
    endloop
  endfacet
  facet normal 0.536981 0 -0.843595
    outer loop
      vertex -9.18829 23.9 18.983
      vertex -9.1 27.9 19.0392
      vertex -9.1 23.9 19.0392
    endloop
  endfacet
  facet normal 0.536981 0 -0.843595
    outer loop
      vertex -9.1 27.9 19.0392
      vertex -9.18829 23.9 18.983
      vertex -9.18829 27.9 18.983
    endloop
  endfacet
  facet normal 0.79316 -0 0.609013
    outer loop
      vertex -9.48298 23.9 13.3117
      vertex -9.41925 27.9 13.2287
      vertex -9.48298 27.9 13.3117
    endloop
  endfacet
  facet normal 0.79316 0 0.609013
    outer loop
      vertex -9.41925 27.9 13.2287
      vertex -9.48298 23.9 13.3117
      vertex -9.41925 23.9 13.2287
    endloop
  endfacet
  facet normal -0.97629 0 -0.216465
    outer loop
      vertex -7.31823 23.9 18.2084
      vertex -7.34089 27.9 18.3106
      vertex -7.31823 27.9 18.2084
    endloop
  endfacet
  facet normal -0.97629 -0 -0.216465
    outer loop
      vertex -7.34089 27.9 18.3106
      vertex -7.31823 23.9 18.2084
      vertex -7.34089 23.9 18.3106
    endloop
  endfacet
  facet normal -0.382172 0 -0.924091
    outer loop
      vertex -8.08958 23.9 19.1276
      vertex -7.99286 27.9 19.0876
      vertex -7.99286 23.9 19.0876
    endloop
  endfacet
  facet normal -0.382172 0 -0.924091
    outer loop
      vertex -7.99286 27.9 19.0876
      vertex -8.08958 23.9 19.1276
      vertex -8.08958 27.9 19.1276
    endloop
  endfacet
  facet normal 0.4622 0 0.886775
    outer loop
      vertex -9.1 27.9 12.9608
      vertex -9.00714 23.9 12.9124
      vertex -9.00714 27.9 12.9124
    endloop
  endfacet
  facet normal 0.4622 0 0.886775
    outer loop
      vertex -9.00714 23.9 12.9124
      vertex -9.1 27.9 12.9608
      vertex -9.1 23.9 12.9608
    endloop
  endfacet
  facet normal 0.923861 0 -0.382729
    outer loop
      vertex -9.58757 23.9 18.5071
      vertex -9.62763 27.9 18.4104
      vertex -9.58757 27.9 18.5071
    endloop
  endfacet
  facet normal 0.923861 0 -0.382729
    outer loop
      vertex -9.62763 27.9 18.4104
      vertex -9.58757 23.9 18.5071
      vertex -9.62763 23.9 18.4104
    endloop
  endfacet
  facet normal -0.0439388 0 0.999034
    outer loop
      vertex -8.5 27.9 12.8
      vertex -8.39541 23.9 12.8046
      vertex -8.39541 27.9 12.8046
    endloop
  endfacet
  facet normal -0.0439388 0 0.999034
    outer loop
      vertex -8.39541 23.9 12.8046
      vertex -8.5 27.9 12.8
      vertex -8.5 23.9 12.8
    endloop
  endfacet
  facet normal 0.129923 0 -0.991524
    outer loop
      vertex -8.70838 23.9 19.1818
      vertex -8.60459 27.9 19.1954
      vertex -8.60459 23.9 19.1954
    endloop
  endfacet
  facet normal 0.129923 0 -0.991524
    outer loop
      vertex -8.60459 27.9 19.1954
      vertex -8.70838 23.9 19.1818
      vertex -8.70838 27.9 19.1818
    endloop
  endfacet
  facet normal -0.97629 0 0.216465
    outer loop
      vertex -7.34089 23.9 13.6894
      vertex -7.31823 27.9 13.7916
      vertex -7.34089 27.9 13.6894
    endloop
  endfacet
  facet normal -0.97629 0 0.216465
    outer loop
      vertex -7.31823 27.9 13.7916
      vertex -7.34089 23.9 13.6894
      vertex -7.31823 23.9 13.7916
    endloop
  endfacet
  facet normal -0.953681 0 -0.30082
    outer loop
      vertex -7.34089 23.9 18.3106
      vertex -7.37237 27.9 18.4104
      vertex -7.34089 27.9 18.3106
    endloop
  endfacet
  facet normal -0.953681 -0 -0.30082
    outer loop
      vertex -7.37237 27.9 18.4104
      vertex -7.34089 23.9 18.3106
      vertex -7.37237 23.9 18.4104
    endloop
  endfacet
  facet normal -0.0439388 0 -0.999034
    outer loop
      vertex -8.5 23.9 19.2
      vertex -8.39541 27.9 19.1954
      vertex -8.39541 23.9 19.1954
    endloop
  endfacet
  facet normal -0.0439388 0 -0.999034
    outer loop
      vertex -8.39541 27.9 19.1954
      vertex -8.5 23.9 19.2
      vertex -8.5 27.9 19.2
    endloop
  endfacet
  facet normal -0.999047 0 0.0436486
    outer loop
      vertex -7.30457 23.9 13.8954
      vertex -7.3 27.9 14
      vertex -7.30457 27.9 13.8954
    endloop
  endfacet
  facet normal -0.999047 0 0.0436486
    outer loop
      vertex -7.3 27.9 14
      vertex -7.30457 23.9 13.8954
      vertex -7.3 23.9 14
    endloop
  endfacet
  facet normal -0.991452 0 -0.130474
    outer loop
      vertex -7.30457 23.9 18.1046
      vertex -7.31823 27.9 18.2084
      vertex -7.30457 27.9 18.1046
    endloop
  endfacet
  facet normal -0.991452 -0 -0.130474
    outer loop
      vertex -7.31823 27.9 18.2084
      vertex -7.30457 23.9 18.1046
      vertex -7.31823 23.9 18.2084
    endloop
  endfacet
  facet normal -0.608556 0 -0.793511
    outer loop
      vertex -7.81171 23.9 18.983
      vertex -7.72865 27.9 18.9193
      vertex -7.72865 23.9 18.9193
    endloop
  endfacet
  facet normal -0.608556 0 -0.793511
    outer loop
      vertex -7.72865 27.9 18.9193
      vertex -7.81171 23.9 18.983
      vertex -7.81171 27.9 18.983
    endloop
  endfacet
  facet normal -0.536981 0 -0.843595
    outer loop
      vertex -7.9 23.9 19.0392
      vertex -7.81171 27.9 18.983
      vertex -7.81171 23.9 18.983
    endloop
  endfacet
  facet normal -0.536981 0 -0.843595
    outer loop
      vertex -7.81171 27.9 18.983
      vertex -7.9 23.9 19.0392
      vertex -7.9 27.9 19.0392
    endloop
  endfacet
  facet normal -0.300885 0 -0.953661
    outer loop
      vertex -8.18942 23.9 19.1591
      vertex -8.08958 27.9 19.1276
      vertex -8.08958 23.9 19.1276
    endloop
  endfacet
  facet normal -0.300885 0 -0.953661
    outer loop
      vertex -8.08958 27.9 19.1276
      vertex -8.18942 23.9 19.1591
      vertex -8.18942 27.9 19.1591
    endloop
  endfacet
  facet normal 0.999047 0 -0.0436486
    outer loop
      vertex -9.69543 23.9 18.1046
      vertex -9.7 27.9 18
      vertex -9.69543 27.9 18.1046
    endloop
  endfacet
  facet normal 0.999047 0 -0.0436486
    outer loop
      vertex -9.7 27.9 18
      vertex -9.69543 23.9 18.1046
      vertex -9.7 23.9 18
    endloop
  endfacet
  facet normal -0.923861 0 0.382729
    outer loop
      vertex -7.41243 23.9 13.4929
      vertex -7.37237 27.9 13.5896
      vertex -7.41243 27.9 13.4929
    endloop
  endfacet
  facet normal -0.923861 0 0.382729
    outer loop
      vertex -7.37237 27.9 13.5896
      vertex -7.41243 23.9 13.4929
      vertex -7.37237 23.9 13.5896
    endloop
  endfacet
  facet normal -0.843406 0 -0.537277
    outer loop
      vertex -7.46077 23.9 18.6
      vertex -7.51702 27.9 18.6883
      vertex -7.46077 27.9 18.6
    endloop
  endfacet
  facet normal -0.843406 -0 -0.537277
    outer loop
      vertex -7.51702 27.9 18.6883
      vertex -7.46077 23.9 18.6
      vertex -7.51702 23.9 18.6883
    endloop
  endfacet
  facet normal -0.216829 0 0.97621
    outer loop
      vertex -8.29162 27.9 12.8182
      vertex -8.18942 23.9 12.8409
      vertex -8.18942 27.9 12.8409
    endloop
  endfacet
  facet normal -0.216829 0 0.97621
    outer loop
      vertex -8.18942 23.9 12.8409
      vertex -8.29162 27.9 12.8182
      vertex -8.29162 23.9 12.8182
    endloop
  endfacet
  facet normal -0.843406 0 0.537277
    outer loop
      vertex -7.51702 23.9 13.3117
      vertex -7.46077 27.9 13.4
      vertex -7.51702 27.9 13.3117
    endloop
  endfacet
  facet normal -0.843406 0 0.537277
    outer loop
      vertex -7.46077 27.9 13.4
      vertex -7.51702 23.9 13.3117
      vertex -7.46077 23.9 13.4
    endloop
  endfacet
  facet normal 0.0439388 0 0.999034
    outer loop
      vertex -8.60459 27.9 12.8046
      vertex -8.5 23.9 12.8
      vertex -8.5 27.9 12.8
    endloop
  endfacet
  facet normal 0.0439388 0 0.999034
    outer loop
      vertex -8.5 23.9 12.8
      vertex -8.60459 27.9 12.8046
      vertex -8.60459 23.9 12.8046
    endloop
  endfacet
  facet normal 0.843406 0 -0.537277
    outer loop
      vertex -9.48298 23.9 18.6883
      vertex -9.53923 27.9 18.6
      vertex -9.48298 27.9 18.6883
    endloop
  endfacet
  facet normal 0.843406 0 -0.537277
    outer loop
      vertex -9.53923 27.9 18.6
      vertex -9.48298 23.9 18.6883
      vertex -9.53923 23.9 18.6
    endloop
  endfacet
  facet normal -0.737376 0 -0.675482
    outer loop
      vertex -7.58075 23.9 18.7713
      vertex -7.65147 27.9 18.8485
      vertex -7.58075 27.9 18.7713
    endloop
  endfacet
  facet normal -0.737376 -0 -0.675482
    outer loop
      vertex -7.65147 27.9 18.8485
      vertex -7.58075 23.9 18.7713
      vertex -7.65147 23.9 18.8485
    endloop
  endfacet
  facet normal -1 0 0
    outer loop
      vertex -7.3 23.9 14
      vertex -7.3 27.9 18
      vertex -7.3 27.9 14
    endloop
  endfacet
  facet normal -1 -0 0
    outer loop
      vertex -7.3 27.9 18
      vertex -7.3 23.9 14
      vertex -7.3 23.9 18
    endloop
  endfacet
  facet normal 0.216829 0 -0.97621
    outer loop
      vertex -8.81058 23.9 19.1591
      vertex -8.70838 27.9 19.1818
      vertex -8.70838 23.9 19.1818
    endloop
  endfacet
  facet normal 0.216829 0 -0.97621
    outer loop
      vertex -8.70838 27.9 19.1818
      vertex -8.81058 23.9 19.1591
      vertex -8.81058 27.9 19.1591
    endloop
  endfacet
  facet normal 0.0439388 0 -0.999034
    outer loop
      vertex -8.60459 23.9 19.1954
      vertex -8.5 27.9 19.2
      vertex -8.5 23.9 19.2
    endloop
  endfacet
  facet normal 0.0439388 0 -0.999034
    outer loop
      vertex -8.5 27.9 19.2
      vertex -8.60459 23.9 19.1954
      vertex -8.60459 27.9 19.1954
    endloop
  endfacet
  facet normal 0.675945 0 -0.736952
    outer loop
      vertex -9.34853 23.9 18.8485
      vertex -9.27134 27.9 18.9193
      vertex -9.27134 23.9 18.9193
    endloop
  endfacet
  facet normal 0.675945 0 -0.736952
    outer loop
      vertex -9.27134 27.9 18.9193
      vertex -9.34853 23.9 18.8485
      vertex -9.34853 27.9 18.8485
    endloop
  endfacet
  facet normal -0.675993 0 -0.736908
    outer loop
      vertex -7.72865 23.9 18.9193
      vertex -7.65147 27.9 18.8485
      vertex -7.65147 23.9 18.8485
    endloop
  endfacet
  facet normal -0.675993 0 -0.736908
    outer loop
      vertex -7.65147 27.9 18.8485
      vertex -7.72865 23.9 18.9193
      vertex -7.72865 27.9 18.9193
    endloop
  endfacet
  facet normal 0.608602 0 0.793476
    outer loop
      vertex -9.27134 27.9 13.0807
      vertex -9.18829 23.9 13.017
      vertex -9.18829 27.9 13.017
    endloop
  endfacet
  facet normal 0.608602 0 0.793476
    outer loop
      vertex -9.18829 23.9 13.017
      vertex -9.27134 27.9 13.0807
      vertex -9.27134 23.9 13.0807
    endloop
  endfacet
  facet normal 0.675945 0 0.736952
    outer loop
      vertex -9.34853 27.9 13.1515
      vertex -9.27134 23.9 13.0807
      vertex -9.27134 27.9 13.0807
    endloop
  endfacet
  facet normal 0.675945 0 0.736952
    outer loop
      vertex -9.27134 23.9 13.0807
      vertex -9.34853 27.9 13.1515
      vertex -9.34853 23.9 13.1515
    endloop
  endfacet
  facet normal -0.300885 0 0.953661
    outer loop
      vertex -8.18942 27.9 12.8409
      vertex -8.08958 23.9 12.8724
      vertex -8.08958 27.9 12.8724
    endloop
  endfacet
  facet normal -0.300885 0 0.953661
    outer loop
      vertex -8.08958 23.9 12.8724
      vertex -8.18942 27.9 12.8409
      vertex -8.18942 23.9 12.8409
    endloop
  endfacet
  facet normal -0.382172 0 0.924091
    outer loop
      vertex -8.08958 27.9 12.8724
      vertex -7.99286 23.9 12.9124
      vertex -7.99286 27.9 12.9124
    endloop
  endfacet
  facet normal -0.382172 0 0.924091
    outer loop
      vertex -7.99286 23.9 12.9124
      vertex -8.08958 27.9 12.8724
      vertex -8.08958 23.9 12.8724
    endloop
  endfacet
  facet normal 0.97629 0 -0.216465
    outer loop
      vertex -9.65911 23.9 18.3106
      vertex -9.68177 27.9 18.2084
      vertex -9.65911 27.9 18.3106
    endloop
  endfacet
  facet normal 0.97629 0 -0.216465
    outer loop
      vertex -9.68177 27.9 18.2084
      vertex -9.65911 23.9 18.3106
      vertex -9.68177 23.9 18.2084
    endloop
  endfacet
  facet normal 0.129923 0 0.991524
    outer loop
      vertex -8.70838 27.9 12.8182
      vertex -8.60459 23.9 12.8046
      vertex -8.60459 27.9 12.8046
    endloop
  endfacet
  facet normal 0.129923 0 0.991524
    outer loop
      vertex -8.60459 23.9 12.8046
      vertex -8.70838 27.9 12.8182
      vertex -8.70838 23.9 12.8182
    endloop
  endfacet
  facet normal -0.79316 0 0.609013
    outer loop
      vertex -7.58075 23.9 13.2287
      vertex -7.51702 27.9 13.3117
      vertex -7.58075 27.9 13.2287
    endloop
  endfacet
  facet normal -0.79316 0 0.609013
    outer loop
      vertex -7.51702 27.9 13.3117
      vertex -7.58075 23.9 13.2287
      vertex -7.51702 23.9 13.3117
    endloop
  endfacet
  facet normal -0.4622 0 -0.886775
    outer loop
      vertex -7.99286 23.9 19.0876
      vertex -7.9 27.9 19.0392
      vertex -7.9 23.9 19.0392
    endloop
  endfacet
  facet normal -0.4622 0 -0.886775
    outer loop
      vertex -7.9 27.9 19.0392
      vertex -7.99286 23.9 19.0876
      vertex -7.99286 27.9 19.0876
    endloop
  endfacet
  facet normal 0.887092 0 -0.461593
    outer loop
      vertex -9.53923 23.9 18.6
      vertex -9.58757 27.9 18.5071
      vertex -9.53923 27.9 18.6
    endloop
  endfacet
  facet normal 0.887092 0 -0.461593
    outer loop
      vertex -9.58757 27.9 18.5071
      vertex -9.53923 23.9 18.6
      vertex -9.58757 23.9 18.5071
    endloop
  endfacet
  facet normal -0.991452 0 0.130474
    outer loop
      vertex -7.31823 23.9 13.7916
      vertex -7.30457 27.9 13.8954
      vertex -7.31823 27.9 13.7916
    endloop
  endfacet
  facet normal -0.991452 0 0.130474
    outer loop
      vertex -7.30457 27.9 13.8954
      vertex -7.31823 23.9 13.7916
      vertex -7.30457 23.9 13.8954
    endloop
  endfacet
  facet normal 0.216829 0 0.97621
    outer loop
      vertex -8.81058 27.9 12.8409
      vertex -8.70838 23.9 12.8182
      vertex -8.70838 27.9 12.8182
    endloop
  endfacet
  facet normal 0.216829 0 0.97621
    outer loop
      vertex -8.70838 23.9 12.8182
      vertex -8.81058 27.9 12.8409
      vertex -8.81058 23.9 12.8409
    endloop
  endfacet
  facet normal 0.300885 0 -0.953661
    outer loop
      vertex -8.91042 23.9 19.1276
      vertex -8.81058 27.9 19.1591
      vertex -8.81058 23.9 19.1591
    endloop
  endfacet
  facet normal 0.300885 0 -0.953661
    outer loop
      vertex -8.81058 27.9 19.1591
      vertex -8.91042 23.9 19.1276
      vertex -8.91042 27.9 19.1276
    endloop
  endfacet
  facet normal 0.382172 0 -0.924091
    outer loop
      vertex -9.00714 23.9 19.0876
      vertex -8.91042 27.9 19.1276
      vertex -8.91042 23.9 19.1276
    endloop
  endfacet
  facet normal 0.382172 0 -0.924091
    outer loop
      vertex -8.91042 27.9 19.1276
      vertex -9.00714 23.9 19.0876
      vertex -9.00714 27.9 19.0876
    endloop
  endfacet
  facet normal -0.129923 0 -0.991524
    outer loop
      vertex -8.39541 23.9 19.1954
      vertex -8.29162 27.9 19.1818
      vertex -8.29162 23.9 19.1818
    endloop
  endfacet
  facet normal -0.129923 0 -0.991524
    outer loop
      vertex -8.29162 27.9 19.1818
      vertex -8.39541 23.9 19.1954
      vertex -8.39541 27.9 19.1954
    endloop
  endfacet
  facet normal -0.923861 0 -0.382729
    outer loop
      vertex 9.62763 23.9 18.4104
      vertex 9.58757 27.9 18.5071
      vertex 9.62763 27.9 18.4104
    endloop
  endfacet
  facet normal -0.923861 -0 -0.382729
    outer loop
      vertex 9.58757 27.9 18.5071
      vertex 9.62763 23.9 18.4104
      vertex 9.58757 23.9 18.5071
    endloop
  endfacet
  facet normal -0.216829 0 -0.97621
    outer loop
      vertex 8.70838 23.9 19.1818
      vertex 8.81058 27.9 19.1591
      vertex 8.81058 23.9 19.1591
    endloop
  endfacet
  facet normal -0.216829 0 -0.97621
    outer loop
      vertex 8.81058 27.9 19.1591
      vertex 8.70838 23.9 19.1818
      vertex 8.70838 27.9 19.1818
    endloop
  endfacet
  facet normal 0.300885 0 0.953661
    outer loop
      vertex 8.08958 27.9 12.8724
      vertex 8.18942 23.9 12.8409
      vertex 8.18942 27.9 12.8409
    endloop
  endfacet
  facet normal 0.300885 0 0.953661
    outer loop
      vertex 8.18942 23.9 12.8409
      vertex 8.08958 27.9 12.8724
      vertex 8.08958 23.9 12.8724
    endloop
  endfacet
  facet normal 0.79316 0 -0.609013
    outer loop
      vertex 7.58075 23.9 18.7713
      vertex 7.51702 27.9 18.6883
      vertex 7.58075 27.9 18.7713
    endloop
  endfacet
  facet normal 0.79316 0 -0.609013
    outer loop
      vertex 7.51702 27.9 18.6883
      vertex 7.58075 23.9 18.7713
      vertex 7.51702 23.9 18.6883
    endloop
  endfacet
  facet normal -0.737376 0 0.675482
    outer loop
      vertex 9.34853 23.9 13.1515
      vertex 9.41925 27.9 13.2287
      vertex 9.34853 27.9 13.1515
    endloop
  endfacet
  facet normal -0.737376 0 0.675482
    outer loop
      vertex 9.41925 27.9 13.2287
      vertex 9.34853 23.9 13.1515
      vertex 9.41925 23.9 13.2287
    endloop
  endfacet
  facet normal 0.843406 -0 0.537277
    outer loop
      vertex 7.46077 23.9 13.4
      vertex 7.51702 27.9 13.3117
      vertex 7.46077 27.9 13.4
    endloop
  endfacet
  facet normal 0.843406 0 0.537277
    outer loop
      vertex 7.51702 27.9 13.3117
      vertex 7.46077 23.9 13.4
      vertex 7.51702 23.9 13.3117
    endloop
  endfacet
  facet normal 0.953681 -0 0.30082
    outer loop
      vertex 7.34089 23.9 13.6894
      vertex 7.37237 27.9 13.5896
      vertex 7.34089 27.9 13.6894
    endloop
  endfacet
  facet normal 0.953681 0 0.30082
    outer loop
      vertex 7.37237 27.9 13.5896
      vertex 7.34089 23.9 13.6894
      vertex 7.37237 23.9 13.5896
    endloop
  endfacet
  facet normal 0.953681 0 -0.30082
    outer loop
      vertex 7.37237 23.9 18.4104
      vertex 7.34089 27.9 18.3106
      vertex 7.37237 27.9 18.4104
    endloop
  endfacet
  facet normal 0.953681 0 -0.30082
    outer loop
      vertex 7.34089 27.9 18.3106
      vertex 7.37237 23.9 18.4104
      vertex 7.34089 23.9 18.3106
    endloop
  endfacet
  facet normal -0.608602 0 0.793476
    outer loop
      vertex 9.18829 27.9 13.017
      vertex 9.27134 23.9 13.0807
      vertex 9.27134 27.9 13.0807
    endloop
  endfacet
  facet normal -0.608602 0 0.793476
    outer loop
      vertex 9.27134 23.9 13.0807
      vertex 9.18829 27.9 13.017
      vertex 9.18829 23.9 13.017
    endloop
  endfacet
  facet normal 0.991452 -0 0.130474
    outer loop
      vertex 7.30457 23.9 13.8954
      vertex 7.31823 27.9 13.7916
      vertex 7.30457 27.9 13.8954
    endloop
  endfacet
  facet normal 0.991452 0 0.130474
    outer loop
      vertex 7.31823 27.9 13.7916
      vertex 7.30457 23.9 13.8954
      vertex 7.31823 23.9 13.7916
    endloop
  endfacet
  facet normal -0.887092 0 0.461593
    outer loop
      vertex 9.53923 23.9 13.4
      vertex 9.58757 27.9 13.4929
      vertex 9.53923 27.9 13.4
    endloop
  endfacet
  facet normal -0.887092 0 0.461593
    outer loop
      vertex 9.58757 27.9 13.4929
      vertex 9.53923 23.9 13.4
      vertex 9.58757 23.9 13.4929
    endloop
  endfacet
  facet normal 0.737376 -0 0.675482
    outer loop
      vertex 7.58075 23.9 13.2287
      vertex 7.65147 27.9 13.1515
      vertex 7.58075 27.9 13.2287
    endloop
  endfacet
  facet normal 0.737376 0 0.675482
    outer loop
      vertex 7.65147 27.9 13.1515
      vertex 7.58075 23.9 13.2287
      vertex 7.65147 23.9 13.1515
    endloop
  endfacet
  facet normal 0.991452 0 -0.130474
    outer loop
      vertex 7.31823 23.9 18.2084
      vertex 7.30457 27.9 18.1046
      vertex 7.31823 27.9 18.2084
    endloop
  endfacet
  facet normal 0.991452 0 -0.130474
    outer loop
      vertex 7.30457 27.9 18.1046
      vertex 7.31823 23.9 18.2084
      vertex 7.30457 23.9 18.1046
    endloop
  endfacet
  facet normal 0.536981 0 0.843595
    outer loop
      vertex 7.81171 27.9 13.017
      vertex 7.9 23.9 12.9608
      vertex 7.9 27.9 12.9608
    endloop
  endfacet
  facet normal 0.536981 0 0.843595
    outer loop
      vertex 7.9 23.9 12.9608
      vertex 7.81171 27.9 13.017
      vertex 7.81171 23.9 13.017
    endloop
  endfacet
  facet normal -0.999047 0 -0.0436486
    outer loop
      vertex 9.7 23.9 18
      vertex 9.69543 27.9 18.1046
      vertex 9.7 27.9 18
    endloop
  endfacet
  facet normal -0.999047 -0 -0.0436486
    outer loop
      vertex 9.69543 27.9 18.1046
      vertex 9.7 23.9 18
      vertex 9.69543 23.9 18.1046
    endloop
  endfacet
  facet normal 0.4622 0 -0.886775
    outer loop
      vertex 7.9 23.9 19.0392
      vertex 7.99286 27.9 19.0876
      vertex 7.99286 23.9 19.0876
    endloop
  endfacet
  facet normal 0.4622 0 -0.886775
    outer loop
      vertex 7.99286 27.9 19.0876
      vertex 7.9 23.9 19.0392
      vertex 7.9 27.9 19.0392
    endloop
  endfacet
  facet normal -0.536981 0 0.843595
    outer loop
      vertex 9.1 27.9 12.9608
      vertex 9.18829 23.9 13.017
      vertex 9.18829 27.9 13.017
    endloop
  endfacet
  facet normal -0.536981 0 0.843595
    outer loop
      vertex 9.18829 23.9 13.017
      vertex 9.1 27.9 12.9608
      vertex 9.1 23.9 12.9608
    endloop
  endfacet
  facet normal 0.887092 -0 0.461593
    outer loop
      vertex 7.41243 23.9 13.4929
      vertex 7.46077 27.9 13.4
      vertex 7.41243 27.9 13.4929
    endloop
  endfacet
  facet normal 0.887092 0 0.461593
    outer loop
      vertex 7.46077 27.9 13.4
      vertex 7.41243 23.9 13.4929
      vertex 7.46077 23.9 13.4
    endloop
  endfacet
  facet normal -0.129923 0 0.991524
    outer loop
      vertex 8.60459 27.9 12.8046
      vertex 8.70838 23.9 12.8182
      vertex 8.70838 27.9 12.8182
    endloop
  endfacet
  facet normal -0.129923 0 0.991524
    outer loop
      vertex 8.70838 23.9 12.8182
      vertex 8.60459 27.9 12.8046
      vertex 8.60459 23.9 12.8046
    endloop
  endfacet
  facet normal 1 -0 0
    outer loop
      vertex 7.3 23.9 18
      vertex 7.3 27.9 14
      vertex 7.3 27.9 18
    endloop
  endfacet
  facet normal 1 0 0
    outer loop
      vertex 7.3 27.9 14
      vertex 7.3 23.9 18
      vertex 7.3 23.9 14
    endloop
  endfacet
  facet normal 0.382172 0 0.924091
    outer loop
      vertex 7.99286 27.9 12.9124
      vertex 8.08958 23.9 12.8724
      vertex 8.08958 27.9 12.8724
    endloop
  endfacet
  facet normal 0.382172 0 0.924091
    outer loop
      vertex 8.08958 23.9 12.8724
      vertex 7.99286 27.9 12.9124
      vertex 7.99286 23.9 12.9124
    endloop
  endfacet
  facet normal -0.887092 0 -0.461593
    outer loop
      vertex 9.58757 23.9 18.5071
      vertex 9.53923 27.9 18.6
      vertex 9.58757 27.9 18.5071
    endloop
  endfacet
  facet normal -0.887092 -0 -0.461593
    outer loop
      vertex 9.53923 27.9 18.6
      vertex 9.58757 23.9 18.5071
      vertex 9.53923 23.9 18.6
    endloop
  endfacet
  facet normal 0.923861 -0 0.382729
    outer loop
      vertex 7.37237 23.9 13.5896
      vertex 7.41243 27.9 13.4929
      vertex 7.37237 27.9 13.5896
    endloop
  endfacet
  facet normal 0.923861 0 0.382729
    outer loop
      vertex 7.41243 27.9 13.4929
      vertex 7.37237 23.9 13.5896
      vertex 7.41243 23.9 13.4929
    endloop
  endfacet
  facet normal -0.4622 0 0.886775
    outer loop
      vertex 9.00714 27.9 12.9124
      vertex 9.1 23.9 12.9608
      vertex 9.1 27.9 12.9608
    endloop
  endfacet
  facet normal -0.4622 0 0.886775
    outer loop
      vertex 9.1 23.9 12.9608
      vertex 9.00714 27.9 12.9124
      vertex 9.00714 23.9 12.9124
    endloop
  endfacet
  facet normal 0.97629 -0 0.216465
    outer loop
      vertex 7.31823 23.9 13.7916
      vertex 7.34089 27.9 13.6894
      vertex 7.31823 27.9 13.7916
    endloop
  endfacet
  facet normal 0.97629 0 0.216465
    outer loop
      vertex 7.34089 27.9 13.6894
      vertex 7.31823 23.9 13.7916
      vertex 7.34089 23.9 13.6894
    endloop
  endfacet
  facet normal 0.999047 -0 0.0436486
    outer loop
      vertex 7.3 23.9 14
      vertex 7.30457 27.9 13.8954
      vertex 7.3 27.9 14
    endloop
  endfacet
  facet normal 0.999047 0 0.0436486
    outer loop
      vertex 7.30457 27.9 13.8954
      vertex 7.3 23.9 14
      vertex 7.30457 23.9 13.8954
    endloop
  endfacet
  facet normal -0.675945 0 0.736952
    outer loop
      vertex 9.27134 27.9 13.0807
      vertex 9.34853 23.9 13.1515
      vertex 9.34853 27.9 13.1515
    endloop
  endfacet
  facet normal -0.675945 0 0.736952
    outer loop
      vertex 9.34853 23.9 13.1515
      vertex 9.27134 27.9 13.0807
      vertex 9.27134 23.9 13.0807
    endloop
  endfacet
  facet normal 0.608556 0 -0.793511
    outer loop
      vertex 7.72865 23.9 18.9193
      vertex 7.81171 27.9 18.983
      vertex 7.81171 23.9 18.983
    endloop
  endfacet
  facet normal 0.608556 0 -0.793511
    outer loop
      vertex 7.81171 27.9 18.983
      vertex 7.72865 23.9 18.9193
      vertex 7.72865 27.9 18.9193
    endloop
  endfacet
  facet normal -0.79316 0 -0.609013
    outer loop
      vertex 9.48298 23.9 18.6883
      vertex 9.41925 27.9 18.7713
      vertex 9.48298 27.9 18.6883
    endloop
  endfacet
  facet normal -0.79316 -0 -0.609013
    outer loop
      vertex 9.41925 27.9 18.7713
      vertex 9.48298 23.9 18.6883
      vertex 9.41925 23.9 18.7713
    endloop
  endfacet
  facet normal -0.953681 0 0.30082
    outer loop
      vertex 9.62763 23.9 13.5896
      vertex 9.65911 27.9 13.6894
      vertex 9.62763 27.9 13.5896
    endloop
  endfacet
  facet normal -0.953681 0 0.30082
    outer loop
      vertex 9.65911 27.9 13.6894
      vertex 9.62763 23.9 13.5896
      vertex 9.65911 23.9 13.6894
    endloop
  endfacet
  facet normal 0.536981 0 -0.843595
    outer loop
      vertex 7.81171 23.9 18.983
      vertex 7.9 27.9 19.0392
      vertex 7.9 23.9 19.0392
    endloop
  endfacet
  facet normal 0.536981 0 -0.843595
    outer loop
      vertex 7.9 27.9 19.0392
      vertex 7.81171 23.9 18.983
      vertex 7.81171 27.9 18.983
    endloop
  endfacet
  facet normal 0.79316 -0 0.609013
    outer loop
      vertex 7.51702 23.9 13.3117
      vertex 7.58075 27.9 13.2287
      vertex 7.51702 27.9 13.3117
    endloop
  endfacet
  facet normal 0.79316 0 0.609013
    outer loop
      vertex 7.58075 27.9 13.2287
      vertex 7.51702 23.9 13.3117
      vertex 7.58075 23.9 13.2287
    endloop
  endfacet
  facet normal -0.97629 0 -0.216465
    outer loop
      vertex 9.68177 23.9 18.2084
      vertex 9.65911 27.9 18.3106
      vertex 9.68177 27.9 18.2084
    endloop
  endfacet
  facet normal -0.97629 -0 -0.216465
    outer loop
      vertex 9.65911 27.9 18.3106
      vertex 9.68177 23.9 18.2084
      vertex 9.65911 23.9 18.3106
    endloop
  endfacet
  facet normal -0.382172 0 -0.924091
    outer loop
      vertex 8.91042 23.9 19.1276
      vertex 9.00714 27.9 19.0876
      vertex 9.00714 23.9 19.0876
    endloop
  endfacet
  facet normal -0.382172 0 -0.924091
    outer loop
      vertex 9.00714 27.9 19.0876
      vertex 8.91042 23.9 19.1276
      vertex 8.91042 27.9 19.1276
    endloop
  endfacet
  facet normal 0.4622 0 0.886775
    outer loop
      vertex 7.9 27.9 12.9608
      vertex 7.99286 23.9 12.9124
      vertex 7.99286 27.9 12.9124
    endloop
  endfacet
  facet normal 0.4622 0 0.886775
    outer loop
      vertex 7.99286 23.9 12.9124
      vertex 7.9 27.9 12.9608
      vertex 7.9 23.9 12.9608
    endloop
  endfacet
  facet normal 0.923861 0 -0.382729
    outer loop
      vertex 7.41243 23.9 18.5071
      vertex 7.37237 27.9 18.4104
      vertex 7.41243 27.9 18.5071
    endloop
  endfacet
  facet normal 0.923861 0 -0.382729
    outer loop
      vertex 7.37237 27.9 18.4104
      vertex 7.41243 23.9 18.5071
      vertex 7.37237 23.9 18.4104
    endloop
  endfacet
  facet normal -0.0439388 0 0.999034
    outer loop
      vertex 8.5 27.9 12.8
      vertex 8.60459 23.9 12.8046
      vertex 8.60459 27.9 12.8046
    endloop
  endfacet
  facet normal -0.0439388 0 0.999034
    outer loop
      vertex 8.60459 23.9 12.8046
      vertex 8.5 27.9 12.8
      vertex 8.5 23.9 12.8
    endloop
  endfacet
  facet normal 0.129923 0 -0.991524
    outer loop
      vertex 8.29162 23.9 19.1818
      vertex 8.39541 27.9 19.1954
      vertex 8.39541 23.9 19.1954
    endloop
  endfacet
  facet normal 0.129923 0 -0.991524
    outer loop
      vertex 8.39541 27.9 19.1954
      vertex 8.29162 23.9 19.1818
      vertex 8.29162 27.9 19.1818
    endloop
  endfacet
  facet normal -0.97629 0 0.216465
    outer loop
      vertex 9.65911 23.9 13.6894
      vertex 9.68177 27.9 13.7916
      vertex 9.65911 27.9 13.6894
    endloop
  endfacet
  facet normal -0.97629 0 0.216465
    outer loop
      vertex 9.68177 27.9 13.7916
      vertex 9.65911 23.9 13.6894
      vertex 9.68177 23.9 13.7916
    endloop
  endfacet
  facet normal -0.953681 0 -0.30082
    outer loop
      vertex 9.65911 23.9 18.3106
      vertex 9.62763 27.9 18.4104
      vertex 9.65911 27.9 18.3106
    endloop
  endfacet
  facet normal -0.953681 -0 -0.30082
    outer loop
      vertex 9.62763 27.9 18.4104
      vertex 9.65911 23.9 18.3106
      vertex 9.62763 23.9 18.4104
    endloop
  endfacet
  facet normal -0.0439388 0 -0.999034
    outer loop
      vertex 8.5 23.9 19.2
      vertex 8.60459 27.9 19.1954
      vertex 8.60459 23.9 19.1954
    endloop
  endfacet
  facet normal -0.0439388 0 -0.999034
    outer loop
      vertex 8.60459 27.9 19.1954
      vertex 8.5 23.9 19.2
      vertex 8.5 27.9 19.2
    endloop
  endfacet
  facet normal -0.999047 0 0.0436486
    outer loop
      vertex 9.69543 23.9 13.8954
      vertex 9.7 27.9 14
      vertex 9.69543 27.9 13.8954
    endloop
  endfacet
  facet normal -0.999047 0 0.0436486
    outer loop
      vertex 9.7 27.9 14
      vertex 9.69543 23.9 13.8954
      vertex 9.7 23.9 14
    endloop
  endfacet
  facet normal -0.991452 0 -0.130474
    outer loop
      vertex 9.69543 23.9 18.1046
      vertex 9.68177 27.9 18.2084
      vertex 9.69543 27.9 18.1046
    endloop
  endfacet
  facet normal -0.991452 -0 -0.130474
    outer loop
      vertex 9.68177 27.9 18.2084
      vertex 9.69543 23.9 18.1046
      vertex 9.68177 23.9 18.2084
    endloop
  endfacet
  facet normal -0.608602 0 -0.793476
    outer loop
      vertex 9.18829 23.9 18.983
      vertex 9.27134 27.9 18.9193
      vertex 9.27134 23.9 18.9193
    endloop
  endfacet
  facet normal -0.608602 0 -0.793476
    outer loop
      vertex 9.27134 27.9 18.9193
      vertex 9.18829 23.9 18.983
      vertex 9.18829 27.9 18.983
    endloop
  endfacet
  facet normal -0.536981 0 -0.843595
    outer loop
      vertex 9.1 23.9 19.0392
      vertex 9.18829 27.9 18.983
      vertex 9.18829 23.9 18.983
    endloop
  endfacet
  facet normal -0.536981 0 -0.843595
    outer loop
      vertex 9.18829 27.9 18.983
      vertex 9.1 23.9 19.0392
      vertex 9.1 27.9 19.0392
    endloop
  endfacet
  facet normal -0.300885 0 -0.953661
    outer loop
      vertex 8.81058 23.9 19.1591
      vertex 8.91042 27.9 19.1276
      vertex 8.91042 23.9 19.1276
    endloop
  endfacet
  facet normal -0.300885 0 -0.953661
    outer loop
      vertex 8.91042 27.9 19.1276
      vertex 8.81058 23.9 19.1591
      vertex 8.81058 27.9 19.1591
    endloop
  endfacet
  facet normal 0.999047 0 -0.0436486
    outer loop
      vertex 7.30457 23.9 18.1046
      vertex 7.3 27.9 18
      vertex 7.30457 27.9 18.1046
    endloop
  endfacet
  facet normal 0.999047 0 -0.0436486
    outer loop
      vertex 7.3 27.9 18
      vertex 7.30457 23.9 18.1046
      vertex 7.3 23.9 18
    endloop
  endfacet
  facet normal -0.923861 0 0.382729
    outer loop
      vertex 9.58757 23.9 13.4929
      vertex 9.62763 27.9 13.5896
      vertex 9.58757 27.9 13.4929
    endloop
  endfacet
  facet normal -0.923861 0 0.382729
    outer loop
      vertex 9.62763 27.9 13.5896
      vertex 9.58757 23.9 13.4929
      vertex 9.62763 23.9 13.5896
    endloop
  endfacet
  facet normal -0.843406 0 -0.537277
    outer loop
      vertex 9.53923 23.9 18.6
      vertex 9.48298 27.9 18.6883
      vertex 9.53923 27.9 18.6
    endloop
  endfacet
  facet normal -0.843406 -0 -0.537277
    outer loop
      vertex 9.48298 27.9 18.6883
      vertex 9.53923 23.9 18.6
      vertex 9.48298 23.9 18.6883
    endloop
  endfacet
  facet normal -0.216829 0 0.97621
    outer loop
      vertex 8.70838 27.9 12.8182
      vertex 8.81058 23.9 12.8409
      vertex 8.81058 27.9 12.8409
    endloop
  endfacet
  facet normal -0.216829 0 0.97621
    outer loop
      vertex 8.81058 23.9 12.8409
      vertex 8.70838 27.9 12.8182
      vertex 8.70838 23.9 12.8182
    endloop
  endfacet
  facet normal -0.843406 0 0.537277
    outer loop
      vertex 9.48298 23.9 13.3117
      vertex 9.53923 27.9 13.4
      vertex 9.48298 27.9 13.3117
    endloop
  endfacet
  facet normal -0.843406 0 0.537277
    outer loop
      vertex 9.53923 27.9 13.4
      vertex 9.48298 23.9 13.3117
      vertex 9.53923 23.9 13.4
    endloop
  endfacet
  facet normal 0.0439388 0 0.999034
    outer loop
      vertex 8.39541 27.9 12.8046
      vertex 8.5 23.9 12.8
      vertex 8.5 27.9 12.8
    endloop
  endfacet
  facet normal 0.0439388 0 0.999034
    outer loop
      vertex 8.5 23.9 12.8
      vertex 8.39541 27.9 12.8046
      vertex 8.39541 23.9 12.8046
    endloop
  endfacet
  facet normal 0.843406 0 -0.537277
    outer loop
      vertex 7.51702 23.9 18.6883
      vertex 7.46077 27.9 18.6
      vertex 7.51702 27.9 18.6883
    endloop
  endfacet
  facet normal 0.843406 0 -0.537277
    outer loop
      vertex 7.46077 27.9 18.6
      vertex 7.51702 23.9 18.6883
      vertex 7.46077 23.9 18.6
    endloop
  endfacet
  facet normal -0.737376 0 -0.675482
    outer loop
      vertex 9.41925 23.9 18.7713
      vertex 9.34853 27.9 18.8485
      vertex 9.41925 27.9 18.7713
    endloop
  endfacet
  facet normal -0.737376 -0 -0.675482
    outer loop
      vertex 9.34853 27.9 18.8485
      vertex 9.41925 23.9 18.7713
      vertex 9.34853 23.9 18.8485
    endloop
  endfacet
  facet normal -1 0 0
    outer loop
      vertex 9.7 23.9 14
      vertex 9.7 27.9 18
      vertex 9.7 27.9 14
    endloop
  endfacet
  facet normal -1 -0 0
    outer loop
      vertex 9.7 27.9 18
      vertex 9.7 23.9 14
      vertex 9.7 23.9 18
    endloop
  endfacet
  facet normal 0.216829 0 -0.97621
    outer loop
      vertex 8.18942 23.9 19.1591
      vertex 8.29162 27.9 19.1818
      vertex 8.29162 23.9 19.1818
    endloop
  endfacet
  facet normal 0.216829 0 -0.97621
    outer loop
      vertex 8.29162 27.9 19.1818
      vertex 8.18942 23.9 19.1591
      vertex 8.18942 27.9 19.1591
    endloop
  endfacet
  facet normal 0.0439388 0 -0.999034
    outer loop
      vertex 8.39541 23.9 19.1954
      vertex 8.5 27.9 19.2
      vertex 8.5 23.9 19.2
    endloop
  endfacet
  facet normal 0.0439388 0 -0.999034
    outer loop
      vertex 8.5 27.9 19.2
      vertex 8.39541 23.9 19.1954
      vertex 8.39541 27.9 19.1954
    endloop
  endfacet
  facet normal 0.675993 0 -0.736908
    outer loop
      vertex 7.65147 23.9 18.8485
      vertex 7.72865 27.9 18.9193
      vertex 7.72865 23.9 18.9193
    endloop
  endfacet
  facet normal 0.675993 0 -0.736908
    outer loop
      vertex 7.72865 27.9 18.9193
      vertex 7.65147 23.9 18.8485
      vertex 7.65147 27.9 18.8485
    endloop
  endfacet
  facet normal -0.675945 0 -0.736952
    outer loop
      vertex 9.27134 23.9 18.9193
      vertex 9.34853 27.9 18.8485
      vertex 9.34853 23.9 18.8485
    endloop
  endfacet
  facet normal -0.675945 0 -0.736952
    outer loop
      vertex 9.34853 27.9 18.8485
      vertex 9.27134 23.9 18.9193
      vertex 9.27134 27.9 18.9193
    endloop
  endfacet
  facet normal 0.608556 0 0.793511
    outer loop
      vertex 7.72865 27.9 13.0807
      vertex 7.81171 23.9 13.017
      vertex 7.81171 27.9 13.017
    endloop
  endfacet
  facet normal 0.608556 0 0.793511
    outer loop
      vertex 7.81171 23.9 13.017
      vertex 7.72865 27.9 13.0807
      vertex 7.72865 23.9 13.0807
    endloop
  endfacet
  facet normal 0.675993 0 0.736908
    outer loop
      vertex 7.65147 27.9 13.1515
      vertex 7.72865 23.9 13.0807
      vertex 7.72865 27.9 13.0807
    endloop
  endfacet
  facet normal 0.675993 0 0.736908
    outer loop
      vertex 7.72865 23.9 13.0807
      vertex 7.65147 27.9 13.1515
      vertex 7.65147 23.9 13.1515
    endloop
  endfacet
  facet normal -0.300885 0 0.953661
    outer loop
      vertex 8.81058 27.9 12.8409
      vertex 8.91042 23.9 12.8724
      vertex 8.91042 27.9 12.8724
    endloop
  endfacet
  facet normal -0.300885 0 0.953661
    outer loop
      vertex 8.91042 23.9 12.8724
      vertex 8.81058 27.9 12.8409
      vertex 8.81058 23.9 12.8409
    endloop
  endfacet
  facet normal -0.382172 0 0.924091
    outer loop
      vertex 8.91042 27.9 12.8724
      vertex 9.00714 23.9 12.9124
      vertex 9.00714 27.9 12.9124
    endloop
  endfacet
  facet normal -0.382172 0 0.924091
    outer loop
      vertex 9.00714 23.9 12.9124
      vertex 8.91042 27.9 12.8724
      vertex 8.91042 23.9 12.8724
    endloop
  endfacet
  facet normal 0.97629 0 -0.216465
    outer loop
      vertex 7.34089 23.9 18.3106
      vertex 7.31823 27.9 18.2084
      vertex 7.34089 27.9 18.3106
    endloop
  endfacet
  facet normal 0.97629 0 -0.216465
    outer loop
      vertex 7.31823 27.9 18.2084
      vertex 7.34089 23.9 18.3106
      vertex 7.31823 23.9 18.2084
    endloop
  endfacet
  facet normal 0.129923 0 0.991524
    outer loop
      vertex 8.29162 27.9 12.8182
      vertex 8.39541 23.9 12.8046
      vertex 8.39541 27.9 12.8046
    endloop
  endfacet
  facet normal 0.129923 0 0.991524
    outer loop
      vertex 8.39541 23.9 12.8046
      vertex 8.29162 27.9 12.8182
      vertex 8.29162 23.9 12.8182
    endloop
  endfacet
  facet normal 0.737376 0 -0.675482
    outer loop
      vertex 7.65147 23.9 18.8485
      vertex 7.58075 27.9 18.7713
      vertex 7.65147 27.9 18.8485
    endloop
  endfacet
  facet normal 0.737376 0 -0.675482
    outer loop
      vertex 7.58075 27.9 18.7713
      vertex 7.65147 23.9 18.8485
      vertex 7.58075 23.9 18.7713
    endloop
  endfacet
  facet normal -0.79316 0 0.609013
    outer loop
      vertex 9.41925 23.9 13.2287
      vertex 9.48298 27.9 13.3117
      vertex 9.41925 27.9 13.2287
    endloop
  endfacet
  facet normal -0.79316 0 0.609013
    outer loop
      vertex 9.48298 27.9 13.3117
      vertex 9.41925 23.9 13.2287
      vertex 9.48298 23.9 13.3117
    endloop
  endfacet
  facet normal -0.4622 0 -0.886775
    outer loop
      vertex 9.00714 23.9 19.0876
      vertex 9.1 27.9 19.0392
      vertex 9.1 23.9 19.0392
    endloop
  endfacet
  facet normal -0.4622 0 -0.886775
    outer loop
      vertex 9.1 27.9 19.0392
      vertex 9.00714 23.9 19.0876
      vertex 9.00714 27.9 19.0876
    endloop
  endfacet
  facet normal 0.887092 0 -0.461593
    outer loop
      vertex 7.46077 23.9 18.6
      vertex 7.41243 27.9 18.5071
      vertex 7.46077 27.9 18.6
    endloop
  endfacet
  facet normal 0.887092 0 -0.461593
    outer loop
      vertex 7.41243 27.9 18.5071
      vertex 7.46077 23.9 18.6
      vertex 7.41243 23.9 18.5071
    endloop
  endfacet
  facet normal -0.991452 0 0.130474
    outer loop
      vertex 9.68177 23.9 13.7916
      vertex 9.69543 27.9 13.8954
      vertex 9.68177 27.9 13.7916
    endloop
  endfacet
  facet normal -0.991452 0 0.130474
    outer loop
      vertex 9.69543 27.9 13.8954
      vertex 9.68177 23.9 13.7916
      vertex 9.69543 23.9 13.8954
    endloop
  endfacet
  facet normal 0.216829 0 0.97621
    outer loop
      vertex 8.18942 27.9 12.8409
      vertex 8.29162 23.9 12.8182
      vertex 8.29162 27.9 12.8182
    endloop
  endfacet
  facet normal 0.216829 0 0.97621
    outer loop
      vertex 8.29162 23.9 12.8182
      vertex 8.18942 27.9 12.8409
      vertex 8.18942 23.9 12.8409
    endloop
  endfacet
  facet normal 0.300885 0 -0.953661
    outer loop
      vertex 8.08958 23.9 19.1276
      vertex 8.18942 27.9 19.1591
      vertex 8.18942 23.9 19.1591
    endloop
  endfacet
  facet normal 0.300885 0 -0.953661
    outer loop
      vertex 8.18942 27.9 19.1591
      vertex 8.08958 23.9 19.1276
      vertex 8.08958 27.9 19.1276
    endloop
  endfacet
  facet normal 0.382172 0 -0.924091
    outer loop
      vertex 7.99286 23.9 19.0876
      vertex 8.08958 27.9 19.1276
      vertex 8.08958 23.9 19.1276
    endloop
  endfacet
  facet normal 0.382172 0 -0.924091
    outer loop
      vertex 8.08958 27.9 19.1276
      vertex 7.99286 23.9 19.0876
      vertex 7.99286 27.9 19.0876
    endloop
  endfacet
  facet normal -0.129923 0 -0.991524
    outer loop
      vertex 8.60459 23.9 19.1954
      vertex 8.70838 27.9 19.1818
      vertex 8.70838 23.9 19.1818
    endloop
  endfacet
  facet normal -0.129923 0 -0.991524
    outer loop
      vertex 8.70838 27.9 19.1818
      vertex 8.60459 23.9 19.1954
      vertex 8.60459 27.9 19.1954
    endloop
  endfacet
  facet normal 1 -0 0
    outer loop
      vertex 14 23.9 28
      vertex 14 27.9 4
      vertex 14 27.9 28
    endloop
  endfacet
  facet normal 1 0 0
    outer loop
      vertex 14 27.9 4
      vertex 14 23.9 28
      vertex 14 23.9 4
    endloop
  endfacet
  facet normal -0 0 1
    outer loop
      vertex -14 27.9 28
      vertex 14 23.9 28
      vertex 14 27.9 28
    endloop
  endfacet
  facet normal 0 0 1
    outer loop
      vertex 14 23.9 28
      vertex -14 27.9 28
      vertex -14 23.9 28
    endloop
  endfacet
  facet normal 0 0 -1
    outer loop
      vertex -14 23.9 4
      vertex 14 27.9 4
      vertex 14 23.9 4
    endloop
  endfacet
  facet normal -0 0 -1
    outer loop
      vertex 14 27.9 4
      vertex -14 23.9 4
      vertex -14 27.9 4
    endloop
  endfacet
  facet normal -1 0 0
    outer loop
      vertex -14 23.9 4
      vertex -14 27.9 28
      vertex -14 27.9 4
    endloop
  endfacet
  facet normal -1 -0 0
    outer loop
      vertex -14 27.9 28
      vertex -14 23.9 4
      vertex -14 23.9 28
    endloop
  endfacet
  facet normal 0 -1 0
    outer loop
      vertex 2 23.9 26.5
      vertex 8.39541 23.9 19.1954
      vertex 8.5 23.9 19.2
    endloop
  endfacet
  facet normal 0 -1 0
    outer loop
      vertex 2 23.9 26.5
      vertex 8.29162 23.9 19.1818
      vertex 8.39541 23.9 19.1954
    endloop
  endfacet
  facet normal 0 -1 0
    outer loop
      vertex 2 23.9 26.5
      vertex 8.18942 23.9 19.1591
      vertex 8.29162 23.9 19.1818
    endloop
  endfacet
  facet normal 0 -1 0
    outer loop
      vertex 2 23.9 26.5
      vertex 8.08958 23.9 19.1276
      vertex 8.18942 23.9 19.1591
    endloop
  endfacet
  facet normal 0 -1 0
    outer loop
      vertex 2 23.9 26.5
      vertex 7.99286 23.9 19.0876
      vertex 8.08958 23.9 19.1276
    endloop
  endfacet
  facet normal 0 -1 0
    outer loop
      vertex 7.81171 23.9 18.983
      vertex 2.2943 23.9 19.2766
      vertex 2.57115 23.9 19.0642
    endloop
  endfacet
  facet normal 0 -1 0
    outer loop
      vertex 2 23.9 26.5
      vertex 7.9 23.9 19.0392
      vertex 7.99286 23.9 19.0876
    endloop
  endfacet
  facet normal 0 -1 0
    outer loop
      vertex 2.2943 23.9 19.2766
      vertex 7.81171 23.9 18.983
      vertex 7.9 23.9 19.0392
    endloop
  endfacet
  facet normal 0 -1 0
    outer loop
      vertex 2.57115 23.9 19.0642
      vertex 7.72865 23.9 18.9193
      vertex 7.81171 23.9 18.983
    endloop
  endfacet
  facet normal 0 -1 0
    outer loop
      vertex 2.82843 23.9 18.8284
      vertex 7.72865 23.9 18.9193
      vertex 2.57115 23.9 19.0642
    endloop
  endfacet
  facet normal 0 -1 0
    outer loop
      vertex 7.72865 23.9 18.9193
      vertex 2.82843 23.9 18.8284
      vertex 7.65147 23.9 18.8485
    endloop
  endfacet
  facet normal 0 -1 0
    outer loop
      vertex 2.82843 23.9 18.8284
      vertex 7.58075 23.9 18.7713
      vertex 7.65147 23.9 18.8485
    endloop
  endfacet
  facet normal 0 -1 0
    outer loop
      vertex 3.06418 23.9 18.5711
      vertex 7.58075 23.9 18.7713
      vertex 2.82843 23.9 18.8284
    endloop
  endfacet
  facet normal 0 -1 0
    outer loop
      vertex 7.58075 23.9 18.7713
      vertex 3.06418 23.9 18.5711
      vertex 7.51702 23.9 18.6883
    endloop
  endfacet
  facet normal 0 -1 0
    outer loop
      vertex 7.51702 23.9 18.6883
      vertex 3.06418 23.9 18.5711
      vertex 7.46077 23.9 18.6
    endloop
  endfacet
  facet normal 0 -1 0
    outer loop
      vertex 3.27661 23.9 18.2943
      vertex 7.46077 23.9 18.6
      vertex 3.06418 23.9 18.5711
    endloop
  endfacet
  facet normal 0 -1 0
    outer loop
      vertex 7.46077 23.9 18.6
      vertex 3.27661 23.9 18.2943
      vertex 7.41243 23.9 18.5071
    endloop
  endfacet
  facet normal 0 -1 0
    outer loop
      vertex 3.4641 23.9 18
      vertex 7.41243 23.9 18.5071
      vertex 3.27661 23.9 18.2943
    endloop
  endfacet
  facet normal 0 -1 0
    outer loop
      vertex 7.41243 23.9 18.5071
      vertex 3.4641 23.9 18
      vertex 7.37237 23.9 18.4104
    endloop
  endfacet
  facet normal 0 -1 0
    outer loop
      vertex 7.37237 23.9 18.4104
      vertex 3.4641 23.9 18
      vertex 7.34089 23.9 18.3106
    endloop
  endfacet
  facet normal 0 -1 0
    outer loop
      vertex 3.62523 23.9 17.6905
      vertex 7.34089 23.9 18.3106
      vertex 3.4641 23.9 18
    endloop
  endfacet
  facet normal 0 -1 0
    outer loop
      vertex 7.34089 23.9 18.3106
      vertex 3.62523 23.9 17.6905
      vertex 7.31823 23.9 18.2084
    endloop
  endfacet
  facet normal 0 -1 0
    outer loop
      vertex 7.31823 23.9 18.2084
      vertex 3.62523 23.9 17.6905
      vertex 7.30457 23.9 18.1046
    endloop
  endfacet
  facet normal 0 -1 0
    outer loop
      vertex 3.75877 23.9 17.3681
      vertex 7.30457 23.9 18.1046
      vertex 3.62523 23.9 17.6905
    endloop
  endfacet
  facet normal 0 -1 0
    outer loop
      vertex 7.30457 23.9 18.1046
      vertex 3.75877 23.9 17.3681
      vertex 7.3 23.9 18
    endloop
  endfacet
  facet normal 0 -1 0
    outer loop
      vertex 3.8637 23.9 17.0353
      vertex 7.3 23.9 18
      vertex 3.75877 23.9 17.3681
    endloop
  endfacet
  facet normal 0 -1 0
    outer loop
      vertex 3.93923 23.9 16.6946
      vertex 7.3 23.9 18
      vertex 3.8637 23.9 17.0353
    endloop
  endfacet
  facet normal 0 -1 0
    outer loop
      vertex 3.98478 23.9 16.3486
      vertex 7.3 23.9 18
      vertex 3.93923 23.9 16.6946
    endloop
  endfacet
  facet normal 0 -1 0
    outer loop
      vertex 4 23.9 16
      vertex 7.3 23.9 18
      vertex 3.98478 23.9 16.3486
    endloop
  endfacet
  facet normal 0 -1 0
    outer loop
      vertex 7.3 23.9 14
      vertex 4 23.9 16
      vertex 3.98478 23.9 15.6514
    endloop
  endfacet
  facet normal 0 -1 0
    outer loop
      vertex 7.3 23.9 14
      vertex 3.98478 23.9 15.6514
      vertex 3.93923 23.9 15.3054
    endloop
  endfacet
  facet normal 0 -1 0
    outer loop
      vertex 7.3 23.9 14
      vertex 3.93923 23.9 15.3054
      vertex 3.8637 23.9 14.9647
    endloop
  endfacet
  facet normal 0 -1 0
    outer loop
      vertex 7.3 23.9 14
      vertex 3.8637 23.9 14.9647
      vertex 3.75877 23.9 14.6319
    endloop
  endfacet
  facet normal 0 -1 0
    outer loop
      vertex 7.30457 23.9 13.8954
      vertex 3.75877 23.9 14.6319
      vertex 3.62523 23.9 14.3095
    endloop
  endfacet
  facet normal 0 -1 0
    outer loop
      vertex 7.34089 23.9 13.6894
      vertex 3.62523 23.9 14.3095
      vertex 3.4641 23.9 14
    endloop
  endfacet
  facet normal 0 -1 0
    outer loop
      vertex 4 23.9 16
      vertex 7.3 23.9 14
      vertex 7.3 23.9 18
    endloop
  endfacet
  facet normal 0 -1 0
    outer loop
      vertex 3.75877 23.9 14.6319
      vertex 7.30457 23.9 13.8954
      vertex 7.3 23.9 14
    endloop
  endfacet
  facet normal 0 -1 0
    outer loop
      vertex 3.62523 23.9 14.3095
      vertex 7.31823 23.9 13.7916
      vertex 7.30457 23.9 13.8954
    endloop
  endfacet
  facet normal 0 -1 0
    outer loop
      vertex 7.41243 23.9 13.4929
      vertex 3.4641 23.9 14
      vertex 3.27661 23.9 13.7057
    endloop
  endfacet
  facet normal 0 -1 0
    outer loop
      vertex 3.62523 23.9 14.3095
      vertex 7.34089 23.9 13.6894
      vertex 7.31823 23.9 13.7916
    endloop
  endfacet
  facet normal 0 -1 0
    outer loop
      vertex 3.4641 23.9 14
      vertex 7.37237 23.9 13.5896
      vertex 7.34089 23.9 13.6894
    endloop
  endfacet
  facet normal 0 -1 0
    outer loop
      vertex 3.4641 23.9 14
      vertex 7.41243 23.9 13.4929
      vertex 7.37237 23.9 13.5896
    endloop
  endfacet
  facet normal 0 -1 0
    outer loop
      vertex 7.46077 23.9 13.4
      vertex 3.27661 23.9 13.7057
      vertex 3.06418 23.9 13.4288
    endloop
  endfacet
  facet normal 0 -1 0
    outer loop
      vertex 3.27661 23.9 13.7057
      vertex 7.46077 23.9 13.4
      vertex 7.41243 23.9 13.4929
    endloop
  endfacet
  facet normal 0 -1 0
    outer loop
      vertex 3.06418 23.9 13.4288
      vertex 7.51702 23.9 13.3117
      vertex 7.46077 23.9 13.4
    endloop
  endfacet
  facet normal 0 -1 0
    outer loop
      vertex 3.06418 23.9 13.4288
      vertex 7.58075 23.9 13.2287
      vertex 7.51702 23.9 13.3117
    endloop
  endfacet
  facet normal 0 -1 0
    outer loop
      vertex 2.82843 23.9 13.1716
      vertex 7.58075 23.9 13.2287
      vertex 3.06418 23.9 13.4288
    endloop
  endfacet
  facet normal 0 -1 0
    outer loop
      vertex 2.82843 23.9 13.1716
      vertex 7.65147 23.9 13.1515
      vertex 7.58075 23.9 13.2287
    endloop
  endfacet
  facet normal 0 -1 0
    outer loop
      vertex 2 23.9 11
      vertex 7.65147 23.9 13.1515
      vertex 2.82843 23.9 13.1716
    endloop
  endfacet
  facet normal 0 -1 -0
    outer loop
      vertex 7.65147 23.9 13.1515
      vertex 2 23.9 11
      vertex 7.72865 23.9 13.0807
    endloop
  endfacet
  facet normal 0 -1 -0
    outer loop
      vertex 7.72865 23.9 13.0807
      vertex 2 23.9 11
      vertex 7.81171 23.9 13.017
    endloop
  endfacet
  facet normal 0 -1 0
    outer loop
      vertex 2 23.9 11
      vertex 2.82843 23.9 13.1716
      vertex 2.57115 23.9 12.9358
    endloop
  endfacet
  facet normal 0 -1 -0
    outer loop
      vertex 7.81171 23.9 13.017
      vertex 2 23.9 11
      vertex 7.9 23.9 12.9608
    endloop
  endfacet
  facet normal 0 -1 -0
    outer loop
      vertex 7.9 23.9 12.9608
      vertex 2 23.9 11
      vertex 7.99286 23.9 12.9124
    endloop
  endfacet
  facet normal 0 -1 -0
    outer loop
      vertex 7.99286 23.9 12.9124
      vertex 2 23.9 11
      vertex 8.08958 23.9 12.8724
    endloop
  endfacet
  facet normal 0 -1 -0
    outer loop
      vertex 8.08958 23.9 12.8724
      vertex 2 23.9 11
      vertex 8.18942 23.9 12.8409
    endloop
  endfacet
  facet normal 0 -1 -0
    outer loop
      vertex 8.18942 23.9 12.8409
      vertex 2 23.9 11
      vertex 8.29162 23.9 12.8182
    endloop
  endfacet
  facet normal 0 -1 0
    outer loop
      vertex 14 23.9 4
      vertex 8.29162 23.9 12.8182
      vertex 2 23.9 11
    endloop
  endfacet
  facet normal 0 -1 0
    outer loop
      vertex 2 23.9 11
      vertex 2.57115 23.9 12.9358
      vertex 2.2943 23.9 12.7234
    endloop
  endfacet
  facet normal 0 -1 0
    outer loop
      vertex -14 23.9 28
      vertex -2 23.9 26.5
      vertex 14 23.9 28
    endloop
  endfacet
  facet normal 0 -1 0
    outer loop
      vertex -8.39541 23.9 19.1954
      vertex -2 23.9 26.5
      vertex -14 23.9 28
    endloop
  endfacet
  facet normal 0 -1 0
    outer loop
      vertex -7.99286 23.9 19.0876
      vertex -2 23.9 26.5
      vertex -8.08958 23.9 19.1276
    endloop
  endfacet
  facet normal 0 -1 0
    outer loop
      vertex -8.39541 23.9 19.1954
      vertex -14 23.9 28
      vertex -8.5 23.9 19.2
    endloop
  endfacet
  facet normal 0 -1 0
    outer loop
      vertex -14 23.9 28
      vertex -8.60459 23.9 19.1954
      vertex -8.5 23.9 19.2
    endloop
  endfacet
  facet normal 0 -1 0
    outer loop
      vertex -14 23.9 28
      vertex -8.70838 23.9 19.1818
      vertex -8.60459 23.9 19.1954
    endloop
  endfacet
  facet normal 0 -1 0
    outer loop
      vertex -14 23.9 28
      vertex -8.81058 23.9 19.1591
      vertex -8.70838 23.9 19.1818
    endloop
  endfacet
  facet normal 0 -1 0
    outer loop
      vertex -14 23.9 28
      vertex -8.91042 23.9 19.1276
      vertex -8.81058 23.9 19.1591
    endloop
  endfacet
  facet normal 0 -1 0
    outer loop
      vertex -14 23.9 28
      vertex -9.00714 23.9 19.0876
      vertex -8.91042 23.9 19.1276
    endloop
  endfacet
  facet normal 0 -1 0
    outer loop
      vertex -14 23.9 28
      vertex -9.1 23.9 19.0392
      vertex -9.00714 23.9 19.0876
    endloop
  endfacet
  facet normal 0 -1 0
    outer loop
      vertex -14 23.9 28
      vertex -9.18829 23.9 18.983
      vertex -9.1 23.9 19.0392
    endloop
  endfacet
  facet normal 0 -1 0
    outer loop
      vertex -14 23.9 28
      vertex -9.27134 23.9 18.9193
      vertex -9.18829 23.9 18.983
    endloop
  endfacet
  facet normal 0 -1 0
    outer loop
      vertex -14 23.9 28
      vertex -9.34853 23.9 18.8485
      vertex -9.27134 23.9 18.9193
    endloop
  endfacet
  facet normal 0 -1 0
    outer loop
      vertex -14 23.9 28
      vertex -9.41925 23.9 18.7713
      vertex -9.34853 23.9 18.8485
    endloop
  endfacet
  facet normal 0 -1 0
    outer loop
      vertex -14 23.9 28
      vertex -9.48298 23.9 18.6883
      vertex -9.41925 23.9 18.7713
    endloop
  endfacet
  facet normal 0 -1 0
    outer loop
      vertex -14 23.9 28
      vertex -9.53923 23.9 18.6
      vertex -9.48298 23.9 18.6883
    endloop
  endfacet
  facet normal 0 -1 0
    outer loop
      vertex -14 23.9 28
      vertex -9.58757 23.9 18.5071
      vertex -9.53923 23.9 18.6
    endloop
  endfacet
  facet normal 0 -1 0
    outer loop
      vertex -14 23.9 28
      vertex -9.62763 23.9 18.4104
      vertex -9.58757 23.9 18.5071
    endloop
  endfacet
  facet normal 0 -1 0
    outer loop
      vertex -14 23.9 28
      vertex -9.65911 23.9 18.3106
      vertex -9.62763 23.9 18.4104
    endloop
  endfacet
  facet normal 0 -1 0
    outer loop
      vertex -14 23.9 28
      vertex -9.68177 23.9 18.2084
      vertex -9.65911 23.9 18.3106
    endloop
  endfacet
  facet normal 0 -1 0
    outer loop
      vertex -14 23.9 28
      vertex -9.69543 23.9 18.1046
      vertex -9.68177 23.9 18.2084
    endloop
  endfacet
  facet normal 0 -1 0
    outer loop
      vertex -14 23.9 28
      vertex -9.7 23.9 18
      vertex -9.69543 23.9 18.1046
    endloop
  endfacet
  facet normal 0 -1 0
    outer loop
      vertex -14 23.9 28
      vertex -9.7 23.9 14
      vertex -9.7 23.9 18
    endloop
  endfacet
  facet normal 0 -1 0
    outer loop
      vertex -14 23.9 4
      vertex -9.7 23.9 14
      vertex -14 23.9 28
    endloop
  endfacet
  facet normal 0 -1 -0
    outer loop
      vertex -9.7 23.9 14
      vertex -14 23.9 4
      vertex -9.69543 23.9 13.8954
    endloop
  endfacet
  facet normal 0 -1 -0
    outer loop
      vertex -9.69543 23.9 13.8954
      vertex -14 23.9 4
      vertex -9.68177 23.9 13.7916
    endloop
  endfacet
  facet normal 0 -1 0
    outer loop
      vertex -7.99286 23.9 12.9124
      vertex -2 23.9 12.5359
      vertex -2.2943 23.9 12.7234
    endloop
  endfacet
  facet normal 0 -1 0
    outer loop
      vertex -8.39541 23.9 12.8046
      vertex -2 23.9 11
      vertex -2 23.9 12.5359
    endloop
  endfacet
  facet normal 0 -1 0
    outer loop
      vertex -14 23.9 4
      vertex -8.5 23.9 12.8
      vertex -8.60459 23.9 12.8046
    endloop
  endfacet
  facet normal 0 -1 0
    outer loop
      vertex -14 23.9 4
      vertex -8.60459 23.9 12.8046
      vertex -8.70838 23.9 12.8182
    endloop
  endfacet
  facet normal 0 -1 0
    outer loop
      vertex -14 23.9 4
      vertex -8.70838 23.9 12.8182
      vertex -8.81058 23.9 12.8409
    endloop
  endfacet
  facet normal 0 -1 -0
    outer loop
      vertex -2 23.9 11
      vertex -14 23.9 4
      vertex 2 23.9 11
    endloop
  endfacet
  facet normal 0 -1 -0
    outer loop
      vertex -8.39541 23.9 12.8046
      vertex -14 23.9 4
      vertex -2 23.9 11
    endloop
  endfacet
  facet normal 0 -1 -0
    outer loop
      vertex -8.91042 23.9 12.8724
      vertex -14 23.9 4
      vertex -8.81058 23.9 12.8409
    endloop
  endfacet
  facet normal 0 -1 -0
    outer loop
      vertex -9.00714 23.9 12.9124
      vertex -14 23.9 4
      vertex -8.91042 23.9 12.8724
    endloop
  endfacet
  facet normal 0 -1 -0
    outer loop
      vertex -9.1 23.9 12.9608
      vertex -14 23.9 4
      vertex -9.00714 23.9 12.9124
    endloop
  endfacet
  facet normal 0 -1 -0
    outer loop
      vertex -9.18829 23.9 13.017
      vertex -14 23.9 4
      vertex -9.1 23.9 12.9608
    endloop
  endfacet
  facet normal 0 -1 -0
    outer loop
      vertex -9.27134 23.9 13.0807
      vertex -14 23.9 4
      vertex -9.18829 23.9 13.017
    endloop
  endfacet
  facet normal 0 -1 -0
    outer loop
      vertex -9.34853 23.9 13.1515
      vertex -14 23.9 4
      vertex -9.27134 23.9 13.0807
    endloop
  endfacet
  facet normal 0 -1 -0
    outer loop
      vertex -9.41925 23.9 13.2287
      vertex -14 23.9 4
      vertex -9.34853 23.9 13.1515
    endloop
  endfacet
  facet normal 0 -1 -0
    outer loop
      vertex -9.48298 23.9 13.3117
      vertex -14 23.9 4
      vertex -9.41925 23.9 13.2287
    endloop
  endfacet
  facet normal 0 -1 -0
    outer loop
      vertex -9.53923 23.9 13.4
      vertex -14 23.9 4
      vertex -9.48298 23.9 13.3117
    endloop
  endfacet
  facet normal 0 -1 -0
    outer loop
      vertex -9.58757 23.9 13.4929
      vertex -14 23.9 4
      vertex -9.53923 23.9 13.4
    endloop
  endfacet
  facet normal 0 -1 -0
    outer loop
      vertex -9.62763 23.9 13.5896
      vertex -14 23.9 4
      vertex -9.58757 23.9 13.4929
    endloop
  endfacet
  facet normal 0 -1 -0
    outer loop
      vertex -9.65911 23.9 13.6894
      vertex -14 23.9 4
      vertex -9.62763 23.9 13.5896
    endloop
  endfacet
  facet normal 0 -1 -0
    outer loop
      vertex -9.68177 23.9 13.7916
      vertex -14 23.9 4
      vertex -9.65911 23.9 13.6894
    endloop
  endfacet
  facet normal 0 -1 0
    outer loop
      vertex 2 23.9 26.5
      vertex 14 23.9 28
      vertex -2 23.9 26.5
    endloop
  endfacet
  facet normal 0 -1 0
    outer loop
      vertex 2.2943 23.9 19.2766
      vertex 2 23.9 26.5
      vertex 2 23.9 19.4641
    endloop
  endfacet
  facet normal 0 -1 0
    outer loop
      vertex 7.9 23.9 19.0392
      vertex 2 23.9 26.5
      vertex 2.2943 23.9 19.2766
    endloop
  endfacet
  facet normal 0 -1 0
    outer loop
      vertex 2 23.9 26.5
      vertex 8.5 23.9 19.2
      vertex 14 23.9 28
    endloop
  endfacet
  facet normal 0 -1 0
    outer loop
      vertex 8.60459 23.9 19.1954
      vertex 14 23.9 28
      vertex 8.5 23.9 19.2
    endloop
  endfacet
  facet normal 0 -1 0
    outer loop
      vertex 8.70838 23.9 19.1818
      vertex 14 23.9 28
      vertex 8.60459 23.9 19.1954
    endloop
  endfacet
  facet normal 0 -1 0
    outer loop
      vertex 8.81058 23.9 19.1591
      vertex 14 23.9 28
      vertex 8.70838 23.9 19.1818
    endloop
  endfacet
  facet normal 0 -1 0
    outer loop
      vertex 8.91042 23.9 19.1276
      vertex 14 23.9 28
      vertex 8.81058 23.9 19.1591
    endloop
  endfacet
  facet normal 0 -1 0
    outer loop
      vertex 9.00714 23.9 19.0876
      vertex 14 23.9 28
      vertex 8.91042 23.9 19.1276
    endloop
  endfacet
  facet normal 0 -1 0
    outer loop
      vertex 9.1 23.9 19.0392
      vertex 14 23.9 28
      vertex 9.00714 23.9 19.0876
    endloop
  endfacet
  facet normal 0 -1 0
    outer loop
      vertex 9.18829 23.9 18.983
      vertex 14 23.9 28
      vertex 9.1 23.9 19.0392
    endloop
  endfacet
  facet normal 0 -1 0
    outer loop
      vertex 9.27134 23.9 18.9193
      vertex 14 23.9 28
      vertex 9.18829 23.9 18.983
    endloop
  endfacet
  facet normal 0 -1 0
    outer loop
      vertex 9.34853 23.9 18.8485
      vertex 14 23.9 28
      vertex 9.27134 23.9 18.9193
    endloop
  endfacet
  facet normal 0 -1 0
    outer loop
      vertex 9.41925 23.9 18.7713
      vertex 14 23.9 28
      vertex 9.34853 23.9 18.8485
    endloop
  endfacet
  facet normal 0 -1 0
    outer loop
      vertex 9.48298 23.9 18.6883
      vertex 14 23.9 28
      vertex 9.41925 23.9 18.7713
    endloop
  endfacet
  facet normal 0 -1 0
    outer loop
      vertex 9.53923 23.9 18.6
      vertex 14 23.9 28
      vertex 9.48298 23.9 18.6883
    endloop
  endfacet
  facet normal 0 -1 0
    outer loop
      vertex 9.58757 23.9 18.5071
      vertex 14 23.9 28
      vertex 9.53923 23.9 18.6
    endloop
  endfacet
  facet normal 0 -1 0
    outer loop
      vertex 9.62763 23.9 18.4104
      vertex 14 23.9 28
      vertex 9.58757 23.9 18.5071
    endloop
  endfacet
  facet normal 0 -1 0
    outer loop
      vertex 9.65911 23.9 18.3106
      vertex 14 23.9 28
      vertex 9.62763 23.9 18.4104
    endloop
  endfacet
  facet normal 0 -1 0
    outer loop
      vertex 9.68177 23.9 18.2084
      vertex 14 23.9 28
      vertex 9.65911 23.9 18.3106
    endloop
  endfacet
  facet normal 0 -1 0
    outer loop
      vertex 9.69543 23.9 18.1046
      vertex 14 23.9 28
      vertex 9.68177 23.9 18.2084
    endloop
  endfacet
  facet normal 0 -1 0
    outer loop
      vertex 9.7 23.9 18
      vertex 14 23.9 28
      vertex 9.69543 23.9 18.1046
    endloop
  endfacet
  facet normal 0 -1 0
    outer loop
      vertex 9.7 23.9 14
      vertex 14 23.9 28
      vertex 9.7 23.9 18
    endloop
  endfacet
  facet normal 0 -1 0
    outer loop
      vertex 14 23.9 4
      vertex 9.7 23.9 14
      vertex 9.69543 23.9 13.8954
    endloop
  endfacet
  facet normal 0 -1 0
    outer loop
      vertex 14 23.9 4
      vertex 9.69543 23.9 13.8954
      vertex 9.68177 23.9 13.7916
    endloop
  endfacet
  facet normal 0 -1 0
    outer loop
      vertex 14 23.9 4
      vertex 9.68177 23.9 13.7916
      vertex 9.65911 23.9 13.6894
    endloop
  endfacet
  facet normal 0 -1 0
    outer loop
      vertex 2 23.9 11
      vertex 2.2943 23.9 12.7234
      vertex 2 23.9 12.5359
    endloop
  endfacet
  facet normal 0 -1 0
    outer loop
      vertex 8.29162 23.9 12.8182
      vertex 14 23.9 4
      vertex 8.39541 23.9 12.8046
    endloop
  endfacet
  facet normal 0 -1 0
    outer loop
      vertex 8.39541 23.9 12.8046
      vertex 14 23.9 4
      vertex 8.5 23.9 12.8
    endloop
  endfacet
  facet normal 0 -1 0
    outer loop
      vertex 8.5 23.9 12.8
      vertex 14 23.9 4
      vertex 8.60459 23.9 12.8046
    endloop
  endfacet
  facet normal 0 -1 0
    outer loop
      vertex 8.60459 23.9 12.8046
      vertex 14 23.9 4
      vertex 8.70838 23.9 12.8182
    endloop
  endfacet
  facet normal 0 -1 0
    outer loop
      vertex 14 23.9 4
      vertex 2 23.9 11
      vertex -14 23.9 4
    endloop
  endfacet
  facet normal 0 -1 0
    outer loop
      vertex 8.70838 23.9 12.8182
      vertex 14 23.9 4
      vertex 8.81058 23.9 12.8409
    endloop
  endfacet
  facet normal 0 -1 0
    outer loop
      vertex 9.7 23.9 14
      vertex 14 23.9 4
      vertex 14 23.9 28
    endloop
  endfacet
  facet normal 0 -1 0
    outer loop
      vertex 9.62763 23.9 13.5896
      vertex 14 23.9 4
      vertex 9.65911 23.9 13.6894
    endloop
  endfacet
  facet normal 0 -1 0
    outer loop
      vertex 9.58757 23.9 13.4929
      vertex 14 23.9 4
      vertex 9.62763 23.9 13.5896
    endloop
  endfacet
  facet normal 0 -1 0
    outer loop
      vertex 9.53923 23.9 13.4
      vertex 14 23.9 4
      vertex 9.58757 23.9 13.4929
    endloop
  endfacet
  facet normal 0 -1 0
    outer loop
      vertex 9.48298 23.9 13.3117
      vertex 14 23.9 4
      vertex 9.53923 23.9 13.4
    endloop
  endfacet
  facet normal 0 -1 0
    outer loop
      vertex 9.41925 23.9 13.2287
      vertex 14 23.9 4
      vertex 9.48298 23.9 13.3117
    endloop
  endfacet
  facet normal 0 -1 0
    outer loop
      vertex 9.34853 23.9 13.1515
      vertex 14 23.9 4
      vertex 9.41925 23.9 13.2287
    endloop
  endfacet
  facet normal 0 -1 0
    outer loop
      vertex 9.27134 23.9 13.0807
      vertex 14 23.9 4
      vertex 9.34853 23.9 13.1515
    endloop
  endfacet
  facet normal 0 -1 0
    outer loop
      vertex 9.18829 23.9 13.017
      vertex 14 23.9 4
      vertex 9.27134 23.9 13.0807
    endloop
  endfacet
  facet normal 0 -1 0
    outer loop
      vertex 9.1 23.9 12.9608
      vertex 14 23.9 4
      vertex 9.18829 23.9 13.017
    endloop
  endfacet
  facet normal 0 -1 0
    outer loop
      vertex 9.00714 23.9 12.9124
      vertex 14 23.9 4
      vertex 9.1 23.9 12.9608
    endloop
  endfacet
  facet normal 0 -1 0
    outer loop
      vertex 8.91042 23.9 12.8724
      vertex 14 23.9 4
      vertex 9.00714 23.9 12.9124
    endloop
  endfacet
  facet normal 0 -1 0
    outer loop
      vertex 8.81058 23.9 12.8409
      vertex 14 23.9 4
      vertex 8.91042 23.9 12.8724
    endloop
  endfacet
  facet normal 0 -1 0
    outer loop
      vertex -2 23.9 26.5
      vertex -8.39541 23.9 19.1954
      vertex -8.29162 23.9 19.1818
    endloop
  endfacet
  facet normal 0 -1 0
    outer loop
      vertex -2 23.9 26.5
      vertex -8.29162 23.9 19.1818
      vertex -8.18942 23.9 19.1591
    endloop
  endfacet
  facet normal 0 -1 0
    outer loop
      vertex -2 23.9 26.5
      vertex -8.18942 23.9 19.1591
      vertex -8.08958 23.9 19.1276
    endloop
  endfacet
  facet normal 0 -1 0
    outer loop
      vertex -7.9 23.9 19.0392
      vertex -2 23.9 26.5
      vertex -7.99286 23.9 19.0876
    endloop
  endfacet
  facet normal 0 -1 -0
    outer loop
      vertex -2 23.9 26.5
      vertex -2.2943 23.9 19.2766
      vertex -2 23.9 19.4641
    endloop
  endfacet
  facet normal 0 -1 0
    outer loop
      vertex -2 23.9 26.5
      vertex -7.9 23.9 19.0392
      vertex -2.2943 23.9 19.2766
    endloop
  endfacet
  facet normal 0 -1 0
    outer loop
      vertex -7.81171 23.9 18.983
      vertex -2.2943 23.9 19.2766
      vertex -7.9 23.9 19.0392
    endloop
  endfacet
  facet normal 0 -1 0
    outer loop
      vertex -2.2943 23.9 19.2766
      vertex -7.81171 23.9 18.983
      vertex -2.57115 23.9 19.0642
    endloop
  endfacet
  facet normal 0 -1 0
    outer loop
      vertex -7.72865 23.9 18.9193
      vertex -2.57115 23.9 19.0642
      vertex -7.81171 23.9 18.983
    endloop
  endfacet
  facet normal 0 -1 0
    outer loop
      vertex -2.82843 23.9 18.8284
      vertex -7.72865 23.9 18.9193
      vertex -7.65147 23.9 18.8485
    endloop
  endfacet
  facet normal 0 -1 0
    outer loop
      vertex -7.72865 23.9 18.9193
      vertex -2.82843 23.9 18.8284
      vertex -2.57115 23.9 19.0642
    endloop
  endfacet
  facet normal 0 -1 0
    outer loop
      vertex -7.58075 23.9 18.7713
      vertex -2.82843 23.9 18.8284
      vertex -7.65147 23.9 18.8485
    endloop
  endfacet
  facet normal 0 -1 0
    outer loop
      vertex -3.06418 23.9 18.5711
      vertex -7.58075 23.9 18.7713
      vertex -7.51702 23.9 18.6883
    endloop
  endfacet
  facet normal 0 -1 0
    outer loop
      vertex -3.06418 23.9 18.5711
      vertex -7.51702 23.9 18.6883
      vertex -7.46077 23.9 18.6
    endloop
  endfacet
  facet normal 0 -1 0
    outer loop
      vertex -7.58075 23.9 18.7713
      vertex -3.06418 23.9 18.5711
      vertex -2.82843 23.9 18.8284
    endloop
  endfacet
  facet normal 0 -1 0
    outer loop
      vertex -3.27661 23.9 18.2943
      vertex -7.46077 23.9 18.6
      vertex -7.41243 23.9 18.5071
    endloop
  endfacet
  facet normal 0 -1 0
    outer loop
      vertex -3.4641 23.9 18
      vertex -7.41243 23.9 18.5071
      vertex -7.37237 23.9 18.4104
    endloop
  endfacet
  facet normal 0 -1 0
    outer loop
      vertex -3.4641 23.9 18
      vertex -7.37237 23.9 18.4104
      vertex -7.34089 23.9 18.3106
    endloop
  endfacet
  facet normal 0 -1 0
    outer loop
      vertex -7.46077 23.9 18.6
      vertex -3.27661 23.9 18.2943
      vertex -3.06418 23.9 18.5711
    endloop
  endfacet
  facet normal 0 -1 0
    outer loop
      vertex -3.62523 23.9 17.6905
      vertex -7.34089 23.9 18.3106
      vertex -7.31823 23.9 18.2084
    endloop
  endfacet
  facet normal 0 -1 0
    outer loop
      vertex -3.62523 23.9 17.6905
      vertex -7.31823 23.9 18.2084
      vertex -7.30457 23.9 18.1046
    endloop
  endfacet
  facet normal 0 -1 0
    outer loop
      vertex -3.75877 23.9 17.3681
      vertex -7.30457 23.9 18.1046
      vertex -7.3 23.9 18
    endloop
  endfacet
  facet normal 0 -1 0
    outer loop
      vertex -7.41243 23.9 18.5071
      vertex -3.4641 23.9 18
      vertex -3.27661 23.9 18.2943
    endloop
  endfacet
  facet normal 0 -1 0
    outer loop
      vertex -7.34089 23.9 18.3106
      vertex -3.62523 23.9 17.6905
      vertex -3.4641 23.9 18
    endloop
  endfacet
  facet normal 0 -1 0
    outer loop
      vertex -7.30457 23.9 18.1046
      vertex -3.75877 23.9 17.3681
      vertex -3.62523 23.9 17.6905
    endloop
  endfacet
  facet normal 0 -1 0
    outer loop
      vertex -7.3 23.9 18
      vertex -3.8637 23.9 17.0353
      vertex -3.75877 23.9 17.3681
    endloop
  endfacet
  facet normal 0 -1 0
    outer loop
      vertex -7.3 23.9 18
      vertex -3.93923 23.9 16.6946
      vertex -3.8637 23.9 17.0353
    endloop
  endfacet
  facet normal 0 -1 0
    outer loop
      vertex -7.3 23.9 18
      vertex -3.98478 23.9 16.3486
      vertex -3.93923 23.9 16.6946
    endloop
  endfacet
  facet normal 0 -1 0
    outer loop
      vertex -7.3 23.9 18
      vertex -4 23.9 16
      vertex -3.98478 23.9 16.3486
    endloop
  endfacet
  facet normal 0 -1 0
    outer loop
      vertex -7.3 23.9 14
      vertex -4 23.9 16
      vertex -7.3 23.9 18
    endloop
  endfacet
  facet normal 0 -1 -0
    outer loop
      vertex -4 23.9 16
      vertex -7.3 23.9 14
      vertex -3.98478 23.9 15.6514
    endloop
  endfacet
  facet normal 0 -1 -0
    outer loop
      vertex -3.98478 23.9 15.6514
      vertex -7.3 23.9 14
      vertex -3.93923 23.9 15.3054
    endloop
  endfacet
  facet normal 0 -1 -0
    outer loop
      vertex -3.93923 23.9 15.3054
      vertex -7.3 23.9 14
      vertex -3.8637 23.9 14.9647
    endloop
  endfacet
  facet normal 0 -1 -0
    outer loop
      vertex -3.8637 23.9 14.9647
      vertex -7.3 23.9 14
      vertex -3.75877 23.9 14.6319
    endloop
  endfacet
  facet normal 0 -1 0
    outer loop
      vertex -7.30457 23.9 13.8954
      vertex -3.75877 23.9 14.6319
      vertex -7.3 23.9 14
    endloop
  endfacet
  facet normal 0 -1 -0
    outer loop
      vertex -3.75877 23.9 14.6319
      vertex -7.30457 23.9 13.8954
      vertex -3.62523 23.9 14.3095
    endloop
  endfacet
  facet normal 0 -1 0
    outer loop
      vertex -7.31823 23.9 13.7916
      vertex -3.62523 23.9 14.3095
      vertex -7.30457 23.9 13.8954
    endloop
  endfacet
  facet normal 0 -1 0
    outer loop
      vertex -7.34089 23.9 13.6894
      vertex -3.62523 23.9 14.3095
      vertex -7.31823 23.9 13.7916
    endloop
  endfacet
  facet normal 0 -1 -0
    outer loop
      vertex -3.62523 23.9 14.3095
      vertex -7.34089 23.9 13.6894
      vertex -3.4641 23.9 14
    endloop
  endfacet
  facet normal 0 -1 0
    outer loop
      vertex -7.37237 23.9 13.5896
      vertex -3.4641 23.9 14
      vertex -7.34089 23.9 13.6894
    endloop
  endfacet
  facet normal 0 -1 0
    outer loop
      vertex -7.41243 23.9 13.4929
      vertex -3.4641 23.9 14
      vertex -7.37237 23.9 13.5896
    endloop
  endfacet
  facet normal 0 -1 -0
    outer loop
      vertex -3.4641 23.9 14
      vertex -7.41243 23.9 13.4929
      vertex -3.27661 23.9 13.7057
    endloop
  endfacet
  facet normal 0 -1 0
    outer loop
      vertex -7.46077 23.9 13.4
      vertex -3.27661 23.9 13.7057
      vertex -7.41243 23.9 13.4929
    endloop
  endfacet
  facet normal 0 -1 -0
    outer loop
      vertex -3.27661 23.9 13.7057
      vertex -7.46077 23.9 13.4
      vertex -3.06418 23.9 13.4288
    endloop
  endfacet
  facet normal 0 -1 0
    outer loop
      vertex -7.51702 23.9 13.3117
      vertex -3.06418 23.9 13.4288
      vertex -7.46077 23.9 13.4
    endloop
  endfacet
  facet normal 0 -1 0
    outer loop
      vertex -7.58075 23.9 13.2287
      vertex -3.06418 23.9 13.4288
      vertex -7.51702 23.9 13.3117
    endloop
  endfacet
  facet normal 0 -1 0
    outer loop
      vertex -7.58075 23.9 13.2287
      vertex -2.82843 23.9 13.1716
      vertex -3.06418 23.9 13.4288
    endloop
  endfacet
  facet normal 0 -1 0
    outer loop
      vertex -7.65147 23.9 13.1515
      vertex -2.82843 23.9 13.1716
      vertex -7.58075 23.9 13.2287
    endloop
  endfacet
  facet normal 0 -1 0
    outer loop
      vertex -7.72865 23.9 13.0807
      vertex -2.82843 23.9 13.1716
      vertex -7.65147 23.9 13.1515
    endloop
  endfacet
  facet normal 0 -1 0
    outer loop
      vertex -2.57115 23.9 12.9358
      vertex -7.72865 23.9 13.0807
      vertex -7.81171 23.9 13.017
    endloop
  endfacet
  facet normal 0 -1 0
    outer loop
      vertex -2.2943 23.9 12.7234
      vertex -7.81171 23.9 13.017
      vertex -7.9 23.9 12.9608
    endloop
  endfacet
  facet normal 0 -1 0
    outer loop
      vertex -7.72865 23.9 13.0807
      vertex -2.57115 23.9 12.9358
      vertex -2.82843 23.9 13.1716
    endloop
  endfacet
  facet normal 0 -1 0
    outer loop
      vertex -2.2943 23.9 12.7234
      vertex -7.9 23.9 12.9608
      vertex -7.99286 23.9 12.9124
    endloop
  endfacet
  facet normal 0 -1 0
    outer loop
      vertex -2 23.9 12.5359
      vertex -7.99286 23.9 12.9124
      vertex -8.08958 23.9 12.8724
    endloop
  endfacet
  facet normal 0 -1 0
    outer loop
      vertex -2 23.9 12.5359
      vertex -8.08958 23.9 12.8724
      vertex -8.18942 23.9 12.8409
    endloop
  endfacet
  facet normal 0 -1 0
    outer loop
      vertex -2 23.9 12.5359
      vertex -8.18942 23.9 12.8409
      vertex -8.29162 23.9 12.8182
    endloop
  endfacet
  facet normal 0 -1 0
    outer loop
      vertex -2 23.9 12.5359
      vertex -8.29162 23.9 12.8182
      vertex -8.39541 23.9 12.8046
    endloop
  endfacet
  facet normal 0 -1 0
    outer loop
      vertex -14 23.9 4
      vertex -8.39541 23.9 12.8046
      vertex -8.5 23.9 12.8
    endloop
  endfacet
  facet normal 0 -1 0
    outer loop
      vertex -7.81171 23.9 13.017
      vertex -2.2943 23.9 12.7234
      vertex -2.57115 23.9 12.9358
    endloop
  endfacet
  facet normal -0.991446 0 0.130521
    outer loop
      vertex 3.93923 23.9 15.3054
      vertex 3.98478 27.9 15.6514
      vertex 3.93923 27.9 15.3054
    endloop
  endfacet
  facet normal -0.991446 0 0.130521
    outer loop
      vertex 3.98478 27.9 15.6514
      vertex 3.93923 23.9 15.3054
      vertex 3.98478 23.9 15.6514
    endloop
  endfacet
  facet normal 0.991446 -0 0.130521
    outer loop
      vertex -3.98478 23.9 15.6514
      vertex -3.93923 27.9 15.3054
      vertex -3.98478 27.9 15.6514
    endloop
  endfacet
  facet normal 0.991446 0 0.130521
    outer loop
      vertex -3.93923 27.9 15.3054
      vertex -3.98478 23.9 15.6514
      vertex -3.93923 23.9 15.3054
    endloop
  endfacet
  facet normal -0.737178 0 0.675699
    outer loop
      vertex 2.82843 23.9 13.1716
      vertex 3.06418 27.9 13.4288
      vertex 2.82843 27.9 13.1716
    endloop
  endfacet
  facet normal -0.737178 0 0.675699
    outer loop
      vertex 3.06418 27.9 13.4288
      vertex 2.82843 23.9 13.1716
      vertex 3.06418 23.9 13.4288
    endloop
  endfacet
  facet normal -0.737309 0 -0.675556
    outer loop
      vertex 3.06418 23.9 18.5711
      vertex 2.82843 27.9 18.8284
      vertex 3.06418 27.9 18.5711
    endloop
  endfacet
  facet normal -0.737309 -0 -0.675556
    outer loop
      vertex 2.82843 27.9 18.8284
      vertex 3.06418 23.9 18.5711
      vertex 2.82843 23.9 18.8284
    endloop
  endfacet
  facet normal -0.793306 0 -0.608823
    outer loop
      vertex 3.27661 23.9 18.2943
      vertex 3.06418 27.9 18.5711
      vertex 3.27661 27.9 18.2943
    endloop
  endfacet
  facet normal -0.793306 -0 -0.608823
    outer loop
      vertex 3.06418 27.9 18.5711
      vertex 3.27661 23.9 18.2943
      vertex 3.06418 23.9 18.5711
    endloop
  endfacet
  facet normal -0.953718 0 0.300702
    outer loop
      vertex 3.75877 23.9 14.6319
      vertex 3.8637 27.9 14.9647
      vertex 3.75877 27.9 14.6319
    endloop
  endfacet
  facet normal -0.953718 0 0.300702
    outer loop
      vertex 3.8637 27.9 14.9647
      vertex 3.75877 23.9 14.6319
      vertex 3.8637 23.9 14.9647
    endloop
  endfacet
  facet normal 0.737178 -0 0.675699
    outer loop
      vertex -3.06418 23.9 13.4288
      vertex -2.82843 27.9 13.1716
      vertex -3.06418 27.9 13.4288
    endloop
  endfacet
  facet normal 0.737178 0 0.675699
    outer loop
      vertex -2.82843 27.9 13.1716
      vertex -3.06418 23.9 13.4288
      vertex -2.82843 23.9 13.1716
    endloop
  endfacet
  facet normal 0.793306 0 -0.608823
    outer loop
      vertex -3.06418 23.9 18.5711
      vertex -3.27661 27.9 18.2943
      vertex -3.06418 27.9 18.5711
    endloop
  endfacet
  facet normal 0.793306 0 -0.608823
    outer loop
      vertex -3.27661 27.9 18.2943
      vertex -3.06418 23.9 18.5711
      vertex -3.27661 23.9 18.2943
    endloop
  endfacet
  facet normal -0.976297 0 -0.216436
    outer loop
      vertex 3.93923 23.9 16.6946
      vertex 3.8637 27.9 17.0353
      vertex 3.93923 27.9 16.6946
    endloop
  endfacet
  facet normal -0.976297 -0 -0.216436
    outer loop
      vertex 3.8637 27.9 17.0353
      vertex 3.93923 23.9 16.6946
      vertex 3.8637 23.9 17.0353
    endloop
  endfacet
  facet normal -0.886994 0 -0.461781
    outer loop
      vertex 3.62523 23.9 17.6905
      vertex 3.4641 27.9 18
      vertex 3.62523 27.9 17.6905
    endloop
  endfacet
  facet normal -0.886994 -0 -0.461781
    outer loop
      vertex 3.4641 27.9 18
      vertex 3.62523 23.9 17.6905
      vertex 3.4641 23.9 18
    endloop
  endfacet
  facet normal -0.999048 0 0.0436188
    outer loop
      vertex 3.98478 23.9 15.6514
      vertex 4 27.9 16
      vertex 3.98478 27.9 15.6514
    endloop
  endfacet
  facet normal -0.999048 0 0.0436188
    outer loop
      vertex 4 27.9 16
      vertex 3.98478 23.9 15.6514
      vertex 4 23.9 16
    endloop
  endfacet
  facet normal -0.976297 0 0.216436
    outer loop
      vertex 3.8637 23.9 14.9647
      vertex 3.93923 27.9 15.3054
      vertex 3.8637 27.9 14.9647
    endloop
  endfacet
  facet normal -0.976297 0 0.216436
    outer loop
      vertex 3.93923 27.9 15.3054
      vertex 3.8637 23.9 14.9647
      vertex 3.93923 23.9 15.3054
    endloop
  endfacet
  facet normal 0.976297 -0 0.216436
    outer loop
      vertex -3.93923 23.9 15.3054
      vertex -3.8637 27.9 14.9647
      vertex -3.93923 27.9 15.3054
    endloop
  endfacet
  facet normal 0.976297 0 0.216436
    outer loop
      vertex -3.8637 27.9 14.9647
      vertex -3.93923 23.9 15.3054
      vertex -3.8637 23.9 14.9647
    endloop
  endfacet
  facet normal 0.923882 0 -0.382677
    outer loop
      vertex -3.62523 23.9 17.6905
      vertex -3.75877 27.9 17.3681
      vertex -3.62523 27.9 17.6905
    endloop
  endfacet
  facet normal 0.923882 0 -0.382677
    outer loop
      vertex -3.75877 27.9 17.3681
      vertex -3.62523 23.9 17.6905
      vertex -3.75877 23.9 17.3681
    endloop
  endfacet
  facet normal 0.608699 0 0.793401
    outer loop
      vertex -2.57115 27.9 12.9358
      vertex -2.2943 23.9 12.7234
      vertex -2.2943 27.9 12.7234
    endloop
  endfacet
  facet normal 0.608699 0 0.793401
    outer loop
      vertex -2.2943 23.9 12.7234
      vertex -2.57115 27.9 12.9358
      vertex -2.57115 23.9 12.9358
    endloop
  endfacet
  facet normal 0.999048 -0 0.0436188
    outer loop
      vertex -4 23.9 16
      vertex -3.98478 27.9 15.6514
      vertex -4 27.9 16
    endloop
  endfacet
  facet normal 0.999048 0 0.0436188
    outer loop
      vertex -3.98478 27.9 15.6514
      vertex -4 23.9 16
      vertex -3.98478 23.9 15.6514
    endloop
  endfacet
  facet normal 0.886994 -0 0.461781
    outer loop
      vertex -3.62523 23.9 14.3095
      vertex -3.4641 27.9 14
      vertex -3.62523 27.9 14.3095
    endloop
  endfacet
  facet normal 0.886994 0 0.461781
    outer loop
      vertex -3.4641 27.9 14
      vertex -3.62523 23.9 14.3095
      vertex -3.4641 23.9 14
    endloop
  endfacet
  facet normal -0.843391 0 0.5373
    outer loop
      vertex 3.27661 23.9 13.7057
      vertex 3.4641 27.9 14
      vertex 3.27661 27.9 13.7057
    endloop
  endfacet
  facet normal -0.843391 0 0.5373
    outer loop
      vertex 3.4641 27.9 14
      vertex 3.27661 23.9 13.7057
      vertex 3.4641 23.9 14
    endloop
  endfacet
  facet normal 0.999048 0 -0.0436188
    outer loop
      vertex -3.98478 23.9 16.3486
      vertex -4 27.9 16
      vertex -3.98478 27.9 16.3486
    endloop
  endfacet
  facet normal 0.999048 0 -0.0436188
    outer loop
      vertex -4 27.9 16
      vertex -3.98478 23.9 16.3486
      vertex -4 23.9 16
    endloop
  endfacet
  facet normal -0.843391 0 -0.5373
    outer loop
      vertex 3.4641 23.9 18
      vertex 3.27661 27.9 18.2943
      vertex 3.4641 27.9 18
    endloop
  endfacet
  facet normal -0.843391 -0 -0.5373
    outer loop
      vertex 3.27661 27.9 18.2943
      vertex 3.4641 23.9 18
      vertex 3.27661 23.9 18.2943
    endloop
  endfacet
  facet normal -0.923882 0 0.382677
    outer loop
      vertex 3.62523 23.9 14.3095
      vertex 3.75877 27.9 14.6319
      vertex 3.62523 27.9 14.3095
    endloop
  endfacet
  facet normal -0.923882 0 0.382677
    outer loop
      vertex 3.75877 27.9 14.6319
      vertex 3.62523 23.9 14.3095
      vertex 3.75877 23.9 14.6319
    endloop
  endfacet
  facet normal 0.675662 0 0.737211
    outer loop
      vertex -2.82843 27.9 13.1716
      vertex -2.57115 23.9 12.9358
      vertex -2.57115 27.9 12.9358
    endloop
  endfacet
  facet normal 0.675662 0 0.737211
    outer loop
      vertex -2.57115 23.9 12.9358
      vertex -2.82843 27.9 13.1716
      vertex -2.82843 23.9 13.1716
    endloop
  endfacet
  facet normal -0.608699 0 0.793401
    outer loop
      vertex 2.2943 27.9 12.7234
      vertex 2.57115 23.9 12.9358
      vertex 2.57115 27.9 12.9358
    endloop
  endfacet
  facet normal -0.608699 0 0.793401
    outer loop
      vertex 2.57115 23.9 12.9358
      vertex 2.2943 27.9 12.7234
      vertex 2.2943 23.9 12.7234
    endloop
  endfacet
  facet normal 0.843391 0 -0.5373
    outer loop
      vertex -3.27661 23.9 18.2943
      vertex -3.4641 27.9 18
      vertex -3.27661 27.9 18.2943
    endloop
  endfacet
  facet normal 0.843391 0 -0.5373
    outer loop
      vertex -3.4641 27.9 18
      vertex -3.27661 23.9 18.2943
      vertex -3.4641 23.9 18
    endloop
  endfacet
  facet normal -0.953718 0 -0.300702
    outer loop
      vertex 3.8637 23.9 17.0353
      vertex 3.75877 27.9 17.3681
      vertex 3.8637 27.9 17.0353
    endloop
  endfacet
  facet normal -0.953718 -0 -0.300702
    outer loop
      vertex 3.75877 27.9 17.3681
      vertex 3.8637 23.9 17.0353
      vertex 3.75877 23.9 17.3681
    endloop
  endfacet
  facet normal -0.923882 0 -0.382677
    outer loop
      vertex 3.75877 23.9 17.3681
      vertex 3.62523 27.9 17.6905
      vertex 3.75877 27.9 17.3681
    endloop
  endfacet
  facet normal -0.923882 -0 -0.382677
    outer loop
      vertex 3.62523 27.9 17.6905
      vertex 3.75877 23.9 17.3681
      vertex 3.62523 23.9 17.6905
    endloop
  endfacet
  facet normal -0.991446 0 -0.130521
    outer loop
      vertex 3.98478 23.9 16.3486
      vertex 3.93923 27.9 16.6946
      vertex 3.98478 27.9 16.3486
    endloop
  endfacet
  facet normal -0.991446 -0 -0.130521
    outer loop
      vertex 3.93923 27.9 16.6946
      vertex 3.98478 23.9 16.3486
      vertex 3.93923 23.9 16.6946
    endloop
  endfacet
  facet normal -0.793413 0 0.608684
    outer loop
      vertex 3.06418 23.9 13.4288
      vertex 3.27661 27.9 13.7057
      vertex 3.06418 27.9 13.4288
    endloop
  endfacet
  facet normal -0.793413 0 0.608684
    outer loop
      vertex 3.27661 27.9 13.7057
      vertex 3.06418 23.9 13.4288
      vertex 3.27661 23.9 13.7057
    endloop
  endfacet
  facet normal 0.53732 0 0.843378
    outer loop
      vertex -2.2943 27.9 12.7234
      vertex -2 23.9 12.5359
      vertex -2 27.9 12.5359
    endloop
  endfacet
  facet normal 0.53732 0 0.843378
    outer loop
      vertex -2 23.9 12.5359
      vertex -2.2943 27.9 12.7234
      vertex -2.2943 23.9 12.7234
    endloop
  endfacet
  facet normal -0.999048 0 -0.0436188
    outer loop
      vertex 4 23.9 16
      vertex 3.98478 27.9 16.3486
      vertex 4 27.9 16
    endloop
  endfacet
  facet normal -0.999048 -0 -0.0436188
    outer loop
      vertex 3.98478 27.9 16.3486
      vertex 4 23.9 16
      vertex 3.98478 23.9 16.3486
    endloop
  endfacet
  facet normal 0.675662 0 -0.737211
    outer loop
      vertex -2.82843 23.9 18.8284
      vertex -2.57115 27.9 19.0642
      vertex -2.57115 23.9 19.0642
    endloop
  endfacet
  facet normal 0.675662 0 -0.737211
    outer loop
      vertex -2.57115 27.9 19.0642
      vertex -2.82843 23.9 18.8284
      vertex -2.82843 27.9 18.8284
    endloop
  endfacet
  facet normal -0.53732 0 0.843378
    outer loop
      vertex 2 27.9 12.5359
      vertex 2.2943 23.9 12.7234
      vertex 2.2943 27.9 12.7234
    endloop
  endfacet
  facet normal -0.53732 0 0.843378
    outer loop
      vertex 2.2943 23.9 12.7234
      vertex 2 27.9 12.5359
      vertex 2 23.9 12.5359
    endloop
  endfacet
  facet normal 0.737309 0 -0.675556
    outer loop
      vertex -2.82843 23.9 18.8284
      vertex -3.06418 27.9 18.5711
      vertex -2.82843 27.9 18.8284
    endloop
  endfacet
  facet normal 0.737309 0 -0.675556
    outer loop
      vertex -3.06418 27.9 18.5711
      vertex -2.82843 23.9 18.8284
      vertex -3.06418 23.9 18.5711
    endloop
  endfacet
  facet normal -0.886994 0 0.461781
    outer loop
      vertex 3.4641 23.9 14
      vertex 3.62523 27.9 14.3095
      vertex 3.4641 27.9 14
    endloop
  endfacet
  facet normal -0.886994 0 0.461781
    outer loop
      vertex 3.62523 27.9 14.3095
      vertex 3.4641 23.9 14
      vertex 3.62523 23.9 14.3095
    endloop
  endfacet
  facet normal 0.53732 0 -0.843378
    outer loop
      vertex -2.2943 23.9 19.2766
      vertex -2 27.9 19.4641
      vertex -2 23.9 19.4641
    endloop
  endfacet
  facet normal 0.53732 0 -0.843378
    outer loop
      vertex -2 27.9 19.4641
      vertex -2.2943 23.9 19.2766
      vertex -2.2943 27.9 19.2766
    endloop
  endfacet
  facet normal -0.608699 0 -0.793401
    outer loop
      vertex 2.2943 23.9 19.2766
      vertex 2.57115 27.9 19.0642
      vertex 2.57115 23.9 19.0642
    endloop
  endfacet
  facet normal -0.608699 0 -0.793401
    outer loop
      vertex 2.57115 27.9 19.0642
      vertex 2.2943 23.9 19.2766
      vertex 2.2943 27.9 19.2766
    endloop
  endfacet
  facet normal 0.953718 -0 0.300702
    outer loop
      vertex -3.8637 23.9 14.9647
      vertex -3.75877 27.9 14.6319
      vertex -3.8637 27.9 14.9647
    endloop
  endfacet
  facet normal 0.953718 0 0.300702
    outer loop
      vertex -3.75877 27.9 14.6319
      vertex -3.8637 23.9 14.9647
      vertex -3.75877 23.9 14.6319
    endloop
  endfacet
  facet normal -0.53732 0 -0.843378
    outer loop
      vertex 2 23.9 19.4641
      vertex 2.2943 27.9 19.2766
      vertex 2.2943 23.9 19.2766
    endloop
  endfacet
  facet normal -0.53732 0 -0.843378
    outer loop
      vertex 2.2943 27.9 19.2766
      vertex 2 23.9 19.4641
      vertex 2 27.9 19.4641
    endloop
  endfacet
  facet normal 0.991446 0 -0.130521
    outer loop
      vertex -3.93923 23.9 16.6946
      vertex -3.98478 27.9 16.3486
      vertex -3.93923 27.9 16.6946
    endloop
  endfacet
  facet normal 0.991446 0 -0.130521
    outer loop
      vertex -3.98478 27.9 16.3486
      vertex -3.93923 23.9 16.6946
      vertex -3.98478 23.9 16.3486
    endloop
  endfacet
  facet normal 0.793413 -0 0.608684
    outer loop
      vertex -3.27661 23.9 13.7057
      vertex -3.06418 27.9 13.4288
      vertex -3.27661 27.9 13.7057
    endloop
  endfacet
  facet normal 0.793413 0 0.608684
    outer loop
      vertex -3.06418 27.9 13.4288
      vertex -3.27661 23.9 13.7057
      vertex -3.06418 23.9 13.4288
    endloop
  endfacet
  facet normal -0.675662 0 0.737211
    outer loop
      vertex 2.57115 27.9 12.9358
      vertex 2.82843 23.9 13.1716
      vertex 2.82843 27.9 13.1716
    endloop
  endfacet
  facet normal -0.675662 0 0.737211
    outer loop
      vertex 2.82843 23.9 13.1716
      vertex 2.57115 27.9 12.9358
      vertex 2.57115 23.9 12.9358
    endloop
  endfacet
  facet normal 0.886994 0 -0.461781
    outer loop
      vertex -3.4641 23.9 18
      vertex -3.62523 27.9 17.6905
      vertex -3.4641 27.9 18
    endloop
  endfacet
  facet normal 0.886994 0 -0.461781
    outer loop
      vertex -3.62523 27.9 17.6905
      vertex -3.4641 23.9 18
      vertex -3.62523 23.9 17.6905
    endloop
  endfacet
  facet normal 0.608699 0 -0.793401
    outer loop
      vertex -2.57115 23.9 19.0642
      vertex -2.2943 27.9 19.2766
      vertex -2.2943 23.9 19.2766
    endloop
  endfacet
  facet normal 0.608699 0 -0.793401
    outer loop
      vertex -2.2943 27.9 19.2766
      vertex -2.57115 23.9 19.0642
      vertex -2.57115 27.9 19.0642
    endloop
  endfacet
  facet normal 0.976297 0 -0.216436
    outer loop
      vertex -3.8637 23.9 17.0353
      vertex -3.93923 27.9 16.6946
      vertex -3.8637 27.9 17.0353
    endloop
  endfacet
  facet normal 0.976297 0 -0.216436
    outer loop
      vertex -3.93923 27.9 16.6946
      vertex -3.8637 23.9 17.0353
      vertex -3.93923 23.9 16.6946
    endloop
  endfacet
  facet normal -0.675662 0 -0.737211
    outer loop
      vertex 2.57115 23.9 19.0642
      vertex 2.82843 27.9 18.8284
      vertex 2.82843 23.9 18.8284
    endloop
  endfacet
  facet normal -0.675662 0 -0.737211
    outer loop
      vertex 2.82843 27.9 18.8284
      vertex 2.57115 23.9 19.0642
      vertex 2.57115 27.9 19.0642
    endloop
  endfacet
  facet normal 0.923882 -0 0.382677
    outer loop
      vertex -3.75877 23.9 14.6319
      vertex -3.62523 27.9 14.3095
      vertex -3.75877 27.9 14.6319
    endloop
  endfacet
  facet normal 0.923882 0 0.382677
    outer loop
      vertex -3.62523 27.9 14.3095
      vertex -3.75877 23.9 14.6319
      vertex -3.62523 23.9 14.3095
    endloop
  endfacet
  facet normal 0.953718 0 -0.300702
    outer loop
      vertex -3.75877 23.9 17.3681
      vertex -3.8637 27.9 17.0353
      vertex -3.75877 27.9 17.3681
    endloop
  endfacet
  facet normal 0.953718 0 -0.300702
    outer loop
      vertex -3.8637 27.9 17.0353
      vertex -3.75877 23.9 17.3681
      vertex -3.8637 23.9 17.0353
    endloop
  endfacet
  facet normal 0.843391 -0 0.5373
    outer loop
      vertex -3.4641 23.9 14
      vertex -3.27661 27.9 13.7057
      vertex -3.4641 27.9 14
    endloop
  endfacet
  facet normal 0.843391 0 0.5373
    outer loop
      vertex -3.27661 27.9 13.7057
      vertex -3.4641 23.9 14
      vertex -3.27661 23.9 13.7057
    endloop
  endfacet
  facet normal 0 -0.600002 -0.799999
    outer loop
      vertex -2 19.5637 8.25224
      vertex 2 23.9 5
      vertex 2 19.5637 8.25224
    endloop
  endfacet
  facet normal -0 -0.600002 -0.799999
    outer loop
      vertex 2 23.9 5
      vertex -2 19.5637 8.25224
      vertex -2 23.9 5
    endloop
  endfacet
  facet normal 0 1 -0
    outer loop
      vertex 2 23.9 5
      vertex -2 23.9 11
      vertex 2 23.9 11
    endloop
  endfacet
  facet normal 0 1 0
    outer loop
      vertex -2 23.9 11
      vertex 2 23.9 5
      vertex -2 23.9 5
    endloop
  endfacet
  facet normal 0 -0.599981 0.800014
    outer loop
      vertex -2 23.9 27
      vertex 2 23.2333 26.5
      vertex 2 23.9 27
    endloop
  endfacet
  facet normal 0 -0.599981 0.800014
    outer loop
      vertex 2 23.2333 26.5
      vertex -2 23.9 27
      vertex -2 23.2333 26.5
    endloop
  endfacet
  facet normal -1.90564e-05 -0.600002 0.799999
    outer loop
      vertex 2 22.6169 26.0377
      vertex 1.5 19.1 23.4
      vertex 2 15.9 21
    endloop
  endfacet
  facet normal 0 -0.600004 0.799997
    outer loop
      vertex 2 22.6169 26.0377
      vertex -1.5 19.1 23.4
      vertex 1.5 19.1 23.4
    endloop
  endfacet
  facet normal 0 -0.600004 0.799997
    outer loop
      vertex -2 22.6169 26.0377
      vertex -1.5 19.1 23.4
      vertex 2 22.6169 26.0377
    endloop
  endfacet
  facet normal 1.90564e-05 -0.600002 0.799999
    outer loop
      vertex -2 15.9 21
      vertex -1.5 19.1 23.4
      vertex -2 22.6169 26.0377
    endloop
  endfacet
  facet normal 0 -0.6 0.8
    outer loop
      vertex -1.5 19.1 23.4
      vertex -2 15.9 21
      vertex -1.5 15.9 21
    endloop
  endfacet
  facet normal 0 -0.6 0.8
    outer loop
      vertex 2 15.9 21
      vertex 1.5 19.1 23.4
      vertex 1.5 15.9 21
    endloop
  endfacet
  facet normal 0 1 -0
    outer loop
      vertex 2 23.9 26.5
      vertex -2 23.9 27
      vertex 2 23.9 27
    endloop
  endfacet
  facet normal 0 1 0
    outer loop
      vertex -2 23.9 27
      vertex 2 23.9 26.5
      vertex -2 23.9 26.5
    endloop
  endfacet
  facet normal 6.45273e-05 -0.852838 0.522176
    outer loop
      vertex -2 3 -6
      vertex -1.43259 4 -4.36683
      vertex -1.5 3.97851 -4.40192
    endloop
  endfacet
  facet normal 0 -0.852828 0.522192
    outer loop
      vertex -1.43259 4 -4.36683
      vertex -2 3 -6
      vertex 1.43259 4 -4.36683
    endloop
  endfacet
  facet normal -1.02309e-05 -0.852828 0.522193
    outer loop
      vertex -2 3 -6
      vertex -1.5 3.97851 -4.40192
      vertex -1.72073 3.89241 -4.54254
    endloop
  endfacet
  facet normal 0 -0.852828 0.522192
    outer loop
      vertex 2 3 -6
      vertex 1.43259 4 -4.36683
      vertex -2 3 -6
    endloop
  endfacet
  facet normal -4.11759e-05 -0.852825 0.522197
    outer loop
      vertex -2 3 -6
      vertex -1.72073 3.89241 -4.54254
      vertex -1.92836 3.79486 -4.70187
    endloop
  endfacet
  facet normal -6.45273e-05 -0.852838 0.522176
    outer loop
      vertex 1.43259 4 -4.36683
      vertex 2 3 -6
      vertex 1.5 3.97851 -4.40192
    endloop
  endfacet
  facet normal 9.86703e-05 -0.852828 0.522191
    outer loop
      vertex -2 3 -6
      vertex -1.92836 3.79486 -4.70187
      vertex -2 3.75466 -4.76751
    endloop
  endfacet
  facet normal 1.02309e-05 -0.852828 0.522193
    outer loop
      vertex 1.5 3.97851 -4.40192
      vertex 2 3 -6
      vertex 1.72073 3.89241 -4.54254
    endloop
  endfacet
  facet normal 4.11759e-05 -0.852825 0.522197
    outer loop
      vertex 1.72073 3.89241 -4.54254
      vertex 2 3 -6
      vertex 1.92836 3.79486 -4.70187
    endloop
  endfacet
  facet normal -9.86703e-05 -0.852828 0.522191
    outer loop
      vertex 1.92836 3.79486 -4.70187
      vertex 2 3 -6
      vertex 2 3.75466 -4.76751
    endloop
  endfacet
  facet normal 0 -0.852803 0.522233
    outer loop
      vertex -2 22.6169 26.0377
      vertex 2 22.9 26.5
      vertex -2 22.9 26.5
    endloop
  endfacet
  facet normal 0 -0.852803 0.522233
    outer loop
      vertex 2 22.9 26.5
      vertex -2 22.6169 26.0377
      vertex 2 22.6169 26.0377
    endloop
  endfacet
  facet normal 0 -0.852829 0.522191
    outer loop
      vertex -2 8 2.16583
      vertex -1.5 13.4092 11
      vertex -2 13.4092 11
    endloop
  endfacet
  facet normal 0 -0.852829 0.522191
    outer loop
      vertex -1.5 13.4092 11
      vertex -2 8 2.16583
      vertex -1.5 8 2.16583
    endloop
  endfacet
  facet normal 0 -0.852829 0.522191
    outer loop
      vertex 1.5 8 2.16583
      vertex 2 13.4092 11
      vertex 1.5 13.4092 11
    endloop
  endfacet
  facet normal 0 -0.852829 0.522191
    outer loop
      vertex 2 13.4092 11
      vertex 1.5 8 2.16583
      vertex 2 8 2.16583
    endloop
  endfacet
  facet normal 0 -1 0
    outer loop
      vertex -2 3 -9
      vertex 2 3 -6
      vertex -2 3 -6
    endloop
  endfacet
  facet normal 0 -1 -0
    outer loop
      vertex 2 3 -6
      vertex -2 3 -9
      vertex 2 3 -9
    endloop
  endfacet
  facet normal 0 0.852832 -0.522185
    outer loop
      vertex 2 27.9 21.8668
      vertex -2 28.9 23.5
      vertex 2 28.9 23.5
    endloop
  endfacet
  facet normal 0 0.852832 -0.522185
    outer loop
      vertex -2 28.9 23.5
      vertex 2 27.9 21.8668
      vertex -2 27.9 21.8668
    endloop
  endfacet
  facet normal 0 0.852827 -0.522194
    outer loop
      vertex 2 9 -9
      vertex -2 19.5637 8.25224
      vertex 2 19.5637 8.25224
    endloop
  endfacet
  facet normal 0 0.852827 -0.522194
    outer loop
      vertex -2 19.5637 8.25224
      vertex 2 9 -9
      vertex -2 9 -9
    endloop
  endfacet
  facet normal 0 1 -0
    outer loop
      vertex 2 28.9 23.5
      vertex -2 28.9 26.5
      vertex 2 28.9 26.5
    endloop
  endfacet
  facet normal 0 1 0
    outer loop
      vertex -2 28.9 26.5
      vertex 2 28.9 23.5
      vertex -2 28.9 23.5
    endloop
  endfacet
  facet normal 0 0 -1
    outer loop
      vertex -2 8 -9
      vertex 2 9 -9
      vertex 2 8 -9
    endloop
  endfacet
  facet normal -0 0 -1
    outer loop
      vertex 2 9 -9
      vertex -2 8 -9
      vertex -2 9 -9
    endloop
  endfacet
  facet normal 0 0 -1
    outer loop
      vertex -2 3 -9
      vertex 2 4 -9
      vertex 2 3 -9
    endloop
  endfacet
  facet normal -0 0 -1
    outer loop
      vertex 2 4 -9
      vertex -2 3 -9
      vertex -2 4 -9
    endloop
  endfacet
  facet normal -0 0 1
    outer loop
      vertex -2 23.2333 26.5
      vertex 2 22.9 26.5
      vertex 2 23.2333 26.5
    endloop
  endfacet
  facet normal 0 0 1
    outer loop
      vertex 2 22.9 26.5
      vertex -2 23.2333 26.5
      vertex -2 22.9 26.5
    endloop
  endfacet
  facet normal -0 0 1
    outer loop
      vertex -2 28.9 26.5
      vertex 2 27.9 26.5
      vertex 2 28.9 26.5
    endloop
  endfacet
  facet normal 0 0 1
    outer loop
      vertex 2 27.9 26.5
      vertex -2 28.9 26.5
      vertex -2 27.9 26.5
    endloop
  endfacet
endsolid OpenSCAD_Model
