solid OpenSCAD_Model
  facet normal -0.737283 0 0.675584
    outer loop
      vertex 1.20208 0 -8.20208
      vertex 1.30227 2 -8.09274
      vertex 1.20208 2 -8.20208
    endloop
  endfacet
  facet normal -0.737283 0 0.675584
    outer loop
      vertex 1.30227 2 -8.09274
      vertex 1.20208 0 -8.20208
      vertex 1.30227 0 -8.09274
    endloop
  endfacet
  facet normal -0.461751 0 0.88701
    outer loop
      vertex 0.718451 2 -8.54072
      vertex 0.849999 0 -8.47224
      vertex 0.849999 2 -8.47224
    endloop
  endfacet
  facet normal -0.461751 0 0.88701
    outer loop
      vertex 0.849999 0 -8.47224
      vertex 0.718451 2 -8.54072
      vertex 0.718451 0 -8.54072
    endloop
  endfacet
  facet normal -0.608746 0 -0.793365
    outer loop
      vertex 0.97508 0 -5.60744
      vertex 1.09274 2 -5.69772
      vertex 1.09274 0 -5.69772
    endloop
  endfacet
  facet normal -0.608746 0 -0.793365
    outer loop
      vertex 1.09274 2 -5.69772
      vertex 0.97508 0 -5.60744
      vertex 0.97508 2 -5.60744
    endloop
  endfacet
  facet normal 0.953728 0 -0.30067
    outer loop
      vertex -1.59748 0 -6.41857
      vertex -1.64207 2 -6.56001
      vertex -1.59748 2 -6.41857
    endloop
  endfacet
  facet normal 0.953728 0 -0.30067
    outer loop
      vertex -1.64207 2 -6.56001
      vertex -1.59748 0 -6.41857
      vertex -1.64207 0 -6.56001
    endloop
  endfacet
  facet normal 0.043626 0 0.999048
    outer loop
      vertex -0.148165 2 -8.69353
      vertex 0 0 -8.7
      vertex 0 2 -8.7
    endloop
  endfacet
  facet normal 0.043626 0 0.999048
    outer loop
      vertex 0 0 -8.7
      vertex -0.148165 2 -8.69353
      vertex -0.148165 0 -8.69353
    endloop
  endfacet
  facet normal 0.675621 0 -0.737249
    outer loop
      vertex -1.20208 0 -5.79792
      vertex -1.09274 2 -5.69772
      vertex -1.09274 0 -5.69772
    endloop
  endfacet
  facet normal 0.675621 0 -0.737249
    outer loop
      vertex -1.09274 2 -5.69772
      vertex -1.20208 0 -5.79792
      vertex -1.20208 2 -5.79792
    endloop
  endfacet
  facet normal 0.537274 0 -0.843408
    outer loop
      vertex -0.97508 0 -5.60744
      vertex -0.849999 2 -5.52776
      vertex -0.849999 0 -5.52776
    endloop
  endfacet
  facet normal 0.537274 0 -0.843408
    outer loop
      vertex -0.849999 2 -5.52776
      vertex -0.97508 0 -5.60744
      vertex -0.97508 2 -5.60744
    endloop
  endfacet
  facet normal 0.999048 0 -0.0436245
    outer loop
      vertex -1.69353 0 -6.85183
      vertex -1.7 2 -7
      vertex -1.69353 2 -6.85183
    endloop
  endfacet
  facet normal 0.999048 0 -0.0436245
    outer loop
      vertex -1.7 2 -7
      vertex -1.69353 0 -6.85183
      vertex -1.7 0 -7
    endloop
  endfacet
  facet normal -0.382714 0 0.923867
    outer loop
      vertex 0.581433 2 -8.59748
      vertex 0.718451 0 -8.54072
      vertex 0.718451 2 -8.54072
    endloop
  endfacet
  facet normal -0.382714 0 0.923867
    outer loop
      vertex 0.718451 0 -8.54072
      vertex 0.581433 2 -8.59748
      vertex 0.581433 0 -8.59748
    endloop
  endfacet
  facet normal -0.843406 0 -0.537277
    outer loop
      vertex 1.47224 0 -6.15
      vertex 1.39256 2 -6.02492
      vertex 1.47224 2 -6.15
    endloop
  endfacet
  facet normal -0.843406 -0 -0.537277
    outer loop
      vertex 1.39256 2 -6.02492
      vertex 1.47224 0 -6.15
      vertex 1.39256 0 -6.02492
    endloop
  endfacet
  facet normal 0.887012 0 -0.461745
    outer loop
      vertex -1.47224 0 -6.15
      vertex -1.54072 2 -6.28155
      vertex -1.47224 2 -6.15
    endloop
  endfacet
  facet normal 0.887012 0 -0.461745
    outer loop
      vertex -1.54072 2 -6.28155
      vertex -1.47224 0 -6.15
      vertex -1.54072 0 -6.28155
    endloop
  endfacet
  facet normal 0.461751 0 -0.88701
    outer loop
      vertex -0.849999 0 -5.52776
      vertex -0.718451 2 -5.45928
      vertex -0.718451 0 -5.45928
    endloop
  endfacet
  facet normal 0.461751 0 -0.88701
    outer loop
      vertex -0.718451 2 -5.45928
      vertex -0.849999 0 -5.52776
      vertex -0.849999 2 -5.52776
    endloop
  endfacet
  facet normal -0.923869 0 0.382709
    outer loop
      vertex 1.54072 0 -7.71845
      vertex 1.59748 2 -7.58143
      vertex 1.54072 2 -7.71845
    endloop
  endfacet
  facet normal -0.923869 0 0.382709
    outer loop
      vertex 1.59748 2 -7.58143
      vertex 1.54072 0 -7.71845
      vertex 1.59748 0 -7.58143
    endloop
  endfacet
  facet normal 0.216444 0 -0.976295
    outer loop
      vertex -0.439992 0 -5.35793
      vertex -0.295201 2 -5.32583
      vertex -0.295201 0 -5.32583
    endloop
  endfacet
  facet normal 0.216444 0 -0.976295
    outer loop
      vertex -0.295201 2 -5.32583
      vertex -0.439992 0 -5.35793
      vertex -0.439992 2 -5.35793
    endloop
  endfacet
  facet normal 0.923869 0 -0.382709
    outer loop
      vertex -1.54072 0 -6.28155
      vertex -1.59748 2 -6.41857
      vertex -1.54072 2 -6.28155
    endloop
  endfacet
  facet normal 0.923869 0 -0.382709
    outer loop
      vertex -1.59748 2 -6.41857
      vertex -1.54072 0 -6.28155
      vertex -1.59748 0 -6.41857
    endloop
  endfacet
  facet normal -0.953728 0 0.30067
    outer loop
      vertex 1.59748 0 -7.58143
      vertex 1.64207 2 -7.43999
      vertex 1.59748 2 -7.58143
    endloop
  endfacet
  facet normal -0.953728 0 0.30067
    outer loop
      vertex 1.64207 2 -7.43999
      vertex 1.59748 0 -7.58143
      vertex 1.64207 0 -7.43999
    endloop
  endfacet
  facet normal 0.461751 0 0.88701
    outer loop
      vertex -0.849999 2 -8.47224
      vertex -0.718451 0 -8.54072
      vertex -0.718451 2 -8.54072
    endloop
  endfacet
  facet normal 0.461751 0 0.88701
    outer loop
      vertex -0.718451 0 -8.54072
      vertex -0.849999 2 -8.47224
      vertex -0.849999 0 -8.47224
    endloop
  endfacet
  facet normal 0.300668 0 0.953729
    outer loop
      vertex -0.581433 2 -8.59748
      vertex -0.439992 0 -8.64207
      vertex -0.439992 2 -8.64207
    endloop
  endfacet
  facet normal 0.300668 0 0.953729
    outer loop
      vertex -0.439992 0 -8.64207
      vertex -0.581433 2 -8.59748
      vertex -0.581433 0 -8.59748
    endloop
  endfacet
  facet normal -0.887012 0 -0.461745
    outer loop
      vertex 1.54072 0 -6.28155
      vertex 1.47224 2 -6.15
      vertex 1.54072 2 -6.28155
    endloop
  endfacet
  facet normal -0.887012 -0 -0.461745
    outer loop
      vertex 1.47224 2 -6.15
      vertex 1.54072 0 -6.28155
      vertex 1.47224 0 -6.15
    endloop
  endfacet
  facet normal -0.991443 0 0.130538
    outer loop
      vertex 1.67417 0 -7.2952
      vertex 1.69353 2 -7.14816
      vertex 1.67417 2 -7.2952
    endloop
  endfacet
  facet normal -0.991443 0 0.130538
    outer loop
      vertex 1.69353 2 -7.14816
      vertex 1.67417 0 -7.2952
      vertex 1.69353 0 -7.14816
    endloop
  endfacet
  facet normal -0.887012 0 0.461745
    outer loop
      vertex 1.47224 0 -7.85
      vertex 1.54072 2 -7.71845
      vertex 1.47224 2 -7.85
    endloop
  endfacet
  facet normal -0.887012 0 0.461745
    outer loop
      vertex 1.54072 2 -7.71845
      vertex 1.47224 0 -7.85
      vertex 1.54072 0 -7.71845
    endloop
  endfacet
  facet normal 0.976295 0 -0.216445
    outer loop
      vertex -1.64207 0 -6.56001
      vertex -1.67417 2 -6.7048
      vertex -1.64207 2 -6.56001
    endloop
  endfacet
  facet normal 0.976295 0 -0.216445
    outer loop
      vertex -1.67417 2 -6.7048
      vertex -1.64207 0 -6.56001
      vertex -1.67417 0 -6.7048
    endloop
  endfacet
  facet normal -0.130542 0 -0.991443
    outer loop
      vertex 0.148165 0 -5.30647
      vertex 0.295201 2 -5.32583
      vertex 0.295201 0 -5.32583
    endloop
  endfacet
  facet normal -0.130542 0 -0.991443
    outer loop
      vertex 0.295201 2 -5.32583
      vertex 0.148165 0 -5.30647
      vertex 0.148165 2 -5.30647
    endloop
  endfacet
  facet normal -0.991442 0 -0.130547
    outer loop
      vertex 1.69353 0 -6.85183
      vertex 1.67417 2 -6.7048
      vertex 1.69353 2 -6.85183
    endloop
  endfacet
  facet normal -0.991442 -0 -0.130547
    outer loop
      vertex 1.67417 2 -6.7048
      vertex 1.69353 0 -6.85183
      vertex 1.67417 0 -6.7048
    endloop
  endfacet
  facet normal -0.999048 0 0.0436274
    outer loop
      vertex 1.69353 0 -7.14816
      vertex 1.7 2 -7
      vertex 1.69353 2 -7.14816
    endloop
  endfacet
  facet normal -0.999048 0 0.0436274
    outer loop
      vertex 1.7 2 -7
      vertex 1.69353 0 -7.14816
      vertex 1.7 0 -7
    endloop
  endfacet
  facet normal -0.793333 0 -0.608788
    outer loop
      vertex 1.39256 0 -6.02492
      vertex 1.30227 2 -5.90726
      vertex 1.39256 2 -6.02492
    endloop
  endfacet
  facet normal -0.793333 -0 -0.608788
    outer loop
      vertex 1.30227 2 -5.90726
      vertex 1.39256 0 -6.02492
      vertex 1.30227 0 -5.90726
    endloop
  endfacet
  facet normal -0.793333 0 0.608788
    outer loop
      vertex 1.30227 0 -8.09274
      vertex 1.39256 2 -7.97508
      vertex 1.30227 2 -8.09274
    endloop
  endfacet
  facet normal -0.793333 0 0.608788
    outer loop
      vertex 1.39256 2 -7.97508
      vertex 1.30227 0 -8.09274
      vertex 1.39256 0 -7.97508
    endloop
  endfacet
  facet normal -0.300668 0 0.953729
    outer loop
      vertex 0.439992 2 -8.64207
      vertex 0.581433 0 -8.59748
      vertex 0.581433 2 -8.59748
    endloop
  endfacet
  facet normal -0.300668 0 0.953729
    outer loop
      vertex 0.581433 0 -8.59748
      vertex 0.439992 2 -8.64207
      vertex 0.439992 0 -8.64207
    endloop
  endfacet
  facet normal 0.130542 0 0.991443
    outer loop
      vertex -0.295201 2 -8.67417
      vertex -0.148165 0 -8.69353
      vertex -0.148165 2 -8.69353
    endloop
  endfacet
  facet normal 0.130542 0 0.991443
    outer loop
      vertex -0.148165 0 -8.69353
      vertex -0.295201 2 -8.67417
      vertex -0.295201 0 -8.67417
    endloop
  endfacet
  facet normal -0.999048 0 -0.0436245
    outer loop
      vertex 1.7 0 -7
      vertex 1.69353 2 -6.85183
      vertex 1.7 2 -7
    endloop
  endfacet
  facet normal -0.999048 -0 -0.0436245
    outer loop
      vertex 1.69353 2 -6.85183
      vertex 1.7 0 -7
      vertex 1.69353 0 -6.85183
    endloop
  endfacet
  facet normal -0.675584 0 0.737283
    outer loop
      vertex 1.09274 2 -8.30227
      vertex 1.20208 0 -8.20208
      vertex 1.20208 2 -8.20208
    endloop
  endfacet
  facet normal -0.675584 0 0.737283
    outer loop
      vertex 1.20208 0 -8.20208
      vertex 1.09274 2 -8.30227
      vertex 1.09274 0 -8.30227
    endloop
  endfacet
  facet normal 0.991442 0 -0.130547
    outer loop
      vertex -1.67417 0 -6.7048
      vertex -1.69353 2 -6.85183
      vertex -1.67417 2 -6.7048
    endloop
  endfacet
  facet normal 0.991442 0 -0.130547
    outer loop
      vertex -1.69353 2 -6.85183
      vertex -1.67417 0 -6.7048
      vertex -1.69353 0 -6.85183
    endloop
  endfacet
  facet normal 0.887012 -0 0.461745
    outer loop
      vertex -1.54072 0 -7.71845
      vertex -1.47224 2 -7.85
      vertex -1.54072 2 -7.71845
    endloop
  endfacet
  facet normal 0.887012 0 0.461745
    outer loop
      vertex -1.47224 2 -7.85
      vertex -1.54072 0 -7.71845
      vertex -1.47224 0 -7.85
    endloop
  endfacet
  facet normal -0.976295 0 0.216445
    outer loop
      vertex 1.64207 0 -7.43999
      vertex 1.67417 2 -7.2952
      vertex 1.64207 2 -7.43999
    endloop
  endfacet
  facet normal -0.976295 0 0.216445
    outer loop
      vertex 1.67417 2 -7.2952
      vertex 1.64207 0 -7.43999
      vertex 1.67417 0 -7.2952
    endloop
  endfacet
  facet normal -0.923869 0 -0.382709
    outer loop
      vertex 1.59748 0 -6.41857
      vertex 1.54072 2 -6.28155
      vertex 1.59748 2 -6.41857
    endloop
  endfacet
  facet normal -0.923869 -0 -0.382709
    outer loop
      vertex 1.54072 2 -6.28155
      vertex 1.59748 0 -6.41857
      vertex 1.54072 0 -6.28155
    endloop
  endfacet
  facet normal 0.737283 -0 0.675584
    outer loop
      vertex -1.30227 0 -8.09274
      vertex -1.20208 2 -8.20208
      vertex -1.30227 2 -8.09274
    endloop
  endfacet
  facet normal 0.737283 0 0.675584
    outer loop
      vertex -1.20208 2 -8.20208
      vertex -1.30227 0 -8.09274
      vertex -1.20208 0 -8.20208
    endloop
  endfacet
  facet normal -0.461751 0 -0.88701
    outer loop
      vertex 0.718451 0 -5.45928
      vertex 0.849999 2 -5.52776
      vertex 0.849999 0 -5.52776
    endloop
  endfacet
  facet normal -0.461751 0 -0.88701
    outer loop
      vertex 0.849999 2 -5.52776
      vertex 0.718451 0 -5.45928
      vertex 0.718451 2 -5.45928
    endloop
  endfacet
  facet normal 0.043626 0 -0.999048
    outer loop
      vertex -0.148165 0 -5.30647
      vertex 0 2 -5.3
      vertex 0 0 -5.3
    endloop
  endfacet
  facet normal 0.043626 0 -0.999048
    outer loop
      vertex 0 2 -5.3
      vertex -0.148165 0 -5.30647
      vertex -0.148165 2 -5.30647
    endloop
  endfacet
  facet normal -0.382714 0 -0.923867
    outer loop
      vertex 0.581433 0 -5.40252
      vertex 0.718451 2 -5.45928
      vertex 0.718451 0 -5.45928
    endloop
  endfacet
  facet normal -0.382714 0 -0.923867
    outer loop
      vertex 0.718451 2 -5.45928
      vertex 0.581433 0 -5.40252
      vertex 0.581433 2 -5.40252
    endloop
  endfacet
  facet normal 0.953728 -0 0.30067
    outer loop
      vertex -1.64207 0 -7.43999
      vertex -1.59748 2 -7.58143
      vertex -1.64207 2 -7.43999
    endloop
  endfacet
  facet normal 0.953728 0 0.30067
    outer loop
      vertex -1.59748 2 -7.58143
      vertex -1.64207 0 -7.43999
      vertex -1.59748 0 -7.58143
    endloop
  endfacet
  facet normal -0.043626 0 0.999048
    outer loop
      vertex 0 2 -8.7
      vertex 0.148165 0 -8.69353
      vertex 0.148165 2 -8.69353
    endloop
  endfacet
  facet normal -0.043626 0 0.999048
    outer loop
      vertex 0.148165 0 -8.69353
      vertex 0 2 -8.7
      vertex 0 0 -8.7
    endloop
  endfacet
  facet normal 0.300668 0 -0.953729
    outer loop
      vertex -0.581433 0 -5.40252
      vertex -0.439992 2 -5.35793
      vertex -0.439992 0 -5.35793
    endloop
  endfacet
  facet normal 0.300668 0 -0.953729
    outer loop
      vertex -0.439992 2 -5.35793
      vertex -0.581433 0 -5.40252
      vertex -0.581433 2 -5.40252
    endloop
  endfacet
  facet normal 0.923869 -0 0.382709
    outer loop
      vertex -1.59748 0 -7.58143
      vertex -1.54072 2 -7.71845
      vertex -1.59748 2 -7.58143
    endloop
  endfacet
  facet normal 0.923869 0 0.382709
    outer loop
      vertex -1.54072 2 -7.71845
      vertex -1.59748 0 -7.58143
      vertex -1.54072 0 -7.71845
    endloop
  endfacet
  facet normal -0.537274 0 -0.843408
    outer loop
      vertex 0.849999 0 -5.52776
      vertex 0.97508 2 -5.60744
      vertex 0.97508 0 -5.60744
    endloop
  endfacet
  facet normal -0.537274 0 -0.843408
    outer loop
      vertex 0.97508 2 -5.60744
      vertex 0.849999 0 -5.52776
      vertex 0.849999 2 -5.52776
    endloop
  endfacet
  facet normal -0.537274 0 0.843408
    outer loop
      vertex 0.849999 2 -8.47224
      vertex 0.97508 0 -8.39256
      vertex 0.97508 2 -8.39256
    endloop
  endfacet
  facet normal -0.537274 0 0.843408
    outer loop
      vertex 0.97508 0 -8.39256
      vertex 0.849999 2 -8.47224
      vertex 0.849999 0 -8.47224
    endloop
  endfacet
  facet normal 0.216444 0 0.976295
    outer loop
      vertex -0.439992 2 -8.64207
      vertex -0.295201 0 -8.67417
      vertex -0.295201 2 -8.67417
    endloop
  endfacet
  facet normal 0.216444 0 0.976295
    outer loop
      vertex -0.295201 0 -8.67417
      vertex -0.439992 2 -8.64207
      vertex -0.439992 0 -8.64207
    endloop
  endfacet
  facet normal 0.793333 0 -0.608788
    outer loop
      vertex -1.30227 0 -5.90726
      vertex -1.39256 2 -6.02492
      vertex -1.30227 2 -5.90726
    endloop
  endfacet
  facet normal 0.793333 0 -0.608788
    outer loop
      vertex -1.39256 2 -6.02492
      vertex -1.30227 0 -5.90726
      vertex -1.39256 0 -6.02492
    endloop
  endfacet
  facet normal -0.043626 0 -0.999048
    outer loop
      vertex 0 0 -5.3
      vertex 0.148165 2 -5.30647
      vertex 0.148165 0 -5.30647
    endloop
  endfacet
  facet normal -0.043626 0 -0.999048
    outer loop
      vertex 0.148165 2 -5.30647
      vertex 0 0 -5.3
      vertex 0 2 -5.3
    endloop
  endfacet
  facet normal -0.976295 0 -0.216445
    outer loop
      vertex 1.67417 0 -6.7048
      vertex 1.64207 2 -6.56001
      vertex 1.67417 2 -6.7048
    endloop
  endfacet
  facet normal -0.976295 -0 -0.216445
    outer loop
      vertex 1.64207 2 -6.56001
      vertex 1.67417 0 -6.7048
      vertex 1.64207 0 -6.56001
    endloop
  endfacet
  facet normal -0.953728 0 -0.30067
    outer loop
      vertex 1.64207 0 -6.56001
      vertex 1.59748 2 -6.41857
      vertex 1.64207 2 -6.56001
    endloop
  endfacet
  facet normal -0.953728 -0 -0.30067
    outer loop
      vertex 1.59748 2 -6.41857
      vertex 1.64207 0 -6.56001
      vertex 1.59748 0 -6.41857
    endloop
  endfacet
  facet normal 0.991443 -0 0.130538
    outer loop
      vertex -1.69353 0 -7.14816
      vertex -1.67417 2 -7.2952
      vertex -1.69353 2 -7.14816
    endloop
  endfacet
  facet normal 0.991443 0 0.130538
    outer loop
      vertex -1.67417 2 -7.2952
      vertex -1.69353 0 -7.14816
      vertex -1.67417 0 -7.2952
    endloop
  endfacet
  facet normal -0.608788 0 0.793333
    outer loop
      vertex 0.97508 2 -8.39256
      vertex 1.09274 0 -8.30227
      vertex 1.09274 2 -8.30227
    endloop
  endfacet
  facet normal -0.608788 0 0.793333
    outer loop
      vertex 1.09274 0 -8.30227
      vertex 0.97508 2 -8.39256
      vertex 0.97508 0 -8.39256
    endloop
  endfacet
  facet normal 0.608746 0 -0.793365
    outer loop
      vertex -1.09274 0 -5.69772
      vertex -0.97508 2 -5.60744
      vertex -0.97508 0 -5.60744
    endloop
  endfacet
  facet normal 0.608746 0 -0.793365
    outer loop
      vertex -0.97508 2 -5.60744
      vertex -1.09274 0 -5.69772
      vertex -1.09274 2 -5.69772
    endloop
  endfacet
  facet normal 0.537274 0 0.843408
    outer loop
      vertex -0.97508 2 -8.39256
      vertex -0.849999 0 -8.47224
      vertex -0.849999 2 -8.47224
    endloop
  endfacet
  facet normal 0.537274 0 0.843408
    outer loop
      vertex -0.849999 0 -8.47224
      vertex -0.97508 2 -8.39256
      vertex -0.97508 0 -8.39256
    endloop
  endfacet
  facet normal -0.843406 0 0.537277
    outer loop
      vertex 1.39256 0 -7.97508
      vertex 1.47224 2 -7.85
      vertex 1.39256 2 -7.97508
    endloop
  endfacet
  facet normal -0.843406 0 0.537277
    outer loop
      vertex 1.47224 2 -7.85
      vertex 1.39256 0 -7.97508
      vertex 1.47224 0 -7.85
    endloop
  endfacet
  facet normal 0.999048 -0 0.0436274
    outer loop
      vertex -1.7 0 -7
      vertex -1.69353 2 -7.14816
      vertex -1.7 2 -7
    endloop
  endfacet
  facet normal 0.999048 0 0.0436274
    outer loop
      vertex -1.69353 2 -7.14816
      vertex -1.7 0 -7
      vertex -1.69353 0 -7.14816
    endloop
  endfacet
  facet normal 0.976295 -0 0.216445
    outer loop
      vertex -1.67417 0 -7.2952
      vertex -1.64207 2 -7.43999
      vertex -1.67417 2 -7.2952
    endloop
  endfacet
  facet normal 0.976295 0 0.216445
    outer loop
      vertex -1.64207 2 -7.43999
      vertex -1.67417 0 -7.2952
      vertex -1.64207 0 -7.43999
    endloop
  endfacet
  facet normal 0.737283 0 -0.675584
    outer loop
      vertex -1.20208 0 -5.79792
      vertex -1.30227 2 -5.90726
      vertex -1.20208 2 -5.79792
    endloop
  endfacet
  facet normal 0.737283 0 -0.675584
    outer loop
      vertex -1.30227 2 -5.90726
      vertex -1.20208 0 -5.79792
      vertex -1.30227 0 -5.90726
    endloop
  endfacet
  facet normal 0.793333 -0 0.608788
    outer loop
      vertex -1.39256 0 -7.97508
      vertex -1.30227 2 -8.09274
      vertex -1.39256 2 -7.97508
    endloop
  endfacet
  facet normal 0.793333 0 0.608788
    outer loop
      vertex -1.30227 2 -8.09274
      vertex -1.39256 0 -7.97508
      vertex -1.30227 0 -8.09274
    endloop
  endfacet
  facet normal -0.216444 0 0.976295
    outer loop
      vertex 0.295201 2 -8.67417
      vertex 0.439992 0 -8.64207
      vertex 0.439992 2 -8.64207
    endloop
  endfacet
  facet normal -0.216444 0 0.976295
    outer loop
      vertex 0.439992 0 -8.64207
      vertex 0.295201 2 -8.67417
      vertex 0.295201 0 -8.67417
    endloop
  endfacet
  facet normal 0.843406 -0 0.537277
    outer loop
      vertex -1.47224 0 -7.85
      vertex -1.39256 2 -7.97508
      vertex -1.47224 2 -7.85
    endloop
  endfacet
  facet normal 0.843406 0 0.537277
    outer loop
      vertex -1.39256 2 -7.97508
      vertex -1.47224 0 -7.85
      vertex -1.39256 0 -7.97508
    endloop
  endfacet
  facet normal 0.130542 0 -0.991443
    outer loop
      vertex -0.295201 0 -5.32583
      vertex -0.148165 2 -5.30647
      vertex -0.148165 0 -5.30647
    endloop
  endfacet
  facet normal 0.130542 0 -0.991443
    outer loop
      vertex -0.148165 2 -5.30647
      vertex -0.295201 0 -5.32583
      vertex -0.295201 2 -5.32583
    endloop
  endfacet
  facet normal 0.382714 0 -0.923867
    outer loop
      vertex -0.718451 0 -5.45928
      vertex -0.581433 2 -5.40252
      vertex -0.581433 0 -5.40252
    endloop
  endfacet
  facet normal 0.382714 0 -0.923867
    outer loop
      vertex -0.581433 2 -5.40252
      vertex -0.718451 0 -5.45928
      vertex -0.718451 2 -5.45928
    endloop
  endfacet
  facet normal 0.382714 0 0.923867
    outer loop
      vertex -0.718451 2 -8.54072
      vertex -0.581433 0 -8.59748
      vertex -0.581433 2 -8.59748
    endloop
  endfacet
  facet normal 0.382714 0 0.923867
    outer loop
      vertex -0.581433 0 -8.59748
      vertex -0.718451 2 -8.54072
      vertex -0.718451 0 -8.54072
    endloop
  endfacet
  facet normal -0.216444 0 -0.976295
    outer loop
      vertex 0.295201 0 -5.32583
      vertex 0.439992 2 -5.35793
      vertex 0.439992 0 -5.35793
    endloop
  endfacet
  facet normal -0.216444 0 -0.976295
    outer loop
      vertex 0.439992 2 -5.35793
      vertex 0.295201 0 -5.32583
      vertex 0.295201 2 -5.32583
    endloop
  endfacet
  facet normal -0.300668 0 -0.953729
    outer loop
      vertex 0.439992 0 -5.35793
      vertex 0.581433 2 -5.40252
      vertex 0.581433 0 -5.40252
    endloop
  endfacet
  facet normal -0.300668 0 -0.953729
    outer loop
      vertex 0.581433 2 -5.40252
      vertex 0.439992 0 -5.35793
      vertex 0.439992 2 -5.35793
    endloop
  endfacet
  facet normal 0.675584 0 0.737283
    outer loop
      vertex -1.20208 2 -8.20208
      vertex -1.09274 0 -8.30227
      vertex -1.09274 2 -8.30227
    endloop
  endfacet
  facet normal 0.675584 0 0.737283
    outer loop
      vertex -1.09274 0 -8.30227
      vertex -1.20208 2 -8.20208
      vertex -1.20208 0 -8.20208
    endloop
  endfacet
  facet normal -0.737283 0 -0.675584
    outer loop
      vertex 1.30227 0 -5.90726
      vertex 1.20208 2 -5.79792
      vertex 1.30227 2 -5.90726
    endloop
  endfacet
  facet normal -0.737283 -0 -0.675584
    outer loop
      vertex 1.20208 2 -5.79792
      vertex 1.30227 0 -5.90726
      vertex 1.20208 0 -5.79792
    endloop
  endfacet
  facet normal 0.608788 0 0.793333
    outer loop
      vertex -1.09274 2 -8.30227
      vertex -0.97508 0 -8.39256
      vertex -0.97508 2 -8.39256
    endloop
  endfacet
  facet normal 0.608788 0 0.793333
    outer loop
      vertex -0.97508 0 -8.39256
      vertex -1.09274 2 -8.30227
      vertex -1.09274 0 -8.30227
    endloop
  endfacet
  facet normal -0.130542 0 0.991443
    outer loop
      vertex 0.148165 2 -8.69353
      vertex 0.295201 0 -8.67417
      vertex 0.295201 2 -8.67417
    endloop
  endfacet
  facet normal -0.130542 0 0.991443
    outer loop
      vertex 0.295201 0 -8.67417
      vertex 0.148165 2 -8.69353
      vertex 0.148165 0 -8.69353
    endloop
  endfacet
  facet normal 0.843406 0 -0.537277
    outer loop
      vertex -1.39256 0 -6.02492
      vertex -1.47224 2 -6.15
      vertex -1.39256 2 -6.02492
    endloop
  endfacet
  facet normal 0.843406 0 -0.537277
    outer loop
      vertex -1.47224 2 -6.15
      vertex -1.39256 0 -6.02492
      vertex -1.47224 0 -6.15
    endloop
  endfacet
  facet normal -0.675621 0 -0.737249
    outer loop
      vertex 1.09274 0 -5.69772
      vertex 1.20208 2 -5.79792
      vertex 1.20208 0 -5.79792
    endloop
  endfacet
  facet normal -0.675621 0 -0.737249
    outer loop
      vertex 1.20208 2 -5.79792
      vertex 1.09274 0 -5.69772
      vertex 1.09274 2 -5.69772
    endloop
  endfacet
  facet normal -0.793333 0 -0.608788
    outer loop
      vertex 1.39256 0 7.97508
      vertex 1.30227 2 8.09274
      vertex 1.39256 2 7.97508
    endloop
  endfacet
  facet normal -0.793333 -0 -0.608788
    outer loop
      vertex 1.30227 2 8.09274
      vertex 1.39256 0 7.97508
      vertex 1.30227 0 8.09274
    endloop
  endfacet
  facet normal -0.953728 0 -0.30067
    outer loop
      vertex 1.64207 0 7.43999
      vertex 1.59748 2 7.58143
      vertex 1.64207 2 7.43999
    endloop
  endfacet
  facet normal -0.953728 -0 -0.30067
    outer loop
      vertex 1.59748 2 7.58143
      vertex 1.64207 0 7.43999
      vertex 1.59748 0 7.58143
    endloop
  endfacet
  facet normal -0.991442 0 0.130547
    outer loop
      vertex 1.67417 0 6.7048
      vertex 1.69353 2 6.85183
      vertex 1.67417 2 6.7048
    endloop
  endfacet
  facet normal -0.991442 0 0.130547
    outer loop
      vertex 1.69353 2 6.85183
      vertex 1.67417 0 6.7048
      vertex 1.69353 0 6.85183
    endloop
  endfacet
  facet normal 0.300668 0 0.953729
    outer loop
      vertex -0.581433 2 5.40252
      vertex -0.439992 0 5.35793
      vertex -0.439992 2 5.35793
    endloop
  endfacet
  facet normal 0.300668 0 0.953729
    outer loop
      vertex -0.439992 0 5.35793
      vertex -0.581433 2 5.40252
      vertex -0.581433 0 5.40252
    endloop
  endfacet
  facet normal -0.608788 0 -0.793333
    outer loop
      vertex 0.97508 0 8.39256
      vertex 1.09274 2 8.30227
      vertex 1.09274 0 8.30227
    endloop
  endfacet
  facet normal -0.608788 0 -0.793333
    outer loop
      vertex 1.09274 2 8.30227
      vertex 0.97508 0 8.39256
      vertex 0.97508 2 8.39256
    endloop
  endfacet
  facet normal 0.737283 -0 0.675584
    outer loop
      vertex -1.30227 0 5.90726
      vertex -1.20208 2 5.79792
      vertex -1.30227 2 5.90726
    endloop
  endfacet
  facet normal 0.737283 0 0.675584
    outer loop
      vertex -1.20208 2 5.79792
      vertex -1.30227 0 5.90726
      vertex -1.20208 0 5.79792
    endloop
  endfacet
  facet normal -0.216444 0 0.976295
    outer loop
      vertex 0.295201 2 5.32583
      vertex 0.439992 0 5.35793
      vertex 0.439992 2 5.35793
    endloop
  endfacet
  facet normal -0.216444 0 0.976295
    outer loop
      vertex 0.439992 0 5.35793
      vertex 0.295201 2 5.32583
      vertex 0.295201 0 5.32583
    endloop
  endfacet
  facet normal 0.382714 0 0.923867
    outer loop
      vertex -0.718451 2 5.45928
      vertex -0.581433 0 5.40252
      vertex -0.581433 2 5.40252
    endloop
  endfacet
  facet normal 0.382714 0 0.923867
    outer loop
      vertex -0.581433 0 5.40252
      vertex -0.718451 2 5.45928
      vertex -0.718451 0 5.45928
    endloop
  endfacet
  facet normal -0.923869 0 0.382709
    outer loop
      vertex 1.54072 0 6.28155
      vertex 1.59748 2 6.41857
      vertex 1.54072 2 6.28155
    endloop
  endfacet
  facet normal -0.923869 0 0.382709
    outer loop
      vertex 1.59748 2 6.41857
      vertex 1.54072 0 6.28155
      vertex 1.59748 0 6.41857
    endloop
  endfacet
  facet normal -0.737283 0 -0.675584
    outer loop
      vertex 1.30227 0 8.09274
      vertex 1.20208 2 8.20208
      vertex 1.30227 2 8.09274
    endloop
  endfacet
  facet normal -0.737283 -0 -0.675584
    outer loop
      vertex 1.20208 2 8.20208
      vertex 1.30227 0 8.09274
      vertex 1.20208 0 8.20208
    endloop
  endfacet
  facet normal -0.608746 0 0.793365
    outer loop
      vertex 0.97508 2 5.60744
      vertex 1.09274 0 5.69772
      vertex 1.09274 2 5.69772
    endloop
  endfacet
  facet normal -0.608746 0 0.793365
    outer loop
      vertex 1.09274 0 5.69772
      vertex 0.97508 2 5.60744
      vertex 0.97508 0 5.60744
    endloop
  endfacet
  facet normal -0.300668 0 -0.953729
    outer loop
      vertex 0.439992 0 8.64207
      vertex 0.581433 2 8.59748
      vertex 0.581433 0 8.59748
    endloop
  endfacet
  facet normal -0.300668 0 -0.953729
    outer loop
      vertex 0.581433 2 8.59748
      vertex 0.439992 0 8.64207
      vertex 0.439992 2 8.64207
    endloop
  endfacet
  facet normal 0.608788 0 -0.793333
    outer loop
      vertex -1.09274 0 8.30227
      vertex -0.97508 2 8.39256
      vertex -0.97508 0 8.39256
    endloop
  endfacet
  facet normal 0.608788 0 -0.793333
    outer loop
      vertex -0.97508 2 8.39256
      vertex -1.09274 0 8.30227
      vertex -1.09274 2 8.30227
    endloop
  endfacet
  facet normal -0.887012 0 -0.461745
    outer loop
      vertex 1.54072 0 7.71845
      vertex 1.47224 2 7.85
      vertex 1.54072 2 7.71845
    endloop
  endfacet
  facet normal -0.887012 -0 -0.461745
    outer loop
      vertex 1.47224 2 7.85
      vertex 1.54072 0 7.71845
      vertex 1.47224 0 7.85
    endloop
  endfacet
  facet normal 0.216444 0 0.976295
    outer loop
      vertex -0.439992 2 5.35793
      vertex -0.295201 0 5.32583
      vertex -0.295201 2 5.32583
    endloop
  endfacet
  facet normal 0.216444 0 0.976295
    outer loop
      vertex -0.295201 0 5.32583
      vertex -0.439992 2 5.35793
      vertex -0.439992 0 5.35793
    endloop
  endfacet
  facet normal 0.923869 0 -0.382709
    outer loop
      vertex -1.54072 0 7.71845
      vertex -1.59748 2 7.58143
      vertex -1.54072 2 7.71845
    endloop
  endfacet
  facet normal 0.923869 0 -0.382709
    outer loop
      vertex -1.59748 2 7.58143
      vertex -1.54072 0 7.71845
      vertex -1.59748 0 7.58143
    endloop
  endfacet
  facet normal -0.843406 0 0.537277
    outer loop
      vertex 1.39256 0 6.02492
      vertex 1.47224 2 6.15
      vertex 1.39256 2 6.02492
    endloop
  endfacet
  facet normal -0.843406 0 0.537277
    outer loop
      vertex 1.47224 2 6.15
      vertex 1.39256 0 6.02492
      vertex 1.47224 0 6.15
    endloop
  endfacet
  facet normal -0.461751 0 0.88701
    outer loop
      vertex 0.718451 2 5.45928
      vertex 0.849999 0 5.52776
      vertex 0.849999 2 5.52776
    endloop
  endfacet
  facet normal -0.461751 0 0.88701
    outer loop
      vertex 0.849999 0 5.52776
      vertex 0.718451 2 5.45928
      vertex 0.718451 0 5.45928
    endloop
  endfacet
  facet normal 0.999048 -0 0.0436245
    outer loop
      vertex -1.7 0 7
      vertex -1.69353 2 6.85183
      vertex -1.7 2 7
    endloop
  endfacet
  facet normal 0.999048 0 0.0436245
    outer loop
      vertex -1.69353 2 6.85183
      vertex -1.7 0 7
      vertex -1.69353 0 6.85183
    endloop
  endfacet
  facet normal 0.382714 0 -0.923867
    outer loop
      vertex -0.718451 0 8.54072
      vertex -0.581433 2 8.59748
      vertex -0.581433 0 8.59748
    endloop
  endfacet
  facet normal 0.382714 0 -0.923867
    outer loop
      vertex -0.581433 2 8.59748
      vertex -0.718451 0 8.54072
      vertex -0.718451 2 8.54072
    endloop
  endfacet
  facet normal -0.999048 0 0.0436245
    outer loop
      vertex 1.69353 0 6.85183
      vertex 1.7 2 7
      vertex 1.69353 2 6.85183
    endloop
  endfacet
  facet normal -0.999048 0 0.0436245
    outer loop
      vertex 1.7 2 7
      vertex 1.69353 0 6.85183
      vertex 1.7 0 7
    endloop
  endfacet
  facet normal 0.300668 0 -0.953729
    outer loop
      vertex -0.581433 0 8.59748
      vertex -0.439992 2 8.64207
      vertex -0.439992 0 8.64207
    endloop
  endfacet
  facet normal 0.300668 0 -0.953729
    outer loop
      vertex -0.439992 2 8.64207
      vertex -0.581433 0 8.59748
      vertex -0.581433 2 8.59748
    endloop
  endfacet
  facet normal -0.999048 0 -0.0436274
    outer loop
      vertex 1.7 0 7
      vertex 1.69353 2 7.14816
      vertex 1.7 2 7
    endloop
  endfacet
  facet normal -0.999048 -0 -0.0436274
    outer loop
      vertex 1.69353 2 7.14816
      vertex 1.7 0 7
      vertex 1.69353 0 7.14816
    endloop
  endfacet
  facet normal 0.537274 0 -0.843408
    outer loop
      vertex -0.97508 0 8.39256
      vertex -0.849999 2 8.47224
      vertex -0.849999 0 8.47224
    endloop
  endfacet
  facet normal 0.537274 0 -0.843408
    outer loop
      vertex -0.849999 2 8.47224
      vertex -0.97508 0 8.39256
      vertex -0.97508 2 8.39256
    endloop
  endfacet
  facet normal -0.976295 0 0.216445
    outer loop
      vertex 1.64207 0 6.56001
      vertex 1.67417 2 6.7048
      vertex 1.64207 2 6.56001
    endloop
  endfacet
  facet normal -0.976295 0 0.216445
    outer loop
      vertex 1.67417 2 6.7048
      vertex 1.64207 0 6.56001
      vertex 1.67417 0 6.7048
    endloop
  endfacet
  facet normal 0.793333 0 -0.608788
    outer loop
      vertex -1.30227 0 8.09274
      vertex -1.39256 2 7.97508
      vertex -1.30227 2 8.09274
    endloop
  endfacet
  facet normal 0.793333 0 -0.608788
    outer loop
      vertex -1.39256 2 7.97508
      vertex -1.30227 0 8.09274
      vertex -1.39256 0 7.97508
    endloop
  endfacet
  facet normal 0.887012 0 -0.461745
    outer loop
      vertex -1.47224 0 7.85
      vertex -1.54072 2 7.71845
      vertex -1.47224 2 7.85
    endloop
  endfacet
  facet normal 0.887012 0 -0.461745
    outer loop
      vertex -1.54072 2 7.71845
      vertex -1.47224 0 7.85
      vertex -1.54072 0 7.71845
    endloop
  endfacet
  facet normal 0.461751 0 -0.88701
    outer loop
      vertex -0.849999 0 8.47224
      vertex -0.718451 2 8.54072
      vertex -0.718451 0 8.54072
    endloop
  endfacet
  facet normal 0.461751 0 -0.88701
    outer loop
      vertex -0.718451 2 8.54072
      vertex -0.849999 0 8.47224
      vertex -0.849999 2 8.47224
    endloop
  endfacet
  facet normal 0.675621 0 0.737249
    outer loop
      vertex -1.20208 2 5.79792
      vertex -1.09274 0 5.69772
      vertex -1.09274 2 5.69772
    endloop
  endfacet
  facet normal 0.675621 0 0.737249
    outer loop
      vertex -1.09274 0 5.69772
      vertex -1.20208 2 5.79792
      vertex -1.20208 0 5.79792
    endloop
  endfacet
  facet normal 0.976295 0 -0.216445
    outer loop
      vertex -1.64207 0 7.43999
      vertex -1.67417 2 7.2952
      vertex -1.64207 2 7.43999
    endloop
  endfacet
  facet normal 0.976295 0 -0.216445
    outer loop
      vertex -1.67417 2 7.2952
      vertex -1.64207 0 7.43999
      vertex -1.67417 0 7.2952
    endloop
  endfacet
  facet normal -0.537274 0 -0.843408
    outer loop
      vertex 0.849999 0 8.47224
      vertex 0.97508 2 8.39256
      vertex 0.97508 0 8.39256
    endloop
  endfacet
  facet normal -0.537274 0 -0.843408
    outer loop
      vertex 0.97508 2 8.39256
      vertex 0.849999 0 8.47224
      vertex 0.849999 2 8.47224
    endloop
  endfacet
  facet normal -0.923869 0 -0.382709
    outer loop
      vertex 1.59748 0 7.58143
      vertex 1.54072 2 7.71845
      vertex 1.59748 2 7.58143
    endloop
  endfacet
  facet normal -0.923869 -0 -0.382709
    outer loop
      vertex 1.54072 2 7.71845
      vertex 1.59748 0 7.58143
      vertex 1.54072 0 7.71845
    endloop
  endfacet
  facet normal -0.793333 0 0.608788
    outer loop
      vertex 1.30227 0 5.90726
      vertex 1.39256 2 6.02492
      vertex 1.30227 2 5.90726
    endloop
  endfacet
  facet normal -0.793333 0 0.608788
    outer loop
      vertex 1.39256 2 6.02492
      vertex 1.30227 0 5.90726
      vertex 1.39256 0 6.02492
    endloop
  endfacet
  facet normal -0.216444 0 -0.976295
    outer loop
      vertex 0.295201 0 8.67417
      vertex 0.439992 2 8.64207
      vertex 0.439992 0 8.64207
    endloop
  endfacet
  facet normal -0.216444 0 -0.976295
    outer loop
      vertex 0.439992 2 8.64207
      vertex 0.295201 0 8.67417
      vertex 0.295201 2 8.67417
    endloop
  endfacet
  facet normal 0.737283 0 -0.675584
    outer loop
      vertex -1.20208 0 8.20208
      vertex -1.30227 2 8.09274
      vertex -1.20208 2 8.20208
    endloop
  endfacet
  facet normal 0.737283 0 -0.675584
    outer loop
      vertex -1.30227 2 8.09274
      vertex -1.20208 0 8.20208
      vertex -1.30227 0 8.09274
    endloop
  endfacet
  facet normal 0.216444 0 -0.976295
    outer loop
      vertex -0.439992 0 8.64207
      vertex -0.295201 2 8.67417
      vertex -0.295201 0 8.67417
    endloop
  endfacet
  facet normal 0.216444 0 -0.976295
    outer loop
      vertex -0.295201 2 8.67417
      vertex -0.439992 0 8.64207
      vertex -0.439992 2 8.64207
    endloop
  endfacet
  facet normal 0.793333 -0 0.608788
    outer loop
      vertex -1.39256 0 6.02492
      vertex -1.30227 2 5.90726
      vertex -1.39256 2 6.02492
    endloop
  endfacet
  facet normal 0.793333 0 0.608788
    outer loop
      vertex -1.30227 2 5.90726
      vertex -1.39256 0 6.02492
      vertex -1.30227 0 5.90726
    endloop
  endfacet
  facet normal -0.953728 0 0.30067
    outer loop
      vertex 1.59748 0 6.41857
      vertex 1.64207 2 6.56001
      vertex 1.59748 2 6.41857
    endloop
  endfacet
  facet normal -0.953728 0 0.30067
    outer loop
      vertex 1.64207 2 6.56001
      vertex 1.59748 0 6.41857
      vertex 1.64207 0 6.56001
    endloop
  endfacet
  facet normal 0.130542 0 0.991443
    outer loop
      vertex -0.295201 2 5.32583
      vertex -0.148165 0 5.30647
      vertex -0.148165 2 5.30647
    endloop
  endfacet
  facet normal 0.130542 0 0.991443
    outer loop
      vertex -0.148165 0 5.30647
      vertex -0.295201 2 5.32583
      vertex -0.295201 0 5.32583
    endloop
  endfacet
  facet normal 0.043626 0 -0.999048
    outer loop
      vertex -0.148165 0 8.69353
      vertex 0 2 8.7
      vertex 0 0 8.7
    endloop
  endfacet
  facet normal 0.043626 0 -0.999048
    outer loop
      vertex 0 2 8.7
      vertex -0.148165 0 8.69353
      vertex -0.148165 2 8.69353
    endloop
  endfacet
  facet normal 0.953728 -0 0.30067
    outer loop
      vertex -1.64207 0 6.56001
      vertex -1.59748 2 6.41857
      vertex -1.64207 2 6.56001
    endloop
  endfacet
  facet normal 0.953728 0 0.30067
    outer loop
      vertex -1.59748 2 6.41857
      vertex -1.64207 0 6.56001
      vertex -1.59748 0 6.41857
    endloop
  endfacet
  facet normal -0.843406 0 -0.537277
    outer loop
      vertex 1.47224 0 7.85
      vertex 1.39256 2 7.97508
      vertex 1.47224 2 7.85
    endloop
  endfacet
  facet normal -0.843406 -0 -0.537277
    outer loop
      vertex 1.39256 2 7.97508
      vertex 1.47224 0 7.85
      vertex 1.39256 0 7.97508
    endloop
  endfacet
  facet normal 0.991443 0 -0.130538
    outer loop
      vertex -1.67417 0 7.2952
      vertex -1.69353 2 7.14816
      vertex -1.67417 2 7.2952
    endloop
  endfacet
  facet normal 0.991443 0 -0.130538
    outer loop
      vertex -1.69353 2 7.14816
      vertex -1.67417 0 7.2952
      vertex -1.69353 0 7.14816
    endloop
  endfacet
  facet normal -0.675621 0 0.737249
    outer loop
      vertex 1.09274 2 5.69772
      vertex 1.20208 0 5.79792
      vertex 1.20208 2 5.79792
    endloop
  endfacet
  facet normal -0.675621 0 0.737249
    outer loop
      vertex 1.20208 0 5.79792
      vertex 1.09274 2 5.69772
      vertex 1.09274 0 5.69772
    endloop
  endfacet
  facet normal -0.887012 0 0.461745
    outer loop
      vertex 1.47224 0 6.15
      vertex 1.54072 2 6.28155
      vertex 1.47224 2 6.15
    endloop
  endfacet
  facet normal -0.887012 0 0.461745
    outer loop
      vertex 1.54072 2 6.28155
      vertex 1.47224 0 6.15
      vertex 1.54072 0 6.28155
    endloop
  endfacet
  facet normal -0.043626 0 -0.999048
    outer loop
      vertex 0 0 8.7
      vertex 0.148165 2 8.69353
      vertex 0.148165 0 8.69353
    endloop
  endfacet
  facet normal -0.043626 0 -0.999048
    outer loop
      vertex 0.148165 2 8.69353
      vertex 0 0 8.7
      vertex 0 2 8.7
    endloop
  endfacet
  facet normal -0.991443 0 -0.130538
    outer loop
      vertex 1.69353 0 7.14816
      vertex 1.67417 2 7.2952
      vertex 1.69353 2 7.14816
    endloop
  endfacet
  facet normal -0.991443 -0 -0.130538
    outer loop
      vertex 1.67417 2 7.2952
      vertex 1.69353 0 7.14816
      vertex 1.67417 0 7.2952
    endloop
  endfacet
  facet normal -0.737283 0 0.675584
    outer loop
      vertex 1.20208 0 5.79792
      vertex 1.30227 2 5.90726
      vertex 1.20208 2 5.79792
    endloop
  endfacet
  facet normal -0.737283 0 0.675584
    outer loop
      vertex 1.30227 2 5.90726
      vertex 1.20208 0 5.79792
      vertex 1.30227 0 5.90726
    endloop
  endfacet
  facet normal -0.537274 0 0.843408
    outer loop
      vertex 0.849999 2 5.52776
      vertex 0.97508 0 5.60744
      vertex 0.97508 2 5.60744
    endloop
  endfacet
  facet normal -0.537274 0 0.843408
    outer loop
      vertex 0.97508 0 5.60744
      vertex 0.849999 2 5.52776
      vertex 0.849999 0 5.52776
    endloop
  endfacet
  facet normal 0.608746 0 0.793365
    outer loop
      vertex -1.09274 2 5.69772
      vertex -0.97508 0 5.60744
      vertex -0.97508 2 5.60744
    endloop
  endfacet
  facet normal 0.608746 0 0.793365
    outer loop
      vertex -0.97508 0 5.60744
      vertex -1.09274 2 5.69772
      vertex -1.09274 0 5.69772
    endloop
  endfacet
  facet normal -0.382714 0 0.923867
    outer loop
      vertex 0.581433 2 5.40252
      vertex 0.718451 0 5.45928
      vertex 0.718451 2 5.45928
    endloop
  endfacet
  facet normal -0.382714 0 0.923867
    outer loop
      vertex 0.718451 0 5.45928
      vertex 0.581433 2 5.40252
      vertex 0.581433 0 5.40252
    endloop
  endfacet
  facet normal 0.991442 -0 0.130547
    outer loop
      vertex -1.69353 0 6.85183
      vertex -1.67417 2 6.7048
      vertex -1.69353 2 6.85183
    endloop
  endfacet
  facet normal 0.991442 0 0.130547
    outer loop
      vertex -1.67417 2 6.7048
      vertex -1.69353 0 6.85183
      vertex -1.67417 0 6.7048
    endloop
  endfacet
  facet normal -0.675584 0 -0.737283
    outer loop
      vertex 1.09274 0 8.30227
      vertex 1.20208 2 8.20208
      vertex 1.20208 0 8.20208
    endloop
  endfacet
  facet normal -0.675584 0 -0.737283
    outer loop
      vertex 1.20208 2 8.20208
      vertex 1.09274 0 8.30227
      vertex 1.09274 2 8.30227
    endloop
  endfacet
  facet normal 0.976295 -0 0.216445
    outer loop
      vertex -1.67417 0 6.7048
      vertex -1.64207 2 6.56001
      vertex -1.67417 2 6.7048
    endloop
  endfacet
  facet normal 0.976295 0 0.216445
    outer loop
      vertex -1.64207 2 6.56001
      vertex -1.67417 0 6.7048
      vertex -1.64207 0 6.56001
    endloop
  endfacet
  facet normal 0.843406 -0 0.537277
    outer loop
      vertex -1.47224 0 6.15
      vertex -1.39256 2 6.02492
      vertex -1.47224 2 6.15
    endloop
  endfacet
  facet normal 0.843406 0 0.537277
    outer loop
      vertex -1.39256 2 6.02492
      vertex -1.47224 0 6.15
      vertex -1.39256 0 6.02492
    endloop
  endfacet
  facet normal -0.130542 0 -0.991443
    outer loop
      vertex 0.148165 0 8.69353
      vertex 0.295201 2 8.67417
      vertex 0.295201 0 8.67417
    endloop
  endfacet
  facet normal -0.130542 0 -0.991443
    outer loop
      vertex 0.295201 2 8.67417
      vertex 0.148165 0 8.69353
      vertex 0.148165 2 8.69353
    endloop
  endfacet
  facet normal -0.976295 0 -0.216445
    outer loop
      vertex 1.67417 0 7.2952
      vertex 1.64207 2 7.43999
      vertex 1.67417 2 7.2952
    endloop
  endfacet
  facet normal -0.976295 -0 -0.216445
    outer loop
      vertex 1.64207 2 7.43999
      vertex 1.67417 0 7.2952
      vertex 1.64207 0 7.43999
    endloop
  endfacet
  facet normal 0.843406 0 -0.537277
    outer loop
      vertex -1.39256 0 7.97508
      vertex -1.47224 2 7.85
      vertex -1.39256 2 7.97508
    endloop
  endfacet
  facet normal 0.843406 0 -0.537277
    outer loop
      vertex -1.47224 2 7.85
      vertex -1.39256 0 7.97508
      vertex -1.47224 0 7.85
    endloop
  endfacet
  facet normal 0.043626 0 0.999048
    outer loop
      vertex -0.148165 2 5.30647
      vertex 0 0 5.3
      vertex 0 2 5.3
    endloop
  endfacet
  facet normal 0.043626 0 0.999048
    outer loop
      vertex 0 0 5.3
      vertex -0.148165 2 5.30647
      vertex -0.148165 0 5.30647
    endloop
  endfacet
  facet normal 0.923869 -0 0.382709
    outer loop
      vertex -1.59748 0 6.41857
      vertex -1.54072 2 6.28155
      vertex -1.59748 2 6.41857
    endloop
  endfacet
  facet normal 0.923869 0 0.382709
    outer loop
      vertex -1.54072 2 6.28155
      vertex -1.59748 0 6.41857
      vertex -1.54072 0 6.28155
    endloop
  endfacet
  facet normal 0.953728 0 -0.30067
    outer loop
      vertex -1.59748 0 7.58143
      vertex -1.64207 2 7.43999
      vertex -1.59748 2 7.58143
    endloop
  endfacet
  facet normal 0.953728 0 -0.30067
    outer loop
      vertex -1.64207 2 7.43999
      vertex -1.59748 0 7.58143
      vertex -1.64207 0 7.43999
    endloop
  endfacet
  facet normal 0.675584 0 -0.737283
    outer loop
      vertex -1.20208 0 8.20208
      vertex -1.09274 2 8.30227
      vertex -1.09274 0 8.30227
    endloop
  endfacet
  facet normal 0.675584 0 -0.737283
    outer loop
      vertex -1.09274 2 8.30227
      vertex -1.20208 0 8.20208
      vertex -1.20208 2 8.20208
    endloop
  endfacet
  facet normal -0.300668 0 0.953729
    outer loop
      vertex 0.439992 2 5.35793
      vertex 0.581433 0 5.40252
      vertex 0.581433 2 5.40252
    endloop
  endfacet
  facet normal -0.300668 0 0.953729
    outer loop
      vertex 0.581433 0 5.40252
      vertex 0.439992 2 5.35793
      vertex 0.439992 0 5.35793
    endloop
  endfacet
  facet normal -0.382714 0 -0.923867
    outer loop
      vertex 0.581433 0 8.59748
      vertex 0.718451 2 8.54072
      vertex 0.718451 0 8.54072
    endloop
  endfacet
  facet normal -0.382714 0 -0.923867
    outer loop
      vertex 0.718451 2 8.54072
      vertex 0.581433 0 8.59748
      vertex 0.581433 2 8.59748
    endloop
  endfacet
  facet normal -0.461751 0 -0.88701
    outer loop
      vertex 0.718451 0 8.54072
      vertex 0.849999 2 8.47224
      vertex 0.849999 0 8.47224
    endloop
  endfacet
  facet normal -0.461751 0 -0.88701
    outer loop
      vertex 0.849999 2 8.47224
      vertex 0.718451 0 8.54072
      vertex 0.718451 2 8.54072
    endloop
  endfacet
  facet normal 0.537274 0 0.843408
    outer loop
      vertex -0.97508 2 5.60744
      vertex -0.849999 0 5.52776
      vertex -0.849999 2 5.52776
    endloop
  endfacet
  facet normal 0.537274 0 0.843408
    outer loop
      vertex -0.849999 0 5.52776
      vertex -0.97508 2 5.60744
      vertex -0.97508 0 5.60744
    endloop
  endfacet
  facet normal 0.461751 0 0.88701
    outer loop
      vertex -0.849999 2 5.52776
      vertex -0.718451 0 5.45928
      vertex -0.718451 2 5.45928
    endloop
  endfacet
  facet normal 0.461751 0 0.88701
    outer loop
      vertex -0.718451 0 5.45928
      vertex -0.849999 2 5.52776
      vertex -0.849999 0 5.52776
    endloop
  endfacet
  facet normal 0.887012 -0 0.461745
    outer loop
      vertex -1.54072 0 6.28155
      vertex -1.47224 2 6.15
      vertex -1.54072 2 6.28155
    endloop
  endfacet
  facet normal 0.887012 0 0.461745
    outer loop
      vertex -1.47224 2 6.15
      vertex -1.54072 0 6.28155
      vertex -1.47224 0 6.15
    endloop
  endfacet
  facet normal -0.043626 0 0.999048
    outer loop
      vertex 0 2 5.3
      vertex 0.148165 0 5.30647
      vertex 0.148165 2 5.30647
    endloop
  endfacet
  facet normal -0.043626 0 0.999048
    outer loop
      vertex 0.148165 0 5.30647
      vertex 0 2 5.3
      vertex 0 0 5.3
    endloop
  endfacet
  facet normal 0.999048 0 -0.0436274
    outer loop
      vertex -1.69353 0 7.14816
      vertex -1.7 2 7
      vertex -1.69353 2 7.14816
    endloop
  endfacet
  facet normal 0.999048 0 -0.0436274
    outer loop
      vertex -1.7 2 7
      vertex -1.69353 0 7.14816
      vertex -1.7 0 7
    endloop
  endfacet
  facet normal 0.130542 0 -0.991443
    outer loop
      vertex -0.295201 0 8.67417
      vertex -0.148165 2 8.69353
      vertex -0.148165 0 8.69353
    endloop
  endfacet
  facet normal 0.130542 0 -0.991443
    outer loop
      vertex -0.148165 2 8.69353
      vertex -0.295201 0 8.67417
      vertex -0.295201 2 8.67417
    endloop
  endfacet
  facet normal -0.130542 0 0.991443
    outer loop
      vertex 0.148165 2 5.30647
      vertex 0.295201 0 5.32583
      vertex 0.295201 2 5.32583
    endloop
  endfacet
  facet normal -0.130542 0 0.991443
    outer loop
      vertex 0.295201 0 5.32583
      vertex 0.148165 2 5.30647
      vertex 0.148165 0 5.30647
    endloop
  endfacet
  facet normal -0.976302 0 0.216413
    outer loop
      vertex 2.89778 2 -7.77646
      vertex 2.95442 4 -7.52094
      vertex 2.89778 4 -7.77646
    endloop
  endfacet
  facet normal -0.976302 0 0.216413
    outer loop
      vertex 2.95442 4 -7.52094
      vertex 2.89778 2 -7.77646
      vertex 2.95442 2 -7.52094
    endloop
  endfacet
  facet normal -0.991445 0 0.130527
    outer loop
      vertex 2.95442 2 -7.52094
      vertex 2.98858 4 -7.26147
      vertex 2.95442 4 -7.52094
    endloop
  endfacet
  facet normal -0.991445 0 0.130527
    outer loop
      vertex 2.98858 4 -7.26147
      vertex 2.95442 2 -7.52094
      vertex 2.98858 2 -7.26147
    endloop
  endfacet
  facet normal -0.999048 0 0.0436345
    outer loop
      vertex 2.98858 2 -7.26147
      vertex 3 4 -7
      vertex 2.98858 4 -7.26147
    endloop
  endfacet
  facet normal -0.999048 0 0.0436345
    outer loop
      vertex 3 4 -7
      vertex 2.98858 2 -7.26147
      vertex 3 2 -7
    endloop
  endfacet
  facet normal -0.130523 0 0.991445
    outer loop
      vertex 0.261467 4 -9.98858
      vertex 0.520944 2 -9.95442
      vertex 0.520944 4 -9.95442
    endloop
  endfacet
  facet normal -0.130523 0 0.991445
    outer loop
      vertex 0.520944 2 -9.95442
      vertex 0.261467 4 -9.98858
      vertex 0.261467 2 -9.98858
    endloop
  endfacet
  facet normal 0.953715 -0 0.300711
    outer loop
      vertex -2.89778 2 -7.77646
      vertex -2.81908 4 -8.02606
      vertex -2.89778 4 -7.77646
    endloop
  endfacet
  facet normal 0.953715 0 0.300711
    outer loop
      vertex -2.81908 4 -8.02606
      vertex -2.89778 2 -7.77646
      vertex -2.81908 2 -8.02606
    endloop
  endfacet
  facet normal 0.537298 0 0.843392
    outer loop
      vertex -1.72073 4 -9.45746
      vertex -1.5 2 -9.59808
      vertex -1.5 4 -9.59808
    endloop
  endfacet
  facet normal 0.537298 0 0.843392
    outer loop
      vertex -1.5 2 -9.59808
      vertex -1.72073 4 -9.45746
      vertex -1.72073 2 -9.45746
    endloop
  endfacet
  facet normal 0.991445 -0 0.130527
    outer loop
      vertex -2.98858 2 -7.26147
      vertex -2.95442 4 -7.52094
      vertex -2.98858 4 -7.26147
    endloop
  endfacet
  facet normal 0.991445 0 0.130527
    outer loop
      vertex -2.95442 4 -7.52094
      vertex -2.98858 2 -7.26147
      vertex -2.95442 2 -7.52094
    endloop
  endfacet
  facet normal 0 1 0
    outer loop
      vertex 0 2 -5.3
      vertex 0 2 -4
      vertex 0.261467 2 -4.01142
    endloop
  endfacet
  facet normal 0 1 0
    outer loop
      vertex 0.148165 2 -5.30647
      vertex 0.261467 2 -4.01142
      vertex 0.520944 2 -4.04558
    endloop
  endfacet
  facet normal 0 1 0
    outer loop
      vertex 0 2 -4
      vertex 0 2 -5.3
      vertex -0.261467 2 -4.01142
    endloop
  endfacet
  facet normal 0 1 0
    outer loop
      vertex 0.295201 2 -5.32583
      vertex 0.520944 2 -4.04558
      vertex 0.776457 2 -4.10222
    endloop
  endfacet
  facet normal 0 1 -0
    outer loop
      vertex -0.148165 2 -5.30647
      vertex -0.261467 2 -4.01142
      vertex 0 2 -5.3
    endloop
  endfacet
  facet normal 0 1 0
    outer loop
      vertex 0.439992 2 -5.35793
      vertex 0.776457 2 -4.10222
      vertex 1.02606 2 -4.18092
    endloop
  endfacet
  facet normal 0 1 0
    outer loop
      vertex -0.261467 2 -4.01142
      vertex -0.148165 2 -5.30647
      vertex -0.520944 2 -4.04558
    endloop
  endfacet
  facet normal 0 1 0
    outer loop
      vertex 0.581433 2 -5.40252
      vertex 1.02606 2 -4.18092
      vertex 1.26785 2 -4.28108
    endloop
  endfacet
  facet normal 0 1 -0
    outer loop
      vertex -0.295201 2 -5.32583
      vertex -0.520944 2 -4.04558
      vertex -0.148165 2 -5.30647
    endloop
  endfacet
  facet normal 0 1 0
    outer loop
      vertex 0.718451 2 -5.45928
      vertex 1.26785 2 -4.28108
      vertex 1.5 2 -4.40192
    endloop
  endfacet
  facet normal 0 1 0
    outer loop
      vertex -0.520944 2 -4.04558
      vertex -0.295201 2 -5.32583
      vertex -0.776457 2 -4.10222
    endloop
  endfacet
  facet normal 0 1 0
    outer loop
      vertex 0.849999 2 -5.52776
      vertex 1.5 2 -4.40192
      vertex 1.72073 2 -4.54254
    endloop
  endfacet
  facet normal 0 1 -0
    outer loop
      vertex -0.439992 2 -5.35793
      vertex -0.776457 2 -4.10222
      vertex -0.295201 2 -5.32583
    endloop
  endfacet
  facet normal 0 1 0
    outer loop
      vertex 0.97508 2 -5.60744
      vertex 1.72073 2 -4.54254
      vertex 1.92836 2 -4.70187
    endloop
  endfacet
  facet normal 0 1 0
    outer loop
      vertex -0.776457 2 -4.10222
      vertex -0.439992 2 -5.35793
      vertex -1.02606 2 -4.18092
    endloop
  endfacet
  facet normal 0 1 0
    outer loop
      vertex 1.09274 2 -5.69772
      vertex 1.92836 2 -4.70187
      vertex 2.12132 2 -4.87868
    endloop
  endfacet
  facet normal 0 1 -0
    outer loop
      vertex -0.581433 2 -5.40252
      vertex -1.02606 2 -4.18092
      vertex -0.439992 2 -5.35793
    endloop
  endfacet
  facet normal 0 1 0
    outer loop
      vertex 1.20208 2 -5.79792
      vertex 2.12132 2 -4.87868
      vertex 2.29813 2 -5.07164
    endloop
  endfacet
  facet normal 0 1 0
    outer loop
      vertex -1.02606 2 -4.18092
      vertex -0.581433 2 -5.40252
      vertex -1.26785 2 -4.28108
    endloop
  endfacet
  facet normal 0 1 0
    outer loop
      vertex 1.30227 2 -5.90726
      vertex 2.29813 2 -5.07164
      vertex 2.45746 2 -5.27927
    endloop
  endfacet
  facet normal 0 1 -0
    outer loop
      vertex -0.718451 2 -5.45928
      vertex -1.26785 2 -4.28108
      vertex -0.581433 2 -5.40252
    endloop
  endfacet
  facet normal 0 1 0
    outer loop
      vertex -1.26785 2 -4.28108
      vertex -0.718451 2 -5.45928
      vertex -1.5 2 -4.40192
    endloop
  endfacet
  facet normal 0 1 0
    outer loop
      vertex 0.261467 2 -4.01142
      vertex 0.148165 2 -5.30647
      vertex 0 2 -5.3
    endloop
  endfacet
  facet normal 0 1 0
    outer loop
      vertex 0.520944 2 -4.04558
      vertex 0.295201 2 -5.32583
      vertex 0.148165 2 -5.30647
    endloop
  endfacet
  facet normal 0 1 0
    outer loop
      vertex 0.776457 2 -4.10222
      vertex 0.439992 2 -5.35793
      vertex 0.295201 2 -5.32583
    endloop
  endfacet
  facet normal 0 1 0
    outer loop
      vertex 1.02606 2 -4.18092
      vertex 0.581433 2 -5.40252
      vertex 0.439992 2 -5.35793
    endloop
  endfacet
  facet normal 0 1 0
    outer loop
      vertex 1.26785 2 -4.28108
      vertex 0.718451 2 -5.45928
      vertex 0.581433 2 -5.40252
    endloop
  endfacet
  facet normal 0 1 0
    outer loop
      vertex 1.39256 2 -6.02492
      vertex 2.45746 2 -5.27927
      vertex 2.59808 2 -5.5
    endloop
  endfacet
  facet normal 0 1 0
    outer loop
      vertex 1.5 2 -4.40192
      vertex 0.849999 2 -5.52776
      vertex 0.718451 2 -5.45928
    endloop
  endfacet
  facet normal 0 1 0
    outer loop
      vertex 1.72073 2 -4.54254
      vertex 0.97508 2 -5.60744
      vertex 0.849999 2 -5.52776
    endloop
  endfacet
  facet normal 0 1 0
    outer loop
      vertex 1.92836 2 -4.70187
      vertex 1.09274 2 -5.69772
      vertex 0.97508 2 -5.60744
    endloop
  endfacet
  facet normal 0 1 0
    outer loop
      vertex 1.47224 2 -6.15
      vertex 2.59808 2 -5.5
      vertex 2.71892 2 -5.73214
    endloop
  endfacet
  facet normal 0 1 0
    outer loop
      vertex 2.12132 2 -4.87868
      vertex 1.20208 2 -5.79792
      vertex 1.09274 2 -5.69772
    endloop
  endfacet
  facet normal 0 1 0
    outer loop
      vertex 2.29813 2 -5.07164
      vertex 1.30227 2 -5.90726
      vertex 1.20208 2 -5.79792
    endloop
  endfacet
  facet normal 0 1 0
    outer loop
      vertex 1.54072 2 -6.28155
      vertex 2.71892 2 -5.73214
      vertex 2.81908 2 -5.97394
    endloop
  endfacet
  facet normal 0 1 0
    outer loop
      vertex 2.45746 2 -5.27927
      vertex 1.39256 2 -6.02492
      vertex 1.30227 2 -5.90726
    endloop
  endfacet
  facet normal 0 1 0
    outer loop
      vertex 2.59808 2 -5.5
      vertex 1.47224 2 -6.15
      vertex 1.39256 2 -6.02492
    endloop
  endfacet
  facet normal 0 1 0
    outer loop
      vertex 1.59748 2 -6.41857
      vertex 2.81908 2 -5.97394
      vertex 2.89778 2 -6.22354
    endloop
  endfacet
  facet normal 0 1 0
    outer loop
      vertex 2.71892 2 -5.73214
      vertex 1.54072 2 -6.28155
      vertex 1.47224 2 -6.15
    endloop
  endfacet
  facet normal 0 1 0
    outer loop
      vertex 2.81908 2 -5.97394
      vertex 1.59748 2 -6.41857
      vertex 1.54072 2 -6.28155
    endloop
  endfacet
  facet normal 0 1 0
    outer loop
      vertex 1.64207 2 -6.56001
      vertex 2.89778 2 -6.22354
      vertex 2.95442 2 -6.47906
    endloop
  endfacet
  facet normal 0 1 0
    outer loop
      vertex 2.89778 2 -6.22354
      vertex 1.64207 2 -6.56001
      vertex 1.59748 2 -6.41857
    endloop
  endfacet
  facet normal 0 1 0
    outer loop
      vertex 2.95442 2 -6.47906
      vertex 1.67417 2 -6.7048
      vertex 1.64207 2 -6.56001
    endloop
  endfacet
  facet normal 0 1 0
    outer loop
      vertex 2.98858 2 -6.73853
      vertex 1.67417 2 -6.7048
      vertex 2.95442 2 -6.47906
    endloop
  endfacet
  facet normal 0 1 0
    outer loop
      vertex 2.98858 2 -6.73853
      vertex 1.69353 2 -6.85183
      vertex 1.67417 2 -6.7048
    endloop
  endfacet
  facet normal 0 1 0
    outer loop
      vertex 3 2 -7
      vertex 1.69353 2 -6.85183
      vertex 2.98858 2 -6.73853
    endloop
  endfacet
  facet normal 0 1 0
    outer loop
      vertex 3 2 -7
      vertex 1.7 2 -7
      vertex 1.69353 2 -6.85183
    endloop
  endfacet
  facet normal 0 1 0
    outer loop
      vertex 3 2 -7
      vertex 1.69353 2 -7.14816
      vertex 1.7 2 -7
    endloop
  endfacet
  facet normal 0 1 -0
    outer loop
      vertex 2.98858 2 -7.26147
      vertex 1.69353 2 -7.14816
      vertex 3 2 -7
    endloop
  endfacet
  facet normal 0 1 0
    outer loop
      vertex 2.98858 2 -7.26147
      vertex 1.67417 2 -7.2952
      vertex 1.69353 2 -7.14816
    endloop
  endfacet
  facet normal 0 1 -0
    outer loop
      vertex 2.95442 2 -7.52094
      vertex 1.67417 2 -7.2952
      vertex 2.98858 2 -7.26147
    endloop
  endfacet
  facet normal 0 1 0
    outer loop
      vertex 1.67417 2 -7.2952
      vertex 2.95442 2 -7.52094
      vertex 1.64207 2 -7.43999
    endloop
  endfacet
  facet normal 0 1 -0
    outer loop
      vertex 2.89778 2 -7.77646
      vertex 1.64207 2 -7.43999
      vertex 2.95442 2 -7.52094
    endloop
  endfacet
  facet normal 0 1 0
    outer loop
      vertex 1.64207 2 -7.43999
      vertex 2.89778 2 -7.77646
      vertex 1.59748 2 -7.58143
    endloop
  endfacet
  facet normal 0 1 -0
    outer loop
      vertex 2.81908 2 -8.02606
      vertex 1.59748 2 -7.58143
      vertex 2.89778 2 -7.77646
    endloop
  endfacet
  facet normal 0 1 0
    outer loop
      vertex 1.59748 2 -7.58143
      vertex 2.81908 2 -8.02606
      vertex 1.54072 2 -7.71845
    endloop
  endfacet
  facet normal 0 1 -0
    outer loop
      vertex 2.71892 2 -8.26785
      vertex 1.54072 2 -7.71845
      vertex 2.81908 2 -8.02606
    endloop
  endfacet
  facet normal 0 1 0
    outer loop
      vertex 1.54072 2 -7.71845
      vertex 2.71892 2 -8.26785
      vertex 1.47224 2 -7.85
    endloop
  endfacet
  facet normal 0 1 -0
    outer loop
      vertex 2.59808 2 -8.5
      vertex 1.47224 2 -7.85
      vertex 2.71892 2 -8.26785
    endloop
  endfacet
  facet normal 0 1 0
    outer loop
      vertex 1.47224 2 -7.85
      vertex 2.59808 2 -8.5
      vertex 1.39256 2 -7.97508
    endloop
  endfacet
  facet normal 0 1 -0
    outer loop
      vertex 2.45746 2 -8.72073
      vertex 1.39256 2 -7.97508
      vertex 2.59808 2 -8.5
    endloop
  endfacet
  facet normal 0 1 0
    outer loop
      vertex 1.39256 2 -7.97508
      vertex 2.45746 2 -8.72073
      vertex 1.30227 2 -8.09274
    endloop
  endfacet
  facet normal 0 1 -0
    outer loop
      vertex 2.29813 2 -8.92836
      vertex 1.30227 2 -8.09274
      vertex 2.45746 2 -8.72073
    endloop
  endfacet
  facet normal 0 1 0
    outer loop
      vertex 1.30227 2 -8.09274
      vertex 2.29813 2 -8.92836
      vertex 1.20208 2 -8.20208
    endloop
  endfacet
  facet normal 0 1 -0
    outer loop
      vertex 2.12132 2 -9.12132
      vertex 1.20208 2 -8.20208
      vertex 2.29813 2 -8.92836
    endloop
  endfacet
  facet normal 0 1 0
    outer loop
      vertex 1.20208 2 -8.20208
      vertex 2.12132 2 -9.12132
      vertex 1.09274 2 -8.30227
    endloop
  endfacet
  facet normal 0 1 -0
    outer loop
      vertex 1.92836 2 -9.29813
      vertex 1.09274 2 -8.30227
      vertex 2.12132 2 -9.12132
    endloop
  endfacet
  facet normal 0 1 0
    outer loop
      vertex 1.09274 2 -8.30227
      vertex 1.92836 2 -9.29813
      vertex 0.97508 2 -8.39256
    endloop
  endfacet
  facet normal 0 1 -0
    outer loop
      vertex 1.72073 2 -9.45746
      vertex 0.97508 2 -8.39256
      vertex 1.92836 2 -9.29813
    endloop
  endfacet
  facet normal 0 1 0
    outer loop
      vertex 0.97508 2 -8.39256
      vertex 1.72073 2 -9.45746
      vertex 0.849999 2 -8.47224
    endloop
  endfacet
  facet normal 0 1 0
    outer loop
      vertex 0.849999 2 -8.47224
      vertex 1.5 2 -9.59808
      vertex 0.718451 2 -8.54072
    endloop
  endfacet
  facet normal 0 1 -0
    outer loop
      vertex 1.5 2 -9.59808
      vertex 0.849999 2 -8.47224
      vertex 1.72073 2 -9.45746
    endloop
  endfacet
  facet normal 0 1 -0
    outer loop
      vertex -0.849999 2 -5.52776
      vertex -1.5 2 -4.40192
      vertex -0.718451 2 -5.45928
    endloop
  endfacet
  facet normal 0 1 0
    outer loop
      vertex -1.5 2 -4.40192
      vertex -0.849999 2 -5.52776
      vertex -1.72073 2 -4.54254
    endloop
  endfacet
  facet normal 0 1 -0
    outer loop
      vertex -0.97508 2 -5.60744
      vertex -1.72073 2 -4.54254
      vertex -0.849999 2 -5.52776
    endloop
  endfacet
  facet normal 0 1 0
    outer loop
      vertex -1.72073 2 -4.54254
      vertex -0.97508 2 -5.60744
      vertex -1.92836 2 -4.70187
    endloop
  endfacet
  facet normal 0 1 -0
    outer loop
      vertex -1.09274 2 -5.69772
      vertex -1.92836 2 -4.70187
      vertex -0.97508 2 -5.60744
    endloop
  endfacet
  facet normal 0 1 0
    outer loop
      vertex -1.92836 2 -4.70187
      vertex -1.09274 2 -5.69772
      vertex -2.12132 2 -4.87868
    endloop
  endfacet
  facet normal 0 1 -0
    outer loop
      vertex -1.20208 2 -5.79792
      vertex -2.12132 2 -4.87868
      vertex -1.09274 2 -5.69772
    endloop
  endfacet
  facet normal 0 1 0
    outer loop
      vertex -2.12132 2 -4.87868
      vertex -1.20208 2 -5.79792
      vertex -2.29813 2 -5.07164
    endloop
  endfacet
  facet normal 0 1 -0
    outer loop
      vertex -1.30227 2 -5.90726
      vertex -2.29813 2 -5.07164
      vertex -1.20208 2 -5.79792
    endloop
  endfacet
  facet normal 0 1 0
    outer loop
      vertex -2.29813 2 -5.07164
      vertex -1.30227 2 -5.90726
      vertex -2.45746 2 -5.27927
    endloop
  endfacet
  facet normal 0 1 -0
    outer loop
      vertex -1.39256 2 -6.02492
      vertex -2.45746 2 -5.27927
      vertex -1.30227 2 -5.90726
    endloop
  endfacet
  facet normal 0 1 0
    outer loop
      vertex -2.45746 2 -5.27927
      vertex -1.39256 2 -6.02492
      vertex -2.59808 2 -5.5
    endloop
  endfacet
  facet normal 0 1 -0
    outer loop
      vertex -1.47224 2 -6.15
      vertex -2.59808 2 -5.5
      vertex -1.39256 2 -6.02492
    endloop
  endfacet
  facet normal 0 1 0
    outer loop
      vertex -2.59808 2 -5.5
      vertex -1.47224 2 -6.15
      vertex -2.71892 2 -5.73214
    endloop
  endfacet
  facet normal 0 1 -0
    outer loop
      vertex -1.54072 2 -6.28155
      vertex -2.71892 2 -5.73214
      vertex -1.47224 2 -6.15
    endloop
  endfacet
  facet normal 0 1 0
    outer loop
      vertex -2.71892 2 -5.73214
      vertex -1.54072 2 -6.28155
      vertex -2.81908 2 -5.97394
    endloop
  endfacet
  facet normal 0 1 -0
    outer loop
      vertex -1.59748 2 -6.41857
      vertex -2.81908 2 -5.97394
      vertex -1.54072 2 -6.28155
    endloop
  endfacet
  facet normal 0 1 0
    outer loop
      vertex -2.81908 2 -5.97394
      vertex -1.59748 2 -6.41857
      vertex -2.89778 2 -6.22354
    endloop
  endfacet
  facet normal 0 1 -0
    outer loop
      vertex -1.64207 2 -6.56001
      vertex -2.89778 2 -6.22354
      vertex -1.59748 2 -6.41857
    endloop
  endfacet
  facet normal 0 1 0
    outer loop
      vertex -2.89778 2 -6.22354
      vertex -1.64207 2 -6.56001
      vertex -2.95442 2 -6.47906
    endloop
  endfacet
  facet normal 0 1 -0
    outer loop
      vertex -1.67417 2 -6.7048
      vertex -2.95442 2 -6.47906
      vertex -1.64207 2 -6.56001
    endloop
  endfacet
  facet normal 0 1 0
    outer loop
      vertex -1.67417 2 -6.7048
      vertex -2.98858 2 -6.73853
      vertex -2.95442 2 -6.47906
    endloop
  endfacet
  facet normal 0 1 -0
    outer loop
      vertex -1.69353 2 -6.85183
      vertex -2.98858 2 -6.73853
      vertex -1.67417 2 -6.7048
    endloop
  endfacet
  facet normal 0 1 -0
    outer loop
      vertex -1.7 2 -7
      vertex -2.98858 2 -6.73853
      vertex -1.69353 2 -6.85183
    endloop
  endfacet
  facet normal 0 1 0
    outer loop
      vertex -1.7 2 -7
      vertex -3 2 -7
      vertex -2.98858 2 -6.73853
    endloop
  endfacet
  facet normal 0 1 0
    outer loop
      vertex -1.69353 2 -7.14816
      vertex -3 2 -7
      vertex -1.7 2 -7
    endloop
  endfacet
  facet normal 0 1 0
    outer loop
      vertex -1.69353 2 -7.14816
      vertex -2.98858 2 -7.26147
      vertex -3 2 -7
    endloop
  endfacet
  facet normal 0 1 0
    outer loop
      vertex -1.67417 2 -7.2952
      vertex -2.98858 2 -7.26147
      vertex -1.69353 2 -7.14816
    endloop
  endfacet
  facet normal 0 1 0
    outer loop
      vertex -2.95442 2 -7.52094
      vertex -1.67417 2 -7.2952
      vertex -1.64207 2 -7.43999
    endloop
  endfacet
  facet normal 0 1 0
    outer loop
      vertex -1.67417 2 -7.2952
      vertex -2.95442 2 -7.52094
      vertex -2.98858 2 -7.26147
    endloop
  endfacet
  facet normal 0 1 0
    outer loop
      vertex -2.89778 2 -7.77646
      vertex -1.64207 2 -7.43999
      vertex -1.59748 2 -7.58143
    endloop
  endfacet
  facet normal 0 1 0
    outer loop
      vertex -2.81908 2 -8.02606
      vertex -1.59748 2 -7.58143
      vertex -1.54072 2 -7.71845
    endloop
  endfacet
  facet normal 0 1 0
    outer loop
      vertex -1.64207 2 -7.43999
      vertex -2.89778 2 -7.77646
      vertex -2.95442 2 -7.52094
    endloop
  endfacet
  facet normal 0 1 0
    outer loop
      vertex -2.71892 2 -8.26785
      vertex -1.54072 2 -7.71845
      vertex -1.47224 2 -7.85
    endloop
  endfacet
  facet normal 0 1 0
    outer loop
      vertex -2.59808 2 -8.5
      vertex -1.47224 2 -7.85
      vertex -1.39256 2 -7.97508
    endloop
  endfacet
  facet normal 0 1 0
    outer loop
      vertex -1.59748 2 -7.58143
      vertex -2.81908 2 -8.02606
      vertex -2.89778 2 -7.77646
    endloop
  endfacet
  facet normal 0 1 0
    outer loop
      vertex -2.45746 2 -8.72073
      vertex -1.39256 2 -7.97508
      vertex -1.30227 2 -8.09274
    endloop
  endfacet
  facet normal 0 1 0
    outer loop
      vertex -2.29813 2 -8.92836
      vertex -1.30227 2 -8.09274
      vertex -1.20208 2 -8.20208
    endloop
  endfacet
  facet normal 0 1 0
    outer loop
      vertex -1.54072 2 -7.71845
      vertex -2.71892 2 -8.26785
      vertex -2.81908 2 -8.02606
    endloop
  endfacet
  facet normal 0 1 0
    outer loop
      vertex -2.12132 2 -9.12132
      vertex -1.20208 2 -8.20208
      vertex -1.09274 2 -8.30227
    endloop
  endfacet
  facet normal 0 1 0
    outer loop
      vertex -1.92836 2 -9.29813
      vertex -1.09274 2 -8.30227
      vertex -0.97508 2 -8.39256
    endloop
  endfacet
  facet normal 0 1 0
    outer loop
      vertex -1.72073 2 -9.45746
      vertex -0.97508 2 -8.39256
      vertex -0.849999 2 -8.47224
    endloop
  endfacet
  facet normal 0 1 0
    outer loop
      vertex -1.47224 2 -7.85
      vertex -2.59808 2 -8.5
      vertex -2.71892 2 -8.26785
    endloop
  endfacet
  facet normal 0 1 0
    outer loop
      vertex -1.5 2 -9.59808
      vertex -0.849999 2 -8.47224
      vertex -0.718451 2 -8.54072
    endloop
  endfacet
  facet normal 0 1 0
    outer loop
      vertex -1.26785 2 -9.71892
      vertex -0.718451 2 -8.54072
      vertex -0.581433 2 -8.59748
    endloop
  endfacet
  facet normal 0 1 0
    outer loop
      vertex -1.02606 2 -9.81908
      vertex -0.581433 2 -8.59748
      vertex -0.439992 2 -8.64207
    endloop
  endfacet
  facet normal 0 1 0
    outer loop
      vertex -0.776457 2 -9.89778
      vertex -0.439992 2 -8.64207
      vertex -0.295201 2 -8.67417
    endloop
  endfacet
  facet normal 0 1 0
    outer loop
      vertex -0.520944 2 -9.95442
      vertex -0.295201 2 -8.67417
      vertex -0.148165 2 -8.69353
    endloop
  endfacet
  facet normal 0 1 0
    outer loop
      vertex -1.39256 2 -7.97508
      vertex -2.45746 2 -8.72073
      vertex -2.59808 2 -8.5
    endloop
  endfacet
  facet normal 0 1 0
    outer loop
      vertex -0.261467 2 -9.98858
      vertex -0.148165 2 -8.69353
      vertex 0 2 -8.7
    endloop
  endfacet
  facet normal 0 1 -0
    outer loop
      vertex 1.26785 2 -9.71892
      vertex 0.718451 2 -8.54072
      vertex 1.5 2 -9.59808
    endloop
  endfacet
  facet normal 0 1 0
    outer loop
      vertex 0.718451 2 -8.54072
      vertex 1.26785 2 -9.71892
      vertex 0.581433 2 -8.59748
    endloop
  endfacet
  facet normal 0 1 0
    outer loop
      vertex -1.30227 2 -8.09274
      vertex -2.29813 2 -8.92836
      vertex -2.45746 2 -8.72073
    endloop
  endfacet
  facet normal 0 1 -0
    outer loop
      vertex 1.02606 2 -9.81908
      vertex 0.581433 2 -8.59748
      vertex 1.26785 2 -9.71892
    endloop
  endfacet
  facet normal 0 1 0
    outer loop
      vertex -1.20208 2 -8.20208
      vertex -2.12132 2 -9.12132
      vertex -2.29813 2 -8.92836
    endloop
  endfacet
  facet normal 0 1 0
    outer loop
      vertex 0.581433 2 -8.59748
      vertex 1.02606 2 -9.81908
      vertex 0.439992 2 -8.64207
    endloop
  endfacet
  facet normal 0 1 0
    outer loop
      vertex -1.09274 2 -8.30227
      vertex -1.92836 2 -9.29813
      vertex -2.12132 2 -9.12132
    endloop
  endfacet
  facet normal 0 1 -0
    outer loop
      vertex 0.776457 2 -9.89778
      vertex 0.439992 2 -8.64207
      vertex 1.02606 2 -9.81908
    endloop
  endfacet
  facet normal 0 1 0
    outer loop
      vertex -0.97508 2 -8.39256
      vertex -1.72073 2 -9.45746
      vertex -1.92836 2 -9.29813
    endloop
  endfacet
  facet normal 0 1 0
    outer loop
      vertex 0.439992 2 -8.64207
      vertex 0.776457 2 -9.89778
      vertex 0.295201 2 -8.67417
    endloop
  endfacet
  facet normal 0 1 0
    outer loop
      vertex -0.849999 2 -8.47224
      vertex -1.5 2 -9.59808
      vertex -1.72073 2 -9.45746
    endloop
  endfacet
  facet normal 0 1 -0
    outer loop
      vertex 0.520944 2 -9.95442
      vertex 0.295201 2 -8.67417
      vertex 0.776457 2 -9.89778
    endloop
  endfacet
  facet normal 0 1 0
    outer loop
      vertex -0.718451 2 -8.54072
      vertex -1.26785 2 -9.71892
      vertex -1.5 2 -9.59808
    endloop
  endfacet
  facet normal 0 1 0
    outer loop
      vertex 0.295201 2 -8.67417
      vertex 0.520944 2 -9.95442
      vertex 0.148165 2 -8.69353
    endloop
  endfacet
  facet normal 0 1 0
    outer loop
      vertex -0.581433 2 -8.59748
      vertex -1.02606 2 -9.81908
      vertex -1.26785 2 -9.71892
    endloop
  endfacet
  facet normal 0 1 -0
    outer loop
      vertex 0.261467 2 -9.98858
      vertex 0.148165 2 -8.69353
      vertex 0.520944 2 -9.95442
    endloop
  endfacet
  facet normal 0 1 0
    outer loop
      vertex -0.439992 2 -8.64207
      vertex -0.776457 2 -9.89778
      vertex -1.02606 2 -9.81908
    endloop
  endfacet
  facet normal 0 1 0
    outer loop
      vertex 0.148165 2 -8.69353
      vertex 0.261467 2 -9.98858
      vertex 0 2 -8.7
    endloop
  endfacet
  facet normal 0 1 0
    outer loop
      vertex -0.295201 2 -8.67417
      vertex -0.520944 2 -9.95442
      vertex -0.776457 2 -9.89778
    endloop
  endfacet
  facet normal 0 1 0
    outer loop
      vertex 0 2 -10
      vertex 0 2 -8.7
      vertex 0.261467 2 -9.98858
    endloop
  endfacet
  facet normal 0 1 0
    outer loop
      vertex -0.148165 2 -8.69353
      vertex -0.261467 2 -9.98858
      vertex -0.520944 2 -9.95442
    endloop
  endfacet
  facet normal 0 1 0
    outer loop
      vertex 0 2 -8.7
      vertex 0 2 -10
      vertex -0.261467 2 -9.98858
    endloop
  endfacet
  facet normal 0.608785 0 0.793335
    outer loop
      vertex -1.92836 4 -9.29813
      vertex -1.72073 2 -9.45746
      vertex -1.72073 4 -9.45746
    endloop
  endfacet
  facet normal 0.608785 0 0.793335
    outer loop
      vertex -1.72073 2 -9.45746
      vertex -1.92836 4 -9.29813
      vertex -1.92836 2 -9.29813
    endloop
  endfacet
  facet normal 0.382707 0 0.92387
    outer loop
      vertex -1.26785 4 -9.71892
      vertex -1.02606 2 -9.81908
      vertex -1.02606 4 -9.81908
    endloop
  endfacet
  facet normal 0.382707 0 0.92387
    outer loop
      vertex -1.02606 2 -9.81908
      vertex -1.26785 4 -9.71892
      vertex -1.26785 2 -9.71892
    endloop
  endfacet
  facet normal -0.991445 0 -0.130527
    outer loop
      vertex 2.98858 2 -6.73853
      vertex 2.95442 4 -6.47906
      vertex 2.98858 4 -6.73853
    endloop
  endfacet
  facet normal -0.991445 -0 -0.130527
    outer loop
      vertex 2.95442 4 -6.47906
      vertex 2.98858 2 -6.73853
      vertex 2.95442 2 -6.47906
    endloop
  endfacet
  facet normal 0.216418 0 0.976301
    outer loop
      vertex -0.776457 4 -9.89778
      vertex -0.520944 2 -9.95442
      vertex -0.520944 4 -9.95442
    endloop
  endfacet
  facet normal 0.216418 0 0.976301
    outer loop
      vertex -0.520944 2 -9.95442
      vertex -0.776457 4 -9.89778
      vertex -0.776457 2 -9.89778
    endloop
  endfacet
  facet normal -0.953715 0 0.300711
    outer loop
      vertex 2.81908 2 -8.02606
      vertex 2.89778 4 -7.77646
      vertex 2.81908 4 -8.02606
    endloop
  endfacet
  facet normal -0.953715 0 0.300711
    outer loop
      vertex 2.89778 4 -7.77646
      vertex 2.81908 2 -8.02606
      vertex 2.89778 2 -7.77646
    endloop
  endfacet
  facet normal -0.608785 0 0.793335
    outer loop
      vertex 1.72073 4 -9.45746
      vertex 1.92836 2 -9.29813
      vertex 1.92836 4 -9.29813
    endloop
  endfacet
  facet normal -0.608785 0 0.793335
    outer loop
      vertex 1.92836 2 -9.29813
      vertex 1.72073 4 -9.45746
      vertex 1.72073 2 -9.45746
    endloop
  endfacet
  facet normal 0.887018 0 -0.461735
    outer loop
      vertex -2.59808 2 -5.5
      vertex -2.71892 4 -5.73214
      vertex -2.59808 4 -5.5
    endloop
  endfacet
  facet normal 0.887018 0 -0.461735
    outer loop
      vertex -2.71892 4 -5.73214
      vertex -2.59808 2 -5.5
      vertex -2.71892 2 -5.73214
    endloop
  endfacet
  facet normal -0.793335 0 -0.608785
    outer loop
      vertex 2.45746 2 -5.27927
      vertex 2.29813 4 -5.07164
      vertex 2.45746 4 -5.27927
    endloop
  endfacet
  facet normal -0.793335 -0 -0.608785
    outer loop
      vertex 2.29813 4 -5.07164
      vertex 2.45746 2 -5.27927
      vertex 2.29813 2 -5.07164
    endloop
  endfacet
  facet normal -0.793335 0 0.608785
    outer loop
      vertex 2.29813 2 -8.92836
      vertex 2.45746 4 -8.72073
      vertex 2.29813 4 -8.92836
    endloop
  endfacet
  facet normal -0.793335 0 0.608785
    outer loop
      vertex 2.45746 4 -8.72073
      vertex 2.29813 2 -8.92836
      vertex 2.45746 2 -8.72073
    endloop
  endfacet
  facet normal -0.976302 0 -0.216413
    outer loop
      vertex 2.95442 2 -6.47906
      vertex 2.89778 4 -6.22354
      vertex 2.95442 4 -6.47906
    endloop
  endfacet
  facet normal -0.976302 -0 -0.216413
    outer loop
      vertex 2.89778 4 -6.22354
      vertex 2.95442 2 -6.47906
      vertex 2.89778 2 -6.22354
    endloop
  endfacet
  facet normal 0.976302 0 -0.216413
    outer loop
      vertex -2.89778 2 -6.22354
      vertex -2.95442 4 -6.47906
      vertex -2.89778 4 -6.22354
    endloop
  endfacet
  facet normal 0.976302 0 -0.216413
    outer loop
      vertex -2.95442 4 -6.47906
      vertex -2.89778 2 -6.22354
      vertex -2.95442 2 -6.47906
    endloop
  endfacet
  facet normal 0.737287 0 -0.675579
    outer loop
      vertex -2.12132 2 -4.87868
      vertex -2.29813 4 -5.07164
      vertex -2.12132 4 -4.87868
    endloop
  endfacet
  facet normal 0.737287 0 -0.675579
    outer loop
      vertex -2.29813 4 -5.07164
      vertex -2.12132 2 -4.87868
      vertex -2.29813 2 -5.07164
    endloop
  endfacet
  facet normal -0.46172 0 0.887026
    outer loop
      vertex 1.26785 4 -9.71892
      vertex 1.5 2 -9.59808
      vertex 1.5 4 -9.59808
    endloop
  endfacet
  facet normal -0.46172 0 0.887026
    outer loop
      vertex 1.5 2 -9.59808
      vertex 1.26785 4 -9.71892
      vertex 1.26785 2 -9.71892
    endloop
  endfacet
  facet normal -0.537298 0 0.843392
    outer loop
      vertex 1.5 4 -9.59808
      vertex 1.72073 2 -9.45746
      vertex 1.72073 4 -9.45746
    endloop
  endfacet
  facet normal -0.537298 0 0.843392
    outer loop
      vertex 1.72073 2 -9.45746
      vertex 1.5 4 -9.59808
      vertex 1.5 2 -9.59808
    endloop
  endfacet
  facet normal 0.675557 0 0.737308
    outer loop
      vertex -2 4 -9.23249
      vertex -1.92836 2 -9.29813
      vertex -1.92836 4 -9.29813
    endloop
  endfacet
  facet normal 0.675593 -0 0.737275
    outer loop
      vertex -2.12132 2 -9.12132
      vertex -2 4 -9.23249
      vertex -2.12132 4 -9.12132
    endloop
  endfacet
  facet normal 0.675579 1.4787e-06 0.737287
    outer loop
      vertex -2 4 -9.23249
      vertex -2.12132 2 -9.12132
      vertex -1.92836 2 -9.29813
    endloop
  endfacet
  facet normal -0.92387 0 0.382707
    outer loop
      vertex 2.71892 2 -8.26785
      vertex 2.81908 4 -8.02606
      vertex 2.71892 4 -8.26785
    endloop
  endfacet
  facet normal -0.92387 0 0.382707
    outer loop
      vertex 2.81908 4 -8.02606
      vertex 2.71892 2 -8.26785
      vertex 2.81908 2 -8.02606
    endloop
  endfacet
  facet normal -0.923875 0 -0.382694
    outer loop
      vertex 2.81908 2 -5.97394
      vertex 2.71892 4 -5.73214
      vertex 2.81908 4 -5.97394
    endloop
  endfacet
  facet normal -0.923875 -0 -0.382694
    outer loop
      vertex 2.71892 4 -5.73214
      vertex 2.81908 2 -5.97394
      vertex 2.71892 2 -5.73214
    endloop
  endfacet
  facet normal -0.382707 0 0.92387
    outer loop
      vertex 1.02606 4 -9.81908
      vertex 1.26785 2 -9.71892
      vertex 1.26785 4 -9.71892
    endloop
  endfacet
  facet normal -0.382707 0 0.92387
    outer loop
      vertex 1.26785 2 -9.71892
      vertex 1.02606 4 -9.81908
      vertex 1.02606 2 -9.81908
    endloop
  endfacet
  facet normal 0.887026 -0 0.46172
    outer loop
      vertex -2.71892 2 -8.26785
      vertex -2.59808 4 -8.5
      vertex -2.71892 4 -8.26785
    endloop
  endfacet
  facet normal 0.887026 0 0.46172
    outer loop
      vertex -2.59808 4 -8.5
      vertex -2.71892 2 -8.26785
      vertex -2.59808 2 -8.5
    endloop
  endfacet
  facet normal -0.999048 0 -0.0436345
    outer loop
      vertex 3 2 -7
      vertex 2.98858 4 -6.73853
      vertex 3 4 -7
    endloop
  endfacet
  facet normal -0.999048 -0 -0.0436345
    outer loop
      vertex 2.98858 4 -6.73853
      vertex 3 2 -7
      vertex 2.98858 2 -6.73853
    endloop
  endfacet
  facet normal -0.608785 0 -0.793335
    outer loop
      vertex 1.72073 2 -4.54254
      vertex 1.92836 3.79486 -4.70187
      vertex 1.92836 2 -4.70187
    endloop
  endfacet
  facet normal -0.608785 0 -0.793335
    outer loop
      vertex 1.92836 3.79486 -4.70187
      vertex 1.72073 2 -4.54254
      vertex 1.72073 3.89241 -4.54254
    endloop
  endfacet
  facet normal 0.043635 0 0.999048
    outer loop
      vertex -0.261467 4 -9.98858
      vertex 0 2 -10
      vertex 0 4 -10
    endloop
  endfacet
  facet normal 0.043635 0 0.999048
    outer loop
      vertex 0 2 -10
      vertex -0.261467 4 -9.98858
      vertex -0.261467 2 -9.98858
    endloop
  endfacet
  facet normal 0.976302 -0 0.216413
    outer loop
      vertex -2.95442 2 -7.52094
      vertex -2.89778 4 -7.77646
      vertex -2.95442 4 -7.52094
    endloop
  endfacet
  facet normal 0.976302 0 0.216413
    outer loop
      vertex -2.89778 4 -7.77646
      vertex -2.95442 2 -7.52094
      vertex -2.89778 2 -7.77646
    endloop
  endfacet
  facet normal -0.537298 0 -0.843392
    outer loop
      vertex 1.5 2 -4.40192
      vertex 1.72073 3.89241 -4.54254
      vertex 1.72073 2 -4.54254
    endloop
  endfacet
  facet normal -0.537298 0 -0.843392
    outer loop
      vertex 1.72073 3.89241 -4.54254
      vertex 1.5 2 -4.40192
      vertex 1.5 3.97851 -4.40192
    endloop
  endfacet
  facet normal -0.130523 0 -0.991445
    outer loop
      vertex 0.261467 2 -4.01142
      vertex 0.520944 4 -4.04558
      vertex 0.520944 2 -4.04558
    endloop
  endfacet
  facet normal -0.130523 0 -0.991445
    outer loop
      vertex 0.520944 4 -4.04558
      vertex 0.261467 2 -4.01142
      vertex 0.261467 4 -4.01142
    endloop
  endfacet
  facet normal 0.608785 0 -0.793335
    outer loop
      vertex -1.92836 3.79486 -4.70187
      vertex -1.72073 2 -4.54254
      vertex -1.92836 2 -4.70187
    endloop
  endfacet
  facet normal 0.608785 0 -0.793335
    outer loop
      vertex -1.72073 2 -4.54254
      vertex -1.92836 3.79486 -4.70187
      vertex -1.72073 3.89241 -4.54254
    endloop
  endfacet
  facet normal -0.953715 0 -0.300711
    outer loop
      vertex 2.89778 2 -6.22354
      vertex 2.81908 4 -5.97394
      vertex 2.89778 4 -6.22354
    endloop
  endfacet
  facet normal -0.953715 -0 -0.300711
    outer loop
      vertex 2.81908 4 -5.97394
      vertex 2.89778 2 -6.22354
      vertex 2.81908 2 -5.97394
    endloop
  endfacet
  facet normal -0.843392 0 -0.537298
    outer loop
      vertex 2.59808 2 -5.5
      vertex 2.45746 4 -5.27927
      vertex 2.59808 4 -5.5
    endloop
  endfacet
  facet normal -0.843392 -0 -0.537298
    outer loop
      vertex 2.45746 4 -5.27927
      vertex 2.59808 2 -5.5
      vertex 2.45746 2 -5.27927
    endloop
  endfacet
  facet normal 0.300707 0 0.953716
    outer loop
      vertex -1.02606 4 -9.81908
      vertex -0.776457 2 -9.89778
      vertex -0.776457 4 -9.89778
    endloop
  endfacet
  facet normal 0.300707 0 0.953716
    outer loop
      vertex -0.776457 2 -9.89778
      vertex -1.02606 4 -9.81908
      vertex -1.02606 2 -9.81908
    endloop
  endfacet
  facet normal 0.793335 -0 0.608785
    outer loop
      vertex -2.45746 2 -8.72073
      vertex -2.29813 4 -8.92836
      vertex -2.45746 4 -8.72073
    endloop
  endfacet
  facet normal 0.793335 0 0.608785
    outer loop
      vertex -2.29813 4 -8.92836
      vertex -2.45746 2 -8.72073
      vertex -2.29813 2 -8.92836
    endloop
  endfacet
  facet normal -0.043635 0 -0.999048
    outer loop
      vertex 0 2 -4
      vertex 0.261467 4 -4.01142
      vertex 0.261467 2 -4.01142
    endloop
  endfacet
  facet normal -0.043635 0 -0.999048
    outer loop
      vertex 0.261467 4 -4.01142
      vertex 0 2 -4
      vertex 0 4 -4
    endloop
  endfacet
  facet normal -0.043635 0 0.999048
    outer loop
      vertex 0 4 -10
      vertex 0.261467 2 -9.98858
      vertex 0.261467 4 -9.98858
    endloop
  endfacet
  facet normal -0.043635 0 0.999048
    outer loop
      vertex 0.261467 2 -9.98858
      vertex 0 4 -10
      vertex 0 2 -10
    endloop
  endfacet
  facet normal 0.923875 0 -0.382694
    outer loop
      vertex -2.71892 2 -5.73214
      vertex -2.81908 4 -5.97394
      vertex -2.71892 4 -5.73214
    endloop
  endfacet
  facet normal 0.923875 0 -0.382694
    outer loop
      vertex -2.81908 4 -5.97394
      vertex -2.71892 2 -5.73214
      vertex -2.81908 2 -5.97394
    endloop
  endfacet
  facet normal -0.887026 0 0.46172
    outer loop
      vertex 2.59808 2 -8.5
      vertex 2.71892 4 -8.26785
      vertex 2.59808 4 -8.5
    endloop
  endfacet
  facet normal -0.887026 0 0.46172
    outer loop
      vertex 2.71892 4 -8.26785
      vertex 2.59808 2 -8.5
      vertex 2.71892 2 -8.26785
    endloop
  endfacet
  facet normal 0.130523 0 -0.991445
    outer loop
      vertex -0.520944 2 -4.04558
      vertex -0.261467 4 -4.01142
      vertex -0.261467 2 -4.01142
    endloop
  endfacet
  facet normal 0.130523 0 -0.991445
    outer loop
      vertex -0.261467 4 -4.01142
      vertex -0.520944 2 -4.04558
      vertex -0.520944 4 -4.04558
    endloop
  endfacet
  facet normal -0.843392 0 0.537298
    outer loop
      vertex 2.45746 2 -8.72073
      vertex 2.59808 4 -8.5
      vertex 2.45746 4 -8.72073
    endloop
  endfacet
  facet normal -0.843392 0 0.537298
    outer loop
      vertex 2.59808 4 -8.5
      vertex 2.45746 2 -8.72073
      vertex 2.59808 2 -8.5
    endloop
  endfacet
  facet normal 0.737287 -0 0.675579
    outer loop
      vertex -2.29813 2 -8.92836
      vertex -2.12132 4 -9.12132
      vertex -2.29813 4 -8.92836
    endloop
  endfacet
  facet normal 0.737287 0 0.675579
    outer loop
      vertex -2.12132 4 -9.12132
      vertex -2.29813 2 -8.92836
      vertex -2.12132 2 -9.12132
    endloop
  endfacet
  facet normal 0.843392 0 -0.537298
    outer loop
      vertex -2.45746 2 -5.27927
      vertex -2.59808 4 -5.5
      vertex -2.45746 4 -5.27927
    endloop
  endfacet
  facet normal 0.843392 0 -0.537298
    outer loop
      vertex -2.59808 4 -5.5
      vertex -2.45746 2 -5.27927
      vertex -2.59808 2 -5.5
    endloop
  endfacet
  facet normal 0.843392 -0 0.537298
    outer loop
      vertex -2.59808 2 -8.5
      vertex -2.45746 4 -8.72073
      vertex -2.59808 4 -8.5
    endloop
  endfacet
  facet normal 0.843392 0 0.537298
    outer loop
      vertex -2.45746 4 -8.72073
      vertex -2.59808 2 -8.5
      vertex -2.45746 2 -8.72073
    endloop
  endfacet
  facet normal 0.46172 0 0.887026
    outer loop
      vertex -1.5 4 -9.59808
      vertex -1.26785 2 -9.71892
      vertex -1.26785 4 -9.71892
    endloop
  endfacet
  facet normal 0.46172 0 0.887026
    outer loop
      vertex -1.26785 2 -9.71892
      vertex -1.5 4 -9.59808
      vertex -1.5 2 -9.59808
    endloop
  endfacet
  facet normal 0.991445 0 -0.130527
    outer loop
      vertex -2.95442 2 -6.47906
      vertex -2.98858 4 -6.73853
      vertex -2.95442 4 -6.47906
    endloop
  endfacet
  facet normal 0.991445 0 -0.130527
    outer loop
      vertex -2.98858 4 -6.73853
      vertex -2.95442 2 -6.47906
      vertex -2.98858 2 -6.73853
    endloop
  endfacet
  facet normal 0.216418 0 -0.976301
    outer loop
      vertex -0.776457 2 -4.10222
      vertex -0.520944 4 -4.04558
      vertex -0.520944 2 -4.04558
    endloop
  endfacet
  facet normal 0.216418 0 -0.976301
    outer loop
      vertex -0.520944 4 -4.04558
      vertex -0.776457 2 -4.10222
      vertex -0.776457 4 -4.10222
    endloop
  endfacet
  facet normal 0.130523 0 0.991445
    outer loop
      vertex -0.520944 4 -9.95442
      vertex -0.261467 2 -9.98858
      vertex -0.261467 4 -9.98858
    endloop
  endfacet
  facet normal 0.130523 0 0.991445
    outer loop
      vertex -0.261467 2 -9.98858
      vertex -0.520944 4 -9.95442
      vertex -0.520944 2 -9.95442
    endloop
  endfacet
  facet normal -0.300707 0 -0.953716
    outer loop
      vertex 0.776457 2 -4.10222
      vertex 1.02606 4 -4.18092
      vertex 1.02606 2 -4.18092
    endloop
  endfacet
  facet normal -0.300707 0 -0.953716
    outer loop
      vertex 1.02606 4 -4.18092
      vertex 0.776457 2 -4.10222
      vertex 0.776457 4 -4.10222
    endloop
  endfacet
  facet normal -0.46172 0 -0.887026
    outer loop
      vertex 1.26785 2 -4.28108
      vertex 1.5 3.97851 -4.40192
      vertex 1.5 2 -4.40192
    endloop
  endfacet
  facet normal -0.46172 -0 -0.887026
    outer loop
      vertex 1.26785 4 -4.28108
      vertex 1.5 3.97851 -4.40192
      vertex 1.26785 2 -4.28108
    endloop
  endfacet
  facet normal -0.461714 7.9952e-05 -0.887029
    outer loop
      vertex 1.5 3.97851 -4.40192
      vertex 1.26785 4 -4.28108
      vertex 1.43259 4 -4.36683
    endloop
  endfacet
  facet normal -0.382707 0 -0.92387
    outer loop
      vertex 1.02606 2 -4.18092
      vertex 1.26785 4 -4.28108
      vertex 1.26785 2 -4.28108
    endloop
  endfacet
  facet normal -0.382707 0 -0.92387
    outer loop
      vertex 1.26785 4 -4.28108
      vertex 1.02606 2 -4.18092
      vertex 1.02606 4 -4.18092
    endloop
  endfacet
  facet normal -0.737287 0 0.675579
    outer loop
      vertex 2.12132 2 -9.12132
      vertex 2.29813 4 -8.92836
      vertex 2.12132 4 -9.12132
    endloop
  endfacet
  facet normal -0.737287 0 0.675579
    outer loop
      vertex 2.29813 4 -8.92836
      vertex 2.12132 2 -9.12132
      vertex 2.29813 2 -8.92836
    endloop
  endfacet
  facet normal 0.675557 0 -0.737308
    outer loop
      vertex -1.92836 2 -4.70187
      vertex -2 3.75466 -4.76751
      vertex -1.92836 3.79486 -4.70187
    endloop
  endfacet
  facet normal 0.675579 1.68546e-06 -0.737287
    outer loop
      vertex -2.12132 2 -4.87868
      vertex -2 3.75466 -4.76751
      vertex -1.92836 2 -4.70187
    endloop
  endfacet
  facet normal 0.675593 0 -0.737275
    outer loop
      vertex -2.12132 4 -4.87868
      vertex -2 3.75466 -4.76751
      vertex -2.12132 2 -4.87868
    endloop
  endfacet
  facet normal 0.675593 0 -0.737275
    outer loop
      vertex -2 3.75466 -4.76751
      vertex -2.12132 4 -4.87868
      vertex -2 4 -4.76751
    endloop
  endfacet
  facet normal -0.300707 0 0.953716
    outer loop
      vertex 0.776457 4 -9.89778
      vertex 1.02606 2 -9.81908
      vertex 1.02606 4 -9.81908
    endloop
  endfacet
  facet normal -0.300707 0 0.953716
    outer loop
      vertex 1.02606 2 -9.81908
      vertex 0.776457 4 -9.89778
      vertex 0.776457 2 -9.89778
    endloop
  endfacet
  facet normal -0.887018 0 -0.461735
    outer loop
      vertex 2.71892 2 -5.73214
      vertex 2.59808 4 -5.5
      vertex 2.71892 4 -5.73214
    endloop
  endfacet
  facet normal -0.887018 -0 -0.461735
    outer loop
      vertex 2.59808 4 -5.5
      vertex 2.71892 2 -5.73214
      vertex 2.59808 2 -5.5
    endloop
  endfacet
  facet normal 0.382707 0 -0.92387
    outer loop
      vertex -1.26785 2 -4.28108
      vertex -1.02606 4 -4.18092
      vertex -1.02606 2 -4.18092
    endloop
  endfacet
  facet normal 0.382707 0 -0.92387
    outer loop
      vertex -1.02606 4 -4.18092
      vertex -1.26785 2 -4.28108
      vertex -1.26785 4 -4.28108
    endloop
  endfacet
  facet normal 0.793335 0 -0.608785
    outer loop
      vertex -2.29813 2 -5.07164
      vertex -2.45746 4 -5.27927
      vertex -2.29813 4 -5.07164
    endloop
  endfacet
  facet normal 0.793335 0 -0.608785
    outer loop
      vertex -2.45746 4 -5.27927
      vertex -2.29813 2 -5.07164
      vertex -2.45746 2 -5.27927
    endloop
  endfacet
  facet normal -0.675593 0 0.737275
    outer loop
      vertex 2 4 -9.23249
      vertex 2.12132 2 -9.12132
      vertex 2.12132 4 -9.12132
    endloop
  endfacet
  facet normal -0.675557 0 0.737308
    outer loop
      vertex 1.92836 2 -9.29813
      vertex 2 4 -9.23249
      vertex 1.92836 4 -9.29813
    endloop
  endfacet
  facet normal -0.675579 1.4787e-06 0.737287
    outer loop
      vertex 2 4 -9.23249
      vertex 1.92836 2 -9.29813
      vertex 2.12132 2 -9.12132
    endloop
  endfacet
  facet normal 0.953715 0 -0.300711
    outer loop
      vertex -2.81908 2 -5.97394
      vertex -2.89778 4 -6.22354
      vertex -2.81908 4 -5.97394
    endloop
  endfacet
  facet normal 0.953715 0 -0.300711
    outer loop
      vertex -2.89778 4 -6.22354
      vertex -2.81908 2 -5.97394
      vertex -2.89778 2 -6.22354
    endloop
  endfacet
  facet normal 0.537298 0 -0.843392
    outer loop
      vertex -1.72073 3.89241 -4.54254
      vertex -1.5 2 -4.40192
      vertex -1.72073 2 -4.54254
    endloop
  endfacet
  facet normal 0.537298 0 -0.843392
    outer loop
      vertex -1.5 2 -4.40192
      vertex -1.72073 3.89241 -4.54254
      vertex -1.5 3.97851 -4.40192
    endloop
  endfacet
  facet normal 0.92387 -0 0.382707
    outer loop
      vertex -2.81908 2 -8.02606
      vertex -2.71892 4 -8.26785
      vertex -2.81908 4 -8.02606
    endloop
  endfacet
  facet normal 0.92387 0 0.382707
    outer loop
      vertex -2.71892 4 -8.26785
      vertex -2.81908 2 -8.02606
      vertex -2.71892 2 -8.26785
    endloop
  endfacet
  facet normal 0.043635 0 -0.999048
    outer loop
      vertex -0.261467 2 -4.01142
      vertex 0 4 -4
      vertex 0 2 -4
    endloop
  endfacet
  facet normal 0.043635 0 -0.999048
    outer loop
      vertex 0 4 -4
      vertex -0.261467 2 -4.01142
      vertex -0.261467 4 -4.01142
    endloop
  endfacet
  facet normal -0.216418 0 0.976301
    outer loop
      vertex 0.520944 4 -9.95442
      vertex 0.776457 2 -9.89778
      vertex 0.776457 4 -9.89778
    endloop
  endfacet
  facet normal -0.216418 0 0.976301
    outer loop
      vertex 0.776457 2 -9.89778
      vertex 0.520944 4 -9.95442
      vertex 0.520944 2 -9.95442
    endloop
  endfacet
  facet normal 0.999048 0 -0.0436345
    outer loop
      vertex -2.98858 2 -6.73853
      vertex -3 4 -7
      vertex -2.98858 4 -6.73853
    endloop
  endfacet
  facet normal 0.999048 0 -0.0436345
    outer loop
      vertex -3 4 -7
      vertex -2.98858 2 -6.73853
      vertex -3 2 -7
    endloop
  endfacet
  facet normal 0.300707 0 -0.953716
    outer loop
      vertex -1.02606 2 -4.18092
      vertex -0.776457 4 -4.10222
      vertex -0.776457 2 -4.10222
    endloop
  endfacet
  facet normal 0.300707 0 -0.953716
    outer loop
      vertex -0.776457 4 -4.10222
      vertex -1.02606 2 -4.18092
      vertex -1.02606 4 -4.18092
    endloop
  endfacet
  facet normal -0.216418 0 -0.976301
    outer loop
      vertex 0.520944 2 -4.04558
      vertex 0.776457 4 -4.10222
      vertex 0.776457 2 -4.10222
    endloop
  endfacet
  facet normal -0.216418 0 -0.976301
    outer loop
      vertex 0.776457 4 -4.10222
      vertex 0.520944 2 -4.04558
      vertex 0.520944 4 -4.04558
    endloop
  endfacet
  facet normal 0.999048 -0 0.0436345
    outer loop
      vertex -3 2 -7
      vertex -2.98858 4 -7.26147
      vertex -3 4 -7
    endloop
  endfacet
  facet normal 0.999048 0 0.0436345
    outer loop
      vertex -2.98858 4 -7.26147
      vertex -3 2 -7
      vertex -2.98858 2 -7.26147
    endloop
  endfacet
  facet normal -0.737287 0 -0.675579
    outer loop
      vertex 2.29813 2 -5.07164
      vertex 2.12132 4 -4.87868
      vertex 2.29813 4 -5.07164
    endloop
  endfacet
  facet normal -0.737287 -0 -0.675579
    outer loop
      vertex 2.12132 4 -4.87868
      vertex 2.29813 2 -5.07164
      vertex 2.12132 2 -4.87868
    endloop
  endfacet
  facet normal -0.675593 0 -0.737275
    outer loop
      vertex 2.12132 2 -4.87868
      vertex 2 3.75466 -4.76751
      vertex 2.12132 4 -4.87868
    endloop
  endfacet
  facet normal -0.675579 1.68546e-06 -0.737287
    outer loop
      vertex 1.92836 2 -4.70187
      vertex 2 3.75466 -4.76751
      vertex 2.12132 2 -4.87868
    endloop
  endfacet
  facet normal -0.675557 0 -0.737308
    outer loop
      vertex 2 3.75466 -4.76751
      vertex 1.92836 2 -4.70187
      vertex 1.92836 3.79486 -4.70187
    endloop
  endfacet
  facet normal -0.675593 0 -0.737275
    outer loop
      vertex 2.12132 4 -4.87868
      vertex 2 3.75466 -4.76751
      vertex 2 4 -4.76751
    endloop
  endfacet
  facet normal 0.46172 0 -0.887026
    outer loop
      vertex -1.5 3.97851 -4.40192
      vertex -1.26785 4 -4.28108
      vertex -1.26785 2 -4.28108
    endloop
  endfacet
  facet normal 0.46172 0 -0.887026
    outer loop
      vertex -1.5 3.97851 -4.40192
      vertex -1.26785 2 -4.28108
      vertex -1.5 2 -4.40192
    endloop
  endfacet
  facet normal 0.461714 7.9952e-05 -0.887029
    outer loop
      vertex -1.26785 4 -4.28108
      vertex -1.5 3.97851 -4.40192
      vertex -1.43259 4 -4.36683
    endloop
  endfacet
  facet normal -0.991445 0 0.130527
    outer loop
      vertex 2.95442 2 6.47906
      vertex 2.98858 4 6.73853
      vertex 2.95442 4 6.47906
    endloop
  endfacet
  facet normal -0.991445 0 0.130527
    outer loop
      vertex 2.98858 4 6.73853
      vertex 2.95442 2 6.47906
      vertex 2.98858 2 6.73853
    endloop
  endfacet
  facet normal -0.999048 0 0.0436345
    outer loop
      vertex 2.98858 2 6.73853
      vertex 3 4 7
      vertex 2.98858 4 6.73853
    endloop
  endfacet
  facet normal -0.999048 0 0.0436345
    outer loop
      vertex 3 4 7
      vertex 2.98858 2 6.73853
      vertex 3 2 7
    endloop
  endfacet
  facet normal 0.300707 0 0.953716
    outer loop
      vertex -1.02606 4 4.18092
      vertex -0.776457 2 4.10222
      vertex -0.776457 4 4.10222
    endloop
  endfacet
  facet normal 0.300707 0 0.953716
    outer loop
      vertex -0.776457 2 4.10222
      vertex -1.02606 4 4.18092
      vertex -1.02606 2 4.18092
    endloop
  endfacet
  facet normal -0.216418 0 -0.976301
    outer loop
      vertex 0.520944 2 9.95442
      vertex 0.776457 4 9.89778
      vertex 0.776457 2 9.89778
    endloop
  endfacet
  facet normal -0.216418 0 -0.976301
    outer loop
      vertex 0.776457 4 9.89778
      vertex 0.520944 2 9.95442
      vertex 0.520944 4 9.95442
    endloop
  endfacet
  facet normal 0.382707 0 -0.92387
    outer loop
      vertex -1.26785 2 9.71892
      vertex -1.02606 4 9.81908
      vertex -1.02606 2 9.81908
    endloop
  endfacet
  facet normal 0.382707 0 -0.92387
    outer loop
      vertex -1.02606 4 9.81908
      vertex -1.26785 2 9.71892
      vertex -1.26785 4 9.71892
    endloop
  endfacet
  facet normal -0.130523 0 -0.991445
    outer loop
      vertex 0.261467 2 9.98858
      vertex 0.520944 4 9.95442
      vertex 0.520944 2 9.95442
    endloop
  endfacet
  facet normal -0.130523 0 -0.991445
    outer loop
      vertex 0.520944 4 9.95442
      vertex 0.261467 2 9.98858
      vertex 0.261467 4 9.98858
    endloop
  endfacet
  facet normal 0.953715 -0 0.300711
    outer loop
      vertex -2.89778 2 6.22354
      vertex -2.81908 4 5.97394
      vertex -2.89778 4 6.22354
    endloop
  endfacet
  facet normal 0.953715 0 0.300711
    outer loop
      vertex -2.81908 4 5.97394
      vertex -2.89778 2 6.22354
      vertex -2.81908 2 5.97394
    endloop
  endfacet
  facet normal 0.675557 0 0.737308
    outer loop
      vertex -2 4 4.76751
      vertex -1.92836 2 4.70187
      vertex -1.92836 4 4.70187
    endloop
  endfacet
  facet normal 0.675593 -0 0.737275
    outer loop
      vertex -2.12132 2 4.87868
      vertex -2 4 4.76751
      vertex -2.12132 4 4.87868
    endloop
  endfacet
  facet normal 0.675579 1.4787e-06 0.737287
    outer loop
      vertex -2 4 4.76751
      vertex -2.12132 2 4.87868
      vertex -1.92836 2 4.70187
    endloop
  endfacet
  facet normal 0.537298 0 0.843392
    outer loop
      vertex -1.72073 4 4.54254
      vertex -1.5 2 4.40192
      vertex -1.5 4 4.40192
    endloop
  endfacet
  facet normal 0.537298 0 0.843392
    outer loop
      vertex -1.5 2 4.40192
      vertex -1.72073 4 4.54254
      vertex -1.72073 2 4.54254
    endloop
  endfacet
  facet normal -0.953715 0 0.300711
    outer loop
      vertex 2.81908 2 5.97394
      vertex 2.89778 4 6.22354
      vertex 2.81908 4 5.97394
    endloop
  endfacet
  facet normal -0.953715 0 0.300711
    outer loop
      vertex 2.89778 4 6.22354
      vertex 2.81908 2 5.97394
      vertex 2.89778 2 6.22354
    endloop
  endfacet
  facet normal 0.953715 0 -0.300711
    outer loop
      vertex -2.81908 2 8.02606
      vertex -2.89778 4 7.77646
      vertex -2.81908 4 8.02606
    endloop
  endfacet
  facet normal 0.953715 0 -0.300711
    outer loop
      vertex -2.89778 4 7.77646
      vertex -2.81908 2 8.02606
      vertex -2.89778 2 7.77646
    endloop
  endfacet
  facet normal -0.537298 0 -0.843392
    outer loop
      vertex 1.5 2 9.59808
      vertex 1.72073 4 9.45746
      vertex 1.72073 2 9.45746
    endloop
  endfacet
  facet normal -0.537298 0 -0.843392
    outer loop
      vertex 1.72073 4 9.45746
      vertex 1.5 2 9.59808
      vertex 1.5 4 9.59808
    endloop
  endfacet
  facet normal 0.976302 0 -0.216413
    outer loop
      vertex -2.89778 2 7.77646
      vertex -2.95442 4 7.52094
      vertex -2.89778 4 7.77646
    endloop
  endfacet
  facet normal 0.976302 0 -0.216413
    outer loop
      vertex -2.95442 4 7.52094
      vertex -2.89778 2 7.77646
      vertex -2.95442 2 7.52094
    endloop
  endfacet
  facet normal -0.675593 0 -0.737275
    outer loop
      vertex 2.12132 2 9.12132
      vertex 2 4 9.23249
      vertex 2.12132 4 9.12132
    endloop
  endfacet
  facet normal -0.675579 1.4787e-06 -0.737287
    outer loop
      vertex 1.92836 2 9.29813
      vertex 2 4 9.23249
      vertex 2.12132 2 9.12132
    endloop
  endfacet
  facet normal -0.675557 0 -0.737308
    outer loop
      vertex 2 4 9.23249
      vertex 1.92836 2 9.29813
      vertex 1.92836 4 9.29813
    endloop
  endfacet
  facet normal -0.976302 0 -0.216413
    outer loop
      vertex 2.95442 2 7.52094
      vertex 2.89778 4 7.77646
      vertex 2.95442 4 7.52094
    endloop
  endfacet
  facet normal -0.976302 -0 -0.216413
    outer loop
      vertex 2.89778 4 7.77646
      vertex 2.95442 2 7.52094
      vertex 2.89778 2 7.77646
    endloop
  endfacet
  facet normal -0.923875 0 0.382694
    outer loop
      vertex 2.71892 2 5.73214
      vertex 2.81908 4 5.97394
      vertex 2.71892 4 5.73214
    endloop
  endfacet
  facet normal -0.923875 0 0.382694
    outer loop
      vertex 2.81908 4 5.97394
      vertex 2.71892 2 5.73214
      vertex 2.81908 2 5.97394
    endloop
  endfacet
  facet normal 0.991445 0 -0.130527
    outer loop
      vertex -2.95442 2 7.52094
      vertex -2.98858 4 7.26147
      vertex -2.95442 4 7.52094
    endloop
  endfacet
  facet normal 0.991445 0 -0.130527
    outer loop
      vertex -2.98858 4 7.26147
      vertex -2.95442 2 7.52094
      vertex -2.98858 2 7.26147
    endloop
  endfacet
  facet normal -0.130523 0 0.991445
    outer loop
      vertex 0.261467 4 4.01142
      vertex 0.520944 2 4.04558
      vertex 0.520944 4 4.04558
    endloop
  endfacet
  facet normal -0.130523 0 0.991445
    outer loop
      vertex 0.520944 2 4.04558
      vertex 0.261467 4 4.01142
      vertex 0.261467 2 4.01142
    endloop
  endfacet
  facet normal 0.793335 0 -0.608785
    outer loop
      vertex -2.29813 2 8.92836
      vertex -2.45746 4 8.72073
      vertex -2.29813 4 8.92836
    endloop
  endfacet
  facet normal 0.793335 0 -0.608785
    outer loop
      vertex -2.45746 4 8.72073
      vertex -2.29813 2 8.92836
      vertex -2.45746 2 8.72073
    endloop
  endfacet
  facet normal -0.793335 0 0.608785
    outer loop
      vertex 2.29813 2 5.07164
      vertex 2.45746 4 5.27927
      vertex 2.29813 4 5.07164
    endloop
  endfacet
  facet normal -0.793335 0 0.608785
    outer loop
      vertex 2.45746 4 5.27927
      vertex 2.29813 2 5.07164
      vertex 2.45746 2 5.27927
    endloop
  endfacet
  facet normal 0.216418 0 -0.976301
    outer loop
      vertex -0.776457 2 9.89778
      vertex -0.520944 4 9.95442
      vertex -0.520944 2 9.95442
    endloop
  endfacet
  facet normal 0.216418 0 -0.976301
    outer loop
      vertex -0.520944 4 9.95442
      vertex -0.776457 2 9.89778
      vertex -0.776457 4 9.89778
    endloop
  endfacet
  facet normal -0.953715 0 -0.300711
    outer loop
      vertex 2.89778 2 7.77646
      vertex 2.81908 4 8.02606
      vertex 2.89778 4 7.77646
    endloop
  endfacet
  facet normal -0.953715 -0 -0.300711
    outer loop
      vertex 2.81908 4 8.02606
      vertex 2.89778 2 7.77646
      vertex 2.81908 2 8.02606
    endloop
  endfacet
  facet normal -0.608785 0 0.793335
    outer loop
      vertex 1.72073 4 4.54254
      vertex 1.92836 2 4.70187
      vertex 1.92836 4 4.70187
    endloop
  endfacet
  facet normal -0.608785 0 0.793335
    outer loop
      vertex 1.92836 2 4.70187
      vertex 1.72073 4 4.54254
      vertex 1.72073 2 4.54254
    endloop
  endfacet
  facet normal 0.737287 -0 0.675579
    outer loop
      vertex -2.29813 2 5.07164
      vertex -2.12132 4 4.87868
      vertex -2.29813 4 5.07164
    endloop
  endfacet
  facet normal 0.737287 0 0.675579
    outer loop
      vertex -2.12132 4 4.87868
      vertex -2.29813 2 5.07164
      vertex -2.12132 2 4.87868
    endloop
  endfacet
  facet normal -0.382707 0 -0.92387
    outer loop
      vertex 1.02606 2 9.81908
      vertex 1.26785 4 9.71892
      vertex 1.26785 2 9.71892
    endloop
  endfacet
  facet normal -0.382707 0 -0.92387
    outer loop
      vertex 1.26785 4 9.71892
      vertex 1.02606 2 9.81908
      vertex 1.02606 4 9.81908
    endloop
  endfacet
  facet normal 0.043635 0 0.999048
    outer loop
      vertex -0.261467 4 4.01142
      vertex 0 2 4
      vertex 0 4 4
    endloop
  endfacet
  facet normal 0.043635 0 0.999048
    outer loop
      vertex 0 2 4
      vertex -0.261467 4 4.01142
      vertex -0.261467 2 4.01142
    endloop
  endfacet
  facet normal 0.46172 0 0.887026
    outer loop
      vertex -1.5 4 4.40192
      vertex -1.26785 2 4.28108
      vertex -1.26785 4 4.28108
    endloop
  endfacet
  facet normal 0.46172 0 0.887026
    outer loop
      vertex -1.26785 2 4.28108
      vertex -1.5 4 4.40192
      vertex -1.5 2 4.40192
    endloop
  endfacet
  facet normal 0.608785 0 0.793335
    outer loop
      vertex -1.92836 4 4.70187
      vertex -1.72073 2 4.54254
      vertex -1.72073 4 4.54254
    endloop
  endfacet
  facet normal 0.608785 0 0.793335
    outer loop
      vertex -1.72073 2 4.54254
      vertex -1.92836 4 4.70187
      vertex -1.92836 2 4.70187
    endloop
  endfacet
  facet normal -0.300707 0 0.953716
    outer loop
      vertex 0.776457 4 4.10222
      vertex 1.02606 2 4.18092
      vertex 1.02606 4 4.18092
    endloop
  endfacet
  facet normal -0.300707 0 0.953716
    outer loop
      vertex 1.02606 2 4.18092
      vertex 0.776457 4 4.10222
      vertex 0.776457 2 4.10222
    endloop
  endfacet
  facet normal 0.608785 0 -0.793335
    outer loop
      vertex -1.92836 2 9.29813
      vertex -1.72073 4 9.45746
      vertex -1.72073 2 9.45746
    endloop
  endfacet
  facet normal 0.608785 0 -0.793335
    outer loop
      vertex -1.72073 4 9.45746
      vertex -1.92836 2 9.29813
      vertex -1.92836 4 9.29813
    endloop
  endfacet
  facet normal 0.843392 -0 0.537298
    outer loop
      vertex -2.59808 2 5.5
      vertex -2.45746 4 5.27927
      vertex -2.59808 4 5.5
    endloop
  endfacet
  facet normal 0.843392 0 0.537298
    outer loop
      vertex -2.45746 4 5.27927
      vertex -2.59808 2 5.5
      vertex -2.45746 2 5.27927
    endloop
  endfacet
  facet normal -0.382707 0 0.92387
    outer loop
      vertex 1.02606 4 4.18092
      vertex 1.26785 2 4.28108
      vertex 1.26785 4 4.28108
    endloop
  endfacet
  facet normal -0.382707 0 0.92387
    outer loop
      vertex 1.26785 2 4.28108
      vertex 1.02606 4 4.18092
      vertex 1.02606 2 4.18092
    endloop
  endfacet
  facet normal -0.46172 0 -0.887026
    outer loop
      vertex 1.26785 2 9.71892
      vertex 1.5 4 9.59808
      vertex 1.5 2 9.59808
    endloop
  endfacet
  facet normal -0.46172 0 -0.887026
    outer loop
      vertex 1.5 4 9.59808
      vertex 1.26785 2 9.71892
      vertex 1.26785 4 9.71892
    endloop
  endfacet
  facet normal -0.537298 0 0.843392
    outer loop
      vertex 1.5 4 4.40192
      vertex 1.72073 2 4.54254
      vertex 1.72073 4 4.54254
    endloop
  endfacet
  facet normal -0.537298 0 0.843392
    outer loop
      vertex 1.72073 2 4.54254
      vertex 1.5 4 4.40192
      vertex 1.5 2 4.40192
    endloop
  endfacet
  facet normal -0.216418 0 0.976301
    outer loop
      vertex 0.520944 4 4.04558
      vertex 0.776457 2 4.10222
      vertex 0.776457 4 4.10222
    endloop
  endfacet
  facet normal -0.216418 0 0.976301
    outer loop
      vertex 0.776457 2 4.10222
      vertex 0.520944 4 4.04558
      vertex 0.520944 2 4.04558
    endloop
  endfacet
  facet normal -0.46172 0 0.887026
    outer loop
      vertex 1.26785 4 4.28108
      vertex 1.5 2 4.40192
      vertex 1.5 4 4.40192
    endloop
  endfacet
  facet normal -0.46172 0 0.887026
    outer loop
      vertex 1.5 2 4.40192
      vertex 1.26785 4 4.28108
      vertex 1.26785 2 4.28108
    endloop
  endfacet
  facet normal -0.043635 0 -0.999048
    outer loop
      vertex 0 2 10
      vertex 0.261467 4 9.98858
      vertex 0.261467 2 9.98858
    endloop
  endfacet
  facet normal -0.043635 0 -0.999048
    outer loop
      vertex 0.261467 4 9.98858
      vertex 0 2 10
      vertex 0 4 10
    endloop
  endfacet
  facet normal -0.843392 0 -0.537298
    outer loop
      vertex 2.59808 2 8.5
      vertex 2.45746 4 8.72073
      vertex 2.59808 4 8.5
    endloop
  endfacet
  facet normal -0.843392 -0 -0.537298
    outer loop
      vertex 2.45746 4 8.72073
      vertex 2.59808 2 8.5
      vertex 2.45746 2 8.72073
    endloop
  endfacet
  facet normal -0.991445 0 -0.130527
    outer loop
      vertex 2.98858 2 7.26147
      vertex 2.95442 4 7.52094
      vertex 2.98858 4 7.26147
    endloop
  endfacet
  facet normal -0.991445 -0 -0.130527
    outer loop
      vertex 2.95442 4 7.52094
      vertex 2.98858 2 7.26147
      vertex 2.95442 2 7.52094
    endloop
  endfacet
  facet normal 0.92387 0 -0.382707
    outer loop
      vertex -2.71892 2 8.26785
      vertex -2.81908 4 8.02606
      vertex -2.71892 4 8.26785
    endloop
  endfacet
  facet normal 0.92387 0 -0.382707
    outer loop
      vertex -2.81908 4 8.02606
      vertex -2.71892 2 8.26785
      vertex -2.81908 2 8.02606
    endloop
  endfacet
  facet normal 0.923875 -0 0.382694
    outer loop
      vertex -2.81908 2 5.97394
      vertex -2.71892 4 5.73214
      vertex -2.81908 4 5.97394
    endloop
  endfacet
  facet normal 0.923875 0 0.382694
    outer loop
      vertex -2.71892 4 5.73214
      vertex -2.81908 2 5.97394
      vertex -2.71892 2 5.73214
    endloop
  endfacet
  facet normal -0.999048 0 -0.0436345
    outer loop
      vertex 3 2 7
      vertex 2.98858 4 7.26147
      vertex 3 4 7
    endloop
  endfacet
  facet normal -0.999048 -0 -0.0436345
    outer loop
      vertex 2.98858 4 7.26147
      vertex 3 2 7
      vertex 2.98858 2 7.26147
    endloop
  endfacet
  facet normal 0.382707 0 0.92387
    outer loop
      vertex -1.26785 4 4.28108
      vertex -1.02606 2 4.18092
      vertex -1.02606 4 4.18092
    endloop
  endfacet
  facet normal 0.382707 0 0.92387
    outer loop
      vertex -1.02606 2 4.18092
      vertex -1.26785 4 4.28108
      vertex -1.26785 2 4.28108
    endloop
  endfacet
  facet normal -0.887018 0 0.461735
    outer loop
      vertex 2.59808 2 5.5
      vertex 2.71892 4 5.73214
      vertex 2.59808 4 5.5
    endloop
  endfacet
  facet normal -0.887018 0 0.461735
    outer loop
      vertex 2.71892 4 5.73214
      vertex 2.59808 2 5.5
      vertex 2.71892 2 5.73214
    endloop
  endfacet
  facet normal -0.737287 0 -0.675579
    outer loop
      vertex 2.29813 2 8.92836
      vertex 2.12132 4 9.12132
      vertex 2.29813 4 8.92836
    endloop
  endfacet
  facet normal -0.737287 -0 -0.675579
    outer loop
      vertex 2.12132 4 9.12132
      vertex 2.29813 2 8.92836
      vertex 2.12132 2 9.12132
    endloop
  endfacet
  facet normal 0.130523 0 -0.991445
    outer loop
      vertex -0.520944 2 9.95442
      vertex -0.261467 4 9.98858
      vertex -0.261467 2 9.98858
    endloop
  endfacet
  facet normal 0.130523 0 -0.991445
    outer loop
      vertex -0.261467 4 9.98858
      vertex -0.520944 2 9.95442
      vertex -0.520944 4 9.95442
    endloop
  endfacet
  facet normal 0.887026 0 -0.46172
    outer loop
      vertex -2.59808 2 8.5
      vertex -2.71892 4 8.26785
      vertex -2.59808 4 8.5
    endloop
  endfacet
  facet normal 0.887026 0 -0.46172
    outer loop
      vertex -2.71892 4 8.26785
      vertex -2.59808 2 8.5
      vertex -2.71892 2 8.26785
    endloop
  endfacet
  facet normal -0.843392 0 0.537298
    outer loop
      vertex 2.45746 2 5.27927
      vertex 2.59808 4 5.5
      vertex 2.45746 4 5.27927
    endloop
  endfacet
  facet normal -0.843392 0 0.537298
    outer loop
      vertex 2.59808 4 5.5
      vertex 2.45746 2 5.27927
      vertex 2.59808 2 5.5
    endloop
  endfacet
  facet normal 0.300707 0 -0.953716
    outer loop
      vertex -1.02606 2 9.81908
      vertex -0.776457 4 9.89778
      vertex -0.776457 2 9.89778
    endloop
  endfacet
  facet normal 0.300707 0 -0.953716
    outer loop
      vertex -0.776457 4 9.89778
      vertex -1.02606 2 9.81908
      vertex -1.02606 4 9.81908
    endloop
  endfacet
  facet normal -0.793335 0 -0.608785
    outer loop
      vertex 2.45746 2 8.72073
      vertex 2.29813 4 8.92836
      vertex 2.45746 4 8.72073
    endloop
  endfacet
  facet normal -0.793335 -0 -0.608785
    outer loop
      vertex 2.29813 4 8.92836
      vertex 2.45746 2 8.72073
      vertex 2.29813 2 8.92836
    endloop
  endfacet
  facet normal 0.043635 0 -0.999048
    outer loop
      vertex -0.261467 2 9.98858
      vertex 0 4 10
      vertex 0 2 10
    endloop
  endfacet
  facet normal 0.043635 0 -0.999048
    outer loop
      vertex 0 4 10
      vertex -0.261467 2 9.98858
      vertex -0.261467 4 9.98858
    endloop
  endfacet
  facet normal 0.843392 0 -0.537298
    outer loop
      vertex -2.45746 2 8.72073
      vertex -2.59808 4 8.5
      vertex -2.45746 4 8.72073
    endloop
  endfacet
  facet normal 0.843392 0 -0.537298
    outer loop
      vertex -2.59808 4 8.5
      vertex -2.45746 2 8.72073
      vertex -2.59808 2 8.5
    endloop
  endfacet
  facet normal 0.887018 -0 0.461735
    outer loop
      vertex -2.71892 2 5.73214
      vertex -2.59808 4 5.5
      vertex -2.71892 4 5.73214
    endloop
  endfacet
  facet normal 0.887018 0 0.461735
    outer loop
      vertex -2.59808 4 5.5
      vertex -2.71892 2 5.73214
      vertex -2.59808 2 5.5
    endloop
  endfacet
  facet normal 0.991445 -0 0.130527
    outer loop
      vertex -2.98858 2 6.73853
      vertex -2.95442 4 6.47906
      vertex -2.98858 4 6.73853
    endloop
  endfacet
  facet normal 0.991445 0 0.130527
    outer loop
      vertex -2.95442 4 6.47906
      vertex -2.98858 2 6.73853
      vertex -2.95442 2 6.47906
    endloop
  endfacet
  facet normal 0.130523 0 0.991445
    outer loop
      vertex -0.520944 4 4.04558
      vertex -0.261467 2 4.01142
      vertex -0.261467 4 4.01142
    endloop
  endfacet
  facet normal 0.130523 0 0.991445
    outer loop
      vertex -0.261467 2 4.01142
      vertex -0.520944 4 4.04558
      vertex -0.520944 2 4.04558
    endloop
  endfacet
  facet normal 0.793335 -0 0.608785
    outer loop
      vertex -2.45746 2 5.27927
      vertex -2.29813 4 5.07164
      vertex -2.45746 4 5.27927
    endloop
  endfacet
  facet normal 0.793335 0 0.608785
    outer loop
      vertex -2.29813 4 5.07164
      vertex -2.45746 2 5.27927
      vertex -2.29813 2 5.07164
    endloop
  endfacet
  facet normal 0.999048 0 -0.0436345
    outer loop
      vertex -2.98858 2 7.26147
      vertex -3 4 7
      vertex -2.98858 4 7.26147
    endloop
  endfacet
  facet normal 0.999048 0 -0.0436345
    outer loop
      vertex -3 4 7
      vertex -2.98858 2 7.26147
      vertex -3 2 7
    endloop
  endfacet
  facet normal 0.216418 0 0.976301
    outer loop
      vertex -0.776457 4 4.10222
      vertex -0.520944 2 4.04558
      vertex -0.520944 4 4.04558
    endloop
  endfacet
  facet normal 0.216418 0 0.976301
    outer loop
      vertex -0.520944 2 4.04558
      vertex -0.776457 4 4.10222
      vertex -0.776457 2 4.10222
    endloop
  endfacet
  facet normal -0.737287 0 0.675579
    outer loop
      vertex 2.12132 2 4.87868
      vertex 2.29813 4 5.07164
      vertex 2.12132 4 4.87868
    endloop
  endfacet
  facet normal -0.737287 0 0.675579
    outer loop
      vertex 2.29813 4 5.07164
      vertex 2.12132 2 4.87868
      vertex 2.29813 2 5.07164
    endloop
  endfacet
  facet normal -0.043635 0 0.999048
    outer loop
      vertex 0 4 4
      vertex 0.261467 2 4.01142
      vertex 0.261467 4 4.01142
    endloop
  endfacet
  facet normal -0.043635 0 0.999048
    outer loop
      vertex 0.261467 2 4.01142
      vertex 0 4 4
      vertex 0 2 4
    endloop
  endfacet
  facet normal -0.300707 0 -0.953716
    outer loop
      vertex 0.776457 2 9.89778
      vertex 1.02606 4 9.81908
      vertex 1.02606 2 9.81908
    endloop
  endfacet
  facet normal -0.300707 0 -0.953716
    outer loop
      vertex 1.02606 4 9.81908
      vertex 0.776457 2 9.89778
      vertex 0.776457 4 9.89778
    endloop
  endfacet
  facet normal 0 1 0
    outer loop
      vertex 0 2 8.7
      vertex 0 2 10
      vertex 0.261467 2 9.98858
    endloop
  endfacet
  facet normal 0 1 0
    outer loop
      vertex 0.148165 2 8.69353
      vertex 0.261467 2 9.98858
      vertex 0.520944 2 9.95442
    endloop
  endfacet
  facet normal 0 1 0
    outer loop
      vertex 0 2 10
      vertex 0 2 8.7
      vertex -0.261467 2 9.98858
    endloop
  endfacet
  facet normal 0 1 0
    outer loop
      vertex 0.295201 2 8.67417
      vertex 0.520944 2 9.95442
      vertex 0.776457 2 9.89778
    endloop
  endfacet
  facet normal 0 1 -0
    outer loop
      vertex -0.148165 2 8.69353
      vertex -0.261467 2 9.98858
      vertex 0 2 8.7
    endloop
  endfacet
  facet normal 0 1 0
    outer loop
      vertex 0.439992 2 8.64207
      vertex 0.776457 2 9.89778
      vertex 1.02606 2 9.81908
    endloop
  endfacet
  facet normal 0 1 0
    outer loop
      vertex -0.261467 2 9.98858
      vertex -0.148165 2 8.69353
      vertex -0.520944 2 9.95442
    endloop
  endfacet
  facet normal 0 1 0
    outer loop
      vertex 0.581433 2 8.59748
      vertex 1.02606 2 9.81908
      vertex 1.26785 2 9.71892
    endloop
  endfacet
  facet normal 0 1 -0
    outer loop
      vertex -0.295201 2 8.67417
      vertex -0.520944 2 9.95442
      vertex -0.148165 2 8.69353
    endloop
  endfacet
  facet normal 0 1 0
    outer loop
      vertex 0.718451 2 8.54072
      vertex 1.26785 2 9.71892
      vertex 1.5 2 9.59808
    endloop
  endfacet
  facet normal 0 1 0
    outer loop
      vertex -0.520944 2 9.95442
      vertex -0.295201 2 8.67417
      vertex -0.776457 2 9.89778
    endloop
  endfacet
  facet normal 0 1 0
    outer loop
      vertex 0.849999 2 8.47224
      vertex 1.5 2 9.59808
      vertex 1.72073 2 9.45746
    endloop
  endfacet
  facet normal 0 1 -0
    outer loop
      vertex -0.439992 2 8.64207
      vertex -0.776457 2 9.89778
      vertex -0.295201 2 8.67417
    endloop
  endfacet
  facet normal 0 1 0
    outer loop
      vertex 0.97508 2 8.39256
      vertex 1.72073 2 9.45746
      vertex 1.92836 2 9.29813
    endloop
  endfacet
  facet normal 0 1 0
    outer loop
      vertex -0.776457 2 9.89778
      vertex -0.439992 2 8.64207
      vertex -1.02606 2 9.81908
    endloop
  endfacet
  facet normal 0 1 0
    outer loop
      vertex 1.09274 2 8.30227
      vertex 1.92836 2 9.29813
      vertex 2.12132 2 9.12132
    endloop
  endfacet
  facet normal 0 1 -0
    outer loop
      vertex -0.581433 2 8.59748
      vertex -1.02606 2 9.81908
      vertex -0.439992 2 8.64207
    endloop
  endfacet
  facet normal 0 1 0
    outer loop
      vertex 1.20208 2 8.20208
      vertex 2.12132 2 9.12132
      vertex 2.29813 2 8.92836
    endloop
  endfacet
  facet normal 0 1 0
    outer loop
      vertex -1.02606 2 9.81908
      vertex -0.581433 2 8.59748
      vertex -1.26785 2 9.71892
    endloop
  endfacet
  facet normal 0 1 0
    outer loop
      vertex 1.30227 2 8.09274
      vertex 2.29813 2 8.92836
      vertex 2.45746 2 8.72073
    endloop
  endfacet
  facet normal 0 1 -0
    outer loop
      vertex -0.718451 2 8.54072
      vertex -1.26785 2 9.71892
      vertex -0.581433 2 8.59748
    endloop
  endfacet
  facet normal 0 1 0
    outer loop
      vertex -1.26785 2 9.71892
      vertex -0.718451 2 8.54072
      vertex -1.5 2 9.59808
    endloop
  endfacet
  facet normal 0 1 0
    outer loop
      vertex 0.261467 2 9.98858
      vertex 0.148165 2 8.69353
      vertex 0 2 8.7
    endloop
  endfacet
  facet normal 0 1 0
    outer loop
      vertex 0.520944 2 9.95442
      vertex 0.295201 2 8.67417
      vertex 0.148165 2 8.69353
    endloop
  endfacet
  facet normal 0 1 0
    outer loop
      vertex 0.776457 2 9.89778
      vertex 0.439992 2 8.64207
      vertex 0.295201 2 8.67417
    endloop
  endfacet
  facet normal 0 1 0
    outer loop
      vertex 1.02606 2 9.81908
      vertex 0.581433 2 8.59748
      vertex 0.439992 2 8.64207
    endloop
  endfacet
  facet normal 0 1 0
    outer loop
      vertex 1.26785 2 9.71892
      vertex 0.718451 2 8.54072
      vertex 0.581433 2 8.59748
    endloop
  endfacet
  facet normal 0 1 0
    outer loop
      vertex 1.39256 2 7.97508
      vertex 2.45746 2 8.72073
      vertex 2.59808 2 8.5
    endloop
  endfacet
  facet normal 0 1 0
    outer loop
      vertex 1.5 2 9.59808
      vertex 0.849999 2 8.47224
      vertex 0.718451 2 8.54072
    endloop
  endfacet
  facet normal 0 1 0
    outer loop
      vertex 1.72073 2 9.45746
      vertex 0.97508 2 8.39256
      vertex 0.849999 2 8.47224
    endloop
  endfacet
  facet normal 0 1 0
    outer loop
      vertex 1.92836 2 9.29813
      vertex 1.09274 2 8.30227
      vertex 0.97508 2 8.39256
    endloop
  endfacet
  facet normal 0 1 0
    outer loop
      vertex 1.47224 2 7.85
      vertex 2.59808 2 8.5
      vertex 2.71892 2 8.26785
    endloop
  endfacet
  facet normal 0 1 0
    outer loop
      vertex 2.12132 2 9.12132
      vertex 1.20208 2 8.20208
      vertex 1.09274 2 8.30227
    endloop
  endfacet
  facet normal 0 1 0
    outer loop
      vertex 2.29813 2 8.92836
      vertex 1.30227 2 8.09274
      vertex 1.20208 2 8.20208
    endloop
  endfacet
  facet normal 0 1 0
    outer loop
      vertex 1.54072 2 7.71845
      vertex 2.71892 2 8.26785
      vertex 2.81908 2 8.02606
    endloop
  endfacet
  facet normal 0 1 0
    outer loop
      vertex 2.45746 2 8.72073
      vertex 1.39256 2 7.97508
      vertex 1.30227 2 8.09274
    endloop
  endfacet
  facet normal 0 1 0
    outer loop
      vertex 2.59808 2 8.5
      vertex 1.47224 2 7.85
      vertex 1.39256 2 7.97508
    endloop
  endfacet
  facet normal 0 1 0
    outer loop
      vertex 1.59748 2 7.58143
      vertex 2.81908 2 8.02606
      vertex 2.89778 2 7.77646
    endloop
  endfacet
  facet normal 0 1 0
    outer loop
      vertex 2.71892 2 8.26785
      vertex 1.54072 2 7.71845
      vertex 1.47224 2 7.85
    endloop
  endfacet
  facet normal 0 1 0
    outer loop
      vertex 2.81908 2 8.02606
      vertex 1.59748 2 7.58143
      vertex 1.54072 2 7.71845
    endloop
  endfacet
  facet normal 0 1 0
    outer loop
      vertex 1.64207 2 7.43999
      vertex 2.89778 2 7.77646
      vertex 2.95442 2 7.52094
    endloop
  endfacet
  facet normal 0 1 0
    outer loop
      vertex 2.89778 2 7.77646
      vertex 1.64207 2 7.43999
      vertex 1.59748 2 7.58143
    endloop
  endfacet
  facet normal 0 1 0
    outer loop
      vertex 2.95442 2 7.52094
      vertex 1.67417 2 7.2952
      vertex 1.64207 2 7.43999
    endloop
  endfacet
  facet normal 0 1 0
    outer loop
      vertex 2.98858 2 7.26147
      vertex 1.67417 2 7.2952
      vertex 2.95442 2 7.52094
    endloop
  endfacet
  facet normal 0 1 0
    outer loop
      vertex 2.98858 2 7.26147
      vertex 1.69353 2 7.14816
      vertex 1.67417 2 7.2952
    endloop
  endfacet
  facet normal 0 1 0
    outer loop
      vertex 3 2 7
      vertex 1.69353 2 7.14816
      vertex 2.98858 2 7.26147
    endloop
  endfacet
  facet normal 0 1 0
    outer loop
      vertex 3 2 7
      vertex 1.7 2 7
      vertex 1.69353 2 7.14816
    endloop
  endfacet
  facet normal 0 1 0
    outer loop
      vertex 3 2 7
      vertex 1.69353 2 6.85183
      vertex 1.7 2 7
    endloop
  endfacet
  facet normal 0 1 -0
    outer loop
      vertex 2.98858 2 6.73853
      vertex 1.69353 2 6.85183
      vertex 3 2 7
    endloop
  endfacet
  facet normal 0 1 0
    outer loop
      vertex 2.98858 2 6.73853
      vertex 1.67417 2 6.7048
      vertex 1.69353 2 6.85183
    endloop
  endfacet
  facet normal 0 1 -0
    outer loop
      vertex 2.95442 2 6.47906
      vertex 1.67417 2 6.7048
      vertex 2.98858 2 6.73853
    endloop
  endfacet
  facet normal 0 1 0
    outer loop
      vertex 1.67417 2 6.7048
      vertex 2.95442 2 6.47906
      vertex 1.64207 2 6.56001
    endloop
  endfacet
  facet normal 0 1 -0
    outer loop
      vertex 2.89778 2 6.22354
      vertex 1.64207 2 6.56001
      vertex 2.95442 2 6.47906
    endloop
  endfacet
  facet normal 0 1 0
    outer loop
      vertex 1.64207 2 6.56001
      vertex 2.89778 2 6.22354
      vertex 1.59748 2 6.41857
    endloop
  endfacet
  facet normal 0 1 -0
    outer loop
      vertex 2.81908 2 5.97394
      vertex 1.59748 2 6.41857
      vertex 2.89778 2 6.22354
    endloop
  endfacet
  facet normal 0 1 0
    outer loop
      vertex 1.59748 2 6.41857
      vertex 2.81908 2 5.97394
      vertex 1.54072 2 6.28155
    endloop
  endfacet
  facet normal 0 1 -0
    outer loop
      vertex 2.71892 2 5.73214
      vertex 1.54072 2 6.28155
      vertex 2.81908 2 5.97394
    endloop
  endfacet
  facet normal 0 1 0
    outer loop
      vertex 1.54072 2 6.28155
      vertex 2.71892 2 5.73214
      vertex 1.47224 2 6.15
    endloop
  endfacet
  facet normal 0 1 -0
    outer loop
      vertex 2.59808 2 5.5
      vertex 1.47224 2 6.15
      vertex 2.71892 2 5.73214
    endloop
  endfacet
  facet normal 0 1 0
    outer loop
      vertex 1.47224 2 6.15
      vertex 2.59808 2 5.5
      vertex 1.39256 2 6.02492
    endloop
  endfacet
  facet normal 0 1 -0
    outer loop
      vertex 2.45746 2 5.27927
      vertex 1.39256 2 6.02492
      vertex 2.59808 2 5.5
    endloop
  endfacet
  facet normal 0 1 0
    outer loop
      vertex 1.39256 2 6.02492
      vertex 2.45746 2 5.27927
      vertex 1.30227 2 5.90726
    endloop
  endfacet
  facet normal 0 1 -0
    outer loop
      vertex 2.29813 2 5.07164
      vertex 1.30227 2 5.90726
      vertex 2.45746 2 5.27927
    endloop
  endfacet
  facet normal 0 1 0
    outer loop
      vertex 1.30227 2 5.90726
      vertex 2.29813 2 5.07164
      vertex 1.20208 2 5.79792
    endloop
  endfacet
  facet normal 0 1 -0
    outer loop
      vertex 2.12132 2 4.87868
      vertex 1.20208 2 5.79792
      vertex 2.29813 2 5.07164
    endloop
  endfacet
  facet normal 0 1 0
    outer loop
      vertex 1.20208 2 5.79792
      vertex 2.12132 2 4.87868
      vertex 1.09274 2 5.69772
    endloop
  endfacet
  facet normal 0 1 -0
    outer loop
      vertex 1.92836 2 4.70187
      vertex 1.09274 2 5.69772
      vertex 2.12132 2 4.87868
    endloop
  endfacet
  facet normal 0 1 0
    outer loop
      vertex 1.09274 2 5.69772
      vertex 1.92836 2 4.70187
      vertex 0.97508 2 5.60744
    endloop
  endfacet
  facet normal 0 1 -0
    outer loop
      vertex 1.72073 2 4.54254
      vertex 0.97508 2 5.60744
      vertex 1.92836 2 4.70187
    endloop
  endfacet
  facet normal 0 1 0
    outer loop
      vertex 0.97508 2 5.60744
      vertex 1.72073 2 4.54254
      vertex 0.849999 2 5.52776
    endloop
  endfacet
  facet normal 0 1 0
    outer loop
      vertex 0.849999 2 5.52776
      vertex 1.5 2 4.40192
      vertex 0.718451 2 5.45928
    endloop
  endfacet
  facet normal 0 1 -0
    outer loop
      vertex 1.5 2 4.40192
      vertex 0.849999 2 5.52776
      vertex 1.72073 2 4.54254
    endloop
  endfacet
  facet normal 0 1 -0
    outer loop
      vertex -0.849999 2 8.47224
      vertex -1.5 2 9.59808
      vertex -0.718451 2 8.54072
    endloop
  endfacet
  facet normal 0 1 0
    outer loop
      vertex -1.5 2 9.59808
      vertex -0.849999 2 8.47224
      vertex -1.72073 2 9.45746
    endloop
  endfacet
  facet normal 0 1 -0
    outer loop
      vertex -0.97508 2 8.39256
      vertex -1.72073 2 9.45746
      vertex -0.849999 2 8.47224
    endloop
  endfacet
  facet normal 0 1 0
    outer loop
      vertex -1.72073 2 9.45746
      vertex -0.97508 2 8.39256
      vertex -1.92836 2 9.29813
    endloop
  endfacet
  facet normal 0 1 -0
    outer loop
      vertex -1.09274 2 8.30227
      vertex -1.92836 2 9.29813
      vertex -0.97508 2 8.39256
    endloop
  endfacet
  facet normal 0 1 0
    outer loop
      vertex -1.92836 2 9.29813
      vertex -1.09274 2 8.30227
      vertex -2.12132 2 9.12132
    endloop
  endfacet
  facet normal 0 1 -0
    outer loop
      vertex -1.20208 2 8.20208
      vertex -2.12132 2 9.12132
      vertex -1.09274 2 8.30227
    endloop
  endfacet
  facet normal 0 1 0
    outer loop
      vertex -2.12132 2 9.12132
      vertex -1.20208 2 8.20208
      vertex -2.29813 2 8.92836
    endloop
  endfacet
  facet normal 0 1 -0
    outer loop
      vertex -1.30227 2 8.09274
      vertex -2.29813 2 8.92836
      vertex -1.20208 2 8.20208
    endloop
  endfacet
  facet normal 0 1 0
    outer loop
      vertex -2.29813 2 8.92836
      vertex -1.30227 2 8.09274
      vertex -2.45746 2 8.72073
    endloop
  endfacet
  facet normal 0 1 -0
    outer loop
      vertex -1.39256 2 7.97508
      vertex -2.45746 2 8.72073
      vertex -1.30227 2 8.09274
    endloop
  endfacet
  facet normal 0 1 0
    outer loop
      vertex -2.45746 2 8.72073
      vertex -1.39256 2 7.97508
      vertex -2.59808 2 8.5
    endloop
  endfacet
  facet normal 0 1 -0
    outer loop
      vertex -1.47224 2 7.85
      vertex -2.59808 2 8.5
      vertex -1.39256 2 7.97508
    endloop
  endfacet
  facet normal 0 1 0
    outer loop
      vertex -2.59808 2 8.5
      vertex -1.47224 2 7.85
      vertex -2.71892 2 8.26785
    endloop
  endfacet
  facet normal 0 1 -0
    outer loop
      vertex -1.54072 2 7.71845
      vertex -2.71892 2 8.26785
      vertex -1.47224 2 7.85
    endloop
  endfacet
  facet normal 0 1 0
    outer loop
      vertex -2.71892 2 8.26785
      vertex -1.54072 2 7.71845
      vertex -2.81908 2 8.02606
    endloop
  endfacet
  facet normal 0 1 -0
    outer loop
      vertex -1.59748 2 7.58143
      vertex -2.81908 2 8.02606
      vertex -1.54072 2 7.71845
    endloop
  endfacet
  facet normal 0 1 0
    outer loop
      vertex -2.81908 2 8.02606
      vertex -1.59748 2 7.58143
      vertex -2.89778 2 7.77646
    endloop
  endfacet
  facet normal 0 1 -0
    outer loop
      vertex -1.64207 2 7.43999
      vertex -2.89778 2 7.77646
      vertex -1.59748 2 7.58143
    endloop
  endfacet
  facet normal 0 1 0
    outer loop
      vertex -2.89778 2 7.77646
      vertex -1.64207 2 7.43999
      vertex -2.95442 2 7.52094
    endloop
  endfacet
  facet normal 0 1 -0
    outer loop
      vertex -1.67417 2 7.2952
      vertex -2.95442 2 7.52094
      vertex -1.64207 2 7.43999
    endloop
  endfacet
  facet normal 0 1 0
    outer loop
      vertex -1.67417 2 7.2952
      vertex -2.98858 2 7.26147
      vertex -2.95442 2 7.52094
    endloop
  endfacet
  facet normal 0 1 -0
    outer loop
      vertex -1.69353 2 7.14816
      vertex -2.98858 2 7.26147
      vertex -1.67417 2 7.2952
    endloop
  endfacet
  facet normal 0 1 -0
    outer loop
      vertex -1.7 2 7
      vertex -2.98858 2 7.26147
      vertex -1.69353 2 7.14816
    endloop
  endfacet
  facet normal 0 1 0
    outer loop
      vertex -1.7 2 7
      vertex -3 2 7
      vertex -2.98858 2 7.26147
    endloop
  endfacet
  facet normal 0 1 0
    outer loop
      vertex -1.69353 2 6.85183
      vertex -3 2 7
      vertex -1.7 2 7
    endloop
  endfacet
  facet normal 0 1 0
    outer loop
      vertex -1.69353 2 6.85183
      vertex -2.98858 2 6.73853
      vertex -3 2 7
    endloop
  endfacet
  facet normal 0 1 0
    outer loop
      vertex -1.67417 2 6.7048
      vertex -2.98858 2 6.73853
      vertex -1.69353 2 6.85183
    endloop
  endfacet
  facet normal 0 1 0
    outer loop
      vertex -2.95442 2 6.47906
      vertex -1.67417 2 6.7048
      vertex -1.64207 2 6.56001
    endloop
  endfacet
  facet normal 0 1 0
    outer loop
      vertex -1.67417 2 6.7048
      vertex -2.95442 2 6.47906
      vertex -2.98858 2 6.73853
    endloop
  endfacet
  facet normal 0 1 0
    outer loop
      vertex -2.89778 2 6.22354
      vertex -1.64207 2 6.56001
      vertex -1.59748 2 6.41857
    endloop
  endfacet
  facet normal 0 1 0
    outer loop
      vertex -2.81908 2 5.97394
      vertex -1.59748 2 6.41857
      vertex -1.54072 2 6.28155
    endloop
  endfacet
  facet normal 0 1 0
    outer loop
      vertex -1.64207 2 6.56001
      vertex -2.89778 2 6.22354
      vertex -2.95442 2 6.47906
    endloop
  endfacet
  facet normal 0 1 0
    outer loop
      vertex -2.71892 2 5.73214
      vertex -1.54072 2 6.28155
      vertex -1.47224 2 6.15
    endloop
  endfacet
  facet normal 0 1 0
    outer loop
      vertex -2.59808 2 5.5
      vertex -1.47224 2 6.15
      vertex -1.39256 2 6.02492
    endloop
  endfacet
  facet normal 0 1 0
    outer loop
      vertex -1.59748 2 6.41857
      vertex -2.81908 2 5.97394
      vertex -2.89778 2 6.22354
    endloop
  endfacet
  facet normal 0 1 0
    outer loop
      vertex -2.45746 2 5.27927
      vertex -1.39256 2 6.02492
      vertex -1.30227 2 5.90726
    endloop
  endfacet
  facet normal 0 1 0
    outer loop
      vertex -2.29813 2 5.07164
      vertex -1.30227 2 5.90726
      vertex -1.20208 2 5.79792
    endloop
  endfacet
  facet normal 0 1 0
    outer loop
      vertex -1.54072 2 6.28155
      vertex -2.71892 2 5.73214
      vertex -2.81908 2 5.97394
    endloop
  endfacet
  facet normal 0 1 0
    outer loop
      vertex -2.12132 2 4.87868
      vertex -1.20208 2 5.79792
      vertex -1.09274 2 5.69772
    endloop
  endfacet
  facet normal 0 1 0
    outer loop
      vertex -1.92836 2 4.70187
      vertex -1.09274 2 5.69772
      vertex -0.97508 2 5.60744
    endloop
  endfacet
  facet normal 0 1 0
    outer loop
      vertex -1.72073 2 4.54254
      vertex -0.97508 2 5.60744
      vertex -0.849999 2 5.52776
    endloop
  endfacet
  facet normal 0 1 0
    outer loop
      vertex -1.47224 2 6.15
      vertex -2.59808 2 5.5
      vertex -2.71892 2 5.73214
    endloop
  endfacet
  facet normal 0 1 0
    outer loop
      vertex -1.5 2 4.40192
      vertex -0.849999 2 5.52776
      vertex -0.718451 2 5.45928
    endloop
  endfacet
  facet normal 0 1 0
    outer loop
      vertex -1.26785 2 4.28108
      vertex -0.718451 2 5.45928
      vertex -0.581433 2 5.40252
    endloop
  endfacet
  facet normal 0 1 0
    outer loop
      vertex -1.02606 2 4.18092
      vertex -0.581433 2 5.40252
      vertex -0.439992 2 5.35793
    endloop
  endfacet
  facet normal 0 1 0
    outer loop
      vertex -0.776457 2 4.10222
      vertex -0.439992 2 5.35793
      vertex -0.295201 2 5.32583
    endloop
  endfacet
  facet normal 0 1 0
    outer loop
      vertex -0.520944 2 4.04558
      vertex -0.295201 2 5.32583
      vertex -0.148165 2 5.30647
    endloop
  endfacet
  facet normal 0 1 0
    outer loop
      vertex -1.39256 2 6.02492
      vertex -2.45746 2 5.27927
      vertex -2.59808 2 5.5
    endloop
  endfacet
  facet normal 0 1 0
    outer loop
      vertex -0.261467 2 4.01142
      vertex -0.148165 2 5.30647
      vertex 0 2 5.3
    endloop
  endfacet
  facet normal 0 1 -0
    outer loop
      vertex 1.26785 2 4.28108
      vertex 0.718451 2 5.45928
      vertex 1.5 2 4.40192
    endloop
  endfacet
  facet normal 0 1 0
    outer loop
      vertex 0.718451 2 5.45928
      vertex 1.26785 2 4.28108
      vertex 0.581433 2 5.40252
    endloop
  endfacet
  facet normal 0 1 0
    outer loop
      vertex -1.30227 2 5.90726
      vertex -2.29813 2 5.07164
      vertex -2.45746 2 5.27927
    endloop
  endfacet
  facet normal 0 1 -0
    outer loop
      vertex 1.02606 2 4.18092
      vertex 0.581433 2 5.40252
      vertex 1.26785 2 4.28108
    endloop
  endfacet
  facet normal 0 1 0
    outer loop
      vertex -1.20208 2 5.79792
      vertex -2.12132 2 4.87868
      vertex -2.29813 2 5.07164
    endloop
  endfacet
  facet normal 0 1 0
    outer loop
      vertex 0.581433 2 5.40252
      vertex 1.02606 2 4.18092
      vertex 0.439992 2 5.35793
    endloop
  endfacet
  facet normal 0 1 0
    outer loop
      vertex -1.09274 2 5.69772
      vertex -1.92836 2 4.70187
      vertex -2.12132 2 4.87868
    endloop
  endfacet
  facet normal 0 1 -0
    outer loop
      vertex 0.776457 2 4.10222
      vertex 0.439992 2 5.35793
      vertex 1.02606 2 4.18092
    endloop
  endfacet
  facet normal 0 1 0
    outer loop
      vertex -0.97508 2 5.60744
      vertex -1.72073 2 4.54254
      vertex -1.92836 2 4.70187
    endloop
  endfacet
  facet normal 0 1 0
    outer loop
      vertex 0.439992 2 5.35793
      vertex 0.776457 2 4.10222
      vertex 0.295201 2 5.32583
    endloop
  endfacet
  facet normal 0 1 0
    outer loop
      vertex -0.849999 2 5.52776
      vertex -1.5 2 4.40192
      vertex -1.72073 2 4.54254
    endloop
  endfacet
  facet normal 0 1 -0
    outer loop
      vertex 0.520944 2 4.04558
      vertex 0.295201 2 5.32583
      vertex 0.776457 2 4.10222
    endloop
  endfacet
  facet normal 0 1 0
    outer loop
      vertex -0.718451 2 5.45928
      vertex -1.26785 2 4.28108
      vertex -1.5 2 4.40192
    endloop
  endfacet
  facet normal 0 1 0
    outer loop
      vertex 0.295201 2 5.32583
      vertex 0.520944 2 4.04558
      vertex 0.148165 2 5.30647
    endloop
  endfacet
  facet normal 0 1 0
    outer loop
      vertex -0.581433 2 5.40252
      vertex -1.02606 2 4.18092
      vertex -1.26785 2 4.28108
    endloop
  endfacet
  facet normal 0 1 -0
    outer loop
      vertex 0.261467 2 4.01142
      vertex 0.148165 2 5.30647
      vertex 0.520944 2 4.04558
    endloop
  endfacet
  facet normal 0 1 0
    outer loop
      vertex -0.439992 2 5.35793
      vertex -0.776457 2 4.10222
      vertex -1.02606 2 4.18092
    endloop
  endfacet
  facet normal 0 1 0
    outer loop
      vertex 0.148165 2 5.30647
      vertex 0.261467 2 4.01142
      vertex 0 2 5.3
    endloop
  endfacet
  facet normal 0 1 0
    outer loop
      vertex -0.295201 2 5.32583
      vertex -0.520944 2 4.04558
      vertex -0.776457 2 4.10222
    endloop
  endfacet
  facet normal 0 1 0
    outer loop
      vertex 0 2 4
      vertex 0 2 5.3
      vertex 0.261467 2 4.01142
    endloop
  endfacet
  facet normal 0 1 0
    outer loop
      vertex -0.148165 2 5.30647
      vertex -0.261467 2 4.01142
      vertex -0.520944 2 4.04558
    endloop
  endfacet
  facet normal 0 1 0
    outer loop
      vertex 0 2 5.3
      vertex 0 2 4
      vertex -0.261467 2 4.01142
    endloop
  endfacet
  facet normal 0.976302 -0 0.216413
    outer loop
      vertex -2.95442 2 6.47906
      vertex -2.89778 4 6.22354
      vertex -2.95442 4 6.47906
    endloop
  endfacet
  facet normal 0.976302 0 0.216413
    outer loop
      vertex -2.89778 4 6.22354
      vertex -2.95442 2 6.47906
      vertex -2.89778 2 6.22354
    endloop
  endfacet
  facet normal -0.887026 0 -0.46172
    outer loop
      vertex 2.71892 2 8.26785
      vertex 2.59808 4 8.5
      vertex 2.71892 4 8.26785
    endloop
  endfacet
  facet normal -0.887026 -0 -0.46172
    outer loop
      vertex 2.59808 4 8.5
      vertex 2.71892 2 8.26785
      vertex 2.59808 2 8.5
    endloop
  endfacet
  facet normal -0.92387 0 -0.382707
    outer loop
      vertex 2.81908 2 8.02606
      vertex 2.71892 4 8.26785
      vertex 2.81908 4 8.02606
    endloop
  endfacet
  facet normal -0.92387 -0 -0.382707
    outer loop
      vertex 2.71892 4 8.26785
      vertex 2.81908 2 8.02606
      vertex 2.71892 2 8.26785
    endloop
  endfacet
  facet normal -0.675593 0 0.737275
    outer loop
      vertex 2 4 4.76751
      vertex 2.12132 2 4.87868
      vertex 2.12132 4 4.87868
    endloop
  endfacet
  facet normal -0.675557 0 0.737308
    outer loop
      vertex 1.92836 2 4.70187
      vertex 2 4 4.76751
      vertex 1.92836 4 4.70187
    endloop
  endfacet
  facet normal -0.675579 1.4787e-06 0.737287
    outer loop
      vertex 2 4 4.76751
      vertex 1.92836 2 4.70187
      vertex 2.12132 2 4.87868
    endloop
  endfacet
  facet normal 0.737287 0 -0.675579
    outer loop
      vertex -2.12132 2 9.12132
      vertex -2.29813 4 8.92836
      vertex -2.12132 4 9.12132
    endloop
  endfacet
  facet normal 0.737287 0 -0.675579
    outer loop
      vertex -2.29813 4 8.92836
      vertex -2.12132 2 9.12132
      vertex -2.29813 2 8.92836
    endloop
  endfacet
  facet normal -0.976302 0 0.216413
    outer loop
      vertex 2.89778 2 6.22354
      vertex 2.95442 4 6.47906
      vertex 2.89778 4 6.22354
    endloop
  endfacet
  facet normal -0.976302 0 0.216413
    outer loop
      vertex 2.95442 4 6.47906
      vertex 2.89778 2 6.22354
      vertex 2.95442 2 6.47906
    endloop
  endfacet
  facet normal 0.537298 0 -0.843392
    outer loop
      vertex -1.72073 2 9.45746
      vertex -1.5 4 9.59808
      vertex -1.5 2 9.59808
    endloop
  endfacet
  facet normal 0.537298 0 -0.843392
    outer loop
      vertex -1.5 4 9.59808
      vertex -1.72073 2 9.45746
      vertex -1.72073 4 9.45746
    endloop
  endfacet
  facet normal 0.46172 0 -0.887026
    outer loop
      vertex -1.5 2 9.59808
      vertex -1.26785 4 9.71892
      vertex -1.26785 2 9.71892
    endloop
  endfacet
  facet normal 0.46172 0 -0.887026
    outer loop
      vertex -1.26785 4 9.71892
      vertex -1.5 2 9.59808
      vertex -1.5 4 9.59808
    endloop
  endfacet
  facet normal 0.999048 -0 0.0436345
    outer loop
      vertex -3 2 7
      vertex -2.98858 4 6.73853
      vertex -3 4 7
    endloop
  endfacet
  facet normal 0.999048 0 0.0436345
    outer loop
      vertex -2.98858 4 6.73853
      vertex -3 2 7
      vertex -2.98858 2 6.73853
    endloop
  endfacet
  facet normal -0.608785 0 -0.793335
    outer loop
      vertex 1.72073 2 9.45746
      vertex 1.92836 4 9.29813
      vertex 1.92836 2 9.29813
    endloop
  endfacet
  facet normal -0.608785 0 -0.793335
    outer loop
      vertex 1.92836 4 9.29813
      vertex 1.72073 2 9.45746
      vertex 1.72073 4 9.45746
    endloop
  endfacet
  facet normal 0.675557 0 -0.737308
    outer loop
      vertex -1.92836 2 9.29813
      vertex -2 4 9.23249
      vertex -1.92836 4 9.29813
    endloop
  endfacet
  facet normal 0.675579 1.4787e-06 -0.737287
    outer loop
      vertex -2.12132 2 9.12132
      vertex -2 4 9.23249
      vertex -1.92836 2 9.29813
    endloop
  endfacet
  facet normal 0.675593 0 -0.737275
    outer loop
      vertex -2 4 9.23249
      vertex -2.12132 2 9.12132
      vertex -2.12132 4 9.12132
    endloop
  endfacet
  facet normal 1 -0 0
    outer loop
      vertex 9 0 11
      vertex 9 4 -11
      vertex 9 4 11
    endloop
  endfacet
  facet normal 1 0 0
    outer loop
      vertex 9 4 -11
      vertex 9 0 11
      vertex 9 0 -11
    endloop
  endfacet
  facet normal -0 0 1
    outer loop
      vertex 2 4 11
      vertex 9 0 11
      vertex 9 4 11
    endloop
  endfacet
  facet normal -0 0 1
    outer loop
      vertex -2 4 11
      vertex 9 0 11
      vertex 2 4 11
    endloop
  endfacet
  facet normal 0 0 1
    outer loop
      vertex -9 0 11
      vertex -2 4 11
      vertex -9 4 11
    endloop
  endfacet
  facet normal 0 0 1
    outer loop
      vertex -2 4 11
      vertex -9 0 11
      vertex 9 0 11
    endloop
  endfacet
  facet normal 0 0 -1
    outer loop
      vertex 9 0 -11
      vertex 2 4 -11
      vertex 9 4 -11
    endloop
  endfacet
  facet normal 0 0 -1
    outer loop
      vertex 2 4 -11
      vertex -2 4 -11
      vertex 2 8 -11
    endloop
  endfacet
  facet normal 0 0 -1
    outer loop
      vertex 9 0 -11
      vertex -2 4 -11
      vertex 2 4 -11
    endloop
  endfacet
  facet normal 0 0 -1
    outer loop
      vertex -9 0 -11
      vertex -2 4 -11
      vertex 9 0 -11
    endloop
  endfacet
  facet normal -0 0 -1
    outer loop
      vertex -2 4 -11
      vertex -9 0 -11
      vertex -9 4 -11
    endloop
  endfacet
  facet normal -0 0 -1
    outer loop
      vertex 2 8 -11
      vertex -2 4 -11
      vertex -2 8 -11
    endloop
  endfacet
  facet normal -1 0 0
    outer loop
      vertex -9 0 -11
      vertex -9 4 11
      vertex -9 4 -11
    endloop
  endfacet
  facet normal -1 -0 0
    outer loop
      vertex -9 4 11
      vertex -9 0 -11
      vertex -9 0 11
    endloop
  endfacet
  facet normal 0 -1 0
    outer loop
      vertex -2 4 11
      vertex 2 4 21
      vertex -2 4 21
    endloop
  endfacet
  facet normal 0 -1 -0
    outer loop
      vertex 2 4 21
      vertex -2 4 11
      vertex 2 4 11
    endloop
  endfacet
  facet normal 0 1 -0
    outer loop
      vertex 2.45746 4 8.72073
      vertex 2 4 11
      vertex 9 4 11
    endloop
  endfacet
  facet normal 0 1 0
    outer loop
      vertex 2 4 11
      vertex 2.12132 4 9.12132
      vertex 2 4 9.23249
    endloop
  endfacet
  facet normal 0 1 0
    outer loop
      vertex 2 4 11
      vertex 2.29813 4 8.92836
      vertex 2.12132 4 9.12132
    endloop
  endfacet
  facet normal 0 1 0
    outer loop
      vertex 2 4 11
      vertex 2.45746 4 8.72073
      vertex 2.29813 4 8.92836
    endloop
  endfacet
  facet normal 0 1 0
    outer loop
      vertex 9 4 11
      vertex 2.59808 4 8.5
      vertex 2.45746 4 8.72073
    endloop
  endfacet
  facet normal 0 1 0
    outer loop
      vertex 9 4 11
      vertex 2.71892 4 8.26785
      vertex 2.59808 4 8.5
    endloop
  endfacet
  facet normal 0 1 0
    outer loop
      vertex 9 4 11
      vertex 2.81908 4 8.02606
      vertex 2.71892 4 8.26785
    endloop
  endfacet
  facet normal 0 1 0
    outer loop
      vertex 9 4 11
      vertex 2.89778 4 7.77646
      vertex 2.81908 4 8.02606
    endloop
  endfacet
  facet normal 0 1 0
    outer loop
      vertex 9 4 11
      vertex 2.95442 4 7.52094
      vertex 2.89778 4 7.77646
    endloop
  endfacet
  facet normal 0 1 0
    outer loop
      vertex 9 4 11
      vertex 2.98858 4 7.26147
      vertex 2.95442 4 7.52094
    endloop
  endfacet
  facet normal 0 1 0
    outer loop
      vertex 9 4 11
      vertex 3 4 7
      vertex 2.98858 4 7.26147
    endloop
  endfacet
  facet normal 0 1 0
    outer loop
      vertex 9 4 11
      vertex 2.98858 4 6.73853
      vertex 3 4 7
    endloop
  endfacet
  facet normal 0 1 0
    outer loop
      vertex 9 4 11
      vertex 2.95442 4 6.47906
      vertex 2.98858 4 6.73853
    endloop
  endfacet
  facet normal 0 1 0
    outer loop
      vertex 9 4 11
      vertex 2.89778 4 6.22354
      vertex 2.95442 4 6.47906
    endloop
  endfacet
  facet normal 0 1 0
    outer loop
      vertex 9 4 11
      vertex 2.81908 4 5.97394
      vertex 2.89778 4 6.22354
    endloop
  endfacet
  facet normal 0 1 0
    outer loop
      vertex 9 4 11
      vertex 2.71892 4 5.73214
      vertex 2.81908 4 5.97394
    endloop
  endfacet
  facet normal 0 1 0
    outer loop
      vertex 9 4 11
      vertex 2.59808 4 5.5
      vertex 2.71892 4 5.73214
    endloop
  endfacet
  facet normal 0 1 0
    outer loop
      vertex 2.59808 4 -5.5
      vertex 2.59808 4 5.5
      vertex 9 4 11
    endloop
  endfacet
  facet normal 0 1 0
    outer loop
      vertex 2.59808 4 5.5
      vertex 2.59808 4 -5.5
      vertex 2.45746 4 5.27927
    endloop
  endfacet
  facet normal -0 1 0
    outer loop
      vertex 2.45746 4 -5.27927
      vertex 2.45746 4 5.27927
      vertex 2.59808 4 -5.5
    endloop
  endfacet
  facet normal 0 1 0
    outer loop
      vertex 2.45746 4 5.27927
      vertex 2.45746 4 -5.27927
      vertex 2.29813 4 5.07164
    endloop
  endfacet
  facet normal -0 1 0
    outer loop
      vertex 2.29813 4 -5.07164
      vertex 2.29813 4 5.07164
      vertex 2.45746 4 -5.27927
    endloop
  endfacet
  facet normal 0 1 0
    outer loop
      vertex 2 4 4.76751
      vertex 2.12132 4 -4.87868
      vertex 2 4 -4.76751
    endloop
  endfacet
  facet normal 0 1 0
    outer loop
      vertex 2.12132 4 4.87868
      vertex 2.12132 4 -4.87868
      vertex 2 4 4.76751
    endloop
  endfacet
  facet normal -0 1 0
    outer loop
      vertex 2.12132 4 -4.87868
      vertex 2.12132 4 4.87868
      vertex 2.29813 4 -5.07164
    endloop
  endfacet
  facet normal 0 1 0
    outer loop
      vertex 2.29813 4 5.07164
      vertex 2.29813 4 -5.07164
      vertex 2.12132 4 4.87868
    endloop
  endfacet
  facet normal 0 1 -0
    outer loop
      vertex 9 4 -11
      vertex 2.59808 4 -5.5
      vertex 9 4 11
    endloop
  endfacet
  facet normal 0 1 0
    outer loop
      vertex 2.59808 4 -5.5
      vertex 9 4 -11
      vertex 2.71892 4 -5.73214
    endloop
  endfacet
  facet normal 0 1 0
    outer loop
      vertex 2.71892 4 -5.73214
      vertex 9 4 -11
      vertex 2.81908 4 -5.97394
    endloop
  endfacet
  facet normal 0 1 0
    outer loop
      vertex 2.81908 4 -5.97394
      vertex 9 4 -11
      vertex 2.89778 4 -6.22354
    endloop
  endfacet
  facet normal 0 1 0
    outer loop
      vertex 2.89778 4 -6.22354
      vertex 9 4 -11
      vertex 2.95442 4 -6.47906
    endloop
  endfacet
  facet normal 0 1 0
    outer loop
      vertex 2.95442 4 -6.47906
      vertex 9 4 -11
      vertex 2.98858 4 -6.73853
    endloop
  endfacet
  facet normal 0 1 0
    outer loop
      vertex 2.98858 4 -6.73853
      vertex 9 4 -11
      vertex 3 4 -7
    endloop
  endfacet
  facet normal 0 1 0
    outer loop
      vertex 3 4 -7
      vertex 9 4 -11
      vertex 2.98858 4 -7.26147
    endloop
  endfacet
  facet normal 0 1 0
    outer loop
      vertex 2.98858 4 -7.26147
      vertex 9 4 -11
      vertex 2.95442 4 -7.52094
    endloop
  endfacet
  facet normal 0 1 0
    outer loop
      vertex 2.95442 4 -7.52094
      vertex 9 4 -11
      vertex 2.89778 4 -7.77646
    endloop
  endfacet
  facet normal 0 1 0
    outer loop
      vertex 2.89778 4 -7.77646
      vertex 9 4 -11
      vertex 2.81908 4 -8.02606
    endloop
  endfacet
  facet normal 0 1 0
    outer loop
      vertex 9 4 -11
      vertex 2.71892 4 -8.26785
      vertex 2.81908 4 -8.02606
    endloop
  endfacet
  facet normal 0 1 0
    outer loop
      vertex 9 4 -11
      vertex 2.59808 4 -8.5
      vertex 2.71892 4 -8.26785
    endloop
  endfacet
  facet normal 0 1 0
    outer loop
      vertex 9 4 -11
      vertex 2.45746 4 -8.72073
      vertex 2.59808 4 -8.5
    endloop
  endfacet
  facet normal 0 1 0
    outer loop
      vertex 2 4 -11
      vertex 2.45746 4 -8.72073
      vertex 9 4 -11
    endloop
  endfacet
  facet normal 0 1 0
    outer loop
      vertex 2.45746 4 -8.72073
      vertex 2 4 -11
      vertex 2.29813 4 -8.92836
    endloop
  endfacet
  facet normal 0 1 0
    outer loop
      vertex 2.29813 4 -8.92836
      vertex 2 4 -11
      vertex 2.12132 4 -9.12132
    endloop
  endfacet
  facet normal 0 1 0
    outer loop
      vertex 2.12132 4 -9.12132
      vertex 2 4 -11
      vertex 2 4 -9.23249
    endloop
  endfacet
  facet normal 0 1 0
    outer loop
      vertex -2.12132 4 9.12132
      vertex -2 4 11
      vertex -2 4 9.23249
    endloop
  endfacet
  facet normal 0 1 0
    outer loop
      vertex -2.29813 4 8.92836
      vertex -2 4 11
      vertex -2.12132 4 9.12132
    endloop
  endfacet
  facet normal 0 1 0
    outer loop
      vertex -2.45746 4 8.72073
      vertex -2 4 11
      vertex -2.29813 4 8.92836
    endloop
  endfacet
  facet normal 0 1 0
    outer loop
      vertex -2 4 11
      vertex -2.45746 4 8.72073
      vertex -9 4 11
    endloop
  endfacet
  facet normal 0 1 -0
    outer loop
      vertex -2.59808 4 8.5
      vertex -9 4 11
      vertex -2.45746 4 8.72073
    endloop
  endfacet
  facet normal 0 1 -0
    outer loop
      vertex -2.71892 4 8.26785
      vertex -9 4 11
      vertex -2.59808 4 8.5
    endloop
  endfacet
  facet normal 0 1 -0
    outer loop
      vertex -2.81908 4 8.02606
      vertex -9 4 11
      vertex -2.71892 4 8.26785
    endloop
  endfacet
  facet normal 0 1 -0
    outer loop
      vertex -2.89778 4 7.77646
      vertex -9 4 11
      vertex -2.81908 4 8.02606
    endloop
  endfacet
  facet normal 0 1 -0
    outer loop
      vertex -2.95442 4 7.52094
      vertex -9 4 11
      vertex -2.89778 4 7.77646
    endloop
  endfacet
  facet normal 0 1 -0
    outer loop
      vertex -2.98858 4 7.26147
      vertex -9 4 11
      vertex -2.95442 4 7.52094
    endloop
  endfacet
  facet normal 0 1 -0
    outer loop
      vertex -3 4 7
      vertex -9 4 11
      vertex -2.98858 4 7.26147
    endloop
  endfacet
  facet normal 0 1 0
    outer loop
      vertex -2.98858 4 6.73853
      vertex -9 4 11
      vertex -3 4 7
    endloop
  endfacet
  facet normal 0 1 0
    outer loop
      vertex -2.95442 4 6.47906
      vertex -9 4 11
      vertex -2.98858 4 6.73853
    endloop
  endfacet
  facet normal 0 1 0
    outer loop
      vertex -2.89778 4 6.22354
      vertex -9 4 11
      vertex -2.95442 4 6.47906
    endloop
  endfacet
  facet normal 0 1 0
    outer loop
      vertex -2.81908 4 5.97394
      vertex -9 4 11
      vertex -2.89778 4 6.22354
    endloop
  endfacet
  facet normal 0 1 0
    outer loop
      vertex -2.71892 4 5.73214
      vertex -9 4 11
      vertex -2.81908 4 5.97394
    endloop
  endfacet
  facet normal 0 1 0
    outer loop
      vertex -2.59808 4 5.5
      vertex -9 4 11
      vertex -2.71892 4 5.73214
    endloop
  endfacet
  facet normal 0 1 0
    outer loop
      vertex -2.59808 4 -5.5
      vertex -2.59808 4 5.5
      vertex -2.45746 4 5.27927
    endloop
  endfacet
  facet normal 0 1 0
    outer loop
      vertex -2.45746 4 -5.27927
      vertex -2.45746 4 5.27927
      vertex -2.29813 4 5.07164
    endloop
  endfacet
  facet normal 0 1 0
    outer loop
      vertex -2.29813 4 -5.07164
      vertex -2.29813 4 5.07164
      vertex -2.12132 4 4.87868
    endloop
  endfacet
  facet normal 0 1 0
    outer loop
      vertex -2.12132 4 -4.87868
      vertex -2.12132 4 4.87868
      vertex -2 4 4.76751
    endloop
  endfacet
  facet normal 0 1 0
    outer loop
      vertex -2.12132 4 -4.87868
      vertex -2 4 4.76751
      vertex -2 4 -4.76751
    endloop
  endfacet
  facet normal 0 1 0
    outer loop
      vertex -2.12132 4 4.87868
      vertex -2.12132 4 -4.87868
      vertex -2.29813 4 -5.07164
    endloop
  endfacet
  facet normal 0 1 0
    outer loop
      vertex -2.29813 4 5.07164
      vertex -2.29813 4 -5.07164
      vertex -2.45746 4 -5.27927
    endloop
  endfacet
  facet normal 0 1 0
    outer loop
      vertex -2.45746 4 5.27927
      vertex -2.45746 4 -5.27927
      vertex -2.59808 4 -5.5
    endloop
  endfacet
  facet normal 0 1 0
    outer loop
      vertex -2.59808 4 5.5
      vertex -2.59808 4 -5.5
      vertex -9 4 11
    endloop
  endfacet
  facet normal 0 1 0
    outer loop
      vertex -9 4 -11
      vertex -2.59808 4 -5.5
      vertex -2.71892 4 -5.73214
    endloop
  endfacet
  facet normal 0 1 0
    outer loop
      vertex -9 4 -11
      vertex -2.71892 4 -5.73214
      vertex -2.81908 4 -5.97394
    endloop
  endfacet
  facet normal 0 1 0
    outer loop
      vertex -9 4 -11
      vertex -2.81908 4 -5.97394
      vertex -2.89778 4 -6.22354
    endloop
  endfacet
  facet normal 0 1 0
    outer loop
      vertex -9 4 -11
      vertex -2.89778 4 -6.22354
      vertex -2.95442 4 -6.47906
    endloop
  endfacet
  facet normal 0 1 0
    outer loop
      vertex -9 4 -11
      vertex -2.95442 4 -6.47906
      vertex -2.98858 4 -6.73853
    endloop
  endfacet
  facet normal 0 1 0
    outer loop
      vertex -9 4 -11
      vertex -2.98858 4 -6.73853
      vertex -3 4 -7
    endloop
  endfacet
  facet normal 0 1 0
    outer loop
      vertex -9 4 -11
      vertex -3 4 -7
      vertex -2.98858 4 -7.26147
    endloop
  endfacet
  facet normal 0 1 0
    outer loop
      vertex -9 4 -11
      vertex -2.98858 4 -7.26147
      vertex -2.95442 4 -7.52094
    endloop
  endfacet
  facet normal 0 1 0
    outer loop
      vertex -9 4 -11
      vertex -2.95442 4 -7.52094
      vertex -2.89778 4 -7.77646
    endloop
  endfacet
  facet normal 0 1 0
    outer loop
      vertex -9 4 -11
      vertex -2.89778 4 -7.77646
      vertex -2.81908 4 -8.02606
    endloop
  endfacet
  facet normal 0 1 -0
    outer loop
      vertex -2 4 -11
      vertex -2.12132 4 -9.12132
      vertex -2 4 -9.23249
    endloop
  endfacet
  facet normal 0 1 0
    outer loop
      vertex -2 4 -11
      vertex -2.29813 4 -8.92836
      vertex -2.12132 4 -9.12132
    endloop
  endfacet
  facet normal 0 1 0
    outer loop
      vertex -2 4 -11
      vertex -2.45746 4 -8.72073
      vertex -2.29813 4 -8.92836
    endloop
  endfacet
  facet normal 0 1 0
    outer loop
      vertex -2 4 -11
      vertex -2.59808 4 -8.5
      vertex -2.45746 4 -8.72073
    endloop
  endfacet
  facet normal 0 1 0
    outer loop
      vertex -9 4 -11
      vertex -2.59808 4 -8.5
      vertex -2 4 -11
    endloop
  endfacet
  facet normal 0 1 0
    outer loop
      vertex -2.59808 4 -8.5
      vertex -9 4 -11
      vertex -2.71892 4 -8.26785
    endloop
  endfacet
  facet normal 0 1 0
    outer loop
      vertex -2.71892 4 -8.26785
      vertex -9 4 -11
      vertex -2.81908 4 -8.02606
    endloop
  endfacet
  facet normal 0 1 0
    outer loop
      vertex -2.59808 4 -5.5
      vertex -9 4 -11
      vertex -9 4 11
    endloop
  endfacet
  facet normal 0 -1 0
    outer loop
      vertex -1.92836 4 -9.29813
      vertex -2 4 -9
      vertex -2 4 -9.23249
    endloop
  endfacet
  facet normal 0 -1 0
    outer loop
      vertex -1.5 4 -9.59808
      vertex -2 4 -9
      vertex -1.72073 4 -9.45746
    endloop
  endfacet
  facet normal 0 -1 0
    outer loop
      vertex -2 4 -9
      vertex -1.92836 4 -9.29813
      vertex -1.72073 4 -9.45746
    endloop
  endfacet
  facet normal 0 -1 0
    outer loop
      vertex -1.26785 4 -9.71892
      vertex -2 4 -9
      vertex -1.5 4 -9.59808
    endloop
  endfacet
  facet normal -0 -1 0
    outer loop
      vertex 1.92836 4 -9.29813
      vertex 2 4 -9
      vertex 1.72073 4 -9.45746
    endloop
  endfacet
  facet normal 0 -1 -0
    outer loop
      vertex 2 4 -9
      vertex 1.92836 4 -9.29813
      vertex 2 4 -9.23249
    endloop
  endfacet
  facet normal 0 -1 0
    outer loop
      vertex -1.02606 4 -9.81908
      vertex -2 4 -9
      vertex -1.26785 4 -9.71892
    endloop
  endfacet
  facet normal 0 -1 0
    outer loop
      vertex 2 4 -9
      vertex 1.5 4 -9.59808
      vertex 1.72073 4 -9.45746
    endloop
  endfacet
  facet normal 0 -1 0
    outer loop
      vertex -0.776457 4 -9.89778
      vertex -2 4 -9
      vertex -1.02606 4 -9.81908
    endloop
  endfacet
  facet normal 0 -1 0
    outer loop
      vertex 2 4 -9
      vertex 1.26785 4 -9.71892
      vertex 1.5 4 -9.59808
    endloop
  endfacet
  facet normal 0 -1 0
    outer loop
      vertex -0.520944 4 -9.95442
      vertex -2 4 -9
      vertex -0.776457 4 -9.89778
    endloop
  endfacet
  facet normal 0 -1 0
    outer loop
      vertex 2 4 -9
      vertex 1.02606 4 -9.81908
      vertex 1.26785 4 -9.71892
    endloop
  endfacet
  facet normal 0 -1 0
    outer loop
      vertex -0.261467 4 -9.98858
      vertex -2 4 -9
      vertex -0.520944 4 -9.95442
    endloop
  endfacet
  facet normal 0 -1 0
    outer loop
      vertex 2 4 -9
      vertex 0.776457 4 -9.89778
      vertex 1.02606 4 -9.81908
    endloop
  endfacet
  facet normal 0 -1 0
    outer loop
      vertex -2 4 -9
      vertex -0.261467 4 -9.98858
      vertex 2 4 -9
    endloop
  endfacet
  facet normal 0 -1 0
    outer loop
      vertex 2 4 -9
      vertex 0.520944 4 -9.95442
      vertex 0.776457 4 -9.89778
    endloop
  endfacet
  facet normal 0 -1 0
    outer loop
      vertex 0 4 -10
      vertex 2 4 -9
      vertex -0.261467 4 -9.98858
    endloop
  endfacet
  facet normal 0 -1 0
    outer loop
      vertex 2 4 -9
      vertex 0.261467 4 -9.98858
      vertex 0.520944 4 -9.95442
    endloop
  endfacet
  facet normal 0 -1 0
    outer loop
      vertex 2 4 -9
      vertex 0 4 -10
      vertex 0.261467 4 -9.98858
    endloop
  endfacet
  facet normal 0 -1 0
    outer loop
      vertex -0.261467 4 -4.01142
      vertex 0.261467 4 -4.01142
      vertex 0 4 -4
    endloop
  endfacet
  facet normal 0 -1 0
    outer loop
      vertex -0.520944 4 -4.04558
      vertex 0.261467 4 -4.01142
      vertex -0.261467 4 -4.01142
    endloop
  endfacet
  facet normal 0 -1 0
    outer loop
      vertex -0.520944 4 -4.04558
      vertex 0.520944 4 -4.04558
      vertex 0.261467 4 -4.01142
    endloop
  endfacet
  facet normal 0 -1 0
    outer loop
      vertex -0.776457 4 -4.10222
      vertex 0.520944 4 -4.04558
      vertex -0.520944 4 -4.04558
    endloop
  endfacet
  facet normal 0 -1 0
    outer loop
      vertex -0.776457 4 -4.10222
      vertex 0.776457 4 -4.10222
      vertex 0.520944 4 -4.04558
    endloop
  endfacet
  facet normal 0 -1 0
    outer loop
      vertex -1.02606 4 -4.18092
      vertex 0.776457 4 -4.10222
      vertex -0.776457 4 -4.10222
    endloop
  endfacet
  facet normal 0 -1 0
    outer loop
      vertex -1.02606 4 -4.18092
      vertex 1.02606 4 -4.18092
      vertex 0.776457 4 -4.10222
    endloop
  endfacet
  facet normal 0 -1 0
    outer loop
      vertex -1.43259 4 -4.36683
      vertex -1.02606 4 -4.18092
      vertex -1.26785 4 -4.28108
    endloop
  endfacet
  facet normal 0 -1 -0
    outer loop
      vertex -1.02606 4 -4.18092
      vertex -1.43259 4 -4.36683
      vertex 1.02606 4 -4.18092
    endloop
  endfacet
  facet normal 0 -1 0
    outer loop
      vertex 1.43259 4 -4.36683
      vertex 1.02606 4 -4.18092
      vertex -1.43259 4 -4.36683
    endloop
  endfacet
  facet normal 0 -1 0
    outer loop
      vertex 1.02606 4 -4.18092
      vertex 1.43259 4 -4.36683
      vertex 1.26785 4 -4.28108
    endloop
  endfacet
  facet normal 0 -1 0
    outer loop
      vertex -0.261467 4 9.98858
      vertex 0.261467 4 9.98858
      vertex 0 4 10
    endloop
  endfacet
  facet normal 0 -1 0
    outer loop
      vertex -0.520944 4 9.95442
      vertex 0.261467 4 9.98858
      vertex -0.261467 4 9.98858
    endloop
  endfacet
  facet normal 0 -1 0
    outer loop
      vertex -0.520944 4 9.95442
      vertex 0.520944 4 9.95442
      vertex 0.261467 4 9.98858
    endloop
  endfacet
  facet normal 0 -1 0
    outer loop
      vertex -0.776457 4 9.89778
      vertex 0.520944 4 9.95442
      vertex -0.520944 4 9.95442
    endloop
  endfacet
  facet normal 0 -1 0
    outer loop
      vertex -0.776457 4 9.89778
      vertex 0.776457 4 9.89778
      vertex 0.520944 4 9.95442
    endloop
  endfacet
  facet normal 0 -1 0
    outer loop
      vertex -1.02606 4 9.81908
      vertex 0.776457 4 9.89778
      vertex -0.776457 4 9.89778
    endloop
  endfacet
  facet normal 0 -1 0
    outer loop
      vertex -1.02606 4 9.81908
      vertex 1.02606 4 9.81908
      vertex 0.776457 4 9.89778
    endloop
  endfacet
  facet normal 0 -1 0
    outer loop
      vertex -1.26785 4 9.71892
      vertex 1.02606 4 9.81908
      vertex -1.02606 4 9.81908
    endloop
  endfacet
  facet normal 0 -1 0
    outer loop
      vertex -1.26785 4 9.71892
      vertex 1.26785 4 9.71892
      vertex 1.02606 4 9.81908
    endloop
  endfacet
  facet normal 0 -1 0
    outer loop
      vertex -1.5 4 9.59808
      vertex 1.26785 4 9.71892
      vertex -1.26785 4 9.71892
    endloop
  endfacet
  facet normal 0 -1 0
    outer loop
      vertex -1.5 4 9.59808
      vertex 1.5 4 9.59808
      vertex 1.26785 4 9.71892
    endloop
  endfacet
  facet normal 0 -1 0
    outer loop
      vertex -1.72073 4 9.45746
      vertex 1.5 4 9.59808
      vertex -1.5 4 9.59808
    endloop
  endfacet
  facet normal 0 -1 0
    outer loop
      vertex -1.72073 4 9.45746
      vertex 1.72073 4 9.45746
      vertex 1.5 4 9.59808
    endloop
  endfacet
  facet normal 0 -1 0
    outer loop
      vertex -2 4 9.23249
      vertex -1.72073 4 9.45746
      vertex -1.92836 4 9.29813
    endloop
  endfacet
  facet normal 0 -1 -0
    outer loop
      vertex -1.72073 4 9.45746
      vertex -2 4 9.23249
      vertex 1.72073 4 9.45746
    endloop
  endfacet
  facet normal 0 -1 0
    outer loop
      vertex 2 4 9.23249
      vertex 1.72073 4 9.45746
      vertex -2 4 9.23249
    endloop
  endfacet
  facet normal 0 -1 0
    outer loop
      vertex 1.72073 4 9.45746
      vertex 2 4 9.23249
      vertex 1.92836 4 9.29813
    endloop
  endfacet
  facet normal 0 -1 0
    outer loop
      vertex -2 4 4.76751
      vertex 2 4 9.23249
      vertex -2 4 9.23249
    endloop
  endfacet
  facet normal 0 -1 0
    outer loop
      vertex -2 4 4.76751
      vertex 2 4 4.76751
      vertex 2 4 9.23249
    endloop
  endfacet
  facet normal 0 -1 0
    outer loop
      vertex -1.72073 4 4.54254
      vertex -2 4 4.76751
      vertex -1.92836 4 4.70187
    endloop
  endfacet
  facet normal 0 -1 0
    outer loop
      vertex -2 4 4.76751
      vertex -1.72073 4 4.54254
      vertex 2 4 4.76751
    endloop
  endfacet
  facet normal 0 -1 0
    outer loop
      vertex 1.72073 4 4.54254
      vertex 2 4 4.76751
      vertex -1.72073 4 4.54254
    endloop
  endfacet
  facet normal 0 -1 0
    outer loop
      vertex 2 4 4.76751
      vertex 1.72073 4 4.54254
      vertex 1.92836 4 4.70187
    endloop
  endfacet
  facet normal 0 -1 0
    outer loop
      vertex -1.5 4 4.40192
      vertex 1.72073 4 4.54254
      vertex -1.72073 4 4.54254
    endloop
  endfacet
  facet normal 0 -1 0
    outer loop
      vertex -1.5 4 4.40192
      vertex 1.5 4 4.40192
      vertex 1.72073 4 4.54254
    endloop
  endfacet
  facet normal 0 -1 0
    outer loop
      vertex -1.26785 4 4.28108
      vertex 1.5 4 4.40192
      vertex -1.5 4 4.40192
    endloop
  endfacet
  facet normal 0 -1 0
    outer loop
      vertex -1.26785 4 4.28108
      vertex 1.26785 4 4.28108
      vertex 1.5 4 4.40192
    endloop
  endfacet
  facet normal 0 -1 0
    outer loop
      vertex -1.02606 4 4.18092
      vertex 1.26785 4 4.28108
      vertex -1.26785 4 4.28108
    endloop
  endfacet
  facet normal 0 -1 0
    outer loop
      vertex -1.02606 4 4.18092
      vertex 1.02606 4 4.18092
      vertex 1.26785 4 4.28108
    endloop
  endfacet
  facet normal 0 -1 0
    outer loop
      vertex -0.776457 4 4.10222
      vertex 1.02606 4 4.18092
      vertex -1.02606 4 4.18092
    endloop
  endfacet
  facet normal 0 -1 0
    outer loop
      vertex -0.776457 4 4.10222
      vertex 0.776457 4 4.10222
      vertex 1.02606 4 4.18092
    endloop
  endfacet
  facet normal 0 -1 0
    outer loop
      vertex -0.520944 4 4.04558
      vertex 0.776457 4 4.10222
      vertex -0.776457 4 4.10222
    endloop
  endfacet
  facet normal 0 -1 0
    outer loop
      vertex -0.520944 4 4.04558
      vertex 0.520944 4 4.04558
      vertex 0.776457 4 4.10222
    endloop
  endfacet
  facet normal 0 -1 0
    outer loop
      vertex -0.261467 4 4.01142
      vertex 0.520944 4 4.04558
      vertex -0.520944 4 4.04558
    endloop
  endfacet
  facet normal 0 -1 0
    outer loop
      vertex -0.261467 4 4.01142
      vertex 0.261467 4 4.01142
      vertex 0.520944 4 4.04558
    endloop
  endfacet
  facet normal -0 -1 0
    outer loop
      vertex 0.261467 4 4.01142
      vertex -0.261467 4 4.01142
      vertex 0 4 4
    endloop
  endfacet
  facet normal 0 -1 0
    outer loop
      vertex -9 0 11
      vertex 0 0 8.7
      vertex 9 0 11
    endloop
  endfacet
  facet normal 0 -1 0
    outer loop
      vertex -9 0 11
      vertex -0.148165 0 8.69353
      vertex 0 0 8.7
    endloop
  endfacet
  facet normal 0 -1 0
    outer loop
      vertex -9 0 11
      vertex -0.295201 0 8.67417
      vertex -0.148165 0 8.69353
    endloop
  endfacet
  facet normal 0 -1 0
    outer loop
      vertex -9 0 11
      vertex -0.439992 0 8.64207
      vertex -0.295201 0 8.67417
    endloop
  endfacet
  facet normal 0 -1 0
    outer loop
      vertex -9 0 11
      vertex -0.581433 0 8.59748
      vertex -0.439992 0 8.64207
    endloop
  endfacet
  facet normal 0 -1 0
    outer loop
      vertex -9 0 11
      vertex -0.718451 0 8.54072
      vertex -0.581433 0 8.59748
    endloop
  endfacet
  facet normal 0 -1 0
    outer loop
      vertex -9 0 11
      vertex -0.849999 0 8.47224
      vertex -0.718451 0 8.54072
    endloop
  endfacet
  facet normal 0 -1 0
    outer loop
      vertex -9 0 11
      vertex -0.97508 0 8.39256
      vertex -0.849999 0 8.47224
    endloop
  endfacet
  facet normal 0 -1 0
    outer loop
      vertex -9 0 11
      vertex -1.09274 0 8.30227
      vertex -0.97508 0 8.39256
    endloop
  endfacet
  facet normal 0 -1 0
    outer loop
      vertex -9 0 11
      vertex -1.20208 0 8.20208
      vertex -1.09274 0 8.30227
    endloop
  endfacet
  facet normal 0 -1 0
    outer loop
      vertex -9 0 11
      vertex -1.30227 0 8.09274
      vertex -1.20208 0 8.20208
    endloop
  endfacet
  facet normal 0 -1 0
    outer loop
      vertex -9 0 11
      vertex -1.39256 0 7.97508
      vertex -1.30227 0 8.09274
    endloop
  endfacet
  facet normal 0 -1 0
    outer loop
      vertex -9 0 11
      vertex -1.47224 0 7.85
      vertex -1.39256 0 7.97508
    endloop
  endfacet
  facet normal 0 -1 0
    outer loop
      vertex -9 0 11
      vertex -1.54072 0 7.71845
      vertex -1.47224 0 7.85
    endloop
  endfacet
  facet normal 0 -1 0
    outer loop
      vertex -9 0 11
      vertex -1.59748 0 7.58143
      vertex -1.54072 0 7.71845
    endloop
  endfacet
  facet normal 0 -1 0
    outer loop
      vertex -9 0 11
      vertex -1.64207 0 7.43999
      vertex -1.59748 0 7.58143
    endloop
  endfacet
  facet normal 0 -1 0
    outer loop
      vertex -9 0 11
      vertex -1.67417 0 7.2952
      vertex -1.64207 0 7.43999
    endloop
  endfacet
  facet normal 0 -1 0
    outer loop
      vertex -9 0 11
      vertex -1.69353 0 7.14816
      vertex -1.67417 0 7.2952
    endloop
  endfacet
  facet normal 0 -1 0
    outer loop
      vertex -9 0 11
      vertex -1.7 0 7
      vertex -1.69353 0 7.14816
    endloop
  endfacet
  facet normal 0 -1 0
    outer loop
      vertex -9 0 11
      vertex -1.69353 0 6.85183
      vertex -1.7 0 7
    endloop
  endfacet
  facet normal 0 -1 0
    outer loop
      vertex -9 0 11
      vertex -1.67417 0 6.7048
      vertex -1.69353 0 6.85183
    endloop
  endfacet
  facet normal 0 -1 0
    outer loop
      vertex -9 0 11
      vertex -1.64207 0 6.56001
      vertex -1.67417 0 6.7048
    endloop
  endfacet
  facet normal 0 -1 0
    outer loop
      vertex -9 0 11
      vertex -1.59748 0 6.41857
      vertex -1.64207 0 6.56001
    endloop
  endfacet
  facet normal 0 -1 0
    outer loop
      vertex -9 0 11
      vertex -1.54072 0 6.28155
      vertex -1.59748 0 6.41857
    endloop
  endfacet
  facet normal 0 -1 0
    outer loop
      vertex -9 0 11
      vertex -1.47224 0 6.15
      vertex -1.54072 0 6.28155
    endloop
  endfacet
  facet normal 0 -1 0
    outer loop
      vertex -9 0 11
      vertex -1.39256 0 6.02492
      vertex -1.47224 0 6.15
    endloop
  endfacet
  facet normal 0 -1 0
    outer loop
      vertex -1.39256 0 -6.02492
      vertex -1.39256 0 6.02492
      vertex -9 0 11
    endloop
  endfacet
  facet normal 0 -1 0
    outer loop
      vertex -1.39256 0 6.02492
      vertex -1.39256 0 -6.02492
      vertex -1.30227 0 5.90726
    endloop
  endfacet
  facet normal -0 -1 0
    outer loop
      vertex -1.30227 0 -5.90726
      vertex -1.30227 0 5.90726
      vertex -1.39256 0 -6.02492
    endloop
  endfacet
  facet normal 0 -1 0
    outer loop
      vertex -1.30227 0 5.90726
      vertex -1.30227 0 -5.90726
      vertex -1.20208 0 5.79792
    endloop
  endfacet
  facet normal 0 -1 0
    outer loop
      vertex -0.148165 0 5.30647
      vertex 0 0 -5.3
      vertex 0 0 5.3
    endloop
  endfacet
  facet normal 0 -1 0
    outer loop
      vertex -0.148165 0 -5.30647
      vertex -0.148165 0 5.30647
      vertex -0.295201 0 5.32583
    endloop
  endfacet
  facet normal 0 -1 0
    outer loop
      vertex -0.295201 0 -5.32583
      vertex -0.295201 0 5.32583
      vertex -0.439992 0 5.35793
    endloop
  endfacet
  facet normal 0 -1 0
    outer loop
      vertex -0.439992 0 -5.35793
      vertex -0.439992 0 5.35793
      vertex -0.581433 0 5.40252
    endloop
  endfacet
  facet normal 0 -1 0
    outer loop
      vertex -0.581433 0 -5.40252
      vertex -0.581433 0 5.40252
      vertex -0.718451 0 5.45928
    endloop
  endfacet
  facet normal 0 -1 0
    outer loop
      vertex -0.718451 0 -5.45928
      vertex -0.718451 0 5.45928
      vertex -0.849999 0 5.52776
    endloop
  endfacet
  facet normal 0 -1 0
    outer loop
      vertex -0.849999 0 -5.52776
      vertex -0.849999 0 5.52776
      vertex -0.97508 0 5.60744
    endloop
  endfacet
  facet normal -0 -1 0
    outer loop
      vertex -1.20208 0 -5.79792
      vertex -1.20208 0 5.79792
      vertex -1.30227 0 -5.90726
    endloop
  endfacet
  facet normal 0 -1 0
    outer loop
      vertex -0.148165 0 5.30647
      vertex -0.148165 0 -5.30647
      vertex 0 0 -5.3
    endloop
  endfacet
  facet normal 0 -1 0
    outer loop
      vertex -0.295201 0 5.32583
      vertex -0.295201 0 -5.32583
      vertex -0.148165 0 -5.30647
    endloop
  endfacet
  facet normal 0 -1 0
    outer loop
      vertex -0.439992 0 5.35793
      vertex -0.439992 0 -5.35793
      vertex -0.295201 0 -5.32583
    endloop
  endfacet
  facet normal 0 -1 0
    outer loop
      vertex -0.581433 0 5.40252
      vertex -0.581433 0 -5.40252
      vertex -0.439992 0 -5.35793
    endloop
  endfacet
  facet normal 0 -1 0
    outer loop
      vertex -0.718451 0 5.45928
      vertex -0.718451 0 -5.45928
      vertex -0.581433 0 -5.40252
    endloop
  endfacet
  facet normal 0 -1 0
    outer loop
      vertex -0.849999 0 5.52776
      vertex -0.849999 0 -5.52776
      vertex -0.718451 0 -5.45928
    endloop
  endfacet
  facet normal 0 -1 0
    outer loop
      vertex -0.97508 0 5.60744
      vertex -0.97508 0 -5.60744
      vertex -0.849999 0 -5.52776
    endloop
  endfacet
  facet normal 0 -1 -0
    outer loop
      vertex -0.97508 0 5.60744
      vertex -1.09274 0 -5.69772
      vertex -0.97508 0 -5.60744
    endloop
  endfacet
  facet normal 0 -1 0
    outer loop
      vertex -1.09274 0 5.69772
      vertex -1.09274 0 -5.69772
      vertex -0.97508 0 5.60744
    endloop
  endfacet
  facet normal -0 -1 0
    outer loop
      vertex -1.09274 0 -5.69772
      vertex -1.09274 0 5.69772
      vertex -1.20208 0 -5.79792
    endloop
  endfacet
  facet normal 0 -1 0
    outer loop
      vertex -1.20208 0 5.79792
      vertex -1.20208 0 -5.79792
      vertex -1.09274 0 5.69772
    endloop
  endfacet
  facet normal 0 -1 0
    outer loop
      vertex -9 0 -11
      vertex -1.39256 0 -6.02492
      vertex -9 0 11
    endloop
  endfacet
  facet normal 0 -1 0
    outer loop
      vertex -1.39256 0 -6.02492
      vertex -9 0 -11
      vertex -1.47224 0 -6.15
    endloop
  endfacet
  facet normal 0 -1 0
    outer loop
      vertex -1.47224 0 -6.15
      vertex -9 0 -11
      vertex -1.54072 0 -6.28155
    endloop
  endfacet
  facet normal 0 -1 0
    outer loop
      vertex -1.54072 0 -6.28155
      vertex -9 0 -11
      vertex -1.59748 0 -6.41857
    endloop
  endfacet
  facet normal 0 -1 0
    outer loop
      vertex -1.59748 0 -6.41857
      vertex -9 0 -11
      vertex -1.64207 0 -6.56001
    endloop
  endfacet
  facet normal 0 -1 0
    outer loop
      vertex -1.64207 0 -6.56001
      vertex -9 0 -11
      vertex -1.67417 0 -6.7048
    endloop
  endfacet
  facet normal 0 -1 0
    outer loop
      vertex -1.67417 0 -6.7048
      vertex -9 0 -11
      vertex -1.69353 0 -6.85183
    endloop
  endfacet
  facet normal 0 -1 0
    outer loop
      vertex -1.69353 0 -6.85183
      vertex -9 0 -11
      vertex -1.7 0 -7
    endloop
  endfacet
  facet normal 0 -1 -0
    outer loop
      vertex -1.7 0 -7
      vertex -9 0 -11
      vertex -1.69353 0 -7.14816
    endloop
  endfacet
  facet normal 0 -1 -0
    outer loop
      vertex -1.69353 0 -7.14816
      vertex -9 0 -11
      vertex -1.67417 0 -7.2952
    endloop
  endfacet
  facet normal 0 -1 -0
    outer loop
      vertex -1.67417 0 -7.2952
      vertex -9 0 -11
      vertex -1.64207 0 -7.43999
    endloop
  endfacet
  facet normal 0 -1 -0
    outer loop
      vertex -0.148165 0 -8.69353
      vertex -9 0 -11
      vertex 0 0 -8.7
    endloop
  endfacet
  facet normal 0 -1 -0
    outer loop
      vertex -0.295201 0 -8.67417
      vertex -9 0 -11
      vertex -0.148165 0 -8.69353
    endloop
  endfacet
  facet normal 0 -1 -0
    outer loop
      vertex -0.439992 0 -8.64207
      vertex -9 0 -11
      vertex -0.295201 0 -8.67417
    endloop
  endfacet
  facet normal 0 -1 -0
    outer loop
      vertex -0.581433 0 -8.59748
      vertex -9 0 -11
      vertex -0.439992 0 -8.64207
    endloop
  endfacet
  facet normal 0 -1 -0
    outer loop
      vertex -0.718451 0 -8.54072
      vertex -9 0 -11
      vertex -0.581433 0 -8.59748
    endloop
  endfacet
  facet normal 0 -1 -0
    outer loop
      vertex -0.849999 0 -8.47224
      vertex -9 0 -11
      vertex -0.718451 0 -8.54072
    endloop
  endfacet
  facet normal 0 -1 -0
    outer loop
      vertex -0.97508 0 -8.39256
      vertex -9 0 -11
      vertex -0.849999 0 -8.47224
    endloop
  endfacet
  facet normal 0 -1 -0
    outer loop
      vertex -1.09274 0 -8.30227
      vertex -9 0 -11
      vertex -0.97508 0 -8.39256
    endloop
  endfacet
  facet normal 0 -1 -0
    outer loop
      vertex -1.20208 0 -8.20208
      vertex -9 0 -11
      vertex -1.09274 0 -8.30227
    endloop
  endfacet
  facet normal 0 -1 -0
    outer loop
      vertex -1.30227 0 -8.09274
      vertex -9 0 -11
      vertex -1.20208 0 -8.20208
    endloop
  endfacet
  facet normal 0 -1 -0
    outer loop
      vertex -1.39256 0 -7.97508
      vertex -9 0 -11
      vertex -1.30227 0 -8.09274
    endloop
  endfacet
  facet normal 0 -1 -0
    outer loop
      vertex -1.47224 0 -7.85
      vertex -9 0 -11
      vertex -1.39256 0 -7.97508
    endloop
  endfacet
  facet normal 0 -1 -0
    outer loop
      vertex -1.54072 0 -7.71845
      vertex -9 0 -11
      vertex -1.47224 0 -7.85
    endloop
  endfacet
  facet normal 0 -1 -0
    outer loop
      vertex -1.59748 0 -7.58143
      vertex -9 0 -11
      vertex -1.54072 0 -7.71845
    endloop
  endfacet
  facet normal 0 -1 -0
    outer loop
      vertex -1.64207 0 -7.43999
      vertex -9 0 -11
      vertex -1.59748 0 -7.58143
    endloop
  endfacet
  facet normal 0 -1 0
    outer loop
      vertex 0.148165 0 8.69353
      vertex 9 0 11
      vertex 0 0 8.7
    endloop
  endfacet
  facet normal 0 -1 0
    outer loop
      vertex 0.295201 0 8.67417
      vertex 9 0 11
      vertex 0.148165 0 8.69353
    endloop
  endfacet
  facet normal 0 -1 0
    outer loop
      vertex 0.439992 0 8.64207
      vertex 9 0 11
      vertex 0.295201 0 8.67417
    endloop
  endfacet
  facet normal 0 -1 0
    outer loop
      vertex 0.581433 0 8.59748
      vertex 9 0 11
      vertex 0.439992 0 8.64207
    endloop
  endfacet
  facet normal 0 -1 0
    outer loop
      vertex 0.718451 0 8.54072
      vertex 9 0 11
      vertex 0.581433 0 8.59748
    endloop
  endfacet
  facet normal 0 -1 0
    outer loop
      vertex 0.849999 0 8.47224
      vertex 9 0 11
      vertex 0.718451 0 8.54072
    endloop
  endfacet
  facet normal 0 -1 0
    outer loop
      vertex 0.97508 0 8.39256
      vertex 9 0 11
      vertex 0.849999 0 8.47224
    endloop
  endfacet
  facet normal 0 -1 0
    outer loop
      vertex 1.09274 0 8.30227
      vertex 9 0 11
      vertex 0.97508 0 8.39256
    endloop
  endfacet
  facet normal 0 -1 0
    outer loop
      vertex 1.20208 0 8.20208
      vertex 9 0 11
      vertex 1.09274 0 8.30227
    endloop
  endfacet
  facet normal 0 -1 0
    outer loop
      vertex 1.30227 0 8.09274
      vertex 9 0 11
      vertex 1.20208 0 8.20208
    endloop
  endfacet
  facet normal 0 -1 0
    outer loop
      vertex 1.39256 0 7.97508
      vertex 9 0 11
      vertex 1.30227 0 8.09274
    endloop
  endfacet
  facet normal 0 -1 0
    outer loop
      vertex 1.47224 0 7.85
      vertex 9 0 11
      vertex 1.39256 0 7.97508
    endloop
  endfacet
  facet normal 0 -1 0
    outer loop
      vertex 1.54072 0 7.71845
      vertex 9 0 11
      vertex 1.47224 0 7.85
    endloop
  endfacet
  facet normal 0 -1 0
    outer loop
      vertex 1.59748 0 7.58143
      vertex 9 0 11
      vertex 1.54072 0 7.71845
    endloop
  endfacet
  facet normal 0 -1 0
    outer loop
      vertex 1.64207 0 7.43999
      vertex 9 0 11
      vertex 1.59748 0 7.58143
    endloop
  endfacet
  facet normal 0 -1 0
    outer loop
      vertex 1.67417 0 7.2952
      vertex 9 0 11
      vertex 1.64207 0 7.43999
    endloop
  endfacet
  facet normal 0 -1 0
    outer loop
      vertex 1.69353 0 7.14816
      vertex 9 0 11
      vertex 1.67417 0 7.2952
    endloop
  endfacet
  facet normal 0 -1 0
    outer loop
      vertex 1.7 0 7
      vertex 9 0 11
      vertex 1.69353 0 7.14816
    endloop
  endfacet
  facet normal 0 -1 0
    outer loop
      vertex 1.69353 0 6.85183
      vertex 9 0 11
      vertex 1.7 0 7
    endloop
  endfacet
  facet normal 0 -1 0
    outer loop
      vertex 1.67417 0 6.7048
      vertex 9 0 11
      vertex 1.69353 0 6.85183
    endloop
  endfacet
  facet normal 0 -1 0
    outer loop
      vertex 1.64207 0 6.56001
      vertex 9 0 11
      vertex 1.67417 0 6.7048
    endloop
  endfacet
  facet normal 0 -1 0
    outer loop
      vertex 1.59748 0 6.41857
      vertex 9 0 11
      vertex 1.64207 0 6.56001
    endloop
  endfacet
  facet normal 0 -1 0
    outer loop
      vertex 1.54072 0 6.28155
      vertex 9 0 11
      vertex 1.59748 0 6.41857
    endloop
  endfacet
  facet normal 0 -1 0
    outer loop
      vertex 1.47224 0 6.15
      vertex 9 0 11
      vertex 1.54072 0 6.28155
    endloop
  endfacet
  facet normal 0 -1 0
    outer loop
      vertex 1.39256 0 6.02492
      vertex 9 0 11
      vertex 1.47224 0 6.15
    endloop
  endfacet
  facet normal 0 -1 0
    outer loop
      vertex 1.39256 0 -6.02492
      vertex 1.39256 0 6.02492
      vertex 1.30227 0 5.90726
    endloop
  endfacet
  facet normal 0 -1 0
    outer loop
      vertex 1.30227 0 -5.90726
      vertex 1.30227 0 5.90726
      vertex 1.20208 0 5.79792
    endloop
  endfacet
  facet normal 0 -1 0
    outer loop
      vertex 1.20208 0 -5.79792
      vertex 1.20208 0 5.79792
      vertex 1.09274 0 5.69772
    endloop
  endfacet
  facet normal 0 -1 0
    outer loop
      vertex 1.09274 0 -5.69772
      vertex 1.09274 0 5.69772
      vertex 0.97508 0 5.60744
    endloop
  endfacet
  facet normal 0 -1 0
    outer loop
      vertex 0 0 -5.3
      vertex 0.148165 0 5.30647
      vertex 0 0 5.3
    endloop
  endfacet
  facet normal 0 -1 0
    outer loop
      vertex 0.148165 0 -5.30647
      vertex 0.148165 0 5.30647
      vertex 0 0 -5.3
    endloop
  endfacet
  facet normal 0 -1 0
    outer loop
      vertex 0.148165 0 5.30647
      vertex 0.148165 0 -5.30647
      vertex 0.295201 0 5.32583
    endloop
  endfacet
  facet normal 0 -1 0
    outer loop
      vertex 0.295201 0 -5.32583
      vertex 0.295201 0 5.32583
      vertex 0.148165 0 -5.30647
    endloop
  endfacet
  facet normal 0 -1 0
    outer loop
      vertex 0.295201 0 5.32583
      vertex 0.295201 0 -5.32583
      vertex 0.439992 0 5.35793
    endloop
  endfacet
  facet normal 0 -1 0
    outer loop
      vertex 0.439992 0 -5.35793
      vertex 0.439992 0 5.35793
      vertex 0.295201 0 -5.32583
    endloop
  endfacet
  facet normal 0 -1 0
    outer loop
      vertex 0.439992 0 5.35793
      vertex 0.439992 0 -5.35793
      vertex 0.581433 0 5.40252
    endloop
  endfacet
  facet normal 0 -1 0
    outer loop
      vertex 0.581433 0 -5.40252
      vertex 0.581433 0 5.40252
      vertex 0.439992 0 -5.35793
    endloop
  endfacet
  facet normal 0 -1 0
    outer loop
      vertex 0.581433 0 5.40252
      vertex 0.581433 0 -5.40252
      vertex 0.718451 0 5.45928
    endloop
  endfacet
  facet normal 0 -1 0
    outer loop
      vertex 0.718451 0 -5.45928
      vertex 0.718451 0 5.45928
      vertex 0.581433 0 -5.40252
    endloop
  endfacet
  facet normal 0 -1 0
    outer loop
      vertex 0.718451 0 5.45928
      vertex 0.718451 0 -5.45928
      vertex 0.849999 0 5.52776
    endloop
  endfacet
  facet normal 0 -1 0
    outer loop
      vertex 0.849999 0 -5.52776
      vertex 0.849999 0 5.52776
      vertex 0.718451 0 -5.45928
    endloop
  endfacet
  facet normal 0 -1 0
    outer loop
      vertex 0.849999 0 5.52776
      vertex 0.849999 0 -5.52776
      vertex 0.97508 0 5.60744
    endloop
  endfacet
  facet normal 0 -1 0
    outer loop
      vertex 0.97508 0 -5.60744
      vertex 0.97508 0 5.60744
      vertex 0.849999 0 -5.52776
    endloop
  endfacet
  facet normal 0 -1 0
    outer loop
      vertex 1.09274 0 -5.69772
      vertex 0.97508 0 5.60744
      vertex 0.97508 0 -5.60744
    endloop
  endfacet
  facet normal 0 -1 0
    outer loop
      vertex 1.09274 0 5.69772
      vertex 1.09274 0 -5.69772
      vertex 1.20208 0 -5.79792
    endloop
  endfacet
  facet normal 0 -1 0
    outer loop
      vertex 1.20208 0 5.79792
      vertex 1.20208 0 -5.79792
      vertex 1.30227 0 -5.90726
    endloop
  endfacet
  facet normal 0 -1 0
    outer loop
      vertex 1.30227 0 5.90726
      vertex 1.30227 0 -5.90726
      vertex 1.39256 0 -6.02492
    endloop
  endfacet
  facet normal 0 -1 0
    outer loop
      vertex 1.39256 0 6.02492
      vertex 1.39256 0 -6.02492
      vertex 9 0 11
    endloop
  endfacet
  facet normal 0 -1 0
    outer loop
      vertex 9 0 -11
      vertex 1.39256 0 -6.02492
      vertex 1.47224 0 -6.15
    endloop
  endfacet
  facet normal 0 -1 0
    outer loop
      vertex 9 0 -11
      vertex 1.47224 0 -6.15
      vertex 1.54072 0 -6.28155
    endloop
  endfacet
  facet normal 0 -1 0
    outer loop
      vertex 9 0 -11
      vertex 1.54072 0 -6.28155
      vertex 1.59748 0 -6.41857
    endloop
  endfacet
  facet normal 0 -1 0
    outer loop
      vertex 9 0 -11
      vertex 1.59748 0 -6.41857
      vertex 1.64207 0 -6.56001
    endloop
  endfacet
  facet normal 0 -1 0
    outer loop
      vertex 9 0 -11
      vertex 1.64207 0 -6.56001
      vertex 1.67417 0 -6.7048
    endloop
  endfacet
  facet normal 0 -1 0
    outer loop
      vertex 9 0 -11
      vertex 1.67417 0 -6.7048
      vertex 1.69353 0 -6.85183
    endloop
  endfacet
  facet normal 0 -1 0
    outer loop
      vertex 9 0 -11
      vertex 1.69353 0 -6.85183
      vertex 1.7 0 -7
    endloop
  endfacet
  facet normal 0 -1 0
    outer loop
      vertex 9 0 -11
      vertex 1.7 0 -7
      vertex 1.69353 0 -7.14816
    endloop
  endfacet
  facet normal 0 -1 0
    outer loop
      vertex 9 0 -11
      vertex 1.69353 0 -7.14816
      vertex 1.67417 0 -7.2952
    endloop
  endfacet
  facet normal 0 -1 0
    outer loop
      vertex 9 0 -11
      vertex 1.67417 0 -7.2952
      vertex 1.64207 0 -7.43999
    endloop
  endfacet
  facet normal 0 -1 0
    outer loop
      vertex 9 0 -11
      vertex 1.64207 0 -7.43999
      vertex 1.59748 0 -7.58143
    endloop
  endfacet
  facet normal 0 -1 0
    outer loop
      vertex 9 0 -11
      vertex 0 0 -8.7
      vertex -9 0 -11
    endloop
  endfacet
  facet normal 0 -1 0
    outer loop
      vertex 0 0 -8.7
      vertex 9 0 -11
      vertex 0.148165 0 -8.69353
    endloop
  endfacet
  facet normal 0 -1 0
    outer loop
      vertex 0.148165 0 -8.69353
      vertex 9 0 -11
      vertex 0.295201 0 -8.67417
    endloop
  endfacet
  facet normal 0 -1 0
    outer loop
      vertex 1.39256 0 -6.02492
      vertex 9 0 -11
      vertex 9 0 11
    endloop
  endfacet
  facet normal 0 -1 0
    outer loop
      vertex 1.54072 0 -7.71845
      vertex 9 0 -11
      vertex 1.59748 0 -7.58143
    endloop
  endfacet
  facet normal 0 -1 0
    outer loop
      vertex 1.47224 0 -7.85
      vertex 9 0 -11
      vertex 1.54072 0 -7.71845
    endloop
  endfacet
  facet normal 0 -1 0
    outer loop
      vertex 1.39256 0 -7.97508
      vertex 9 0 -11
      vertex 1.47224 0 -7.85
    endloop
  endfacet
  facet normal 0 -1 0
    outer loop
      vertex 1.30227 0 -8.09274
      vertex 9 0 -11
      vertex 1.39256 0 -7.97508
    endloop
  endfacet
  facet normal 0 -1 0
    outer loop
      vertex 1.20208 0 -8.20208
      vertex 9 0 -11
      vertex 1.30227 0 -8.09274
    endloop
  endfacet
  facet normal 0 -1 0
    outer loop
      vertex 1.09274 0 -8.30227
      vertex 9 0 -11
      vertex 1.20208 0 -8.20208
    endloop
  endfacet
  facet normal 0 -1 0
    outer loop
      vertex 0.97508 0 -8.39256
      vertex 9 0 -11
      vertex 1.09274 0 -8.30227
    endloop
  endfacet
  facet normal 0 -1 0
    outer loop
      vertex 0.849999 0 -8.47224
      vertex 9 0 -11
      vertex 0.97508 0 -8.39256
    endloop
  endfacet
  facet normal 0 -1 0
    outer loop
      vertex 0.718451 0 -8.54072
      vertex 9 0 -11
      vertex 0.849999 0 -8.47224
    endloop
  endfacet
  facet normal 0 -1 0
    outer loop
      vertex 0.581433 0 -8.59748
      vertex 9 0 -11
      vertex 0.718451 0 -8.54072
    endloop
  endfacet
  facet normal 0 -1 0
    outer loop
      vertex 0.439992 0 -8.64207
      vertex 9 0 -11
      vertex 0.581433 0 -8.59748
    endloop
  endfacet
  facet normal 0 -1 0
    outer loop
      vertex 0.295201 0 -8.67417
      vertex 9 0 -11
      vertex 0.439992 0 -8.64207
    endloop
  endfacet
  facet normal 1 0 0
    outer loop
      vertex 2 3 -6
      vertex 2 4 -4.76751
      vertex 2 3.75466 -4.76751
    endloop
  endfacet
  facet normal 1 0 0
    outer loop
      vertex 2 4 -4.76751
      vertex 2 3 -6
      vertex 2 4 -9
    endloop
  endfacet
  facet normal 1 0 0
    outer loop
      vertex 2 4 -9
      vertex 2 3 -6
      vertex 2 3 -9
    endloop
  endfacet
  facet normal 1 0 0
    outer loop
      vertex 2 15.9 21
      vertex 2 8 11
      vertex 2 13.4092 11
    endloop
  endfacet
  facet normal 1 -0 0
    outer loop
      vertex 2 4 4.76751
      vertex 2 8 2.16583
      vertex 2 8 11
    endloop
  endfacet
  facet normal 1 0 0
    outer loop
      vertex 2 4 -4.76751
      vertex 2 8 2.16583
      vertex 2 4 4.76751
    endloop
  endfacet
  facet normal 1 -0 0
    outer loop
      vertex 2 4 21
      vertex 2 8 11
      vertex 2 15.9 21
    endloop
  endfacet
  facet normal 1 0 0
    outer loop
      vertex 2 4 11
      vertex 2 8 11
      vertex 2 4 21
    endloop
  endfacet
  facet normal 1 0 0
    outer loop
      vertex 2 4 9.23249
      vertex 2 8 11
      vertex 2 4 11
    endloop
  endfacet
  facet normal 1 0 0
    outer loop
      vertex 2 4 4.76751
      vertex 2 8 11
      vertex 2 4 9.23249
    endloop
  endfacet
  facet normal 1 0 0
    outer loop
      vertex 2 8 2.16583
      vertex 2 4 -4.76751
      vertex 2 8 -9
    endloop
  endfacet
  facet normal 1 0 0
    outer loop
      vertex 2 4 -9
      vertex 2 8 -9
      vertex 2 4 -4.76751
    endloop
  endfacet
  facet normal 1 0 0
    outer loop
      vertex 2 4 -9.23249
      vertex 2 8 -9
      vertex 2 4 -9
    endloop
  endfacet
  facet normal 1 0 0
    outer loop
      vertex 2 8 -9
      vertex 2 4 -9.23249
      vertex 2 8 -11
    endloop
  endfacet
  facet normal 1 0 0
    outer loop
      vertex 2 8 -11
      vertex 2 4 -9.23249
      vertex 2 4 -11
    endloop
  endfacet
  facet normal 1 0 0
    outer loop
      vertex 2 23.2333 26.5
      vertex 2 23.9 26.5
      vertex 2 23.9 27
    endloop
  endfacet
  facet normal 1 0 0
    outer loop
      vertex 2 22.6169 26.0377
      vertex 2 23.9 26.5
      vertex 2 23.2333 26.5
    endloop
  endfacet
  facet normal 1 0 0
    outer loop
      vertex 2 23.9 26.5
      vertex 2 22.6169 26.0377
      vertex 2 23.9 11
    endloop
  endfacet
  facet normal 1 0 0
    outer loop
      vertex 2 22.6169 26.0377
      vertex 2 23.2333 26.5
      vertex 2 22.9 26.5
    endloop
  endfacet
  facet normal 1 -0 0
    outer loop
      vertex 2 15.9 21
      vertex 2 23.9 11
      vertex 2 22.6169 26.0377
    endloop
  endfacet
  facet normal 1 0 0
    outer loop
      vertex 2 23.9 11
      vertex 2 19.5637 8.25224
      vertex 2 23.9 5
    endloop
  endfacet
  facet normal 1 0 0
    outer loop
      vertex 2 13.4092 11
      vertex 2 23.9 11
      vertex 2 15.9 21
    endloop
  endfacet
  facet normal 1 0 0
    outer loop
      vertex 2 23.9 11
      vertex 2 13.4092 11
      vertex 2 19.5637 8.25224
    endloop
  endfacet
  facet normal 1 0 0
    outer loop
      vertex 2 8 2.16583
      vertex 2 19.5637 8.25224
      vertex 2 13.4092 11
    endloop
  endfacet
  facet normal 1 0 0
    outer loop
      vertex 2 19.5637 8.25224
      vertex 2 8 2.16583
      vertex 2 9 -9
    endloop
  endfacet
  facet normal 1 0 0
    outer loop
      vertex 2 9 -9
      vertex 2 8 2.16583
      vertex 2 8 -9
    endloop
  endfacet
  facet normal -0 0 0
    outer loop
      vertex 2 23.9 19.4641
      vertex 2 23.9 26.5
      vertex 2 23.9 12.5359
    endloop
  endfacet
  facet normal 0 0 0
    outer loop
      vertex 2 23.9 11
      vertex 2 23.9 12.5359
      vertex 2 23.9 26.5
    endloop
  endfacet
  facet normal 1 -0 0
    outer loop
      vertex 2 23.9 19.4641
      vertex 2 27.9 12.5359
      vertex 2 27.9 19.4641
    endloop
  endfacet
  facet normal 1 0 0
    outer loop
      vertex 2 27.9 12.5359
      vertex 2 23.9 19.4641
      vertex 2 23.9 12.5359
    endloop
  endfacet
  facet normal 1 -0 0
    outer loop
      vertex 2 28.5 26.5
      vertex 2 28.9 25
      vertex 2 28.9 26.5
    endloop
  endfacet
  facet normal 1 0 0
    outer loop
      vertex 2 28.9 25
      vertex 2 28.5 26.5
      vertex 2 28.5 25
    endloop
  endfacet
  facet normal 1 -0 0
    outer loop
      vertex 2 27.9 26.5
      vertex 2 28 25
      vertex 2 28 26.5
    endloop
  endfacet
  facet normal 1 0 0
    outer loop
      vertex 2 28 25
      vertex 2 27.9 26.5
      vertex 2 27.9 25
    endloop
  endfacet
  facet normal 0 0 1
    outer loop
      vertex -1.5 15.9 21
      vertex -2 15.9 21
      vertex -1.5 7.5 21
    endloop
  endfacet
  facet normal 0 0 1
    outer loop
      vertex 1.5 7.5 21
      vertex 2 15.9 21
      vertex 1.5 15.9 21
    endloop
  endfacet
  facet normal 0 0 1
    outer loop
      vertex 2 15.9 21
      vertex 1.5 7.5 21
      vertex 2 4 21
    endloop
  endfacet
  facet normal -0 0 1
    outer loop
      vertex -1.5 7.5 21
      vertex 2 4 21
      vertex 1.5 7.5 21
    endloop
  endfacet
  facet normal 0 0 1
    outer loop
      vertex -1.5 7.5 21
      vertex -2 4 21
      vertex 2 4 21
    endloop
  endfacet
  facet normal 0 0 1
    outer loop
      vertex -2 4 21
      vertex -1.5 7.5 21
      vertex -2 15.9 21
    endloop
  endfacet
  facet normal -1 0 0
    outer loop
      vertex -2 3 -6
      vertex -2 4 -4.76751
      vertex -2 4 -9
    endloop
  endfacet
  facet normal -1 0 0
    outer loop
      vertex -2 3 -6
      vertex -2 4 -9
      vertex -2 3 -9
    endloop
  endfacet
  facet normal -1 -0 0
    outer loop
      vertex -2 4 -4.76751
      vertex -2 3 -6
      vertex -2 3.75466 -4.76751
    endloop
  endfacet
  facet normal -1 0 0
    outer loop
      vertex -2 4 -9.23249
      vertex -2 8 -9
      vertex -2 8 -11
    endloop
  endfacet
  facet normal -1 0 0
    outer loop
      vertex -2 8 -9
      vertex -2 4 -4.76751
      vertex -2 8 2.16583
    endloop
  endfacet
  facet normal -1 0 0
    outer loop
      vertex -2 4 -9.23249
      vertex -2 8 -11
      vertex -2 4 -11
    endloop
  endfacet
  facet normal -1 0 0
    outer loop
      vertex -2 19.5637 8.25224
      vertex -2 23.9 11
      vertex -2 23.9 5
    endloop
  endfacet
  facet normal -1 0 0
    outer loop
      vertex -2 13.4092 11
      vertex -2 23.9 11
      vertex -2 19.5637 8.25224
    endloop
  endfacet
  facet normal -1 0 0
    outer loop
      vertex -2 23.9 26.5
      vertex -2 23.2333 26.5
      vertex -2 23.9 27
    endloop
  endfacet
  facet normal -1 -0 0
    outer loop
      vertex -2 23.9 26.5
      vertex -2 22.6169 26.0377
      vertex -2 23.2333 26.5
    endloop
  endfacet
  facet normal -1 -0 0
    outer loop
      vertex -2 23.2333 26.5
      vertex -2 22.6169 26.0377
      vertex -2 22.9 26.5
    endloop
  endfacet
  facet normal -1 0 0
    outer loop
      vertex -2 23.9 11
      vertex -2 22.6169 26.0377
      vertex -2 23.9 26.5
    endloop
  endfacet
  facet normal -1 0 0
    outer loop
      vertex -2 23.9 11
      vertex -2 15.9 21
      vertex -2 22.6169 26.0377
    endloop
  endfacet
  facet normal -1 0 0
    outer loop
      vertex -2 23.9 11
      vertex -2 13.4092 11
      vertex -2 15.9 21
    endloop
  endfacet
  facet normal -1 0 0
    outer loop
      vertex -2 8 2.16583
      vertex -2 19.5637 8.25224
      vertex -2 9 -9
    endloop
  endfacet
  facet normal -1 0 0
    outer loop
      vertex -2 8 2.16583
      vertex -2 9 -9
      vertex -2 8 -9
    endloop
  endfacet
  facet normal -1 -0 0
    outer loop
      vertex -2 19.5637 8.25224
      vertex -2 8 2.16583
      vertex -2 13.4092 11
    endloop
  endfacet
  facet normal 0 -0 0
    outer loop
      vertex -2 23.9 12.5359
      vertex -2 23.9 11
      vertex -2 23.9 19.4641
    endloop
  endfacet
  facet normal 0 0 0
    outer loop
      vertex -2 23.9 26.5
      vertex -2 23.9 19.4641
      vertex -2 23.9 11
    endloop
  endfacet
  facet normal -1 0 0
    outer loop
      vertex -2 23.9 12.5359
      vertex -2 27.9 19.4641
      vertex -2 27.9 12.5359
    endloop
  endfacet
  facet normal -1 -0 0
    outer loop
      vertex -2 27.9 19.4641
      vertex -2 23.9 12.5359
      vertex -2 23.9 19.4641
    endloop
  endfacet
  facet normal -1 0 0
    outer loop
      vertex -2 8 11
      vertex -2 15.9 21
      vertex -2 13.4092 11
    endloop
  endfacet
  facet normal -1 -0 0
    outer loop
      vertex -2 8 -9
      vertex -2 4 -9.23249
      vertex -2 4 -9
    endloop
  endfacet
  facet normal -1 0 0
    outer loop
      vertex -2 8 -9
      vertex -2 4 -9
      vertex -2 4 -4.76751
    endloop
  endfacet
  facet normal -1 0 0
    outer loop
      vertex -2 4 4.76751
      vertex -2 8 2.16583
      vertex -2 4 -4.76751
    endloop
  endfacet
  facet normal -1 0 0
    outer loop
      vertex -2 8 2.16583
      vertex -2 4 4.76751
      vertex -2 8 11
    endloop
  endfacet
  facet normal -1 0 0
    outer loop
      vertex -2 4 9.23249
      vertex -2 8 11
      vertex -2 4 4.76751
    endloop
  endfacet
  facet normal -1 0 0
    outer loop
      vertex -2 4 11
      vertex -2 8 11
      vertex -2 4 9.23249
    endloop
  endfacet
  facet normal -1 0 0
    outer loop
      vertex -2 4 21
      vertex -2 8 11
      vertex -2 4 11
    endloop
  endfacet
  facet normal -1 0 0
    outer loop
      vertex -2 8 11
      vertex -2 4 21
      vertex -2 15.9 21
    endloop
  endfacet
  facet normal -1 0 0
    outer loop
      vertex -2 28.5 25
      vertex -2 28.9 26.5
      vertex -2 28.9 25
    endloop
  endfacet
  facet normal -1 -0 0
    outer loop
      vertex -2 28.9 26.5
      vertex -2 28.5 25
      vertex -2 28.5 26.5
    endloop
  endfacet
  facet normal -1 0 0
    outer loop
      vertex -2 27.9 25
      vertex -2 28 26.5
      vertex -2 28 25
    endloop
  endfacet
  facet normal -1 -0 0
    outer loop
      vertex -2 28 26.5
      vertex -2 27.9 25
      vertex -2 27.9 26.5
    endloop
  endfacet
  facet normal 0 1 -0
    outer loop
      vertex 2 8 -11
      vertex -2 8 -9
      vertex 2 8 -9
    endloop
  endfacet
  facet normal 0 1 0
    outer loop
      vertex -2 8 -9
      vertex 2 8 -11
      vertex -2 8 -11
    endloop
  endfacet
  facet normal 0 1 -0
    outer loop
      vertex -1.5 8 2.16583
      vertex -2 8 11
      vertex -1.5 8 11
    endloop
  endfacet
  facet normal 0 1 0
    outer loop
      vertex -2 8 11
      vertex -1.5 8 2.16583
      vertex -2 8 2.16583
    endloop
  endfacet
  facet normal 0 1 -0
    outer loop
      vertex 2 8 2.16583
      vertex 1.5 8 11
      vertex 2 8 11
    endloop
  endfacet
  facet normal 0 1 0
    outer loop
      vertex 1.5 8 11
      vertex 2 8 2.16583
      vertex 1.5 8 2.16583
    endloop
  endfacet
  facet normal 0 0 -1
    outer loop
      vertex -2 8 11
      vertex -1.5 13.4092 11
      vertex -1.5 8 11
    endloop
  endfacet
  facet normal -0 0 -1
    outer loop
      vertex -1.5 13.4092 11
      vertex -2 8 11
      vertex -2 13.4092 11
    endloop
  endfacet
  facet normal 0 0 -1
    outer loop
      vertex 1.5 8 11
      vertex 2 13.4092 11
      vertex 2 8 11
    endloop
  endfacet
  facet normal -0 0 -1
    outer loop
      vertex 2 13.4092 11
      vertex 1.5 8 11
      vertex 1.5 13.4092 11
    endloop
  endfacet
  facet normal 0 1 0
    outer loop
      vertex 14 27.9 28
      vertex 2 27.9 26.5
      vertex -14 27.9 28
    endloop
  endfacet
  facet normal 0 1 0
    outer loop
      vertex 14 27.9 28
      vertex 11 27.9 25
      vertex 2 27.9 26.5
    endloop
  endfacet
  facet normal 0 1 0
    outer loop
      vertex 14 27.9 28
      vertex 11 27.9 7
      vertex 11 27.9 25
    endloop
  endfacet
  facet normal 0 1 0
    outer loop
      vertex 11 27.9 7
      vertex 14 27.9 4
      vertex -11 27.9 7
    endloop
  endfacet
  facet normal 0 1 -0
    outer loop
      vertex 14 27.9 4
      vertex 11 27.9 7
      vertex 14 27.9 28
    endloop
  endfacet
  facet normal 0 1 -0
    outer loop
      vertex -2 27.9 26.5
      vertex -14 27.9 28
      vertex 2 27.9 26.5
    endloop
  endfacet
  facet normal 0 1 0
    outer loop
      vertex -11 27.9 25
      vertex -2 27.9 26.5
      vertex -2 27.9 25
    endloop
  endfacet
  facet normal 0 1 0
    outer loop
      vertex -2 27.9 26.5
      vertex -11 27.9 25
      vertex -14 27.9 28
    endloop
  endfacet
  facet normal 0 1 -0
    outer loop
      vertex -11 27.9 7
      vertex -14 27.9 28
      vertex -11 27.9 25
    endloop
  endfacet
  facet normal 0 1 0
    outer loop
      vertex -11 27.9 7
      vertex -14 27.9 4
      vertex -14 27.9 28
    endloop
  endfacet
  facet normal 0 1 0
    outer loop
      vertex -14 27.9 4
      vertex -11 27.9 7
      vertex 14 27.9 4
    endloop
  endfacet
  facet normal 0 1 0
    outer loop
      vertex 2 27.9 26.5
      vertex 11 27.9 25
      vertex 2 27.9 25
    endloop
  endfacet
  facet normal 0 -1 0
    outer loop
      vertex -8.60459 27.9 19.1954
      vertex -8.39541 27.9 19.1954
      vertex -8.5 27.9 19.2
    endloop
  endfacet
  facet normal 0 -1 0
    outer loop
      vertex -8.70838 27.9 19.1818
      vertex -8.39541 27.9 19.1954
      vertex -8.60459 27.9 19.1954
    endloop
  endfacet
  facet normal 0 -1 0
    outer loop
      vertex -8.70838 27.9 19.1818
      vertex -8.29162 27.9 19.1818
      vertex -8.39541 27.9 19.1954
    endloop
  endfacet
  facet normal 0 -1 0
    outer loop
      vertex -8.81058 27.9 19.1591
      vertex -8.29162 27.9 19.1818
      vertex -8.70838 27.9 19.1818
    endloop
  endfacet
  facet normal 0 -1 0
    outer loop
      vertex -8.81058 27.9 19.1591
      vertex -8.18942 27.9 19.1591
      vertex -8.29162 27.9 19.1818
    endloop
  endfacet
  facet normal 0 -1 0
    outer loop
      vertex -8.91042 27.9 19.1276
      vertex -8.18942 27.9 19.1591
      vertex -8.81058 27.9 19.1591
    endloop
  endfacet
  facet normal 0 -1 0
    outer loop
      vertex -8.91042 27.9 19.1276
      vertex -8.08958 27.9 19.1276
      vertex -8.18942 27.9 19.1591
    endloop
  endfacet
  facet normal 0 -1 0
    outer loop
      vertex -9.00714 27.9 19.0876
      vertex -8.08958 27.9 19.1276
      vertex -8.91042 27.9 19.1276
    endloop
  endfacet
  facet normal 0 -1 0
    outer loop
      vertex -9.00714 27.9 19.0876
      vertex -7.99286 27.9 19.0876
      vertex -8.08958 27.9 19.1276
    endloop
  endfacet
  facet normal 0 -1 0
    outer loop
      vertex -9.1 27.9 19.0392
      vertex -7.99286 27.9 19.0876
      vertex -9.00714 27.9 19.0876
    endloop
  endfacet
  facet normal 0 -1 0
    outer loop
      vertex -9.1 27.9 19.0392
      vertex -7.9 27.9 19.0392
      vertex -7.99286 27.9 19.0876
    endloop
  endfacet
  facet normal 0 -1 0
    outer loop
      vertex -9.18829 27.9 18.983
      vertex -7.9 27.9 19.0392
      vertex -9.1 27.9 19.0392
    endloop
  endfacet
  facet normal 0 -1 0
    outer loop
      vertex -9.18829 27.9 18.983
      vertex -7.81171 27.9 18.983
      vertex -7.9 27.9 19.0392
    endloop
  endfacet
  facet normal 0 -1 0
    outer loop
      vertex -9.27134 27.9 18.9193
      vertex -7.81171 27.9 18.983
      vertex -9.18829 27.9 18.983
    endloop
  endfacet
  facet normal 0 -1 0
    outer loop
      vertex -9.27134 27.9 18.9193
      vertex -7.72865 27.9 18.9193
      vertex -7.81171 27.9 18.983
    endloop
  endfacet
  facet normal 0 -1 0
    outer loop
      vertex -9.34853 27.9 18.8485
      vertex -7.72865 27.9 18.9193
      vertex -9.27134 27.9 18.9193
    endloop
  endfacet
  facet normal 0 -1 0
    outer loop
      vertex -9.34853 27.9 18.8485
      vertex -7.65147 27.9 18.8485
      vertex -7.72865 27.9 18.9193
    endloop
  endfacet
  facet normal 0 -1 0
    outer loop
      vertex -9.41925 27.9 18.7713
      vertex -7.65147 27.9 18.8485
      vertex -9.34853 27.9 18.8485
    endloop
  endfacet
  facet normal 0 -1 0
    outer loop
      vertex -9.41925 27.9 18.7713
      vertex -7.58075 27.9 18.7713
      vertex -7.65147 27.9 18.8485
    endloop
  endfacet
  facet normal 0 -1 0
    outer loop
      vertex -9.48298 27.9 18.6883
      vertex -7.58075 27.9 18.7713
      vertex -9.41925 27.9 18.7713
    endloop
  endfacet
  facet normal 0 -1 0
    outer loop
      vertex -9.48298 27.9 18.6883
      vertex -7.51702 27.9 18.6883
      vertex -7.58075 27.9 18.7713
    endloop
  endfacet
  facet normal 0 -1 0
    outer loop
      vertex -9.53923 27.9 18.6
      vertex -7.51702 27.9 18.6883
      vertex -9.48298 27.9 18.6883
    endloop
  endfacet
  facet normal 0 -1 0
    outer loop
      vertex -9.53923 27.9 18.6
      vertex -7.46077 27.9 18.6
      vertex -7.51702 27.9 18.6883
    endloop
  endfacet
  facet normal 0 -1 0
    outer loop
      vertex -9.58757 27.9 18.5071
      vertex -7.46077 27.9 18.6
      vertex -9.53923 27.9 18.6
    endloop
  endfacet
  facet normal 0 -1 0
    outer loop
      vertex -9.58757 27.9 18.5071
      vertex -7.41243 27.9 18.5071
      vertex -7.46077 27.9 18.6
    endloop
  endfacet
  facet normal 0 -1 0
    outer loop
      vertex -9.62763 27.9 18.4104
      vertex -7.41243 27.9 18.5071
      vertex -9.58757 27.9 18.5071
    endloop
  endfacet
  facet normal 0 -1 0
    outer loop
      vertex -9.62763 27.9 18.4104
      vertex -7.37237 27.9 18.4104
      vertex -7.41243 27.9 18.5071
    endloop
  endfacet
  facet normal 0 -1 0
    outer loop
      vertex -9.65911 27.9 18.3106
      vertex -7.37237 27.9 18.4104
      vertex -9.62763 27.9 18.4104
    endloop
  endfacet
  facet normal 0 -1 0
    outer loop
      vertex -9.65911 27.9 18.3106
      vertex -7.34089 27.9 18.3106
      vertex -7.37237 27.9 18.4104
    endloop
  endfacet
  facet normal 0 -1 0
    outer loop
      vertex -9.68177 27.9 18.2084
      vertex -7.34089 27.9 18.3106
      vertex -9.65911 27.9 18.3106
    endloop
  endfacet
  facet normal 0 -1 0
    outer loop
      vertex -9.68177 27.9 18.2084
      vertex -7.31823 27.9 18.2084
      vertex -7.34089 27.9 18.3106
    endloop
  endfacet
  facet normal 0 -1 0
    outer loop
      vertex -9.69543 27.9 18.1046
      vertex -7.31823 27.9 18.2084
      vertex -9.68177 27.9 18.2084
    endloop
  endfacet
  facet normal 0 -1 0
    outer loop
      vertex -9.69543 27.9 18.1046
      vertex -7.30457 27.9 18.1046
      vertex -7.31823 27.9 18.2084
    endloop
  endfacet
  facet normal 0 -1 0
    outer loop
      vertex -9.7 27.9 18
      vertex -7.30457 27.9 18.1046
      vertex -9.69543 27.9 18.1046
    endloop
  endfacet
  facet normal 0 -1 0
    outer loop
      vertex -9.7 27.9 18
      vertex -7.3 27.9 18
      vertex -7.30457 27.9 18.1046
    endloop
  endfacet
  facet normal 0 -1 0
    outer loop
      vertex -9.7 27.9 14
      vertex -7.3 27.9 18
      vertex -9.7 27.9 18
    endloop
  endfacet
  facet normal 0 -1 0
    outer loop
      vertex -9.7 27.9 14
      vertex -7.3 27.9 14
      vertex -7.3 27.9 18
    endloop
  endfacet
  facet normal 0 -1 0
    outer loop
      vertex -9.69543 27.9 13.8954
      vertex -7.3 27.9 14
      vertex -9.7 27.9 14
    endloop
  endfacet
  facet normal 0 -1 0
    outer loop
      vertex -9.69543 27.9 13.8954
      vertex -7.30457 27.9 13.8954
      vertex -7.3 27.9 14
    endloop
  endfacet
  facet normal 0 -1 0
    outer loop
      vertex -9.68177 27.9 13.7916
      vertex -7.30457 27.9 13.8954
      vertex -9.69543 27.9 13.8954
    endloop
  endfacet
  facet normal 0 -1 0
    outer loop
      vertex -9.68177 27.9 13.7916
      vertex -7.31823 27.9 13.7916
      vertex -7.30457 27.9 13.8954
    endloop
  endfacet
  facet normal 0 -1 0
    outer loop
      vertex -9.65911 27.9 13.6894
      vertex -7.31823 27.9 13.7916
      vertex -9.68177 27.9 13.7916
    endloop
  endfacet
  facet normal 0 -1 0
    outer loop
      vertex -9.65911 27.9 13.6894
      vertex -7.34089 27.9 13.6894
      vertex -7.31823 27.9 13.7916
    endloop
  endfacet
  facet normal 0 -1 0
    outer loop
      vertex -9.62763 27.9 13.5896
      vertex -7.34089 27.9 13.6894
      vertex -9.65911 27.9 13.6894
    endloop
  endfacet
  facet normal 0 -1 0
    outer loop
      vertex -9.62763 27.9 13.5896
      vertex -7.37237 27.9 13.5896
      vertex -7.34089 27.9 13.6894
    endloop
  endfacet
  facet normal 0 -1 0
    outer loop
      vertex -9.58757 27.9 13.4929
      vertex -7.37237 27.9 13.5896
      vertex -9.62763 27.9 13.5896
    endloop
  endfacet
  facet normal 0 -1 0
    outer loop
      vertex -9.58757 27.9 13.4929
      vertex -7.41243 27.9 13.4929
      vertex -7.37237 27.9 13.5896
    endloop
  endfacet
  facet normal 0 -1 0
    outer loop
      vertex -9.53923 27.9 13.4
      vertex -7.41243 27.9 13.4929
      vertex -9.58757 27.9 13.4929
    endloop
  endfacet
  facet normal 0 -1 0
    outer loop
      vertex -9.53923 27.9 13.4
      vertex -7.46077 27.9 13.4
      vertex -7.41243 27.9 13.4929
    endloop
  endfacet
  facet normal 0 -1 0
    outer loop
      vertex -9.48298 27.9 13.3117
      vertex -7.46077 27.9 13.4
      vertex -9.53923 27.9 13.4
    endloop
  endfacet
  facet normal 0 -1 0
    outer loop
      vertex -9.48298 27.9 13.3117
      vertex -7.51702 27.9 13.3117
      vertex -7.46077 27.9 13.4
    endloop
  endfacet
  facet normal 0 -1 0
    outer loop
      vertex -9.41925 27.9 13.2287
      vertex -7.51702 27.9 13.3117
      vertex -9.48298 27.9 13.3117
    endloop
  endfacet
  facet normal 0 -1 0
    outer loop
      vertex -9.41925 27.9 13.2287
      vertex -7.58075 27.9 13.2287
      vertex -7.51702 27.9 13.3117
    endloop
  endfacet
  facet normal 0 -1 0
    outer loop
      vertex -9.34853 27.9 13.1515
      vertex -7.58075 27.9 13.2287
      vertex -9.41925 27.9 13.2287
    endloop
  endfacet
  facet normal 0 -1 0
    outer loop
      vertex -9.34853 27.9 13.1515
      vertex -7.65147 27.9 13.1515
      vertex -7.58075 27.9 13.2287
    endloop
  endfacet
  facet normal 0 -1 0
    outer loop
      vertex -9.27134 27.9 13.0807
      vertex -7.65147 27.9 13.1515
      vertex -9.34853 27.9 13.1515
    endloop
  endfacet
  facet normal 0 -1 0
    outer loop
      vertex -9.27134 27.9 13.0807
      vertex -7.72865 27.9 13.0807
      vertex -7.65147 27.9 13.1515
    endloop
  endfacet
  facet normal 0 -1 0
    outer loop
      vertex -9.18829 27.9 13.017
      vertex -7.72865 27.9 13.0807
      vertex -9.27134 27.9 13.0807
    endloop
  endfacet
  facet normal 0 -1 0
    outer loop
      vertex -9.18829 27.9 13.017
      vertex -7.81171 27.9 13.017
      vertex -7.72865 27.9 13.0807
    endloop
  endfacet
  facet normal 0 -1 0
    outer loop
      vertex -9.1 27.9 12.9608
      vertex -7.81171 27.9 13.017
      vertex -9.18829 27.9 13.017
    endloop
  endfacet
  facet normal 0 -1 0
    outer loop
      vertex -9.1 27.9 12.9608
      vertex -7.9 27.9 12.9608
      vertex -7.81171 27.9 13.017
    endloop
  endfacet
  facet normal 0 -1 0
    outer loop
      vertex -9.00714 27.9 12.9124
      vertex -7.9 27.9 12.9608
      vertex -9.1 27.9 12.9608
    endloop
  endfacet
  facet normal 0 -1 0
    outer loop
      vertex -9.00714 27.9 12.9124
      vertex -7.99286 27.9 12.9124
      vertex -7.9 27.9 12.9608
    endloop
  endfacet
  facet normal 0 -1 0
    outer loop
      vertex -8.91042 27.9 12.8724
      vertex -7.99286 27.9 12.9124
      vertex -9.00714 27.9 12.9124
    endloop
  endfacet
  facet normal 0 -1 0
    outer loop
      vertex -8.91042 27.9 12.8724
      vertex -8.08958 27.9 12.8724
      vertex -7.99286 27.9 12.9124
    endloop
  endfacet
  facet normal 0 -1 0
    outer loop
      vertex -8.81058 27.9 12.8409
      vertex -8.08958 27.9 12.8724
      vertex -8.91042 27.9 12.8724
    endloop
  endfacet
  facet normal 0 -1 0
    outer loop
      vertex -8.81058 27.9 12.8409
      vertex -8.18942 27.9 12.8409
      vertex -8.08958 27.9 12.8724
    endloop
  endfacet
  facet normal 0 -1 0
    outer loop
      vertex -8.70838 27.9 12.8182
      vertex -8.18942 27.9 12.8409
      vertex -8.81058 27.9 12.8409
    endloop
  endfacet
  facet normal 0 -1 0
    outer loop
      vertex -8.70838 27.9 12.8182
      vertex -8.29162 27.9 12.8182
      vertex -8.18942 27.9 12.8409
    endloop
  endfacet
  facet normal 0 -1 0
    outer loop
      vertex -8.60459 27.9 12.8046
      vertex -8.29162 27.9 12.8182
      vertex -8.70838 27.9 12.8182
    endloop
  endfacet
  facet normal 0 -1 0
    outer loop
      vertex -8.60459 27.9 12.8046
      vertex -8.39541 27.9 12.8046
      vertex -8.29162 27.9 12.8182
    endloop
  endfacet
  facet normal -0 -1 0
    outer loop
      vertex -8.39541 27.9 12.8046
      vertex -8.60459 27.9 12.8046
      vertex -8.5 27.9 12.8
    endloop
  endfacet
  facet normal 0 -1 0
    outer loop
      vertex 8.39541 27.9 19.1954
      vertex 8.60459 27.9 19.1954
      vertex 8.5 27.9 19.2
    endloop
  endfacet
  facet normal 0 -1 0
    outer loop
      vertex 8.29162 27.9 19.1818
      vertex 8.60459 27.9 19.1954
      vertex 8.39541 27.9 19.1954
    endloop
  endfacet
  facet normal 0 -1 0
    outer loop
      vertex 8.29162 27.9 19.1818
      vertex 8.70838 27.9 19.1818
      vertex 8.60459 27.9 19.1954
    endloop
  endfacet
  facet normal 0 -1 0
    outer loop
      vertex 8.18942 27.9 19.1591
      vertex 8.70838 27.9 19.1818
      vertex 8.29162 27.9 19.1818
    endloop
  endfacet
  facet normal 0 -1 0
    outer loop
      vertex 8.18942 27.9 19.1591
      vertex 8.81058 27.9 19.1591
      vertex 8.70838 27.9 19.1818
    endloop
  endfacet
  facet normal 0 -1 0
    outer loop
      vertex 8.08958 27.9 19.1276
      vertex 8.81058 27.9 19.1591
      vertex 8.18942 27.9 19.1591
    endloop
  endfacet
  facet normal 0 -1 0
    outer loop
      vertex 8.08958 27.9 19.1276
      vertex 8.91042 27.9 19.1276
      vertex 8.81058 27.9 19.1591
    endloop
  endfacet
  facet normal 0 -1 0
    outer loop
      vertex 7.99286 27.9 19.0876
      vertex 8.91042 27.9 19.1276
      vertex 8.08958 27.9 19.1276
    endloop
  endfacet
  facet normal 0 -1 0
    outer loop
      vertex 7.99286 27.9 19.0876
      vertex 9.00714 27.9 19.0876
      vertex 8.91042 27.9 19.1276
    endloop
  endfacet
  facet normal 0 -1 0
    outer loop
      vertex 7.9 27.9 19.0392
      vertex 9.00714 27.9 19.0876
      vertex 7.99286 27.9 19.0876
    endloop
  endfacet
  facet normal 0 -1 0
    outer loop
      vertex 7.9 27.9 19.0392
      vertex 9.1 27.9 19.0392
      vertex 9.00714 27.9 19.0876
    endloop
  endfacet
  facet normal 0 -1 0
    outer loop
      vertex 7.81171 27.9 18.983
      vertex 9.1 27.9 19.0392
      vertex 7.9 27.9 19.0392
    endloop
  endfacet
  facet normal 0 -1 0
    outer loop
      vertex 7.81171 27.9 18.983
      vertex 9.18829 27.9 18.983
      vertex 9.1 27.9 19.0392
    endloop
  endfacet
  facet normal 0 -1 0
    outer loop
      vertex 7.72865 27.9 18.9193
      vertex 9.18829 27.9 18.983
      vertex 7.81171 27.9 18.983
    endloop
  endfacet
  facet normal 0 -1 0
    outer loop
      vertex 7.72865 27.9 18.9193
      vertex 9.27134 27.9 18.9193
      vertex 9.18829 27.9 18.983
    endloop
  endfacet
  facet normal 0 -1 0
    outer loop
      vertex 7.65147 27.9 18.8485
      vertex 9.27134 27.9 18.9193
      vertex 7.72865 27.9 18.9193
    endloop
  endfacet
  facet normal 0 -1 0
    outer loop
      vertex 7.65147 27.9 18.8485
      vertex 9.34853 27.9 18.8485
      vertex 9.27134 27.9 18.9193
    endloop
  endfacet
  facet normal 0 -1 0
    outer loop
      vertex 7.58075 27.9 18.7713
      vertex 9.34853 27.9 18.8485
      vertex 7.65147 27.9 18.8485
    endloop
  endfacet
  facet normal 0 -1 0
    outer loop
      vertex 7.58075 27.9 18.7713
      vertex 9.41925 27.9 18.7713
      vertex 9.34853 27.9 18.8485
    endloop
  endfacet
  facet normal 0 -1 0
    outer loop
      vertex 7.51702 27.9 18.6883
      vertex 9.41925 27.9 18.7713
      vertex 7.58075 27.9 18.7713
    endloop
  endfacet
  facet normal 0 -1 0
    outer loop
      vertex 7.51702 27.9 18.6883
      vertex 9.48298 27.9 18.6883
      vertex 9.41925 27.9 18.7713
    endloop
  endfacet
  facet normal 0 -1 0
    outer loop
      vertex 7.46077 27.9 18.6
      vertex 9.48298 27.9 18.6883
      vertex 7.51702 27.9 18.6883
    endloop
  endfacet
  facet normal 0 -1 0
    outer loop
      vertex 7.46077 27.9 18.6
      vertex 9.53923 27.9 18.6
      vertex 9.48298 27.9 18.6883
    endloop
  endfacet
  facet normal 0 -1 0
    outer loop
      vertex 7.41243 27.9 18.5071
      vertex 9.53923 27.9 18.6
      vertex 7.46077 27.9 18.6
    endloop
  endfacet
  facet normal 0 -1 0
    outer loop
      vertex 7.41243 27.9 18.5071
      vertex 9.58757 27.9 18.5071
      vertex 9.53923 27.9 18.6
    endloop
  endfacet
  facet normal 0 -1 0
    outer loop
      vertex 7.37237 27.9 18.4104
      vertex 9.58757 27.9 18.5071
      vertex 7.41243 27.9 18.5071
    endloop
  endfacet
  facet normal 0 -1 0
    outer loop
      vertex 7.37237 27.9 18.4104
      vertex 9.62763 27.9 18.4104
      vertex 9.58757 27.9 18.5071
    endloop
  endfacet
  facet normal 0 -1 0
    outer loop
      vertex 7.34089 27.9 18.3106
      vertex 9.62763 27.9 18.4104
      vertex 7.37237 27.9 18.4104
    endloop
  endfacet
  facet normal 0 -1 0
    outer loop
      vertex 7.34089 27.9 18.3106
      vertex 9.65911 27.9 18.3106
      vertex 9.62763 27.9 18.4104
    endloop
  endfacet
  facet normal 0 -1 0
    outer loop
      vertex 7.31823 27.9 18.2084
      vertex 9.65911 27.9 18.3106
      vertex 7.34089 27.9 18.3106
    endloop
  endfacet
  facet normal 0 -1 0
    outer loop
      vertex 7.31823 27.9 18.2084
      vertex 9.68177 27.9 18.2084
      vertex 9.65911 27.9 18.3106
    endloop
  endfacet
  facet normal 0 -1 0
    outer loop
      vertex 7.30457 27.9 18.1046
      vertex 9.68177 27.9 18.2084
      vertex 7.31823 27.9 18.2084
    endloop
  endfacet
  facet normal 0 -1 0
    outer loop
      vertex 7.30457 27.9 18.1046
      vertex 9.69543 27.9 18.1046
      vertex 9.68177 27.9 18.2084
    endloop
  endfacet
  facet normal 0 -1 0
    outer loop
      vertex 7.3 27.9 18
      vertex 9.69543 27.9 18.1046
      vertex 7.30457 27.9 18.1046
    endloop
  endfacet
  facet normal 0 -1 0
    outer loop
      vertex 7.3 27.9 18
      vertex 9.7 27.9 18
      vertex 9.69543 27.9 18.1046
    endloop
  endfacet
  facet normal 0 -1 0
    outer loop
      vertex 7.3 27.9 14
      vertex 9.7 27.9 18
      vertex 7.3 27.9 18
    endloop
  endfacet
  facet normal 0 -1 0
    outer loop
      vertex 7.3 27.9 14
      vertex 9.7 27.9 14
      vertex 9.7 27.9 18
    endloop
  endfacet
  facet normal 0 -1 0
    outer loop
      vertex 7.30457 27.9 13.8954
      vertex 9.7 27.9 14
      vertex 7.3 27.9 14
    endloop
  endfacet
  facet normal 0 -1 0
    outer loop
      vertex 7.30457 27.9 13.8954
      vertex 9.69543 27.9 13.8954
      vertex 9.7 27.9 14
    endloop
  endfacet
  facet normal 0 -1 0
    outer loop
      vertex 7.31823 27.9 13.7916
      vertex 9.69543 27.9 13.8954
      vertex 7.30457 27.9 13.8954
    endloop
  endfacet
  facet normal 0 -1 0
    outer loop
      vertex 7.31823 27.9 13.7916
      vertex 9.68177 27.9 13.7916
      vertex 9.69543 27.9 13.8954
    endloop
  endfacet
  facet normal 0 -1 0
    outer loop
      vertex 7.34089 27.9 13.6894
      vertex 9.68177 27.9 13.7916
      vertex 7.31823 27.9 13.7916
    endloop
  endfacet
  facet normal 0 -1 0
    outer loop
      vertex 7.34089 27.9 13.6894
      vertex 9.65911 27.9 13.6894
      vertex 9.68177 27.9 13.7916
    endloop
  endfacet
  facet normal 0 -1 0
    outer loop
      vertex 7.37237 27.9 13.5896
      vertex 9.65911 27.9 13.6894
      vertex 7.34089 27.9 13.6894
    endloop
  endfacet
  facet normal 0 -1 0
    outer loop
      vertex 7.37237 27.9 13.5896
      vertex 9.62763 27.9 13.5896
      vertex 9.65911 27.9 13.6894
    endloop
  endfacet
  facet normal 0 -1 0
    outer loop
      vertex 7.41243 27.9 13.4929
      vertex 9.62763 27.9 13.5896
      vertex 7.37237 27.9 13.5896
    endloop
  endfacet
  facet normal 0 -1 0
    outer loop
      vertex 7.41243 27.9 13.4929
      vertex 9.58757 27.9 13.4929
      vertex 9.62763 27.9 13.5896
    endloop
  endfacet
  facet normal 0 -1 0
    outer loop
      vertex 7.46077 27.9 13.4
      vertex 9.58757 27.9 13.4929
      vertex 7.41243 27.9 13.4929
    endloop
  endfacet
  facet normal 0 -1 0
    outer loop
      vertex 7.46077 27.9 13.4
      vertex 9.53923 27.9 13.4
      vertex 9.58757 27.9 13.4929
    endloop
  endfacet
  facet normal 0 -1 0
    outer loop
      vertex 7.51702 27.9 13.3117
      vertex 9.53923 27.9 13.4
      vertex 7.46077 27.9 13.4
    endloop
  endfacet
  facet normal 0 -1 0
    outer loop
      vertex 7.51702 27.9 13.3117
      vertex 9.48298 27.9 13.3117
      vertex 9.53923 27.9 13.4
    endloop
  endfacet
  facet normal 0 -1 0
    outer loop
      vertex 7.58075 27.9 13.2287
      vertex 9.48298 27.9 13.3117
      vertex 7.51702 27.9 13.3117
    endloop
  endfacet
  facet normal 0 -1 0
    outer loop
      vertex 7.58075 27.9 13.2287
      vertex 9.41925 27.9 13.2287
      vertex 9.48298 27.9 13.3117
    endloop
  endfacet
  facet normal 0 -1 0
    outer loop
      vertex 7.65147 27.9 13.1515
      vertex 9.41925 27.9 13.2287
      vertex 7.58075 27.9 13.2287
    endloop
  endfacet
  facet normal 0 -1 0
    outer loop
      vertex 7.65147 27.9 13.1515
      vertex 9.34853 27.9 13.1515
      vertex 9.41925 27.9 13.2287
    endloop
  endfacet
  facet normal 0 -1 0
    outer loop
      vertex 7.72865 27.9 13.0807
      vertex 9.34853 27.9 13.1515
      vertex 7.65147 27.9 13.1515
    endloop
  endfacet
  facet normal 0 -1 0
    outer loop
      vertex 7.72865 27.9 13.0807
      vertex 9.27134 27.9 13.0807
      vertex 9.34853 27.9 13.1515
    endloop
  endfacet
  facet normal 0 -1 0
    outer loop
      vertex 7.81171 27.9 13.017
      vertex 9.27134 27.9 13.0807
      vertex 7.72865 27.9 13.0807
    endloop
  endfacet
  facet normal 0 -1 0
    outer loop
      vertex 7.81171 27.9 13.017
      vertex 9.18829 27.9 13.017
      vertex 9.27134 27.9 13.0807
    endloop
  endfacet
  facet normal 0 -1 0
    outer loop
      vertex 7.9 27.9 12.9608
      vertex 9.18829 27.9 13.017
      vertex 7.81171 27.9 13.017
    endloop
  endfacet
  facet normal 0 -1 0
    outer loop
      vertex 7.9 27.9 12.9608
      vertex 9.1 27.9 12.9608
      vertex 9.18829 27.9 13.017
    endloop
  endfacet
  facet normal 0 -1 0
    outer loop
      vertex 7.99286 27.9 12.9124
      vertex 9.1 27.9 12.9608
      vertex 7.9 27.9 12.9608
    endloop
  endfacet
  facet normal 0 -1 0
    outer loop
      vertex 7.99286 27.9 12.9124
      vertex 9.00714 27.9 12.9124
      vertex 9.1 27.9 12.9608
    endloop
  endfacet
  facet normal 0 -1 0
    outer loop
      vertex 8.08958 27.9 12.8724
      vertex 9.00714 27.9 12.9124
      vertex 7.99286 27.9 12.9124
    endloop
  endfacet
  facet normal 0 -1 0
    outer loop
      vertex 8.08958 27.9 12.8724
      vertex 8.91042 27.9 12.8724
      vertex 9.00714 27.9 12.9124
    endloop
  endfacet
  facet normal 0 -1 0
    outer loop
      vertex 8.18942 27.9 12.8409
      vertex 8.91042 27.9 12.8724
      vertex 8.08958 27.9 12.8724
    endloop
  endfacet
  facet normal 0 -1 0
    outer loop
      vertex 8.18942 27.9 12.8409
      vertex 8.81058 27.9 12.8409
      vertex 8.91042 27.9 12.8724
    endloop
  endfacet
  facet normal 0 -1 0
    outer loop
      vertex 8.29162 27.9 12.8182
      vertex 8.81058 27.9 12.8409
      vertex 8.18942 27.9 12.8409
    endloop
  endfacet
  facet normal 0 -1 0
    outer loop
      vertex 8.29162 27.9 12.8182
      vertex 8.70838 27.9 12.8182
      vertex 8.81058 27.9 12.8409
    endloop
  endfacet
  facet normal 0 -1 0
    outer loop
      vertex 8.39541 27.9 12.8046
      vertex 8.70838 27.9 12.8182
      vertex 8.29162 27.9 12.8182
    endloop
  endfacet
  facet normal 0 -1 0
    outer loop
      vertex 8.39541 27.9 12.8046
      vertex 8.60459 27.9 12.8046
      vertex 8.70838 27.9 12.8182
    endloop
  endfacet
  facet normal -0 -1 0
    outer loop
      vertex 8.60459 27.9 12.8046
      vertex 8.39541 27.9 12.8046
      vertex 8.5 27.9 12.8
    endloop
  endfacet
  facet normal 0 -1 0
    outer loop
      vertex -2.57115 27.9 19.0642
      vertex -2 27.9 19.4641
      vertex -2.2943 27.9 19.2766
    endloop
  endfacet
  facet normal 0 -1 0
    outer loop
      vertex -2.82843 27.9 18.8284
      vertex -2 27.9 19.4641
      vertex -2.57115 27.9 19.0642
    endloop
  endfacet
  facet normal 0 -1 0
    outer loop
      vertex -3.06418 27.9 18.5711
      vertex -2 27.9 19.4641
      vertex -2.82843 27.9 18.8284
    endloop
  endfacet
  facet normal 0 -1 0
    outer loop
      vertex -3.27661 27.9 18.2943
      vertex -2 27.9 19.4641
      vertex -3.06418 27.9 18.5711
    endloop
  endfacet
  facet normal 0 -1 0
    outer loop
      vertex -3.4641 27.9 18
      vertex -2 27.9 19.4641
      vertex -3.27661 27.9 18.2943
    endloop
  endfacet
  facet normal 0 -1 0
    outer loop
      vertex -3.62523 27.9 17.6905
      vertex -2 27.9 19.4641
      vertex -3.4641 27.9 18
    endloop
  endfacet
  facet normal 0 -1 0
    outer loop
      vertex -3.75877 27.9 17.3681
      vertex -2 27.9 19.4641
      vertex -3.62523 27.9 17.6905
    endloop
  endfacet
  facet normal 0 -1 0
    outer loop
      vertex -3.8637 27.9 17.0353
      vertex -2 27.9 19.4641
      vertex -3.75877 27.9 17.3681
    endloop
  endfacet
  facet normal 0 -1 0
    outer loop
      vertex -3.93923 27.9 16.6946
      vertex -2 27.9 19.4641
      vertex -3.8637 27.9 17.0353
    endloop
  endfacet
  facet normal 0 -1 0
    outer loop
      vertex -3.98478 27.9 16.3486
      vertex -2 27.9 19.4641
      vertex -3.93923 27.9 16.6946
    endloop
  endfacet
  facet normal 0 -1 0
    outer loop
      vertex -4 27.9 16
      vertex -2 27.9 19.4641
      vertex -3.98478 27.9 16.3486
    endloop
  endfacet
  facet normal 0 -1 0
    outer loop
      vertex -3.98478 27.9 15.6514
      vertex -2 27.9 19.4641
      vertex -4 27.9 16
    endloop
  endfacet
  facet normal 0 -1 0
    outer loop
      vertex -3.93923 27.9 15.3054
      vertex -2 27.9 19.4641
      vertex -3.98478 27.9 15.6514
    endloop
  endfacet
  facet normal 0 -1 0
    outer loop
      vertex -3.8637 27.9 14.9647
      vertex -2 27.9 19.4641
      vertex -3.93923 27.9 15.3054
    endloop
  endfacet
  facet normal 0 -1 0
    outer loop
      vertex -3.75877 27.9 14.6319
      vertex -2 27.9 19.4641
      vertex -3.8637 27.9 14.9647
    endloop
  endfacet
  facet normal 0 -1 0
    outer loop
      vertex -3.62523 27.9 14.3095
      vertex -2 27.9 19.4641
      vertex -3.75877 27.9 14.6319
    endloop
  endfacet
  facet normal 0 -1 0
    outer loop
      vertex -3.4641 27.9 14
      vertex -2 27.9 19.4641
      vertex -3.62523 27.9 14.3095
    endloop
  endfacet
  facet normal 0 -1 0
    outer loop
      vertex -3.27661 27.9 13.7057
      vertex -2 27.9 19.4641
      vertex -3.4641 27.9 14
    endloop
  endfacet
  facet normal 0 -1 0
    outer loop
      vertex -3.06418 27.9 13.4288
      vertex -2 27.9 19.4641
      vertex -3.27661 27.9 13.7057
    endloop
  endfacet
  facet normal 0 -1 0
    outer loop
      vertex -2.82843 27.9 13.1716
      vertex -2 27.9 19.4641
      vertex -3.06418 27.9 13.4288
    endloop
  endfacet
  facet normal 0 -1 0
    outer loop
      vertex -2.57115 27.9 12.9358
      vertex -2 27.9 19.4641
      vertex -2.82843 27.9 13.1716
    endloop
  endfacet
  facet normal 0 -1 0
    outer loop
      vertex -2.2943 27.9 12.7234
      vertex -2 27.9 19.4641
      vertex -2.57115 27.9 12.9358
    endloop
  endfacet
  facet normal 0 -1 -0
    outer loop
      vertex -2 27.9 19.4641
      vertex -2.2943 27.9 12.7234
      vertex -2 27.9 12.5359
    endloop
  endfacet
  facet normal 0 -1 0
    outer loop
      vertex 2 27.9 19.4641
      vertex 2.57115 27.9 19.0642
      vertex 2.2943 27.9 19.2766
    endloop
  endfacet
  facet normal 0 -1 0
    outer loop
      vertex 2 27.9 19.4641
      vertex 2.82843 27.9 18.8284
      vertex 2.57115 27.9 19.0642
    endloop
  endfacet
  facet normal 0 -1 0
    outer loop
      vertex 2 27.9 19.4641
      vertex 3.06418 27.9 18.5711
      vertex 2.82843 27.9 18.8284
    endloop
  endfacet
  facet normal 0 -1 0
    outer loop
      vertex 2 27.9 19.4641
      vertex 3.27661 27.9 18.2943
      vertex 3.06418 27.9 18.5711
    endloop
  endfacet
  facet normal 0 -1 0
    outer loop
      vertex 2 27.9 19.4641
      vertex 3.4641 27.9 18
      vertex 3.27661 27.9 18.2943
    endloop
  endfacet
  facet normal 0 -1 0
    outer loop
      vertex 2 27.9 19.4641
      vertex 3.62523 27.9 17.6905
      vertex 3.4641 27.9 18
    endloop
  endfacet
  facet normal 0 -1 0
    outer loop
      vertex 2 27.9 19.4641
      vertex 3.75877 27.9 17.3681
      vertex 3.62523 27.9 17.6905
    endloop
  endfacet
  facet normal 0 -1 0
    outer loop
      vertex 2 27.9 19.4641
      vertex 3.8637 27.9 17.0353
      vertex 3.75877 27.9 17.3681
    endloop
  endfacet
  facet normal 0 -1 0
    outer loop
      vertex 2 27.9 19.4641
      vertex 3.93923 27.9 16.6946
      vertex 3.8637 27.9 17.0353
    endloop
  endfacet
  facet normal 0 -1 0
    outer loop
      vertex 2 27.9 19.4641
      vertex 3.98478 27.9 16.3486
      vertex 3.93923 27.9 16.6946
    endloop
  endfacet
  facet normal 0 -1 0
    outer loop
      vertex 2 27.9 19.4641
      vertex 4 27.9 16
      vertex 3.98478 27.9 16.3486
    endloop
  endfacet
  facet normal 0 -1 0
    outer loop
      vertex 2 27.9 19.4641
      vertex 3.98478 27.9 15.6514
      vertex 4 27.9 16
    endloop
  endfacet
  facet normal 0 -1 0
    outer loop
      vertex 2 27.9 19.4641
      vertex 3.93923 27.9 15.3054
      vertex 3.98478 27.9 15.6514
    endloop
  endfacet
  facet normal 0 -1 0
    outer loop
      vertex 2 27.9 19.4641
      vertex 3.8637 27.9 14.9647
      vertex 3.93923 27.9 15.3054
    endloop
  endfacet
  facet normal 0 -1 0
    outer loop
      vertex 2 27.9 19.4641
      vertex 3.75877 27.9 14.6319
      vertex 3.8637 27.9 14.9647
    endloop
  endfacet
  facet normal 0 -1 0
    outer loop
      vertex 2 27.9 19.4641
      vertex 3.62523 27.9 14.3095
      vertex 3.75877 27.9 14.6319
    endloop
  endfacet
  facet normal 0 -1 0
    outer loop
      vertex 2 27.9 19.4641
      vertex 3.4641 27.9 14
      vertex 3.62523 27.9 14.3095
    endloop
  endfacet
  facet normal 0 -1 0
    outer loop
      vertex 2 27.9 19.4641
      vertex 3.27661 27.9 13.7057
      vertex 3.4641 27.9 14
    endloop
  endfacet
  facet normal 0 -1 0
    outer loop
      vertex 2 27.9 19.4641
      vertex 3.06418 27.9 13.4288
      vertex 3.27661 27.9 13.7057
    endloop
  endfacet
  facet normal 0 -1 0
    outer loop
      vertex 2 27.9 19.4641
      vertex 2.82843 27.9 13.1716
      vertex 3.06418 27.9 13.4288
    endloop
  endfacet
  facet normal 0 -1 0
    outer loop
      vertex 2 27.9 19.4641
      vertex 2.57115 27.9 12.9358
      vertex 2.82843 27.9 13.1716
    endloop
  endfacet
  facet normal 0 -1 0
    outer loop
      vertex 2 27.9 19.4641
      vertex 2.2943 27.9 12.7234
      vertex 2.57115 27.9 12.9358
    endloop
  endfacet
  facet normal -0 -1 0
    outer loop
      vertex 2.2943 27.9 12.7234
      vertex 2 27.9 19.4641
      vertex 2 27.9 12.5359
    endloop
  endfacet
  facet normal -1 -0 0
    outer loop
      vertex -1.5 13.4092 11
      vertex -1.5 8 2.16583
      vertex -1.5 8 11
    endloop
  endfacet
  facet normal 1 -0 0
    outer loop
      vertex 1.5 8 11
      vertex 1.5 8 2.16583
      vertex 1.5 13.4092 11
    endloop
  endfacet
  facet normal -1 0 0
    outer loop
      vertex -1.5 7.5 35
      vertex -1.5 15.9 21
      vertex -1.5 7.5 21
    endloop
  endfacet
  facet normal -1 0 0
    outer loop
      vertex -1.5 15.9 21
      vertex -1.5 7.5 35
      vertex -1.5 19.1 23.4
    endloop
  endfacet
  facet normal 1 0 0
    outer loop
      vertex 1.5 7.5 35
      vertex 1.5 15.9 21
      vertex 1.5 19.1 23.4
    endloop
  endfacet
  facet normal 1 0 0
    outer loop
      vertex 1.5 15.9 21
      vertex 1.5 7.5 35
      vertex 1.5 7.5 21
    endloop
  endfacet
  facet normal 0 -1 0
    outer loop
      vertex -1.5 7.5 21
      vertex 1.5 7.5 35
      vertex -1.5 7.5 35
    endloop
  endfacet
  facet normal 0 -1 -0
    outer loop
      vertex 1.5 7.5 35
      vertex -1.5 7.5 21
      vertex 1.5 7.5 21
    endloop
  endfacet
  facet normal 0 0.707107 0.707107
    outer loop
      vertex 1.5 19.1 23.4
      vertex -1.5 7.5 35
      vertex 1.5 7.5 35
    endloop
  endfacet
  facet normal 0 0.707107 0.707107
    outer loop
      vertex -1.5 7.5 35
      vertex 1.5 19.1 23.4
      vertex -1.5 19.1 23.4
    endloop
  endfacet
  facet normal 0.382172 0 -0.924091
    outer loop
      vertex -9.00714 23.9 19.0876
      vertex -8.91042 27.9 19.1276
      vertex -8.91042 23.9 19.1276
    endloop
  endfacet
  facet normal 0.382172 0 -0.924091
    outer loop
      vertex -8.91042 27.9 19.1276
      vertex -9.00714 23.9 19.0876
      vertex -9.00714 27.9 19.0876
    endloop
  endfacet
  facet normal 0.923861 0 -0.382729
    outer loop
      vertex -9.58757 23.9 18.5071
      vertex -9.62763 27.9 18.4104
      vertex -9.58757 27.9 18.5071
    endloop
  endfacet
  facet normal 0.923861 0 -0.382729
    outer loop
      vertex -9.62763 27.9 18.4104
      vertex -9.58757 23.9 18.5071
      vertex -9.62763 23.9 18.4104
    endloop
  endfacet
  facet normal -0.79316 0 0.609013
    outer loop
      vertex -7.58075 23.9 13.2287
      vertex -7.51702 27.9 13.3117
      vertex -7.58075 27.9 13.2287
    endloop
  endfacet
  facet normal -0.79316 0 0.609013
    outer loop
      vertex -7.51702 27.9 13.3117
      vertex -7.58075 23.9 13.2287
      vertex -7.51702 23.9 13.3117
    endloop
  endfacet
  facet normal 0.737376 0 -0.675482
    outer loop
      vertex -9.34853 23.9 18.8485
      vertex -9.41925 27.9 18.7713
      vertex -9.34853 27.9 18.8485
    endloop
  endfacet
  facet normal 0.737376 0 -0.675482
    outer loop
      vertex -9.41925 27.9 18.7713
      vertex -9.34853 23.9 18.8485
      vertex -9.41925 23.9 18.7713
    endloop
  endfacet
  facet normal 0.97629 0 -0.216465
    outer loop
      vertex -9.65911 23.9 18.3106
      vertex -9.68177 27.9 18.2084
      vertex -9.65911 27.9 18.3106
    endloop
  endfacet
  facet normal 0.97629 0 -0.216465
    outer loop
      vertex -9.68177 27.9 18.2084
      vertex -9.65911 23.9 18.3106
      vertex -9.68177 23.9 18.2084
    endloop
  endfacet
  facet normal 1 -0 0
    outer loop
      vertex -9.7 23.9 18
      vertex -9.7 27.9 14
      vertex -9.7 27.9 18
    endloop
  endfacet
  facet normal 1 0 0
    outer loop
      vertex -9.7 27.9 14
      vertex -9.7 23.9 18
      vertex -9.7 23.9 14
    endloop
  endfacet
  facet normal -0.887092 0 -0.461593
    outer loop
      vertex -7.41243 23.9 18.5071
      vertex -7.46077 27.9 18.6
      vertex -7.41243 27.9 18.5071
    endloop
  endfacet
  facet normal -0.887092 -0 -0.461593
    outer loop
      vertex -7.46077 27.9 18.6
      vertex -7.41243 23.9 18.5071
      vertex -7.46077 23.9 18.6
    endloop
  endfacet
  facet normal 0.216829 0 -0.97621
    outer loop
      vertex -8.81058 23.9 19.1591
      vertex -8.70838 27.9 19.1818
      vertex -8.70838 23.9 19.1818
    endloop
  endfacet
  facet normal 0.216829 0 -0.97621
    outer loop
      vertex -8.70838 27.9 19.1818
      vertex -8.81058 23.9 19.1591
      vertex -8.81058 27.9 19.1591
    endloop
  endfacet
  facet normal -0.999047 0 -0.0436486
    outer loop
      vertex -7.3 23.9 18
      vertex -7.30457 27.9 18.1046
      vertex -7.3 27.9 18
    endloop
  endfacet
  facet normal -0.999047 -0 -0.0436486
    outer loop
      vertex -7.30457 27.9 18.1046
      vertex -7.3 23.9 18
      vertex -7.30457 23.9 18.1046
    endloop
  endfacet
  facet normal -0.991452 0 -0.130474
    outer loop
      vertex -7.30457 23.9 18.1046
      vertex -7.31823 27.9 18.2084
      vertex -7.30457 27.9 18.1046
    endloop
  endfacet
  facet normal -0.991452 -0 -0.130474
    outer loop
      vertex -7.31823 27.9 18.2084
      vertex -7.30457 23.9 18.1046
      vertex -7.31823 23.9 18.2084
    endloop
  endfacet
  facet normal -0.536981 0 0.843595
    outer loop
      vertex -7.9 27.9 12.9608
      vertex -7.81171 23.9 13.017
      vertex -7.81171 27.9 13.017
    endloop
  endfacet
  facet normal -0.536981 0 0.843595
    outer loop
      vertex -7.81171 23.9 13.017
      vertex -7.9 27.9 12.9608
      vertex -7.9 23.9 12.9608
    endloop
  endfacet
  facet normal 0.923861 -0 0.382729
    outer loop
      vertex -9.62763 23.9 13.5896
      vertex -9.58757 27.9 13.4929
      vertex -9.62763 27.9 13.5896
    endloop
  endfacet
  facet normal 0.923861 0 0.382729
    outer loop
      vertex -9.58757 27.9 13.4929
      vertex -9.62763 23.9 13.5896
      vertex -9.58757 23.9 13.4929
    endloop
  endfacet
  facet normal -0.0439388 0 0.999034
    outer loop
      vertex -8.5 27.9 12.8
      vertex -8.39541 23.9 12.8046
      vertex -8.39541 27.9 12.8046
    endloop
  endfacet
  facet normal -0.0439388 0 0.999034
    outer loop
      vertex -8.39541 23.9 12.8046
      vertex -8.5 27.9 12.8
      vertex -8.5 23.9 12.8
    endloop
  endfacet
  facet normal -0.953681 0 0.30082
    outer loop
      vertex -7.37237 23.9 13.5896
      vertex -7.34089 27.9 13.6894
      vertex -7.37237 27.9 13.5896
    endloop
  endfacet
  facet normal -0.953681 0 0.30082
    outer loop
      vertex -7.34089 27.9 13.6894
      vertex -7.37237 23.9 13.5896
      vertex -7.34089 23.9 13.6894
    endloop
  endfacet
  facet normal 0.300885 0 0.953661
    outer loop
      vertex -8.91042 27.9 12.8724
      vertex -8.81058 23.9 12.8409
      vertex -8.81058 27.9 12.8409
    endloop
  endfacet
  facet normal 0.300885 0 0.953661
    outer loop
      vertex -8.81058 23.9 12.8409
      vertex -8.91042 27.9 12.8724
      vertex -8.91042 23.9 12.8724
    endloop
  endfacet
  facet normal 0.991452 0 -0.130474
    outer loop
      vertex -9.68177 23.9 18.2084
      vertex -9.69543 27.9 18.1046
      vertex -9.68177 27.9 18.2084
    endloop
  endfacet
  facet normal 0.991452 0 -0.130474
    outer loop
      vertex -9.69543 27.9 18.1046
      vertex -9.68177 23.9 18.2084
      vertex -9.69543 23.9 18.1046
    endloop
  endfacet
  facet normal 0.97629 -0 0.216465
    outer loop
      vertex -9.68177 23.9 13.7916
      vertex -9.65911 27.9 13.6894
      vertex -9.68177 27.9 13.7916
    endloop
  endfacet
  facet normal 0.97629 0 0.216465
    outer loop
      vertex -9.65911 27.9 13.6894
      vertex -9.68177 23.9 13.7916
      vertex -9.65911 23.9 13.6894
    endloop
  endfacet
  facet normal -1 0 0
    outer loop
      vertex -7.3 23.9 14
      vertex -7.3 27.9 18
      vertex -7.3 27.9 14
    endloop
  endfacet
  facet normal -1 -0 0
    outer loop
      vertex -7.3 27.9 18
      vertex -7.3 23.9 14
      vertex -7.3 23.9 18
    endloop
  endfacet
  facet normal 0.991452 -0 0.130474
    outer loop
      vertex -9.69543 23.9 13.8954
      vertex -9.68177 27.9 13.7916
      vertex -9.69543 27.9 13.8954
    endloop
  endfacet
  facet normal 0.991452 0 0.130474
    outer loop
      vertex -9.68177 27.9 13.7916
      vertex -9.69543 23.9 13.8954
      vertex -9.68177 23.9 13.7916
    endloop
  endfacet
  facet normal 0.675945 0 -0.736952
    outer loop
      vertex -9.34853 23.9 18.8485
      vertex -9.27134 27.9 18.9193
      vertex -9.27134 23.9 18.9193
    endloop
  endfacet
  facet normal 0.675945 0 -0.736952
    outer loop
      vertex -9.27134 27.9 18.9193
      vertex -9.34853 23.9 18.8485
      vertex -9.34853 27.9 18.8485
    endloop
  endfacet
  facet normal -0.216829 0 -0.97621
    outer loop
      vertex -8.29162 23.9 19.1818
      vertex -8.18942 27.9 19.1591
      vertex -8.18942 23.9 19.1591
    endloop
  endfacet
  facet normal -0.216829 0 -0.97621
    outer loop
      vertex -8.18942 27.9 19.1591
      vertex -8.29162 23.9 19.1818
      vertex -8.29162 27.9 19.1818
    endloop
  endfacet
  facet normal 0.79316 0 -0.609013
    outer loop
      vertex -9.41925 23.9 18.7713
      vertex -9.48298 27.9 18.6883
      vertex -9.41925 27.9 18.7713
    endloop
  endfacet
  facet normal 0.79316 0 -0.609013
    outer loop
      vertex -9.48298 27.9 18.6883
      vertex -9.41925 23.9 18.7713
      vertex -9.48298 23.9 18.6883
    endloop
  endfacet
  facet normal -0.300885 0 -0.953661
    outer loop
      vertex -8.18942 23.9 19.1591
      vertex -8.08958 27.9 19.1276
      vertex -8.08958 23.9 19.1276
    endloop
  endfacet
  facet normal -0.300885 0 -0.953661
    outer loop
      vertex -8.08958 27.9 19.1276
      vertex -8.18942 23.9 19.1591
      vertex -8.18942 27.9 19.1591
    endloop
  endfacet
  facet normal 0.999047 -0 0.0436486
    outer loop
      vertex -9.7 23.9 14
      vertex -9.69543 27.9 13.8954
      vertex -9.7 27.9 14
    endloop
  endfacet
  facet normal 0.999047 0 0.0436486
    outer loop
      vertex -9.69543 27.9 13.8954
      vertex -9.7 23.9 14
      vertex -9.69543 23.9 13.8954
    endloop
  endfacet
  facet normal -0.216829 0 0.97621
    outer loop
      vertex -8.29162 27.9 12.8182
      vertex -8.18942 23.9 12.8409
      vertex -8.18942 27.9 12.8409
    endloop
  endfacet
  facet normal -0.216829 0 0.97621
    outer loop
      vertex -8.18942 23.9 12.8409
      vertex -8.29162 27.9 12.8182
      vertex -8.29162 23.9 12.8182
    endloop
  endfacet
  facet normal -0.999047 0 0.0436486
    outer loop
      vertex -7.30457 23.9 13.8954
      vertex -7.3 27.9 14
      vertex -7.30457 27.9 13.8954
    endloop
  endfacet
  facet normal -0.999047 0 0.0436486
    outer loop
      vertex -7.3 27.9 14
      vertex -7.30457 23.9 13.8954
      vertex -7.3 23.9 14
    endloop
  endfacet
  facet normal 0.0439388 0 0.999034
    outer loop
      vertex -8.60459 27.9 12.8046
      vertex -8.5 23.9 12.8
      vertex -8.5 27.9 12.8
    endloop
  endfacet
  facet normal 0.0439388 0 0.999034
    outer loop
      vertex -8.5 23.9 12.8
      vertex -8.60459 27.9 12.8046
      vertex -8.60459 23.9 12.8046
    endloop
  endfacet
  facet normal 0.953681 -0 0.30082
    outer loop
      vertex -9.65911 23.9 13.6894
      vertex -9.62763 27.9 13.5896
      vertex -9.65911 27.9 13.6894
    endloop
  endfacet
  facet normal 0.953681 0 0.30082
    outer loop
      vertex -9.62763 27.9 13.5896
      vertex -9.65911 23.9 13.6894
      vertex -9.62763 23.9 13.5896
    endloop
  endfacet
  facet normal 0.737376 -0 0.675482
    outer loop
      vertex -9.41925 23.9 13.2287
      vertex -9.34853 27.9 13.1515
      vertex -9.41925 27.9 13.2287
    endloop
  endfacet
  facet normal 0.737376 0 0.675482
    outer loop
      vertex -9.34853 27.9 13.1515
      vertex -9.41925 23.9 13.2287
      vertex -9.34853 23.9 13.1515
    endloop
  endfacet
  facet normal -0.675993 0 -0.736908
    outer loop
      vertex -7.72865 23.9 18.9193
      vertex -7.65147 27.9 18.8485
      vertex -7.65147 23.9 18.8485
    endloop
  endfacet
  facet normal -0.675993 0 -0.736908
    outer loop
      vertex -7.65147 27.9 18.8485
      vertex -7.72865 23.9 18.9193
      vertex -7.72865 27.9 18.9193
    endloop
  endfacet
  facet normal 0.300885 0 -0.953661
    outer loop
      vertex -8.91042 23.9 19.1276
      vertex -8.81058 27.9 19.1591
      vertex -8.81058 23.9 19.1591
    endloop
  endfacet
  facet normal 0.300885 0 -0.953661
    outer loop
      vertex -8.81058 27.9 19.1591
      vertex -8.91042 23.9 19.1276
      vertex -8.91042 27.9 19.1276
    endloop
  endfacet
  facet normal -0.953681 0 -0.30082
    outer loop
      vertex -7.34089 23.9 18.3106
      vertex -7.37237 27.9 18.4104
      vertex -7.34089 27.9 18.3106
    endloop
  endfacet
  facet normal -0.953681 -0 -0.30082
    outer loop
      vertex -7.37237 27.9 18.4104
      vertex -7.34089 23.9 18.3106
      vertex -7.37237 23.9 18.4104
    endloop
  endfacet
  facet normal 0.4622 0 0.886775
    outer loop
      vertex -9.1 27.9 12.9608
      vertex -9.00714 23.9 12.9124
      vertex -9.00714 27.9 12.9124
    endloop
  endfacet
  facet normal 0.4622 0 0.886775
    outer loop
      vertex -9.00714 23.9 12.9124
      vertex -9.1 27.9 12.9608
      vertex -9.1 23.9 12.9608
    endloop
  endfacet
  facet normal 0.999047 0 -0.0436486
    outer loop
      vertex -9.69543 23.9 18.1046
      vertex -9.7 27.9 18
      vertex -9.69543 27.9 18.1046
    endloop
  endfacet
  facet normal 0.999047 0 -0.0436486
    outer loop
      vertex -9.7 27.9 18
      vertex -9.69543 23.9 18.1046
      vertex -9.7 23.9 18
    endloop
  endfacet
  facet normal -0.97629 0 -0.216465
    outer loop
      vertex -7.31823 23.9 18.2084
      vertex -7.34089 27.9 18.3106
      vertex -7.31823 27.9 18.2084
    endloop
  endfacet
  facet normal -0.97629 -0 -0.216465
    outer loop
      vertex -7.34089 27.9 18.3106
      vertex -7.31823 23.9 18.2084
      vertex -7.34089 23.9 18.3106
    endloop
  endfacet
  facet normal 0.536981 0 -0.843595
    outer loop
      vertex -9.18829 23.9 18.983
      vertex -9.1 27.9 19.0392
      vertex -9.1 23.9 19.0392
    endloop
  endfacet
  facet normal 0.536981 0 -0.843595
    outer loop
      vertex -9.1 27.9 19.0392
      vertex -9.18829 23.9 18.983
      vertex -9.18829 27.9 18.983
    endloop
  endfacet
  facet normal -0.608556 0 0.793511
    outer loop
      vertex -7.81171 27.9 13.017
      vertex -7.72865 23.9 13.0807
      vertex -7.72865 27.9 13.0807
    endloop
  endfacet
  facet normal -0.608556 0 0.793511
    outer loop
      vertex -7.72865 23.9 13.0807
      vertex -7.81171 27.9 13.017
      vertex -7.81171 23.9 13.017
    endloop
  endfacet
  facet normal 0.608602 0 0.793476
    outer loop
      vertex -9.27134 27.9 13.0807
      vertex -9.18829 23.9 13.017
      vertex -9.18829 27.9 13.017
    endloop
  endfacet
  facet normal 0.608602 0 0.793476
    outer loop
      vertex -9.18829 23.9 13.017
      vertex -9.27134 27.9 13.0807
      vertex -9.27134 23.9 13.0807
    endloop
  endfacet
  facet normal -0.4622 0 -0.886775
    outer loop
      vertex -7.99286 23.9 19.0876
      vertex -7.9 27.9 19.0392
      vertex -7.9 23.9 19.0392
    endloop
  endfacet
  facet normal -0.4622 0 -0.886775
    outer loop
      vertex -7.9 27.9 19.0392
      vertex -7.99286 23.9 19.0876
      vertex -7.99286 27.9 19.0876
    endloop
  endfacet
  facet normal 0.129923 0 -0.991524
    outer loop
      vertex -8.70838 23.9 19.1818
      vertex -8.60459 27.9 19.1954
      vertex -8.60459 23.9 19.1954
    endloop
  endfacet
  facet normal 0.129923 0 -0.991524
    outer loop
      vertex -8.60459 27.9 19.1954
      vertex -8.70838 23.9 19.1818
      vertex -8.70838 27.9 19.1818
    endloop
  endfacet
  facet normal 0.608602 0 -0.793476
    outer loop
      vertex -9.27134 23.9 18.9193
      vertex -9.18829 27.9 18.983
      vertex -9.18829 23.9 18.983
    endloop
  endfacet
  facet normal 0.608602 0 -0.793476
    outer loop
      vertex -9.18829 27.9 18.983
      vertex -9.27134 23.9 18.9193
      vertex -9.27134 27.9 18.9193
    endloop
  endfacet
  facet normal 0.129923 0 0.991524
    outer loop
      vertex -8.70838 27.9 12.8182
      vertex -8.60459 23.9 12.8046
      vertex -8.60459 27.9 12.8046
    endloop
  endfacet
  facet normal 0.129923 0 0.991524
    outer loop
      vertex -8.60459 23.9 12.8046
      vertex -8.70838 27.9 12.8182
      vertex -8.70838 23.9 12.8182
    endloop
  endfacet
  facet normal -0.737376 0 0.675482
    outer loop
      vertex -7.65147 23.9 13.1515
      vertex -7.58075 27.9 13.2287
      vertex -7.65147 27.9 13.1515
    endloop
  endfacet
  facet normal -0.737376 0 0.675482
    outer loop
      vertex -7.58075 27.9 13.2287
      vertex -7.65147 23.9 13.1515
      vertex -7.58075 23.9 13.2287
    endloop
  endfacet
  facet normal -0.675993 0 0.736908
    outer loop
      vertex -7.72865 27.9 13.0807
      vertex -7.65147 23.9 13.1515
      vertex -7.65147 27.9 13.1515
    endloop
  endfacet
  facet normal -0.675993 0 0.736908
    outer loop
      vertex -7.65147 23.9 13.1515
      vertex -7.72865 27.9 13.0807
      vertex -7.72865 23.9 13.0807
    endloop
  endfacet
  facet normal -0.923861 0 0.382729
    outer loop
      vertex -7.41243 23.9 13.4929
      vertex -7.37237 27.9 13.5896
      vertex -7.41243 27.9 13.4929
    endloop
  endfacet
  facet normal -0.923861 0 0.382729
    outer loop
      vertex -7.37237 27.9 13.5896
      vertex -7.41243 23.9 13.4929
      vertex -7.37237 23.9 13.5896
    endloop
  endfacet
  facet normal 0.887092 0 -0.461593
    outer loop
      vertex -9.53923 23.9 18.6
      vertex -9.58757 27.9 18.5071
      vertex -9.53923 27.9 18.6
    endloop
  endfacet
  facet normal 0.887092 0 -0.461593
    outer loop
      vertex -9.58757 27.9 18.5071
      vertex -9.53923 23.9 18.6
      vertex -9.58757 23.9 18.5071
    endloop
  endfacet
  facet normal 0.79316 -0 0.609013
    outer loop
      vertex -9.48298 23.9 13.3117
      vertex -9.41925 27.9 13.2287
      vertex -9.48298 27.9 13.3117
    endloop
  endfacet
  facet normal 0.79316 0 0.609013
    outer loop
      vertex -9.41925 27.9 13.2287
      vertex -9.48298 23.9 13.3117
      vertex -9.41925 23.9 13.2287
    endloop
  endfacet
  facet normal -0.382172 0 0.924091
    outer loop
      vertex -8.08958 27.9 12.8724
      vertex -7.99286 23.9 12.9124
      vertex -7.99286 27.9 12.9124
    endloop
  endfacet
  facet normal -0.382172 0 0.924091
    outer loop
      vertex -7.99286 23.9 12.9124
      vertex -8.08958 27.9 12.8724
      vertex -8.08958 23.9 12.8724
    endloop
  endfacet
  facet normal -0.843406 0 -0.537277
    outer loop
      vertex -7.46077 23.9 18.6
      vertex -7.51702 27.9 18.6883
      vertex -7.46077 27.9 18.6
    endloop
  endfacet
  facet normal -0.843406 -0 -0.537277
    outer loop
      vertex -7.51702 27.9 18.6883
      vertex -7.46077 23.9 18.6
      vertex -7.51702 23.9 18.6883
    endloop
  endfacet
  facet normal 0.843406 0 -0.537277
    outer loop
      vertex -9.48298 23.9 18.6883
      vertex -9.53923 27.9 18.6
      vertex -9.48298 27.9 18.6883
    endloop
  endfacet
  facet normal 0.843406 0 -0.537277
    outer loop
      vertex -9.53923 27.9 18.6
      vertex -9.48298 23.9 18.6883
      vertex -9.53923 23.9 18.6
    endloop
  endfacet
  facet normal -0.991452 0 0.130474
    outer loop
      vertex -7.31823 23.9 13.7916
      vertex -7.30457 27.9 13.8954
      vertex -7.31823 27.9 13.7916
    endloop
  endfacet
  facet normal -0.991452 0 0.130474
    outer loop
      vertex -7.30457 27.9 13.8954
      vertex -7.31823 23.9 13.7916
      vertex -7.30457 23.9 13.8954
    endloop
  endfacet
  facet normal -0.129923 0 0.991524
    outer loop
      vertex -8.39541 27.9 12.8046
      vertex -8.29162 23.9 12.8182
      vertex -8.29162 27.9 12.8182
    endloop
  endfacet
  facet normal -0.129923 0 0.991524
    outer loop
      vertex -8.29162 23.9 12.8182
      vertex -8.39541 27.9 12.8046
      vertex -8.39541 23.9 12.8046
    endloop
  endfacet
  facet normal 0.216829 0 0.97621
    outer loop
      vertex -8.81058 27.9 12.8409
      vertex -8.70838 23.9 12.8182
      vertex -8.70838 27.9 12.8182
    endloop
  endfacet
  facet normal 0.216829 0 0.97621
    outer loop
      vertex -8.70838 23.9 12.8182
      vertex -8.81058 27.9 12.8409
      vertex -8.81058 23.9 12.8409
    endloop
  endfacet
  facet normal -0.129923 0 -0.991524
    outer loop
      vertex -8.39541 23.9 19.1954
      vertex -8.29162 27.9 19.1818
      vertex -8.29162 23.9 19.1818
    endloop
  endfacet
  facet normal -0.129923 0 -0.991524
    outer loop
      vertex -8.29162 27.9 19.1818
      vertex -8.39541 23.9 19.1954
      vertex -8.39541 27.9 19.1954
    endloop
  endfacet
  facet normal -0.97629 0 0.216465
    outer loop
      vertex -7.34089 23.9 13.6894
      vertex -7.31823 27.9 13.7916
      vertex -7.34089 27.9 13.6894
    endloop
  endfacet
  facet normal -0.97629 0 0.216465
    outer loop
      vertex -7.31823 27.9 13.7916
      vertex -7.34089 23.9 13.6894
      vertex -7.31823 23.9 13.7916
    endloop
  endfacet
  facet normal 0.0439388 0 -0.999034
    outer loop
      vertex -8.60459 23.9 19.1954
      vertex -8.5 27.9 19.2
      vertex -8.5 23.9 19.2
    endloop
  endfacet
  facet normal 0.0439388 0 -0.999034
    outer loop
      vertex -8.5 27.9 19.2
      vertex -8.60459 23.9 19.1954
      vertex -8.60459 27.9 19.1954
    endloop
  endfacet
  facet normal -0.0439388 0 -0.999034
    outer loop
      vertex -8.5 23.9 19.2
      vertex -8.39541 27.9 19.1954
      vertex -8.39541 23.9 19.1954
    endloop
  endfacet
  facet normal -0.0439388 0 -0.999034
    outer loop
      vertex -8.39541 27.9 19.1954
      vertex -8.5 23.9 19.2
      vertex -8.5 27.9 19.2
    endloop
  endfacet
  facet normal 0.675945 0 0.736952
    outer loop
      vertex -9.34853 27.9 13.1515
      vertex -9.27134 23.9 13.0807
      vertex -9.27134 27.9 13.0807
    endloop
  endfacet
  facet normal 0.675945 0 0.736952
    outer loop
      vertex -9.27134 23.9 13.0807
      vertex -9.34853 27.9 13.1515
      vertex -9.34853 23.9 13.1515
    endloop
  endfacet
  facet normal 0.953681 0 -0.30082
    outer loop
      vertex -9.62763 23.9 18.4104
      vertex -9.65911 27.9 18.3106
      vertex -9.62763 27.9 18.4104
    endloop
  endfacet
  facet normal 0.953681 0 -0.30082
    outer loop
      vertex -9.65911 27.9 18.3106
      vertex -9.62763 23.9 18.4104
      vertex -9.65911 23.9 18.3106
    endloop
  endfacet
  facet normal -0.4622 0 0.886775
    outer loop
      vertex -7.99286 27.9 12.9124
      vertex -7.9 23.9 12.9608
      vertex -7.9 27.9 12.9608
    endloop
  endfacet
  facet normal -0.4622 0 0.886775
    outer loop
      vertex -7.9 23.9 12.9608
      vertex -7.99286 27.9 12.9124
      vertex -7.99286 23.9 12.9124
    endloop
  endfacet
  facet normal -0.887092 0 0.461593
    outer loop
      vertex -7.46077 23.9 13.4
      vertex -7.41243 27.9 13.4929
      vertex -7.46077 27.9 13.4
    endloop
  endfacet
  facet normal -0.887092 0 0.461593
    outer loop
      vertex -7.41243 27.9 13.4929
      vertex -7.46077 23.9 13.4
      vertex -7.41243 23.9 13.4929
    endloop
  endfacet
  facet normal -0.536981 0 -0.843595
    outer loop
      vertex -7.9 23.9 19.0392
      vertex -7.81171 27.9 18.983
      vertex -7.81171 23.9 18.983
    endloop
  endfacet
  facet normal -0.536981 0 -0.843595
    outer loop
      vertex -7.81171 27.9 18.983
      vertex -7.9 23.9 19.0392
      vertex -7.9 27.9 19.0392
    endloop
  endfacet
  facet normal 0.843406 -0 0.537277
    outer loop
      vertex -9.53923 23.9 13.4
      vertex -9.48298 27.9 13.3117
      vertex -9.53923 27.9 13.4
    endloop
  endfacet
  facet normal 0.843406 0 0.537277
    outer loop
      vertex -9.48298 27.9 13.3117
      vertex -9.53923 23.9 13.4
      vertex -9.48298 23.9 13.3117
    endloop
  endfacet
  facet normal -0.79316 0 -0.609013
    outer loop
      vertex -7.51702 23.9 18.6883
      vertex -7.58075 27.9 18.7713
      vertex -7.51702 27.9 18.6883
    endloop
  endfacet
  facet normal -0.79316 -0 -0.609013
    outer loop
      vertex -7.58075 27.9 18.7713
      vertex -7.51702 23.9 18.6883
      vertex -7.58075 23.9 18.7713
    endloop
  endfacet
  facet normal -0.923861 0 -0.382729
    outer loop
      vertex -7.37237 23.9 18.4104
      vertex -7.41243 27.9 18.5071
      vertex -7.37237 27.9 18.4104
    endloop
  endfacet
  facet normal -0.923861 -0 -0.382729
    outer loop
      vertex -7.41243 27.9 18.5071
      vertex -7.37237 23.9 18.4104
      vertex -7.41243 23.9 18.5071
    endloop
  endfacet
  facet normal -0.300885 0 0.953661
    outer loop
      vertex -8.18942 27.9 12.8409
      vertex -8.08958 23.9 12.8724
      vertex -8.08958 27.9 12.8724
    endloop
  endfacet
  facet normal -0.300885 0 0.953661
    outer loop
      vertex -8.08958 23.9 12.8724
      vertex -8.18942 27.9 12.8409
      vertex -8.18942 23.9 12.8409
    endloop
  endfacet
  facet normal 0.4622 0 -0.886775
    outer loop
      vertex -9.1 23.9 19.0392
      vertex -9.00714 27.9 19.0876
      vertex -9.00714 23.9 19.0876
    endloop
  endfacet
  facet normal 0.4622 0 -0.886775
    outer loop
      vertex -9.00714 27.9 19.0876
      vertex -9.1 23.9 19.0392
      vertex -9.1 27.9 19.0392
    endloop
  endfacet
  facet normal -0.382172 0 -0.924091
    outer loop
      vertex -8.08958 23.9 19.1276
      vertex -7.99286 27.9 19.0876
      vertex -7.99286 23.9 19.0876
    endloop
  endfacet
  facet normal -0.382172 0 -0.924091
    outer loop
      vertex -7.99286 27.9 19.0876
      vertex -8.08958 23.9 19.1276
      vertex -8.08958 27.9 19.1276
    endloop
  endfacet
  facet normal -0.737376 0 -0.675482
    outer loop
      vertex -7.58075 23.9 18.7713
      vertex -7.65147 27.9 18.8485
      vertex -7.58075 27.9 18.7713
    endloop
  endfacet
  facet normal -0.737376 -0 -0.675482
    outer loop
      vertex -7.65147 27.9 18.8485
      vertex -7.58075 23.9 18.7713
      vertex -7.65147 23.9 18.8485
    endloop
  endfacet
  facet normal 0.536981 0 0.843595
    outer loop
      vertex -9.18829 27.9 13.017
      vertex -9.1 23.9 12.9608
      vertex -9.1 27.9 12.9608
    endloop
  endfacet
  facet normal 0.536981 0 0.843595
    outer loop
      vertex -9.1 23.9 12.9608
      vertex -9.18829 27.9 13.017
      vertex -9.18829 23.9 13.017
    endloop
  endfacet
  facet normal -0.843406 0 0.537277
    outer loop
      vertex -7.51702 23.9 13.3117
      vertex -7.46077 27.9 13.4
      vertex -7.51702 27.9 13.3117
    endloop
  endfacet
  facet normal -0.843406 0 0.537277
    outer loop
      vertex -7.46077 27.9 13.4
      vertex -7.51702 23.9 13.3117
      vertex -7.46077 23.9 13.4
    endloop
  endfacet
  facet normal -0.608556 0 -0.793511
    outer loop
      vertex -7.81171 23.9 18.983
      vertex -7.72865 27.9 18.9193
      vertex -7.72865 23.9 18.9193
    endloop
  endfacet
  facet normal -0.608556 0 -0.793511
    outer loop
      vertex -7.72865 27.9 18.9193
      vertex -7.81171 23.9 18.983
      vertex -7.81171 27.9 18.983
    endloop
  endfacet
  facet normal 0.382172 0 0.924091
    outer loop
      vertex -9.00714 27.9 12.9124
      vertex -8.91042 23.9 12.8724
      vertex -8.91042 27.9 12.8724
    endloop
  endfacet
  facet normal 0.382172 0 0.924091
    outer loop
      vertex -8.91042 23.9 12.8724
      vertex -9.00714 27.9 12.9124
      vertex -9.00714 23.9 12.9124
    endloop
  endfacet
  facet normal 0.887092 -0 0.461593
    outer loop
      vertex -9.58757 23.9 13.4929
      vertex -9.53923 27.9 13.4
      vertex -9.58757 27.9 13.4929
    endloop
  endfacet
  facet normal 0.887092 0 0.461593
    outer loop
      vertex -9.53923 27.9 13.4
      vertex -9.58757 23.9 13.4929
      vertex -9.53923 23.9 13.4
    endloop
  endfacet
  facet normal 0.382172 0 -0.924091
    outer loop
      vertex 7.99286 23.9 19.0876
      vertex 8.08958 27.9 19.1276
      vertex 8.08958 23.9 19.1276
    endloop
  endfacet
  facet normal 0.382172 0 -0.924091
    outer loop
      vertex 8.08958 27.9 19.1276
      vertex 7.99286 23.9 19.0876
      vertex 7.99286 27.9 19.0876
    endloop
  endfacet
  facet normal 0.923861 0 -0.382729
    outer loop
      vertex 7.41243 23.9 18.5071
      vertex 7.37237 27.9 18.4104
      vertex 7.41243 27.9 18.5071
    endloop
  endfacet
  facet normal 0.923861 0 -0.382729
    outer loop
      vertex 7.37237 27.9 18.4104
      vertex 7.41243 23.9 18.5071
      vertex 7.37237 23.9 18.4104
    endloop
  endfacet
  facet normal 0.536981 0 0.843595
    outer loop
      vertex 7.81171 27.9 13.017
      vertex 7.9 23.9 12.9608
      vertex 7.9 27.9 12.9608
    endloop
  endfacet
  facet normal 0.536981 0 0.843595
    outer loop
      vertex 7.9 23.9 12.9608
      vertex 7.81171 27.9 13.017
      vertex 7.81171 23.9 13.017
    endloop
  endfacet
  facet normal 0.737376 0 -0.675482
    outer loop
      vertex 7.65147 23.9 18.8485
      vertex 7.58075 27.9 18.7713
      vertex 7.65147 27.9 18.8485
    endloop
  endfacet
  facet normal 0.737376 0 -0.675482
    outer loop
      vertex 7.58075 27.9 18.7713
      vertex 7.65147 23.9 18.8485
      vertex 7.58075 23.9 18.7713
    endloop
  endfacet
  facet normal -0.216829 0 0.97621
    outer loop
      vertex 8.70838 27.9 12.8182
      vertex 8.81058 23.9 12.8409
      vertex 8.81058 27.9 12.8409
    endloop
  endfacet
  facet normal -0.216829 0 0.97621
    outer loop
      vertex 8.81058 23.9 12.8409
      vertex 8.70838 27.9 12.8182
      vertex 8.70838 23.9 12.8182
    endloop
  endfacet
  facet normal 0.97629 0 -0.216465
    outer loop
      vertex 7.34089 23.9 18.3106
      vertex 7.31823 27.9 18.2084
      vertex 7.34089 27.9 18.3106
    endloop
  endfacet
  facet normal 0.97629 0 -0.216465
    outer loop
      vertex 7.31823 27.9 18.2084
      vertex 7.34089 23.9 18.3106
      vertex 7.31823 23.9 18.2084
    endloop
  endfacet
  facet normal 1 -0 0
    outer loop
      vertex 7.3 23.9 18
      vertex 7.3 27.9 14
      vertex 7.3 27.9 18
    endloop
  endfacet
  facet normal 1 0 0
    outer loop
      vertex 7.3 27.9 14
      vertex 7.3 23.9 18
      vertex 7.3 23.9 14
    endloop
  endfacet
  facet normal 0.608556 0 -0.793511
    outer loop
      vertex 7.72865 23.9 18.9193
      vertex 7.81171 27.9 18.983
      vertex 7.81171 23.9 18.983
    endloop
  endfacet
  facet normal 0.608556 0 -0.793511
    outer loop
      vertex 7.81171 27.9 18.983
      vertex 7.72865 23.9 18.9193
      vertex 7.72865 27.9 18.9193
    endloop
  endfacet
  facet normal 0.216829 0 -0.97621
    outer loop
      vertex 8.18942 23.9 19.1591
      vertex 8.29162 27.9 19.1818
      vertex 8.29162 23.9 19.1818
    endloop
  endfacet
  facet normal 0.216829 0 -0.97621
    outer loop
      vertex 8.29162 27.9 19.1818
      vertex 8.18942 23.9 19.1591
      vertex 8.18942 27.9 19.1591
    endloop
  endfacet
  facet normal -0.999047 0 -0.0436486
    outer loop
      vertex 9.7 23.9 18
      vertex 9.69543 27.9 18.1046
      vertex 9.7 27.9 18
    endloop
  endfacet
  facet normal -0.999047 -0 -0.0436486
    outer loop
      vertex 9.69543 27.9 18.1046
      vertex 9.7 23.9 18
      vertex 9.69543 23.9 18.1046
    endloop
  endfacet
  facet normal -0.991452 0 -0.130474
    outer loop
      vertex 9.69543 23.9 18.1046
      vertex 9.68177 27.9 18.2084
      vertex 9.69543 27.9 18.1046
    endloop
  endfacet
  facet normal -0.991452 -0 -0.130474
    outer loop
      vertex 9.68177 27.9 18.2084
      vertex 9.69543 23.9 18.1046
      vertex 9.68177 23.9 18.2084
    endloop
  endfacet
  facet normal -0.536981 0 0.843595
    outer loop
      vertex 9.1 27.9 12.9608
      vertex 9.18829 23.9 13.017
      vertex 9.18829 27.9 13.017
    endloop
  endfacet
  facet normal -0.536981 0 0.843595
    outer loop
      vertex 9.18829 23.9 13.017
      vertex 9.1 27.9 12.9608
      vertex 9.1 23.9 12.9608
    endloop
  endfacet
  facet normal -0.300885 0 0.953661
    outer loop
      vertex 8.81058 27.9 12.8409
      vertex 8.91042 23.9 12.8724
      vertex 8.91042 27.9 12.8724
    endloop
  endfacet
  facet normal -0.300885 0 0.953661
    outer loop
      vertex 8.91042 23.9 12.8724
      vertex 8.81058 27.9 12.8409
      vertex 8.81058 23.9 12.8409
    endloop
  endfacet
  facet normal 0.923861 -0 0.382729
    outer loop
      vertex 7.37237 23.9 13.5896
      vertex 7.41243 27.9 13.4929
      vertex 7.37237 27.9 13.5896
    endloop
  endfacet
  facet normal 0.923861 0 0.382729
    outer loop
      vertex 7.41243 27.9 13.4929
      vertex 7.37237 23.9 13.5896
      vertex 7.41243 23.9 13.4929
    endloop
  endfacet
  facet normal -0.0439388 0 0.999034
    outer loop
      vertex 8.5 27.9 12.8
      vertex 8.60459 23.9 12.8046
      vertex 8.60459 27.9 12.8046
    endloop
  endfacet
  facet normal -0.0439388 0 0.999034
    outer loop
      vertex 8.60459 23.9 12.8046
      vertex 8.5 27.9 12.8
      vertex 8.5 23.9 12.8
    endloop
  endfacet
  facet normal -0.953681 0 0.30082
    outer loop
      vertex 9.62763 23.9 13.5896
      vertex 9.65911 27.9 13.6894
      vertex 9.62763 27.9 13.5896
    endloop
  endfacet
  facet normal -0.953681 0 0.30082
    outer loop
      vertex 9.65911 27.9 13.6894
      vertex 9.62763 23.9 13.5896
      vertex 9.65911 23.9 13.6894
    endloop
  endfacet
  facet normal 0.991452 0 -0.130474
    outer loop
      vertex 7.31823 23.9 18.2084
      vertex 7.30457 27.9 18.1046
      vertex 7.31823 27.9 18.2084
    endloop
  endfacet
  facet normal 0.991452 0 -0.130474
    outer loop
      vertex 7.30457 27.9 18.1046
      vertex 7.31823 23.9 18.2084
      vertex 7.30457 23.9 18.1046
    endloop
  endfacet
  facet normal 0.97629 -0 0.216465
    outer loop
      vertex 7.31823 23.9 13.7916
      vertex 7.34089 27.9 13.6894
      vertex 7.31823 27.9 13.7916
    endloop
  endfacet
  facet normal 0.97629 0 0.216465
    outer loop
      vertex 7.34089 27.9 13.6894
      vertex 7.31823 23.9 13.7916
      vertex 7.34089 23.9 13.6894
    endloop
  endfacet
  facet normal -1 0 0
    outer loop
      vertex 9.7 23.9 14
      vertex 9.7 27.9 18
      vertex 9.7 27.9 14
    endloop
  endfacet
  facet normal -1 -0 0
    outer loop
      vertex 9.7 27.9 18
      vertex 9.7 23.9 14
      vertex 9.7 23.9 18
    endloop
  endfacet
  facet normal 0.991452 -0 0.130474
    outer loop
      vertex 7.30457 23.9 13.8954
      vertex 7.31823 27.9 13.7916
      vertex 7.30457 27.9 13.8954
    endloop
  endfacet
  facet normal 0.991452 0 0.130474
    outer loop
      vertex 7.31823 27.9 13.7916
      vertex 7.30457 23.9 13.8954
      vertex 7.31823 23.9 13.7916
    endloop
  endfacet
  facet normal -0.97629 0 0.216465
    outer loop
      vertex 9.65911 23.9 13.6894
      vertex 9.68177 27.9 13.7916
      vertex 9.65911 27.9 13.6894
    endloop
  endfacet
  facet normal -0.97629 0 0.216465
    outer loop
      vertex 9.68177 27.9 13.7916
      vertex 9.65911 23.9 13.6894
      vertex 9.68177 23.9 13.7916
    endloop
  endfacet
  facet normal -0.79316 0 0.609013
    outer loop
      vertex 9.41925 23.9 13.2287
      vertex 9.48298 27.9 13.3117
      vertex 9.41925 27.9 13.2287
    endloop
  endfacet
  facet normal -0.79316 0 0.609013
    outer loop
      vertex 9.48298 27.9 13.3117
      vertex 9.41925 23.9 13.2287
      vertex 9.48298 23.9 13.3117
    endloop
  endfacet
  facet normal 0.79316 0 -0.609013
    outer loop
      vertex 7.58075 23.9 18.7713
      vertex 7.51702 27.9 18.6883
      vertex 7.58075 27.9 18.7713
    endloop
  endfacet
  facet normal 0.79316 0 -0.609013
    outer loop
      vertex 7.51702 27.9 18.6883
      vertex 7.58075 23.9 18.7713
      vertex 7.51702 23.9 18.6883
    endloop
  endfacet
  facet normal 0.999047 -0 0.0436486
    outer loop
      vertex 7.3 23.9 14
      vertex 7.30457 27.9 13.8954
      vertex 7.3 27.9 14
    endloop
  endfacet
  facet normal 0.999047 0 0.0436486
    outer loop
      vertex 7.30457 27.9 13.8954
      vertex 7.3 23.9 14
      vertex 7.30457 23.9 13.8954
    endloop
  endfacet
  facet normal 0.216829 0 0.97621
    outer loop
      vertex 8.18942 27.9 12.8409
      vertex 8.29162 23.9 12.8182
      vertex 8.29162 27.9 12.8182
    endloop
  endfacet
  facet normal 0.216829 0 0.97621
    outer loop
      vertex 8.29162 23.9 12.8182
      vertex 8.18942 27.9 12.8409
      vertex 8.18942 23.9 12.8409
    endloop
  endfacet
  facet normal -0.999047 0 0.0436486
    outer loop
      vertex 9.69543 23.9 13.8954
      vertex 9.7 27.9 14
      vertex 9.69543 27.9 13.8954
    endloop
  endfacet
  facet normal -0.999047 0 0.0436486
    outer loop
      vertex 9.7 27.9 14
      vertex 9.69543 23.9 13.8954
      vertex 9.7 23.9 14
    endloop
  endfacet
  facet normal 0.0439388 0 0.999034
    outer loop
      vertex 8.39541 27.9 12.8046
      vertex 8.5 23.9 12.8
      vertex 8.5 27.9 12.8
    endloop
  endfacet
  facet normal 0.0439388 0 0.999034
    outer loop
      vertex 8.5 23.9 12.8
      vertex 8.39541 27.9 12.8046
      vertex 8.39541 23.9 12.8046
    endloop
  endfacet
  facet normal -0.382172 0 0.924091
    outer loop
      vertex 8.91042 27.9 12.8724
      vertex 9.00714 23.9 12.9124
      vertex 9.00714 27.9 12.9124
    endloop
  endfacet
  facet normal -0.382172 0 0.924091
    outer loop
      vertex 9.00714 23.9 12.9124
      vertex 8.91042 27.9 12.8724
      vertex 8.91042 23.9 12.8724
    endloop
  endfacet
  facet normal 0.953681 -0 0.30082
    outer loop
      vertex 7.34089 23.9 13.6894
      vertex 7.37237 27.9 13.5896
      vertex 7.34089 27.9 13.6894
    endloop
  endfacet
  facet normal 0.953681 0 0.30082
    outer loop
      vertex 7.37237 27.9 13.5896
      vertex 7.34089 23.9 13.6894
      vertex 7.37237 23.9 13.5896
    endloop
  endfacet
  facet normal -0.991452 0 0.130474
    outer loop
      vertex 9.68177 23.9 13.7916
      vertex 9.69543 27.9 13.8954
      vertex 9.68177 27.9 13.7916
    endloop
  endfacet
  facet normal -0.991452 0 0.130474
    outer loop
      vertex 9.69543 27.9 13.8954
      vertex 9.68177 23.9 13.7916
      vertex 9.69543 23.9 13.8954
    endloop
  endfacet
  facet normal -0.675945 0 -0.736952
    outer loop
      vertex 9.27134 23.9 18.9193
      vertex 9.34853 27.9 18.8485
      vertex 9.34853 23.9 18.8485
    endloop
  endfacet
  facet normal -0.675945 0 -0.736952
    outer loop
      vertex 9.34853 27.9 18.8485
      vertex 9.27134 23.9 18.9193
      vertex 9.27134 27.9 18.9193
    endloop
  endfacet
  facet normal 0.300885 0 -0.953661
    outer loop
      vertex 8.08958 23.9 19.1276
      vertex 8.18942 27.9 19.1591
      vertex 8.18942 23.9 19.1591
    endloop
  endfacet
  facet normal 0.300885 0 -0.953661
    outer loop
      vertex 8.18942 27.9 19.1591
      vertex 8.08958 23.9 19.1276
      vertex 8.08958 27.9 19.1276
    endloop
  endfacet
  facet normal -0.953681 0 -0.30082
    outer loop
      vertex 9.65911 23.9 18.3106
      vertex 9.62763 27.9 18.4104
      vertex 9.65911 27.9 18.3106
    endloop
  endfacet
  facet normal -0.953681 -0 -0.30082
    outer loop
      vertex 9.62763 27.9 18.4104
      vertex 9.65911 23.9 18.3106
      vertex 9.62763 23.9 18.4104
    endloop
  endfacet
  facet normal 0.999047 0 -0.0436486
    outer loop
      vertex 7.30457 23.9 18.1046
      vertex 7.3 27.9 18
      vertex 7.30457 27.9 18.1046
    endloop
  endfacet
  facet normal 0.999047 0 -0.0436486
    outer loop
      vertex 7.3 27.9 18
      vertex 7.30457 23.9 18.1046
      vertex 7.3 23.9 18
    endloop
  endfacet
  facet normal -0.97629 0 -0.216465
    outer loop
      vertex 9.68177 23.9 18.2084
      vertex 9.65911 27.9 18.3106
      vertex 9.68177 27.9 18.2084
    endloop
  endfacet
  facet normal -0.97629 -0 -0.216465
    outer loop
      vertex 9.65911 27.9 18.3106
      vertex 9.68177 23.9 18.2084
      vertex 9.65911 23.9 18.3106
    endloop
  endfacet
  facet normal 0.536981 0 -0.843595
    outer loop
      vertex 7.81171 23.9 18.983
      vertex 7.9 27.9 19.0392
      vertex 7.9 23.9 19.0392
    endloop
  endfacet
  facet normal 0.536981 0 -0.843595
    outer loop
      vertex 7.9 27.9 19.0392
      vertex 7.81171 23.9 18.983
      vertex 7.81171 27.9 18.983
    endloop
  endfacet
  facet normal 0.737376 -0 0.675482
    outer loop
      vertex 7.58075 23.9 13.2287
      vertex 7.65147 27.9 13.1515
      vertex 7.58075 27.9 13.2287
    endloop
  endfacet
  facet normal 0.737376 0 0.675482
    outer loop
      vertex 7.65147 27.9 13.1515
      vertex 7.58075 23.9 13.2287
      vertex 7.65147 23.9 13.1515
    endloop
  endfacet
  facet normal 0.129923 0 0.991524
    outer loop
      vertex 8.29162 27.9 12.8182
      vertex 8.39541 23.9 12.8046
      vertex 8.39541 27.9 12.8046
    endloop
  endfacet
  facet normal 0.129923 0 0.991524
    outer loop
      vertex 8.39541 23.9 12.8046
      vertex 8.29162 27.9 12.8182
      vertex 8.29162 23.9 12.8182
    endloop
  endfacet
  facet normal -0.129923 0 -0.991524
    outer loop
      vertex 8.60459 23.9 19.1954
      vertex 8.70838 27.9 19.1818
      vertex 8.70838 23.9 19.1818
    endloop
  endfacet
  facet normal -0.129923 0 -0.991524
    outer loop
      vertex 8.70838 27.9 19.1818
      vertex 8.60459 23.9 19.1954
      vertex 8.60459 27.9 19.1954
    endloop
  endfacet
  facet normal -0.4622 0 -0.886775
    outer loop
      vertex 9.00714 23.9 19.0876
      vertex 9.1 27.9 19.0392
      vertex 9.1 23.9 19.0392
    endloop
  endfacet
  facet normal -0.4622 0 -0.886775
    outer loop
      vertex 9.1 27.9 19.0392
      vertex 9.00714 23.9 19.0876
      vertex 9.00714 27.9 19.0876
    endloop
  endfacet
  facet normal 0.129923 0 -0.991524
    outer loop
      vertex 8.29162 23.9 19.1818
      vertex 8.39541 27.9 19.1954
      vertex 8.39541 23.9 19.1954
    endloop
  endfacet
  facet normal 0.129923 0 -0.991524
    outer loop
      vertex 8.39541 27.9 19.1954
      vertex 8.29162 23.9 19.1818
      vertex 8.29162 27.9 19.1818
    endloop
  endfacet
  facet normal -0.675945 0 0.736952
    outer loop
      vertex 9.27134 27.9 13.0807
      vertex 9.34853 23.9 13.1515
      vertex 9.34853 27.9 13.1515
    endloop
  endfacet
  facet normal -0.675945 0 0.736952
    outer loop
      vertex 9.34853 23.9 13.1515
      vertex 9.27134 27.9 13.0807
      vertex 9.27134 23.9 13.0807
    endloop
  endfacet
  facet normal -0.737376 0 0.675482
    outer loop
      vertex 9.34853 23.9 13.1515
      vertex 9.41925 27.9 13.2287
      vertex 9.34853 27.9 13.1515
    endloop
  endfacet
  facet normal -0.737376 0 0.675482
    outer loop
      vertex 9.41925 27.9 13.2287
      vertex 9.34853 23.9 13.1515
      vertex 9.41925 23.9 13.2287
    endloop
  endfacet
  facet normal 0.843406 -0 0.537277
    outer loop
      vertex 7.46077 23.9 13.4
      vertex 7.51702 27.9 13.3117
      vertex 7.46077 27.9 13.4
    endloop
  endfacet
  facet normal 0.843406 0 0.537277
    outer loop
      vertex 7.51702 27.9 13.3117
      vertex 7.46077 23.9 13.4
      vertex 7.51702 23.9 13.3117
    endloop
  endfacet
  facet normal 0.608556 0 0.793511
    outer loop
      vertex 7.72865 27.9 13.0807
      vertex 7.81171 23.9 13.017
      vertex 7.81171 27.9 13.017
    endloop
  endfacet
  facet normal 0.608556 0 0.793511
    outer loop
      vertex 7.81171 23.9 13.017
      vertex 7.72865 27.9 13.0807
      vertex 7.72865 23.9 13.0807
    endloop
  endfacet
  facet normal -0.923861 0 0.382729
    outer loop
      vertex 9.58757 23.9 13.4929
      vertex 9.62763 27.9 13.5896
      vertex 9.58757 27.9 13.4929
    endloop
  endfacet
  facet normal -0.923861 0 0.382729
    outer loop
      vertex 9.62763 27.9 13.5896
      vertex 9.58757 23.9 13.4929
      vertex 9.62763 23.9 13.5896
    endloop
  endfacet
  facet normal 0.887092 0 -0.461593
    outer loop
      vertex 7.46077 23.9 18.6
      vertex 7.41243 27.9 18.5071
      vertex 7.46077 27.9 18.6
    endloop
  endfacet
  facet normal 0.887092 0 -0.461593
    outer loop
      vertex 7.41243 27.9 18.5071
      vertex 7.46077 23.9 18.6
      vertex 7.41243 23.9 18.5071
    endloop
  endfacet
  facet normal -0.79316 0 -0.609013
    outer loop
      vertex 9.48298 23.9 18.6883
      vertex 9.41925 27.9 18.7713
      vertex 9.48298 27.9 18.6883
    endloop
  endfacet
  facet normal -0.79316 -0 -0.609013
    outer loop
      vertex 9.41925 27.9 18.7713
      vertex 9.48298 23.9 18.6883
      vertex 9.41925 23.9 18.7713
    endloop
  endfacet
  facet normal -0.382172 0 -0.924091
    outer loop
      vertex 8.91042 23.9 19.1276
      vertex 9.00714 27.9 19.0876
      vertex 9.00714 23.9 19.0876
    endloop
  endfacet
  facet normal -0.382172 0 -0.924091
    outer loop
      vertex 9.00714 27.9 19.0876
      vertex 8.91042 23.9 19.1276
      vertex 8.91042 27.9 19.1276
    endloop
  endfacet
  facet normal 0.675993 0 -0.736908
    outer loop
      vertex 7.65147 23.9 18.8485
      vertex 7.72865 27.9 18.9193
      vertex 7.72865 23.9 18.9193
    endloop
  endfacet
  facet normal 0.675993 0 -0.736908
    outer loop
      vertex 7.72865 27.9 18.9193
      vertex 7.65147 23.9 18.8485
      vertex 7.65147 27.9 18.8485
    endloop
  endfacet
  facet normal -0.843406 0 -0.537277
    outer loop
      vertex 9.53923 23.9 18.6
      vertex 9.48298 27.9 18.6883
      vertex 9.53923 27.9 18.6
    endloop
  endfacet
  facet normal -0.843406 -0 -0.537277
    outer loop
      vertex 9.48298 27.9 18.6883
      vertex 9.53923 23.9 18.6
      vertex 9.48298 23.9 18.6883
    endloop
  endfacet
  facet normal -0.129923 0 0.991524
    outer loop
      vertex 8.60459 27.9 12.8046
      vertex 8.70838 23.9 12.8182
      vertex 8.70838 27.9 12.8182
    endloop
  endfacet
  facet normal -0.129923 0 0.991524
    outer loop
      vertex 8.70838 23.9 12.8182
      vertex 8.60459 27.9 12.8046
      vertex 8.60459 23.9 12.8046
    endloop
  endfacet
  facet normal -0.608602 0 0.793476
    outer loop
      vertex 9.18829 27.9 13.017
      vertex 9.27134 23.9 13.0807
      vertex 9.27134 27.9 13.0807
    endloop
  endfacet
  facet normal -0.608602 0 0.793476
    outer loop
      vertex 9.27134 23.9 13.0807
      vertex 9.18829 27.9 13.017
      vertex 9.18829 23.9 13.017
    endloop
  endfacet
  facet normal 0.843406 0 -0.537277
    outer loop
      vertex 7.51702 23.9 18.6883
      vertex 7.46077 27.9 18.6
      vertex 7.51702 27.9 18.6883
    endloop
  endfacet
  facet normal 0.843406 0 -0.537277
    outer loop
      vertex 7.46077 27.9 18.6
      vertex 7.51702 23.9 18.6883
      vertex 7.46077 23.9 18.6
    endloop
  endfacet
  facet normal -0.216829 0 -0.97621
    outer loop
      vertex 8.70838 23.9 19.1818
      vertex 8.81058 27.9 19.1591
      vertex 8.81058 23.9 19.1591
    endloop
  endfacet
  facet normal -0.216829 0 -0.97621
    outer loop
      vertex 8.81058 27.9 19.1591
      vertex 8.70838 23.9 19.1818
      vertex 8.70838 27.9 19.1818
    endloop
  endfacet
  facet normal -0.887092 0 -0.461593
    outer loop
      vertex 9.58757 23.9 18.5071
      vertex 9.53923 27.9 18.6
      vertex 9.58757 27.9 18.5071
    endloop
  endfacet
  facet normal -0.887092 -0 -0.461593
    outer loop
      vertex 9.53923 27.9 18.6
      vertex 9.58757 23.9 18.5071
      vertex 9.53923 23.9 18.6
    endloop
  endfacet
  facet normal 0.4622 0 0.886775
    outer loop
      vertex 7.9 27.9 12.9608
      vertex 7.99286 23.9 12.9124
      vertex 7.99286 27.9 12.9124
    endloop
  endfacet
  facet normal 0.4622 0 0.886775
    outer loop
      vertex 7.99286 23.9 12.9124
      vertex 7.9 27.9 12.9608
      vertex 7.9 23.9 12.9608
    endloop
  endfacet
  facet normal 0.0439388 0 -0.999034
    outer loop
      vertex 8.39541 23.9 19.1954
      vertex 8.5 27.9 19.2
      vertex 8.5 23.9 19.2
    endloop
  endfacet
  facet normal 0.0439388 0 -0.999034
    outer loop
      vertex 8.5 27.9 19.2
      vertex 8.39541 23.9 19.1954
      vertex 8.39541 27.9 19.1954
    endloop
  endfacet
  facet normal 0.675993 0 0.736908
    outer loop
      vertex 7.65147 27.9 13.1515
      vertex 7.72865 23.9 13.0807
      vertex 7.72865 27.9 13.0807
    endloop
  endfacet
  facet normal 0.675993 0 0.736908
    outer loop
      vertex 7.72865 23.9 13.0807
      vertex 7.65147 27.9 13.1515
      vertex 7.65147 23.9 13.1515
    endloop
  endfacet
  facet normal -0.0439388 0 -0.999034
    outer loop
      vertex 8.5 23.9 19.2
      vertex 8.60459 27.9 19.1954
      vertex 8.60459 23.9 19.1954
    endloop
  endfacet
  facet normal -0.0439388 0 -0.999034
    outer loop
      vertex 8.60459 27.9 19.1954
      vertex 8.5 23.9 19.2
      vertex 8.5 27.9 19.2
    endloop
  endfacet
  facet normal 0.79316 -0 0.609013
    outer loop
      vertex 7.51702 23.9 13.3117
      vertex 7.58075 27.9 13.2287
      vertex 7.51702 27.9 13.3117
    endloop
  endfacet
  facet normal 0.79316 0 0.609013
    outer loop
      vertex 7.58075 27.9 13.2287
      vertex 7.51702 23.9 13.3117
      vertex 7.58075 23.9 13.2287
    endloop
  endfacet
  facet normal 0.953681 0 -0.30082
    outer loop
      vertex 7.37237 23.9 18.4104
      vertex 7.34089 27.9 18.3106
      vertex 7.37237 27.9 18.4104
    endloop
  endfacet
  facet normal 0.953681 0 -0.30082
    outer loop
      vertex 7.34089 27.9 18.3106
      vertex 7.37237 23.9 18.4104
      vertex 7.34089 23.9 18.3106
    endloop
  endfacet
  facet normal -0.4622 0 0.886775
    outer loop
      vertex 9.00714 27.9 12.9124
      vertex 9.1 23.9 12.9608
      vertex 9.1 27.9 12.9608
    endloop
  endfacet
  facet normal -0.4622 0 0.886775
    outer loop
      vertex 9.1 23.9 12.9608
      vertex 9.00714 27.9 12.9124
      vertex 9.00714 23.9 12.9124
    endloop
  endfacet
  facet normal -0.887092 0 0.461593
    outer loop
      vertex 9.53923 23.9 13.4
      vertex 9.58757 27.9 13.4929
      vertex 9.53923 27.9 13.4
    endloop
  endfacet
  facet normal -0.887092 0 0.461593
    outer loop
      vertex 9.58757 27.9 13.4929
      vertex 9.53923 23.9 13.4
      vertex 9.58757 23.9 13.4929
    endloop
  endfacet
  facet normal -0.536981 0 -0.843595
    outer loop
      vertex 9.1 23.9 19.0392
      vertex 9.18829 27.9 18.983
      vertex 9.18829 23.9 18.983
    endloop
  endfacet
  facet normal -0.536981 0 -0.843595
    outer loop
      vertex 9.18829 27.9 18.983
      vertex 9.1 23.9 19.0392
      vertex 9.1 27.9 19.0392
    endloop
  endfacet
  facet normal -0.923861 0 -0.382729
    outer loop
      vertex 9.62763 23.9 18.4104
      vertex 9.58757 27.9 18.5071
      vertex 9.62763 27.9 18.4104
    endloop
  endfacet
  facet normal -0.923861 -0 -0.382729
    outer loop
      vertex 9.58757 27.9 18.5071
      vertex 9.62763 23.9 18.4104
      vertex 9.58757 23.9 18.5071
    endloop
  endfacet
  facet normal -0.737376 0 -0.675482
    outer loop
      vertex 9.41925 23.9 18.7713
      vertex 9.34853 27.9 18.8485
      vertex 9.41925 27.9 18.7713
    endloop
  endfacet
  facet normal -0.737376 -0 -0.675482
    outer loop
      vertex 9.34853 27.9 18.8485
      vertex 9.41925 23.9 18.7713
      vertex 9.34853 23.9 18.8485
    endloop
  endfacet
  facet normal 0.4622 0 -0.886775
    outer loop
      vertex 7.9 23.9 19.0392
      vertex 7.99286 27.9 19.0876
      vertex 7.99286 23.9 19.0876
    endloop
  endfacet
  facet normal 0.4622 0 -0.886775
    outer loop
      vertex 7.99286 27.9 19.0876
      vertex 7.9 23.9 19.0392
      vertex 7.9 27.9 19.0392
    endloop
  endfacet
  facet normal -0.300885 0 -0.953661
    outer loop
      vertex 8.81058 23.9 19.1591
      vertex 8.91042 27.9 19.1276
      vertex 8.91042 23.9 19.1276
    endloop
  endfacet
  facet normal -0.300885 0 -0.953661
    outer loop
      vertex 8.91042 27.9 19.1276
      vertex 8.81058 23.9 19.1591
      vertex 8.81058 27.9 19.1591
    endloop
  endfacet
  facet normal -0.843406 0 0.537277
    outer loop
      vertex 9.48298 23.9 13.3117
      vertex 9.53923 27.9 13.4
      vertex 9.48298 27.9 13.3117
    endloop
  endfacet
  facet normal -0.843406 0 0.537277
    outer loop
      vertex 9.53923 27.9 13.4
      vertex 9.48298 23.9 13.3117
      vertex 9.53923 23.9 13.4
    endloop
  endfacet
  facet normal 0.382172 0 0.924091
    outer loop
      vertex 7.99286 27.9 12.9124
      vertex 8.08958 23.9 12.8724
      vertex 8.08958 27.9 12.8724
    endloop
  endfacet
  facet normal 0.382172 0 0.924091
    outer loop
      vertex 8.08958 23.9 12.8724
      vertex 7.99286 27.9 12.9124
      vertex 7.99286 23.9 12.9124
    endloop
  endfacet
  facet normal 0.300885 0 0.953661
    outer loop
      vertex 8.08958 27.9 12.8724
      vertex 8.18942 23.9 12.8409
      vertex 8.18942 27.9 12.8409
    endloop
  endfacet
  facet normal 0.300885 0 0.953661
    outer loop
      vertex 8.18942 23.9 12.8409
      vertex 8.08958 27.9 12.8724
      vertex 8.08958 23.9 12.8724
    endloop
  endfacet
  facet normal -0.608602 0 -0.793476
    outer loop
      vertex 9.18829 23.9 18.983
      vertex 9.27134 27.9 18.9193
      vertex 9.27134 23.9 18.9193
    endloop
  endfacet
  facet normal -0.608602 0 -0.793476
    outer loop
      vertex 9.27134 27.9 18.9193
      vertex 9.18829 23.9 18.983
      vertex 9.18829 27.9 18.983
    endloop
  endfacet
  facet normal 0.887092 -0 0.461593
    outer loop
      vertex 7.41243 23.9 13.4929
      vertex 7.46077 27.9 13.4
      vertex 7.41243 27.9 13.4929
    endloop
  endfacet
  facet normal 0.887092 0 0.461593
    outer loop
      vertex 7.46077 27.9 13.4
      vertex 7.41243 23.9 13.4929
      vertex 7.46077 23.9 13.4
    endloop
  endfacet
  facet normal 1 -0 0
    outer loop
      vertex 14 23.9 28
      vertex 14 27.9 4
      vertex 14 27.9 28
    endloop
  endfacet
  facet normal 1 0 0
    outer loop
      vertex 14 27.9 4
      vertex 14 23.9 28
      vertex 14 23.9 4
    endloop
  endfacet
  facet normal -0 0 1
    outer loop
      vertex -14 27.9 28
      vertex 14 23.9 28
      vertex 14 27.9 28
    endloop
  endfacet
  facet normal 0 0 1
    outer loop
      vertex 14 23.9 28
      vertex -14 27.9 28
      vertex -14 23.9 28
    endloop
  endfacet
  facet normal 0 0 -1
    outer loop
      vertex -14 23.9 4
      vertex 14 27.9 4
      vertex 14 23.9 4
    endloop
  endfacet
  facet normal -0 0 -1
    outer loop
      vertex 14 27.9 4
      vertex -14 23.9 4
      vertex -14 27.9 4
    endloop
  endfacet
  facet normal -1 0 0
    outer loop
      vertex -14 23.9 4
      vertex -14 27.9 28
      vertex -14 27.9 4
    endloop
  endfacet
  facet normal -1 -0 0
    outer loop
      vertex -14 27.9 28
      vertex -14 23.9 4
      vertex -14 23.9 28
    endloop
  endfacet
  facet normal 0 -1 0
    outer loop
      vertex 2 23.9 26.5
      vertex 8.39541 23.9 19.1954
      vertex 8.5 23.9 19.2
    endloop
  endfacet
  facet normal 0 -1 0
    outer loop
      vertex 2 23.9 26.5
      vertex 8.29162 23.9 19.1818
      vertex 8.39541 23.9 19.1954
    endloop
  endfacet
  facet normal 0 -1 0
    outer loop
      vertex 2 23.9 26.5
      vertex 8.18942 23.9 19.1591
      vertex 8.29162 23.9 19.1818
    endloop
  endfacet
  facet normal 0 -1 0
    outer loop
      vertex 2 23.9 26.5
      vertex 8.08958 23.9 19.1276
      vertex 8.18942 23.9 19.1591
    endloop
  endfacet
  facet normal 0 -1 0
    outer loop
      vertex 2 23.9 26.5
      vertex 7.99286 23.9 19.0876
      vertex 8.08958 23.9 19.1276
    endloop
  endfacet
  facet normal 0 -1 0
    outer loop
      vertex 7.81171 23.9 18.983
      vertex 2.2943 23.9 19.2766
      vertex 2.57115 23.9 19.0642
    endloop
  endfacet
  facet normal 0 -1 0
    outer loop
      vertex 2 23.9 26.5
      vertex 7.9 23.9 19.0392
      vertex 7.99286 23.9 19.0876
    endloop
  endfacet
  facet normal 0 -1 0
    outer loop
      vertex 2.2943 23.9 19.2766
      vertex 7.81171 23.9 18.983
      vertex 7.9 23.9 19.0392
    endloop
  endfacet
  facet normal 0 -1 0
    outer loop
      vertex 2.57115 23.9 19.0642
      vertex 7.72865 23.9 18.9193
      vertex 7.81171 23.9 18.983
    endloop
  endfacet
  facet normal 0 -1 0
    outer loop
      vertex 2.82843 23.9 18.8284
      vertex 7.72865 23.9 18.9193
      vertex 2.57115 23.9 19.0642
    endloop
  endfacet
  facet normal 0 -1 0
    outer loop
      vertex 7.72865 23.9 18.9193
      vertex 2.82843 23.9 18.8284
      vertex 7.65147 23.9 18.8485
    endloop
  endfacet
  facet normal 0 -1 0
    outer loop
      vertex 2.82843 23.9 18.8284
      vertex 7.58075 23.9 18.7713
      vertex 7.65147 23.9 18.8485
    endloop
  endfacet
  facet normal 0 -1 0
    outer loop
      vertex 3.06418 23.9 18.5711
      vertex 7.58075 23.9 18.7713
      vertex 2.82843 23.9 18.8284
    endloop
  endfacet
  facet normal 0 -1 0
    outer loop
      vertex 7.58075 23.9 18.7713
      vertex 3.06418 23.9 18.5711
      vertex 7.51702 23.9 18.6883
    endloop
  endfacet
  facet normal 0 -1 0
    outer loop
      vertex 7.51702 23.9 18.6883
      vertex 3.06418 23.9 18.5711
      vertex 7.46077 23.9 18.6
    endloop
  endfacet
  facet normal 0 -1 0
    outer loop
      vertex 3.27661 23.9 18.2943
      vertex 7.46077 23.9 18.6
      vertex 3.06418 23.9 18.5711
    endloop
  endfacet
  facet normal 0 -1 0
    outer loop
      vertex 7.46077 23.9 18.6
      vertex 3.27661 23.9 18.2943
      vertex 7.41243 23.9 18.5071
    endloop
  endfacet
  facet normal 0 -1 0
    outer loop
      vertex 3.4641 23.9 18
      vertex 7.41243 23.9 18.5071
      vertex 3.27661 23.9 18.2943
    endloop
  endfacet
  facet normal 0 -1 0
    outer loop
      vertex 7.41243 23.9 18.5071
      vertex 3.4641 23.9 18
      vertex 7.37237 23.9 18.4104
    endloop
  endfacet
  facet normal 0 -1 0
    outer loop
      vertex 7.37237 23.9 18.4104
      vertex 3.4641 23.9 18
      vertex 7.34089 23.9 18.3106
    endloop
  endfacet
  facet normal 0 -1 0
    outer loop
      vertex 3.62523 23.9 17.6905
      vertex 7.34089 23.9 18.3106
      vertex 3.4641 23.9 18
    endloop
  endfacet
  facet normal 0 -1 0
    outer loop
      vertex 7.34089 23.9 18.3106
      vertex 3.62523 23.9 17.6905
      vertex 7.31823 23.9 18.2084
    endloop
  endfacet
  facet normal 0 -1 0
    outer loop
      vertex 7.31823 23.9 18.2084
      vertex 3.62523 23.9 17.6905
      vertex 7.30457 23.9 18.1046
    endloop
  endfacet
  facet normal 0 -1 0
    outer loop
      vertex 3.75877 23.9 17.3681
      vertex 7.30457 23.9 18.1046
      vertex 3.62523 23.9 17.6905
    endloop
  endfacet
  facet normal 0 -1 0
    outer loop
      vertex 7.30457 23.9 18.1046
      vertex 3.75877 23.9 17.3681
      vertex 7.3 23.9 18
    endloop
  endfacet
  facet normal 0 -1 0
    outer loop
      vertex 3.8637 23.9 17.0353
      vertex 7.3 23.9 18
      vertex 3.75877 23.9 17.3681
    endloop
  endfacet
  facet normal 0 -1 0
    outer loop
      vertex 3.93923 23.9 16.6946
      vertex 7.3 23.9 18
      vertex 3.8637 23.9 17.0353
    endloop
  endfacet
  facet normal 0 -1 0
    outer loop
      vertex 3.98478 23.9 16.3486
      vertex 7.3 23.9 18
      vertex 3.93923 23.9 16.6946
    endloop
  endfacet
  facet normal 0 -1 0
    outer loop
      vertex 4 23.9 16
      vertex 7.3 23.9 18
      vertex 3.98478 23.9 16.3486
    endloop
  endfacet
  facet normal 0 -1 0
    outer loop
      vertex 7.3 23.9 14
      vertex 4 23.9 16
      vertex 3.98478 23.9 15.6514
    endloop
  endfacet
  facet normal 0 -1 0
    outer loop
      vertex 7.3 23.9 14
      vertex 3.98478 23.9 15.6514
      vertex 3.93923 23.9 15.3054
    endloop
  endfacet
  facet normal 0 -1 0
    outer loop
      vertex 7.3 23.9 14
      vertex 3.93923 23.9 15.3054
      vertex 3.8637 23.9 14.9647
    endloop
  endfacet
  facet normal 0 -1 0
    outer loop
      vertex 7.3 23.9 14
      vertex 3.8637 23.9 14.9647
      vertex 3.75877 23.9 14.6319
    endloop
  endfacet
  facet normal 0 -1 0
    outer loop
      vertex 7.30457 23.9 13.8954
      vertex 3.75877 23.9 14.6319
      vertex 3.62523 23.9 14.3095
    endloop
  endfacet
  facet normal 0 -1 0
    outer loop
      vertex 7.34089 23.9 13.6894
      vertex 3.62523 23.9 14.3095
      vertex 3.4641 23.9 14
    endloop
  endfacet
  facet normal 0 -1 0
    outer loop
      vertex 4 23.9 16
      vertex 7.3 23.9 14
      vertex 7.3 23.9 18
    endloop
  endfacet
  facet normal 0 -1 0
    outer loop
      vertex 3.75877 23.9 14.6319
      vertex 7.30457 23.9 13.8954
      vertex 7.3 23.9 14
    endloop
  endfacet
  facet normal 0 -1 0
    outer loop
      vertex 3.62523 23.9 14.3095
      vertex 7.31823 23.9 13.7916
      vertex 7.30457 23.9 13.8954
    endloop
  endfacet
  facet normal 0 -1 0
    outer loop
      vertex 7.41243 23.9 13.4929
      vertex 3.4641 23.9 14
      vertex 3.27661 23.9 13.7057
    endloop
  endfacet
  facet normal 0 -1 0
    outer loop
      vertex 3.62523 23.9 14.3095
      vertex 7.34089 23.9 13.6894
      vertex 7.31823 23.9 13.7916
    endloop
  endfacet
  facet normal 0 -1 0
    outer loop
      vertex 3.4641 23.9 14
      vertex 7.37237 23.9 13.5896
      vertex 7.34089 23.9 13.6894
    endloop
  endfacet
  facet normal 0 -1 0
    outer loop
      vertex 3.4641 23.9 14
      vertex 7.41243 23.9 13.4929
      vertex 7.37237 23.9 13.5896
    endloop
  endfacet
  facet normal 0 -1 0
    outer loop
      vertex 7.46077 23.9 13.4
      vertex 3.27661 23.9 13.7057
      vertex 3.06418 23.9 13.4288
    endloop
  endfacet
  facet normal 0 -1 0
    outer loop
      vertex 3.27661 23.9 13.7057
      vertex 7.46077 23.9 13.4
      vertex 7.41243 23.9 13.4929
    endloop
  endfacet
  facet normal 0 -1 0
    outer loop
      vertex 3.06418 23.9 13.4288
      vertex 7.51702 23.9 13.3117
      vertex 7.46077 23.9 13.4
    endloop
  endfacet
  facet normal 0 -1 0
    outer loop
      vertex 3.06418 23.9 13.4288
      vertex 7.58075 23.9 13.2287
      vertex 7.51702 23.9 13.3117
    endloop
  endfacet
  facet normal 0 -1 0
    outer loop
      vertex 2.82843 23.9 13.1716
      vertex 7.58075 23.9 13.2287
      vertex 3.06418 23.9 13.4288
    endloop
  endfacet
  facet normal 0 -1 0
    outer loop
      vertex 2.82843 23.9 13.1716
      vertex 7.65147 23.9 13.1515
      vertex 7.58075 23.9 13.2287
    endloop
  endfacet
  facet normal 0 -1 0
    outer loop
      vertex 2 23.9 11
      vertex 7.65147 23.9 13.1515
      vertex 2.82843 23.9 13.1716
    endloop
  endfacet
  facet normal 0 -1 -0
    outer loop
      vertex 7.65147 23.9 13.1515
      vertex 2 23.9 11
      vertex 7.72865 23.9 13.0807
    endloop
  endfacet
  facet normal 0 -1 -0
    outer loop
      vertex 7.72865 23.9 13.0807
      vertex 2 23.9 11
      vertex 7.81171 23.9 13.017
    endloop
  endfacet
  facet normal 0 -1 0
    outer loop
      vertex 2 23.9 11
      vertex 2.82843 23.9 13.1716
      vertex 2.57115 23.9 12.9358
    endloop
  endfacet
  facet normal 0 -1 -0
    outer loop
      vertex 7.81171 23.9 13.017
      vertex 2 23.9 11
      vertex 7.9 23.9 12.9608
    endloop
  endfacet
  facet normal 0 -1 -0
    outer loop
      vertex 7.9 23.9 12.9608
      vertex 2 23.9 11
      vertex 7.99286 23.9 12.9124
    endloop
  endfacet
  facet normal 0 -1 -0
    outer loop
      vertex 7.99286 23.9 12.9124
      vertex 2 23.9 11
      vertex 8.08958 23.9 12.8724
    endloop
  endfacet
  facet normal 0 -1 -0
    outer loop
      vertex 8.08958 23.9 12.8724
      vertex 2 23.9 11
      vertex 8.18942 23.9 12.8409
    endloop
  endfacet
  facet normal 0 -1 -0
    outer loop
      vertex 8.18942 23.9 12.8409
      vertex 2 23.9 11
      vertex 8.29162 23.9 12.8182
    endloop
  endfacet
  facet normal 0 -1 0
    outer loop
      vertex 14 23.9 4
      vertex 8.29162 23.9 12.8182
      vertex 2 23.9 11
    endloop
  endfacet
  facet normal 0 -1 0
    outer loop
      vertex 2 23.9 11
      vertex 2.57115 23.9 12.9358
      vertex 2.2943 23.9 12.7234
    endloop
  endfacet
  facet normal 0 -1 0
    outer loop
      vertex -14 23.9 28
      vertex -2 23.9 26.5
      vertex 14 23.9 28
    endloop
  endfacet
  facet normal 0 -1 0
    outer loop
      vertex -8.39541 23.9 19.1954
      vertex -2 23.9 26.5
      vertex -14 23.9 28
    endloop
  endfacet
  facet normal 0 -1 0
    outer loop
      vertex -7.99286 23.9 19.0876
      vertex -2 23.9 26.5
      vertex -8.08958 23.9 19.1276
    endloop
  endfacet
  facet normal 0 -1 0
    outer loop
      vertex -8.39541 23.9 19.1954
      vertex -14 23.9 28
      vertex -8.5 23.9 19.2
    endloop
  endfacet
  facet normal 0 -1 0
    outer loop
      vertex -14 23.9 28
      vertex -8.60459 23.9 19.1954
      vertex -8.5 23.9 19.2
    endloop
  endfacet
  facet normal 0 -1 0
    outer loop
      vertex -14 23.9 28
      vertex -8.70838 23.9 19.1818
      vertex -8.60459 23.9 19.1954
    endloop
  endfacet
  facet normal 0 -1 0
    outer loop
      vertex -14 23.9 28
      vertex -8.81058 23.9 19.1591
      vertex -8.70838 23.9 19.1818
    endloop
  endfacet
  facet normal 0 -1 0
    outer loop
      vertex -14 23.9 28
      vertex -8.91042 23.9 19.1276
      vertex -8.81058 23.9 19.1591
    endloop
  endfacet
  facet normal 0 -1 0
    outer loop
      vertex -14 23.9 28
      vertex -9.00714 23.9 19.0876
      vertex -8.91042 23.9 19.1276
    endloop
  endfacet
  facet normal 0 -1 0
    outer loop
      vertex -14 23.9 28
      vertex -9.1 23.9 19.0392
      vertex -9.00714 23.9 19.0876
    endloop
  endfacet
  facet normal 0 -1 0
    outer loop
      vertex -14 23.9 28
      vertex -9.18829 23.9 18.983
      vertex -9.1 23.9 19.0392
    endloop
  endfacet
  facet normal 0 -1 0
    outer loop
      vertex -14 23.9 28
      vertex -9.27134 23.9 18.9193
      vertex -9.18829 23.9 18.983
    endloop
  endfacet
  facet normal 0 -1 0
    outer loop
      vertex -14 23.9 28
      vertex -9.34853 23.9 18.8485
      vertex -9.27134 23.9 18.9193
    endloop
  endfacet
  facet normal 0 -1 0
    outer loop
      vertex -14 23.9 28
      vertex -9.41925 23.9 18.7713
      vertex -9.34853 23.9 18.8485
    endloop
  endfacet
  facet normal 0 -1 0
    outer loop
      vertex -14 23.9 28
      vertex -9.48298 23.9 18.6883
      vertex -9.41925 23.9 18.7713
    endloop
  endfacet
  facet normal 0 -1 0
    outer loop
      vertex -14 23.9 28
      vertex -9.53923 23.9 18.6
      vertex -9.48298 23.9 18.6883
    endloop
  endfacet
  facet normal 0 -1 0
    outer loop
      vertex -14 23.9 28
      vertex -9.58757 23.9 18.5071
      vertex -9.53923 23.9 18.6
    endloop
  endfacet
  facet normal 0 -1 0
    outer loop
      vertex -14 23.9 28
      vertex -9.62763 23.9 18.4104
      vertex -9.58757 23.9 18.5071
    endloop
  endfacet
  facet normal 0 -1 0
    outer loop
      vertex -14 23.9 28
      vertex -9.65911 23.9 18.3106
      vertex -9.62763 23.9 18.4104
    endloop
  endfacet
  facet normal 0 -1 0
    outer loop
      vertex -14 23.9 28
      vertex -9.68177 23.9 18.2084
      vertex -9.65911 23.9 18.3106
    endloop
  endfacet
  facet normal 0 -1 0
    outer loop
      vertex -14 23.9 28
      vertex -9.69543 23.9 18.1046
      vertex -9.68177 23.9 18.2084
    endloop
  endfacet
  facet normal 0 -1 0
    outer loop
      vertex -14 23.9 28
      vertex -9.7 23.9 18
      vertex -9.69543 23.9 18.1046
    endloop
  endfacet
  facet normal 0 -1 0
    outer loop
      vertex -14 23.9 28
      vertex -9.7 23.9 14
      vertex -9.7 23.9 18
    endloop
  endfacet
  facet normal 0 -1 0
    outer loop
      vertex -14 23.9 4
      vertex -9.7 23.9 14
      vertex -14 23.9 28
    endloop
  endfacet
  facet normal 0 -1 -0
    outer loop
      vertex -9.7 23.9 14
      vertex -14 23.9 4
      vertex -9.69543 23.9 13.8954
    endloop
  endfacet
  facet normal 0 -1 -0
    outer loop
      vertex -9.69543 23.9 13.8954
      vertex -14 23.9 4
      vertex -9.68177 23.9 13.7916
    endloop
  endfacet
  facet normal 0 -1 0
    outer loop
      vertex -7.99286 23.9 12.9124
      vertex -2 23.9 12.5359
      vertex -2.2943 23.9 12.7234
    endloop
  endfacet
  facet normal 0 -1 0
    outer loop
      vertex -8.39541 23.9 12.8046
      vertex -2 23.9 11
      vertex -2 23.9 12.5359
    endloop
  endfacet
  facet normal 0 -1 0
    outer loop
      vertex -14 23.9 4
      vertex -8.5 23.9 12.8
      vertex -8.60459 23.9 12.8046
    endloop
  endfacet
  facet normal 0 -1 0
    outer loop
      vertex -14 23.9 4
      vertex -8.60459 23.9 12.8046
      vertex -8.70838 23.9 12.8182
    endloop
  endfacet
  facet normal 0 -1 0
    outer loop
      vertex -14 23.9 4
      vertex -8.70838 23.9 12.8182
      vertex -8.81058 23.9 12.8409
    endloop
  endfacet
  facet normal 0 -1 -0
    outer loop
      vertex -2 23.9 11
      vertex -14 23.9 4
      vertex 2 23.9 11
    endloop
  endfacet
  facet normal 0 -1 -0
    outer loop
      vertex -8.39541 23.9 12.8046
      vertex -14 23.9 4
      vertex -2 23.9 11
    endloop
  endfacet
  facet normal 0 -1 -0
    outer loop
      vertex -8.91042 23.9 12.8724
      vertex -14 23.9 4
      vertex -8.81058 23.9 12.8409
    endloop
  endfacet
  facet normal 0 -1 -0
    outer loop
      vertex -9.00714 23.9 12.9124
      vertex -14 23.9 4
      vertex -8.91042 23.9 12.8724
    endloop
  endfacet
  facet normal 0 -1 -0
    outer loop
      vertex -9.1 23.9 12.9608
      vertex -14 23.9 4
      vertex -9.00714 23.9 12.9124
    endloop
  endfacet
  facet normal 0 -1 -0
    outer loop
      vertex -9.18829 23.9 13.017
      vertex -14 23.9 4
      vertex -9.1 23.9 12.9608
    endloop
  endfacet
  facet normal 0 -1 -0
    outer loop
      vertex -9.27134 23.9 13.0807
      vertex -14 23.9 4
      vertex -9.18829 23.9 13.017
    endloop
  endfacet
  facet normal 0 -1 -0
    outer loop
      vertex -9.34853 23.9 13.1515
      vertex -14 23.9 4
      vertex -9.27134 23.9 13.0807
    endloop
  endfacet
  facet normal 0 -1 -0
    outer loop
      vertex -9.41925 23.9 13.2287
      vertex -14 23.9 4
      vertex -9.34853 23.9 13.1515
    endloop
  endfacet
  facet normal 0 -1 -0
    outer loop
      vertex -9.48298 23.9 13.3117
      vertex -14 23.9 4
      vertex -9.41925 23.9 13.2287
    endloop
  endfacet
  facet normal 0 -1 -0
    outer loop
      vertex -9.53923 23.9 13.4
      vertex -14 23.9 4
      vertex -9.48298 23.9 13.3117
    endloop
  endfacet
  facet normal 0 -1 -0
    outer loop
      vertex -9.58757 23.9 13.4929
      vertex -14 23.9 4
      vertex -9.53923 23.9 13.4
    endloop
  endfacet
  facet normal 0 -1 -0
    outer loop
      vertex -9.62763 23.9 13.5896
      vertex -14 23.9 4
      vertex -9.58757 23.9 13.4929
    endloop
  endfacet
  facet normal 0 -1 -0
    outer loop
      vertex -9.65911 23.9 13.6894
      vertex -14 23.9 4
      vertex -9.62763 23.9 13.5896
    endloop
  endfacet
  facet normal 0 -1 -0
    outer loop
      vertex -9.68177 23.9 13.7916
      vertex -14 23.9 4
      vertex -9.65911 23.9 13.6894
    endloop
  endfacet
  facet normal 0 -1 0
    outer loop
      vertex 2 23.9 26.5
      vertex 14 23.9 28
      vertex -2 23.9 26.5
    endloop
  endfacet
  facet normal 0 -1 0
    outer loop
      vertex 2.2943 23.9 19.2766
      vertex 2 23.9 26.5
      vertex 2 23.9 19.4641
    endloop
  endfacet
  facet normal 0 -1 0
    outer loop
      vertex 7.9 23.9 19.0392
      vertex 2 23.9 26.5
      vertex 2.2943 23.9 19.2766
    endloop
  endfacet
  facet normal 0 -1 0
    outer loop
      vertex 2 23.9 26.5
      vertex 8.5 23.9 19.2
      vertex 14 23.9 28
    endloop
  endfacet
  facet normal 0 -1 0
    outer loop
      vertex 8.60459 23.9 19.1954
      vertex 14 23.9 28
      vertex 8.5 23.9 19.2
    endloop
  endfacet
  facet normal 0 -1 0
    outer loop
      vertex 8.70838 23.9 19.1818
      vertex 14 23.9 28
      vertex 8.60459 23.9 19.1954
    endloop
  endfacet
  facet normal 0 -1 0
    outer loop
      vertex 8.81058 23.9 19.1591
      vertex 14 23.9 28
      vertex 8.70838 23.9 19.1818
    endloop
  endfacet
  facet normal 0 -1 0
    outer loop
      vertex 8.91042 23.9 19.1276
      vertex 14 23.9 28
      vertex 8.81058 23.9 19.1591
    endloop
  endfacet
  facet normal 0 -1 0
    outer loop
      vertex 9.00714 23.9 19.0876
      vertex 14 23.9 28
      vertex 8.91042 23.9 19.1276
    endloop
  endfacet
  facet normal 0 -1 0
    outer loop
      vertex 9.1 23.9 19.0392
      vertex 14 23.9 28
      vertex 9.00714 23.9 19.0876
    endloop
  endfacet
  facet normal 0 -1 0
    outer loop
      vertex 9.18829 23.9 18.983
      vertex 14 23.9 28
      vertex 9.1 23.9 19.0392
    endloop
  endfacet
  facet normal 0 -1 0
    outer loop
      vertex 9.27134 23.9 18.9193
      vertex 14 23.9 28
      vertex 9.18829 23.9 18.983
    endloop
  endfacet
  facet normal 0 -1 0
    outer loop
      vertex 9.34853 23.9 18.8485
      vertex 14 23.9 28
      vertex 9.27134 23.9 18.9193
    endloop
  endfacet
  facet normal 0 -1 0
    outer loop
      vertex 9.41925 23.9 18.7713
      vertex 14 23.9 28
      vertex 9.34853 23.9 18.8485
    endloop
  endfacet
  facet normal 0 -1 0
    outer loop
      vertex 9.48298 23.9 18.6883
      vertex 14 23.9 28
      vertex 9.41925 23.9 18.7713
    endloop
  endfacet
  facet normal 0 -1 0
    outer loop
      vertex 9.53923 23.9 18.6
      vertex 14 23.9 28
      vertex 9.48298 23.9 18.6883
    endloop
  endfacet
  facet normal 0 -1 0
    outer loop
      vertex 9.58757 23.9 18.5071
      vertex 14 23.9 28
      vertex 9.53923 23.9 18.6
    endloop
  endfacet
  facet normal 0 -1 0
    outer loop
      vertex 9.62763 23.9 18.4104
      vertex 14 23.9 28
      vertex 9.58757 23.9 18.5071
    endloop
  endfacet
  facet normal 0 -1 0
    outer loop
      vertex 9.65911 23.9 18.3106
      vertex 14 23.9 28
      vertex 9.62763 23.9 18.4104
    endloop
  endfacet
  facet normal 0 -1 0
    outer loop
      vertex 9.68177 23.9 18.2084
      vertex 14 23.9 28
      vertex 9.65911 23.9 18.3106
    endloop
  endfacet
  facet normal 0 -1 0
    outer loop
      vertex 9.69543 23.9 18.1046
      vertex 14 23.9 28
      vertex 9.68177 23.9 18.2084
    endloop
  endfacet
  facet normal 0 -1 0
    outer loop
      vertex 9.7 23.9 18
      vertex 14 23.9 28
      vertex 9.69543 23.9 18.1046
    endloop
  endfacet
  facet normal 0 -1 0
    outer loop
      vertex 9.7 23.9 14
      vertex 14 23.9 28
      vertex 9.7 23.9 18
    endloop
  endfacet
  facet normal 0 -1 0
    outer loop
      vertex 14 23.9 4
      vertex 9.7 23.9 14
      vertex 9.69543 23.9 13.8954
    endloop
  endfacet
  facet normal 0 -1 0
    outer loop
      vertex 14 23.9 4
      vertex 9.69543 23.9 13.8954
      vertex 9.68177 23.9 13.7916
    endloop
  endfacet
  facet normal 0 -1 0
    outer loop
      vertex 14 23.9 4
      vertex 9.68177 23.9 13.7916
      vertex 9.65911 23.9 13.6894
    endloop
  endfacet
  facet normal 0 -1 0
    outer loop
      vertex 2 23.9 11
      vertex 2.2943 23.9 12.7234
      vertex 2 23.9 12.5359
    endloop
  endfacet
  facet normal 0 -1 0
    outer loop
      vertex 8.29162 23.9 12.8182
      vertex 14 23.9 4
      vertex 8.39541 23.9 12.8046
    endloop
  endfacet
  facet normal 0 -1 0
    outer loop
      vertex 8.39541 23.9 12.8046
      vertex 14 23.9 4
      vertex 8.5 23.9 12.8
    endloop
  endfacet
  facet normal 0 -1 0
    outer loop
      vertex 8.5 23.9 12.8
      vertex 14 23.9 4
      vertex 8.60459 23.9 12.8046
    endloop
  endfacet
  facet normal 0 -1 0
    outer loop
      vertex 8.60459 23.9 12.8046
      vertex 14 23.9 4
      vertex 8.70838 23.9 12.8182
    endloop
  endfacet
  facet normal 0 -1 0
    outer loop
      vertex 14 23.9 4
      vertex 2 23.9 11
      vertex -14 23.9 4
    endloop
  endfacet
  facet normal 0 -1 0
    outer loop
      vertex 8.70838 23.9 12.8182
      vertex 14 23.9 4
      vertex 8.81058 23.9 12.8409
    endloop
  endfacet
  facet normal 0 -1 0
    outer loop
      vertex 9.7 23.9 14
      vertex 14 23.9 4
      vertex 14 23.9 28
    endloop
  endfacet
  facet normal 0 -1 0
    outer loop
      vertex 9.62763 23.9 13.5896
      vertex 14 23.9 4
      vertex 9.65911 23.9 13.6894
    endloop
  endfacet
  facet normal 0 -1 0
    outer loop
      vertex 9.58757 23.9 13.4929
      vertex 14 23.9 4
      vertex 9.62763 23.9 13.5896
    endloop
  endfacet
  facet normal 0 -1 0
    outer loop
      vertex 9.53923 23.9 13.4
      vertex 14 23.9 4
      vertex 9.58757 23.9 13.4929
    endloop
  endfacet
  facet normal 0 -1 0
    outer loop
      vertex 9.48298 23.9 13.3117
      vertex 14 23.9 4
      vertex 9.53923 23.9 13.4
    endloop
  endfacet
  facet normal 0 -1 0
    outer loop
      vertex 9.41925 23.9 13.2287
      vertex 14 23.9 4
      vertex 9.48298 23.9 13.3117
    endloop
  endfacet
  facet normal 0 -1 0
    outer loop
      vertex 9.34853 23.9 13.1515
      vertex 14 23.9 4
      vertex 9.41925 23.9 13.2287
    endloop
  endfacet
  facet normal 0 -1 0
    outer loop
      vertex 9.27134 23.9 13.0807
      vertex 14 23.9 4
      vertex 9.34853 23.9 13.1515
    endloop
  endfacet
  facet normal 0 -1 0
    outer loop
      vertex 9.18829 23.9 13.017
      vertex 14 23.9 4
      vertex 9.27134 23.9 13.0807
    endloop
  endfacet
  facet normal 0 -1 0
    outer loop
      vertex 9.1 23.9 12.9608
      vertex 14 23.9 4
      vertex 9.18829 23.9 13.017
    endloop
  endfacet
  facet normal 0 -1 0
    outer loop
      vertex 9.00714 23.9 12.9124
      vertex 14 23.9 4
      vertex 9.1 23.9 12.9608
    endloop
  endfacet
  facet normal 0 -1 0
    outer loop
      vertex 8.91042 23.9 12.8724
      vertex 14 23.9 4
      vertex 9.00714 23.9 12.9124
    endloop
  endfacet
  facet normal 0 -1 0
    outer loop
      vertex 8.81058 23.9 12.8409
      vertex 14 23.9 4
      vertex 8.91042 23.9 12.8724
    endloop
  endfacet
  facet normal 0 -1 0
    outer loop
      vertex -2 23.9 26.5
      vertex -8.39541 23.9 19.1954
      vertex -8.29162 23.9 19.1818
    endloop
  endfacet
  facet normal 0 -1 0
    outer loop
      vertex -2 23.9 26.5
      vertex -8.29162 23.9 19.1818
      vertex -8.18942 23.9 19.1591
    endloop
  endfacet
  facet normal 0 -1 0
    outer loop
      vertex -2 23.9 26.5
      vertex -8.18942 23.9 19.1591
      vertex -8.08958 23.9 19.1276
    endloop
  endfacet
  facet normal 0 -1 0
    outer loop
      vertex -7.9 23.9 19.0392
      vertex -2 23.9 26.5
      vertex -7.99286 23.9 19.0876
    endloop
  endfacet
  facet normal 0 -1 -0
    outer loop
      vertex -2 23.9 26.5
      vertex -2.2943 23.9 19.2766
      vertex -2 23.9 19.4641
    endloop
  endfacet
  facet normal 0 -1 0
    outer loop
      vertex -2 23.9 26.5
      vertex -7.9 23.9 19.0392
      vertex -2.2943 23.9 19.2766
    endloop
  endfacet
  facet normal 0 -1 0
    outer loop
      vertex -7.81171 23.9 18.983
      vertex -2.2943 23.9 19.2766
      vertex -7.9 23.9 19.0392
    endloop
  endfacet
  facet normal 0 -1 0
    outer loop
      vertex -2.2943 23.9 19.2766
      vertex -7.81171 23.9 18.983
      vertex -2.57115 23.9 19.0642
    endloop
  endfacet
  facet normal 0 -1 0
    outer loop
      vertex -7.72865 23.9 18.9193
      vertex -2.57115 23.9 19.0642
      vertex -7.81171 23.9 18.983
    endloop
  endfacet
  facet normal 0 -1 0
    outer loop
      vertex -2.82843 23.9 18.8284
      vertex -7.72865 23.9 18.9193
      vertex -7.65147 23.9 18.8485
    endloop
  endfacet
  facet normal 0 -1 0
    outer loop
      vertex -7.72865 23.9 18.9193
      vertex -2.82843 23.9 18.8284
      vertex -2.57115 23.9 19.0642
    endloop
  endfacet
  facet normal 0 -1 0
    outer loop
      vertex -7.58075 23.9 18.7713
      vertex -2.82843 23.9 18.8284
      vertex -7.65147 23.9 18.8485
    endloop
  endfacet
  facet normal 0 -1 0
    outer loop
      vertex -3.06418 23.9 18.5711
      vertex -7.58075 23.9 18.7713
      vertex -7.51702 23.9 18.6883
    endloop
  endfacet
  facet normal 0 -1 0
    outer loop
      vertex -3.06418 23.9 18.5711
      vertex -7.51702 23.9 18.6883
      vertex -7.46077 23.9 18.6
    endloop
  endfacet
  facet normal 0 -1 0
    outer loop
      vertex -7.58075 23.9 18.7713
      vertex -3.06418 23.9 18.5711
      vertex -2.82843 23.9 18.8284
    endloop
  endfacet
  facet normal 0 -1 0
    outer loop
      vertex -3.27661 23.9 18.2943
      vertex -7.46077 23.9 18.6
      vertex -7.41243 23.9 18.5071
    endloop
  endfacet
  facet normal 0 -1 0
    outer loop
      vertex -3.4641 23.9 18
      vertex -7.41243 23.9 18.5071
      vertex -7.37237 23.9 18.4104
    endloop
  endfacet
  facet normal 0 -1 0
    outer loop
      vertex -3.4641 23.9 18
      vertex -7.37237 23.9 18.4104
      vertex -7.34089 23.9 18.3106
    endloop
  endfacet
  facet normal 0 -1 0
    outer loop
      vertex -7.46077 23.9 18.6
      vertex -3.27661 23.9 18.2943
      vertex -3.06418 23.9 18.5711
    endloop
  endfacet
  facet normal 0 -1 0
    outer loop
      vertex -3.62523 23.9 17.6905
      vertex -7.34089 23.9 18.3106
      vertex -7.31823 23.9 18.2084
    endloop
  endfacet
  facet normal 0 -1 0
    outer loop
      vertex -3.62523 23.9 17.6905
      vertex -7.31823 23.9 18.2084
      vertex -7.30457 23.9 18.1046
    endloop
  endfacet
  facet normal 0 -1 0
    outer loop
      vertex -3.75877 23.9 17.3681
      vertex -7.30457 23.9 18.1046
      vertex -7.3 23.9 18
    endloop
  endfacet
  facet normal 0 -1 0
    outer loop
      vertex -7.41243 23.9 18.5071
      vertex -3.4641 23.9 18
      vertex -3.27661 23.9 18.2943
    endloop
  endfacet
  facet normal 0 -1 0
    outer loop
      vertex -7.34089 23.9 18.3106
      vertex -3.62523 23.9 17.6905
      vertex -3.4641 23.9 18
    endloop
  endfacet
  facet normal 0 -1 0
    outer loop
      vertex -7.30457 23.9 18.1046
      vertex -3.75877 23.9 17.3681
      vertex -3.62523 23.9 17.6905
    endloop
  endfacet
  facet normal 0 -1 0
    outer loop
      vertex -7.3 23.9 18
      vertex -3.8637 23.9 17.0353
      vertex -3.75877 23.9 17.3681
    endloop
  endfacet
  facet normal 0 -1 0
    outer loop
      vertex -7.3 23.9 18
      vertex -3.93923 23.9 16.6946
      vertex -3.8637 23.9 17.0353
    endloop
  endfacet
  facet normal 0 -1 0
    outer loop
      vertex -7.3 23.9 18
      vertex -3.98478 23.9 16.3486
      vertex -3.93923 23.9 16.6946
    endloop
  endfacet
  facet normal 0 -1 0
    outer loop
      vertex -7.3 23.9 18
      vertex -4 23.9 16
      vertex -3.98478 23.9 16.3486
    endloop
  endfacet
  facet normal 0 -1 0
    outer loop
      vertex -7.3 23.9 14
      vertex -4 23.9 16
      vertex -7.3 23.9 18
    endloop
  endfacet
  facet normal 0 -1 -0
    outer loop
      vertex -4 23.9 16
      vertex -7.3 23.9 14
      vertex -3.98478 23.9 15.6514
    endloop
  endfacet
  facet normal 0 -1 -0
    outer loop
      vertex -3.98478 23.9 15.6514
      vertex -7.3 23.9 14
      vertex -3.93923 23.9 15.3054
    endloop
  endfacet
  facet normal 0 -1 -0
    outer loop
      vertex -3.93923 23.9 15.3054
      vertex -7.3 23.9 14
      vertex -3.8637 23.9 14.9647
    endloop
  endfacet
  facet normal 0 -1 -0
    outer loop
      vertex -3.8637 23.9 14.9647
      vertex -7.3 23.9 14
      vertex -3.75877 23.9 14.6319
    endloop
  endfacet
  facet normal 0 -1 0
    outer loop
      vertex -7.30457 23.9 13.8954
      vertex -3.75877 23.9 14.6319
      vertex -7.3 23.9 14
    endloop
  endfacet
  facet normal 0 -1 -0
    outer loop
      vertex -3.75877 23.9 14.6319
      vertex -7.30457 23.9 13.8954
      vertex -3.62523 23.9 14.3095
    endloop
  endfacet
  facet normal 0 -1 0
    outer loop
      vertex -7.31823 23.9 13.7916
      vertex -3.62523 23.9 14.3095
      vertex -7.30457 23.9 13.8954
    endloop
  endfacet
  facet normal 0 -1 0
    outer loop
      vertex -7.34089 23.9 13.6894
      vertex -3.62523 23.9 14.3095
      vertex -7.31823 23.9 13.7916
    endloop
  endfacet
  facet normal 0 -1 -0
    outer loop
      vertex -3.62523 23.9 14.3095
      vertex -7.34089 23.9 13.6894
      vertex -3.4641 23.9 14
    endloop
  endfacet
  facet normal 0 -1 0
    outer loop
      vertex -7.37237 23.9 13.5896
      vertex -3.4641 23.9 14
      vertex -7.34089 23.9 13.6894
    endloop
  endfacet
  facet normal 0 -1 0
    outer loop
      vertex -7.41243 23.9 13.4929
      vertex -3.4641 23.9 14
      vertex -7.37237 23.9 13.5896
    endloop
  endfacet
  facet normal 0 -1 -0
    outer loop
      vertex -3.4641 23.9 14
      vertex -7.41243 23.9 13.4929
      vertex -3.27661 23.9 13.7057
    endloop
  endfacet
  facet normal 0 -1 0
    outer loop
      vertex -7.46077 23.9 13.4
      vertex -3.27661 23.9 13.7057
      vertex -7.41243 23.9 13.4929
    endloop
  endfacet
  facet normal 0 -1 -0
    outer loop
      vertex -3.27661 23.9 13.7057
      vertex -7.46077 23.9 13.4
      vertex -3.06418 23.9 13.4288
    endloop
  endfacet
  facet normal 0 -1 0
    outer loop
      vertex -7.51702 23.9 13.3117
      vertex -3.06418 23.9 13.4288
      vertex -7.46077 23.9 13.4
    endloop
  endfacet
  facet normal 0 -1 0
    outer loop
      vertex -7.58075 23.9 13.2287
      vertex -3.06418 23.9 13.4288
      vertex -7.51702 23.9 13.3117
    endloop
  endfacet
  facet normal 0 -1 0
    outer loop
      vertex -7.58075 23.9 13.2287
      vertex -2.82843 23.9 13.1716
      vertex -3.06418 23.9 13.4288
    endloop
  endfacet
  facet normal 0 -1 0
    outer loop
      vertex -7.65147 23.9 13.1515
      vertex -2.82843 23.9 13.1716
      vertex -7.58075 23.9 13.2287
    endloop
  endfacet
  facet normal 0 -1 0
    outer loop
      vertex -7.72865 23.9 13.0807
      vertex -2.82843 23.9 13.1716
      vertex -7.65147 23.9 13.1515
    endloop
  endfacet
  facet normal 0 -1 0
    outer loop
      vertex -2.57115 23.9 12.9358
      vertex -7.72865 23.9 13.0807
      vertex -7.81171 23.9 13.017
    endloop
  endfacet
  facet normal 0 -1 0
    outer loop
      vertex -2.2943 23.9 12.7234
      vertex -7.81171 23.9 13.017
      vertex -7.9 23.9 12.9608
    endloop
  endfacet
  facet normal 0 -1 0
    outer loop
      vertex -7.72865 23.9 13.0807
      vertex -2.57115 23.9 12.9358
      vertex -2.82843 23.9 13.1716
    endloop
  endfacet
  facet normal 0 -1 0
    outer loop
      vertex -2.2943 23.9 12.7234
      vertex -7.9 23.9 12.9608
      vertex -7.99286 23.9 12.9124
    endloop
  endfacet
  facet normal 0 -1 0
    outer loop
      vertex -2 23.9 12.5359
      vertex -7.99286 23.9 12.9124
      vertex -8.08958 23.9 12.8724
    endloop
  endfacet
  facet normal 0 -1 0
    outer loop
      vertex -2 23.9 12.5359
      vertex -8.08958 23.9 12.8724
      vertex -8.18942 23.9 12.8409
    endloop
  endfacet
  facet normal 0 -1 0
    outer loop
      vertex -2 23.9 12.5359
      vertex -8.18942 23.9 12.8409
      vertex -8.29162 23.9 12.8182
    endloop
  endfacet
  facet normal 0 -1 0
    outer loop
      vertex -2 23.9 12.5359
      vertex -8.29162 23.9 12.8182
      vertex -8.39541 23.9 12.8046
    endloop
  endfacet
  facet normal 0 -1 0
    outer loop
      vertex -14 23.9 4
      vertex -8.39541 23.9 12.8046
      vertex -8.5 23.9 12.8
    endloop
  endfacet
  facet normal 0 -1 0
    outer loop
      vertex -7.81171 23.9 13.017
      vertex -2.2943 23.9 12.7234
      vertex -2.57115 23.9 12.9358
    endloop
  endfacet
  facet normal -0.991446 0 0.130521
    outer loop
      vertex 3.93923 23.9 15.3054
      vertex 3.98478 27.9 15.6514
      vertex 3.93923 27.9 15.3054
    endloop
  endfacet
  facet normal -0.991446 0 0.130521
    outer loop
      vertex 3.98478 27.9 15.6514
      vertex 3.93923 23.9 15.3054
      vertex 3.98478 23.9 15.6514
    endloop
  endfacet
  facet normal -0.999048 0 0.0436188
    outer loop
      vertex 3.98478 23.9 15.6514
      vertex 4 27.9 16
      vertex 3.98478 27.9 15.6514
    endloop
  endfacet
  facet normal -0.999048 0 0.0436188
    outer loop
      vertex 4 27.9 16
      vertex 3.98478 23.9 15.6514
      vertex 4 23.9 16
    endloop
  endfacet
  facet normal -0.976297 0 0.216436
    outer loop
      vertex 3.8637 23.9 14.9647
      vertex 3.93923 27.9 15.3054
      vertex 3.8637 27.9 14.9647
    endloop
  endfacet
  facet normal -0.976297 0 0.216436
    outer loop
      vertex 3.93923 27.9 15.3054
      vertex 3.8637 23.9 14.9647
      vertex 3.93923 23.9 15.3054
    endloop
  endfacet
  facet normal 0.843391 0 -0.5373
    outer loop
      vertex -3.27661 23.9 18.2943
      vertex -3.4641 27.9 18
      vertex -3.27661 27.9 18.2943
    endloop
  endfacet
  facet normal 0.843391 0 -0.5373
    outer loop
      vertex -3.4641 27.9 18
      vertex -3.27661 23.9 18.2943
      vertex -3.4641 23.9 18
    endloop
  endfacet
  facet normal -0.737178 0 0.675699
    outer loop
      vertex 2.82843 23.9 13.1716
      vertex 3.06418 27.9 13.4288
      vertex 2.82843 27.9 13.1716
    endloop
  endfacet
  facet normal -0.737178 0 0.675699
    outer loop
      vertex 3.06418 27.9 13.4288
      vertex 2.82843 23.9 13.1716
      vertex 3.06418 23.9 13.4288
    endloop
  endfacet
  facet normal 0.793413 -0 0.608684
    outer loop
      vertex -3.27661 23.9 13.7057
      vertex -3.06418 27.9 13.4288
      vertex -3.27661 27.9 13.7057
    endloop
  endfacet
  facet normal 0.793413 0 0.608684
    outer loop
      vertex -3.06418 27.9 13.4288
      vertex -3.27661 23.9 13.7057
      vertex -3.06418 23.9 13.4288
    endloop
  endfacet
  facet normal 0.953718 -0 0.300702
    outer loop
      vertex -3.8637 23.9 14.9647
      vertex -3.75877 27.9 14.6319
      vertex -3.8637 27.9 14.9647
    endloop
  endfacet
  facet normal 0.953718 0 0.300702
    outer loop
      vertex -3.75877 27.9 14.6319
      vertex -3.8637 23.9 14.9647
      vertex -3.75877 23.9 14.6319
    endloop
  endfacet
  facet normal -0.886994 0 0.461781
    outer loop
      vertex 3.4641 23.9 14
      vertex 3.62523 27.9 14.3095
      vertex 3.4641 27.9 14
    endloop
  endfacet
  facet normal -0.886994 0 0.461781
    outer loop
      vertex 3.62523 27.9 14.3095
      vertex 3.4641 23.9 14
      vertex 3.62523 23.9 14.3095
    endloop
  endfacet
  facet normal -0.608699 0 0.793401
    outer loop
      vertex 2.2943 27.9 12.7234
      vertex 2.57115 23.9 12.9358
      vertex 2.57115 27.9 12.9358
    endloop
  endfacet
  facet normal -0.608699 0 0.793401
    outer loop
      vertex 2.57115 23.9 12.9358
      vertex 2.2943 27.9 12.7234
      vertex 2.2943 23.9 12.7234
    endloop
  endfacet
  facet normal 0.923882 0 -0.382677
    outer loop
      vertex -3.62523 23.9 17.6905
      vertex -3.75877 27.9 17.3681
      vertex -3.62523 27.9 17.6905
    endloop
  endfacet
  facet normal 0.923882 0 -0.382677
    outer loop
      vertex -3.75877 27.9 17.3681
      vertex -3.62523 23.9 17.6905
      vertex -3.75877 23.9 17.3681
    endloop
  endfacet
  facet normal -0.793306 0 -0.608823
    outer loop
      vertex 3.27661 23.9 18.2943
      vertex 3.06418 27.9 18.5711
      vertex 3.27661 27.9 18.2943
    endloop
  endfacet
  facet normal -0.793306 -0 -0.608823
    outer loop
      vertex 3.06418 27.9 18.5711
      vertex 3.27661 23.9 18.2943
      vertex 3.06418 23.9 18.5711
    endloop
  endfacet
  facet normal -0.793413 0 0.608684
    outer loop
      vertex 3.06418 23.9 13.4288
      vertex 3.27661 27.9 13.7057
      vertex 3.06418 27.9 13.4288
    endloop
  endfacet
  facet normal -0.793413 0 0.608684
    outer loop
      vertex 3.27661 27.9 13.7057
      vertex 3.06418 23.9 13.4288
      vertex 3.27661 23.9 13.7057
    endloop
  endfacet
  facet normal -0.976297 0 -0.216436
    outer loop
      vertex 3.93923 23.9 16.6946
      vertex 3.8637 27.9 17.0353
      vertex 3.93923 27.9 16.6946
    endloop
  endfacet
  facet normal -0.976297 -0 -0.216436
    outer loop
      vertex 3.8637 27.9 17.0353
      vertex 3.93923 23.9 16.6946
      vertex 3.8637 23.9 17.0353
    endloop
  endfacet
  facet normal 0.793306 0 -0.608823
    outer loop
      vertex -3.06418 23.9 18.5711
      vertex -3.27661 27.9 18.2943
      vertex -3.06418 27.9 18.5711
    endloop
  endfacet
  facet normal 0.793306 0 -0.608823
    outer loop
      vertex -3.27661 27.9 18.2943
      vertex -3.06418 23.9 18.5711
      vertex -3.27661 23.9 18.2943
    endloop
  endfacet
  facet normal -0.53732 0 0.843378
    outer loop
      vertex 2 27.9 12.5359
      vertex 2.2943 23.9 12.7234
      vertex 2.2943 27.9 12.7234
    endloop
  endfacet
  facet normal -0.53732 0 0.843378
    outer loop
      vertex 2.2943 23.9 12.7234
      vertex 2 27.9 12.5359
      vertex 2 23.9 12.5359
    endloop
  endfacet
  facet normal 0.675662 0 0.737211
    outer loop
      vertex -2.82843 27.9 13.1716
      vertex -2.57115 23.9 12.9358
      vertex -2.57115 27.9 12.9358
    endloop
  endfacet
  facet normal 0.675662 0 0.737211
    outer loop
      vertex -2.57115 23.9 12.9358
      vertex -2.82843 27.9 13.1716
      vertex -2.82843 23.9 13.1716
    endloop
  endfacet
  facet normal -0.953718 0 0.300702
    outer loop
      vertex 3.75877 23.9 14.6319
      vertex 3.8637 27.9 14.9647
      vertex 3.75877 27.9 14.6319
    endloop
  endfacet
  facet normal -0.953718 0 0.300702
    outer loop
      vertex 3.8637 27.9 14.9647
      vertex 3.75877 23.9 14.6319
      vertex 3.8637 23.9 14.9647
    endloop
  endfacet
  facet normal 0.608699 0 0.793401
    outer loop
      vertex -2.57115 27.9 12.9358
      vertex -2.2943 23.9 12.7234
      vertex -2.2943 27.9 12.7234
    endloop
  endfacet
  facet normal 0.608699 0 0.793401
    outer loop
      vertex -2.2943 23.9 12.7234
      vertex -2.57115 27.9 12.9358
      vertex -2.57115 23.9 12.9358
    endloop
  endfacet
  facet normal -0.923882 0 -0.382677
    outer loop
      vertex 3.75877 23.9 17.3681
      vertex 3.62523 27.9 17.6905
      vertex 3.75877 27.9 17.3681
    endloop
  endfacet
  facet normal -0.923882 -0 -0.382677
    outer loop
      vertex 3.62523 27.9 17.6905
      vertex 3.75877 23.9 17.3681
      vertex 3.62523 23.9 17.6905
    endloop
  endfacet
  facet normal 0.991446 -0 0.130521
    outer loop
      vertex -3.98478 23.9 15.6514
      vertex -3.93923 27.9 15.3054
      vertex -3.98478 27.9 15.6514
    endloop
  endfacet
  facet normal 0.991446 0 0.130521
    outer loop
      vertex -3.93923 27.9 15.3054
      vertex -3.98478 23.9 15.6514
      vertex -3.93923 23.9 15.3054
    endloop
  endfacet
  facet normal 0.53732 0 -0.843378
    outer loop
      vertex -2.2943 23.9 19.2766
      vertex -2 27.9 19.4641
      vertex -2 23.9 19.4641
    endloop
  endfacet
  facet normal 0.53732 0 -0.843378
    outer loop
      vertex -2 27.9 19.4641
      vertex -2.2943 23.9 19.2766
      vertex -2.2943 27.9 19.2766
    endloop
  endfacet
  facet normal 0.976297 -0 0.216436
    outer loop
      vertex -3.93923 23.9 15.3054
      vertex -3.8637 27.9 14.9647
      vertex -3.93923 27.9 15.3054
    endloop
  endfacet
  facet normal 0.976297 0 0.216436
    outer loop
      vertex -3.8637 27.9 14.9647
      vertex -3.93923 23.9 15.3054
      vertex -3.8637 23.9 14.9647
    endloop
  endfacet
  facet normal 0.886994 -0 0.461781
    outer loop
      vertex -3.62523 23.9 14.3095
      vertex -3.4641 27.9 14
      vertex -3.62523 27.9 14.3095
    endloop
  endfacet
  facet normal 0.886994 0 0.461781
    outer loop
      vertex -3.4641 27.9 14
      vertex -3.62523 23.9 14.3095
      vertex -3.4641 23.9 14
    endloop
  endfacet
  facet normal 0.976297 0 -0.216436
    outer loop
      vertex -3.8637 23.9 17.0353
      vertex -3.93923 27.9 16.6946
      vertex -3.8637 27.9 17.0353
    endloop
  endfacet
  facet normal 0.976297 0 -0.216436
    outer loop
      vertex -3.93923 27.9 16.6946
      vertex -3.8637 23.9 17.0353
      vertex -3.93923 23.9 16.6946
    endloop
  endfacet
  facet normal -0.608699 0 -0.793401
    outer loop
      vertex 2.2943 23.9 19.2766
      vertex 2.57115 27.9 19.0642
      vertex 2.57115 23.9 19.0642
    endloop
  endfacet
  facet normal -0.608699 0 -0.793401
    outer loop
      vertex 2.57115 27.9 19.0642
      vertex 2.2943 23.9 19.2766
      vertex 2.2943 27.9 19.2766
    endloop
  endfacet
  facet normal -0.953718 0 -0.300702
    outer loop
      vertex 3.8637 23.9 17.0353
      vertex 3.75877 27.9 17.3681
      vertex 3.8637 27.9 17.0353
    endloop
  endfacet
  facet normal -0.953718 -0 -0.300702
    outer loop
      vertex 3.75877 27.9 17.3681
      vertex 3.8637 23.9 17.0353
      vertex 3.75877 23.9 17.3681
    endloop
  endfacet
  facet normal -0.843391 0 -0.5373
    outer loop
      vertex 3.4641 23.9 18
      vertex 3.27661 27.9 18.2943
      vertex 3.4641 27.9 18
    endloop
  endfacet
  facet normal -0.843391 -0 -0.5373
    outer loop
      vertex 3.27661 27.9 18.2943
      vertex 3.4641 23.9 18
      vertex 3.27661 23.9 18.2943
    endloop
  endfacet
  facet normal 0.675662 0 -0.737211
    outer loop
      vertex -2.82843 23.9 18.8284
      vertex -2.57115 27.9 19.0642
      vertex -2.57115 23.9 19.0642
    endloop
  endfacet
  facet normal 0.675662 0 -0.737211
    outer loop
      vertex -2.57115 27.9 19.0642
      vertex -2.82843 23.9 18.8284
      vertex -2.82843 27.9 18.8284
    endloop
  endfacet
  facet normal -0.923882 0 0.382677
    outer loop
      vertex 3.62523 23.9 14.3095
      vertex 3.75877 27.9 14.6319
      vertex 3.62523 27.9 14.3095
    endloop
  endfacet
  facet normal -0.923882 0 0.382677
    outer loop
      vertex 3.75877 27.9 14.6319
      vertex 3.62523 23.9 14.3095
      vertex 3.75877 23.9 14.6319
    endloop
  endfacet
  facet normal -0.999048 0 -0.0436188
    outer loop
      vertex 4 23.9 16
      vertex 3.98478 27.9 16.3486
      vertex 4 27.9 16
    endloop
  endfacet
  facet normal -0.999048 -0 -0.0436188
    outer loop
      vertex 3.98478 27.9 16.3486
      vertex 4 23.9 16
      vertex 3.98478 23.9 16.3486
    endloop
  endfacet
  facet normal 0.608699 0 -0.793401
    outer loop
      vertex -2.57115 23.9 19.0642
      vertex -2.2943 27.9 19.2766
      vertex -2.2943 23.9 19.2766
    endloop
  endfacet
  facet normal 0.608699 0 -0.793401
    outer loop
      vertex -2.2943 27.9 19.2766
      vertex -2.57115 23.9 19.0642
      vertex -2.57115 27.9 19.0642
    endloop
  endfacet
  facet normal -0.991446 0 -0.130521
    outer loop
      vertex 3.98478 23.9 16.3486
      vertex 3.93923 27.9 16.6946
      vertex 3.98478 27.9 16.3486
    endloop
  endfacet
  facet normal -0.991446 -0 -0.130521
    outer loop
      vertex 3.93923 27.9 16.6946
      vertex 3.98478 23.9 16.3486
      vertex 3.93923 23.9 16.6946
    endloop
  endfacet
  facet normal 0.737178 -0 0.675699
    outer loop
      vertex -3.06418 23.9 13.4288
      vertex -2.82843 27.9 13.1716
      vertex -3.06418 27.9 13.4288
    endloop
  endfacet
  facet normal 0.737178 0 0.675699
    outer loop
      vertex -2.82843 27.9 13.1716
      vertex -3.06418 23.9 13.4288
      vertex -2.82843 23.9 13.1716
    endloop
  endfacet
  facet normal -0.53732 0 -0.843378
    outer loop
      vertex 2 23.9 19.4641
      vertex 2.2943 27.9 19.2766
      vertex 2.2943 23.9 19.2766
    endloop
  endfacet
  facet normal -0.53732 0 -0.843378
    outer loop
      vertex 2.2943 27.9 19.2766
      vertex 2 23.9 19.4641
      vertex 2 27.9 19.4641
    endloop
  endfacet
  facet normal 0.843391 -0 0.5373
    outer loop
      vertex -3.4641 23.9 14
      vertex -3.27661 27.9 13.7057
      vertex -3.4641 27.9 14
    endloop
  endfacet
  facet normal 0.843391 0 0.5373
    outer loop
      vertex -3.27661 27.9 13.7057
      vertex -3.4641 23.9 14
      vertex -3.27661 23.9 13.7057
    endloop
  endfacet
  facet normal 0.999048 0 -0.0436188
    outer loop
      vertex -3.98478 23.9 16.3486
      vertex -4 27.9 16
      vertex -3.98478 27.9 16.3486
    endloop
  endfacet
  facet normal 0.999048 0 -0.0436188
    outer loop
      vertex -4 27.9 16
      vertex -3.98478 23.9 16.3486
      vertex -4 23.9 16
    endloop
  endfacet
  facet normal 0.886994 0 -0.461781
    outer loop
      vertex -3.4641 23.9 18
      vertex -3.62523 27.9 17.6905
      vertex -3.4641 27.9 18
    endloop
  endfacet
  facet normal 0.886994 0 -0.461781
    outer loop
      vertex -3.62523 27.9 17.6905
      vertex -3.4641 23.9 18
      vertex -3.62523 23.9 17.6905
    endloop
  endfacet
  facet normal 0.953718 0 -0.300702
    outer loop
      vertex -3.75877 23.9 17.3681
      vertex -3.8637 27.9 17.0353
      vertex -3.75877 27.9 17.3681
    endloop
  endfacet
  facet normal 0.953718 0 -0.300702
    outer loop
      vertex -3.8637 27.9 17.0353
      vertex -3.75877 23.9 17.3681
      vertex -3.8637 23.9 17.0353
    endloop
  endfacet
  facet normal 0.737309 0 -0.675556
    outer loop
      vertex -2.82843 23.9 18.8284
      vertex -3.06418 27.9 18.5711
      vertex -2.82843 27.9 18.8284
    endloop
  endfacet
  facet normal 0.737309 0 -0.675556
    outer loop
      vertex -3.06418 27.9 18.5711
      vertex -2.82843 23.9 18.8284
      vertex -3.06418 23.9 18.5711
    endloop
  endfacet
  facet normal -0.675662 0 0.737211
    outer loop
      vertex 2.57115 27.9 12.9358
      vertex 2.82843 23.9 13.1716
      vertex 2.82843 27.9 13.1716
    endloop
  endfacet
  facet normal -0.675662 0 0.737211
    outer loop
      vertex 2.82843 23.9 13.1716
      vertex 2.57115 27.9 12.9358
      vertex 2.57115 23.9 12.9358
    endloop
  endfacet
  facet normal 0.991446 0 -0.130521
    outer loop
      vertex -3.93923 23.9 16.6946
      vertex -3.98478 27.9 16.3486
      vertex -3.93923 27.9 16.6946
    endloop
  endfacet
  facet normal 0.991446 0 -0.130521
    outer loop
      vertex -3.98478 27.9 16.3486
      vertex -3.93923 23.9 16.6946
      vertex -3.98478 23.9 16.3486
    endloop
  endfacet
  facet normal -0.886994 0 -0.461781
    outer loop
      vertex 3.62523 23.9 17.6905
      vertex 3.4641 27.9 18
      vertex 3.62523 27.9 17.6905
    endloop
  endfacet
  facet normal -0.886994 -0 -0.461781
    outer loop
      vertex 3.4641 27.9 18
      vertex 3.62523 23.9 17.6905
      vertex 3.4641 23.9 18
    endloop
  endfacet
  facet normal 0.53732 0 0.843378
    outer loop
      vertex -2.2943 27.9 12.7234
      vertex -2 23.9 12.5359
      vertex -2 27.9 12.5359
    endloop
  endfacet
  facet normal 0.53732 0 0.843378
    outer loop
      vertex -2 23.9 12.5359
      vertex -2.2943 27.9 12.7234
      vertex -2.2943 23.9 12.7234
    endloop
  endfacet
  facet normal -0.843391 0 0.5373
    outer loop
      vertex 3.27661 23.9 13.7057
      vertex 3.4641 27.9 14
      vertex 3.27661 27.9 13.7057
    endloop
  endfacet
  facet normal -0.843391 0 0.5373
    outer loop
      vertex 3.4641 27.9 14
      vertex 3.27661 23.9 13.7057
      vertex 3.4641 23.9 14
    endloop
  endfacet
  facet normal 0.923882 -0 0.382677
    outer loop
      vertex -3.75877 23.9 14.6319
      vertex -3.62523 27.9 14.3095
      vertex -3.75877 27.9 14.6319
    endloop
  endfacet
  facet normal 0.923882 0 0.382677
    outer loop
      vertex -3.62523 27.9 14.3095
      vertex -3.75877 23.9 14.6319
      vertex -3.62523 23.9 14.3095
    endloop
  endfacet
  facet normal 0.999048 -0 0.0436188
    outer loop
      vertex -4 23.9 16
      vertex -3.98478 27.9 15.6514
      vertex -4 27.9 16
    endloop
  endfacet
  facet normal 0.999048 0 0.0436188
    outer loop
      vertex -3.98478 27.9 15.6514
      vertex -4 23.9 16
      vertex -3.98478 23.9 15.6514
    endloop
  endfacet
  facet normal -0.737309 0 -0.675556
    outer loop
      vertex 3.06418 23.9 18.5711
      vertex 2.82843 27.9 18.8284
      vertex 3.06418 27.9 18.5711
    endloop
  endfacet
  facet normal -0.737309 -0 -0.675556
    outer loop
      vertex 2.82843 27.9 18.8284
      vertex 3.06418 23.9 18.5711
      vertex 2.82843 23.9 18.8284
    endloop
  endfacet
  facet normal -0.675662 0 -0.737211
    outer loop
      vertex 2.57115 23.9 19.0642
      vertex 2.82843 27.9 18.8284
      vertex 2.82843 23.9 18.8284
    endloop
  endfacet
  facet normal -0.675662 0 -0.737211
    outer loop
      vertex 2.82843 27.9 18.8284
      vertex 2.57115 23.9 19.0642
      vertex 2.57115 27.9 19.0642
    endloop
  endfacet
  facet normal 0 -0.600002 -0.799999
    outer loop
      vertex -2 19.5637 8.25224
      vertex 2 23.9 5
      vertex 2 19.5637 8.25224
    endloop
  endfacet
  facet normal -0 -0.600002 -0.799999
    outer loop
      vertex 2 23.9 5
      vertex -2 19.5637 8.25224
      vertex -2 23.9 5
    endloop
  endfacet
  facet normal 0 1 -0
    outer loop
      vertex 2 23.9 5
      vertex -2 23.9 11
      vertex 2 23.9 11
    endloop
  endfacet
  facet normal 0 1 0
    outer loop
      vertex -2 23.9 11
      vertex 2 23.9 5
      vertex -2 23.9 5
    endloop
  endfacet
  facet normal 0 -0.599981 0.800014
    outer loop
      vertex -2 23.9 27
      vertex 2 23.2333 26.5
      vertex 2 23.9 27
    endloop
  endfacet
  facet normal 0 -0.599981 0.800014
    outer loop
      vertex 2 23.2333 26.5
      vertex -2 23.9 27
      vertex -2 23.2333 26.5
    endloop
  endfacet
  facet normal -1.90564e-05 -0.600002 0.799999
    outer loop
      vertex 2 22.6169 26.0377
      vertex 1.5 19.1 23.4
      vertex 2 15.9 21
    endloop
  endfacet
  facet normal 0 -0.600004 0.799997
    outer loop
      vertex 2 22.6169 26.0377
      vertex -1.5 19.1 23.4
      vertex 1.5 19.1 23.4
    endloop
  endfacet
  facet normal 0 -0.600004 0.799997
    outer loop
      vertex -2 22.6169 26.0377
      vertex -1.5 19.1 23.4
      vertex 2 22.6169 26.0377
    endloop
  endfacet
  facet normal 1.90564e-05 -0.600002 0.799999
    outer loop
      vertex -2 15.9 21
      vertex -1.5 19.1 23.4
      vertex -2 22.6169 26.0377
    endloop
  endfacet
  facet normal 0 -0.6 0.8
    outer loop
      vertex -1.5 19.1 23.4
      vertex -2 15.9 21
      vertex -1.5 15.9 21
    endloop
  endfacet
  facet normal 0 -0.6 0.8
    outer loop
      vertex 2 15.9 21
      vertex 1.5 19.1 23.4
      vertex 1.5 15.9 21
    endloop
  endfacet
  facet normal 0 1 -0
    outer loop
      vertex 2 23.9 26.5
      vertex -2 23.9 27
      vertex 2 23.9 27
    endloop
  endfacet
  facet normal 0 1 0
    outer loop
      vertex -2 23.9 27
      vertex 2 23.9 26.5
      vertex -2 23.9 26.5
    endloop
  endfacet
  facet normal 6.45273e-05 -0.852838 0.522176
    outer loop
      vertex -2 3 -6
      vertex -1.43259 4 -4.36683
      vertex -1.5 3.97851 -4.40192
    endloop
  endfacet
  facet normal 0 -0.852828 0.522192
    outer loop
      vertex -1.43259 4 -4.36683
      vertex -2 3 -6
      vertex 1.43259 4 -4.36683
    endloop
  endfacet
  facet normal -1.02309e-05 -0.852828 0.522193
    outer loop
      vertex -2 3 -6
      vertex -1.5 3.97851 -4.40192
      vertex -1.72073 3.89241 -4.54254
    endloop
  endfacet
  facet normal 0 -0.852828 0.522192
    outer loop
      vertex 2 3 -6
      vertex 1.43259 4 -4.36683
      vertex -2 3 -6
    endloop
  endfacet
  facet normal -4.11759e-05 -0.852825 0.522197
    outer loop
      vertex -2 3 -6
      vertex -1.72073 3.89241 -4.54254
      vertex -1.92836 3.79486 -4.70187
    endloop
  endfacet
  facet normal -6.45273e-05 -0.852838 0.522176
    outer loop
      vertex 1.43259 4 -4.36683
      vertex 2 3 -6
      vertex 1.5 3.97851 -4.40192
    endloop
  endfacet
  facet normal 9.86703e-05 -0.852828 0.522191
    outer loop
      vertex -2 3 -6
      vertex -1.92836 3.79486 -4.70187
      vertex -2 3.75466 -4.76751
    endloop
  endfacet
  facet normal 1.02309e-05 -0.852828 0.522193
    outer loop
      vertex 1.5 3.97851 -4.40192
      vertex 2 3 -6
      vertex 1.72073 3.89241 -4.54254
    endloop
  endfacet
  facet normal 4.11759e-05 -0.852825 0.522197
    outer loop
      vertex 1.72073 3.89241 -4.54254
      vertex 2 3 -6
      vertex 1.92836 3.79486 -4.70187
    endloop
  endfacet
  facet normal -9.86703e-05 -0.852828 0.522191
    outer loop
      vertex 1.92836 3.79486 -4.70187
      vertex 2 3 -6
      vertex 2 3.75466 -4.76751
    endloop
  endfacet
  facet normal 0 -0.852803 0.522233
    outer loop
      vertex -2 22.6169 26.0377
      vertex 2 22.9 26.5
      vertex -2 22.9 26.5
    endloop
  endfacet
  facet normal 0 -0.852803 0.522233
    outer loop
      vertex 2 22.9 26.5
      vertex -2 22.6169 26.0377
      vertex 2 22.6169 26.0377
    endloop
  endfacet
  facet normal 0 -0.852829 0.522191
    outer loop
      vertex -2 8 2.16583
      vertex -1.5 13.4092 11
      vertex -2 13.4092 11
    endloop
  endfacet
  facet normal 0 -0.852829 0.522191
    outer loop
      vertex -1.5 13.4092 11
      vertex -2 8 2.16583
      vertex -1.5 8 2.16583
    endloop
  endfacet
  facet normal 0 -0.852829 0.522191
    outer loop
      vertex 1.5 8 2.16583
      vertex 2 13.4092 11
      vertex 1.5 13.4092 11
    endloop
  endfacet
  facet normal 0 -0.852829 0.522191
    outer loop
      vertex 2 13.4092 11
      vertex 1.5 8 2.16583
      vertex 2 8 2.16583
    endloop
  endfacet
  facet normal 0 -1 0
    outer loop
      vertex -2 3 -9
      vertex 2 3 -6
      vertex -2 3 -6
    endloop
  endfacet
  facet normal 0 -1 -0
    outer loop
      vertex 2 3 -6
      vertex -2 3 -9
      vertex 2 3 -9
    endloop
  endfacet
  facet normal 0 0.852827 -0.522194
    outer loop
      vertex 2 9 -9
      vertex -2 19.5637 8.25224
      vertex 2 19.5637 8.25224
    endloop
  endfacet
  facet normal 0 0.852827 -0.522194
    outer loop
      vertex -2 19.5637 8.25224
      vertex 2 9 -9
      vertex -2 9 -9
    endloop
  endfacet
  facet normal 0 1 -0
    outer loop
      vertex 2 28.9 25
      vertex -2 28.9 26.5
      vertex 2 28.9 26.5
    endloop
  endfacet
  facet normal 0 1 0
    outer loop
      vertex -2 28.9 26.5
      vertex 2 28.9 25
      vertex -2 28.9 25
    endloop
  endfacet
  facet normal 0 0 -1
    outer loop
      vertex -2 3 -9
      vertex 2 4 -9
      vertex 2 3 -9
    endloop
  endfacet
  facet normal -0 0 -1
    outer loop
      vertex 2 4 -9
      vertex -2 3 -9
      vertex -2 4 -9
    endloop
  endfacet
  facet normal 0 0 -1
    outer loop
      vertex -2 8 -9
      vertex 2 9 -9
      vertex 2 8 -9
    endloop
  endfacet
  facet normal -0 0 -1
    outer loop
      vertex 2 9 -9
      vertex -2 8 -9
      vertex -2 9 -9
    endloop
  endfacet
  facet normal -0 0 1
    outer loop
      vertex -2 23.2333 26.5
      vertex 2 22.9 26.5
      vertex 2 23.2333 26.5
    endloop
  endfacet
  facet normal 0 0 1
    outer loop
      vertex 2 22.9 26.5
      vertex -2 23.2333 26.5
      vertex -2 22.9 26.5
    endloop
  endfacet
  facet normal -0 0 1
    outer loop
      vertex -2 28.9 26.5
      vertex 2 28.5 26.5
      vertex 2 28.9 26.5
    endloop
  endfacet
  facet normal 0 0 1
    outer loop
      vertex 2 28.5 26.5
      vertex -2 28.9 26.5
      vertex -2 28.5 26.5
    endloop
  endfacet
  facet normal -0 0 1
    outer loop
      vertex -2 28 26.5
      vertex 2 27.9 26.5
      vertex 2 28 26.5
    endloop
  endfacet
  facet normal 0 0 1
    outer loop
      vertex 2 27.9 26.5
      vertex -2 28 26.5
      vertex -2 27.9 26.5
    endloop
  endfacet
  facet normal 1 0 0
    outer loop
      vertex 6 32.3 16
      vertex 6 35.2 16
      vertex 6 35.2 16.4
    endloop
  endfacet
  facet normal 1 0 0
    outer loop
      vertex 6 32.3 16
      vertex 6 35.2 16.4
      vertex 6 32.3 16.4
    endloop
  endfacet
  facet normal 1 0 0
    outer loop
      vertex 6 35.2 16
      vertex 6 32.3 16
      vertex 6 35.2 15.6
    endloop
  endfacet
  facet normal 1 0 0
    outer loop
      vertex 6 35.2 15.6
      vertex 6 32.3 16
      vertex 6 32.3 15.6
    endloop
  endfacet
  facet normal 0 -1 0
    outer loop
      vertex 5.98715 32.3 16.3924
      vertex 6 32.3 16.4
      vertex 5.98641 32.3 16.4
    endloop
  endfacet
  facet normal 0 -1 -0
    outer loop
      vertex 6 32.3 16.4
      vertex 5.98715 32.3 16.3924
      vertex 6 32.3 16
    endloop
  endfacet
  facet normal 0 -1 0
    outer loop
      vertex 5.98715 32.3 15.6076
      vertex 6 32.3 15.6
      vertex 6 32.3 16
    endloop
  endfacet
  facet normal 0 -1 0
    outer loop
      vertex 6 32.3 15.6
      vertex 5.98715 32.3 15.6076
      vertex 5.98641 32.3 15.6
    endloop
  endfacet
  facet normal 0 1 0
    outer loop
      vertex 6 35.2 16.4
      vertex 5.98715 35.2 16.3924
      vertex 5.98641 35.2 16.4
    endloop
  endfacet
  facet normal -0 1 0
    outer loop
      vertex 5.98715 35.2 16.3924
      vertex 6 35.2 16.4
      vertex 6 35.2 16
    endloop
  endfacet
  facet normal 0 1 -0
    outer loop
      vertex 6 35.2 15.6
      vertex 5.98715 35.2 15.6076
      vertex 6 35.2 16
    endloop
  endfacet
  facet normal 0 1 0
    outer loop
      vertex 5.98715 35.2 15.6076
      vertex 6 35.2 15.6
      vertex 5.98641 35.2 15.6
    endloop
  endfacet
  facet normal -0 0 1
    outer loop
      vertex 5.98641 35.2 16.4
      vertex 6 32.3 16.4
      vertex 6 35.2 16.4
    endloop
  endfacet
  facet normal 0 0 1
    outer loop
      vertex 6 32.3 16.4
      vertex 5.98641 35.2 16.4
      vertex 5.98641 32.3 16.4
    endloop
  endfacet
  facet normal 0 0 -1
    outer loop
      vertex 5.98641 32.3 15.6
      vertex 6 35.2 15.6
      vertex 6 32.3 15.6
    endloop
  endfacet
  facet normal -0 0 -1
    outer loop
      vertex 6 35.2 15.6
      vertex 5.98641 32.3 15.6
      vertex 5.98641 35.2 15.6
    endloop
  endfacet
  facet normal 0 -1 0
    outer loop
      vertex 5.68158 32.3 17.9286
      vertex 5.69203 32.3 17.9393
      vertex 5.6789 32.3 17.9358
    endloop
  endfacet
  facet normal 0 -1 0
    outer loop
      vertex 5.79555 32.3 17.5529
      vertex 5.69203 32.3 17.9393
      vertex 5.68158 32.3 17.9286
    endloop
  endfacet
  facet normal 0 -1 0
    outer loop
      vertex 5.79555 32.3 17.5529
      vertex 5.89908 32.3 17.1665
      vertex 5.69203 32.3 17.9393
    endloop
  endfacet
  facet normal 0 -1 0
    outer loop
      vertex 5.88471 32.3 17.1705
      vertex 5.89908 32.3 17.1665
      vertex 5.79555 32.3 17.5529
    endloop
  endfacet
  facet normal -0 -1 0
    outer loop
      vertex 5.89908 32.3 17.1665
      vertex 5.88471 32.3 17.1705
      vertex 5.88595 32.3 17.163
    endloop
  endfacet
  facet normal -0.257571 0 0.966259
    outer loop
      vertex 5.6789 35.2 17.9358
      vertex 5.69203 32.3 17.9393
      vertex 5.69203 35.2 17.9393
    endloop
  endfacet
  facet normal -0.257571 0 0.966259
    outer loop
      vertex 5.69203 32.3 17.9393
      vertex 5.6789 35.2 17.9358
      vertex 5.6789 32.3 17.9358
    endloop
  endfacet
  facet normal 0 1 0
    outer loop
      vertex 5.69203 35.2 17.9393
      vertex 5.68158 35.2 17.9286
      vertex 5.6789 35.2 17.9358
    endloop
  endfacet
  facet normal 0 1 0
    outer loop
      vertex 5.69203 35.2 17.9393
      vertex 5.79555 35.2 17.5529
      vertex 5.68158 35.2 17.9286
    endloop
  endfacet
  facet normal 0 1 0
    outer loop
      vertex 5.89908 35.2 17.1665
      vertex 5.79555 35.2 17.5529
      vertex 5.69203 35.2 17.9393
    endloop
  endfacet
  facet normal 0 1 0
    outer loop
      vertex 5.89908 35.2 17.1665
      vertex 5.88471 35.2 17.1705
      vertex 5.79555 35.2 17.5529
    endloop
  endfacet
  facet normal 0 1 0
    outer loop
      vertex 5.88471 35.2 17.1705
      vertex 5.89908 35.2 17.1665
      vertex 5.88595 35.2 17.163
    endloop
  endfacet
  facet normal 0.257571 0 -0.966259
    outer loop
      vertex 5.88595 32.3 17.163
      vertex 5.89908 35.2 17.1665
      vertex 5.89908 32.3 17.1665
    endloop
  endfacet
  facet normal 0.257571 0 -0.966259
    outer loop
      vertex 5.89908 35.2 17.1665
      vertex 5.88595 32.3 17.163
      vertex 5.88595 35.2 17.163
    endloop
  endfacet
  facet normal 0.965932 -0 0.258794
    outer loop
      vertex 5.69203 32.3 17.9393
      vertex 5.89908 35.2 17.1665
      vertex 5.69203 35.2 17.9393
    endloop
  endfacet
  facet normal 0.965932 0 0.258794
    outer loop
      vertex 5.89908 35.2 17.1665
      vertex 5.69203 32.3 17.9393
      vertex 5.89908 32.3 17.1665
    endloop
  endfacet
  facet normal 0 -1 0
    outer loop
      vertex 4.98882 32.3 19.3334
      vertex 4.99615 32.3 19.3464
      vertex 4.98438 32.3 19.3396
    endloop
  endfacet
  facet normal 0 -1 -0
    outer loop
      vertex 4.99615 32.3 19.3464
      vertex 4.98882 32.3 19.3334
      vertex 5.19615 32.3 19
    endloop
  endfacet
  facet normal 0 -1 0
    outer loop
      vertex 5.38124 32.3 18.6537
      vertex 5.39615 32.3 18.6536
      vertex 5.19616 32.3 19
    endloop
  endfacet
  facet normal -0 -1 0
    outer loop
      vertex 5.39615 32.3 18.6536
      vertex 5.38124 32.3 18.6537
      vertex 5.38438 32.3 18.6468
    endloop
  endfacet
  facet normal 0.866019 -0 0.500011
    outer loop
      vertex 4.99615 32.3 19.3464
      vertex 5.19615 35.2 19
      vertex 4.99615 35.2 19.3464
    endloop
  endfacet
  facet normal 0.866019 0 0.500011
    outer loop
      vertex 5.19615 35.2 19
      vertex 4.99615 32.3 19.3464
      vertex 5.19615 32.3 19
    endloop
  endfacet
  facet normal 0.86603 -0 0.499992
    outer loop
      vertex 5.19616 32.3 19
      vertex 5.39615 35.2 18.6536
      vertex 5.19616 35.2 19
    endloop
  endfacet
  facet normal 0.86603 0 0.499992
    outer loop
      vertex 5.39615 35.2 18.6536
      vertex 5.19616 32.3 19
      vertex 5.39615 32.3 18.6536
    endloop
  endfacet
  facet normal -0.500253 0 0.865879
    outer loop
      vertex 4.98438 35.2 19.3396
      vertex 4.99615 32.3 19.3464
      vertex 4.99615 35.2 19.3464
    endloop
  endfacet
  facet normal -0.500253 0 0.865879
    outer loop
      vertex 4.99615 32.3 19.3464
      vertex 4.98438 35.2 19.3396
      vertex 4.98438 32.3 19.3396
    endloop
  endfacet
  facet normal 0 1 0
    outer loop
      vertex 4.99615 35.2 19.3464
      vertex 4.98882 35.2 19.3334
      vertex 4.98438 35.2 19.3396
    endloop
  endfacet
  facet normal -0 1 0
    outer loop
      vertex 4.98882 35.2 19.3334
      vertex 4.99615 35.2 19.3464
      vertex 5.19615 35.2 19
    endloop
  endfacet
  facet normal 0 1 0
    outer loop
      vertex 5.39615 35.2 18.6536
      vertex 5.38124 35.2 18.6537
      vertex 5.19616 35.2 19
    endloop
  endfacet
  facet normal 0 1 0
    outer loop
      vertex 5.38124 35.2 18.6537
      vertex 5.39615 35.2 18.6536
      vertex 5.38438 35.2 18.6468
    endloop
  endfacet
  facet normal 0.500253 0 -0.865879
    outer loop
      vertex 5.38438 32.3 18.6468
      vertex 5.39615 35.2 18.6536
      vertex 5.39615 32.3 18.6536
    endloop
  endfacet
  facet normal 0.500253 0 -0.865879
    outer loop
      vertex 5.39615 35.2 18.6536
      vertex 5.38438 32.3 18.6468
      vertex 5.38438 35.2 18.6468
    endloop
  endfacet
  facet normal 0 -1 0
    outer loop
      vertex 3.95607 32.3 20.511
      vertex 3.9598 32.3 20.5255
      vertex 3.95019 32.3 20.5159
    endloop
  endfacet
  facet normal 0 -1 -0
    outer loop
      vertex 3.9598 32.3 20.5255
      vertex 3.95607 32.3 20.511
      vertex 4.24264 32.3 20.2426
    endloop
  endfacet
  facet normal 0 -1 0
    outer loop
      vertex 4.51104 32.3 19.9561
      vertex 4.52548 32.3 19.9598
      vertex 4.24264 32.3 20.2426
    endloop
  endfacet
  facet normal 0 -1 0
    outer loop
      vertex 4.52548 32.3 19.9598
      vertex 4.51104 32.3 19.9561
      vertex 4.51587 32.3 19.9502
    endloop
  endfacet
  facet normal 0.707182 -0 0.707032
    outer loop
      vertex 4.24264 32.3 20.2426
      vertex 4.24264 35.2 20.2426
      vertex 3.9598 35.2 20.5255
    endloop
  endfacet
  facet normal 0.707182 0 0.707032
    outer loop
      vertex 4.24264 32.3 20.2426
      vertex 3.9598 35.2 20.5255
      vertex 3.9598 32.3 20.5255
    endloop
  endfacet
  facet normal 0.707057 0 0.707157
    outer loop
      vertex 4.24264 35.2 20.2426
      vertex 4.24264 32.3 20.2426
      vertex 4.52548 35.2 19.9598
    endloop
  endfacet
  facet normal 0.707057 0 0.707157
    outer loop
      vertex 4.52548 35.2 19.9598
      vertex 4.24264 32.3 20.2426
      vertex 4.52548 32.3 19.9598
    endloop
  endfacet
  facet normal -0.706739 0 0.707475
    outer loop
      vertex 3.95019 35.2 20.5159
      vertex 3.9598 32.3 20.5255
      vertex 3.9598 35.2 20.5255
    endloop
  endfacet
  facet normal -0.706739 0 0.707475
    outer loop
      vertex 3.9598 32.3 20.5255
      vertex 3.95019 35.2 20.5159
      vertex 3.95019 32.3 20.5159
    endloop
  endfacet
  facet normal 0 1 0
    outer loop
      vertex 3.9598 35.2 20.5255
      vertex 3.95607 35.2 20.511
      vertex 3.95019 35.2 20.5159
    endloop
  endfacet
  facet normal -0 1 0
    outer loop
      vertex 3.95607 35.2 20.511
      vertex 3.9598 35.2 20.5255
      vertex 4.24264 35.2 20.2426
    endloop
  endfacet
  facet normal 0 1 0
    outer loop
      vertex 4.52548 35.2 19.9598
      vertex 4.51104 35.2 19.9561
      vertex 4.24264 35.2 20.2426
    endloop
  endfacet
  facet normal -0 1 0
    outer loop
      vertex 4.51104 35.2 19.9561
      vertex 4.52548 35.2 19.9598
      vertex 4.51587 35.2 19.9502
    endloop
  endfacet
  facet normal 0.706739 0 -0.707475
    outer loop
      vertex 4.51587 32.3 19.9502
      vertex 4.52548 35.2 19.9598
      vertex 4.52548 32.3 19.9598
    endloop
  endfacet
  facet normal 0.706739 0 -0.707475
    outer loop
      vertex 4.52548 35.2 19.9598
      vertex 4.51587 32.3 19.9502
      vertex 4.51587 35.2 19.9502
    endloop
  endfacet
  facet normal 0 -1 0
    outer loop
      vertex 2.65373 32.3 21.3812
      vertex 2.65359 32.3 21.3962
      vertex 2.64679 32.3 21.3844
    endloop
  endfacet
  facet normal 0 -1 0
    outer loop
      vertex 2.65359 32.3 21.3962
      vertex 2.65373 32.3 21.3812
      vertex 2.99999 32.3 21.1962
    endloop
  endfacet
  facet normal 0 -1 0
    outer loop
      vertex 3.33342 32.3 20.9888
      vertex 3.34641 32.3 20.9962
      vertex 3.00001 32.3 21.1961
    endloop
  endfacet
  facet normal 0 -1 0
    outer loop
      vertex 3.34641 32.3 20.9962
      vertex 3.33342 32.3 20.9888
      vertex 3.33961 32.3 20.9844
    endloop
  endfacet
  facet normal -0.86643 0 0.499299
    outer loop
      vertex 2.64679 32.3 21.3844
      vertex 2.65359 35.2 21.3962
      vertex 2.64679 35.2 21.3844
    endloop
  endfacet
  facet normal -0.86643 0 0.499299
    outer loop
      vertex 2.65359 35.2 21.3962
      vertex 2.64679 32.3 21.3844
      vertex 2.65359 32.3 21.3962
    endloop
  endfacet
  facet normal 0 1 0
    outer loop
      vertex 2.65359 35.2 21.3962
      vertex 2.65373 35.2 21.3812
      vertex 2.64679 35.2 21.3844
    endloop
  endfacet
  facet normal -0 1 -0
    outer loop
      vertex 2.65373 35.2 21.3812
      vertex 2.65359 35.2 21.3962
      vertex 2.99999 35.2 21.1962
    endloop
  endfacet
  facet normal 0 1 0
    outer loop
      vertex 3.34641 35.2 20.9962
      vertex 3.33342 35.2 20.9888
      vertex 3.00001 35.2 21.1961
    endloop
  endfacet
  facet normal -0 1 0
    outer loop
      vertex 3.33342 35.2 20.9888
      vertex 3.34641 35.2 20.9962
      vertex 3.33961 35.2 20.9844
    endloop
  endfacet
  facet normal 0.86643 0 -0.499299
    outer loop
      vertex 3.34641 32.3 20.9962
      vertex 3.33961 35.2 20.9844
      vertex 3.34641 35.2 20.9962
    endloop
  endfacet
  facet normal 0.86643 0 -0.499299
    outer loop
      vertex 3.33961 35.2 20.9844
      vertex 3.34641 32.3 20.9962
      vertex 3.33961 32.3 20.9844
    endloop
  endfacet
  facet normal 0.500011 0 0.866019
    outer loop
      vertex 2.65359 35.2 21.3962
      vertex 2.99999 32.3 21.1962
      vertex 2.99999 35.2 21.1962
    endloop
  endfacet
  facet normal 0.500011 0 0.866019
    outer loop
      vertex 2.99999 32.3 21.1962
      vertex 2.65359 35.2 21.3962
      vertex 2.65359 32.3 21.3962
    endloop
  endfacet
  facet normal 0.499823 0 0.866127
    outer loop
      vertex 3.00001 35.2 21.1961
      vertex 3.34641 32.3 20.9962
      vertex 3.34641 35.2 20.9962
    endloop
  endfacet
  facet normal 0.499823 0 0.866127
    outer loop
      vertex 3.34641 32.3 20.9962
      vertex 3.00001 35.2 21.1961
      vertex 3.00001 32.3 21.1961
    endloop
  endfacet
  facet normal 0 -1 0
    outer loop
      vertex 1.17054 32.3 21.8847
      vertex 1.16654 32.3 21.8991
      vertex 1.16302 32.3 21.886
    endloop
  endfacet
  facet normal 0 -1 0
    outer loop
      vertex 1.16654 32.3 21.8991
      vertex 1.17054 32.3 21.8847
      vertex 1.55291 32.3 21.7956
    endloop
  endfacet
  facet normal 0 -1 0
    outer loop
      vertex 1.92864 32.3 21.6816
      vertex 1.93928 32.3 21.692
      vertex 1.55291 32.3 21.7956
    endloop
  endfacet
  facet normal 0 -1 0
    outer loop
      vertex 1.93928 32.3 21.692
      vertex 1.92864 32.3 21.6816
      vertex 1.93577 32.3 21.6789
    endloop
  endfacet
  facet normal 0 1 0
    outer loop
      vertex 1.16654 32.3 21.8991
      vertex 1.55291 32.3 21.7956
      vertex 1.93928 32.3 21.692
    endloop
  endfacet
  facet normal -0.965744 0 0.259498
    outer loop
      vertex 1.16302 32.3 21.886
      vertex 1.16654 35.2 21.8991
      vertex 1.16302 35.2 21.886
    endloop
  endfacet
  facet normal -0.965744 0 0.259498
    outer loop
      vertex 1.16654 35.2 21.8991
      vertex 1.16302 32.3 21.886
      vertex 1.16654 32.3 21.8991
    endloop
  endfacet
  facet normal 0 1 0
    outer loop
      vertex 1.93928 35.2 21.692
      vertex 1.92864 35.2 21.6816
      vertex 1.55291 35.2 21.7956
    endloop
  endfacet
  facet normal -0 1 0
    outer loop
      vertex 1.92864 35.2 21.6816
      vertex 1.93928 35.2 21.692
      vertex 1.93577 35.2 21.6789
    endloop
  endfacet
  facet normal 0 1 0
    outer loop
      vertex 1.16654 35.2 21.8991
      vertex 1.17054 35.2 21.8847
      vertex 1.16302 35.2 21.886
    endloop
  endfacet
  facet normal -0 1 -0
    outer loop
      vertex 1.17054 35.2 21.8847
      vertex 1.16654 35.2 21.8991
      vertex 1.55291 35.2 21.7956
    endloop
  endfacet
  facet normal 0 -1 0
    outer loop
      vertex 1.16654 35.2 21.8991
      vertex 1.93928 35.2 21.692
      vertex 1.55291 35.2 21.7956
    endloop
  endfacet
  facet normal 0.965928 0 -0.25881
    outer loop
      vertex 1.93928 32.3 21.692
      vertex 1.93577 35.2 21.6789
      vertex 1.93928 35.2 21.692
    endloop
  endfacet
  facet normal 0.965928 0 -0.25881
    outer loop
      vertex 1.93577 35.2 21.6789
      vertex 1.93928 32.3 21.692
      vertex 1.93577 32.3 21.6789
    endloop
  endfacet
  facet normal 0.258871 0 0.965912
    outer loop
      vertex 1.16654 35.2 21.8991
      vertex 1.93928 32.3 21.692
      vertex 1.93928 35.2 21.692
    endloop
  endfacet
  facet normal 0.258871 0 0.965912
    outer loop
      vertex 1.93928 32.3 21.692
      vertex 1.16654 35.2 21.8991
      vertex 1.16654 32.3 21.8991
    endloop
  endfacet
  facet normal 0 -1 0
    outer loop
      vertex -0.4 32.3 22
      vertex -0.392418 32.3 21.9872
      vertex 0 32.3 22
    endloop
  endfacet
  facet normal -0 -1 0
    outer loop
      vertex -0.392418 32.3 21.9872
      vertex -0.4 32.3 22
      vertex -0.4 32.3 21.9864
    endloop
  endfacet
  facet normal 0 -1 0
    outer loop
      vertex 0.392418 32.3 21.9872
      vertex 0.4 32.3 22
      vertex 0 32.3 22
    endloop
  endfacet
  facet normal 0 -1 -0
    outer loop
      vertex 0.4 32.3 22
      vertex 0.392418 32.3 21.9872
      vertex 0.4 32.3 21.9864
    endloop
  endfacet
  facet normal -1 0 0
    outer loop
      vertex -0.4 32.3 21.9864
      vertex -0.4 35.2 22
      vertex -0.4 35.2 21.9864
    endloop
  endfacet
  facet normal -1 -0 0
    outer loop
      vertex -0.4 35.2 22
      vertex -0.4 32.3 21.9864
      vertex -0.4 32.3 22
    endloop
  endfacet
  facet normal 0 1 -0
    outer loop
      vertex -0.392418 35.2 21.9872
      vertex -0.4 35.2 22
      vertex 0 35.2 22
    endloop
  endfacet
  facet normal 0 1 0
    outer loop
      vertex -0.4 35.2 22
      vertex -0.392418 35.2 21.9872
      vertex -0.4 35.2 21.9864
    endloop
  endfacet
  facet normal 0 1 0
    outer loop
      vertex 0.4 35.2 22
      vertex 0.392418 35.2 21.9872
      vertex 0 35.2 22
    endloop
  endfacet
  facet normal -0 1 0
    outer loop
      vertex 0.392418 35.2 21.9872
      vertex 0.4 35.2 22
      vertex 0.4 35.2 21.9864
    endloop
  endfacet
  facet normal 1 -0 0
    outer loop
      vertex 0.4 32.3 22
      vertex 0.4 35.2 21.9864
      vertex 0.4 35.2 22
    endloop
  endfacet
  facet normal 1 0 0
    outer loop
      vertex 0.4 35.2 21.9864
      vertex 0.4 32.3 22
      vertex 0.4 32.3 21.9864
    endloop
  endfacet
  facet normal -0 0 1
    outer loop
      vertex 0 35.2 22
      vertex 0.4 32.3 22
      vertex 0.4 35.2 22
    endloop
  endfacet
  facet normal 0 0 1
    outer loop
      vertex 0 35.2 22
      vertex 0 32.3 22
      vertex 0.4 32.3 22
    endloop
  endfacet
  facet normal -0 0 1
    outer loop
      vertex -0.4 35.2 22
      vertex 0 32.3 22
      vertex 0 35.2 22
    endloop
  endfacet
  facet normal 0 0 1
    outer loop
      vertex 0 32.3 22
      vertex -0.4 35.2 22
      vertex -0.4 32.3 22
    endloop
  endfacet
  facet normal 0 -1 0
    outer loop
      vertex -1.93928 32.3 21.692
      vertex -1.92864 32.3 21.6816
      vertex -1.55291 32.3 21.7956
    endloop
  endfacet
  facet normal -0 -1 0
    outer loop
      vertex -1.92864 32.3 21.6816
      vertex -1.93928 32.3 21.692
      vertex -1.93577 32.3 21.6789
    endloop
  endfacet
  facet normal 0 -1 -0
    outer loop
      vertex -1.16654 32.3 21.8991
      vertex -1.17054 32.3 21.8847
      vertex -1.16302 32.3 21.886
    endloop
  endfacet
  facet normal -0 -1 0
    outer loop
      vertex -1.17054 32.3 21.8847
      vertex -1.16654 32.3 21.8991
      vertex -1.55291 32.3 21.7956
    endloop
  endfacet
  facet normal 0 1 0
    outer loop
      vertex -1.16654 32.3 21.8991
      vertex -1.93928 32.3 21.692
      vertex -1.55291 32.3 21.7956
    endloop
  endfacet
  facet normal -0.965928 0 -0.25881
    outer loop
      vertex -1.93577 32.3 21.6789
      vertex -1.93928 35.2 21.692
      vertex -1.93577 35.2 21.6789
    endloop
  endfacet
  facet normal -0.965928 -0 -0.25881
    outer loop
      vertex -1.93928 35.2 21.692
      vertex -1.93577 32.3 21.6789
      vertex -1.93928 32.3 21.692
    endloop
  endfacet
  facet normal 0 1 0
    outer loop
      vertex -1.17054 35.2 21.8847
      vertex -1.16654 35.2 21.8991
      vertex -1.16302 35.2 21.886
    endloop
  endfacet
  facet normal 0 1 0
    outer loop
      vertex -1.16654 35.2 21.8991
      vertex -1.17054 35.2 21.8847
      vertex -1.55291 35.2 21.7956
    endloop
  endfacet
  facet normal 0 1 -0
    outer loop
      vertex -1.92864 35.2 21.6816
      vertex -1.93928 35.2 21.692
      vertex -1.55291 35.2 21.7956
    endloop
  endfacet
  facet normal 0 1 0
    outer loop
      vertex -1.93928 35.2 21.692
      vertex -1.92864 35.2 21.6816
      vertex -1.93577 35.2 21.6789
    endloop
  endfacet
  facet normal 0 -1 0
    outer loop
      vertex -1.93928 35.2 21.692
      vertex -1.16654 35.2 21.8991
      vertex -1.55291 35.2 21.7956
    endloop
  endfacet
  facet normal 0.965744 -0 0.259498
    outer loop
      vertex -1.16654 32.3 21.8991
      vertex -1.16302 35.2 21.886
      vertex -1.16654 35.2 21.8991
    endloop
  endfacet
  facet normal 0.965744 0 0.259498
    outer loop
      vertex -1.16302 35.2 21.886
      vertex -1.16654 32.3 21.8991
      vertex -1.16302 32.3 21.886
    endloop
  endfacet
  facet normal -0.258871 0 0.965912
    outer loop
      vertex -1.93928 35.2 21.692
      vertex -1.16654 32.3 21.8991
      vertex -1.16654 35.2 21.8991
    endloop
  endfacet
  facet normal -0.258871 0 0.965912
    outer loop
      vertex -1.16654 32.3 21.8991
      vertex -1.93928 35.2 21.692
      vertex -1.93928 32.3 21.692
    endloop
  endfacet
  facet normal 0 -1 0
    outer loop
      vertex -3.34641 32.3 20.9962
      vertex -3.33342 32.3 20.9888
      vertex -3.00001 32.3 21.1961
    endloop
  endfacet
  facet normal -0 -1 0
    outer loop
      vertex -3.33342 32.3 20.9888
      vertex -3.34641 32.3 20.9962
      vertex -3.33961 32.3 20.9844
    endloop
  endfacet
  facet normal 0 -1 -0
    outer loop
      vertex -2.65359 32.3 21.3962
      vertex -2.65373 32.3 21.3812
      vertex -2.64679 32.3 21.3844
    endloop
  endfacet
  facet normal -0 -1 0
    outer loop
      vertex -2.65373 32.3 21.3812
      vertex -2.65359 32.3 21.3962
      vertex -2.99999 32.3 21.1962
    endloop
  endfacet
  facet normal -0.499823 0 0.866127
    outer loop
      vertex -3.34641 35.2 20.9962
      vertex -3.00001 32.3 21.1961
      vertex -3.00001 35.2 21.1961
    endloop
  endfacet
  facet normal -0.499823 0 0.866127
    outer loop
      vertex -3.00001 32.3 21.1961
      vertex -3.34641 35.2 20.9962
      vertex -3.34641 32.3 20.9962
    endloop
  endfacet
  facet normal -0.500011 0 0.866019
    outer loop
      vertex -2.99999 35.2 21.1962
      vertex -2.65359 32.3 21.3962
      vertex -2.65359 35.2 21.3962
    endloop
  endfacet
  facet normal -0.500011 0 0.866019
    outer loop
      vertex -2.65359 32.3 21.3962
      vertex -2.99999 35.2 21.1962
      vertex -2.99999 32.3 21.1962
    endloop
  endfacet
  facet normal -0.86643 0 -0.499299
    outer loop
      vertex -3.33961 32.3 20.9844
      vertex -3.34641 35.2 20.9962
      vertex -3.33961 35.2 20.9844
    endloop
  endfacet
  facet normal -0.86643 -0 -0.499299
    outer loop
      vertex -3.34641 35.2 20.9962
      vertex -3.33961 32.3 20.9844
      vertex -3.34641 32.3 20.9962
    endloop
  endfacet
  facet normal 0 1 -0
    outer loop
      vertex -3.33342 35.2 20.9888
      vertex -3.34641 35.2 20.9962
      vertex -3.00001 35.2 21.1961
    endloop
  endfacet
  facet normal 0 1 0
    outer loop
      vertex -3.34641 35.2 20.9962
      vertex -3.33342 35.2 20.9888
      vertex -3.33961 35.2 20.9844
    endloop
  endfacet
  facet normal 0 1 0
    outer loop
      vertex -2.65373 35.2 21.3812
      vertex -2.65359 35.2 21.3962
      vertex -2.64679 35.2 21.3844
    endloop
  endfacet
  facet normal 0 1 0
    outer loop
      vertex -2.65359 35.2 21.3962
      vertex -2.65373 35.2 21.3812
      vertex -2.99999 35.2 21.1962
    endloop
  endfacet
  facet normal 0.86643 -0 0.499299
    outer loop
      vertex -2.65359 32.3 21.3962
      vertex -2.64679 35.2 21.3844
      vertex -2.65359 35.2 21.3962
    endloop
  endfacet
  facet normal 0.86643 0 0.499299
    outer loop
      vertex -2.64679 35.2 21.3844
      vertex -2.65359 32.3 21.3962
      vertex -2.64679 32.3 21.3844
    endloop
  endfacet
  facet normal 0 -1 0
    outer loop
      vertex -4.52548 32.3 19.9598
      vertex -4.51104 32.3 19.9561
      vertex -4.24264 32.3 20.2426
    endloop
  endfacet
  facet normal -0 -1 0
    outer loop
      vertex -4.51104 32.3 19.9561
      vertex -4.52548 32.3 19.9598
      vertex -4.51587 32.3 19.9502
    endloop
  endfacet
  facet normal 0 -1 0
    outer loop
      vertex -3.9598 32.3 20.5255
      vertex -3.95607 32.3 20.511
      vertex -3.95019 32.3 20.5159
    endloop
  endfacet
  facet normal -0 -1 0
    outer loop
      vertex -3.95607 32.3 20.511
      vertex -3.9598 32.3 20.5255
      vertex -4.24264 32.3 20.2426
    endloop
  endfacet
  facet normal -0.707057 0 0.707157
    outer loop
      vertex -4.24264 32.3 20.2426
      vertex -4.24264 35.2 20.2426
      vertex -4.52548 35.2 19.9598
    endloop
  endfacet
  facet normal -0.707057 0 0.707157
    outer loop
      vertex -4.24264 32.3 20.2426
      vertex -4.52548 35.2 19.9598
      vertex -4.52548 32.3 19.9598
    endloop
  endfacet
  facet normal -0.707182 0 0.707032
    outer loop
      vertex -4.24264 35.2 20.2426
      vertex -4.24264 32.3 20.2426
      vertex -3.9598 35.2 20.5255
    endloop
  endfacet
  facet normal -0.707182 0 0.707032
    outer loop
      vertex -3.9598 35.2 20.5255
      vertex -4.24264 32.3 20.2426
      vertex -3.9598 32.3 20.5255
    endloop
  endfacet
  facet normal 0 1 -0
    outer loop
      vertex -4.51104 35.2 19.9561
      vertex -4.52548 35.2 19.9598
      vertex -4.24264 35.2 20.2426
    endloop
  endfacet
  facet normal 0 1 0
    outer loop
      vertex -4.52548 35.2 19.9598
      vertex -4.51104 35.2 19.9561
      vertex -4.51587 35.2 19.9502
    endloop
  endfacet
  facet normal 0 1 -0
    outer loop
      vertex -3.95607 35.2 20.511
      vertex -3.9598 35.2 20.5255
      vertex -3.95019 35.2 20.5159
    endloop
  endfacet
  facet normal 0 1 0
    outer loop
      vertex -3.9598 35.2 20.5255
      vertex -3.95607 35.2 20.511
      vertex -4.24264 35.2 20.2426
    endloop
  endfacet
  facet normal 0.706739 0 0.707475
    outer loop
      vertex -3.9598 35.2 20.5255
      vertex -3.95019 32.3 20.5159
      vertex -3.95019 35.2 20.5159
    endloop
  endfacet
  facet normal 0.706739 0 0.707475
    outer loop
      vertex -3.95019 32.3 20.5159
      vertex -3.9598 35.2 20.5255
      vertex -3.9598 32.3 20.5255
    endloop
  endfacet
  facet normal -0.706739 0 -0.707475
    outer loop
      vertex -4.52548 32.3 19.9598
      vertex -4.51587 35.2 19.9502
      vertex -4.51587 32.3 19.9502
    endloop
  endfacet
  facet normal -0.706739 0 -0.707475
    outer loop
      vertex -4.51587 35.2 19.9502
      vertex -4.52548 32.3 19.9598
      vertex -4.52548 35.2 19.9598
    endloop
  endfacet
  facet normal 0 -1 0
    outer loop
      vertex -5.39615 32.3 18.6536
      vertex -5.38124 32.3 18.6537
      vertex -5.19616 32.3 19
    endloop
  endfacet
  facet normal 0 -1 0
    outer loop
      vertex -5.38124 32.3 18.6537
      vertex -5.39615 32.3 18.6536
      vertex -5.38438 32.3 18.6468
    endloop
  endfacet
  facet normal 0 -1 0
    outer loop
      vertex -4.99615 32.3 19.3464
      vertex -4.98882 32.3 19.3334
      vertex -4.98438 32.3 19.3396
    endloop
  endfacet
  facet normal -0 -1 0
    outer loop
      vertex -4.98882 32.3 19.3334
      vertex -4.99615 32.3 19.3464
      vertex -5.19615 32.3 19
    endloop
  endfacet
  facet normal -0.500253 0 -0.865879
    outer loop
      vertex -5.39615 32.3 18.6536
      vertex -5.38438 35.2 18.6468
      vertex -5.38438 32.3 18.6468
    endloop
  endfacet
  facet normal -0.500253 0 -0.865879
    outer loop
      vertex -5.38438 35.2 18.6468
      vertex -5.39615 32.3 18.6536
      vertex -5.39615 35.2 18.6536
    endloop
  endfacet
  facet normal 0 1 -0
    outer loop
      vertex -5.38124 35.2 18.6537
      vertex -5.39615 35.2 18.6536
      vertex -5.19616 35.2 19
    endloop
  endfacet
  facet normal -0 1 0
    outer loop
      vertex -5.39615 35.2 18.6536
      vertex -5.38124 35.2 18.6537
      vertex -5.38438 35.2 18.6468
    endloop
  endfacet
  facet normal 0 1 -0
    outer loop
      vertex -4.98882 35.2 19.3334
      vertex -4.99615 35.2 19.3464
      vertex -4.98438 35.2 19.3396
    endloop
  endfacet
  facet normal 0 1 0
    outer loop
      vertex -4.99615 35.2 19.3464
      vertex -4.98882 35.2 19.3334
      vertex -5.19615 35.2 19
    endloop
  endfacet
  facet normal 0.500253 0 0.865879
    outer loop
      vertex -4.99615 35.2 19.3464
      vertex -4.98438 32.3 19.3396
      vertex -4.98438 35.2 19.3396
    endloop
  endfacet
  facet normal 0.500253 0 0.865879
    outer loop
      vertex -4.98438 32.3 19.3396
      vertex -4.99615 35.2 19.3464
      vertex -4.99615 32.3 19.3464
    endloop
  endfacet
  facet normal -0.86603 0 0.499992
    outer loop
      vertex -5.39615 32.3 18.6536
      vertex -5.19616 35.2 19
      vertex -5.39615 35.2 18.6536
    endloop
  endfacet
  facet normal -0.86603 0 0.499992
    outer loop
      vertex -5.19616 35.2 19
      vertex -5.39615 32.3 18.6536
      vertex -5.19616 32.3 19
    endloop
  endfacet
  facet normal -0.866019 0 0.500011
    outer loop
      vertex -5.19615 32.3 19
      vertex -4.99615 35.2 19.3464
      vertex -5.19615 35.2 19
    endloop
  endfacet
  facet normal -0.866019 0 0.500011
    outer loop
      vertex -4.99615 35.2 19.3464
      vertex -5.19615 32.3 19
      vertex -4.99615 32.3 19.3464
    endloop
  endfacet
  facet normal 0 -1 0
    outer loop
      vertex -5.69203 32.3 17.9393
      vertex -5.68158 32.3 17.9286
      vertex -5.6789 32.3 17.9358
    endloop
  endfacet
  facet normal 0 -1 -0
    outer loop
      vertex -5.69203 32.3 17.9393
      vertex -5.79555 32.3 17.5529
      vertex -5.68158 32.3 17.9286
    endloop
  endfacet
  facet normal 0 -1 0
    outer loop
      vertex -5.89908 32.3 17.1665
      vertex -5.79555 32.3 17.5529
      vertex -5.69203 32.3 17.9393
    endloop
  endfacet
  facet normal 0 -1 0
    outer loop
      vertex -5.89908 32.3 17.1665
      vertex -5.88471 32.3 17.1705
      vertex -5.79555 32.3 17.5529
    endloop
  endfacet
  facet normal 0 -1 0
    outer loop
      vertex -5.88471 32.3 17.1705
      vertex -5.89908 32.3 17.1665
      vertex -5.88595 32.3 17.163
    endloop
  endfacet
  facet normal -0.257571 0 -0.966259
    outer loop
      vertex -5.89908 32.3 17.1665
      vertex -5.88595 35.2 17.163
      vertex -5.88595 32.3 17.163
    endloop
  endfacet
  facet normal -0.257571 0 -0.966259
    outer loop
      vertex -5.88595 35.2 17.163
      vertex -5.89908 32.3 17.1665
      vertex -5.89908 35.2 17.1665
    endloop
  endfacet
  facet normal 0 1 -0
    outer loop
      vertex -5.68158 35.2 17.9286
      vertex -5.69203 35.2 17.9393
      vertex -5.6789 35.2 17.9358
    endloop
  endfacet
  facet normal 0 1 0
    outer loop
      vertex -5.79555 35.2 17.5529
      vertex -5.69203 35.2 17.9393
      vertex -5.68158 35.2 17.9286
    endloop
  endfacet
  facet normal 0 1 -0
    outer loop
      vertex -5.79555 35.2 17.5529
      vertex -5.89908 35.2 17.1665
      vertex -5.69203 35.2 17.9393
    endloop
  endfacet
  facet normal 0 1 -0
    outer loop
      vertex -5.88471 35.2 17.1705
      vertex -5.89908 35.2 17.1665
      vertex -5.79555 35.2 17.5529
    endloop
  endfacet
  facet normal -0 1 0
    outer loop
      vertex -5.89908 35.2 17.1665
      vertex -5.88471 35.2 17.1705
      vertex -5.88595 35.2 17.163
    endloop
  endfacet
  facet normal 0.257571 0 0.966259
    outer loop
      vertex -5.69203 35.2 17.9393
      vertex -5.6789 32.3 17.9358
      vertex -5.6789 35.2 17.9358
    endloop
  endfacet
  facet normal 0.257571 0 0.966259
    outer loop
      vertex -5.6789 32.3 17.9358
      vertex -5.69203 35.2 17.9393
      vertex -5.69203 32.3 17.9393
    endloop
  endfacet
  facet normal -0.965932 0 0.258794
    outer loop
      vertex -5.89908 32.3 17.1665
      vertex -5.69203 35.2 17.9393
      vertex -5.89908 35.2 17.1665
    endloop
  endfacet
  facet normal -0.965932 0 0.258794
    outer loop
      vertex -5.69203 35.2 17.9393
      vertex -5.89908 32.3 17.1665
      vertex -5.69203 32.3 17.9393
    endloop
  endfacet
  facet normal 0 -1 0
    outer loop
      vertex -6 32.3 15.6
      vertex -5.98715 32.3 15.6076
      vertex -6 32.3 16
    endloop
  endfacet
  facet normal 0 -1 -0
    outer loop
      vertex -5.98715 32.3 15.6076
      vertex -6 32.3 15.6
      vertex -5.98641 32.3 15.6
    endloop
  endfacet
  facet normal 0 -1 0
    outer loop
      vertex -6 32.3 16.4
      vertex -5.98715 32.3 16.3924
      vertex -5.98641 32.3 16.4
    endloop
  endfacet
  facet normal -0 -1 0
    outer loop
      vertex -5.98715 32.3 16.3924
      vertex -6 32.3 16.4
      vertex -6 32.3 16
    endloop
  endfacet
  facet normal -1 0 0
    outer loop
      vertex -6 32.3 16
      vertex -6 35.2 16
      vertex -6 35.2 15.6
    endloop
  endfacet
  facet normal -1 0 0
    outer loop
      vertex -6 32.3 16
      vertex -6 35.2 15.6
      vertex -6 32.3 15.6
    endloop
  endfacet
  facet normal -1 0 0
    outer loop
      vertex -6 35.2 16
      vertex -6 32.3 16
      vertex -6 35.2 16.4
    endloop
  endfacet
  facet normal -1 -0 0
    outer loop
      vertex -6 35.2 16.4
      vertex -6 32.3 16
      vertex -6 32.3 16.4
    endloop
  endfacet
  facet normal 0 1 0
    outer loop
      vertex -5.98715 35.2 15.6076
      vertex -6 35.2 15.6
      vertex -6 35.2 16
    endloop
  endfacet
  facet normal 0 1 0
    outer loop
      vertex -6 35.2 15.6
      vertex -5.98715 35.2 15.6076
      vertex -5.98641 35.2 15.6
    endloop
  endfacet
  facet normal 0 1 -0
    outer loop
      vertex -5.98715 35.2 16.3924
      vertex -6 35.2 16.4
      vertex -5.98641 35.2 16.4
    endloop
  endfacet
  facet normal 0 1 0
    outer loop
      vertex -6 35.2 16.4
      vertex -5.98715 35.2 16.3924
      vertex -6 35.2 16
    endloop
  endfacet
  facet normal -0 0 1
    outer loop
      vertex -6 35.2 16.4
      vertex -5.98641 32.3 16.4
      vertex -5.98641 35.2 16.4
    endloop
  endfacet
  facet normal 0 0 1
    outer loop
      vertex -5.98641 32.3 16.4
      vertex -6 35.2 16.4
      vertex -6 32.3 16.4
    endloop
  endfacet
  facet normal 0 0 -1
    outer loop
      vertex -6 32.3 15.6
      vertex -5.98641 35.2 15.6
      vertex -5.98641 32.3 15.6
    endloop
  endfacet
  facet normal -0 0 -1
    outer loop
      vertex -5.98641 35.2 15.6
      vertex -6 32.3 15.6
      vertex -6 35.2 15.6
    endloop
  endfacet
  facet normal -0.965932 0 -0.258794
    outer loop
      vertex -5.69203 32.3 14.0607
      vertex -5.89908 35.2 14.8335
      vertex -5.69203 35.2 14.0607
    endloop
  endfacet
  facet normal -0.965932 -0 -0.258794
    outer loop
      vertex -5.89908 35.2 14.8335
      vertex -5.69203 32.3 14.0607
      vertex -5.89908 32.3 14.8335
    endloop
  endfacet
  facet normal 0 -1 0
    outer loop
      vertex -5.89908 32.3 14.8335
      vertex -5.88471 32.3 14.8295
      vertex -5.88595 32.3 14.837
    endloop
  endfacet
  facet normal 0 -1 0
    outer loop
      vertex -5.89908 32.3 14.8335
      vertex -5.79555 32.3 14.4471
      vertex -5.88471 32.3 14.8295
    endloop
  endfacet
  facet normal 0 -1 -0
    outer loop
      vertex -5.68158 32.3 14.0714
      vertex -5.69203 32.3 14.0607
      vertex -5.6789 32.3 14.0642
    endloop
  endfacet
  facet normal 0 -1 0
    outer loop
      vertex -5.79555 32.3 14.4471
      vertex -5.69203 32.3 14.0607
      vertex -5.68158 32.3 14.0714
    endloop
  endfacet
  facet normal 0 -1 0
    outer loop
      vertex -5.69203 32.3 14.0607
      vertex -5.79555 32.3 14.4471
      vertex -5.89908 32.3 14.8335
    endloop
  endfacet
  facet normal 0 1 0
    outer loop
      vertex -5.88471 35.2 14.8295
      vertex -5.89908 35.2 14.8335
      vertex -5.88595 35.2 14.837
    endloop
  endfacet
  facet normal 0 1 0
    outer loop
      vertex -5.79555 35.2 14.4471
      vertex -5.89908 35.2 14.8335
      vertex -5.88471 35.2 14.8295
    endloop
  endfacet
  facet normal 0 1 0
    outer loop
      vertex -5.79555 35.2 14.4471
      vertex -5.69203 35.2 14.0607
      vertex -5.89908 35.2 14.8335
    endloop
  endfacet
  facet normal 0 1 0
    outer loop
      vertex -5.68158 35.2 14.0714
      vertex -5.69203 35.2 14.0607
      vertex -5.79555 35.2 14.4471
    endloop
  endfacet
  facet normal 0 1 0
    outer loop
      vertex -5.69203 35.2 14.0607
      vertex -5.68158 35.2 14.0714
      vertex -5.6789 35.2 14.0642
    endloop
  endfacet
  facet normal 0.257571 0 -0.966259
    outer loop
      vertex -5.69203 32.3 14.0607
      vertex -5.6789 35.2 14.0642
      vertex -5.6789 32.3 14.0642
    endloop
  endfacet
  facet normal 0.257571 0 -0.966259
    outer loop
      vertex -5.6789 35.2 14.0642
      vertex -5.69203 32.3 14.0607
      vertex -5.69203 35.2 14.0607
    endloop
  endfacet
  facet normal -0.257571 0 0.966259
    outer loop
      vertex -5.89908 35.2 14.8335
      vertex -5.88595 32.3 14.837
      vertex -5.88595 35.2 14.837
    endloop
  endfacet
  facet normal -0.257571 0 0.966259
    outer loop
      vertex -5.88595 32.3 14.837
      vertex -5.89908 35.2 14.8335
      vertex -5.89908 32.3 14.8335
    endloop
  endfacet
  facet normal -0.866019 0 -0.500011
    outer loop
      vertex -4.99615 32.3 12.6536
      vertex -5.19615 35.2 13
      vertex -4.99615 35.2 12.6536
    endloop
  endfacet
  facet normal -0.866019 -0 -0.500011
    outer loop
      vertex -5.19615 35.2 13
      vertex -4.99615 32.3 12.6536
      vertex -5.19615 32.3 13
    endloop
  endfacet
  facet normal -0.86603 0 -0.499992
    outer loop
      vertex -5.19616 32.3 13
      vertex -5.39615 35.2 13.3464
      vertex -5.19616 35.2 13
    endloop
  endfacet
  facet normal -0.86603 -0 -0.499992
    outer loop
      vertex -5.39615 35.2 13.3464
      vertex -5.19616 32.3 13
      vertex -5.39615 32.3 13.3464
    endloop
  endfacet
  facet normal 0 -1 -0
    outer loop
      vertex -4.98882 32.3 12.6666
      vertex -4.99615 32.3 12.6536
      vertex -4.98438 32.3 12.6604
    endloop
  endfacet
  facet normal 0 -1 0
    outer loop
      vertex -4.99615 32.3 12.6536
      vertex -4.98882 32.3 12.6666
      vertex -5.19615 32.3 13
    endloop
  endfacet
  facet normal 0 -1 0
    outer loop
      vertex -5.39615 32.3 13.3464
      vertex -5.38124 32.3 13.3463
      vertex -5.38438 32.3 13.3532
    endloop
  endfacet
  facet normal -0 -1 -0
    outer loop
      vertex -5.38124 32.3 13.3463
      vertex -5.39615 32.3 13.3464
      vertex -5.19616 32.3 13
    endloop
  endfacet
  facet normal 0 1 0
    outer loop
      vertex -4.98882 35.2 12.6666
      vertex -4.99615 35.2 12.6536
      vertex -5.19615 35.2 13
    endloop
  endfacet
  facet normal 0 1 0
    outer loop
      vertex -4.99615 35.2 12.6536
      vertex -4.98882 35.2 12.6666
      vertex -4.98438 35.2 12.6604
    endloop
  endfacet
  facet normal 0 1 0
    outer loop
      vertex -5.38124 35.2 13.3463
      vertex -5.39615 35.2 13.3464
      vertex -5.38438 35.2 13.3532
    endloop
  endfacet
  facet normal 0 1 0
    outer loop
      vertex -5.39615 35.2 13.3464
      vertex -5.38124 35.2 13.3463
      vertex -5.19616 35.2 13
    endloop
  endfacet
  facet normal 0.500253 0 -0.865879
    outer loop
      vertex -4.99615 32.3 12.6536
      vertex -4.98438 35.2 12.6604
      vertex -4.98438 32.3 12.6604
    endloop
  endfacet
  facet normal 0.500253 0 -0.865879
    outer loop
      vertex -4.98438 35.2 12.6604
      vertex -4.99615 32.3 12.6536
      vertex -4.99615 35.2 12.6536
    endloop
  endfacet
  facet normal -0.500253 0 0.865879
    outer loop
      vertex -5.39615 35.2 13.3464
      vertex -5.38438 32.3 13.3532
      vertex -5.38438 35.2 13.3532
    endloop
  endfacet
  facet normal -0.500253 0 0.865879
    outer loop
      vertex -5.38438 32.3 13.3532
      vertex -5.39615 35.2 13.3464
      vertex -5.39615 32.3 13.3464
    endloop
  endfacet
  facet normal -0.707182 0 -0.707032
    outer loop
      vertex -4.24264 32.3 11.7574
      vertex -4.24264 35.2 11.7574
      vertex -3.9598 35.2 11.4745
    endloop
  endfacet
  facet normal -0.707182 0 -0.707032
    outer loop
      vertex -4.24264 32.3 11.7574
      vertex -3.9598 35.2 11.4745
      vertex -3.9598 32.3 11.4745
    endloop
  endfacet
  facet normal -0.707057 -0 -0.707157
    outer loop
      vertex -4.24264 35.2 11.7574
      vertex -4.24264 32.3 11.7574
      vertex -4.52548 35.2 12.0402
    endloop
  endfacet
  facet normal -0.707057 -0 -0.707157
    outer loop
      vertex -4.52548 35.2 12.0402
      vertex -4.24264 32.3 11.7574
      vertex -4.52548 32.3 12.0402
    endloop
  endfacet
  facet normal 0 -1 -0
    outer loop
      vertex -3.95607 32.3 11.489
      vertex -3.9598 32.3 11.4745
      vertex -3.95019 32.3 11.4841
    endloop
  endfacet
  facet normal 0 -1 0
    outer loop
      vertex -3.9598 32.3 11.4745
      vertex -3.95607 32.3 11.489
      vertex -4.24264 32.3 11.7574
    endloop
  endfacet
  facet normal 0 -1 0
    outer loop
      vertex -4.52548 32.3 12.0402
      vertex -4.51104 32.3 12.0439
      vertex -4.51587 32.3 12.0498
    endloop
  endfacet
  facet normal 0 -1 -0
    outer loop
      vertex -4.51104 32.3 12.0439
      vertex -4.52548 32.3 12.0402
      vertex -4.24264 32.3 11.7574
    endloop
  endfacet
  facet normal 0 1 0
    outer loop
      vertex -3.95607 35.2 11.489
      vertex -3.9598 35.2 11.4745
      vertex -4.24264 35.2 11.7574
    endloop
  endfacet
  facet normal 0 1 0
    outer loop
      vertex -3.9598 35.2 11.4745
      vertex -3.95607 35.2 11.489
      vertex -3.95019 35.2 11.4841
    endloop
  endfacet
  facet normal 0 1 0
    outer loop
      vertex -4.51104 35.2 12.0439
      vertex -4.52548 35.2 12.0402
      vertex -4.51587 35.2 12.0498
    endloop
  endfacet
  facet normal -0 1 0
    outer loop
      vertex -4.52548 35.2 12.0402
      vertex -4.51104 35.2 12.0439
      vertex -4.24264 35.2 11.7574
    endloop
  endfacet
  facet normal -0.706739 0 0.707475
    outer loop
      vertex -4.52548 32.3 12.0402
      vertex -4.51587 35.2 12.0498
      vertex -4.52548 35.2 12.0402
    endloop
  endfacet
  facet normal -0.706739 0 0.707475
    outer loop
      vertex -4.51587 35.2 12.0498
      vertex -4.52548 32.3 12.0402
      vertex -4.51587 32.3 12.0498
    endloop
  endfacet
  facet normal 0.706739 0 -0.707475
    outer loop
      vertex -3.95019 32.3 11.4841
      vertex -3.9598 35.2 11.4745
      vertex -3.95019 35.2 11.4841
    endloop
  endfacet
  facet normal 0.706739 0 -0.707475
    outer loop
      vertex -3.9598 35.2 11.4745
      vertex -3.95019 32.3 11.4841
      vertex -3.9598 32.3 11.4745
    endloop
  endfacet
  facet normal -0.500011 0 -0.866019
    outer loop
      vertex -2.99999 32.3 10.8038
      vertex -2.65359 35.2 10.6038
      vertex -2.65359 32.3 10.6038
    endloop
  endfacet
  facet normal -0.500011 0 -0.866019
    outer loop
      vertex -2.65359 35.2 10.6038
      vertex -2.99999 32.3 10.8038
      vertex -2.99999 35.2 10.8038
    endloop
  endfacet
  facet normal -0.499823 0 -0.866127
    outer loop
      vertex -3.34641 32.3 11.0038
      vertex -3.00001 35.2 10.8039
      vertex -3.00001 32.3 10.8039
    endloop
  endfacet
  facet normal -0.499823 0 -0.866127
    outer loop
      vertex -3.00001 35.2 10.8039
      vertex -3.34641 32.3 11.0038
      vertex -3.34641 35.2 11.0038
    endloop
  endfacet
  facet normal 0 -1 0
    outer loop
      vertex -2.65373 32.3 10.6188
      vertex -2.65359 32.3 10.6038
      vertex -2.64679 32.3 10.6156
    endloop
  endfacet
  facet normal 0 -1 0
    outer loop
      vertex -2.65359 32.3 10.6038
      vertex -2.65373 32.3 10.6188
      vertex -2.99999 32.3 10.8038
    endloop
  endfacet
  facet normal 0 -1 0
    outer loop
      vertex -3.34641 32.3 11.0038
      vertex -3.33342 32.3 11.0112
      vertex -3.33961 32.3 11.0156
    endloop
  endfacet
  facet normal 0 -1 -0
    outer loop
      vertex -3.33342 32.3 11.0112
      vertex -3.34641 32.3 11.0038
      vertex -3.00001 32.3 10.8039
    endloop
  endfacet
  facet normal 0 1 0
    outer loop
      vertex -2.65373 35.2 10.6188
      vertex -2.65359 35.2 10.6038
      vertex -2.99999 35.2 10.8038
    endloop
  endfacet
  facet normal 0 1 -0
    outer loop
      vertex -2.65359 35.2 10.6038
      vertex -2.65373 35.2 10.6188
      vertex -2.64679 35.2 10.6156
    endloop
  endfacet
  facet normal 0 1 0
    outer loop
      vertex -3.33342 35.2 11.0112
      vertex -3.34641 35.2 11.0038
      vertex -3.33961 35.2 11.0156
    endloop
  endfacet
  facet normal -0 1 0
    outer loop
      vertex -3.34641 35.2 11.0038
      vertex -3.33342 35.2 11.0112
      vertex -3.00001 35.2 10.8039
    endloop
  endfacet
  facet normal 0.86643 0 -0.499299
    outer loop
      vertex -2.64679 32.3 10.6156
      vertex -2.65359 35.2 10.6038
      vertex -2.64679 35.2 10.6156
    endloop
  endfacet
  facet normal 0.86643 0 -0.499299
    outer loop
      vertex -2.65359 35.2 10.6038
      vertex -2.64679 32.3 10.6156
      vertex -2.65359 32.3 10.6038
    endloop
  endfacet
  facet normal -0.86643 0 0.499299
    outer loop
      vertex -3.34641 32.3 11.0038
      vertex -3.33961 35.2 11.0156
      vertex -3.34641 35.2 11.0038
    endloop
  endfacet
  facet normal -0.86643 0 0.499299
    outer loop
      vertex -3.33961 35.2 11.0156
      vertex -3.34641 32.3 11.0038
      vertex -3.33961 32.3 11.0156
    endloop
  endfacet
  facet normal -0.258871 0 -0.965912
    outer loop
      vertex -1.93928 32.3 10.308
      vertex -1.16654 35.2 10.1009
      vertex -1.16654 32.3 10.1009
    endloop
  endfacet
  facet normal -0.258871 0 -0.965912
    outer loop
      vertex -1.16654 35.2 10.1009
      vertex -1.93928 32.3 10.308
      vertex -1.93928 35.2 10.308
    endloop
  endfacet
  facet normal 0 -1 0
    outer loop
      vertex -1.93928 32.3 10.308
      vertex -1.92864 32.3 10.3184
      vertex -1.93577 32.3 10.3211
    endloop
  endfacet
  facet normal 0 -1 0
    outer loop
      vertex -1.93928 32.3 10.308
      vertex -1.55291 32.3 10.2044
      vertex -1.92864 32.3 10.3184
    endloop
  endfacet
  facet normal 0 -1 0
    outer loop
      vertex -1.17054 32.3 10.1153
      vertex -1.16654 32.3 10.1009
      vertex -1.16302 32.3 10.114
    endloop
  endfacet
  facet normal 0 -1 0
    outer loop
      vertex -1.55291 32.3 10.2044
      vertex -1.16654 32.3 10.1009
      vertex -1.17054 32.3 10.1153
    endloop
  endfacet
  facet normal 0 1 0
    outer loop
      vertex -1.16654 32.3 10.1009
      vertex -1.55291 32.3 10.2044
      vertex -1.93928 32.3 10.308
    endloop
  endfacet
  facet normal 0 1 0
    outer loop
      vertex -1.92864 35.2 10.3184
      vertex -1.93928 35.2 10.308
      vertex -1.93577 35.2 10.3211
    endloop
  endfacet
  facet normal 0 1 0
    outer loop
      vertex -1.55291 35.2 10.2044
      vertex -1.93928 35.2 10.308
      vertex -1.92864 35.2 10.3184
    endloop
  endfacet
  facet normal 0 -1 0
    outer loop
      vertex -1.55291 35.2 10.2044
      vertex -1.16654 35.2 10.1009
      vertex -1.93928 35.2 10.308
    endloop
  endfacet
  facet normal 0 1 0
    outer loop
      vertex -1.17054 35.2 10.1153
      vertex -1.16654 35.2 10.1009
      vertex -1.55291 35.2 10.2044
    endloop
  endfacet
  facet normal 0 1 -0
    outer loop
      vertex -1.16654 35.2 10.1009
      vertex -1.17054 35.2 10.1153
      vertex -1.16302 35.2 10.114
    endloop
  endfacet
  facet normal -0.965928 0 0.25881
    outer loop
      vertex -1.93928 32.3 10.308
      vertex -1.93577 35.2 10.3211
      vertex -1.93928 35.2 10.308
    endloop
  endfacet
  facet normal -0.965928 0 0.25881
    outer loop
      vertex -1.93577 35.2 10.3211
      vertex -1.93928 32.3 10.308
      vertex -1.93577 32.3 10.3211
    endloop
  endfacet
  facet normal 0.965744 0 -0.259498
    outer loop
      vertex -1.16302 32.3 10.114
      vertex -1.16654 35.2 10.1009
      vertex -1.16302 35.2 10.114
    endloop
  endfacet
  facet normal 0.965744 0 -0.259498
    outer loop
      vertex -1.16654 35.2 10.1009
      vertex -1.16302 32.3 10.114
      vertex -1.16654 32.3 10.1009
    endloop
  endfacet
  facet normal 0 0 -1
    outer loop
      vertex 0 32.3 10
      vertex 0.4 35.2 10
      vertex 0.4 32.3 10
    endloop
  endfacet
  facet normal 0 0 -1
    outer loop
      vertex 0 32.3 10
      vertex 0 35.2 10
      vertex 0.4 35.2 10
    endloop
  endfacet
  facet normal 0 0 -1
    outer loop
      vertex -0.4 32.3 10
      vertex 0 35.2 10
      vertex 0 32.3 10
    endloop
  endfacet
  facet normal -0 0 -1
    outer loop
      vertex 0 35.2 10
      vertex -0.4 32.3 10
      vertex -0.4 35.2 10
    endloop
  endfacet
  facet normal 0 -1 0
    outer loop
      vertex 0.392418 32.3 10.0128
      vertex 0.4 32.3 10
      vertex 0.4 32.3 10.0136
    endloop
  endfacet
  facet normal 0 -1 0
    outer loop
      vertex 0.4 32.3 10
      vertex 0.392418 32.3 10.0128
      vertex 0 32.3 10
    endloop
  endfacet
  facet normal 0 -1 0
    outer loop
      vertex -0.4 32.3 10
      vertex -0.392418 32.3 10.0128
      vertex -0.4 32.3 10.0136
    endloop
  endfacet
  facet normal 0 -1 -0
    outer loop
      vertex -0.392418 32.3 10.0128
      vertex -0.4 32.3 10
      vertex 0 32.3 10
    endloop
  endfacet
  facet normal 0 1 -0
    outer loop
      vertex 0.4 35.2 10
      vertex 0.392418 35.2 10.0128
      vertex 0.4 35.2 10.0136
    endloop
  endfacet
  facet normal 0 1 0
    outer loop
      vertex 0.392418 35.2 10.0128
      vertex 0.4 35.2 10
      vertex 0 35.2 10
    endloop
  endfacet
  facet normal 0 1 0
    outer loop
      vertex -0.392418 35.2 10.0128
      vertex -0.4 35.2 10
      vertex -0.4 35.2 10.0136
    endloop
  endfacet
  facet normal 0 1 0
    outer loop
      vertex -0.4 35.2 10
      vertex -0.392418 35.2 10.0128
      vertex 0 35.2 10
    endloop
  endfacet
  facet normal 1 -0 0
    outer loop
      vertex 0.4 32.3 10.0136
      vertex 0.4 35.2 10
      vertex 0.4 35.2 10.0136
    endloop
  endfacet
  facet normal 1 0 0
    outer loop
      vertex 0.4 35.2 10
      vertex 0.4 32.3 10.0136
      vertex 0.4 32.3 10
    endloop
  endfacet
  facet normal -1 0 0
    outer loop
      vertex -0.4 32.3 10
      vertex -0.4 35.2 10.0136
      vertex -0.4 35.2 10
    endloop
  endfacet
  facet normal -1 -0 0
    outer loop
      vertex -0.4 35.2 10.0136
      vertex -0.4 32.3 10
      vertex -0.4 32.3 10.0136
    endloop
  endfacet
  facet normal 0.258871 0 -0.965912
    outer loop
      vertex 1.16654 32.3 10.1009
      vertex 1.93928 35.2 10.308
      vertex 1.93928 32.3 10.308
    endloop
  endfacet
  facet normal 0.258871 0 -0.965912
    outer loop
      vertex 1.93928 35.2 10.308
      vertex 1.16654 32.3 10.1009
      vertex 1.16654 35.2 10.1009
    endloop
  endfacet
  facet normal 0 -1 0
    outer loop
      vertex 1.92864 32.3 10.3184
      vertex 1.93928 32.3 10.308
      vertex 1.93577 32.3 10.3211
    endloop
  endfacet
  facet normal 0 -1 0
    outer loop
      vertex 1.55291 32.3 10.2044
      vertex 1.93928 32.3 10.308
      vertex 1.92864 32.3 10.3184
    endloop
  endfacet
  facet normal 0 1 -0
    outer loop
      vertex 1.55291 32.3 10.2044
      vertex 1.16654 32.3 10.1009
      vertex 1.93928 32.3 10.308
    endloop
  endfacet
  facet normal 0 -1 -0
    outer loop
      vertex 1.17054 32.3 10.1153
      vertex 1.16654 32.3 10.1009
      vertex 1.55291 32.3 10.2044
    endloop
  endfacet
  facet normal 0 -1 0
    outer loop
      vertex 1.16654 32.3 10.1009
      vertex 1.17054 32.3 10.1153
      vertex 1.16302 32.3 10.114
    endloop
  endfacet
  facet normal 0 1 0
    outer loop
      vertex 1.93928 35.2 10.308
      vertex 1.92864 35.2 10.3184
      vertex 1.93577 35.2 10.3211
    endloop
  endfacet
  facet normal 0 1 0
    outer loop
      vertex 1.93928 35.2 10.308
      vertex 1.55291 35.2 10.2044
      vertex 1.92864 35.2 10.3184
    endloop
  endfacet
  facet normal 0 1 0
    outer loop
      vertex 1.17054 35.2 10.1153
      vertex 1.16654 35.2 10.1009
      vertex 1.16302 35.2 10.114
    endloop
  endfacet
  facet normal 0 1 0
    outer loop
      vertex 1.55291 35.2 10.2044
      vertex 1.16654 35.2 10.1009
      vertex 1.17054 35.2 10.1153
    endloop
  endfacet
  facet normal 0 -1 0
    outer loop
      vertex 1.16654 35.2 10.1009
      vertex 1.55291 35.2 10.2044
      vertex 1.93928 35.2 10.308
    endloop
  endfacet
  facet normal 0.965928 -0 0.25881
    outer loop
      vertex 1.93577 32.3 10.3211
      vertex 1.93928 35.2 10.308
      vertex 1.93577 35.2 10.3211
    endloop
  endfacet
  facet normal 0.965928 0 0.25881
    outer loop
      vertex 1.93928 35.2 10.308
      vertex 1.93577 32.3 10.3211
      vertex 1.93928 32.3 10.308
    endloop
  endfacet
  facet normal -0.965744 0 -0.259498
    outer loop
      vertex 1.16654 32.3 10.1009
      vertex 1.16302 35.2 10.114
      vertex 1.16654 35.2 10.1009
    endloop
  endfacet
  facet normal -0.965744 -0 -0.259498
    outer loop
      vertex 1.16302 35.2 10.114
      vertex 1.16654 32.3 10.1009
      vertex 1.16302 32.3 10.114
    endloop
  endfacet
  facet normal 0.499823 0 -0.866127
    outer loop
      vertex 3.00001 32.3 10.8039
      vertex 3.34641 35.2 11.0038
      vertex 3.34641 32.3 11.0038
    endloop
  endfacet
  facet normal 0.499823 0 -0.866127
    outer loop
      vertex 3.34641 35.2 11.0038
      vertex 3.00001 32.3 10.8039
      vertex 3.00001 35.2 10.8039
    endloop
  endfacet
  facet normal 0.500011 0 -0.866019
    outer loop
      vertex 2.65359 32.3 10.6038
      vertex 2.99999 35.2 10.8038
      vertex 2.99999 32.3 10.8038
    endloop
  endfacet
  facet normal 0.500011 0 -0.866019
    outer loop
      vertex 2.99999 35.2 10.8038
      vertex 2.65359 32.3 10.6038
      vertex 2.65359 35.2 10.6038
    endloop
  endfacet
  facet normal 0 -1 0
    outer loop
      vertex 3.33342 32.3 11.0112
      vertex 3.34641 32.3 11.0038
      vertex 3.33961 32.3 11.0156
    endloop
  endfacet
  facet normal -0 -1 0
    outer loop
      vertex 3.34641 32.3 11.0038
      vertex 3.33342 32.3 11.0112
      vertex 3.00001 32.3 10.8039
    endloop
  endfacet
  facet normal 0 -1 -0
    outer loop
      vertex 2.65373 32.3 10.6188
      vertex 2.65359 32.3 10.6038
      vertex 2.99999 32.3 10.8038
    endloop
  endfacet
  facet normal 0 -1 0
    outer loop
      vertex 2.65359 32.3 10.6038
      vertex 2.65373 32.3 10.6188
      vertex 2.64679 32.3 10.6156
    endloop
  endfacet
  facet normal 0 1 0
    outer loop
      vertex 3.34641 35.2 11.0038
      vertex 3.33342 35.2 11.0112
      vertex 3.33961 35.2 11.0156
    endloop
  endfacet
  facet normal 0 1 0
    outer loop
      vertex 3.33342 35.2 11.0112
      vertex 3.34641 35.2 11.0038
      vertex 3.00001 35.2 10.8039
    endloop
  endfacet
  facet normal 0 1 0
    outer loop
      vertex 2.65373 35.2 10.6188
      vertex 2.65359 35.2 10.6038
      vertex 2.64679 35.2 10.6156
    endloop
  endfacet
  facet normal 0 1 0
    outer loop
      vertex 2.65359 35.2 10.6038
      vertex 2.65373 35.2 10.6188
      vertex 2.99999 35.2 10.8038
    endloop
  endfacet
  facet normal 0.86643 -0 0.499299
    outer loop
      vertex 3.33961 32.3 11.0156
      vertex 3.34641 35.2 11.0038
      vertex 3.33961 35.2 11.0156
    endloop
  endfacet
  facet normal 0.86643 0 0.499299
    outer loop
      vertex 3.34641 35.2 11.0038
      vertex 3.33961 32.3 11.0156
      vertex 3.34641 32.3 11.0038
    endloop
  endfacet
  facet normal -0.86643 0 -0.499299
    outer loop
      vertex 2.65359 32.3 10.6038
      vertex 2.64679 35.2 10.6156
      vertex 2.65359 35.2 10.6038
    endloop
  endfacet
  facet normal -0.86643 -0 -0.499299
    outer loop
      vertex 2.64679 35.2 10.6156
      vertex 2.65359 32.3 10.6038
      vertex 2.64679 32.3 10.6156
    endloop
  endfacet
  facet normal 0.707057 0 -0.707157
    outer loop
      vertex 4.24264 32.3 11.7574
      vertex 4.24264 35.2 11.7574
      vertex 4.52548 35.2 12.0402
    endloop
  endfacet
  facet normal 0.707057 0 -0.707157
    outer loop
      vertex 4.24264 32.3 11.7574
      vertex 4.52548 35.2 12.0402
      vertex 4.52548 32.3 12.0402
    endloop
  endfacet
  facet normal 0.707182 0 -0.707032
    outer loop
      vertex 4.24264 35.2 11.7574
      vertex 4.24264 32.3 11.7574
      vertex 3.9598 35.2 11.4745
    endloop
  endfacet
  facet normal 0.707182 0 -0.707032
    outer loop
      vertex 3.9598 35.2 11.4745
      vertex 4.24264 32.3 11.7574
      vertex 3.9598 32.3 11.4745
    endloop
  endfacet
  facet normal 0 -1 0
    outer loop
      vertex 4.51104 32.3 12.0439
      vertex 4.52548 32.3 12.0402
      vertex 4.51587 32.3 12.0498
    endloop
  endfacet
  facet normal -0 -1 0
    outer loop
      vertex 4.52548 32.3 12.0402
      vertex 4.51104 32.3 12.0439
      vertex 4.24264 32.3 11.7574
    endloop
  endfacet
  facet normal 0 -1 0
    outer loop
      vertex 3.95607 32.3 11.489
      vertex 3.9598 32.3 11.4745
      vertex 4.24264 32.3 11.7574
    endloop
  endfacet
  facet normal 0 -1 0
    outer loop
      vertex 3.9598 32.3 11.4745
      vertex 3.95607 32.3 11.489
      vertex 3.95019 32.3 11.4841
    endloop
  endfacet
  facet normal 0 1 0
    outer loop
      vertex 4.52548 35.2 12.0402
      vertex 4.51104 35.2 12.0439
      vertex 4.51587 35.2 12.0498
    endloop
  endfacet
  facet normal 0 1 0
    outer loop
      vertex 4.51104 35.2 12.0439
      vertex 4.52548 35.2 12.0402
      vertex 4.24264 35.2 11.7574
    endloop
  endfacet
  facet normal 0 1 0
    outer loop
      vertex 3.95607 35.2 11.489
      vertex 3.9598 35.2 11.4745
      vertex 3.95019 35.2 11.4841
    endloop
  endfacet
  facet normal 0 1 -0
    outer loop
      vertex 3.9598 35.2 11.4745
      vertex 3.95607 35.2 11.489
      vertex 4.24264 35.2 11.7574
    endloop
  endfacet
  facet normal 0.706739 -0 0.707475
    outer loop
      vertex 4.51587 32.3 12.0498
      vertex 4.52548 35.2 12.0402
      vertex 4.51587 35.2 12.0498
    endloop
  endfacet
  facet normal 0.706739 0 0.707475
    outer loop
      vertex 4.52548 35.2 12.0402
      vertex 4.51587 32.3 12.0498
      vertex 4.52548 32.3 12.0402
    endloop
  endfacet
  facet normal -0.706739 0 -0.707475
    outer loop
      vertex 3.9598 32.3 11.4745
      vertex 3.95019 35.2 11.4841
      vertex 3.9598 35.2 11.4745
    endloop
  endfacet
  facet normal -0.706739 -0 -0.707475
    outer loop
      vertex 3.95019 35.2 11.4841
      vertex 3.9598 32.3 11.4745
      vertex 3.95019 32.3 11.4841
    endloop
  endfacet
  facet normal 0.86603 0 -0.499992
    outer loop
      vertex 5.39615 32.3 13.3464
      vertex 5.19616 35.2 13
      vertex 5.39615 35.2 13.3464
    endloop
  endfacet
  facet normal 0.86603 0 -0.499992
    outer loop
      vertex 5.19616 35.2 13
      vertex 5.39615 32.3 13.3464
      vertex 5.19616 32.3 13
    endloop
  endfacet
  facet normal 0.866019 0 -0.500011
    outer loop
      vertex 5.19615 32.3 13
      vertex 4.99615 35.2 12.6536
      vertex 5.19615 35.2 13
    endloop
  endfacet
  facet normal 0.866019 0 -0.500011
    outer loop
      vertex 4.99615 35.2 12.6536
      vertex 5.19615 32.3 13
      vertex 4.99615 32.3 12.6536
    endloop
  endfacet
  facet normal 0 -1 0
    outer loop
      vertex 5.38124 32.3 13.3463
      vertex 5.39615 32.3 13.3464
      vertex 5.38438 32.3 13.3532
    endloop
  endfacet
  facet normal 0 -1 0
    outer loop
      vertex 5.39615 32.3 13.3464
      vertex 5.38124 32.3 13.3463
      vertex 5.19616 32.3 13
    endloop
  endfacet
  facet normal 0 -1 0
    outer loop
      vertex 4.98882 32.3 12.6666
      vertex 4.99615 32.3 12.6536
      vertex 5.19615 32.3 13
    endloop
  endfacet
  facet normal 0 -1 0
    outer loop
      vertex 4.99615 32.3 12.6536
      vertex 4.98882 32.3 12.6666
      vertex 4.98438 32.3 12.6604
    endloop
  endfacet
  facet normal 0 1 0
    outer loop
      vertex 5.39615 35.2 13.3464
      vertex 5.38124 35.2 13.3463
      vertex 5.38438 35.2 13.3532
    endloop
  endfacet
  facet normal -0 1 0
    outer loop
      vertex 5.38124 35.2 13.3463
      vertex 5.39615 35.2 13.3464
      vertex 5.19616 35.2 13
    endloop
  endfacet
  facet normal 0 1 0
    outer loop
      vertex 4.98882 35.2 12.6666
      vertex 4.99615 35.2 12.6536
      vertex 4.98438 35.2 12.6604
    endloop
  endfacet
  facet normal 0 1 -0
    outer loop
      vertex 4.99615 35.2 12.6536
      vertex 4.98882 35.2 12.6666
      vertex 5.19615 35.2 13
    endloop
  endfacet
  facet normal 0.500253 0 0.865879
    outer loop
      vertex 5.38438 35.2 13.3532
      vertex 5.39615 32.3 13.3464
      vertex 5.39615 35.2 13.3464
    endloop
  endfacet
  facet normal 0.500253 0 0.865879
    outer loop
      vertex 5.39615 32.3 13.3464
      vertex 5.38438 35.2 13.3532
      vertex 5.38438 32.3 13.3532
    endloop
  endfacet
  facet normal -0.500253 0 -0.865879
    outer loop
      vertex 4.98438 32.3 12.6604
      vertex 4.99615 35.2 12.6536
      vertex 4.99615 32.3 12.6536
    endloop
  endfacet
  facet normal -0.500253 0 -0.865879
    outer loop
      vertex 4.99615 35.2 12.6536
      vertex 4.98438 32.3 12.6604
      vertex 4.98438 35.2 12.6604
    endloop
  endfacet
  facet normal 0.965932 0 -0.258794
    outer loop
      vertex 5.89908 32.3 14.8335
      vertex 5.69203 35.2 14.0607
      vertex 5.89908 35.2 14.8335
    endloop
  endfacet
  facet normal 0.965932 0 -0.258794
    outer loop
      vertex 5.69203 35.2 14.0607
      vertex 5.89908 32.3 14.8335
      vertex 5.69203 32.3 14.0607
    endloop
  endfacet
  facet normal 0 -1 0
    outer loop
      vertex 5.88471 32.3 14.8295
      vertex 5.89908 32.3 14.8335
      vertex 5.88595 32.3 14.837
    endloop
  endfacet
  facet normal 0 -1 0
    outer loop
      vertex 5.79555 32.3 14.4471
      vertex 5.89908 32.3 14.8335
      vertex 5.88471 32.3 14.8295
    endloop
  endfacet
  facet normal 0 -1 -0
    outer loop
      vertex 5.79555 32.3 14.4471
      vertex 5.69203 32.3 14.0607
      vertex 5.89908 32.3 14.8335
    endloop
  endfacet
  facet normal 0 -1 0
    outer loop
      vertex 5.68158 32.3 14.0714
      vertex 5.69203 32.3 14.0607
      vertex 5.79555 32.3 14.4471
    endloop
  endfacet
  facet normal 0 -1 0
    outer loop
      vertex 5.69203 32.3 14.0607
      vertex 5.68158 32.3 14.0714
      vertex 5.6789 32.3 14.0642
    endloop
  endfacet
  facet normal 0 1 0
    outer loop
      vertex 5.89908 35.2 14.8335
      vertex 5.88471 35.2 14.8295
      vertex 5.88595 35.2 14.837
    endloop
  endfacet
  facet normal 0 1 0
    outer loop
      vertex 5.89908 35.2 14.8335
      vertex 5.79555 35.2 14.4471
      vertex 5.88471 35.2 14.8295
    endloop
  endfacet
  facet normal 0 1 0
    outer loop
      vertex 5.68158 35.2 14.0714
      vertex 5.69203 35.2 14.0607
      vertex 5.6789 35.2 14.0642
    endloop
  endfacet
  facet normal 0 1 0
    outer loop
      vertex 5.79555 35.2 14.4471
      vertex 5.69203 35.2 14.0607
      vertex 5.68158 35.2 14.0714
    endloop
  endfacet
  facet normal 0 1 0
    outer loop
      vertex 5.69203 35.2 14.0607
      vertex 5.79555 35.2 14.4471
      vertex 5.89908 35.2 14.8335
    endloop
  endfacet
  facet normal 0.257571 0 0.966259
    outer loop
      vertex 5.88595 35.2 14.837
      vertex 5.89908 32.3 14.8335
      vertex 5.89908 35.2 14.8335
    endloop
  endfacet
  facet normal 0.257571 0 0.966259
    outer loop
      vertex 5.89908 32.3 14.8335
      vertex 5.88595 35.2 14.837
      vertex 5.88595 32.3 14.837
    endloop
  endfacet
  facet normal -0.257571 0 -0.966259
    outer loop
      vertex 5.6789 32.3 14.0642
      vertex 5.69203 35.2 14.0607
      vertex 5.69203 32.3 14.0607
    endloop
  endfacet
  facet normal -0.257571 0 -0.966259
    outer loop
      vertex 5.69203 35.2 14.0607
      vertex 5.6789 32.3 14.0642
      vertex 5.6789 35.2 14.0642
    endloop
  endfacet
  facet normal 0 0 1
    outer loop
      vertex 3 35.5 21.1962
      vertex 2.99999 35.2 21.1962
      vertex 3 32 21.1962
    endloop
  endfacet
  facet normal 0.471228 -1.57076e-05 0.882011
    outer loop
      vertex 2.65373 35.5 21.3812
      vertex 2.99999 35.2 21.1962
      vertex 3 35.5 21.1962
    endloop
  endfacet
  facet normal 0.471239 0 0.882006
    outer loop
      vertex 2.99999 35.2 21.1962
      vertex 2.65373 35.5 21.3812
      vertex 2.65373 35.2 21.3812
    endloop
  endfacet
  facet normal -0 0 1
    outer loop
      vertex 2.99999 32.3 21.1962
      vertex 3 32 21.1962
      vertex 2.99999 35.2 21.1962
    endloop
  endfacet
  facet normal 0.471239 1.5708e-05 0.882006
    outer loop
      vertex 2.65373 32.3 21.3812
      vertex 3 32 21.1962
      vertex 2.99999 32.3 21.1962
    endloop
  endfacet
  facet normal 0.471228 0 0.882011
    outer loop
      vertex 3 32 21.1962
      vertex 2.65373 32.3 21.3812
      vertex 2.65373 32 21.3812
    endloop
  endfacet
  facet normal -0.849192 -0 -0.528084
    outer loop
      vertex -4.98882 32.3 12.6666
      vertex -4.98882 32 12.6666
      vertex -5.19615 32.3 13
    endloop
  endfacet
  facet normal -0.849192 0 -0.528084
    outer loop
      vertex -4.98882 35.2 12.6666
      vertex -5.19615 35.5 13
      vertex -4.98882 35.5 12.6666
    endloop
  endfacet
  facet normal -0.849192 0 -0.528084
    outer loop
      vertex -5.19615 35.2 13
      vertex -5.19615 35.5 13
      vertex -4.98882 35.2 12.6666
    endloop
  endfacet
  facet normal 0 0 0
    outer loop
      vertex -5.19615 32.3 13
      vertex -5.19615 35.5 13
      vertex -5.19615 35.2 13
    endloop
  endfacet
  facet normal -0 0 0
    outer loop
      vertex -5.19615 32.3 13
      vertex -5.19615 32 13
      vertex -5.19615 35.5 13
    endloop
  endfacet
  facet normal -0.849192 0 -0.528084
    outer loop
      vertex -5.19615 32 13
      vertex -5.19615 32.3 13
      vertex -4.98882 32 12.6666
    endloop
  endfacet
  facet normal -0.634315 0 0.773075
    outer loop
      vertex -3.65257 35.5 20.7601
      vertex -3.95019 35.2 20.5159
      vertex -3.65257 32 20.7601
    endloop
  endfacet
  facet normal -0.63443 0.000190524 0.77298
    outer loop
      vertex -3.95607 35.5 20.511
      vertex -3.95019 35.2 20.5159
      vertex -3.65257 35.5 20.7601
    endloop
  endfacet
  facet normal -0.640184 0 0.768221
    outer loop
      vertex -3.95019 35.2 20.5159
      vertex -3.95607 35.5 20.511
      vertex -3.95607 35.2 20.511
    endloop
  endfacet
  facet normal -0.634315 0 0.773075
    outer loop
      vertex -3.95019 32.3 20.5159
      vertex -3.65257 32 20.7601
      vertex -3.95019 35.2 20.5159
    endloop
  endfacet
  facet normal -0.640184 0 0.768221
    outer loop
      vertex -3.95607 32 20.511
      vertex -3.95019 32.3 20.5159
      vertex -3.95607 32.3 20.511
    endloop
  endfacet
  facet normal -0.63443 -0.000190524 0.77298
    outer loop
      vertex -3.95019 32.3 20.5159
      vertex -3.95607 32 20.511
      vertex -3.65257 32 20.7601
    endloop
  endfacet
  facet normal 0.881944 0 -0.471355
    outer loop
      vertex 5.38124 32.3 13.3463
      vertex 5.38124 32 13.3463
      vertex 5.19616 32.3 13
    endloop
  endfacet
  facet normal 0.881933 0 -0.471375
    outer loop
      vertex 5.38124 35.2 13.3463
      vertex 5.19615 35.5 13
      vertex 5.38124 35.5 13.3463
    endloop
  endfacet
  facet normal 0.881944 2.93981e-05 -0.471355
    outer loop
      vertex 5.19616 35.2 13
      vertex 5.19615 35.5 13
      vertex 5.38124 35.2 13.3463
    endloop
  endfacet
  facet normal 0 0 -1
    outer loop
      vertex 5.19616 32.3 13
      vertex 5.19615 35.5 13
      vertex 5.19616 35.2 13
    endloop
  endfacet
  facet normal -0 0 -1
    outer loop
      vertex 5.19616 32.3 13
      vertex 5.19615 32 13
      vertex 5.19615 35.5 13
    endloop
  endfacet
  facet normal 0.881933 -2.93978e-05 -0.471375
    outer loop
      vertex 5.19615 32 13
      vertex 5.19616 32.3 13
      vertex 5.38124 32 13.3463
    endloop
  endfacet
  facet normal 0.0979205 0 0.995194
    outer loop
      vertex 0.783156 35.5 21.9487
      vertex 0.4 35.2 21.9864
      vertex 0.783156 32 21.9487
    endloop
  endfacet
  facet normal 0.0980567 -0.000175597 0.995181
    outer loop
      vertex 0.392418 35.5 21.9872
      vertex 0.4 35.2 21.9864
      vertex 0.783156 35.5 21.9487
    endloop
  endfacet
  facet normal 0.104931 0 0.99448
    outer loop
      vertex 0.4 35.2 21.9864
      vertex 0.392418 35.5 21.9872
      vertex 0.392418 35.2 21.9872
    endloop
  endfacet
  facet normal 0.0979205 -0 0.995194
    outer loop
      vertex 0.4 32.3 21.9864
      vertex 0.783156 32 21.9487
      vertex 0.4 35.2 21.9864
    endloop
  endfacet
  facet normal 0.104931 -0 0.99448
    outer loop
      vertex 0.392418 32 21.9872
      vertex 0.4 32.3 21.9864
      vertex 0.392418 32.3 21.9872
    endloop
  endfacet
  facet normal 0.0980567 0.000175597 0.995181
    outer loop
      vertex 0.4 32.3 21.9864
      vertex 0.392418 32 21.9872
      vertex 0.783156 32 21.9487
    endloop
  endfacet
  facet normal 0.58254 0 0.812802
    outer loop
      vertex 3.65257 35.5 20.7601
      vertex 3.33961 35.2 20.9844
      vertex 3.65257 32 20.7601
    endloop
  endfacet
  facet normal 0.582478 9.67231e-05 0.812846
    outer loop
      vertex 3.33342 35.5 20.9888
      vertex 3.33961 35.2 20.9844
      vertex 3.65257 35.5 20.7601
    endloop
  endfacet
  facet normal 0.579368 0 0.815066
    outer loop
      vertex 3.33961 35.2 20.9844
      vertex 3.33342 35.5 20.9888
      vertex 3.33342 35.2 20.9888
    endloop
  endfacet
  facet normal 0.58254 -0 0.812802
    outer loop
      vertex 3.33961 32.3 20.9844
      vertex 3.65257 32 20.7601
      vertex 3.33961 35.2 20.9844
    endloop
  endfacet
  facet normal 0.579368 -0 0.815066
    outer loop
      vertex 3.33342 32 20.9888
      vertex 3.33961 32.3 20.9844
      vertex 3.33342 32.3 20.9888
    endloop
  endfacet
  facet normal 0.582478 -9.67231e-05 0.812846
    outer loop
      vertex 3.33961 32.3 20.9844
      vertex 3.33342 32 20.9888
      vertex 3.65257 32 20.7601
    endloop
  endfacet
  facet normal 0.352208 0 0.935922
    outer loop
      vertex 2.2961 35.5 21.5433
      vertex 1.93577 35.2 21.6789
      vertex 2.2961 32 21.5433
    endloop
  endfacet
  facet normal 0.352245 -5.14742e-05 0.935908
    outer loop
      vertex 1.92864 35.5 21.6816
      vertex 1.93577 35.2 21.6789
      vertex 2.2961 35.5 21.5433
    endloop
  endfacet
  facet normal 0.35414 0 0.935192
    outer loop
      vertex 1.93577 35.2 21.6789
      vertex 1.92864 35.5 21.6816
      vertex 1.92864 35.2 21.6816
    endloop
  endfacet
  facet normal 0.352208 -0 0.935922
    outer loop
      vertex 1.93577 32.3 21.6789
      vertex 2.2961 32 21.5433
      vertex 1.93577 35.2 21.6789
    endloop
  endfacet
  facet normal 0.35414 -0 0.935192
    outer loop
      vertex 1.92864 32 21.6816
      vertex 1.93577 32.3 21.6789
      vertex 1.92864 32.3 21.6816
    endloop
  endfacet
  facet normal 0.352245 5.14742e-05 0.935908
    outer loop
      vertex 1.93577 32.3 21.6789
      vertex 1.92864 32 21.6816
      vertex 2.2961 32 21.5433
    endloop
  endfacet
  facet normal 0.0979205 0 -0.995194
    outer loop
      vertex 0.783156 32 10.0513
      vertex 0.4 32.3 10.0136
      vertex 0.783156 35.5 10.0513
    endloop
  endfacet
  facet normal 0.0980567 0.000175597 -0.995181
    outer loop
      vertex 0.392418 32 10.0128
      vertex 0.4 32.3 10.0136
      vertex 0.783156 32 10.0513
    endloop
  endfacet
  facet normal 0.104931 0 -0.99448
    outer loop
      vertex 0.4 32.3 10.0136
      vertex 0.392418 32 10.0128
      vertex 0.392418 32.3 10.0128
    endloop
  endfacet
  facet normal 0.0979205 0 -0.995194
    outer loop
      vertex 0.4 35.2 10.0136
      vertex 0.783156 35.5 10.0513
      vertex 0.4 32.3 10.0136
    endloop
  endfacet
  facet normal 0.104931 0 -0.99448
    outer loop
      vertex 0.392418 35.5 10.0128
      vertex 0.4 35.2 10.0136
      vertex 0.392418 35.2 10.0128
    endloop
  endfacet
  facet normal 0.0980567 -0.000175597 -0.995181
    outer loop
      vertex 0.4 35.2 10.0136
      vertex 0.392418 35.5 10.0128
      vertex 0.783156 35.5 10.0513
    endloop
  endfacet
  facet normal 0.849192 0 -0.528084
    outer loop
      vertex 5.19615 35.5 13
      vertex 5.19615 35.2 13
      vertex 4.98882 35.5 12.6666
    endloop
  endfacet
  facet normal 0 0 0
    outer loop
      vertex 5.19615 35.5 13
      vertex 5.19615 32.3 13
      vertex 5.19615 35.2 13
    endloop
  endfacet
  facet normal 0 0 0
    outer loop
      vertex 5.19615 32 13
      vertex 5.19615 32.3 13
      vertex 5.19615 35.5 13
    endloop
  endfacet
  facet normal 0.849192 0 -0.528084
    outer loop
      vertex 5.19615 32 13
      vertex 4.98882 32.3 12.6666
      vertex 5.19615 32.3 13
    endloop
  endfacet
  facet normal 0.849192 0 -0.528084
    outer loop
      vertex 4.98882 32.3 12.6666
      vertex 5.19615 32 13
      vertex 4.98882 32 12.6666
    endloop
  endfacet
  facet normal 0.849192 0 -0.528084
    outer loop
      vertex 4.98882 35.5 12.6666
      vertex 5.19615 35.2 13
      vertex 4.98882 35.2 12.6666
    endloop
  endfacet
  facet normal -0.999464 0 0.0327297
    outer loop
      vertex -6 35.2 16
      vertex -5.98715 35.5 16.3924
      vertex -6 35.5 16
    endloop
  endfacet
  facet normal -0.999464 0 0.0327297
    outer loop
      vertex -5.98715 35.5 16.3924
      vertex -6 35.2 16
      vertex -5.98715 35.2 16.3924
    endloop
  endfacet
  facet normal -0.999464 0 0.0327297
    outer loop
      vertex -6 32 16
      vertex -5.98715 32.3 16.3924
      vertex -6 32.3 16
    endloop
  endfacet
  facet normal -0.999464 0 0.0327297
    outer loop
      vertex -5.98715 32.3 16.3924
      vertex -6 32 16
      vertex -5.98715 32 16.3924
    endloop
  endfacet
  facet normal -0.471239 0 0.882006
    outer loop
      vertex -2.65373 35.5 21.3812
      vertex -2.99999 35.2 21.1962
      vertex -2.65373 35.2 21.3812
    endloop
  endfacet
  facet normal 0 0 1
    outer loop
      vertex -2.99999 35.2 21.1962
      vertex -3 35.5 21.1962
      vertex -2.99999 32.3 21.1962
    endloop
  endfacet
  facet normal -0.471228 -1.57076e-05 0.882011
    outer loop
      vertex -3 35.5 21.1962
      vertex -2.99999 35.2 21.1962
      vertex -2.65373 35.5 21.3812
    endloop
  endfacet
  facet normal -0.471239 0 0.882006
    outer loop
      vertex -2.99999 32.3 21.1962
      vertex -2.65373 32 21.3812
      vertex -2.65373 32.3 21.3812
    endloop
  endfacet
  facet normal -0.471228 1.57076e-05 0.882011
    outer loop
      vertex -2.99999 32.3 21.1962
      vertex -3 32 21.1962
      vertex -2.65373 32 21.3812
    endloop
  endfacet
  facet normal 0 0 1
    outer loop
      vertex -3 32 21.1962
      vertex -2.99999 32.3 21.1962
      vertex -3 35.5 21.1962
    endloop
  endfacet
  facet normal 0.683589 0 0.729867
    outer loop
      vertex 3.95607 35.5 20.511
      vertex 4.24264 35.2 20.2426
      vertex 4.24264 35.5 20.2426
    endloop
  endfacet
  facet normal 0.683589 0 0.729867
    outer loop
      vertex 4.24264 35.2 20.2426
      vertex 3.95607 35.5 20.511
      vertex 3.95607 35.2 20.511
    endloop
  endfacet
  facet normal 0.683589 0 0.729867
    outer loop
      vertex 3.95607 32.3 20.511
      vertex 4.24264 32 20.2426
      vertex 4.24264 32.3 20.2426
    endloop
  endfacet
  facet normal 0.683589 0 0.729867
    outer loop
      vertex 4.24264 32 20.2426
      vertex 3.95607 32.3 20.511
      vertex 3.95607 32 20.511
    endloop
  endfacet
  facet normal 0.170346 0 -0.985384
    outer loop
      vertex 1.17054 32 10.1153
      vertex 1.16302 32.3 10.114
      vertex 1.17054 32.3 10.1153
    endloop
  endfacet
  facet normal 0.162856 0 -0.98665
    outer loop
      vertex 1.16302 32.3 10.114
      vertex 0.783156 32 10.0513
      vertex 1.16302 35.2 10.114
    endloop
  endfacet
  facet normal 0.163001 -0.000189482 -0.986626
    outer loop
      vertex 0.783156 32 10.0513
      vertex 1.16302 32.3 10.114
      vertex 1.17054 32 10.1153
    endloop
  endfacet
  facet normal 0.170346 0 -0.985384
    outer loop
      vertex 1.16302 35.2 10.114
      vertex 1.17054 35.5 10.1153
      vertex 1.17054 35.2 10.1153
    endloop
  endfacet
  facet normal 0.162856 0 -0.98665
    outer loop
      vertex 0.783156 35.5 10.0513
      vertex 1.16302 35.2 10.114
      vertex 0.783156 32 10.0513
    endloop
  endfacet
  facet normal 0.163001 0.000189482 -0.986626
    outer loop
      vertex 1.16302 35.2 10.114
      vertex 0.783156 35.5 10.0513
      vertex 1.17054 35.5 10.1153
    endloop
  endfacet
  facet normal 0.640184 0 -0.768221
    outer loop
      vertex 3.95607 32 11.489
      vertex 3.95019 32.3 11.4841
      vertex 3.95607 32.3 11.489
    endloop
  endfacet
  facet normal 0.634315 0 -0.773075
    outer loop
      vertex 3.95019 32.3 11.4841
      vertex 3.65257 32 11.2399
      vertex 3.95019 35.2 11.4841
    endloop
  endfacet
  facet normal 0.63443 -0.000190524 -0.77298
    outer loop
      vertex 3.65257 32 11.2399
      vertex 3.95019 32.3 11.4841
      vertex 3.95607 32 11.489
    endloop
  endfacet
  facet normal 0.640184 0 -0.768221
    outer loop
      vertex 3.95019 35.2 11.4841
      vertex 3.95607 35.5 11.489
      vertex 3.95607 35.2 11.489
    endloop
  endfacet
  facet normal 0.634315 0 -0.773075
    outer loop
      vertex 3.65257 35.5 11.2399
      vertex 3.95019 35.2 11.4841
      vertex 3.65257 32 11.2399
    endloop
  endfacet
  facet normal 0.63443 0.000190524 -0.77298
    outer loop
      vertex 3.95019 35.2 11.4841
      vertex 3.65257 35.5 11.2399
      vertex 3.95607 35.5 11.489
    endloop
  endfacet
  facet normal 0.956938 -0 0.290291
    outer loop
      vertex 5.68158 35.2 17.9286
      vertex 5.79555 35.5 17.5529
      vertex 5.68158 35.5 17.9286
    endloop
  endfacet
  facet normal 0.956938 0 0.290291
    outer loop
      vertex 5.79555 35.5 17.5529
      vertex 5.68158 35.2 17.9286
      vertex 5.79555 35.2 17.5529
    endloop
  endfacet
  facet normal 0.956938 -0 0.290291
    outer loop
      vertex 5.68158 32 17.9286
      vertex 5.79555 32.3 17.5529
      vertex 5.68158 32.3 17.9286
    endloop
  endfacet
  facet normal 0.956938 0 0.290291
    outer loop
      vertex 5.79555 32.3 17.5529
      vertex 5.68158 32 17.9286
      vertex 5.79555 32 17.5529
    endloop
  endfacet
  facet normal 0.937182 0 -0.34884
    outer loop
      vertex 5.68158 32.3 14.0714
      vertex 5.68158 32 14.0714
      vertex 5.6789 32.3 14.0642
    endloop
  endfacet
  facet normal 0.937182 0 -0.34884
    outer loop
      vertex 5.6789 35.2 14.0642
      vertex 5.68158 35.5 14.0714
      vertex 5.68158 35.2 14.0714
    endloop
  endfacet
  facet normal 0.93592 9.21913e-05 -0.352212
    outer loop
      vertex 5.68158 35.5 14.0714
      vertex 5.6789 35.2 14.0642
      vertex 5.54328 35.5 13.7039
    endloop
  endfacet
  facet normal 0.935895 0 -0.352279
    outer loop
      vertex 5.6789 32.3 14.0642
      vertex 5.54328 35.5 13.7039
      vertex 5.6789 35.2 14.0642
    endloop
  endfacet
  facet normal 0.93592 -9.21913e-05 -0.352212
    outer loop
      vertex 5.54328 32 13.7039
      vertex 5.6789 32.3 14.0642
      vertex 5.68158 32 14.0714
    endloop
  endfacet
  facet normal 0.935895 0 -0.352279
    outer loop
      vertex 5.6789 32.3 14.0642
      vertex 5.54328 32 13.7039
      vertex 5.54328 35.5 13.7039
    endloop
  endfacet
  facet normal 0.881933 2.93978e-05 0.471375
    outer loop
      vertex 5.19615 35.5 19
      vertex 5.19616 35.2 19
      vertex 5.38124 35.5 18.6537
    endloop
  endfacet
  facet normal 0 0 1
    outer loop
      vertex 5.19615 35.5 19
      vertex 5.19616 32.3 19
      vertex 5.19616 35.2 19
    endloop
  endfacet
  facet normal 0 0 1
    outer loop
      vertex 5.19615 32 19
      vertex 5.19616 32.3 19
      vertex 5.19615 35.5 19
    endloop
  endfacet
  facet normal 0.881944 -2.93981e-05 0.471355
    outer loop
      vertex 5.19615 32 19
      vertex 5.38124 32.3 18.6537
      vertex 5.19616 32.3 19
    endloop
  endfacet
  facet normal 0.881933 0 0.471375
    outer loop
      vertex 5.38124 32.3 18.6537
      vertex 5.19615 32 19
      vertex 5.38124 32 18.6537
    endloop
  endfacet
  facet normal 0.881944 0 0.471355
    outer loop
      vertex 5.38124 35.5 18.6537
      vertex 5.19616 35.2 19
      vertex 5.38124 35.2 18.6537
    endloop
  endfacet
  facet normal 0.999464 -0 0.0327297
    outer loop
      vertex 5.98715 35.2 16.3924
      vertex 6 35.5 16
      vertex 5.98715 35.5 16.3924
    endloop
  endfacet
  facet normal 0.999464 0 0.0327297
    outer loop
      vertex 6 35.5 16
      vertex 5.98715 35.2 16.3924
      vertex 6 35.2 16
    endloop
  endfacet
  facet normal 0.999464 -0 0.0327297
    outer loop
      vertex 5.98715 32 16.3924
      vertex 6 32.3 16
      vertex 5.98715 32.3 16.3924
    endloop
  endfacet
  facet normal 0.999464 0 0.0327297
    outer loop
      vertex 6 32.3 16
      vertex 5.98715 32 16.3924
      vertex 6 32 16
    endloop
  endfacet
  facet normal 0.849192 0 0.528084
    outer loop
      vertex 4.98882 32.3 19.3334
      vertex 4.98882 32 19.3334
      vertex 5.19615 32.3 19
    endloop
  endfacet
  facet normal 0.849192 -0 0.528084
    outer loop
      vertex 4.98882 35.2 19.3334
      vertex 5.19615 35.5 19
      vertex 4.98882 35.5 19.3334
    endloop
  endfacet
  facet normal 0.849192 -0 0.528084
    outer loop
      vertex 5.19615 35.2 19
      vertex 5.19615 35.5 19
      vertex 4.98882 35.2 19.3334
    endloop
  endfacet
  facet normal 0 0 0
    outer loop
      vertex 5.19615 32.3 19
      vertex 5.19615 35.5 19
      vertex 5.19615 35.2 19
    endloop
  endfacet
  facet normal -0 0 0
    outer loop
      vertex 5.19615 32.3 19
      vertex 5.19615 32 19
      vertex 5.19615 35.5 19
    endloop
  endfacet
  facet normal 0.849192 -0 0.528084
    outer loop
      vertex 5.19615 32 19
      vertex 5.19615 32.3 19
      vertex 4.98882 32 19.3334
    endloop
  endfacet
  facet normal 0.226941 0 0.973909
    outer loop
      vertex 1.17054 35.5 21.8847
      vertex 1.55291 35.2 21.7956
      vertex 1.55291 35.5 21.7956
    endloop
  endfacet
  facet normal 0.226941 0 0.973909
    outer loop
      vertex 1.55291 35.2 21.7956
      vertex 1.17054 35.5 21.8847
      vertex 1.17054 35.2 21.8847
    endloop
  endfacet
  facet normal 0.226941 0 0.973909
    outer loop
      vertex 1.17054 32.3 21.8847
      vertex 1.55291 32 21.7956
      vertex 1.55291 32.3 21.7956
    endloop
  endfacet
  facet normal 0.226941 0 0.973909
    outer loop
      vertex 1.55291 32 21.7956
      vertex 1.17054 32.3 21.8847
      vertex 1.17054 32 21.8847
    endloop
  endfacet
  facet normal -0.471239 0 -0.882006
    outer loop
      vertex -2.65373 32 10.6188
      vertex -2.99999 32.3 10.8038
      vertex -2.65373 32.3 10.6188
    endloop
  endfacet
  facet normal -0 0 -1
    outer loop
      vertex -2.99999 32.3 10.8038
      vertex -3 32 10.8038
      vertex -2.99999 35.2 10.8038
    endloop
  endfacet
  facet normal -0.471228 1.57076e-05 -0.882011
    outer loop
      vertex -3 32 10.8038
      vertex -2.99999 32.3 10.8038
      vertex -2.65373 32 10.6188
    endloop
  endfacet
  facet normal -0.471239 0 -0.882006
    outer loop
      vertex -2.99999 35.2 10.8038
      vertex -2.65373 35.5 10.6188
      vertex -2.65373 35.2 10.6188
    endloop
  endfacet
  facet normal -0.471228 -1.57076e-05 -0.882011
    outer loop
      vertex -2.99999 35.2 10.8038
      vertex -3 35.5 10.8038
      vertex -2.65373 35.5 10.6188
    endloop
  endfacet
  facet normal 0 0 -1
    outer loop
      vertex -3 35.5 10.8038
      vertex -2.99999 35.2 10.8038
      vertex -3 32 10.8038
    endloop
  endfacet
  facet normal -0.0326009 0 -0.999468
    outer loop
      vertex -0.392418 35.2 10.0128
      vertex 0 35.5 10
      vertex 0 35.2 10
    endloop
  endfacet
  facet normal -0.0326009 0 -0.999468
    outer loop
      vertex 0 35.5 10
      vertex -0.392418 35.2 10.0128
      vertex -0.392418 35.5 10.0128
    endloop
  endfacet
  facet normal -0.0326009 0 -0.999468
    outer loop
      vertex -0.392418 32 10.0128
      vertex 0 32.3 10
      vertex 0 32 10
    endloop
  endfacet
  facet normal -0.0326009 0 -0.999468
    outer loop
      vertex 0 32.3 10
      vertex -0.392418 32 10.0128
      vertex -0.392418 32.3 10.0128
    endloop
  endfacet
  facet normal 0.58254 0 -0.812802
    outer loop
      vertex 3.65257 32 11.2399
      vertex 3.33961 32.3 11.0156
      vertex 3.65257 35.5 11.2399
    endloop
  endfacet
  facet normal 0.582478 -9.67231e-05 -0.812846
    outer loop
      vertex 3.33342 32 11.0112
      vertex 3.33961 32.3 11.0156
      vertex 3.65257 32 11.2399
    endloop
  endfacet
  facet normal 0.579368 0 -0.815066
    outer loop
      vertex 3.33961 32.3 11.0156
      vertex 3.33342 32 11.0112
      vertex 3.33342 32.3 11.0112
    endloop
  endfacet
  facet normal 0.58254 0 -0.812802
    outer loop
      vertex 3.33961 35.2 11.0156
      vertex 3.65257 35.5 11.2399
      vertex 3.33961 32.3 11.0156
    endloop
  endfacet
  facet normal 0.579368 0 -0.815066
    outer loop
      vertex 3.33342 35.5 11.0112
      vertex 3.33961 35.2 11.0156
      vertex 3.33342 35.2 11.0112
    endloop
  endfacet
  facet normal 0.582478 9.67231e-05 -0.812846
    outer loop
      vertex 3.33961 35.2 11.0156
      vertex 3.33342 35.5 11.0112
      vertex 3.65257 35.5 11.2399
    endloop
  endfacet
  facet normal 0.0326009 0 -0.999468
    outer loop
      vertex 0 35.2 10
      vertex 0.392418 35.5 10.0128
      vertex 0.392418 35.2 10.0128
    endloop
  endfacet
  facet normal 0.0326009 0 -0.999468
    outer loop
      vertex 0.392418 35.5 10.0128
      vertex 0 35.2 10
      vertex 0 35.5 10
    endloop
  endfacet
  facet normal 0.0326009 0 -0.999468
    outer loop
      vertex 0 32 10
      vertex 0.392418 32.3 10.0128
      vertex 0.392418 32 10.0128
    endloop
  endfacet
  facet normal 0.0326009 0 -0.999468
    outer loop
      vertex 0.392418 32.3 10.0128
      vertex 0 32 10
      vertex 0 32.3 10
    endloop
  endfacet
  facet normal 0.910851 4.06521e-05 -0.412736
    outer loop
      vertex 5.54328 35.5 13.7039
      vertex 5.38438 35.2 13.3532
      vertex 5.38124 35.5 13.3463
    endloop
  endfacet
  facet normal 0.910864 0 -0.412707
    outer loop
      vertex 5.54328 35.5 13.7039
      vertex 5.38438 32.3 13.3532
      vertex 5.38438 35.2 13.3532
    endloop
  endfacet
  facet normal 0.910864 0 -0.412707
    outer loop
      vertex 5.54328 32 13.7039
      vertex 5.38438 32.3 13.3532
      vertex 5.54328 35.5 13.7039
    endloop
  endfacet
  facet normal 0.910851 -4.06521e-05 -0.412736
    outer loop
      vertex 5.38124 32 13.3463
      vertex 5.38438 32.3 13.3532
      vertex 5.54328 32 13.7039
    endloop
  endfacet
  facet normal 0.910186 0 -0.4142
    outer loop
      vertex 5.38438 32.3 13.3532
      vertex 5.38124 32 13.3463
      vertex 5.38124 32.3 13.3463
    endloop
  endfacet
  facet normal 0.910186 0 -0.4142
    outer loop
      vertex 5.38124 35.5 13.3463
      vertex 5.38438 35.2 13.3532
      vertex 5.38124 35.2 13.3463
    endloop
  endfacet
  facet normal -0.995037 0 -0.0995037
    outer loop
      vertex -3 32 10.8038
      vertex -3.00001 32.3 10.8039
      vertex -3 35.5 10.8038
    endloop
  endfacet
  facet normal -0.528189 0.000265436 -0.849127
    outer loop
      vertex -3.33342 32 11.0112
      vertex -3.00001 32.3 10.8039
      vertex -3 32 10.8038
    endloop
  endfacet
  facet normal -0.528017 0 -0.849234
    outer loop
      vertex -3.00001 32.3 10.8039
      vertex -3.33342 32 11.0112
      vertex -3.33342 32.3 11.0112
    endloop
  endfacet
  facet normal -0.995037 -0 -0.0995037
    outer loop
      vertex -3.00001 35.2 10.8039
      vertex -3 35.5 10.8038
      vertex -3.00001 32.3 10.8039
    endloop
  endfacet
  facet normal -0.528017 -0.000265477 -0.849234
    outer loop
      vertex -3.33342 35.2 11.0112
      vertex -3 35.5 10.8038
      vertex -3.00001 35.2 10.8039
    endloop
  endfacet
  facet normal -0.528189 0 -0.849127
    outer loop
      vertex -3 35.5 10.8038
      vertex -3.33342 35.2 11.0112
      vertex -3.33342 35.5 11.0112
    endloop
  endfacet
  facet normal 0.773005 -3.11325e-05 -0.634399
    outer loop
      vertex 4.76012 35.5 12.3474
      vertex 4.51587 35.2 12.0498
      vertex 4.51104 35.5 12.0439
    endloop
  endfacet
  facet normal 0.77299 0 -0.634418
    outer loop
      vertex 4.76012 35.5 12.3474
      vertex 4.51587 32.3 12.0498
      vertex 4.51587 35.2 12.0498
    endloop
  endfacet
  facet normal 0.77299 0 -0.634418
    outer loop
      vertex 4.76012 32 12.3474
      vertex 4.51587 32.3 12.0498
      vertex 4.76012 35.5 12.3474
    endloop
  endfacet
  facet normal 0.773005 3.11325e-05 -0.634399
    outer loop
      vertex 4.51104 32 12.0439
      vertex 4.51587 32.3 12.0498
      vertex 4.76012 32 12.3474
    endloop
  endfacet
  facet normal 0.773782 0 -0.633452
    outer loop
      vertex 4.51587 32.3 12.0498
      vertex 4.51104 32 12.0439
      vertex 4.51104 32.3 12.0439
    endloop
  endfacet
  facet normal 0.773782 0 -0.633452
    outer loop
      vertex 4.51104 35.5 12.0439
      vertex 4.51587 35.2 12.0498
      vertex 4.51104 35.2 12.0439
    endloop
  endfacet
  facet normal -0.813024 0 0.58223
    outer loop
      vertex -4.98882 32.3 19.3334
      vertex -4.98882 32 19.3334
      vertex -4.98438 32.3 19.3396
    endloop
  endfacet
  facet normal -0.813024 0 0.58223
    outer loop
      vertex -4.98438 35.2 19.3396
      vertex -4.98882 35.5 19.3334
      vertex -4.98882 35.2 19.3334
    endloop
  endfacet
  facet normal -0.812889 5.87426e-06 0.582418
    outer loop
      vertex -4.98882 35.5 19.3334
      vertex -4.98438 35.2 19.3396
      vertex -4.76012 35.5 19.6526
    endloop
  endfacet
  facet normal -0.812887 0 0.582422
    outer loop
      vertex -4.98438 32.3 19.3396
      vertex -4.76012 35.5 19.6526
      vertex -4.98438 35.2 19.3396
    endloop
  endfacet
  facet normal -0.812889 -5.87426e-06 0.582418
    outer loop
      vertex -4.76012 32 19.6526
      vertex -4.98438 32.3 19.3396
      vertex -4.98882 32 19.3334
    endloop
  endfacet
  facet normal -0.812887 0 0.582422
    outer loop
      vertex -4.98438 32.3 19.3396
      vertex -4.76012 32 19.6526
      vertex -4.76012 35.5 19.6526
    endloop
  endfacet
  facet normal 0.973879 -0 0.227069
    outer loop
      vertex 5.79555 32 17.5529
      vertex 5.88471 32.3 17.1705
      vertex 5.79555 32.3 17.5529
    endloop
  endfacet
  facet normal 0.973879 0 0.227069
    outer loop
      vertex 5.88471 32.3 17.1705
      vertex 5.79555 32 17.5529
      vertex 5.88471 32 17.1705
    endloop
  endfacet
  facet normal 0.973879 -0 0.227069
    outer loop
      vertex 5.79555 35.2 17.5529
      vertex 5.88471 35.5 17.1705
      vertex 5.79555 35.5 17.5529
    endloop
  endfacet
  facet normal 0.973879 0 0.227069
    outer loop
      vertex 5.88471 35.5 17.1705
      vertex 5.79555 35.2 17.5529
      vertex 5.88471 35.2 17.1705
    endloop
  endfacet
  facet normal -0.226941 0 -0.973909
    outer loop
      vertex -1.55291 32 10.2044
      vertex -1.17054 32.3 10.1153
      vertex -1.17054 32 10.1153
    endloop
  endfacet
  facet normal -0.226941 0 -0.973909
    outer loop
      vertex -1.17054 32.3 10.1153
      vertex -1.55291 32 10.2044
      vertex -1.55291 32.3 10.2044
    endloop
  endfacet
  facet normal -0.226941 0 -0.973909
    outer loop
      vertex -1.55291 35.2 10.2044
      vertex -1.17054 35.5 10.1153
      vertex -1.17054 35.2 10.1153
    endloop
  endfacet
  facet normal -0.226941 0 -0.973909
    outer loop
      vertex -1.17054 35.5 10.1153
      vertex -1.55291 35.2 10.2044
      vertex -1.55291 35.5 10.2044
    endloop
  endfacet
  facet normal -0.995187 2.76384e-05 -0.0979908
    outer loop
      vertex -5.94867 35.5 15.2168
      vertex -5.98641 35.2 15.6
      vertex -5.98715 35.5 15.6076
    endloop
  endfacet
  facet normal -0.995185 0 -0.0980122
    outer loop
      vertex -5.94867 35.5 15.2168
      vertex -5.98641 32.3 15.6
      vertex -5.98641 35.2 15.6
    endloop
  endfacet
  facet normal -0.995185 0 -0.0980122
    outer loop
      vertex -5.94867 32 15.2168
      vertex -5.98641 32.3 15.6
      vertex -5.94867 35.5 15.2168
    endloop
  endfacet
  facet normal -0.995187 -2.76384e-05 -0.0979908
    outer loop
      vertex -5.98715 32 15.6076
      vertex -5.98641 32.3 15.6
      vertex -5.94867 32 15.2168
    endloop
  endfacet
  facet normal -0.995293 0 -0.0969101
    outer loop
      vertex -5.98641 32.3 15.6
      vertex -5.98715 32 15.6076
      vertex -5.98715 32.3 15.6076
    endloop
  endfacet
  facet normal -0.995293 -0 -0.0969101
    outer loop
      vertex -5.98715 35.5 15.6076
      vertex -5.98641 35.2 15.6
      vertex -5.98715 35.2 15.6076
    endloop
  endfacet
  facet normal 0.995293 0 -0.0969101
    outer loop
      vertex 5.98715 32.3 15.6076
      vertex 5.98715 32 15.6076
      vertex 5.98641 32.3 15.6
    endloop
  endfacet
  facet normal 0.995293 0 -0.0969101
    outer loop
      vertex 5.98641 35.2 15.6
      vertex 5.98715 35.5 15.6076
      vertex 5.98715 35.2 15.6076
    endloop
  endfacet
  facet normal 0.995187 2.76384e-05 -0.0979908
    outer loop
      vertex 5.98715 35.5 15.6076
      vertex 5.98641 35.2 15.6
      vertex 5.94867 35.5 15.2168
    endloop
  endfacet
  facet normal 0.995185 0 -0.0980122
    outer loop
      vertex 5.98641 32.3 15.6
      vertex 5.94867 35.5 15.2168
      vertex 5.98641 35.2 15.6
    endloop
  endfacet
  facet normal 0.995187 -2.76384e-05 -0.0979908
    outer loop
      vertex 5.94867 32 15.2168
      vertex 5.98641 32.3 15.6
      vertex 5.98715 32 15.6076
    endloop
  endfacet
  facet normal 0.995185 0 -0.0980122
    outer loop
      vertex 5.98641 32.3 15.6
      vertex 5.94867 32 15.2168
      vertex 5.94867 35.5 15.2168
    endloop
  endfacet
  facet normal -0.956938 0 0.290291
    outer loop
      vertex -5.79555 35.2 17.5529
      vertex -5.68158 35.5 17.9286
      vertex -5.79555 35.5 17.5529
    endloop
  endfacet
  facet normal -0.956938 0 0.290291
    outer loop
      vertex -5.68158 35.5 17.9286
      vertex -5.79555 35.2 17.5529
      vertex -5.68158 35.2 17.9286
    endloop
  endfacet
  facet normal -0.956938 0 0.290291
    outer loop
      vertex -5.79555 32 17.5529
      vertex -5.68158 32.3 17.9286
      vertex -5.79555 32.3 17.5529
    endloop
  endfacet
  facet normal -0.956938 0 0.290291
    outer loop
      vertex -5.68158 32.3 17.9286
      vertex -5.79555 32 17.5529
      vertex -5.68158 32 17.9286
    endloop
  endfacet
  facet normal -0.999464 0 -0.0327297
    outer loop
      vertex -5.98715 35.2 15.6076
      vertex -6 35.5 16
      vertex -5.98715 35.5 15.6076
    endloop
  endfacet
  facet normal -0.999464 -0 -0.0327297
    outer loop
      vertex -6 35.5 16
      vertex -5.98715 35.2 15.6076
      vertex -6 35.2 16
    endloop
  endfacet
  facet normal -0.999464 0 -0.0327297
    outer loop
      vertex -5.98715 32 15.6076
      vertex -6 32.3 16
      vertex -5.98715 32.3 15.6076
    endloop
  endfacet
  facet normal -0.999464 -0 -0.0327297
    outer loop
      vertex -6 32.3 16
      vertex -5.98715 32 15.6076
      vertex -6 32 16
    endloop
  endfacet
  facet normal 0.29034 0 0.956924
    outer loop
      vertex 1.55291 35.5 21.7956
      vertex 1.92864 35.2 21.6816
      vertex 1.92864 35.5 21.6816
    endloop
  endfacet
  facet normal 0.29034 0 0.956924
    outer loop
      vertex 1.92864 35.2 21.6816
      vertex 1.55291 35.5 21.7956
      vertex 1.55291 35.2 21.7956
    endloop
  endfacet
  facet normal 0.29034 0 0.956924
    outer loop
      vertex 1.55291 32.3 21.7956
      vertex 1.92864 32 21.6816
      vertex 1.92864 32.3 21.6816
    endloop
  endfacet
  facet normal 0.29034 0 0.956924
    outer loop
      vertex 1.92864 32 21.6816
      vertex 1.55291 32.3 21.7956
      vertex 1.55291 32 21.7956
    endloop
  endfacet
  facet normal 0.418726 0 0.908113
    outer loop
      vertex 2.65373 35.5 21.3812
      vertex 2.64679 35.2 21.3844
      vertex 2.65373 35.2 21.3812
    endloop
  endfacet
  facet normal 0.412717 0 0.91086
    outer loop
      vertex 2.64679 35.2 21.3844
      vertex 2.2961 35.5 21.5433
      vertex 2.64679 32.3 21.3844
    endloop
  endfacet
  facet normal 0.412834 0.000165049 0.910806
    outer loop
      vertex 2.2961 35.5 21.5433
      vertex 2.64679 35.2 21.3844
      vertex 2.65373 35.5 21.3812
    endloop
  endfacet
  facet normal 0.418726 0 0.908113
    outer loop
      vertex 2.64679 32.3 21.3844
      vertex 2.65373 32 21.3812
      vertex 2.65373 32.3 21.3812
    endloop
  endfacet
  facet normal 0.412717 -0 0.91086
    outer loop
      vertex 2.2961 32 21.5433
      vertex 2.64679 32.3 21.3844
      vertex 2.2961 35.5 21.5433
    endloop
  endfacet
  facet normal 0.412834 -0.000165049 0.910806
    outer loop
      vertex 2.64679 32.3 21.3844
      vertex 2.2961 32 21.5433
      vertex 2.65373 32 21.3812
    endloop
  endfacet
  facet normal -0.683589 0 0.729867
    outer loop
      vertex -4.24264 35.5 20.2426
      vertex -3.95607 35.2 20.511
      vertex -3.95607 35.5 20.511
    endloop
  endfacet
  facet normal -0.683589 0 0.729867
    outer loop
      vertex -3.95607 35.2 20.511
      vertex -4.24264 35.5 20.2426
      vertex -4.24264 35.2 20.2426
    endloop
  endfacet
  facet normal -0.683589 0 0.729867
    outer loop
      vertex -4.24264 32.3 20.2426
      vertex -3.95607 32 20.511
      vertex -3.95607 32.3 20.511
    endloop
  endfacet
  facet normal -0.683589 0 0.729867
    outer loop
      vertex -3.95607 32 20.511
      vertex -4.24264 32.3 20.2426
      vertex -4.24264 32 20.2426
    endloop
  endfacet
  facet normal -0.973879 0 -0.227069
    outer loop
      vertex -5.79555 32 14.4471
      vertex -5.88471 32.3 14.8295
      vertex -5.79555 32.3 14.4471
    endloop
  endfacet
  facet normal -0.973879 -0 -0.227069
    outer loop
      vertex -5.88471 32.3 14.8295
      vertex -5.79555 32 14.4471
      vertex -5.88471 32 14.8295
    endloop
  endfacet
  facet normal -0.973879 0 -0.227069
    outer loop
      vertex -5.79555 35.2 14.4471
      vertex -5.88471 35.5 14.8295
      vertex -5.79555 35.5 14.4471
    endloop
  endfacet
  facet normal -0.973879 -0 -0.227069
    outer loop
      vertex -5.88471 35.5 14.8295
      vertex -5.79555 35.2 14.4471
      vertex -5.88471 35.2 14.8295
    endloop
  endfacet
  facet normal -0.729783 0 -0.683678
    outer loop
      vertex -4.24264 35.2 11.7574
      vertex -4.51104 35.5 12.0439
      vertex -4.24264 35.5 11.7574
    endloop
  endfacet
  facet normal -0.729783 -0 -0.683678
    outer loop
      vertex -4.51104 35.5 12.0439
      vertex -4.24264 35.2 11.7574
      vertex -4.51104 35.2 12.0439
    endloop
  endfacet
  facet normal -0.729783 0 -0.683678
    outer loop
      vertex -4.24264 32 11.7574
      vertex -4.51104 32.3 12.0439
      vertex -4.24264 32.3 11.7574
    endloop
  endfacet
  facet normal -0.729783 -0 -0.683678
    outer loop
      vertex -4.51104 32.3 12.0439
      vertex -4.24264 32 11.7574
      vertex -4.51104 32 12.0439
    endloop
  endfacet
  facet normal -0.683589 0 -0.729867
    outer loop
      vertex -4.24264 35.2 11.7574
      vertex -3.95607 35.5 11.489
      vertex -3.95607 35.2 11.489
    endloop
  endfacet
  facet normal -0.683589 0 -0.729867
    outer loop
      vertex -3.95607 35.5 11.489
      vertex -4.24264 35.2 11.7574
      vertex -4.24264 35.5 11.7574
    endloop
  endfacet
  facet normal -0.683589 0 -0.729867
    outer loop
      vertex -4.24264 32 11.7574
      vertex -3.95607 32.3 11.489
      vertex -3.95607 32 11.489
    endloop
  endfacet
  facet normal -0.683589 0 -0.729867
    outer loop
      vertex -3.95607 32.3 11.489
      vertex -4.24264 32 11.7574
      vertex -4.24264 32.3 11.7574
    endloop
  endfacet
  facet normal 0.773782 0 0.633452
    outer loop
      vertex 4.51104 32.3 19.9561
      vertex 4.51104 32 19.9561
      vertex 4.51587 32.3 19.9502
    endloop
  endfacet
  facet normal 0.773782 0 0.633452
    outer loop
      vertex 4.51587 35.2 19.9502
      vertex 4.51104 35.5 19.9561
      vertex 4.51104 35.2 19.9561
    endloop
  endfacet
  facet normal 0.773005 -3.11325e-05 0.634399
    outer loop
      vertex 4.51104 35.5 19.9561
      vertex 4.51587 35.2 19.9502
      vertex 4.76012 35.5 19.6526
    endloop
  endfacet
  facet normal 0.77299 -0 0.634418
    outer loop
      vertex 4.51587 32.3 19.9502
      vertex 4.76012 35.5 19.6526
      vertex 4.51587 35.2 19.9502
    endloop
  endfacet
  facet normal 0.773005 3.11325e-05 0.634399
    outer loop
      vertex 4.76012 32 19.6526
      vertex 4.51587 32.3 19.9502
      vertex 4.51104 32 19.9561
    endloop
  endfacet
  facet normal 0.77299 0 0.634418
    outer loop
      vertex 4.51587 32.3 19.9502
      vertex 4.76012 32 19.6526
      vertex 4.76012 35.5 19.6526
    endloop
  endfacet
  facet normal 0.528017 0 0.849234
    outer loop
      vertex 3.33342 35.5 20.9888
      vertex 3.00001 35.2 21.1961
      vertex 3.33342 35.2 20.9888
    endloop
  endfacet
  facet normal 0.995037 0 0.0995037
    outer loop
      vertex 3.00001 35.2 21.1961
      vertex 3 35.5 21.1962
      vertex 3.00001 32.3 21.1961
    endloop
  endfacet
  facet normal 0.528189 -0.000265436 0.849127
    outer loop
      vertex 3 35.5 21.1962
      vertex 3.00001 35.2 21.1961
      vertex 3.33342 35.5 20.9888
    endloop
  endfacet
  facet normal 0.528017 0 0.849234
    outer loop
      vertex 3.00001 32.3 21.1961
      vertex 3.33342 32 20.9888
      vertex 3.33342 32.3 20.9888
    endloop
  endfacet
  facet normal 0.528189 0.000265436 0.849127
    outer loop
      vertex 3.00001 32.3 21.1961
      vertex 3 32 21.1962
      vertex 3.33342 32 20.9888
    endloop
  endfacet
  facet normal 0.995037 -0 0.0995037
    outer loop
      vertex 3 32 21.1962
      vertex 3.00001 32.3 21.1961
      vertex 3 35.5 21.1962
    endloop
  endfacet
  facet normal -0.29034 0 -0.956924
    outer loop
      vertex -1.92864 35.2 10.3184
      vertex -1.55291 35.5 10.2044
      vertex -1.55291 35.2 10.2044
    endloop
  endfacet
  facet normal -0.29034 0 -0.956924
    outer loop
      vertex -1.55291 35.5 10.2044
      vertex -1.92864 35.2 10.3184
      vertex -1.92864 35.5 10.3184
    endloop
  endfacet
  facet normal -0.29034 0 -0.956924
    outer loop
      vertex -1.92864 32 10.3184
      vertex -1.55291 32.3 10.2044
      vertex -1.55291 32 10.2044
    endloop
  endfacet
  facet normal -0.29034 0 -0.956924
    outer loop
      vertex -1.55291 32.3 10.2044
      vertex -1.92864 32 10.3184
      vertex -1.92864 32.3 10.3184
    endloop
  endfacet
  facet normal -0.93592 9.21913e-05 -0.352212
    outer loop
      vertex -5.54328 35.5 13.7039
      vertex -5.6789 35.2 14.0642
      vertex -5.68158 35.5 14.0714
    endloop
  endfacet
  facet normal -0.935895 0 -0.352279
    outer loop
      vertex -5.54328 35.5 13.7039
      vertex -5.6789 32.3 14.0642
      vertex -5.6789 35.2 14.0642
    endloop
  endfacet
  facet normal -0.935895 0 -0.352279
    outer loop
      vertex -5.54328 32 13.7039
      vertex -5.6789 32.3 14.0642
      vertex -5.54328 35.5 13.7039
    endloop
  endfacet
  facet normal -0.93592 -9.21913e-05 -0.352212
    outer loop
      vertex -5.68158 32 14.0714
      vertex -5.6789 32.3 14.0642
      vertex -5.54328 32 13.7039
    endloop
  endfacet
  facet normal -0.937182 0 -0.34884
    outer loop
      vertex -5.6789 32.3 14.0642
      vertex -5.68158 32 14.0714
      vertex -5.68158 32.3 14.0714
    endloop
  endfacet
  facet normal -0.937182 -0 -0.34884
    outer loop
      vertex -5.68158 35.5 14.0714
      vertex -5.6789 35.2 14.0642
      vertex -5.68158 35.2 14.0714
    endloop
  endfacet
  facet normal -0.986606 -0 -0.163119
    outer loop
      vertex -5.88471 32.3 14.8295
      vertex -5.88471 32 14.8295
      vertex -5.88595 32.3 14.837
    endloop
  endfacet
  facet normal -0.986606 0 -0.163119
    outer loop
      vertex -5.88595 35.2 14.837
      vertex -5.88471 35.5 14.8295
      vertex -5.88471 35.2 14.8295
    endloop
  endfacet
  facet normal -0.986637 4.68735e-06 -0.162936
    outer loop
      vertex -5.88471 35.5 14.8295
      vertex -5.88595 35.2 14.837
      vertex -5.94867 35.5 15.2168
    endloop
  endfacet
  facet normal -0.986637 0 -0.162933
    outer loop
      vertex -5.88595 32.3 14.837
      vertex -5.94867 35.5 15.2168
      vertex -5.88595 35.2 14.837
    endloop
  endfacet
  facet normal -0.986637 -4.68735e-06 -0.162936
    outer loop
      vertex -5.94867 32 15.2168
      vertex -5.88595 32.3 14.837
      vertex -5.88471 32 14.8295
    endloop
  endfacet
  facet normal -0.986637 0 -0.162933
    outer loop
      vertex -5.88595 32.3 14.837
      vertex -5.94867 32 15.2168
      vertex -5.94867 35.5 15.2168
    endloop
  endfacet
  facet normal 0.729783 -0 0.683678
    outer loop
      vertex 4.24264 35.2 20.2426
      vertex 4.51104 35.5 19.9561
      vertex 4.24264 35.5 20.2426
    endloop
  endfacet
  facet normal 0.729783 0 0.683678
    outer loop
      vertex 4.51104 35.5 19.9561
      vertex 4.24264 35.2 20.2426
      vertex 4.51104 35.2 19.9561
    endloop
  endfacet
  facet normal 0.729783 -0 0.683678
    outer loop
      vertex 4.24264 32 20.2426
      vertex 4.51104 32.3 19.9561
      vertex 4.24264 32.3 20.2426
    endloop
  endfacet
  facet normal 0.729783 0 0.683678
    outer loop
      vertex 4.51104 32.3 19.9561
      vertex 4.24264 32 20.2426
      vertex 4.51104 32 19.9561
    endloop
  endfacet
  facet normal 0.973879 0 -0.227069
    outer loop
      vertex 5.88471 35.2 14.8295
      vertex 5.79555 35.5 14.4471
      vertex 5.88471 35.5 14.8295
    endloop
  endfacet
  facet normal 0.973879 0 -0.227069
    outer loop
      vertex 5.79555 35.5 14.4471
      vertex 5.88471 35.2 14.8295
      vertex 5.79555 35.2 14.4471
    endloop
  endfacet
  facet normal 0.973879 0 -0.227069
    outer loop
      vertex 5.88471 32 14.8295
      vertex 5.79555 32.3 14.4471
      vertex 5.88471 32.3 14.8295
    endloop
  endfacet
  facet normal 0.973879 0 -0.227069
    outer loop
      vertex 5.79555 32.3 14.4471
      vertex 5.88471 32 14.8295
      vertex 5.79555 32 14.4471
    endloop
  endfacet
  facet normal 0.170346 0 0.985384
    outer loop
      vertex 1.17054 35.5 21.8847
      vertex 1.16302 35.2 21.886
      vertex 1.17054 35.2 21.8847
    endloop
  endfacet
  facet normal 0.162856 0 0.98665
    outer loop
      vertex 1.16302 35.2 21.886
      vertex 0.783156 35.5 21.9487
      vertex 1.16302 32.3 21.886
    endloop
  endfacet
  facet normal 0.163001 0.000189482 0.986626
    outer loop
      vertex 0.783156 35.5 21.9487
      vertex 1.16302 35.2 21.886
      vertex 1.17054 35.5 21.8847
    endloop
  endfacet
  facet normal 0.170346 0 0.985384
    outer loop
      vertex 1.16302 32.3 21.886
      vertex 1.17054 32 21.8847
      vertex 1.17054 32.3 21.8847
    endloop
  endfacet
  facet normal 0.162856 -0 0.98665
    outer loop
      vertex 0.783156 32 21.9487
      vertex 1.16302 32.3 21.886
      vertex 0.783156 35.5 21.9487
    endloop
  endfacet
  facet normal 0.163001 -0.000189482 0.986626
    outer loop
      vertex 1.16302 32.3 21.886
      vertex 0.783156 32 21.9487
      vertex 1.17054 32 21.8847
    endloop
  endfacet
  facet normal 0.995187 2.76384e-05 0.0979908
    outer loop
      vertex 5.94867 35.5 16.7832
      vertex 5.98641 35.2 16.4
      vertex 5.98715 35.5 16.3924
    endloop
  endfacet
  facet normal 0.995185 0 0.0980122
    outer loop
      vertex 5.94867 35.5 16.7832
      vertex 5.98641 32.3 16.4
      vertex 5.98641 35.2 16.4
    endloop
  endfacet
  facet normal 0.995185 -0 0.0980122
    outer loop
      vertex 5.94867 32 16.7832
      vertex 5.98641 32.3 16.4
      vertex 5.94867 35.5 16.7832
    endloop
  endfacet
  facet normal 0.995187 -2.76384e-05 0.0979908
    outer loop
      vertex 5.98715 32 16.3924
      vertex 5.98641 32.3 16.4
      vertex 5.94867 32 16.7832
    endloop
  endfacet
  facet normal 0.995293 0 0.0969101
    outer loop
      vertex 5.98641 32.3 16.4
      vertex 5.98715 32 16.3924
      vertex 5.98715 32.3 16.3924
    endloop
  endfacet
  facet normal 0.995293 0 0.0969101
    outer loop
      vertex 5.98715 35.5 16.3924
      vertex 5.98641 35.2 16.4
      vertex 5.98715 35.2 16.3924
    endloop
  endfacet
  facet normal 0.29034 0 -0.956924
    outer loop
      vertex 1.55291 35.2 10.2044
      vertex 1.92864 35.5 10.3184
      vertex 1.92864 35.2 10.3184
    endloop
  endfacet
  facet normal 0.29034 0 -0.956924
    outer loop
      vertex 1.92864 35.5 10.3184
      vertex 1.55291 35.2 10.2044
      vertex 1.55291 35.5 10.2044
    endloop
  endfacet
  facet normal 0.29034 0 -0.956924
    outer loop
      vertex 1.55291 32 10.2044
      vertex 1.92864 32.3 10.3184
      vertex 1.92864 32 10.3184
    endloop
  endfacet
  facet normal 0.29034 0 -0.956924
    outer loop
      vertex 1.92864 32.3 10.3184
      vertex 1.55291 32 10.2044
      vertex 1.55291 32.3 10.2044
    endloop
  endfacet
  facet normal 0.986606 0 0.163119
    outer loop
      vertex 5.88471 32.3 17.1705
      vertex 5.88471 32 17.1705
      vertex 5.88595 32.3 17.163
    endloop
  endfacet
  facet normal 0.986606 0 0.163119
    outer loop
      vertex 5.88595 35.2 17.163
      vertex 5.88471 35.5 17.1705
      vertex 5.88471 35.2 17.1705
    endloop
  endfacet
  facet normal 0.986637 4.68735e-06 0.162936
    outer loop
      vertex 5.88471 35.5 17.1705
      vertex 5.88595 35.2 17.163
      vertex 5.94867 35.5 16.7832
    endloop
  endfacet
  facet normal 0.986637 -0 0.162933
    outer loop
      vertex 5.88595 32.3 17.163
      vertex 5.94867 35.5 16.7832
      vertex 5.88595 35.2 17.163
    endloop
  endfacet
  facet normal 0.986637 -4.68735e-06 0.162936
    outer loop
      vertex 5.94867 32 16.7832
      vertex 5.88595 32.3 17.163
      vertex 5.88471 32 17.1705
    endloop
  endfacet
  facet normal 0.986637 0 0.162933
    outer loop
      vertex 5.88595 32.3 17.163
      vertex 5.94867 32 16.7832
      vertex 5.94867 35.5 16.7832
    endloop
  endfacet
  facet normal 0.910186 0 0.4142
    outer loop
      vertex 5.38124 32.3 18.6537
      vertex 5.38124 32 18.6537
      vertex 5.38438 32.3 18.6468
    endloop
  endfacet
  facet normal 0.910186 0 0.4142
    outer loop
      vertex 5.38438 35.2 18.6468
      vertex 5.38124 35.5 18.6537
      vertex 5.38124 35.2 18.6537
    endloop
  endfacet
  facet normal 0.910851 4.06521e-05 0.412736
    outer loop
      vertex 5.38124 35.5 18.6537
      vertex 5.38438 35.2 18.6468
      vertex 5.54328 35.5 18.2961
    endloop
  endfacet
  facet normal 0.910864 -0 0.412707
    outer loop
      vertex 5.38438 32.3 18.6468
      vertex 5.54328 35.5 18.2961
      vertex 5.38438 35.2 18.6468
    endloop
  endfacet
  facet normal 0.910851 -4.06521e-05 0.412736
    outer loop
      vertex 5.54328 32 18.2961
      vertex 5.38438 32.3 18.6468
      vertex 5.38124 32 18.6537
    endloop
  endfacet
  facet normal 0.910864 0 0.412707
    outer loop
      vertex 5.38438 32.3 18.6468
      vertex 5.54328 32 18.2961
      vertex 5.54328 35.5 18.2961
    endloop
  endfacet
  facet normal -0.0326009 0 0.999468
    outer loop
      vertex -0.392418 32.3 21.9872
      vertex 0 32 22
      vertex 0 32.3 22
    endloop
  endfacet
  facet normal -0.0326009 0 0.999468
    outer loop
      vertex 0 32 22
      vertex -0.392418 32.3 21.9872
      vertex -0.392418 32 21.9872
    endloop
  endfacet
  facet normal -0.0326009 0 0.999468
    outer loop
      vertex -0.392418 35.5 21.9872
      vertex 0 35.2 22
      vertex 0 35.5 22
    endloop
  endfacet
  facet normal -0.0326009 0 0.999468
    outer loop
      vertex 0 35.2 22
      vertex -0.392418 35.5 21.9872
      vertex -0.392418 35.2 21.9872
    endloop
  endfacet
  facet normal 0.528017 0 -0.849234
    outer loop
      vertex 3.33342 32 11.0112
      vertex 3.00001 32.3 10.8039
      vertex 3.33342 32.3 11.0112
    endloop
  endfacet
  facet normal 0.995037 0 -0.0995037
    outer loop
      vertex 3.00001 32.3 10.8039
      vertex 3 32 10.8038
      vertex 3.00001 35.2 10.8039
    endloop
  endfacet
  facet normal 0.528189 0.000265436 -0.849127
    outer loop
      vertex 3 32 10.8038
      vertex 3.00001 32.3 10.8039
      vertex 3.33342 32 11.0112
    endloop
  endfacet
  facet normal 0.528017 0 -0.849234
    outer loop
      vertex 3.00001 35.2 10.8039
      vertex 3.33342 35.5 11.0112
      vertex 3.33342 35.2 11.0112
    endloop
  endfacet
  facet normal 0.528189 -0.000265436 -0.849127
    outer loop
      vertex 3.00001 35.2 10.8039
      vertex 3 35.5 10.8038
      vertex 3.33342 35.5 11.0112
    endloop
  endfacet
  facet normal 0.995037 0 -0.0995037
    outer loop
      vertex 3 35.5 10.8038
      vertex 3.00001 35.2 10.8039
      vertex 3 32 10.8038
    endloop
  endfacet
  facet normal 0.93592 9.21913e-05 0.352212
    outer loop
      vertex 5.54328 35.5 18.2961
      vertex 5.6789 35.2 17.9358
      vertex 5.68158 35.5 17.9286
    endloop
  endfacet
  facet normal 0.935895 0 0.352279
    outer loop
      vertex 5.54328 35.5 18.2961
      vertex 5.6789 32.3 17.9358
      vertex 5.6789 35.2 17.9358
    endloop
  endfacet
  facet normal 0.935895 -0 0.352279
    outer loop
      vertex 5.54328 32 18.2961
      vertex 5.6789 32.3 17.9358
      vertex 5.54328 35.5 18.2961
    endloop
  endfacet
  facet normal 0.93592 -9.21913e-05 0.352212
    outer loop
      vertex 5.68158 32 17.9286
      vertex 5.6789 32.3 17.9358
      vertex 5.54328 32 18.2961
    endloop
  endfacet
  facet normal 0.937182 0 0.34884
    outer loop
      vertex 5.6789 32.3 17.9358
      vertex 5.68158 32 17.9286
      vertex 5.68158 32.3 17.9286
    endloop
  endfacet
  facet normal 0.937182 0 0.34884
    outer loop
      vertex 5.68158 35.5 17.9286
      vertex 5.6789 35.2 17.9358
      vertex 5.68158 35.2 17.9286
    endloop
  endfacet
  facet normal -0.226941 0 0.973909
    outer loop
      vertex -1.55291 32.3 21.7956
      vertex -1.17054 32 21.8847
      vertex -1.17054 32.3 21.8847
    endloop
  endfacet
  facet normal -0.226941 0 0.973909
    outer loop
      vertex -1.17054 32 21.8847
      vertex -1.55291 32.3 21.7956
      vertex -1.55291 32 21.7956
    endloop
  endfacet
  facet normal -0.226941 0 0.973909
    outer loop
      vertex -1.55291 35.5 21.7956
      vertex -1.17054 35.2 21.8847
      vertex -1.17054 35.5 21.8847
    endloop
  endfacet
  facet normal -0.226941 0 0.973909
    outer loop
      vertex -1.17054 35.2 21.8847
      vertex -1.55291 35.5 21.7956
      vertex -1.55291 35.2 21.7956
    endloop
  endfacet
  facet normal 0.640184 0 0.768221
    outer loop
      vertex 3.95607 35.5 20.511
      vertex 3.95019 35.2 20.5159
      vertex 3.95607 35.2 20.511
    endloop
  endfacet
  facet normal 0.634315 0 0.773075
    outer loop
      vertex 3.95019 35.2 20.5159
      vertex 3.65257 35.5 20.7601
      vertex 3.95019 32.3 20.5159
    endloop
  endfacet
  facet normal 0.63443 0.000190524 0.77298
    outer loop
      vertex 3.65257 35.5 20.7601
      vertex 3.95019 35.2 20.5159
      vertex 3.95607 35.5 20.511
    endloop
  endfacet
  facet normal 0.640184 0 0.768221
    outer loop
      vertex 3.95019 32.3 20.5159
      vertex 3.95607 32 20.511
      vertex 3.95607 32.3 20.511
    endloop
  endfacet
  facet normal 0.634315 -0 0.773075
    outer loop
      vertex 3.65257 32 20.7601
      vertex 3.95019 32.3 20.5159
      vertex 3.65257 35.5 20.7601
    endloop
  endfacet
  facet normal 0.63443 -0.000190524 0.77298
    outer loop
      vertex 3.95019 32.3 20.5159
      vertex 3.65257 32 20.7601
      vertex 3.95607 32 20.511
    endloop
  endfacet
  facet normal -0.812889 5.87426e-06 -0.582418
    outer loop
      vertex -4.76012 35.5 12.3474
      vertex -4.98438 35.2 12.6604
      vertex -4.98882 35.5 12.6666
    endloop
  endfacet
  facet normal -0.812887 0 -0.582422
    outer loop
      vertex -4.76012 35.5 12.3474
      vertex -4.98438 32.3 12.6604
      vertex -4.98438 35.2 12.6604
    endloop
  endfacet
  facet normal -0.812887 0 -0.582422
    outer loop
      vertex -4.76012 32 12.3474
      vertex -4.98438 32.3 12.6604
      vertex -4.76012 35.5 12.3474
    endloop
  endfacet
  facet normal -0.812889 -5.87426e-06 -0.582418
    outer loop
      vertex -4.98882 32 12.6666
      vertex -4.98438 32.3 12.6604
      vertex -4.76012 32 12.3474
    endloop
  endfacet
  facet normal -0.813024 0 -0.58223
    outer loop
      vertex -4.98438 32.3 12.6604
      vertex -4.98882 32 12.6666
      vertex -4.98882 32.3 12.6666
    endloop
  endfacet
  facet normal -0.813024 -0 -0.58223
    outer loop
      vertex -4.98882 35.5 12.6666
      vertex -4.98438 35.2 12.6604
      vertex -4.98882 35.2 12.6666
    endloop
  endfacet
  facet normal -0.35414 0 -0.935192
    outer loop
      vertex -1.92864 32 10.3184
      vertex -1.93577 32.3 10.3211
      vertex -1.92864 32.3 10.3184
    endloop
  endfacet
  facet normal -0.352208 0 -0.935922
    outer loop
      vertex -1.93577 32.3 10.3211
      vertex -2.2961 32 10.4567
      vertex -1.93577 35.2 10.3211
    endloop
  endfacet
  facet normal -0.352245 5.14742e-05 -0.935908
    outer loop
      vertex -2.2961 32 10.4567
      vertex -1.93577 32.3 10.3211
      vertex -1.92864 32 10.3184
    endloop
  endfacet
  facet normal -0.35414 0 -0.935192
    outer loop
      vertex -1.93577 35.2 10.3211
      vertex -1.92864 35.5 10.3184
      vertex -1.92864 35.2 10.3184
    endloop
  endfacet
  facet normal -0.352208 -0 -0.935922
    outer loop
      vertex -2.2961 35.5 10.4567
      vertex -1.93577 35.2 10.3211
      vertex -2.2961 32 10.4567
    endloop
  endfacet
  facet normal -0.352245 -5.14742e-05 -0.935908
    outer loop
      vertex -1.93577 35.2 10.3211
      vertex -2.2961 35.5 10.4567
      vertex -1.92864 35.5 10.3184
    endloop
  endfacet
  facet normal -0.35414 0 0.935192
    outer loop
      vertex -1.92864 35.5 21.6816
      vertex -1.93577 35.2 21.6789
      vertex -1.92864 35.2 21.6816
    endloop
  endfacet
  facet normal -0.352208 0 0.935922
    outer loop
      vertex -1.93577 35.2 21.6789
      vertex -2.2961 35.5 21.5433
      vertex -1.93577 32.3 21.6789
    endloop
  endfacet
  facet normal -0.352245 -5.14742e-05 0.935908
    outer loop
      vertex -2.2961 35.5 21.5433
      vertex -1.93577 35.2 21.6789
      vertex -1.92864 35.5 21.6816
    endloop
  endfacet
  facet normal -0.35414 0 0.935192
    outer loop
      vertex -1.93577 32.3 21.6789
      vertex -1.92864 32 21.6816
      vertex -1.92864 32.3 21.6816
    endloop
  endfacet
  facet normal -0.352208 0 0.935922
    outer loop
      vertex -2.2961 32 21.5433
      vertex -1.93577 32.3 21.6789
      vertex -2.2961 35.5 21.5433
    endloop
  endfacet
  facet normal -0.352245 5.14742e-05 0.935908
    outer loop
      vertex -1.93577 32.3 21.6789
      vertex -2.2961 32 21.5433
      vertex -1.92864 32 21.6816
    endloop
  endfacet
  facet normal -0.773782 -0 -0.633452
    outer loop
      vertex -4.51104 32.3 12.0439
      vertex -4.51104 32 12.0439
      vertex -4.51587 32.3 12.0498
    endloop
  endfacet
  facet normal -0.773782 0 -0.633452
    outer loop
      vertex -4.51587 35.2 12.0498
      vertex -4.51104 35.5 12.0439
      vertex -4.51104 35.2 12.0439
    endloop
  endfacet
  facet normal -0.773005 -3.11325e-05 -0.634399
    outer loop
      vertex -4.51104 35.5 12.0439
      vertex -4.51587 35.2 12.0498
      vertex -4.76012 35.5 12.3474
    endloop
  endfacet
  facet normal -0.77299 0 -0.634418
    outer loop
      vertex -4.51587 32.3 12.0498
      vertex -4.76012 35.5 12.3474
      vertex -4.51587 35.2 12.0498
    endloop
  endfacet
  facet normal -0.773005 3.11325e-05 -0.634399
    outer loop
      vertex -4.76012 32 12.3474
      vertex -4.51587 32.3 12.0498
      vertex -4.51104 32 12.0439
    endloop
  endfacet
  facet normal -0.77299 0 -0.634418
    outer loop
      vertex -4.51587 32.3 12.0498
      vertex -4.76012 32 12.3474
      vertex -4.76012 35.5 12.3474
    endloop
  endfacet
  facet normal -0.104931 0 0.99448
    outer loop
      vertex -0.392418 35.5 21.9872
      vertex -0.4 35.2 21.9864
      vertex -0.392418 35.2 21.9872
    endloop
  endfacet
  facet normal -0.0979205 0 0.995194
    outer loop
      vertex -0.4 35.2 21.9864
      vertex -0.783156 35.5 21.9487
      vertex -0.4 32.3 21.9864
    endloop
  endfacet
  facet normal -0.0980567 -0.000175597 0.995181
    outer loop
      vertex -0.783156 35.5 21.9487
      vertex -0.4 35.2 21.9864
      vertex -0.392418 35.5 21.9872
    endloop
  endfacet
  facet normal -0.104931 0 0.99448
    outer loop
      vertex -0.4 32.3 21.9864
      vertex -0.392418 32 21.9872
      vertex -0.392418 32.3 21.9872
    endloop
  endfacet
  facet normal -0.0979205 0 0.995194
    outer loop
      vertex -0.783156 32 21.9487
      vertex -0.4 32.3 21.9864
      vertex -0.783156 35.5 21.9487
    endloop
  endfacet
  facet normal -0.0980567 0.000175597 0.995181
    outer loop
      vertex -0.4 32.3 21.9864
      vertex -0.783156 32 21.9487
      vertex -0.392418 32 21.9872
    endloop
  endfacet
  facet normal -0.579368 0 0.815066
    outer loop
      vertex -3.33342 35.5 20.9888
      vertex -3.33961 35.2 20.9844
      vertex -3.33342 35.2 20.9888
    endloop
  endfacet
  facet normal -0.58254 0 0.812802
    outer loop
      vertex -3.33961 35.2 20.9844
      vertex -3.65257 35.5 20.7601
      vertex -3.33961 32.3 20.9844
    endloop
  endfacet
  facet normal -0.582478 9.67231e-05 0.812846
    outer loop
      vertex -3.65257 35.5 20.7601
      vertex -3.33961 35.2 20.9844
      vertex -3.33342 35.5 20.9888
    endloop
  endfacet
  facet normal -0.579368 0 0.815066
    outer loop
      vertex -3.33961 32.3 20.9844
      vertex -3.33342 32 20.9888
      vertex -3.33342 32.3 20.9888
    endloop
  endfacet
  facet normal -0.58254 0 0.812802
    outer loop
      vertex -3.65257 32 20.7601
      vertex -3.33961 32.3 20.9844
      vertex -3.65257 35.5 20.7601
    endloop
  endfacet
  facet normal -0.582478 -9.67231e-05 0.812846
    outer loop
      vertex -3.33961 32.3 20.9844
      vertex -3.65257 32 20.7601
      vertex -3.33342 32 20.9888
    endloop
  endfacet
  facet normal -0.995293 0 0.0969101
    outer loop
      vertex -5.98715 32.3 16.3924
      vertex -5.98715 32 16.3924
      vertex -5.98641 32.3 16.4
    endloop
  endfacet
  facet normal -0.995293 0 0.0969101
    outer loop
      vertex -5.98641 35.2 16.4
      vertex -5.98715 35.5 16.3924
      vertex -5.98715 35.2 16.3924
    endloop
  endfacet
  facet normal -0.995187 2.76384e-05 0.0979908
    outer loop
      vertex -5.98715 35.5 16.3924
      vertex -5.98641 35.2 16.4
      vertex -5.94867 35.5 16.7832
    endloop
  endfacet
  facet normal -0.995185 0 0.0980122
    outer loop
      vertex -5.98641 32.3 16.4
      vertex -5.94867 35.5 16.7832
      vertex -5.98641 35.2 16.4
    endloop
  endfacet
  facet normal -0.995187 -2.76384e-05 0.0979908
    outer loop
      vertex -5.94867 32 16.7832
      vertex -5.98641 32.3 16.4
      vertex -5.98715 32 16.3924
    endloop
  endfacet
  facet normal -0.995185 0 0.0980122
    outer loop
      vertex -5.98641 32.3 16.4
      vertex -5.94867 32 16.7832
      vertex -5.94867 35.5 16.7832
    endloop
  endfacet
  facet normal 0.956938 0 -0.290291
    outer loop
      vertex 5.79555 35.2 14.4471
      vertex 5.68158 35.5 14.0714
      vertex 5.79555 35.5 14.4471
    endloop
  endfacet
  facet normal 0.956938 0 -0.290291
    outer loop
      vertex 5.68158 35.5 14.0714
      vertex 5.79555 35.2 14.4471
      vertex 5.68158 35.2 14.0714
    endloop
  endfacet
  facet normal 0.956938 0 -0.290291
    outer loop
      vertex 5.79555 32 14.4471
      vertex 5.68158 32.3 14.0714
      vertex 5.79555 32.3 14.4471
    endloop
  endfacet
  facet normal 0.956938 0 -0.290291
    outer loop
      vertex 5.68158 32.3 14.0714
      vertex 5.79555 32 14.4471
      vertex 5.68158 32 14.0714
    endloop
  endfacet
  facet normal 0.986637 4.68735e-06 -0.162936
    outer loop
      vertex 5.94867 35.5 15.2168
      vertex 5.88595 35.2 14.837
      vertex 5.88471 35.5 14.8295
    endloop
  endfacet
  facet normal 0.986637 0 -0.162933
    outer loop
      vertex 5.94867 35.5 15.2168
      vertex 5.88595 32.3 14.837
      vertex 5.88595 35.2 14.837
    endloop
  endfacet
  facet normal 0.986637 0 -0.162933
    outer loop
      vertex 5.94867 32 15.2168
      vertex 5.88595 32.3 14.837
      vertex 5.94867 35.5 15.2168
    endloop
  endfacet
  facet normal 0.986637 -4.68735e-06 -0.162936
    outer loop
      vertex 5.88471 32 14.8295
      vertex 5.88595 32.3 14.837
      vertex 5.94867 32 15.2168
    endloop
  endfacet
  facet normal 0.986606 0 -0.163119
    outer loop
      vertex 5.88595 32.3 14.837
      vertex 5.88471 32 14.8295
      vertex 5.88471 32.3 14.8295
    endloop
  endfacet
  facet normal 0.986606 0 -0.163119
    outer loop
      vertex 5.88471 35.5 14.8295
      vertex 5.88595 35.2 14.837
      vertex 5.88471 35.2 14.8295
    endloop
  endfacet
  facet normal -0.937182 0 0.34884
    outer loop
      vertex -5.68158 32.3 17.9286
      vertex -5.68158 32 17.9286
      vertex -5.6789 32.3 17.9358
    endloop
  endfacet
  facet normal -0.937182 0 0.34884
    outer loop
      vertex -5.6789 35.2 17.9358
      vertex -5.68158 35.5 17.9286
      vertex -5.68158 35.2 17.9286
    endloop
  endfacet
  facet normal -0.93592 9.21913e-05 0.352212
    outer loop
      vertex -5.68158 35.5 17.9286
      vertex -5.6789 35.2 17.9358
      vertex -5.54328 35.5 18.2961
    endloop
  endfacet
  facet normal -0.935895 0 0.352279
    outer loop
      vertex -5.6789 32.3 17.9358
      vertex -5.54328 35.5 18.2961
      vertex -5.6789 35.2 17.9358
    endloop
  endfacet
  facet normal -0.93592 -9.21913e-05 0.352212
    outer loop
      vertex -5.54328 32 18.2961
      vertex -5.6789 32.3 17.9358
      vertex -5.68158 32 17.9286
    endloop
  endfacet
  facet normal -0.935895 0 0.352279
    outer loop
      vertex -5.6789 32.3 17.9358
      vertex -5.54328 32 18.2961
      vertex -5.54328 35.5 18.2961
    endloop
  endfacet
  facet normal -0.995037 0 0.0995037
    outer loop
      vertex -3 35.5 21.1962
      vertex -3.00001 35.2 21.1961
      vertex -3 32 21.1962
    endloop
  endfacet
  facet normal -0.528189 -0.000265436 0.849127
    outer loop
      vertex -3.33342 35.5 20.9888
      vertex -3.00001 35.2 21.1961
      vertex -3 35.5 21.1962
    endloop
  endfacet
  facet normal -0.528017 0 0.849234
    outer loop
      vertex -3.00001 35.2 21.1961
      vertex -3.33342 35.5 20.9888
      vertex -3.33342 35.2 20.9888
    endloop
  endfacet
  facet normal -0.995037 0 0.0995037
    outer loop
      vertex -3.00001 32.3 21.1961
      vertex -3 32 21.1962
      vertex -3.00001 35.2 21.1961
    endloop
  endfacet
  facet normal -0.528017 0.000265477 0.849234
    outer loop
      vertex -3.33342 32.3 20.9888
      vertex -3 32 21.1962
      vertex -3.00001 32.3 21.1961
    endloop
  endfacet
  facet normal -0.528189 0 0.849127
    outer loop
      vertex -3 32 21.1962
      vertex -3.33342 32.3 20.9888
      vertex -3.33342 32 20.9888
    endloop
  endfacet
  facet normal -0.162856 0 0.98665
    outer loop
      vertex -0.783156 35.5 21.9487
      vertex -1.16302 35.2 21.886
      vertex -0.783156 32 21.9487
    endloop
  endfacet
  facet normal -0.163001 0.000189482 0.986626
    outer loop
      vertex -1.17054 35.5 21.8847
      vertex -1.16302 35.2 21.886
      vertex -0.783156 35.5 21.9487
    endloop
  endfacet
  facet normal -0.170346 0 0.985384
    outer loop
      vertex -1.16302 35.2 21.886
      vertex -1.17054 35.5 21.8847
      vertex -1.17054 35.2 21.8847
    endloop
  endfacet
  facet normal -0.162856 0 0.98665
    outer loop
      vertex -1.16302 32.3 21.886
      vertex -0.783156 32 21.9487
      vertex -1.16302 35.2 21.886
    endloop
  endfacet
  facet normal -0.170346 0 0.985384
    outer loop
      vertex -1.17054 32 21.8847
      vertex -1.16302 32.3 21.886
      vertex -1.17054 32.3 21.8847
    endloop
  endfacet
  facet normal -0.163001 -0.000189482 0.986626
    outer loop
      vertex -1.16302 32.3 21.886
      vertex -1.17054 32 21.8847
      vertex -0.783156 32 21.9487
    endloop
  endfacet
  facet normal 0 0 -1
    outer loop
      vertex 3 32 10.8038
      vertex 2.99999 32.3 10.8038
      vertex 3 35.5 10.8038
    endloop
  endfacet
  facet normal 0.471228 1.57076e-05 -0.882011
    outer loop
      vertex 2.65373 32 10.6188
      vertex 2.99999 32.3 10.8038
      vertex 3 32 10.8038
    endloop
  endfacet
  facet normal 0.471239 0 -0.882006
    outer loop
      vertex 2.99999 32.3 10.8038
      vertex 2.65373 32 10.6188
      vertex 2.65373 32.3 10.6188
    endloop
  endfacet
  facet normal 0 0 -1
    outer loop
      vertex 2.99999 35.2 10.8038
      vertex 3 35.5 10.8038
      vertex 2.99999 32.3 10.8038
    endloop
  endfacet
  facet normal 0.471239 -1.5708e-05 -0.882006
    outer loop
      vertex 2.65373 35.2 10.6188
      vertex 3 35.5 10.8038
      vertex 2.99999 35.2 10.8038
    endloop
  endfacet
  facet normal 0.471228 0 -0.882011
    outer loop
      vertex 3 35.5 10.8038
      vertex 2.65373 35.2 10.6188
      vertex 2.65373 35.5 10.6188
    endloop
  endfacet
  facet normal 0.0326009 0 0.999468
    outer loop
      vertex 0 35.5 22
      vertex 0.392418 35.2 21.9872
      vertex 0.392418 35.5 21.9872
    endloop
  endfacet
  facet normal 0.0326009 0 0.999468
    outer loop
      vertex 0.392418 35.2 21.9872
      vertex 0 35.5 22
      vertex 0 35.2 22
    endloop
  endfacet
  facet normal 0.0326009 0 0.999468
    outer loop
      vertex 0 32.3 22
      vertex 0.392418 32 21.9872
      vertex 0.392418 32.3 21.9872
    endloop
  endfacet
  facet normal 0.0326009 0 0.999468
    outer loop
      vertex 0.392418 32 21.9872
      vertex 0 32.3 22
      vertex 0 32 22
    endloop
  endfacet
  facet normal -0.986637 4.68735e-06 0.162936
    outer loop
      vertex -5.94867 35.5 16.7832
      vertex -5.88595 35.2 17.163
      vertex -5.88471 35.5 17.1705
    endloop
  endfacet
  facet normal -0.986637 0 0.162933
    outer loop
      vertex -5.94867 35.5 16.7832
      vertex -5.88595 32.3 17.163
      vertex -5.88595 35.2 17.163
    endloop
  endfacet
  facet normal -0.986637 0 0.162933
    outer loop
      vertex -5.94867 32 16.7832
      vertex -5.88595 32.3 17.163
      vertex -5.94867 35.5 16.7832
    endloop
  endfacet
  facet normal -0.986637 -4.68735e-06 0.162936
    outer loop
      vertex -5.88471 32 17.1705
      vertex -5.88595 32.3 17.163
      vertex -5.94867 32 16.7832
    endloop
  endfacet
  facet normal -0.986606 0 0.163119
    outer loop
      vertex -5.88595 32.3 17.163
      vertex -5.88471 32 17.1705
      vertex -5.88471 32.3 17.1705
    endloop
  endfacet
  facet normal -0.986606 0 0.163119
    outer loop
      vertex -5.88471 35.5 17.1705
      vertex -5.88595 35.2 17.163
      vertex -5.88471 35.2 17.1705
    endloop
  endfacet
  facet normal 0.683589 0 -0.729867
    outer loop
      vertex 3.95607 32 11.489
      vertex 4.24264 32.3 11.7574
      vertex 4.24264 32 11.7574
    endloop
  endfacet
  facet normal 0.683589 0 -0.729867
    outer loop
      vertex 4.24264 32.3 11.7574
      vertex 3.95607 32 11.489
      vertex 3.95607 32.3 11.489
    endloop
  endfacet
  facet normal 0.683589 0 -0.729867
    outer loop
      vertex 3.95607 35.2 11.489
      vertex 4.24264 35.5 11.7574
      vertex 4.24264 35.2 11.7574
    endloop
  endfacet
  facet normal 0.683589 0 -0.729867
    outer loop
      vertex 4.24264 35.5 11.7574
      vertex 3.95607 35.2 11.489
      vertex 3.95607 35.5 11.489
    endloop
  endfacet
  facet normal 0.352208 0 -0.935922
    outer loop
      vertex 2.2961 32 10.4567
      vertex 1.93577 32.3 10.3211
      vertex 2.2961 35.5 10.4567
    endloop
  endfacet
  facet normal 0.352245 5.14742e-05 -0.935908
    outer loop
      vertex 1.92864 32 10.3184
      vertex 1.93577 32.3 10.3211
      vertex 2.2961 32 10.4567
    endloop
  endfacet
  facet normal 0.35414 0 -0.935192
    outer loop
      vertex 1.93577 32.3 10.3211
      vertex 1.92864 32 10.3184
      vertex 1.92864 32.3 10.3184
    endloop
  endfacet
  facet normal 0.352208 0 -0.935922
    outer loop
      vertex 1.93577 35.2 10.3211
      vertex 2.2961 35.5 10.4567
      vertex 1.93577 32.3 10.3211
    endloop
  endfacet
  facet normal 0.35414 0 -0.935192
    outer loop
      vertex 1.92864 35.5 10.3184
      vertex 1.93577 35.2 10.3211
      vertex 1.92864 35.2 10.3184
    endloop
  endfacet
  facet normal 0.352245 -5.14742e-05 -0.935908
    outer loop
      vertex 1.93577 35.2 10.3211
      vertex 1.92864 35.5 10.3184
      vertex 2.2961 35.5 10.4567
    endloop
  endfacet
  facet normal 0.812889 5.87426e-06 0.582418
    outer loop
      vertex 4.76012 35.5 19.6526
      vertex 4.98438 35.2 19.3396
      vertex 4.98882 35.5 19.3334
    endloop
  endfacet
  facet normal 0.812887 0 0.582422
    outer loop
      vertex 4.76012 35.5 19.6526
      vertex 4.98438 32.3 19.3396
      vertex 4.98438 35.2 19.3396
    endloop
  endfacet
  facet normal 0.812887 -0 0.582422
    outer loop
      vertex 4.76012 32 19.6526
      vertex 4.98438 32.3 19.3396
      vertex 4.76012 35.5 19.6526
    endloop
  endfacet
  facet normal 0.812889 -5.87426e-06 0.582418
    outer loop
      vertex 4.98882 32 19.3334
      vertex 4.98438 32.3 19.3396
      vertex 4.76012 32 19.6526
    endloop
  endfacet
  facet normal 0.813024 0 0.58223
    outer loop
      vertex 4.98438 32.3 19.3396
      vertex 4.98882 32 19.3334
      vertex 4.98882 32.3 19.3334
    endloop
  endfacet
  facet normal 0.813024 0 0.58223
    outer loop
      vertex 4.98882 35.5 19.3334
      vertex 4.98438 35.2 19.3396
      vertex 4.98882 35.2 19.3334
    endloop
  endfacet
  facet normal 0 1 0
    outer loop
      vertex 0.392418 35.5 21.9872
      vertex -0.392418 35.5 21.9872
      vertex 0 35.5 22
    endloop
  endfacet
  facet normal 0 1 0
    outer loop
      vertex 0.783156 35.5 21.9487
      vertex -0.392418 35.5 21.9872
      vertex 0.392418 35.5 21.9872
    endloop
  endfacet
  facet normal 0 1 0
    outer loop
      vertex 0.783156 35.5 21.9487
      vertex -0.783156 35.5 21.9487
      vertex -0.392418 35.5 21.9872
    endloop
  endfacet
  facet normal 0 1 0
    outer loop
      vertex 1.17054 35.5 21.8847
      vertex -0.783156 35.5 21.9487
      vertex 0.783156 35.5 21.9487
    endloop
  endfacet
  facet normal 0 1 0
    outer loop
      vertex 1.17054 35.5 21.8847
      vertex -1.17054 35.5 21.8847
      vertex -0.783156 35.5 21.9487
    endloop
  endfacet
  facet normal 0 1 0
    outer loop
      vertex 1.55291 35.5 21.7956
      vertex -1.17054 35.5 21.8847
      vertex 1.17054 35.5 21.8847
    endloop
  endfacet
  facet normal 0 1 0
    outer loop
      vertex 1.55291 35.5 21.7956
      vertex -1.55291 35.5 21.7956
      vertex -1.17054 35.5 21.8847
    endloop
  endfacet
  facet normal 0 1 0
    outer loop
      vertex 1.92864 35.5 21.6816
      vertex -1.55291 35.5 21.7956
      vertex 1.55291 35.5 21.7956
    endloop
  endfacet
  facet normal 0 1 0
    outer loop
      vertex 1.92864 35.5 21.6816
      vertex -1.92864 35.5 21.6816
      vertex -1.55291 35.5 21.7956
    endloop
  endfacet
  facet normal 0 1 0
    outer loop
      vertex 2.2961 35.5 21.5433
      vertex -1.92864 35.5 21.6816
      vertex 1.92864 35.5 21.6816
    endloop
  endfacet
  facet normal 0 1 0
    outer loop
      vertex 2.2961 35.5 21.5433
      vertex -2.2961 35.5 21.5433
      vertex -1.92864 35.5 21.6816
    endloop
  endfacet
  facet normal 0 1 0
    outer loop
      vertex 2.65373 35.5 21.3812
      vertex -2.2961 35.5 21.5433
      vertex 2.2961 35.5 21.5433
    endloop
  endfacet
  facet normal 0 1 0
    outer loop
      vertex 2.65373 35.5 21.3812
      vertex -2.65373 35.5 21.3812
      vertex -2.2961 35.5 21.5433
    endloop
  endfacet
  facet normal 0 1 0
    outer loop
      vertex 3 35.5 21.1962
      vertex -2.65373 35.5 21.3812
      vertex 2.65373 35.5 21.3812
    endloop
  endfacet
  facet normal 0 1 0
    outer loop
      vertex 3 35.5 21.1962
      vertex -3 35.5 21.1962
      vertex -2.65373 35.5 21.3812
    endloop
  endfacet
  facet normal 0 1 0
    outer loop
      vertex 3.33342 35.5 20.9888
      vertex -3 35.5 21.1962
      vertex 3 35.5 21.1962
    endloop
  endfacet
  facet normal 0 1 0
    outer loop
      vertex 3.33342 35.5 20.9888
      vertex -3.33342 35.5 20.9888
      vertex -3 35.5 21.1962
    endloop
  endfacet
  facet normal 0 1 0
    outer loop
      vertex 3.65257 35.5 20.7601
      vertex -3.33342 35.5 20.9888
      vertex 3.33342 35.5 20.9888
    endloop
  endfacet
  facet normal 0 1 0
    outer loop
      vertex 3.65257 35.5 20.7601
      vertex -3.65257 35.5 20.7601
      vertex -3.33342 35.5 20.9888
    endloop
  endfacet
  facet normal 0 1 0
    outer loop
      vertex 3.95607 35.5 20.511
      vertex -3.65257 35.5 20.7601
      vertex 3.65257 35.5 20.7601
    endloop
  endfacet
  facet normal 0 1 0
    outer loop
      vertex 3.95607 35.5 20.511
      vertex -3.95607 35.5 20.511
      vertex -3.65257 35.5 20.7601
    endloop
  endfacet
  facet normal 0 1 0
    outer loop
      vertex 4.24264 35.5 20.2426
      vertex -3.95607 35.5 20.511
      vertex 3.95607 35.5 20.511
    endloop
  endfacet
  facet normal 0 1 0
    outer loop
      vertex 4.24264 35.5 20.2426
      vertex -4.24264 35.5 20.2426
      vertex -3.95607 35.5 20.511
    endloop
  endfacet
  facet normal 0 1 0
    outer loop
      vertex 4.51104 35.5 19.9561
      vertex -4.24264 35.5 20.2426
      vertex 4.24264 35.5 20.2426
    endloop
  endfacet
  facet normal 0 1 0
    outer loop
      vertex 4.51104 35.5 19.9561
      vertex -4.51104 35.5 19.9561
      vertex -4.24264 35.5 20.2426
    endloop
  endfacet
  facet normal 0 1 0
    outer loop
      vertex 4.76012 35.5 19.6526
      vertex -4.51104 35.5 19.9561
      vertex 4.51104 35.5 19.9561
    endloop
  endfacet
  facet normal 0 1 0
    outer loop
      vertex 4.76012 35.5 19.6526
      vertex -4.76012 35.5 19.6526
      vertex -4.51104 35.5 19.9561
    endloop
  endfacet
  facet normal 0 1 0
    outer loop
      vertex 4.98882 35.5 19.3334
      vertex -4.76012 35.5 19.6526
      vertex 4.76012 35.5 19.6526
    endloop
  endfacet
  facet normal 0 1 0
    outer loop
      vertex 4.98882 35.5 19.3334
      vertex -4.98882 35.5 19.3334
      vertex -4.76012 35.5 19.6526
    endloop
  endfacet
  facet normal 0 1 0
    outer loop
      vertex 5.19615 35.5 19
      vertex -4.98882 35.5 19.3334
      vertex 4.98882 35.5 19.3334
    endloop
  endfacet
  facet normal 0 1 0
    outer loop
      vertex 5.19615 35.5 19
      vertex -5.19615 35.5 19
      vertex -4.98882 35.5 19.3334
    endloop
  endfacet
  facet normal 0 1 0
    outer loop
      vertex 5.38124 35.5 18.6537
      vertex -5.19615 35.5 19
      vertex 5.19615 35.5 19
    endloop
  endfacet
  facet normal 0 1 0
    outer loop
      vertex 5.38124 35.5 18.6537
      vertex -5.38124 35.5 18.6537
      vertex -5.19615 35.5 19
    endloop
  endfacet
  facet normal 0 1 0
    outer loop
      vertex 5.54328 35.5 18.2961
      vertex -5.38124 35.5 18.6537
      vertex 5.38124 35.5 18.6537
    endloop
  endfacet
  facet normal 0 1 0
    outer loop
      vertex 5.54328 35.5 18.2961
      vertex -5.54328 35.5 18.2961
      vertex -5.38124 35.5 18.6537
    endloop
  endfacet
  facet normal 0 1 0
    outer loop
      vertex 5.68158 35.5 17.9286
      vertex -5.54328 35.5 18.2961
      vertex 5.54328 35.5 18.2961
    endloop
  endfacet
  facet normal 0 1 0
    outer loop
      vertex 5.68158 35.5 17.9286
      vertex -5.68158 35.5 17.9286
      vertex -5.54328 35.5 18.2961
    endloop
  endfacet
  facet normal 0 1 0
    outer loop
      vertex 5.79555 35.5 17.5529
      vertex -5.68158 35.5 17.9286
      vertex 5.68158 35.5 17.9286
    endloop
  endfacet
  facet normal 0 1 0
    outer loop
      vertex 5.79555 35.5 17.5529
      vertex -5.79555 35.5 17.5529
      vertex -5.68158 35.5 17.9286
    endloop
  endfacet
  facet normal 0 1 0
    outer loop
      vertex 5.88471 35.5 17.1705
      vertex -5.79555 35.5 17.5529
      vertex 5.79555 35.5 17.5529
    endloop
  endfacet
  facet normal 0 1 0
    outer loop
      vertex 5.88471 35.5 17.1705
      vertex -5.88471 35.5 17.1705
      vertex -5.79555 35.5 17.5529
    endloop
  endfacet
  facet normal 0 1 0
    outer loop
      vertex 5.94867 35.5 16.7832
      vertex -5.88471 35.5 17.1705
      vertex 5.88471 35.5 17.1705
    endloop
  endfacet
  facet normal 0 1 0
    outer loop
      vertex 5.94867 35.5 16.7832
      vertex -5.94867 35.5 16.7832
      vertex -5.88471 35.5 17.1705
    endloop
  endfacet
  facet normal 0 1 0
    outer loop
      vertex 5.98715 35.5 16.3924
      vertex -5.94867 35.5 16.7832
      vertex 5.94867 35.5 16.7832
    endloop
  endfacet
  facet normal 0 1 0
    outer loop
      vertex 5.98715 35.5 16.3924
      vertex -5.98715 35.5 16.3924
      vertex -5.94867 35.5 16.7832
    endloop
  endfacet
  facet normal 0 1 0
    outer loop
      vertex 6 35.5 16
      vertex -5.98715 35.5 16.3924
      vertex 5.98715 35.5 16.3924
    endloop
  endfacet
  facet normal 0 1 0
    outer loop
      vertex 6 35.5 16
      vertex -6 35.5 16
      vertex -5.98715 35.5 16.3924
    endloop
  endfacet
  facet normal 0 1 -0
    outer loop
      vertex 5.98715 35.5 15.6076
      vertex -6 35.5 16
      vertex 6 35.5 16
    endloop
  endfacet
  facet normal 0 1 0
    outer loop
      vertex 5.98715 35.5 15.6076
      vertex -5.98715 35.5 15.6076
      vertex -6 35.5 16
    endloop
  endfacet
  facet normal 0 1 -0
    outer loop
      vertex 5.94867 35.5 15.2168
      vertex -5.98715 35.5 15.6076
      vertex 5.98715 35.5 15.6076
    endloop
  endfacet
  facet normal 0 1 0
    outer loop
      vertex 5.94867 35.5 15.2168
      vertex -5.94867 35.5 15.2168
      vertex -5.98715 35.5 15.6076
    endloop
  endfacet
  facet normal 0 1 -0
    outer loop
      vertex 5.88471 35.5 14.8295
      vertex -5.94867 35.5 15.2168
      vertex 5.94867 35.5 15.2168
    endloop
  endfacet
  facet normal 0 1 0
    outer loop
      vertex 5.88471 35.5 14.8295
      vertex -5.88471 35.5 14.8295
      vertex -5.94867 35.5 15.2168
    endloop
  endfacet
  facet normal 0 1 -0
    outer loop
      vertex 5.79555 35.5 14.4471
      vertex -5.88471 35.5 14.8295
      vertex 5.88471 35.5 14.8295
    endloop
  endfacet
  facet normal 0 1 0
    outer loop
      vertex 5.79555 35.5 14.4471
      vertex -5.79555 35.5 14.4471
      vertex -5.88471 35.5 14.8295
    endloop
  endfacet
  facet normal 0 1 -0
    outer loop
      vertex 5.68158 35.5 14.0714
      vertex -5.79555 35.5 14.4471
      vertex 5.79555 35.5 14.4471
    endloop
  endfacet
  facet normal 0 1 0
    outer loop
      vertex 5.68158 35.5 14.0714
      vertex -5.68158 35.5 14.0714
      vertex -5.79555 35.5 14.4471
    endloop
  endfacet
  facet normal 0 1 -0
    outer loop
      vertex 5.54328 35.5 13.7039
      vertex -5.68158 35.5 14.0714
      vertex 5.68158 35.5 14.0714
    endloop
  endfacet
  facet normal 0 1 0
    outer loop
      vertex 5.54328 35.5 13.7039
      vertex -5.54328 35.5 13.7039
      vertex -5.68158 35.5 14.0714
    endloop
  endfacet
  facet normal 0 1 -0
    outer loop
      vertex 5.38124 35.5 13.3463
      vertex -5.54328 35.5 13.7039
      vertex 5.54328 35.5 13.7039
    endloop
  endfacet
  facet normal 0 1 0
    outer loop
      vertex 5.38124 35.5 13.3463
      vertex -5.38124 35.5 13.3463
      vertex -5.54328 35.5 13.7039
    endloop
  endfacet
  facet normal 0 1 -0
    outer loop
      vertex 5.19615 35.5 13
      vertex -5.38124 35.5 13.3463
      vertex 5.38124 35.5 13.3463
    endloop
  endfacet
  facet normal 0 1 0
    outer loop
      vertex 5.19615 35.5 13
      vertex -5.19615 35.5 13
      vertex -5.38124 35.5 13.3463
    endloop
  endfacet
  facet normal 0 1 -0
    outer loop
      vertex 4.98882 35.5 12.6666
      vertex -5.19615 35.5 13
      vertex 5.19615 35.5 13
    endloop
  endfacet
  facet normal 0 1 0
    outer loop
      vertex 4.98882 35.5 12.6666
      vertex -4.98882 35.5 12.6666
      vertex -5.19615 35.5 13
    endloop
  endfacet
  facet normal 0 1 -0
    outer loop
      vertex 4.76012 35.5 12.3474
      vertex -4.98882 35.5 12.6666
      vertex 4.98882 35.5 12.6666
    endloop
  endfacet
  facet normal 0 1 0
    outer loop
      vertex 4.76012 35.5 12.3474
      vertex -4.76012 35.5 12.3474
      vertex -4.98882 35.5 12.6666
    endloop
  endfacet
  facet normal 0 1 -0
    outer loop
      vertex 4.51104 35.5 12.0439
      vertex -4.76012 35.5 12.3474
      vertex 4.76012 35.5 12.3474
    endloop
  endfacet
  facet normal 0 1 0
    outer loop
      vertex 4.51104 35.5 12.0439
      vertex -4.51104 35.5 12.0439
      vertex -4.76012 35.5 12.3474
    endloop
  endfacet
  facet normal 0 1 -0
    outer loop
      vertex 4.24264 35.5 11.7574
      vertex -4.51104 35.5 12.0439
      vertex 4.51104 35.5 12.0439
    endloop
  endfacet
  facet normal 0 1 0
    outer loop
      vertex 4.24264 35.5 11.7574
      vertex -4.24264 35.5 11.7574
      vertex -4.51104 35.5 12.0439
    endloop
  endfacet
  facet normal 0 1 -0
    outer loop
      vertex 3.95607 35.5 11.489
      vertex -4.24264 35.5 11.7574
      vertex 4.24264 35.5 11.7574
    endloop
  endfacet
  facet normal 0 1 0
    outer loop
      vertex 3.95607 35.5 11.489
      vertex -3.95607 35.5 11.489
      vertex -4.24264 35.5 11.7574
    endloop
  endfacet
  facet normal 0 1 -0
    outer loop
      vertex 3.65257 35.5 11.2399
      vertex -3.95607 35.5 11.489
      vertex 3.95607 35.5 11.489
    endloop
  endfacet
  facet normal 0 1 0
    outer loop
      vertex 3.65257 35.5 11.2399
      vertex -3.65257 35.5 11.2399
      vertex -3.95607 35.5 11.489
    endloop
  endfacet
  facet normal 0 1 -0
    outer loop
      vertex 3.33342 35.5 11.0112
      vertex -3.65257 35.5 11.2399
      vertex 3.65257 35.5 11.2399
    endloop
  endfacet
  facet normal 0 1 0
    outer loop
      vertex 3.33342 35.5 11.0112
      vertex -3.33342 35.5 11.0112
      vertex -3.65257 35.5 11.2399
    endloop
  endfacet
  facet normal 0 1 -0
    outer loop
      vertex 3 35.5 10.8038
      vertex -3.33342 35.5 11.0112
      vertex 3.33342 35.5 11.0112
    endloop
  endfacet
  facet normal 0 1 0
    outer loop
      vertex 3 35.5 10.8038
      vertex -3 35.5 10.8038
      vertex -3.33342 35.5 11.0112
    endloop
  endfacet
  facet normal 0 1 -0
    outer loop
      vertex 2.65373 35.5 10.6188
      vertex -3 35.5 10.8038
      vertex 3 35.5 10.8038
    endloop
  endfacet
  facet normal 0 1 0
    outer loop
      vertex 2.65373 35.5 10.6188
      vertex -2.65373 35.5 10.6188
      vertex -3 35.5 10.8038
    endloop
  endfacet
  facet normal 0 1 -0
    outer loop
      vertex 2.2961 35.5 10.4567
      vertex -2.65373 35.5 10.6188
      vertex 2.65373 35.5 10.6188
    endloop
  endfacet
  facet normal 0 1 0
    outer loop
      vertex 2.2961 35.5 10.4567
      vertex -2.2961 35.5 10.4567
      vertex -2.65373 35.5 10.6188
    endloop
  endfacet
  facet normal 0 1 -0
    outer loop
      vertex 1.92864 35.5 10.3184
      vertex -2.2961 35.5 10.4567
      vertex 2.2961 35.5 10.4567
    endloop
  endfacet
  facet normal 0 1 0
    outer loop
      vertex 1.92864 35.5 10.3184
      vertex -1.92864 35.5 10.3184
      vertex -2.2961 35.5 10.4567
    endloop
  endfacet
  facet normal 0 1 -0
    outer loop
      vertex 1.55291 35.5 10.2044
      vertex -1.92864 35.5 10.3184
      vertex 1.92864 35.5 10.3184
    endloop
  endfacet
  facet normal 0 1 0
    outer loop
      vertex 1.55291 35.5 10.2044
      vertex -1.55291 35.5 10.2044
      vertex -1.92864 35.5 10.3184
    endloop
  endfacet
  facet normal 0 1 -0
    outer loop
      vertex 1.17054 35.5 10.1153
      vertex -1.55291 35.5 10.2044
      vertex 1.55291 35.5 10.2044
    endloop
  endfacet
  facet normal 0 1 0
    outer loop
      vertex 1.17054 35.5 10.1153
      vertex -1.17054 35.5 10.1153
      vertex -1.55291 35.5 10.2044
    endloop
  endfacet
  facet normal 0 1 -0
    outer loop
      vertex 0.783156 35.5 10.0513
      vertex -1.17054 35.5 10.1153
      vertex 1.17054 35.5 10.1153
    endloop
  endfacet
  facet normal 0 1 0
    outer loop
      vertex 0.783156 35.5 10.0513
      vertex -0.783156 35.5 10.0513
      vertex -1.17054 35.5 10.1153
    endloop
  endfacet
  facet normal 0 1 -0
    outer loop
      vertex 0.392418 35.5 10.0128
      vertex -0.783156 35.5 10.0513
      vertex 0.783156 35.5 10.0513
    endloop
  endfacet
  facet normal 0 1 0
    outer loop
      vertex 0.392418 35.5 10.0128
      vertex -0.392418 35.5 10.0128
      vertex -0.783156 35.5 10.0513
    endloop
  endfacet
  facet normal -0 1 0
    outer loop
      vertex -0.392418 35.5 10.0128
      vertex 0.392418 35.5 10.0128
      vertex 0 35.5 10
    endloop
  endfacet
  facet normal -0.910186 -0 -0.4142
    outer loop
      vertex -5.38124 32.3 13.3463
      vertex -5.38124 32 13.3463
      vertex -5.38438 32.3 13.3532
    endloop
  endfacet
  facet normal -0.910186 0 -0.4142
    outer loop
      vertex -5.38438 35.2 13.3532
      vertex -5.38124 35.5 13.3463
      vertex -5.38124 35.2 13.3463
    endloop
  endfacet
  facet normal -0.910851 4.06521e-05 -0.412736
    outer loop
      vertex -5.38124 35.5 13.3463
      vertex -5.38438 35.2 13.3532
      vertex -5.54328 35.5 13.7039
    endloop
  endfacet
  facet normal -0.910864 0 -0.412707
    outer loop
      vertex -5.38438 32.3 13.3532
      vertex -5.54328 35.5 13.7039
      vertex -5.38438 35.2 13.3532
    endloop
  endfacet
  facet normal -0.910851 -4.06521e-05 -0.412736
    outer loop
      vertex -5.54328 32 13.7039
      vertex -5.38438 32.3 13.3532
      vertex -5.38124 32 13.3463
    endloop
  endfacet
  facet normal -0.910864 0 -0.412707
    outer loop
      vertex -5.38438 32.3 13.3532
      vertex -5.54328 32 13.7039
      vertex -5.54328 35.5 13.7039
    endloop
  endfacet
  facet normal 0.999464 0 -0.0327297
    outer loop
      vertex 6 32 16
      vertex 5.98715 32.3 15.6076
      vertex 6 32.3 16
    endloop
  endfacet
  facet normal 0.999464 0 -0.0327297
    outer loop
      vertex 5.98715 32.3 15.6076
      vertex 6 32 16
      vertex 5.98715 32 15.6076
    endloop
  endfacet
  facet normal 0.999464 0 -0.0327297
    outer loop
      vertex 6 35.2 16
      vertex 5.98715 35.5 15.6076
      vertex 6 35.5 16
    endloop
  endfacet
  facet normal 0.999464 0 -0.0327297
    outer loop
      vertex 5.98715 35.5 15.6076
      vertex 6 35.2 16
      vertex 5.98715 35.2 15.6076
    endloop
  endfacet
  facet normal -0.849192 0 0.528084
    outer loop
      vertex -5.19615 35.5 19
      vertex -5.19615 35.2 19
      vertex -4.98882 35.5 19.3334
    endloop
  endfacet
  facet normal 0 0 0
    outer loop
      vertex -5.19615 35.5 19
      vertex -5.19615 32.3 19
      vertex -5.19615 35.2 19
    endloop
  endfacet
  facet normal 0 0 0
    outer loop
      vertex -5.19615 32 19
      vertex -5.19615 32.3 19
      vertex -5.19615 35.5 19
    endloop
  endfacet
  facet normal -0.849192 0 0.528084
    outer loop
      vertex -5.19615 32 19
      vertex -4.98882 32.3 19.3334
      vertex -5.19615 32.3 19
    endloop
  endfacet
  facet normal -0.849192 0 0.528084
    outer loop
      vertex -4.98882 32.3 19.3334
      vertex -5.19615 32 19
      vertex -4.98882 32 19.3334
    endloop
  endfacet
  facet normal -0.849192 0 0.528084
    outer loop
      vertex -4.98882 35.5 19.3334
      vertex -5.19615 35.2 19
      vertex -4.98882 35.2 19.3334
    endloop
  endfacet
  facet normal 0.729783 0 -0.683678
    outer loop
      vertex 4.51104 32 12.0439
      vertex 4.24264 32.3 11.7574
      vertex 4.51104 32.3 12.0439
    endloop
  endfacet
  facet normal 0.729783 0 -0.683678
    outer loop
      vertex 4.24264 32.3 11.7574
      vertex 4.51104 32 12.0439
      vertex 4.24264 32 11.7574
    endloop
  endfacet
  facet normal 0.729783 0 -0.683678
    outer loop
      vertex 4.51104 35.2 12.0439
      vertex 4.24264 35.5 11.7574
      vertex 4.51104 35.5 12.0439
    endloop
  endfacet
  facet normal 0.729783 0 -0.683678
    outer loop
      vertex 4.24264 35.5 11.7574
      vertex 4.51104 35.2 12.0439
      vertex 4.24264 35.2 11.7574
    endloop
  endfacet
  facet normal -0.973879 0 0.227069
    outer loop
      vertex -5.88471 32 17.1705
      vertex -5.79555 32.3 17.5529
      vertex -5.88471 32.3 17.1705
    endloop
  endfacet
  facet normal -0.973879 0 0.227069
    outer loop
      vertex -5.79555 32.3 17.5529
      vertex -5.88471 32 17.1705
      vertex -5.79555 32 17.5529
    endloop
  endfacet
  facet normal -0.973879 0 0.227069
    outer loop
      vertex -5.88471 35.2 17.1705
      vertex -5.79555 35.5 17.5529
      vertex -5.88471 35.5 17.1705
    endloop
  endfacet
  facet normal -0.973879 0 0.227069
    outer loop
      vertex -5.79555 35.5 17.5529
      vertex -5.88471 35.2 17.1705
      vertex -5.79555 35.2 17.5529
    endloop
  endfacet
  facet normal -0.773005 -3.11325e-05 0.634399
    outer loop
      vertex -4.76012 35.5 19.6526
      vertex -4.51587 35.2 19.9502
      vertex -4.51104 35.5 19.9561
    endloop
  endfacet
  facet normal -0.77299 0 0.634418
    outer loop
      vertex -4.76012 35.5 19.6526
      vertex -4.51587 32.3 19.9502
      vertex -4.51587 35.2 19.9502
    endloop
  endfacet
  facet normal -0.77299 0 0.634418
    outer loop
      vertex -4.76012 32 19.6526
      vertex -4.51587 32.3 19.9502
      vertex -4.76012 35.5 19.6526
    endloop
  endfacet
  facet normal -0.773005 3.11325e-05 0.634399
    outer loop
      vertex -4.51104 32 19.9561
      vertex -4.51587 32.3 19.9502
      vertex -4.76012 32 19.6526
    endloop
  endfacet
  facet normal -0.773782 0 0.633452
    outer loop
      vertex -4.51587 32.3 19.9502
      vertex -4.51104 32 19.9561
      vertex -4.51104 32.3 19.9561
    endloop
  endfacet
  facet normal -0.773782 0 0.633452
    outer loop
      vertex -4.51104 35.5 19.9561
      vertex -4.51587 35.2 19.9502
      vertex -4.51104 35.2 19.9561
    endloop
  endfacet
  facet normal -0.29034 0 0.956924
    outer loop
      vertex -1.92864 32.3 21.6816
      vertex -1.55291 32 21.7956
      vertex -1.55291 32.3 21.7956
    endloop
  endfacet
  facet normal -0.29034 0 0.956924
    outer loop
      vertex -1.55291 32 21.7956
      vertex -1.92864 32.3 21.6816
      vertex -1.92864 32 21.6816
    endloop
  endfacet
  facet normal -0.29034 0 0.956924
    outer loop
      vertex -1.92864 35.5 21.6816
      vertex -1.55291 35.2 21.7956
      vertex -1.55291 35.5 21.7956
    endloop
  endfacet
  facet normal -0.29034 0 0.956924
    outer loop
      vertex -1.55291 35.2 21.7956
      vertex -1.92864 35.5 21.6816
      vertex -1.92864 35.2 21.6816
    endloop
  endfacet
  facet normal -0.412717 0 0.91086
    outer loop
      vertex -2.2961 35.5 21.5433
      vertex -2.64679 35.2 21.3844
      vertex -2.2961 32 21.5433
    endloop
  endfacet
  facet normal -0.412834 0.000165049 0.910806
    outer loop
      vertex -2.65373 35.5 21.3812
      vertex -2.64679 35.2 21.3844
      vertex -2.2961 35.5 21.5433
    endloop
  endfacet
  facet normal -0.418726 0 0.908113
    outer loop
      vertex -2.64679 35.2 21.3844
      vertex -2.65373 35.5 21.3812
      vertex -2.65373 35.2 21.3812
    endloop
  endfacet
  facet normal -0.412717 0 0.91086
    outer loop
      vertex -2.64679 32.3 21.3844
      vertex -2.2961 32 21.5433
      vertex -2.64679 35.2 21.3844
    endloop
  endfacet
  facet normal -0.418726 0 0.908113
    outer loop
      vertex -2.65373 32 21.3812
      vertex -2.64679 32.3 21.3844
      vertex -2.65373 32.3 21.3812
    endloop
  endfacet
  facet normal -0.412834 -0.000165049 0.910806
    outer loop
      vertex -2.64679 32.3 21.3844
      vertex -2.65373 32 21.3812
      vertex -2.2961 32 21.5433
    endloop
  endfacet
  facet normal 0.813024 0 -0.58223
    outer loop
      vertex 4.98882 32.3 12.6666
      vertex 4.98882 32 12.6666
      vertex 4.98438 32.3 12.6604
    endloop
  endfacet
  facet normal 0.813024 0 -0.58223
    outer loop
      vertex 4.98438 35.2 12.6604
      vertex 4.98882 35.5 12.6666
      vertex 4.98882 35.2 12.6666
    endloop
  endfacet
  facet normal 0.812889 5.87426e-06 -0.582418
    outer loop
      vertex 4.98882 35.5 12.6666
      vertex 4.98438 35.2 12.6604
      vertex 4.76012 35.5 12.3474
    endloop
  endfacet
  facet normal 0.812887 0 -0.582422
    outer loop
      vertex 4.98438 32.3 12.6604
      vertex 4.76012 35.5 12.3474
      vertex 4.98438 35.2 12.6604
    endloop
  endfacet
  facet normal 0.812889 -5.87426e-06 -0.582418
    outer loop
      vertex 4.76012 32 12.3474
      vertex 4.98438 32.3 12.6604
      vertex 4.98882 32 12.6666
    endloop
  endfacet
  facet normal 0.812887 0 -0.582422
    outer loop
      vertex 4.98438 32.3 12.6604
      vertex 4.76012 32 12.3474
      vertex 4.76012 35.5 12.3474
    endloop
  endfacet
  facet normal 0.226941 0 -0.973909
    outer loop
      vertex 1.17054 35.2 10.1153
      vertex 1.55291 35.5 10.2044
      vertex 1.55291 35.2 10.2044
    endloop
  endfacet
  facet normal 0.226941 0 -0.973909
    outer loop
      vertex 1.55291 35.5 10.2044
      vertex 1.17054 35.2 10.1153
      vertex 1.17054 35.5 10.1153
    endloop
  endfacet
  facet normal 0.226941 0 -0.973909
    outer loop
      vertex 1.17054 32 10.1153
      vertex 1.55291 32.3 10.2044
      vertex 1.55291 32 10.2044
    endloop
  endfacet
  facet normal 0.226941 0 -0.973909
    outer loop
      vertex 1.55291 32.3 10.2044
      vertex 1.17054 32 10.1153
      vertex 1.17054 32.3 10.1153
    endloop
  endfacet
  facet normal -0.729783 0 0.683678
    outer loop
      vertex -4.51104 35.2 19.9561
      vertex -4.24264 35.5 20.2426
      vertex -4.51104 35.5 19.9561
    endloop
  endfacet
  facet normal -0.729783 0 0.683678
    outer loop
      vertex -4.24264 35.5 20.2426
      vertex -4.51104 35.2 19.9561
      vertex -4.24264 35.2 20.2426
    endloop
  endfacet
  facet normal -0.729783 0 0.683678
    outer loop
      vertex -4.51104 32 19.9561
      vertex -4.24264 32.3 20.2426
      vertex -4.51104 32.3 19.9561
    endloop
  endfacet
  facet normal -0.729783 0 0.683678
    outer loop
      vertex -4.24264 32.3 20.2426
      vertex -4.51104 32 19.9561
      vertex -4.24264 32 20.2426
    endloop
  endfacet
  facet normal 0.418726 0 -0.908113
    outer loop
      vertex 2.65373 32 10.6188
      vertex 2.64679 32.3 10.6156
      vertex 2.65373 32.3 10.6188
    endloop
  endfacet
  facet normal 0.412717 0 -0.91086
    outer loop
      vertex 2.64679 32.3 10.6156
      vertex 2.2961 32 10.4567
      vertex 2.64679 35.2 10.6156
    endloop
  endfacet
  facet normal 0.412834 -0.000165049 -0.910806
    outer loop
      vertex 2.2961 32 10.4567
      vertex 2.64679 32.3 10.6156
      vertex 2.65373 32 10.6188
    endloop
  endfacet
  facet normal 0.418726 0 -0.908113
    outer loop
      vertex 2.64679 35.2 10.6156
      vertex 2.65373 35.5 10.6188
      vertex 2.65373 35.2 10.6188
    endloop
  endfacet
  facet normal 0.412717 0 -0.91086
    outer loop
      vertex 2.2961 35.5 10.4567
      vertex 2.64679 35.2 10.6156
      vertex 2.2961 32 10.4567
    endloop
  endfacet
  facet normal 0.412834 0.000165049 -0.910806
    outer loop
      vertex 2.64679 35.2 10.6156
      vertex 2.2961 35.5 10.4567
      vertex 2.65373 35.5 10.6188
    endloop
  endfacet
  facet normal -0.412717 0 -0.91086
    outer loop
      vertex -2.2961 32 10.4567
      vertex -2.64679 32.3 10.6156
      vertex -2.2961 35.5 10.4567
    endloop
  endfacet
  facet normal -0.412834 -0.000165049 -0.910806
    outer loop
      vertex -2.65373 32 10.6188
      vertex -2.64679 32.3 10.6156
      vertex -2.2961 32 10.4567
    endloop
  endfacet
  facet normal -0.418726 0 -0.908113
    outer loop
      vertex -2.64679 32.3 10.6156
      vertex -2.65373 32 10.6188
      vertex -2.65373 32.3 10.6188
    endloop
  endfacet
  facet normal -0.412717 -0 -0.91086
    outer loop
      vertex -2.64679 35.2 10.6156
      vertex -2.2961 35.5 10.4567
      vertex -2.64679 32.3 10.6156
    endloop
  endfacet
  facet normal -0.418726 -0 -0.908113
    outer loop
      vertex -2.65373 35.5 10.6188
      vertex -2.64679 35.2 10.6156
      vertex -2.65373 35.2 10.6188
    endloop
  endfacet
  facet normal -0.412834 0.000165049 -0.910806
    outer loop
      vertex -2.64679 35.2 10.6156
      vertex -2.65373 35.5 10.6188
      vertex -2.2961 35.5 10.4567
    endloop
  endfacet
  facet normal -0.881933 2.93978e-05 -0.471375
    outer loop
      vertex -5.19615 35.5 13
      vertex -5.19616 35.2 13
      vertex -5.38124 35.5 13.3463
    endloop
  endfacet
  facet normal 0 0 -1
    outer loop
      vertex -5.19615 35.5 13
      vertex -5.19616 32.3 13
      vertex -5.19616 35.2 13
    endloop
  endfacet
  facet normal 0 0 -1
    outer loop
      vertex -5.19615 32 13
      vertex -5.19616 32.3 13
      vertex -5.19615 35.5 13
    endloop
  endfacet
  facet normal -0.881944 -2.93981e-05 -0.471355
    outer loop
      vertex -5.19615 32 13
      vertex -5.38124 32.3 13.3463
      vertex -5.19616 32.3 13
    endloop
  endfacet
  facet normal -0.881933 -0 -0.471375
    outer loop
      vertex -5.38124 32.3 13.3463
      vertex -5.19615 32 13
      vertex -5.38124 32 13.3463
    endloop
  endfacet
  facet normal -0.881944 -0 -0.471355
    outer loop
      vertex -5.38124 35.5 13.3463
      vertex -5.19616 35.2 13
      vertex -5.38124 35.2 13.3463
    endloop
  endfacet
  facet normal -0.956938 0 -0.290291
    outer loop
      vertex -5.68158 32 14.0714
      vertex -5.79555 32.3 14.4471
      vertex -5.68158 32.3 14.0714
    endloop
  endfacet
  facet normal -0.956938 -0 -0.290291
    outer loop
      vertex -5.79555 32.3 14.4471
      vertex -5.68158 32 14.0714
      vertex -5.79555 32 14.4471
    endloop
  endfacet
  facet normal -0.956938 0 -0.290291
    outer loop
      vertex -5.68158 35.2 14.0714
      vertex -5.79555 35.5 14.4471
      vertex -5.68158 35.5 14.0714
    endloop
  endfacet
  facet normal -0.956938 -0 -0.290291
    outer loop
      vertex -5.79555 35.5 14.4471
      vertex -5.68158 35.2 14.0714
      vertex -5.79555 35.2 14.4471
    endloop
  endfacet
  facet normal -0.162856 0 -0.98665
    outer loop
      vertex -0.783156 32 10.0513
      vertex -1.16302 32.3 10.114
      vertex -0.783156 35.5 10.0513
    endloop
  endfacet
  facet normal -0.163001 -0.000189482 -0.986626
    outer loop
      vertex -1.17054 32 10.1153
      vertex -1.16302 32.3 10.114
      vertex -0.783156 32 10.0513
    endloop
  endfacet
  facet normal -0.170346 0 -0.985384
    outer loop
      vertex -1.16302 32.3 10.114
      vertex -1.17054 32 10.1153
      vertex -1.17054 32.3 10.1153
    endloop
  endfacet
  facet normal -0.162856 -0 -0.98665
    outer loop
      vertex -1.16302 35.2 10.114
      vertex -0.783156 35.5 10.0513
      vertex -1.16302 32.3 10.114
    endloop
  endfacet
  facet normal -0.170346 -0 -0.985384
    outer loop
      vertex -1.17054 35.5 10.1153
      vertex -1.16302 35.2 10.114
      vertex -1.17054 35.2 10.1153
    endloop
  endfacet
  facet normal -0.163001 0.000189482 -0.986626
    outer loop
      vertex -1.16302 35.2 10.114
      vertex -1.17054 35.5 10.1153
      vertex -0.783156 35.5 10.0513
    endloop
  endfacet
  facet normal -0.104931 0 -0.99448
    outer loop
      vertex -0.392418 32 10.0128
      vertex -0.4 32.3 10.0136
      vertex -0.392418 32.3 10.0128
    endloop
  endfacet
  facet normal -0.0979205 0 -0.995194
    outer loop
      vertex -0.4 32.3 10.0136
      vertex -0.783156 32 10.0513
      vertex -0.4 35.2 10.0136
    endloop
  endfacet
  facet normal -0.0980567 0.000175597 -0.995181
    outer loop
      vertex -0.783156 32 10.0513
      vertex -0.4 32.3 10.0136
      vertex -0.392418 32 10.0128
    endloop
  endfacet
  facet normal -0.104931 0 -0.99448
    outer loop
      vertex -0.4 35.2 10.0136
      vertex -0.392418 35.5 10.0128
      vertex -0.392418 35.2 10.0128
    endloop
  endfacet
  facet normal -0.0979205 -0 -0.995194
    outer loop
      vertex -0.783156 35.5 10.0513
      vertex -0.4 35.2 10.0136
      vertex -0.783156 32 10.0513
    endloop
  endfacet
  facet normal -0.0980567 -0.000175597 -0.995181
    outer loop
      vertex -0.4 35.2 10.0136
      vertex -0.783156 35.5 10.0513
      vertex -0.392418 35.5 10.0128
    endloop
  endfacet
  facet normal -0.881944 0 0.471355
    outer loop
      vertex -5.38124 32.3 18.6537
      vertex -5.38124 32 18.6537
      vertex -5.19616 32.3 19
    endloop
  endfacet
  facet normal -0.881933 0 0.471375
    outer loop
      vertex -5.38124 35.2 18.6537
      vertex -5.19615 35.5 19
      vertex -5.38124 35.5 18.6537
    endloop
  endfacet
  facet normal -0.881944 2.93981e-05 0.471355
    outer loop
      vertex -5.19616 35.2 19
      vertex -5.19615 35.5 19
      vertex -5.38124 35.2 18.6537
    endloop
  endfacet
  facet normal 0 0 1
    outer loop
      vertex -5.19616 32.3 19
      vertex -5.19615 35.5 19
      vertex -5.19616 35.2 19
    endloop
  endfacet
  facet normal -0 0 1
    outer loop
      vertex -5.19616 32.3 19
      vertex -5.19615 32 19
      vertex -5.19615 35.5 19
    endloop
  endfacet
  facet normal -0.881933 -2.93978e-05 0.471375
    outer loop
      vertex -5.19615 32 19
      vertex -5.19616 32.3 19
      vertex -5.38124 32 18.6537
    endloop
  endfacet
  facet normal -0.910851 4.06521e-05 0.412736
    outer loop
      vertex -5.54328 35.5 18.2961
      vertex -5.38438 35.2 18.6468
      vertex -5.38124 35.5 18.6537
    endloop
  endfacet
  facet normal -0.910864 0 0.412707
    outer loop
      vertex -5.54328 35.5 18.2961
      vertex -5.38438 32.3 18.6468
      vertex -5.38438 35.2 18.6468
    endloop
  endfacet
  facet normal -0.910864 0 0.412707
    outer loop
      vertex -5.54328 32 18.2961
      vertex -5.38438 32.3 18.6468
      vertex -5.54328 35.5 18.2961
    endloop
  endfacet
  facet normal -0.910851 -4.06521e-05 0.412736
    outer loop
      vertex -5.38124 32 18.6537
      vertex -5.38438 32.3 18.6468
      vertex -5.54328 32 18.2961
    endloop
  endfacet
  facet normal -0.910186 0 0.4142
    outer loop
      vertex -5.38438 32.3 18.6468
      vertex -5.38124 32 18.6537
      vertex -5.38124 32.3 18.6537
    endloop
  endfacet
  facet normal -0.910186 0 0.4142
    outer loop
      vertex -5.38124 35.5 18.6537
      vertex -5.38438 35.2 18.6468
      vertex -5.38124 35.2 18.6537
    endloop
  endfacet
  facet normal -0.579368 0 -0.815066
    outer loop
      vertex -3.33342 32 11.0112
      vertex -3.33961 32.3 11.0156
      vertex -3.33342 32.3 11.0112
    endloop
  endfacet
  facet normal -0.58254 0 -0.812802
    outer loop
      vertex -3.33961 32.3 11.0156
      vertex -3.65257 32 11.2399
      vertex -3.33961 35.2 11.0156
    endloop
  endfacet
  facet normal -0.582478 -9.67231e-05 -0.812846
    outer loop
      vertex -3.65257 32 11.2399
      vertex -3.33961 32.3 11.0156
      vertex -3.33342 32 11.0112
    endloop
  endfacet
  facet normal -0.579368 0 -0.815066
    outer loop
      vertex -3.33961 35.2 11.0156
      vertex -3.33342 35.5 11.0112
      vertex -3.33342 35.2 11.0112
    endloop
  endfacet
  facet normal -0.58254 -0 -0.812802
    outer loop
      vertex -3.65257 35.5 11.2399
      vertex -3.33961 35.2 11.0156
      vertex -3.65257 32 11.2399
    endloop
  endfacet
  facet normal -0.582478 9.67231e-05 -0.812846
    outer loop
      vertex -3.33961 35.2 11.0156
      vertex -3.65257 35.5 11.2399
      vertex -3.33342 35.5 11.0112
    endloop
  endfacet
  facet normal 0 -1 0
    outer loop
      vertex 0 32 20
      vertex 0 32 22
      vertex -0.392418 32 21.9872
    endloop
  endfacet
  facet normal 0 -1 0
    outer loop
      vertex -0.348622 32 19.9848
      vertex -0.392418 32 21.9872
      vertex -0.783156 32 21.9487
    endloop
  endfacet
  facet normal 0 -1 0
    outer loop
      vertex 0 32 22
      vertex 0 32 20
      vertex 0.392418 32 21.9872
    endloop
  endfacet
  facet normal 0 -1 0
    outer loop
      vertex -0.694592 32 19.9392
      vertex -0.783156 32 21.9487
      vertex -1.17054 32 21.8847
    endloop
  endfacet
  facet normal 0 -1 0
    outer loop
      vertex 0.348622 32 19.9848
      vertex 0.392418 32 21.9872
      vertex 0 32 20
    endloop
  endfacet
  facet normal 0 -1 0
    outer loop
      vertex -1.03528 32 19.8637
      vertex -1.17054 32 21.8847
      vertex -1.55291 32 21.7956
    endloop
  endfacet
  facet normal 0 -1 -0
    outer loop
      vertex 0.392418 32 21.9872
      vertex 0.348622 32 19.9848
      vertex 0.783156 32 21.9487
    endloop
  endfacet
  facet normal 0 -1 0
    outer loop
      vertex -1.03528 32 19.8637
      vertex -1.55291 32 21.7956
      vertex -1.92864 32 21.6816
    endloop
  endfacet
  facet normal 0 -1 0
    outer loop
      vertex 0.694592 32 19.9392
      vertex 0.783156 32 21.9487
      vertex 0.348622 32 19.9848
    endloop
  endfacet
  facet normal 0 -1 0
    outer loop
      vertex -1.36808 32 19.7588
      vertex -1.92864 32 21.6816
      vertex -2.2961 32 21.5433
    endloop
  endfacet
  facet normal 0 -1 -0
    outer loop
      vertex 0.783156 32 21.9487
      vertex 0.694592 32 19.9392
      vertex 1.17054 32 21.8847
    endloop
  endfacet
  facet normal 0 -1 0
    outer loop
      vertex -1.69047 32 19.6252
      vertex -2.2961 32 21.5433
      vertex -2.65373 32 21.3812
    endloop
  endfacet
  facet normal 0 -1 0
    outer loop
      vertex 1.03528 32 19.8637
      vertex 1.17054 32 21.8847
      vertex 0.694592 32 19.9392
    endloop
  endfacet
  facet normal 0 -1 0
    outer loop
      vertex -2 32 19.4641
      vertex -2.65373 32 21.3812
      vertex -3 32 21.1962
    endloop
  endfacet
  facet normal 0 -1 -0
    outer loop
      vertex 1.17054 32 21.8847
      vertex 1.03528 32 19.8637
      vertex 1.55291 32 21.7956
    endloop
  endfacet
  facet normal 0 -1 0
    outer loop
      vertex -2 32 19.4641
      vertex -3 32 21.1962
      vertex -3.33342 32 20.9888
    endloop
  endfacet
  facet normal 0 -1 -0
    outer loop
      vertex 1.55291 32 21.7956
      vertex 1.03528 32 19.8637
      vertex 1.92864 32 21.6816
    endloop
  endfacet
  facet normal 0 -1 0
    outer loop
      vertex -2.2943 32 19.2766
      vertex -3.33342 32 20.9888
      vertex -3.65257 32 20.7601
    endloop
  endfacet
  facet normal 0 -1 0
    outer loop
      vertex 1.36808 32 19.7588
      vertex 1.92864 32 21.6816
      vertex 1.03528 32 19.8637
    endloop
  endfacet
  facet normal 0 -1 0
    outer loop
      vertex -2.57115 32 19.0642
      vertex -3.65257 32 20.7601
      vertex -3.95607 32 20.511
    endloop
  endfacet
  facet normal 0 -1 -0
    outer loop
      vertex 1.92864 32 21.6816
      vertex 1.36808 32 19.7588
      vertex 2.2961 32 21.5433
    endloop
  endfacet
  facet normal 0 -1 0
    outer loop
      vertex -2.82843 32 18.8284
      vertex -3.95607 32 20.511
      vertex -4.24264 32 20.2426
    endloop
  endfacet
  facet normal 0 -1 0
    outer loop
      vertex 1.69047 32 19.6252
      vertex 2.2961 32 21.5433
      vertex 1.36808 32 19.7588
    endloop
  endfacet
  facet normal 0 -1 -0
    outer loop
      vertex 2.2961 32 21.5433
      vertex 1.69047 32 19.6252
      vertex 2.65373 32 21.3812
    endloop
  endfacet
  facet normal 0 -1 0
    outer loop
      vertex -0.392418 32 21.9872
      vertex -0.348622 32 19.9848
      vertex 0 32 20
    endloop
  endfacet
  facet normal 0 -1 0
    outer loop
      vertex -2.82843 32 18.8284
      vertex -4.24264 32 20.2426
      vertex -4.51104 32 19.9561
    endloop
  endfacet
  facet normal 0 -1 0
    outer loop
      vertex -0.783156 32 21.9487
      vertex -0.694592 32 19.9392
      vertex -0.348622 32 19.9848
    endloop
  endfacet
  facet normal 0 -1 0
    outer loop
      vertex -1.17054 32 21.8847
      vertex -1.03528 32 19.8637
      vertex -0.694592 32 19.9392
    endloop
  endfacet
  facet normal 0 -1 0
    outer loop
      vertex -1.92864 32 21.6816
      vertex -1.36808 32 19.7588
      vertex -1.03528 32 19.8637
    endloop
  endfacet
  facet normal 0 -1 0
    outer loop
      vertex -3.06418 32 18.5711
      vertex -4.51104 32 19.9561
      vertex -4.76012 32 19.6526
    endloop
  endfacet
  facet normal 0 -1 0
    outer loop
      vertex -2.2961 32 21.5433
      vertex -1.69047 32 19.6252
      vertex -1.36808 32 19.7588
    endloop
  endfacet
  facet normal 0 -1 0
    outer loop
      vertex -2.65373 32 21.3812
      vertex -2 32 19.4641
      vertex -1.69047 32 19.6252
    endloop
  endfacet
  facet normal 0 -1 0
    outer loop
      vertex -3.27661 32 18.2943
      vertex -4.76012 32 19.6526
      vertex -4.98882 32 19.3334
    endloop
  endfacet
  facet normal 0 -1 0
    outer loop
      vertex -3.33342 32 20.9888
      vertex -2.2943 32 19.2766
      vertex -2 32 19.4641
    endloop
  endfacet
  facet normal 0 -1 0
    outer loop
      vertex -3.65257 32 20.7601
      vertex -2.57115 32 19.0642
      vertex -2.2943 32 19.2766
    endloop
  endfacet
  facet normal 0 -1 0
    outer loop
      vertex -3.4641 32 18
      vertex -4.98882 32 19.3334
      vertex -5.19615 32 19
    endloop
  endfacet
  facet normal 0 -1 0
    outer loop
      vertex -3.95607 32 20.511
      vertex -2.82843 32 18.8284
      vertex -2.57115 32 19.0642
    endloop
  endfacet
  facet normal 0 -1 0
    outer loop
      vertex -3.4641 32 18
      vertex -5.19615 32 19
      vertex -5.38124 32 18.6537
    endloop
  endfacet
  facet normal 0 -1 0
    outer loop
      vertex -4.51104 32 19.9561
      vertex -3.06418 32 18.5711
      vertex -2.82843 32 18.8284
    endloop
  endfacet
  facet normal 0 -1 0
    outer loop
      vertex -3.62523 32 17.6905
      vertex -5.38124 32 18.6537
      vertex -5.54328 32 18.2961
    endloop
  endfacet
  facet normal 0 -1 0
    outer loop
      vertex -4.76012 32 19.6526
      vertex -3.27661 32 18.2943
      vertex -3.06418 32 18.5711
    endloop
  endfacet
  facet normal 0 -1 0
    outer loop
      vertex -4.98882 32 19.3334
      vertex -3.4641 32 18
      vertex -3.27661 32 18.2943
    endloop
  endfacet
  facet normal 0 -1 0
    outer loop
      vertex -3.75877 32 17.3681
      vertex -5.54328 32 18.2961
      vertex -5.68158 32 17.9286
    endloop
  endfacet
  facet normal 0 -1 0
    outer loop
      vertex -5.38124 32 18.6537
      vertex -3.62523 32 17.6905
      vertex -3.4641 32 18
    endloop
  endfacet
  facet normal 0 -1 0
    outer loop
      vertex -3.8637 32 17.0353
      vertex -5.68158 32 17.9286
      vertex -5.79555 32 17.5529
    endloop
  endfacet
  facet normal 0 -1 0
    outer loop
      vertex -5.54328 32 18.2961
      vertex -3.75877 32 17.3681
      vertex -3.62523 32 17.6905
    endloop
  endfacet
  facet normal 0 -1 0
    outer loop
      vertex -3.8637 32 17.0353
      vertex -5.79555 32 17.5529
      vertex -5.88471 32 17.1705
    endloop
  endfacet
  facet normal 0 -1 0
    outer loop
      vertex -5.68158 32 17.9286
      vertex -3.8637 32 17.0353
      vertex -3.75877 32 17.3681
    endloop
  endfacet
  facet normal 0 -1 0
    outer loop
      vertex -3.93923 32 16.6946
      vertex -5.88471 32 17.1705
      vertex -5.94867 32 16.7832
    endloop
  endfacet
  facet normal 0 -1 0
    outer loop
      vertex -5.88471 32 17.1705
      vertex -3.93923 32 16.6946
      vertex -3.8637 32 17.0353
    endloop
  endfacet
  facet normal 0 -1 0
    outer loop
      vertex -3.98478 32 16.3486
      vertex -5.94867 32 16.7832
      vertex -5.98715 32 16.3924
    endloop
  endfacet
  facet normal 0 -1 0
    outer loop
      vertex -5.94867 32 16.7832
      vertex -3.98478 32 16.3486
      vertex -3.93923 32 16.6946
    endloop
  endfacet
  facet normal 0 -1 0
    outer loop
      vertex -4 32 16
      vertex -5.98715 32 16.3924
      vertex -6 32 16
    endloop
  endfacet
  facet normal 0 -1 0
    outer loop
      vertex -5.98715 32 16.3924
      vertex -4 32 16
      vertex -3.98478 32 16.3486
    endloop
  endfacet
  facet normal 0 -1 0
    outer loop
      vertex -5.98715 32 15.6076
      vertex -4 32 16
      vertex -6 32 16
    endloop
  endfacet
  facet normal 0 -1 -0
    outer loop
      vertex -4 32 16
      vertex -5.98715 32 15.6076
      vertex -3.98478 32 15.6514
    endloop
  endfacet
  facet normal 0 -1 0
    outer loop
      vertex -5.94867 32 15.2168
      vertex -3.98478 32 15.6514
      vertex -5.98715 32 15.6076
    endloop
  endfacet
  facet normal 0 -1 -0
    outer loop
      vertex -3.98478 32 15.6514
      vertex -5.94867 32 15.2168
      vertex -3.93923 32 15.3054
    endloop
  endfacet
  facet normal 0 -1 0
    outer loop
      vertex -5.88471 32 14.8295
      vertex -3.93923 32 15.3054
      vertex -5.94867 32 15.2168
    endloop
  endfacet
  facet normal 0 -1 -0
    outer loop
      vertex -3.93923 32 15.3054
      vertex -5.88471 32 14.8295
      vertex -3.8637 32 14.9647
    endloop
  endfacet
  facet normal 0 -1 0
    outer loop
      vertex -5.79555 32 14.4471
      vertex -3.8637 32 14.9647
      vertex -5.88471 32 14.8295
    endloop
  endfacet
  facet normal 0 -1 0
    outer loop
      vertex -5.68158 32 14.0714
      vertex -3.8637 32 14.9647
      vertex -5.79555 32 14.4471
    endloop
  endfacet
  facet normal 0 -1 -0
    outer loop
      vertex -3.8637 32 14.9647
      vertex -5.68158 32 14.0714
      vertex -3.75877 32 14.6319
    endloop
  endfacet
  facet normal 0 -1 0
    outer loop
      vertex -5.54328 32 13.7039
      vertex -3.75877 32 14.6319
      vertex -5.68158 32 14.0714
    endloop
  endfacet
  facet normal 0 -1 -0
    outer loop
      vertex -3.75877 32 14.6319
      vertex -5.54328 32 13.7039
      vertex -3.62523 32 14.3095
    endloop
  endfacet
  facet normal 0 -1 0
    outer loop
      vertex -5.38124 32 13.3463
      vertex -3.62523 32 14.3095
      vertex -5.54328 32 13.7039
    endloop
  endfacet
  facet normal 0 -1 -0
    outer loop
      vertex -3.62523 32 14.3095
      vertex -5.38124 32 13.3463
      vertex -3.4641 32 14
    endloop
  endfacet
  facet normal 0 -1 0
    outer loop
      vertex -5.19615 32 13
      vertex -3.4641 32 14
      vertex -5.38124 32 13.3463
    endloop
  endfacet
  facet normal 0 -1 0
    outer loop
      vertex -4.98882 32 12.6666
      vertex -3.4641 32 14
      vertex -5.19615 32 13
    endloop
  endfacet
  facet normal 0 -1 -0
    outer loop
      vertex -3.4641 32 14
      vertex -4.98882 32 12.6666
      vertex -3.27661 32 13.7057
    endloop
  endfacet
  facet normal 0 -1 0
    outer loop
      vertex -4.76012 32 12.3474
      vertex -3.27661 32 13.7057
      vertex -4.98882 32 12.6666
    endloop
  endfacet
  facet normal 0 -1 -0
    outer loop
      vertex -3.27661 32 13.7057
      vertex -4.76012 32 12.3474
      vertex -3.06418 32 13.4288
    endloop
  endfacet
  facet normal 0 -1 0
    outer loop
      vertex -4.51104 32 12.0439
      vertex -3.06418 32 13.4288
      vertex -4.76012 32 12.3474
    endloop
  endfacet
  facet normal 0 -1 -0
    outer loop
      vertex -3.06418 32 13.4288
      vertex -4.51104 32 12.0439
      vertex -2.82843 32 13.1716
    endloop
  endfacet
  facet normal 0 -1 0
    outer loop
      vertex -4.24264 32 11.7574
      vertex -2.82843 32 13.1716
      vertex -4.51104 32 12.0439
    endloop
  endfacet
  facet normal 0 -1 0
    outer loop
      vertex -3.95607 32 11.489
      vertex -2.82843 32 13.1716
      vertex -4.24264 32 11.7574
    endloop
  endfacet
  facet normal 0 -1 -0
    outer loop
      vertex -2.82843 32 13.1716
      vertex -3.95607 32 11.489
      vertex -2.57115 32 12.9358
    endloop
  endfacet
  facet normal 0 -1 0
    outer loop
      vertex -3.65257 32 11.2399
      vertex -2.57115 32 12.9358
      vertex -3.95607 32 11.489
    endloop
  endfacet
  facet normal 0 -1 -0
    outer loop
      vertex -2.57115 32 12.9358
      vertex -3.65257 32 11.2399
      vertex -2.2943 32 12.7234
    endloop
  endfacet
  facet normal 0 -1 0
    outer loop
      vertex -3.33342 32 11.0112
      vertex -2.2943 32 12.7234
      vertex -3.65257 32 11.2399
    endloop
  endfacet
  facet normal 0 -1 -0
    outer loop
      vertex -2.2943 32 12.7234
      vertex -3.33342 32 11.0112
      vertex -2 32 12.5359
    endloop
  endfacet
  facet normal 0 -1 0
    outer loop
      vertex -3 32 10.8038
      vertex -2 32 12.5359
      vertex -3.33342 32 11.0112
    endloop
  endfacet
  facet normal 0 -1 0
    outer loop
      vertex -2.65373 32 10.6188
      vertex -2 32 12.5359
      vertex -3 32 10.8038
    endloop
  endfacet
  facet normal 0 -1 -0
    outer loop
      vertex -2 32 12.5359
      vertex -2.65373 32 10.6188
      vertex -1.69047 32 12.3748
    endloop
  endfacet
  facet normal 0 -1 0
    outer loop
      vertex 2 32 19.4641
      vertex 2.65373 32 21.3812
      vertex 1.69047 32 19.6252
    endloop
  endfacet
  facet normal 0 -1 -0
    outer loop
      vertex 2.65373 32 21.3812
      vertex 2 32 19.4641
      vertex 3 32 21.1962
    endloop
  endfacet
  facet normal 0 -1 -0
    outer loop
      vertex 3 32 21.1962
      vertex 2 32 19.4641
      vertex 3.33342 32 20.9888
    endloop
  endfacet
  facet normal 0 -1 0
    outer loop
      vertex 2.2943 32 19.2766
      vertex 3.33342 32 20.9888
      vertex 2 32 19.4641
    endloop
  endfacet
  facet normal 0 -1 -0
    outer loop
      vertex 3.33342 32 20.9888
      vertex 2.2943 32 19.2766
      vertex 3.65257 32 20.7601
    endloop
  endfacet
  facet normal 0 -1 0
    outer loop
      vertex 2.57115 32 19.0642
      vertex 3.65257 32 20.7601
      vertex 2.2943 32 19.2766
    endloop
  endfacet
  facet normal 0 -1 -0
    outer loop
      vertex 3.65257 32 20.7601
      vertex 2.57115 32 19.0642
      vertex 3.95607 32 20.511
    endloop
  endfacet
  facet normal 0 -1 0
    outer loop
      vertex 2.82843 32 18.8284
      vertex 3.95607 32 20.511
      vertex 2.57115 32 19.0642
    endloop
  endfacet
  facet normal 0 -1 -0
    outer loop
      vertex 3.95607 32 20.511
      vertex 2.82843 32 18.8284
      vertex 4.24264 32 20.2426
    endloop
  endfacet
  facet normal 0 -1 -0
    outer loop
      vertex 4.24264 32 20.2426
      vertex 2.82843 32 18.8284
      vertex 4.51104 32 19.9561
    endloop
  endfacet
  facet normal 0 -1 0
    outer loop
      vertex 3.06418 32 18.5711
      vertex 4.51104 32 19.9561
      vertex 2.82843 32 18.8284
    endloop
  endfacet
  facet normal 0 -1 -0
    outer loop
      vertex 4.51104 32 19.9561
      vertex 3.06418 32 18.5711
      vertex 4.76012 32 19.6526
    endloop
  endfacet
  facet normal 0 -1 0
    outer loop
      vertex 3.27661 32 18.2943
      vertex 4.76012 32 19.6526
      vertex 3.06418 32 18.5711
    endloop
  endfacet
  facet normal 0 -1 -0
    outer loop
      vertex 4.76012 32 19.6526
      vertex 3.27661 32 18.2943
      vertex 4.98882 32 19.3334
    endloop
  endfacet
  facet normal 0 -1 0
    outer loop
      vertex 3.4641 32 18
      vertex 4.98882 32 19.3334
      vertex 3.27661 32 18.2943
    endloop
  endfacet
  facet normal 0 -1 -0
    outer loop
      vertex 4.98882 32 19.3334
      vertex 3.4641 32 18
      vertex 5.19615 32 19
    endloop
  endfacet
  facet normal 0 -1 -0
    outer loop
      vertex 5.19615 32 19
      vertex 3.4641 32 18
      vertex 5.38124 32 18.6537
    endloop
  endfacet
  facet normal 0 -1 0
    outer loop
      vertex 3.62523 32 17.6905
      vertex 5.38124 32 18.6537
      vertex 3.4641 32 18
    endloop
  endfacet
  facet normal 0 -1 -0
    outer loop
      vertex 5.38124 32 18.6537
      vertex 3.62523 32 17.6905
      vertex 5.54328 32 18.2961
    endloop
  endfacet
  facet normal 0 -1 0
    outer loop
      vertex 3.75877 32 17.3681
      vertex 5.54328 32 18.2961
      vertex 3.62523 32 17.6905
    endloop
  endfacet
  facet normal 0 -1 -0
    outer loop
      vertex 5.54328 32 18.2961
      vertex 3.75877 32 17.3681
      vertex 5.68158 32 17.9286
    endloop
  endfacet
  facet normal 0 -1 0
    outer loop
      vertex 3.8637 32 17.0353
      vertex 5.68158 32 17.9286
      vertex 3.75877 32 17.3681
    endloop
  endfacet
  facet normal 0 -1 -0
    outer loop
      vertex 5.68158 32 17.9286
      vertex 3.8637 32 17.0353
      vertex 5.79555 32 17.5529
    endloop
  endfacet
  facet normal 0 -1 -0
    outer loop
      vertex 5.79555 32 17.5529
      vertex 3.8637 32 17.0353
      vertex 5.88471 32 17.1705
    endloop
  endfacet
  facet normal 0 -1 0
    outer loop
      vertex 3.93923 32 16.6946
      vertex 5.88471 32 17.1705
      vertex 3.8637 32 17.0353
    endloop
  endfacet
  facet normal 0 -1 -0
    outer loop
      vertex 5.88471 32 17.1705
      vertex 3.93923 32 16.6946
      vertex 5.94867 32 16.7832
    endloop
  endfacet
  facet normal 0 -1 0
    outer loop
      vertex 3.98478 32 16.3486
      vertex 5.94867 32 16.7832
      vertex 3.93923 32 16.6946
    endloop
  endfacet
  facet normal 0 -1 -0
    outer loop
      vertex 5.94867 32 16.7832
      vertex 3.98478 32 16.3486
      vertex 5.98715 32 16.3924
    endloop
  endfacet
  facet normal 0 -1 0
    outer loop
      vertex 4 32 16
      vertex 5.98715 32 16.3924
      vertex 3.98478 32 16.3486
    endloop
  endfacet
  facet normal 0 -1 0
    outer loop
      vertex 4 32 16
      vertex 6 32 16
      vertex 5.98715 32 16.3924
    endloop
  endfacet
  facet normal 0 -1 0
    outer loop
      vertex 5.98715 32 15.6076
      vertex 4 32 16
      vertex 3.98478 32 15.6514
    endloop
  endfacet
  facet normal 0 -1 0
    outer loop
      vertex 4 32 16
      vertex 5.98715 32 15.6076
      vertex 6 32 16
    endloop
  endfacet
  facet normal 0 -1 0
    outer loop
      vertex 5.94867 32 15.2168
      vertex 3.98478 32 15.6514
      vertex 3.93923 32 15.3054
    endloop
  endfacet
  facet normal 0 -1 0
    outer loop
      vertex 3.98478 32 15.6514
      vertex 5.94867 32 15.2168
      vertex 5.98715 32 15.6076
    endloop
  endfacet
  facet normal 0 -1 0
    outer loop
      vertex 5.88471 32 14.8295
      vertex 3.93923 32 15.3054
      vertex 3.8637 32 14.9647
    endloop
  endfacet
  facet normal 0 -1 0
    outer loop
      vertex 3.93923 32 15.3054
      vertex 5.88471 32 14.8295
      vertex 5.94867 32 15.2168
    endloop
  endfacet
  facet normal 0 -1 0
    outer loop
      vertex 5.68158 32 14.0714
      vertex 3.8637 32 14.9647
      vertex 3.75877 32 14.6319
    endloop
  endfacet
  facet normal 0 -1 0
    outer loop
      vertex 3.8637 32 14.9647
      vertex 5.79555 32 14.4471
      vertex 5.88471 32 14.8295
    endloop
  endfacet
  facet normal 0 -1 0
    outer loop
      vertex 5.54328 32 13.7039
      vertex 3.75877 32 14.6319
      vertex 3.62523 32 14.3095
    endloop
  endfacet
  facet normal 0 -1 0
    outer loop
      vertex 3.8637 32 14.9647
      vertex 5.68158 32 14.0714
      vertex 5.79555 32 14.4471
    endloop
  endfacet
  facet normal 0 -1 0
    outer loop
      vertex 5.38124 32 13.3463
      vertex 3.62523 32 14.3095
      vertex 3.4641 32 14
    endloop
  endfacet
  facet normal 0 -1 0
    outer loop
      vertex 4.98882 32 12.6666
      vertex 3.4641 32 14
      vertex 3.27661 32 13.7057
    endloop
  endfacet
  facet normal 0 -1 0
    outer loop
      vertex 3.75877 32 14.6319
      vertex 5.54328 32 13.7039
      vertex 5.68158 32 14.0714
    endloop
  endfacet
  facet normal 0 -1 0
    outer loop
      vertex 4.76012 32 12.3474
      vertex 3.27661 32 13.7057
      vertex 3.06418 32 13.4288
    endloop
  endfacet
  facet normal 0 -1 0
    outer loop
      vertex 3.62523 32 14.3095
      vertex 5.38124 32 13.3463
      vertex 5.54328 32 13.7039
    endloop
  endfacet
  facet normal 0 -1 0
    outer loop
      vertex 4.51104 32 12.0439
      vertex 3.06418 32 13.4288
      vertex 2.82843 32 13.1716
    endloop
  endfacet
  facet normal 0 -1 0
    outer loop
      vertex 3.4641 32 14
      vertex 5.19615 32 13
      vertex 5.38124 32 13.3463
    endloop
  endfacet
  facet normal 0 -1 0
    outer loop
      vertex 3.95607 32 11.489
      vertex 2.82843 32 13.1716
      vertex 2.57115 32 12.9358
    endloop
  endfacet
  facet normal 0 -1 0
    outer loop
      vertex 3.65257 32 11.2399
      vertex 2.57115 32 12.9358
      vertex 2.2943 32 12.7234
    endloop
  endfacet
  facet normal 0 -1 0
    outer loop
      vertex 3.4641 32 14
      vertex 4.98882 32 12.6666
      vertex 5.19615 32 13
    endloop
  endfacet
  facet normal 0 -1 0
    outer loop
      vertex 3.33342 32 11.0112
      vertex 2.2943 32 12.7234
      vertex 2 32 12.5359
    endloop
  endfacet
  facet normal 0 -1 0
    outer loop
      vertex 2.65373 32 10.6188
      vertex 2 32 12.5359
      vertex 1.69047 32 12.3748
    endloop
  endfacet
  facet normal 0 -1 0
    outer loop
      vertex 3.27661 32 13.7057
      vertex 4.76012 32 12.3474
      vertex 4.98882 32 12.6666
    endloop
  endfacet
  facet normal 0 -1 0
    outer loop
      vertex 2.2961 32 10.4567
      vertex 1.69047 32 12.3748
      vertex 1.36808 32 12.2412
    endloop
  endfacet
  facet normal 0 -1 0
    outer loop
      vertex 1.92864 32 10.3184
      vertex 1.36808 32 12.2412
      vertex 1.03528 32 12.1363
    endloop
  endfacet
  facet normal 0 -1 0
    outer loop
      vertex 1.17054 32 10.1153
      vertex 1.03528 32 12.1363
      vertex 0.694592 32 12.0608
    endloop
  endfacet
  facet normal 0 -1 0
    outer loop
      vertex 3.06418 32 13.4288
      vertex 4.51104 32 12.0439
      vertex 4.76012 32 12.3474
    endloop
  endfacet
  facet normal 0 -1 0
    outer loop
      vertex 0.783156 32 10.0513
      vertex 0.694592 32 12.0608
      vertex 0.348622 32 12.0152
    endloop
  endfacet
  facet normal 0 -1 0
    outer loop
      vertex 0.392418 32 10.0128
      vertex 0.348622 32 12.0152
      vertex 0 32 12
    endloop
  endfacet
  facet normal 0 -1 0
    outer loop
      vertex -2.2961 32 10.4567
      vertex -1.69047 32 12.3748
      vertex -2.65373 32 10.6188
    endloop
  endfacet
  facet normal 0 -1 0
    outer loop
      vertex 2.82843 32 13.1716
      vertex 4.24264 32 11.7574
      vertex 4.51104 32 12.0439
    endloop
  endfacet
  facet normal 0 -1 -0
    outer loop
      vertex -1.69047 32 12.3748
      vertex -2.2961 32 10.4567
      vertex -1.36808 32 12.2412
    endloop
  endfacet
  facet normal 0 -1 0
    outer loop
      vertex 2.82843 32 13.1716
      vertex 3.95607 32 11.489
      vertex 4.24264 32 11.7574
    endloop
  endfacet
  facet normal 0 -1 0
    outer loop
      vertex -1.92864 32 10.3184
      vertex -1.36808 32 12.2412
      vertex -2.2961 32 10.4567
    endloop
  endfacet
  facet normal 0 -1 0
    outer loop
      vertex 2.57115 32 12.9358
      vertex 3.65257 32 11.2399
      vertex 3.95607 32 11.489
    endloop
  endfacet
  facet normal 0 -1 -0
    outer loop
      vertex -1.36808 32 12.2412
      vertex -1.92864 32 10.3184
      vertex -1.03528 32 12.1363
    endloop
  endfacet
  facet normal 0 -1 0
    outer loop
      vertex 2.2943 32 12.7234
      vertex 3.33342 32 11.0112
      vertex 3.65257 32 11.2399
    endloop
  endfacet
  facet normal 0 -1 0
    outer loop
      vertex -1.55291 32 10.2044
      vertex -1.03528 32 12.1363
      vertex -1.92864 32 10.3184
    endloop
  endfacet
  facet normal 0 -1 0
    outer loop
      vertex 2 32 12.5359
      vertex 3 32 10.8038
      vertex 3.33342 32 11.0112
    endloop
  endfacet
  facet normal 0 -1 0
    outer loop
      vertex -1.17054 32 10.1153
      vertex -1.03528 32 12.1363
      vertex -1.55291 32 10.2044
    endloop
  endfacet
  facet normal 0 -1 0
    outer loop
      vertex 2 32 12.5359
      vertex 2.65373 32 10.6188
      vertex 3 32 10.8038
    endloop
  endfacet
  facet normal 0 -1 -0
    outer loop
      vertex -1.03528 32 12.1363
      vertex -1.17054 32 10.1153
      vertex -0.694592 32 12.0608
    endloop
  endfacet
  facet normal 0 -1 0
    outer loop
      vertex 1.69047 32 12.3748
      vertex 2.2961 32 10.4567
      vertex 2.65373 32 10.6188
    endloop
  endfacet
  facet normal 0 -1 0
    outer loop
      vertex -0.783156 32 10.0513
      vertex -0.694592 32 12.0608
      vertex -1.17054 32 10.1153
    endloop
  endfacet
  facet normal 0 -1 0
    outer loop
      vertex 1.36808 32 12.2412
      vertex 1.92864 32 10.3184
      vertex 2.2961 32 10.4567
    endloop
  endfacet
  facet normal 0 -1 -0
    outer loop
      vertex -0.694592 32 12.0608
      vertex -0.783156 32 10.0513
      vertex -0.348622 32 12.0152
    endloop
  endfacet
  facet normal 0 -1 0
    outer loop
      vertex 1.03528 32 12.1363
      vertex 1.55291 32 10.2044
      vertex 1.92864 32 10.3184
    endloop
  endfacet
  facet normal 0 -1 0
    outer loop
      vertex -0.392418 32 10.0128
      vertex -0.348622 32 12.0152
      vertex -0.783156 32 10.0513
    endloop
  endfacet
  facet normal 0 -1 0
    outer loop
      vertex 1.03528 32 12.1363
      vertex 1.17054 32 10.1153
      vertex 1.55291 32 10.2044
    endloop
  endfacet
  facet normal 0 -1 -0
    outer loop
      vertex -0.348622 32 12.0152
      vertex -0.392418 32 10.0128
      vertex 0 32 12
    endloop
  endfacet
  facet normal 0 -1 0
    outer loop
      vertex 0.694592 32 12.0608
      vertex 0.783156 32 10.0513
      vertex 1.17054 32 10.1153
    endloop
  endfacet
  facet normal 0 -1 0
    outer loop
      vertex 0 32 10
      vertex 0 32 12
      vertex -0.392418 32 10.0128
    endloop
  endfacet
  facet normal 0 -1 0
    outer loop
      vertex 0.348622 32 12.0152
      vertex 0.392418 32 10.0128
      vertex 0.783156 32 10.0513
    endloop
  endfacet
  facet normal 0 -1 0
    outer loop
      vertex 0 32 12
      vertex 0 32 10
      vertex 0.392418 32 10.0128
    endloop
  endfacet
  facet normal 0 1 0
    outer loop
      vertex 0.220736 32 19.3678
      vertex -0.220736 32 19.3678
      vertex 0 32 19.375
    endloop
  endfacet
  facet normal 0 1 0
    outer loop
      vertex 0.440525 32 19.3461
      vertex -0.220736 32 19.3678
      vertex 0.220736 32 19.3678
    endloop
  endfacet
  facet normal 0 1 0
    outer loop
      vertex 0.440525 32 19.3461
      vertex -0.440525 32 19.3461
      vertex -0.220736 32 19.3678
    endloop
  endfacet
  facet normal 0 1 0
    outer loop
      vertex 0.658429 32 19.3102
      vertex -0.440525 32 19.3461
      vertex 0.440525 32 19.3461
    endloop
  endfacet
  facet normal 0 1 0
    outer loop
      vertex 0.658429 32 19.3102
      vertex -0.658429 32 19.3102
      vertex -0.440525 32 19.3461
    endloop
  endfacet
  facet normal 0 1 0
    outer loop
      vertex 0.873514 32 19.26
      vertex -0.658429 32 19.3102
      vertex 0.658429 32 19.3102
    endloop
  endfacet
  facet normal 0 1 0
    outer loop
      vertex 0.873514 32 19.26
      vertex -0.873514 32 19.26
      vertex -0.658429 32 19.3102
    endloop
  endfacet
  facet normal 0 1 0
    outer loop
      vertex 1.08486 32 19.1959
      vertex -0.873514 32 19.26
      vertex 0.873514 32 19.26
    endloop
  endfacet
  facet normal 0 1 0
    outer loop
      vertex 1.08486 32 19.1959
      vertex -1.08486 32 19.1959
      vertex -0.873514 32 19.26
    endloop
  endfacet
  facet normal 0 1 0
    outer loop
      vertex 1.29156 32 19.1181
      vertex -1.08486 32 19.1959
      vertex 1.08486 32 19.1959
    endloop
  endfacet
  facet normal 0 1 0
    outer loop
      vertex 1.29156 32 19.1181
      vertex -1.29156 32 19.1181
      vertex -1.08486 32 19.1959
    endloop
  endfacet
  facet normal 0 1 0
    outer loop
      vertex 1.49272 32 19.0269
      vertex -1.29156 32 19.1181
      vertex 1.29156 32 19.1181
    endloop
  endfacet
  facet normal 0 1 0
    outer loop
      vertex 1.49272 32 19.0269
      vertex -1.49272 32 19.0269
      vertex -1.29156 32 19.1181
    endloop
  endfacet
  facet normal 0 1 0
    outer loop
      vertex 1.6875 32 18.9228
      vertex -1.49272 32 19.0269
      vertex 1.49272 32 19.0269
    endloop
  endfacet
  facet normal 0 1 0
    outer loop
      vertex 1.6875 32 18.9228
      vertex -1.6875 32 18.9228
      vertex -1.49272 32 19.0269
    endloop
  endfacet
  facet normal 0 1 0
    outer loop
      vertex 1.87505 32 18.8062
      vertex -1.6875 32 18.9228
      vertex 1.6875 32 18.9228
    endloop
  endfacet
  facet normal 0 1 0
    outer loop
      vertex 1.87505 32 18.8062
      vertex -1.87505 32 18.8062
      vertex -1.6875 32 18.9228
    endloop
  endfacet
  facet normal 0 1 0
    outer loop
      vertex 2.05457 32 18.6776
      vertex -1.87505 32 18.8062
      vertex 1.87505 32 18.8062
    endloop
  endfacet
  facet normal 0 1 0
    outer loop
      vertex 2.05457 32 18.6776
      vertex -2.05457 32 18.6776
      vertex -1.87505 32 18.8062
    endloop
  endfacet
  facet normal 0 1 0
    outer loop
      vertex 2.22529 32 18.5375
      vertex -2.05457 32 18.6776
      vertex 2.05457 32 18.6776
    endloop
  endfacet
  facet normal 0 1 0
    outer loop
      vertex 2.22529 32 18.5375
      vertex -2.22529 32 18.5375
      vertex -2.05457 32 18.6776
    endloop
  endfacet
  facet normal 0 1 0
    outer loop
      vertex 2.38649 32 18.3865
      vertex -2.22529 32 18.5375
      vertex 2.22529 32 18.5375
    endloop
  endfacet
  facet normal 0 1 0
    outer loop
      vertex 2.38649 32 18.3865
      vertex -2.38649 32 18.3865
      vertex -2.22529 32 18.5375
    endloop
  endfacet
  facet normal 0 1 0
    outer loop
      vertex 2.53746 32 18.2253
      vertex -2.38649 32 18.3865
      vertex 2.38649 32 18.3865
    endloop
  endfacet
  facet normal 0 1 0
    outer loop
      vertex 2.53746 32 18.2253
      vertex -2.53746 32 18.2253
      vertex -2.38649 32 18.3865
    endloop
  endfacet
  facet normal 0 1 0
    outer loop
      vertex 2.67757 32 18.0546
      vertex -2.53746 32 18.2253
      vertex 2.53746 32 18.2253
    endloop
  endfacet
  facet normal 0 1 0
    outer loop
      vertex 2.67757 32 18.0546
      vertex -2.67757 32 18.0546
      vertex -2.53746 32 18.2253
    endloop
  endfacet
  facet normal 0 1 0
    outer loop
      vertex 2.80621 32 17.875
      vertex -2.67757 32 18.0546
      vertex 2.67757 32 18.0546
    endloop
  endfacet
  facet normal 0 1 0
    outer loop
      vertex 2.80621 32 17.875
      vertex -2.80621 32 17.875
      vertex -2.67757 32 18.0546
    endloop
  endfacet
  facet normal 0 1 0
    outer loop
      vertex 2.92284 32 17.6875
      vertex -2.80621 32 17.875
      vertex 2.80621 32 17.875
    endloop
  endfacet
  facet normal 0 1 0
    outer loop
      vertex 2.92284 32 17.6875
      vertex -2.92284 32 17.6875
      vertex -2.80621 32 17.875
    endloop
  endfacet
  facet normal 0 1 0
    outer loop
      vertex 3.02695 32 17.4927
      vertex -2.92284 32 17.6875
      vertex 2.92284 32 17.6875
    endloop
  endfacet
  facet normal 0 1 0
    outer loop
      vertex 3.02695 32 17.4927
      vertex -3.02695 32 17.4927
      vertex -2.92284 32 17.6875
    endloop
  endfacet
  facet normal 0 1 0
    outer loop
      vertex 3.11809 32 17.2916
      vertex -3.02695 32 17.4927
      vertex 3.02695 32 17.4927
    endloop
  endfacet
  facet normal 0 1 0
    outer loop
      vertex 3.11809 32 17.2916
      vertex -3.11809 32 17.2916
      vertex -3.02695 32 17.4927
    endloop
  endfacet
  facet normal 0 1 0
    outer loop
      vertex 3.19589 32 17.0849
      vertex -3.11809 32 17.2916
      vertex 3.11809 32 17.2916
    endloop
  endfacet
  facet normal 0 1 0
    outer loop
      vertex 3.19589 32 17.0849
      vertex -3.19589 32 17.0849
      vertex -3.11809 32 17.2916
    endloop
  endfacet
  facet normal 0 1 0
    outer loop
      vertex 3.26 32 16.8735
      vertex -3.19589 32 17.0849
      vertex 3.19589 32 17.0849
    endloop
  endfacet
  facet normal 0 1 0
    outer loop
      vertex 3.26 32 16.8735
      vertex -3.26 32 16.8735
      vertex -3.19589 32 17.0849
    endloop
  endfacet
  facet normal 0 1 0
    outer loop
      vertex 3.31015 32 16.6584
      vertex -3.26 32 16.8735
      vertex 3.26 32 16.8735
    endloop
  endfacet
  facet normal 0 1 0
    outer loop
      vertex 3.31015 32 16.6584
      vertex -3.31015 32 16.6584
      vertex -3.26 32 16.8735
    endloop
  endfacet
  facet normal 0 1 0
    outer loop
      vertex 3.34613 32 16.4405
      vertex -3.31015 32 16.6584
      vertex 3.31015 32 16.6584
    endloop
  endfacet
  facet normal 0 1 0
    outer loop
      vertex 3.34613 32 16.4405
      vertex -3.34613 32 16.4405
      vertex -3.31015 32 16.6584
    endloop
  endfacet
  facet normal 0 1 0
    outer loop
      vertex 3.36777 32 16.2207
      vertex -3.34613 32 16.4405
      vertex 3.34613 32 16.4405
    endloop
  endfacet
  facet normal 0 1 0
    outer loop
      vertex 3.36777 32 16.2207
      vertex -3.36777 32 16.2207
      vertex -3.34613 32 16.4405
    endloop
  endfacet
  facet normal 0 1 0
    outer loop
      vertex 3.375 32 16
      vertex -3.36777 32 16.2207
      vertex 3.36777 32 16.2207
    endloop
  endfacet
  facet normal 0 1 0
    outer loop
      vertex 3.375 32 16
      vertex -3.375 32 16
      vertex -3.36777 32 16.2207
    endloop
  endfacet
  facet normal 0 1 -0
    outer loop
      vertex 3.36777 32 15.7793
      vertex -3.375 32 16
      vertex 3.375 32 16
    endloop
  endfacet
  facet normal 0 1 0
    outer loop
      vertex 3.36777 32 15.7793
      vertex -3.36777 32 15.7793
      vertex -3.375 32 16
    endloop
  endfacet
  facet normal 0 1 -0
    outer loop
      vertex 3.34613 32 15.5595
      vertex -3.36777 32 15.7793
      vertex 3.36777 32 15.7793
    endloop
  endfacet
  facet normal 0 1 0
    outer loop
      vertex 3.34613 32 15.5595
      vertex -3.34613 32 15.5595
      vertex -3.36777 32 15.7793
    endloop
  endfacet
  facet normal 0 1 -0
    outer loop
      vertex 3.31015 32 15.3416
      vertex -3.34613 32 15.5595
      vertex 3.34613 32 15.5595
    endloop
  endfacet
  facet normal 0 1 0
    outer loop
      vertex 3.31015 32 15.3416
      vertex -3.31015 32 15.3416
      vertex -3.34613 32 15.5595
    endloop
  endfacet
  facet normal 0 1 -0
    outer loop
      vertex 3.26 32 15.1265
      vertex -3.31015 32 15.3416
      vertex 3.31015 32 15.3416
    endloop
  endfacet
  facet normal 0 1 0
    outer loop
      vertex 3.26 32 15.1265
      vertex -3.26 32 15.1265
      vertex -3.31015 32 15.3416
    endloop
  endfacet
  facet normal 0 1 -0
    outer loop
      vertex 3.19589 32 14.9151
      vertex -3.26 32 15.1265
      vertex 3.26 32 15.1265
    endloop
  endfacet
  facet normal 0 1 0
    outer loop
      vertex 3.19589 32 14.9151
      vertex -3.19589 32 14.9151
      vertex -3.26 32 15.1265
    endloop
  endfacet
  facet normal 0 1 -0
    outer loop
      vertex 3.11809 32 14.7084
      vertex -3.19589 32 14.9151
      vertex 3.19589 32 14.9151
    endloop
  endfacet
  facet normal 0 1 0
    outer loop
      vertex 3.11809 32 14.7084
      vertex -3.11809 32 14.7084
      vertex -3.19589 32 14.9151
    endloop
  endfacet
  facet normal 0 1 -0
    outer loop
      vertex 3.02695 32 14.5073
      vertex -3.11809 32 14.7084
      vertex 3.11809 32 14.7084
    endloop
  endfacet
  facet normal 0 1 0
    outer loop
      vertex 3.02695 32 14.5073
      vertex -3.02695 32 14.5073
      vertex -3.11809 32 14.7084
    endloop
  endfacet
  facet normal 0 1 -0
    outer loop
      vertex 2.92284 32 14.3125
      vertex -3.02695 32 14.5073
      vertex 3.02695 32 14.5073
    endloop
  endfacet
  facet normal 0 1 0
    outer loop
      vertex 2.92284 32 14.3125
      vertex -2.92284 32 14.3125
      vertex -3.02695 32 14.5073
    endloop
  endfacet
  facet normal 0 1 -0
    outer loop
      vertex 2.80621 32 14.125
      vertex -2.92284 32 14.3125
      vertex 2.92284 32 14.3125
    endloop
  endfacet
  facet normal 0 1 0
    outer loop
      vertex 2.80621 32 14.125
      vertex -2.80621 32 14.125
      vertex -2.92284 32 14.3125
    endloop
  endfacet
  facet normal 0 1 -0
    outer loop
      vertex 2.67757 32 13.9454
      vertex -2.80621 32 14.125
      vertex 2.80621 32 14.125
    endloop
  endfacet
  facet normal 0 1 0
    outer loop
      vertex 2.67757 32 13.9454
      vertex -2.67757 32 13.9454
      vertex -2.80621 32 14.125
    endloop
  endfacet
  facet normal 0 1 -0
    outer loop
      vertex 2.53746 32 13.7747
      vertex -2.67757 32 13.9454
      vertex 2.67757 32 13.9454
    endloop
  endfacet
  facet normal 0 1 0
    outer loop
      vertex 2.53746 32 13.7747
      vertex -2.53746 32 13.7747
      vertex -2.67757 32 13.9454
    endloop
  endfacet
  facet normal 0 1 -0
    outer loop
      vertex 2.38649 32 13.6135
      vertex -2.53746 32 13.7747
      vertex 2.53746 32 13.7747
    endloop
  endfacet
  facet normal 0 1 0
    outer loop
      vertex 2.38649 32 13.6135
      vertex -2.38649 32 13.6135
      vertex -2.53746 32 13.7747
    endloop
  endfacet
  facet normal 0 1 -0
    outer loop
      vertex 2.22529 32 13.4625
      vertex -2.38649 32 13.6135
      vertex 2.38649 32 13.6135
    endloop
  endfacet
  facet normal 0 1 0
    outer loop
      vertex 2.22529 32 13.4625
      vertex -2.22529 32 13.4625
      vertex -2.38649 32 13.6135
    endloop
  endfacet
  facet normal 0 1 -0
    outer loop
      vertex 2.05457 32 13.3224
      vertex -2.22529 32 13.4625
      vertex 2.22529 32 13.4625
    endloop
  endfacet
  facet normal 0 1 0
    outer loop
      vertex 2.05457 32 13.3224
      vertex -2.05457 32 13.3224
      vertex -2.22529 32 13.4625
    endloop
  endfacet
  facet normal 0 1 -0
    outer loop
      vertex 1.87505 32 13.1938
      vertex -2.05457 32 13.3224
      vertex 2.05457 32 13.3224
    endloop
  endfacet
  facet normal 0 1 0
    outer loop
      vertex 1.87505 32 13.1938
      vertex -1.87505 32 13.1938
      vertex -2.05457 32 13.3224
    endloop
  endfacet
  facet normal 0 1 -0
    outer loop
      vertex 1.6875 32 13.0772
      vertex -1.87505 32 13.1938
      vertex 1.87505 32 13.1938
    endloop
  endfacet
  facet normal 0 1 0
    outer loop
      vertex 1.6875 32 13.0772
      vertex -1.6875 32 13.0772
      vertex -1.87505 32 13.1938
    endloop
  endfacet
  facet normal 0 1 -0
    outer loop
      vertex 1.49272 32 12.9731
      vertex -1.6875 32 13.0772
      vertex 1.6875 32 13.0772
    endloop
  endfacet
  facet normal 0 1 0
    outer loop
      vertex 1.49272 32 12.9731
      vertex -1.49272 32 12.9731
      vertex -1.6875 32 13.0772
    endloop
  endfacet
  facet normal 0 1 -0
    outer loop
      vertex 1.29156 32 12.8819
      vertex -1.49272 32 12.9731
      vertex 1.49272 32 12.9731
    endloop
  endfacet
  facet normal 0 1 0
    outer loop
      vertex 1.29156 32 12.8819
      vertex -1.29156 32 12.8819
      vertex -1.49272 32 12.9731
    endloop
  endfacet
  facet normal 0 1 -0
    outer loop
      vertex 1.08486 32 12.8041
      vertex -1.29156 32 12.8819
      vertex 1.29156 32 12.8819
    endloop
  endfacet
  facet normal 0 1 0
    outer loop
      vertex 1.08486 32 12.8041
      vertex -1.08486 32 12.8041
      vertex -1.29156 32 12.8819
    endloop
  endfacet
  facet normal 0 1 -0
    outer loop
      vertex 0.873514 32 12.74
      vertex -1.08486 32 12.8041
      vertex 1.08486 32 12.8041
    endloop
  endfacet
  facet normal 0 1 0
    outer loop
      vertex 0.873514 32 12.74
      vertex -0.873514 32 12.74
      vertex -1.08486 32 12.8041
    endloop
  endfacet
  facet normal 0 1 -0
    outer loop
      vertex 0.658429 32 12.6898
      vertex -0.873514 32 12.74
      vertex 0.873514 32 12.74
    endloop
  endfacet
  facet normal 0 1 0
    outer loop
      vertex 0.658429 32 12.6898
      vertex -0.658429 32 12.6898
      vertex -0.873514 32 12.74
    endloop
  endfacet
  facet normal 0 1 -0
    outer loop
      vertex 0.440525 32 12.6539
      vertex -0.658429 32 12.6898
      vertex 0.658429 32 12.6898
    endloop
  endfacet
  facet normal 0 1 0
    outer loop
      vertex 0.440525 32 12.6539
      vertex -0.440525 32 12.6539
      vertex -0.658429 32 12.6898
    endloop
  endfacet
  facet normal 0 1 -0
    outer loop
      vertex 0.220736 32 12.6322
      vertex -0.440525 32 12.6539
      vertex 0.440525 32 12.6539
    endloop
  endfacet
  facet normal 0 1 0
    outer loop
      vertex 0.220736 32 12.6322
      vertex -0.220736 32 12.6322
      vertex -0.440525 32 12.6539
    endloop
  endfacet
  facet normal -0 1 0
    outer loop
      vertex -0.220736 32 12.6322
      vertex 0.220736 32 12.6322
      vertex 0 32 12.625
    endloop
  endfacet
  facet normal -0.634315 0 -0.773075
    outer loop
      vertex -3.65257 32 11.2399
      vertex -3.95019 32.3 11.4841
      vertex -3.65257 35.5 11.2399
    endloop
  endfacet
  facet normal -0.63443 -0.000190524 -0.77298
    outer loop
      vertex -3.95607 32 11.489
      vertex -3.95019 32.3 11.4841
      vertex -3.65257 32 11.2399
    endloop
  endfacet
  facet normal -0.640184 0 -0.768221
    outer loop
      vertex -3.95019 32.3 11.4841
      vertex -3.95607 32 11.489
      vertex -3.95607 32.3 11.489
    endloop
  endfacet
  facet normal -0.634315 -0 -0.773075
    outer loop
      vertex -3.95019 35.2 11.4841
      vertex -3.65257 35.5 11.2399
      vertex -3.95019 32.3 11.4841
    endloop
  endfacet
  facet normal -0.640184 -0 -0.768221
    outer loop
      vertex -3.95607 35.5 11.489
      vertex -3.95019 35.2 11.4841
      vertex -3.95607 35.2 11.489
    endloop
  endfacet
  facet normal -0.63443 0.000190524 -0.77298
    outer loop
      vertex -3.95019 35.2 11.4841
      vertex -3.95607 35.5 11.489
      vertex -3.65257 35.5 11.2399
    endloop
  endfacet
  facet normal 0.995184 0 -0.0980278
    outer loop
      vertex -3.04869 32.4 16.4014
      vertex -3.06842 34.7 16.2011
      vertex -3.04869 34.7 16.4014
    endloop
  endfacet
  facet normal 0.995184 0 -0.0980278
    outer loop
      vertex -3.06842 34.7 16.2011
      vertex -3.04869 32.4 16.4014
      vertex -3.06842 32.4 16.2011
    endloop
  endfacet
  facet normal -0.995184 0 -0.0980278
    outer loop
      vertex 3.06842 32.4 16.2011
      vertex 3.04869 34.7 16.4014
      vertex 3.06842 34.7 16.2011
    endloop
  endfacet
  facet normal -0.995184 -0 -0.0980278
    outer loop
      vertex 3.04869 34.7 16.4014
      vertex 3.06842 32.4 16.2011
      vertex 3.04869 32.4 16.4014
    endloop
  endfacet
  facet normal -0.999465 0 -0.0327025
    outer loop
      vertex 3.075 32.4 16
      vertex 3.06842 34.7 16.2011
      vertex 3.075 34.7 16
    endloop
  endfacet
  facet normal -0.999465 -0 -0.0327025
    outer loop
      vertex 3.06842 34.7 16.2011
      vertex 3.075 32.4 16
      vertex 3.06842 32.4 16.2011
    endloop
  endfacet
  facet normal -0.84923 0 -0.528023
    outer loop
      vertex 2.66303 32.4 17.5375
      vertex 2.55677 34.7 17.7084
      vertex 2.66303 34.7 17.5375
    endloop
  endfacet
  facet normal -0.84923 -0 -0.528023
    outer loop
      vertex 2.55677 34.7 17.7084
      vertex 2.66303 32.4 17.5375
      vertex 2.55677 32.4 17.7084
    endloop
  endfacet
  facet normal -0.986637 0 0.162932
    outer loop
      vertex 3.01591 32.4 15.4001
      vertex 3.04869 34.7 15.5986
      vertex 3.01591 34.7 15.4001
    endloop
  endfacet
  facet normal -0.986637 0 0.162932
    outer loop
      vertex 3.04869 34.7 15.5986
      vertex 3.01591 32.4 15.4001
      vertex 3.04869 32.4 15.5986
    endloop
  endfacet
  facet normal -0.527853 0 0.849336
    outer loop
      vertex 1.5375 34.7 13.337
      vertex 1.70838 32.4 13.4432
      vertex 1.70838 34.7 13.4432
    endloop
  endfacet
  facet normal -0.527853 0 0.849336
    outer loop
      vertex 1.70838 32.4 13.4432
      vertex 1.5375 34.7 13.337
      vertex 1.5375 32.4 13.337
    endloop
  endfacet
  facet normal 0.58246 0 -0.812859
    outer loop
      vertex -1.87194 32.4 18.4396
      vertex -1.70838 34.7 18.5568
      vertex -1.70838 32.4 18.5568
    endloop
  endfacet
  facet normal 0.58246 0 -0.812859
    outer loop
      vertex -1.70838 34.7 18.5568
      vertex -1.87194 32.4 18.4396
      vertex -1.87194 34.7 18.4396
    endloop
  endfacet
  facet normal -0.910783 0 0.412885
    outer loop
      vertex 2.75788 32.4 14.64
      vertex 2.84093 34.7 14.8232
      vertex 2.75788 34.7 14.64
    endloop
  endfacet
  facet normal -0.910783 0 0.412885
    outer loop
      vertex 2.84093 34.7 14.8232
      vertex 2.75788 32.4 14.64
      vertex 2.84093 32.4 14.8232
    endloop
  endfacet
  facet normal -0.881974 0 0.471297
    outer loop
      vertex 2.66303 32.4 14.4625
      vertex 2.75788 34.7 14.64
      vertex 2.66303 34.7 14.4625
    endloop
  endfacet
  facet normal -0.881974 0 0.471297
    outer loop
      vertex 2.75788 34.7 14.64
      vertex 2.66303 32.4 14.4625
      vertex 2.75788 32.4 14.64
    endloop
  endfacet
  facet normal 0.973889 -0 0.227025
    outer loop
      vertex -3.01591 32.4 15.4001
      vertex -2.97022 34.7 15.2041
      vertex -3.01591 34.7 15.4001
    endloop
  endfacet
  facet normal 0.973889 0 0.227025
    outer loop
      vertex -2.97022 34.7 15.2041
      vertex -3.01591 32.4 15.4001
      vertex -2.97022 32.4 15.2041
    endloop
  endfacet
  facet normal -0.812735 0 -0.582634
    outer loop
      vertex 2.55677 32.4 17.7084
      vertex 2.43956 34.7 17.8719
      vertex 2.55677 34.7 17.7084
    endloop
  endfacet
  facet normal -0.812735 -0 -0.582634
    outer loop
      vertex 2.43956 34.7 17.8719
      vertex 2.55677 32.4 17.7084
      vertex 2.43956 32.4 17.8719
    endloop
  endfacet
  facet normal -0.163001 0 0.986626
    outer loop
      vertex 0.401367 34.7 12.9513
      vertex 0.599902 32.4 12.9841
      vertex 0.599902 34.7 12.9841
    endloop
  endfacet
  facet normal -0.163001 0 0.986626
    outer loop
      vertex 0.599902 32.4 12.9841
      vertex 0.401367 34.7 12.9513
      vertex 0.401367 32.4 12.9513
    endloop
  endfacet
  facet normal -0.634522 0 0.772905
    outer loop
      vertex 1.87194 34.7 13.5604
      vertex 2.02749 32.4 13.6881
      vertex 2.02749 34.7 13.6881
    endloop
  endfacet
  facet normal -0.634522 0 0.772905
    outer loop
      vertex 2.02749 32.4 13.6881
      vertex 1.87194 34.7 13.5604
      vertex 1.87194 32.4 13.5604
    endloop
  endfacet
  facet normal -0.973889 0 -0.227025
    outer loop
      vertex 3.01591 32.4 16.5999
      vertex 2.97022 34.7 16.7959
      vertex 3.01591 34.7 16.5999
    endloop
  endfacet
  facet normal -0.973889 -0 -0.227025
    outer loop
      vertex 2.97022 34.7 16.7959
      vertex 3.01591 32.4 16.5999
      vertex 2.97022 32.4 16.7959
    endloop
  endfacet
  facet normal 0.352337 0 -0.935873
    outer loop
      vertex -1.17675 32.4 18.8409
      vertex -0.988426 34.7 18.9118
      vertex -0.988426 32.4 18.9118
    endloop
  endfacet
  facet normal 0.352337 0 -0.935873
    outer loop
      vertex -0.988426 34.7 18.9118
      vertex -1.17675 32.4 18.8409
      vertex -1.17675 34.7 18.8409
    endloop
  endfacet
  facet normal -0.910783 0 -0.412885
    outer loop
      vertex 2.84093 32.4 17.1768
      vertex 2.75788 34.7 17.36
      vertex 2.84093 34.7 17.1768
    endloop
  endfacet
  facet normal -0.910783 -0 -0.412885
    outer loop
      vertex 2.75788 34.7 17.36
      vertex 2.84093 32.4 17.1768
      vertex 2.75788 32.4 17.36
    endloop
  endfacet
  facet normal -0.527853 0 -0.849336
    outer loop
      vertex 1.5375 32.4 18.663
      vertex 1.70838 34.7 18.5568
      vertex 1.70838 32.4 18.5568
    endloop
  endfacet
  facet normal -0.527853 0 -0.849336
    outer loop
      vertex 1.70838 34.7 18.5568
      vertex 1.5375 32.4 18.663
      vertex 1.5375 34.7 18.663
    endloop
  endfacet
  facet normal 0.935953 -0 0.352125
    outer loop
      vertex -2.91181 32.4 15.0116
      vertex -2.84093 34.7 14.8232
      vertex -2.91181 34.7 15.0116
    endloop
  endfacet
  facet normal 0.935953 0 0.352125
    outer loop
      vertex -2.84093 34.7 14.8232
      vertex -2.91181 32.4 15.0116
      vertex -2.84093 32.4 14.8232
    endloop
  endfacet
  facet normal 0.729931 -0 0.683521
    outer loop
      vertex -2.31191 32.4 13.9725
      vertex -2.17435 34.7 13.8256
      vertex -2.31191 34.7 13.9725
    endloop
  endfacet
  facet normal 0.729931 0 0.683521
    outer loop
      vertex -2.17435 34.7 13.8256
      vertex -2.31191 32.4 13.9725
      vertex -2.17435 32.4 13.8256
    endloop
  endfacet
  facet normal 0.22711 0 -0.973869
    outer loop
      vertex -0.795868 32.4 18.9702
      vertex -0.599902 34.7 19.0159
      vertex -0.599902 32.4 19.0159
    endloop
  endfacet
  facet normal 0.22711 0 -0.973869
    outer loop
      vertex -0.599902 34.7 19.0159
      vertex -0.795868 32.4 18.9702
      vertex -0.795868 34.7 18.9702
    endloop
  endfacet
  facet normal -0.0327996 0 0.999462
    outer loop
      vertex 0 34.7 12.925
      vertex 0.201114 32.4 12.9316
      vertex 0.201114 34.7 12.9316
    endloop
  endfacet
  facet normal -0.0327996 0 0.999462
    outer loop
      vertex 0.201114 32.4 12.9316
      vertex 0 34.7 12.925
      vertex 0 32.4 12.925
    endloop
  endfacet
  facet normal -0.729931 0 -0.683521
    outer loop
      vertex 2.31191 32.4 18.0275
      vertex 2.17435 34.7 18.1744
      vertex 2.31191 34.7 18.0275
    endloop
  endfacet
  facet normal -0.729931 -0 -0.683521
    outer loop
      vertex 2.17435 34.7 18.1744
      vertex 2.31191 32.4 18.0275
      vertex 2.17435 32.4 18.1744
    endloop
  endfacet
  facet normal 0.352337 0 0.935873
    outer loop
      vertex -1.17675 34.7 13.1591
      vertex -0.988426 32.4 13.0882
      vertex -0.988426 34.7 13.0882
    endloop
  endfacet
  facet normal 0.352337 0 0.935873
    outer loop
      vertex -0.988426 32.4 13.0882
      vertex -1.17675 34.7 13.1591
      vertex -1.17675 32.4 13.1591
    endloop
  endfacet
  facet normal -0.352337 0 -0.935873
    outer loop
      vertex 0.988426 32.4 18.9118
      vertex 1.17675 34.7 18.8409
      vertex 1.17675 32.4 18.8409
    endloop
  endfacet
  facet normal -0.352337 0 -0.935873
    outer loop
      vertex 1.17675 34.7 18.8409
      vertex 0.988426 32.4 18.9118
      vertex 0.988426 34.7 18.9118
    endloop
  endfacet
  facet normal 0.84923 -0 0.528023
    outer loop
      vertex -2.66303 32.4 14.4625
      vertex -2.55677 34.7 14.2916
      vertex -2.66303 34.7 14.4625
    endloop
  endfacet
  facet normal 0.84923 0 0.528023
    outer loop
      vertex -2.55677 34.7 14.2916
      vertex -2.66303 32.4 14.4625
      vertex -2.55677 32.4 14.2916
    endloop
  endfacet
  facet normal -0.956919 0 0.290356
    outer loop
      vertex 2.91181 32.4 15.0116
      vertex 2.97022 34.7 15.2041
      vertex 2.91181 34.7 15.0116
    endloop
  endfacet
  facet normal -0.956919 0 0.290356
    outer loop
      vertex 2.97022 34.7 15.2041
      vertex 2.91181 32.4 15.0116
      vertex 2.97022 32.4 15.2041
    endloop
  endfacet
  facet normal 0.683461 0 -0.729987
    outer loop
      vertex -2.17435 32.4 18.1744
      vertex -2.02749 34.7 18.3119
      vertex -2.02749 32.4 18.3119
    endloop
  endfacet
  facet normal 0.683461 0 -0.729987
    outer loop
      vertex -2.02749 34.7 18.3119
      vertex -2.17435 32.4 18.1744
      vertex -2.17435 34.7 18.1744
    endloop
  endfacet
  facet normal 0.634522 0 -0.772905
    outer loop
      vertex -2.02749 32.4 18.3119
      vertex -1.87194 34.7 18.4396
      vertex -1.87194 32.4 18.4396
    endloop
  endfacet
  facet normal 0.634522 0 -0.772905
    outer loop
      vertex -1.87194 34.7 18.4396
      vertex -2.02749 32.4 18.3119
      vertex -2.02749 34.7 18.3119
    endloop
  endfacet
  facet normal 0.0327996 0 0.999462
    outer loop
      vertex -0.201114 34.7 12.9316
      vertex 0 32.4 12.925
      vertex 0 34.7 12.925
    endloop
  endfacet
  facet normal 0.0327996 0 0.999462
    outer loop
      vertex 0 32.4 12.925
      vertex -0.201114 34.7 12.9316
      vertex -0.201114 32.4 12.9316
    endloop
  endfacet
  facet normal -0.097903 0 0.995196
    outer loop
      vertex 0.201114 34.7 12.9316
      vertex 0.401367 32.4 12.9513
      vertex 0.401367 34.7 12.9513
    endloop
  endfacet
  facet normal -0.097903 0 0.995196
    outer loop
      vertex 0.401367 32.4 12.9513
      vertex 0.201114 34.7 12.9316
      vertex 0.201114 32.4 12.9316
    endloop
  endfacet
  facet normal 0.097903 0 -0.995196
    outer loop
      vertex -0.401367 32.4 19.0487
      vertex -0.201114 34.7 19.0684
      vertex -0.201114 32.4 19.0684
    endloop
  endfacet
  facet normal 0.097903 0 -0.995196
    outer loop
      vertex -0.201114 34.7 19.0684
      vertex -0.401367 32.4 19.0487
      vertex -0.401367 34.7 19.0487
    endloop
  endfacet
  facet normal 0.163001 0 -0.986626
    outer loop
      vertex -0.599902 32.4 19.0159
      vertex -0.401367 34.7 19.0487
      vertex -0.401367 32.4 19.0487
    endloop
  endfacet
  facet normal 0.163001 0 -0.986626
    outer loop
      vertex -0.401367 34.7 19.0487
      vertex -0.599902 32.4 19.0159
      vertex -0.599902 34.7 19.0159
    endloop
  endfacet
  facet normal -0.773126 0 -0.634252
    outer loop
      vertex 2.43956 32.4 17.8719
      vertex 2.31191 34.7 18.0275
      vertex 2.43956 34.7 17.8719
    endloop
  endfacet
  facet normal -0.773126 -0 -0.634252
    outer loop
      vertex 2.31191 34.7 18.0275
      vertex 2.43956 32.4 17.8719
      vertex 2.31191 32.4 18.0275
    endloop
  endfacet
  facet normal 0.881974 -0 0.471297
    outer loop
      vertex -2.75788 32.4 14.64
      vertex -2.66303 34.7 14.4625
      vertex -2.75788 34.7 14.64
    endloop
  endfacet
  facet normal 0.881974 0 0.471297
    outer loop
      vertex -2.66303 34.7 14.4625
      vertex -2.75788 32.4 14.64
      vertex -2.66303 32.4 14.4625
    endloop
  endfacet
  facet normal 0.910783 -0 0.412885
    outer loop
      vertex -2.84093 32.4 14.8232
      vertex -2.75788 34.7 14.64
      vertex -2.84093 34.7 14.8232
    endloop
  endfacet
  facet normal 0.910783 0 0.412885
    outer loop
      vertex -2.75788 34.7 14.64
      vertex -2.84093 32.4 14.8232
      vertex -2.75788 32.4 14.64
    endloop
  endfacet
  facet normal 0.683461 0 0.729987
    outer loop
      vertex -2.17435 34.7 13.8256
      vertex -2.02749 32.4 13.6881
      vertex -2.02749 34.7 13.6881
    endloop
  endfacet
  facet normal 0.683461 0 0.729987
    outer loop
      vertex -2.02749 32.4 13.6881
      vertex -2.17435 34.7 13.8256
      vertex -2.17435 32.4 13.8256
    endloop
  endfacet
  facet normal -0.999465 0 0.0327025
    outer loop
      vertex 3.06842 32.4 15.7989
      vertex 3.075 34.7 16
      vertex 3.06842 34.7 15.7989
    endloop
  endfacet
  facet normal -0.999465 0 0.0327025
    outer loop
      vertex 3.075 34.7 16
      vertex 3.06842 32.4 15.7989
      vertex 3.075 32.4 16
    endloop
  endfacet
  facet normal -0.956919 0 -0.290356
    outer loop
      vertex 2.97022 32.4 16.7959
      vertex 2.91181 34.7 16.9884
      vertex 2.97022 34.7 16.7959
    endloop
  endfacet
  facet normal -0.956919 -0 -0.290356
    outer loop
      vertex 2.91181 34.7 16.9884
      vertex 2.97022 32.4 16.7959
      vertex 2.91181 32.4 16.9884
    endloop
  endfacet
  facet normal -0.84923 0 0.528023
    outer loop
      vertex 2.55677 32.4 14.2916
      vertex 2.66303 34.7 14.4625
      vertex 2.55677 34.7 14.2916
    endloop
  endfacet
  facet normal -0.84923 0 0.528023
    outer loop
      vertex 2.66303 34.7 14.4625
      vertex 2.55677 32.4 14.2916
      vertex 2.66303 32.4 14.4625
    endloop
  endfacet
  facet normal -0.773126 0 0.634252
    outer loop
      vertex 2.31191 32.4 13.9725
      vertex 2.43956 34.7 14.1281
      vertex 2.31191 34.7 13.9725
    endloop
  endfacet
  facet normal -0.773126 0 0.634252
    outer loop
      vertex 2.43956 34.7 14.1281
      vertex 2.31191 32.4 13.9725
      vertex 2.43956 32.4 14.1281
    endloop
  endfacet
  facet normal -0.729931 0 0.683521
    outer loop
      vertex 2.17435 32.4 13.8256
      vertex 2.31191 34.7 13.9725
      vertex 2.17435 34.7 13.8256
    endloop
  endfacet
  facet normal -0.729931 0 0.683521
    outer loop
      vertex 2.31191 34.7 13.9725
      vertex 2.17435 32.4 13.8256
      vertex 2.31191 32.4 13.9725
    endloop
  endfacet
  facet normal 0.956919 0 -0.290356
    outer loop
      vertex -2.91181 32.4 16.9884
      vertex -2.97022 34.7 16.7959
      vertex -2.91181 34.7 16.9884
    endloop
  endfacet
  facet normal 0.956919 0 -0.290356
    outer loop
      vertex -2.97022 34.7 16.7959
      vertex -2.91181 32.4 16.9884
      vertex -2.97022 32.4 16.7959
    endloop
  endfacet
  facet normal 0.956919 -0 0.290356
    outer loop
      vertex -2.97022 32.4 15.2041
      vertex -2.91181 34.7 15.0116
      vertex -2.97022 34.7 15.2041
    endloop
  endfacet
  facet normal 0.956919 0 0.290356
    outer loop
      vertex -2.91181 34.7 15.0116
      vertex -2.97022 32.4 15.2041
      vertex -2.91181 32.4 15.0116
    endloop
  endfacet
  facet normal 0.773126 -0 0.634252
    outer loop
      vertex -2.43956 32.4 14.1281
      vertex -2.31191 34.7 13.9725
      vertex -2.43956 34.7 14.1281
    endloop
  endfacet
  facet normal 0.773126 0 0.634252
    outer loop
      vertex -2.31191 34.7 13.9725
      vertex -2.43956 32.4 14.1281
      vertex -2.31191 32.4 13.9725
    endloop
  endfacet
  facet normal 0.995184 -0 0.0980278
    outer loop
      vertex -3.06842 32.4 15.7989
      vertex -3.04869 34.7 15.5986
      vertex -3.06842 34.7 15.7989
    endloop
  endfacet
  facet normal 0.995184 0 0.0980278
    outer loop
      vertex -3.04869 34.7 15.5986
      vertex -3.06842 32.4 15.7989
      vertex -3.04869 32.4 15.5986
    endloop
  endfacet
  facet normal 0.163001 0 0.986626
    outer loop
      vertex -0.599902 34.7 12.9841
      vertex -0.401367 32.4 12.9513
      vertex -0.401367 34.7 12.9513
    endloop
  endfacet
  facet normal 0.163001 0 0.986626
    outer loop
      vertex -0.401367 32.4 12.9513
      vertex -0.599902 34.7 12.9841
      vertex -0.599902 32.4 12.9841
    endloop
  endfacet
  facet normal 0.986637 0 -0.162932
    outer loop
      vertex -3.01591 32.4 16.5999
      vertex -3.04869 34.7 16.4014
      vertex -3.01591 34.7 16.5999
    endloop
  endfacet
  facet normal 0.986637 0 -0.162932
    outer loop
      vertex -3.04869 34.7 16.4014
      vertex -3.01591 32.4 16.5999
      vertex -3.04869 32.4 16.4014
    endloop
  endfacet
  facet normal -0.812735 0 0.582634
    outer loop
      vertex 2.43956 32.4 14.1281
      vertex 2.55677 34.7 14.2916
      vertex 2.43956 34.7 14.1281
    endloop
  endfacet
  facet normal -0.812735 0 0.582634
    outer loop
      vertex 2.55677 34.7 14.2916
      vertex 2.43956 32.4 14.1281
      vertex 2.55677 32.4 14.2916
    endloop
  endfacet
  facet normal 0.986637 -0 0.162932
    outer loop
      vertex -3.04869 32.4 15.5986
      vertex -3.01591 34.7 15.4001
      vertex -3.04869 34.7 15.5986
    endloop
  endfacet
  facet normal 0.986637 0 0.162932
    outer loop
      vertex -3.01591 34.7 15.4001
      vertex -3.04869 32.4 15.5986
      vertex -3.01591 32.4 15.4001
    endloop
  endfacet
  facet normal -0.881974 0 -0.471297
    outer loop
      vertex 2.75788 32.4 17.36
      vertex 2.66303 34.7 17.5375
      vertex 2.75788 34.7 17.36
    endloop
  endfacet
  facet normal -0.881974 -0 -0.471297
    outer loop
      vertex 2.66303 34.7 17.5375
      vertex 2.75788 32.4 17.36
      vertex 2.66303 32.4 17.5375
    endloop
  endfacet
  facet normal 0.290231 0 -0.956957
    outer loop
      vertex -0.988426 32.4 18.9118
      vertex -0.795868 34.7 18.9702
      vertex -0.795868 32.4 18.9702
    endloop
  endfacet
  facet normal 0.290231 0 -0.956957
    outer loop
      vertex -0.795868 34.7 18.9702
      vertex -0.988426 32.4 18.9118
      vertex -0.988426 34.7 18.9118
    endloop
  endfacet
  facet normal -0.352337 0 0.935873
    outer loop
      vertex 0.988426 34.7 13.0882
      vertex 1.17675 32.4 13.1591
      vertex 1.17675 34.7 13.1591
    endloop
  endfacet
  facet normal -0.352337 0 0.935873
    outer loop
      vertex 1.17675 32.4 13.1591
      vertex 0.988426 34.7 13.0882
      vertex 0.988426 32.4 13.0882
    endloop
  endfacet
  facet normal -0.163001 0 -0.986626
    outer loop
      vertex 0.401367 32.4 19.0487
      vertex 0.599902 34.7 19.0159
      vertex 0.599902 32.4 19.0159
    endloop
  endfacet
  facet normal -0.163001 0 -0.986626
    outer loop
      vertex 0.599902 34.7 19.0159
      vertex 0.401367 32.4 19.0487
      vertex 0.401367 34.7 19.0487
    endloop
  endfacet
  facet normal -0.290231 0 -0.956957
    outer loop
      vertex 0.795868 32.4 18.9702
      vertex 0.988426 34.7 18.9118
      vertex 0.988426 32.4 18.9118
    endloop
  endfacet
  facet normal -0.290231 0 -0.956957
    outer loop
      vertex 0.988426 34.7 18.9118
      vertex 0.795868 32.4 18.9702
      vertex 0.795868 34.7 18.9702
    endloop
  endfacet
  facet normal 0.999465 0 -0.0327025
    outer loop
      vertex -3.06842 32.4 16.2011
      vertex -3.075 34.7 16
      vertex -3.06842 34.7 16.2011
    endloop
  endfacet
  facet normal 0.999465 0 -0.0327025
    outer loop
      vertex -3.075 34.7 16
      vertex -3.06842 32.4 16.2011
      vertex -3.075 32.4 16
    endloop
  endfacet
  facet normal -0.412511 0 -0.910953
    outer loop
      vertex 1.17675 32.4 18.8409
      vertex 1.36004 34.7 18.7579
      vertex 1.36004 32.4 18.7579
    endloop
  endfacet
  facet normal -0.412511 0 -0.910953
    outer loop
      vertex 1.36004 34.7 18.7579
      vertex 1.17675 32.4 18.8409
      vertex 1.17675 34.7 18.8409
    endloop
  endfacet
  facet normal -0.22711 0 0.973869
    outer loop
      vertex 0.599902 34.7 12.9841
      vertex 0.795868 32.4 13.0298
      vertex 0.795868 34.7 13.0298
    endloop
  endfacet
  facet normal -0.22711 0 0.973869
    outer loop
      vertex 0.795868 32.4 13.0298
      vertex 0.599902 34.7 12.9841
      vertex 0.599902 32.4 12.9841
    endloop
  endfacet
  facet normal 0.812735 -0 0.582634
    outer loop
      vertex -2.55677 32.4 14.2916
      vertex -2.43956 34.7 14.1281
      vertex -2.55677 34.7 14.2916
    endloop
  endfacet
  facet normal 0.812735 0 0.582634
    outer loop
      vertex -2.43956 34.7 14.1281
      vertex -2.55677 32.4 14.2916
      vertex -2.43956 32.4 14.1281
    endloop
  endfacet
  facet normal 0.84923 0 -0.528023
    outer loop
      vertex -2.55677 32.4 17.7084
      vertex -2.66303 34.7 17.5375
      vertex -2.55677 34.7 17.7084
    endloop
  endfacet
  facet normal 0.84923 0 -0.528023
    outer loop
      vertex -2.66303 34.7 17.5375
      vertex -2.55677 32.4 17.7084
      vertex -2.66303 32.4 17.5375
    endloop
  endfacet
  facet normal -0.471573 0 0.881827
    outer loop
      vertex 1.36004 34.7 13.2421
      vertex 1.5375 32.4 13.337
      vertex 1.5375 34.7 13.337
    endloop
  endfacet
  facet normal -0.471573 0 0.881827
    outer loop
      vertex 1.5375 32.4 13.337
      vertex 1.36004 34.7 13.2421
      vertex 1.36004 32.4 13.2421
    endloop
  endfacet
  facet normal -0.097903 0 -0.995196
    outer loop
      vertex 0.201114 32.4 19.0684
      vertex 0.401367 34.7 19.0487
      vertex 0.401367 32.4 19.0487
    endloop
  endfacet
  facet normal -0.097903 0 -0.995196
    outer loop
      vertex 0.401367 34.7 19.0487
      vertex 0.201114 32.4 19.0684
      vertex 0.201114 34.7 19.0684
    endloop
  endfacet
  facet normal -0.0327996 0 -0.999462
    outer loop
      vertex 0 32.4 19.075
      vertex 0.201114 34.7 19.0684
      vertex 0.201114 32.4 19.0684
    endloop
  endfacet
  facet normal -0.0327996 0 -0.999462
    outer loop
      vertex 0.201114 34.7 19.0684
      vertex 0 32.4 19.075
      vertex 0 34.7 19.075
    endloop
  endfacet
  facet normal -0.290231 0 0.956957
    outer loop
      vertex 0.795868 34.7 13.0298
      vertex 0.988426 32.4 13.0882
      vertex 0.988426 34.7 13.0882
    endloop
  endfacet
  facet normal -0.290231 0 0.956957
    outer loop
      vertex 0.988426 32.4 13.0882
      vertex 0.795868 34.7 13.0298
      vertex 0.795868 32.4 13.0298
    endloop
  endfacet
  facet normal -0.973889 0 0.227025
    outer loop
      vertex 2.97022 32.4 15.2041
      vertex 3.01591 34.7 15.4001
      vertex 2.97022 34.7 15.2041
    endloop
  endfacet
  facet normal -0.973889 0 0.227025
    outer loop
      vertex 3.01591 34.7 15.4001
      vertex 2.97022 32.4 15.2041
      vertex 3.01591 32.4 15.4001
    endloop
  endfacet
  facet normal -0.935953 0 0.352125
    outer loop
      vertex 2.84093 32.4 14.8232
      vertex 2.91181 34.7 15.0116
      vertex 2.84093 34.7 14.8232
    endloop
  endfacet
  facet normal -0.935953 0 0.352125
    outer loop
      vertex 2.91181 34.7 15.0116
      vertex 2.84093 32.4 14.8232
      vertex 2.91181 32.4 15.0116
    endloop
  endfacet
  facet normal -0.995184 0 0.0980278
    outer loop
      vertex 3.04869 32.4 15.5986
      vertex 3.06842 34.7 15.7989
      vertex 3.04869 34.7 15.5986
    endloop
  endfacet
  facet normal -0.995184 0 0.0980278
    outer loop
      vertex 3.06842 34.7 15.7989
      vertex 3.04869 32.4 15.5986
      vertex 3.06842 32.4 15.7989
    endloop
  endfacet
  facet normal -0.58246 0 -0.812859
    outer loop
      vertex 1.70838 32.4 18.5568
      vertex 1.87194 34.7 18.4396
      vertex 1.87194 32.4 18.4396
    endloop
  endfacet
  facet normal -0.58246 0 -0.812859
    outer loop
      vertex 1.87194 34.7 18.4396
      vertex 1.70838 32.4 18.5568
      vertex 1.70838 34.7 18.5568
    endloop
  endfacet
  facet normal 0.935953 0 -0.352125
    outer loop
      vertex -2.84093 32.4 17.1768
      vertex -2.91181 34.7 16.9884
      vertex -2.84093 34.7 17.1768
    endloop
  endfacet
  facet normal 0.935953 0 -0.352125
    outer loop
      vertex -2.91181 34.7 16.9884
      vertex -2.84093 32.4 17.1768
      vertex -2.91181 32.4 16.9884
    endloop
  endfacet
  facet normal -0.935953 0 -0.352125
    outer loop
      vertex 2.91181 32.4 16.9884
      vertex 2.84093 34.7 17.1768
      vertex 2.91181 34.7 16.9884
    endloop
  endfacet
  facet normal -0.935953 -0 -0.352125
    outer loop
      vertex 2.84093 34.7 17.1768
      vertex 2.91181 32.4 16.9884
      vertex 2.84093 32.4 17.1768
    endloop
  endfacet
  facet normal 0.910783 0 -0.412885
    outer loop
      vertex -2.75788 32.4 17.36
      vertex -2.84093 34.7 17.1768
      vertex -2.75788 34.7 17.36
    endloop
  endfacet
  facet normal 0.910783 0 -0.412885
    outer loop
      vertex -2.84093 34.7 17.1768
      vertex -2.75788 32.4 17.36
      vertex -2.84093 32.4 17.1768
    endloop
  endfacet
  facet normal -0.634522 0 -0.772905
    outer loop
      vertex 1.87194 32.4 18.4396
      vertex 2.02749 34.7 18.3119
      vertex 2.02749 32.4 18.3119
    endloop
  endfacet
  facet normal -0.634522 0 -0.772905
    outer loop
      vertex 2.02749 34.7 18.3119
      vertex 1.87194 32.4 18.4396
      vertex 1.87194 34.7 18.4396
    endloop
  endfacet
  facet normal -0.683461 0 -0.729987
    outer loop
      vertex 2.02749 32.4 18.3119
      vertex 2.17435 34.7 18.1744
      vertex 2.17435 32.4 18.1744
    endloop
  endfacet
  facet normal -0.683461 0 -0.729987
    outer loop
      vertex 2.17435 34.7 18.1744
      vertex 2.02749 32.4 18.3119
      vertex 2.02749 34.7 18.3119
    endloop
  endfacet
  facet normal -0.471573 0 -0.881827
    outer loop
      vertex 1.36004 32.4 18.7579
      vertex 1.5375 34.7 18.663
      vertex 1.5375 32.4 18.663
    endloop
  endfacet
  facet normal -0.471573 0 -0.881827
    outer loop
      vertex 1.5375 34.7 18.663
      vertex 1.36004 32.4 18.7579
      vertex 1.36004 34.7 18.7579
    endloop
  endfacet
  facet normal -0.986637 0 -0.162932
    outer loop
      vertex 3.04869 32.4 16.4014
      vertex 3.01591 34.7 16.5999
      vertex 3.04869 34.7 16.4014
    endloop
  endfacet
  facet normal -0.986637 -0 -0.162932
    outer loop
      vertex 3.01591 34.7 16.5999
      vertex 3.04869 32.4 16.4014
      vertex 3.01591 32.4 16.5999
    endloop
  endfacet
  facet normal 0.729931 0 -0.683521
    outer loop
      vertex -2.17435 32.4 18.1744
      vertex -2.31191 34.7 18.0275
      vertex -2.17435 34.7 18.1744
    endloop
  endfacet
  facet normal 0.729931 0 -0.683521
    outer loop
      vertex -2.31191 34.7 18.0275
      vertex -2.17435 32.4 18.1744
      vertex -2.31191 32.4 18.0275
    endloop
  endfacet
  facet normal 0.527853 0 0.849336
    outer loop
      vertex -1.70838 34.7 13.4432
      vertex -1.5375 32.4 13.337
      vertex -1.5375 34.7 13.337
    endloop
  endfacet
  facet normal 0.527853 0 0.849336
    outer loop
      vertex -1.5375 32.4 13.337
      vertex -1.70838 34.7 13.4432
      vertex -1.70838 32.4 13.4432
    endloop
  endfacet
  facet normal 0.097903 0 0.995196
    outer loop
      vertex -0.401367 34.7 12.9513
      vertex -0.201114 32.4 12.9316
      vertex -0.201114 34.7 12.9316
    endloop
  endfacet
  facet normal 0.097903 0 0.995196
    outer loop
      vertex -0.201114 32.4 12.9316
      vertex -0.401367 34.7 12.9513
      vertex -0.401367 32.4 12.9513
    endloop
  endfacet
  facet normal -0.412511 0 0.910953
    outer loop
      vertex 1.17675 34.7 13.1591
      vertex 1.36004 32.4 13.2421
      vertex 1.36004 34.7 13.2421
    endloop
  endfacet
  facet normal -0.412511 0 0.910953
    outer loop
      vertex 1.36004 32.4 13.2421
      vertex 1.17675 34.7 13.1591
      vertex 1.17675 32.4 13.1591
    endloop
  endfacet
  facet normal 0.0327996 0 -0.999462
    outer loop
      vertex -0.201114 32.4 19.0684
      vertex 0 34.7 19.075
      vertex 0 32.4 19.075
    endloop
  endfacet
  facet normal 0.0327996 0 -0.999462
    outer loop
      vertex 0 34.7 19.075
      vertex -0.201114 32.4 19.0684
      vertex -0.201114 34.7 19.0684
    endloop
  endfacet
  facet normal 0.527853 0 -0.849336
    outer loop
      vertex -1.70838 32.4 18.5568
      vertex -1.5375 34.7 18.663
      vertex -1.5375 32.4 18.663
    endloop
  endfacet
  facet normal 0.527853 0 -0.849336
    outer loop
      vertex -1.5375 34.7 18.663
      vertex -1.70838 32.4 18.5568
      vertex -1.70838 34.7 18.5568
    endloop
  endfacet
  facet normal 0.634522 0 0.772905
    outer loop
      vertex -2.02749 34.7 13.6881
      vertex -1.87194 32.4 13.5604
      vertex -1.87194 34.7 13.5604
    endloop
  endfacet
  facet normal 0.634522 0 0.772905
    outer loop
      vertex -1.87194 32.4 13.5604
      vertex -2.02749 34.7 13.6881
      vertex -2.02749 32.4 13.6881
    endloop
  endfacet
  facet normal 0.290231 0 0.956957
    outer loop
      vertex -0.988426 34.7 13.0882
      vertex -0.795868 32.4 13.0298
      vertex -0.795868 34.7 13.0298
    endloop
  endfacet
  facet normal 0.290231 0 0.956957
    outer loop
      vertex -0.795868 32.4 13.0298
      vertex -0.988426 34.7 13.0882
      vertex -0.988426 32.4 13.0882
    endloop
  endfacet
  facet normal 0.999465 -0 0.0327025
    outer loop
      vertex -3.075 32.4 16
      vertex -3.06842 34.7 15.7989
      vertex -3.075 34.7 16
    endloop
  endfacet
  facet normal 0.999465 0 0.0327025
    outer loop
      vertex -3.06842 34.7 15.7989
      vertex -3.075 32.4 16
      vertex -3.06842 32.4 15.7989
    endloop
  endfacet
  facet normal 0.812735 0 -0.582634
    outer loop
      vertex -2.43956 32.4 17.8719
      vertex -2.55677 34.7 17.7084
      vertex -2.43956 34.7 17.8719
    endloop
  endfacet
  facet normal 0.812735 0 -0.582634
    outer loop
      vertex -2.55677 34.7 17.7084
      vertex -2.43956 32.4 17.8719
      vertex -2.55677 32.4 17.7084
    endloop
  endfacet
  facet normal 0.773126 0 -0.634252
    outer loop
      vertex -2.31191 32.4 18.0275
      vertex -2.43956 34.7 17.8719
      vertex -2.31191 34.7 18.0275
    endloop
  endfacet
  facet normal 0.773126 0 -0.634252
    outer loop
      vertex -2.43956 34.7 17.8719
      vertex -2.31191 32.4 18.0275
      vertex -2.43956 32.4 17.8719
    endloop
  endfacet
  facet normal 0.412511 0 -0.910953
    outer loop
      vertex -1.36004 32.4 18.7579
      vertex -1.17675 34.7 18.8409
      vertex -1.17675 32.4 18.8409
    endloop
  endfacet
  facet normal 0.412511 0 -0.910953
    outer loop
      vertex -1.17675 34.7 18.8409
      vertex -1.36004 32.4 18.7579
      vertex -1.36004 34.7 18.7579
    endloop
  endfacet
  facet normal -0.683461 0 0.729987
    outer loop
      vertex 2.02749 34.7 13.6881
      vertex 2.17435 32.4 13.8256
      vertex 2.17435 34.7 13.8256
    endloop
  endfacet
  facet normal -0.683461 0 0.729987
    outer loop
      vertex 2.17435 32.4 13.8256
      vertex 2.02749 34.7 13.6881
      vertex 2.02749 32.4 13.6881
    endloop
  endfacet
  facet normal 0.973889 0 -0.227025
    outer loop
      vertex -2.97022 32.4 16.7959
      vertex -3.01591 34.7 16.5999
      vertex -2.97022 34.7 16.7959
    endloop
  endfacet
  facet normal 0.973889 0 -0.227025
    outer loop
      vertex -3.01591 34.7 16.5999
      vertex -2.97022 32.4 16.7959
      vertex -3.01591 32.4 16.5999
    endloop
  endfacet
  facet normal 0.881974 0 -0.471297
    outer loop
      vertex -2.66303 32.4 17.5375
      vertex -2.75788 34.7 17.36
      vertex -2.66303 34.7 17.5375
    endloop
  endfacet
  facet normal 0.881974 0 -0.471297
    outer loop
      vertex -2.75788 34.7 17.36
      vertex -2.66303 32.4 17.5375
      vertex -2.75788 32.4 17.36
    endloop
  endfacet
  facet normal 0.22711 0 0.973869
    outer loop
      vertex -0.795868 34.7 13.0298
      vertex -0.599902 32.4 12.9841
      vertex -0.599902 34.7 12.9841
    endloop
  endfacet
  facet normal 0.22711 0 0.973869
    outer loop
      vertex -0.599902 32.4 12.9841
      vertex -0.795868 34.7 13.0298
      vertex -0.795868 32.4 13.0298
    endloop
  endfacet
  facet normal -0.22711 0 -0.973869
    outer loop
      vertex 0.599902 32.4 19.0159
      vertex 0.795868 34.7 18.9702
      vertex 0.795868 32.4 18.9702
    endloop
  endfacet
  facet normal -0.22711 0 -0.973869
    outer loop
      vertex 0.795868 34.7 18.9702
      vertex 0.599902 32.4 19.0159
      vertex 0.599902 34.7 19.0159
    endloop
  endfacet
  facet normal 0.412511 0 0.910953
    outer loop
      vertex -1.36004 34.7 13.2421
      vertex -1.17675 32.4 13.1591
      vertex -1.17675 34.7 13.1591
    endloop
  endfacet
  facet normal 0.412511 0 0.910953
    outer loop
      vertex -1.17675 32.4 13.1591
      vertex -1.36004 34.7 13.2421
      vertex -1.36004 32.4 13.2421
    endloop
  endfacet
  facet normal 0.471573 0 -0.881827
    outer loop
      vertex -1.5375 32.4 18.663
      vertex -1.36004 34.7 18.7579
      vertex -1.36004 32.4 18.7579
    endloop
  endfacet
  facet normal 0.471573 0 -0.881827
    outer loop
      vertex -1.36004 34.7 18.7579
      vertex -1.5375 32.4 18.663
      vertex -1.5375 34.7 18.663
    endloop
  endfacet
  facet normal -0.58246 0 0.812859
    outer loop
      vertex 1.70838 34.7 13.4432
      vertex 1.87194 32.4 13.5604
      vertex 1.87194 34.7 13.5604
    endloop
  endfacet
  facet normal -0.58246 0 0.812859
    outer loop
      vertex 1.87194 32.4 13.5604
      vertex 1.70838 34.7 13.4432
      vertex 1.70838 32.4 13.4432
    endloop
  endfacet
  facet normal 0.58246 0 0.812859
    outer loop
      vertex -1.87194 34.7 13.5604
      vertex -1.70838 32.4 13.4432
      vertex -1.70838 34.7 13.4432
    endloop
  endfacet
  facet normal 0.58246 0 0.812859
    outer loop
      vertex -1.70838 32.4 13.4432
      vertex -1.87194 34.7 13.5604
      vertex -1.87194 32.4 13.5604
    endloop
  endfacet
  facet normal 0 -1 0
    outer loop
      vertex -0.201114 34.7 19.0684
      vertex 0.201114 34.7 19.0684
      vertex 0 34.7 19.075
    endloop
  endfacet
  facet normal 0 -1 0
    outer loop
      vertex -0.401367 34.7 19.0487
      vertex 0.201114 34.7 19.0684
      vertex -0.201114 34.7 19.0684
    endloop
  endfacet
  facet normal 0 -1 0
    outer loop
      vertex -0.401367 34.7 19.0487
      vertex 0.401367 34.7 19.0487
      vertex 0.201114 34.7 19.0684
    endloop
  endfacet
  facet normal 0 -1 0
    outer loop
      vertex -0.599902 34.7 19.0159
      vertex 0.401367 34.7 19.0487
      vertex -0.401367 34.7 19.0487
    endloop
  endfacet
  facet normal 0 -1 0
    outer loop
      vertex -0.599902 34.7 19.0159
      vertex 0.599902 34.7 19.0159
      vertex 0.401367 34.7 19.0487
    endloop
  endfacet
  facet normal 0 -1 0
    outer loop
      vertex -0.795868 34.7 18.9702
      vertex 0.599902 34.7 19.0159
      vertex -0.599902 34.7 19.0159
    endloop
  endfacet
  facet normal 0 -1 0
    outer loop
      vertex -0.795868 34.7 18.9702
      vertex 0.795868 34.7 18.9702
      vertex 0.599902 34.7 19.0159
    endloop
  endfacet
  facet normal 0 -1 0
    outer loop
      vertex -0.988426 34.7 18.9118
      vertex 0.795868 34.7 18.9702
      vertex -0.795868 34.7 18.9702
    endloop
  endfacet
  facet normal 0 -1 0
    outer loop
      vertex -0.988426 34.7 18.9118
      vertex 0.988426 34.7 18.9118
      vertex 0.795868 34.7 18.9702
    endloop
  endfacet
  facet normal 0 -1 0
    outer loop
      vertex -1.17675 34.7 18.8409
      vertex 0.988426 34.7 18.9118
      vertex -0.988426 34.7 18.9118
    endloop
  endfacet
  facet normal 0 -1 0
    outer loop
      vertex -1.17675 34.7 18.8409
      vertex 1.17675 34.7 18.8409
      vertex 0.988426 34.7 18.9118
    endloop
  endfacet
  facet normal 0 -1 0
    outer loop
      vertex -1.36004 34.7 18.7579
      vertex 1.17675 34.7 18.8409
      vertex -1.17675 34.7 18.8409
    endloop
  endfacet
  facet normal 0 -1 0
    outer loop
      vertex -1.36004 34.7 18.7579
      vertex 1.36004 34.7 18.7579
      vertex 1.17675 34.7 18.8409
    endloop
  endfacet
  facet normal 0 -1 0
    outer loop
      vertex -1.5375 34.7 18.663
      vertex 1.36004 34.7 18.7579
      vertex -1.36004 34.7 18.7579
    endloop
  endfacet
  facet normal 0 -1 0
    outer loop
      vertex -1.5375 34.7 18.663
      vertex 1.5375 34.7 18.663
      vertex 1.36004 34.7 18.7579
    endloop
  endfacet
  facet normal 0 -1 0
    outer loop
      vertex -1.70838 34.7 18.5568
      vertex 1.5375 34.7 18.663
      vertex -1.5375 34.7 18.663
    endloop
  endfacet
  facet normal 0 -1 0
    outer loop
      vertex -1.70838 34.7 18.5568
      vertex 1.70838 34.7 18.5568
      vertex 1.5375 34.7 18.663
    endloop
  endfacet
  facet normal 0 -1 0
    outer loop
      vertex -1.87194 34.7 18.4396
      vertex 1.70838 34.7 18.5568
      vertex -1.70838 34.7 18.5568
    endloop
  endfacet
  facet normal 0 -1 0
    outer loop
      vertex -1.87194 34.7 18.4396
      vertex 1.87194 34.7 18.4396
      vertex 1.70838 34.7 18.5568
    endloop
  endfacet
  facet normal 0 -1 0
    outer loop
      vertex -2.02749 34.7 18.3119
      vertex 1.87194 34.7 18.4396
      vertex -1.87194 34.7 18.4396
    endloop
  endfacet
  facet normal 0 -1 0
    outer loop
      vertex -2.02749 34.7 18.3119
      vertex 2.02749 34.7 18.3119
      vertex 1.87194 34.7 18.4396
    endloop
  endfacet
  facet normal 0 -1 0
    outer loop
      vertex -2.17435 34.7 18.1744
      vertex 2.02749 34.7 18.3119
      vertex -2.02749 34.7 18.3119
    endloop
  endfacet
  facet normal 0 -1 0
    outer loop
      vertex -2.17435 34.7 18.1744
      vertex 2.17435 34.7 18.1744
      vertex 2.02749 34.7 18.3119
    endloop
  endfacet
  facet normal 0 -1 0
    outer loop
      vertex -2.31191 34.7 18.0275
      vertex 2.17435 34.7 18.1744
      vertex -2.17435 34.7 18.1744
    endloop
  endfacet
  facet normal 0 -1 0
    outer loop
      vertex -2.31191 34.7 18.0275
      vertex 2.31191 34.7 18.0275
      vertex 2.17435 34.7 18.1744
    endloop
  endfacet
  facet normal 0 -1 0
    outer loop
      vertex -2.43956 34.7 17.8719
      vertex 2.31191 34.7 18.0275
      vertex -2.31191 34.7 18.0275
    endloop
  endfacet
  facet normal 0 -1 0
    outer loop
      vertex -2.43956 34.7 17.8719
      vertex 2.43956 34.7 17.8719
      vertex 2.31191 34.7 18.0275
    endloop
  endfacet
  facet normal 0 -1 0
    outer loop
      vertex -2.55677 34.7 17.7084
      vertex 2.43956 34.7 17.8719
      vertex -2.43956 34.7 17.8719
    endloop
  endfacet
  facet normal 0 -1 0
    outer loop
      vertex -2.55677 34.7 17.7084
      vertex 2.55677 34.7 17.7084
      vertex 2.43956 34.7 17.8719
    endloop
  endfacet
  facet normal 0 -1 0
    outer loop
      vertex -2.66303 34.7 17.5375
      vertex 2.55677 34.7 17.7084
      vertex -2.55677 34.7 17.7084
    endloop
  endfacet
  facet normal 0 -1 0
    outer loop
      vertex -2.66303 34.7 17.5375
      vertex 2.66303 34.7 17.5375
      vertex 2.55677 34.7 17.7084
    endloop
  endfacet
  facet normal 0 -1 0
    outer loop
      vertex -2.75788 34.7 17.36
      vertex 2.66303 34.7 17.5375
      vertex -2.66303 34.7 17.5375
    endloop
  endfacet
  facet normal 0 -1 0
    outer loop
      vertex -2.75788 34.7 17.36
      vertex 2.75788 34.7 17.36
      vertex 2.66303 34.7 17.5375
    endloop
  endfacet
  facet normal 0 -1 0
    outer loop
      vertex -2.84093 34.7 17.1768
      vertex 2.75788 34.7 17.36
      vertex -2.75788 34.7 17.36
    endloop
  endfacet
  facet normal 0 -1 0
    outer loop
      vertex -2.84093 34.7 17.1768
      vertex 2.84093 34.7 17.1768
      vertex 2.75788 34.7 17.36
    endloop
  endfacet
  facet normal 0 -1 0
    outer loop
      vertex -2.91181 34.7 16.9884
      vertex 2.84093 34.7 17.1768
      vertex -2.84093 34.7 17.1768
    endloop
  endfacet
  facet normal 0 -1 0
    outer loop
      vertex -2.91181 34.7 16.9884
      vertex 2.91181 34.7 16.9884
      vertex 2.84093 34.7 17.1768
    endloop
  endfacet
  facet normal 0 -1 0
    outer loop
      vertex -2.97022 34.7 16.7959
      vertex 2.91181 34.7 16.9884
      vertex -2.91181 34.7 16.9884
    endloop
  endfacet
  facet normal 0 -1 0
    outer loop
      vertex -2.97022 34.7 16.7959
      vertex 2.97022 34.7 16.7959
      vertex 2.91181 34.7 16.9884
    endloop
  endfacet
  facet normal 0 -1 0
    outer loop
      vertex -3.01591 34.7 16.5999
      vertex 2.97022 34.7 16.7959
      vertex -2.97022 34.7 16.7959
    endloop
  endfacet
  facet normal 0 -1 0
    outer loop
      vertex -3.01591 34.7 16.5999
      vertex 3.01591 34.7 16.5999
      vertex 2.97022 34.7 16.7959
    endloop
  endfacet
  facet normal 0 -1 0
    outer loop
      vertex -3.04869 34.7 16.4014
      vertex 3.01591 34.7 16.5999
      vertex -3.01591 34.7 16.5999
    endloop
  endfacet
  facet normal 0 -1 0
    outer loop
      vertex -3.04869 34.7 16.4014
      vertex 3.04869 34.7 16.4014
      vertex 3.01591 34.7 16.5999
    endloop
  endfacet
  facet normal 0 -1 0
    outer loop
      vertex -3.06842 34.7 16.2011
      vertex 3.04869 34.7 16.4014
      vertex -3.04869 34.7 16.4014
    endloop
  endfacet
  facet normal 0 -1 0
    outer loop
      vertex -3.06842 34.7 16.2011
      vertex 3.06842 34.7 16.2011
      vertex 3.04869 34.7 16.4014
    endloop
  endfacet
  facet normal 0 -1 0
    outer loop
      vertex -3.075 34.7 16
      vertex 3.06842 34.7 16.2011
      vertex -3.06842 34.7 16.2011
    endloop
  endfacet
  facet normal 0 -1 0
    outer loop
      vertex -3.075 34.7 16
      vertex 3.075 34.7 16
      vertex 3.06842 34.7 16.2011
    endloop
  endfacet
  facet normal 0 -1 0
    outer loop
      vertex -3.06842 34.7 15.7989
      vertex 3.075 34.7 16
      vertex -3.075 34.7 16
    endloop
  endfacet
  facet normal 0 -1 0
    outer loop
      vertex -3.06842 34.7 15.7989
      vertex 3.06842 34.7 15.7989
      vertex 3.075 34.7 16
    endloop
  endfacet
  facet normal 0 -1 0
    outer loop
      vertex -3.04869 34.7 15.5986
      vertex 3.06842 34.7 15.7989
      vertex -3.06842 34.7 15.7989
    endloop
  endfacet
  facet normal 0 -1 0
    outer loop
      vertex -3.04869 34.7 15.5986
      vertex 3.04869 34.7 15.5986
      vertex 3.06842 34.7 15.7989
    endloop
  endfacet
  facet normal 0 -1 0
    outer loop
      vertex -3.01591 34.7 15.4001
      vertex 3.04869 34.7 15.5986
      vertex -3.04869 34.7 15.5986
    endloop
  endfacet
  facet normal 0 -1 0
    outer loop
      vertex -3.01591 34.7 15.4001
      vertex 3.01591 34.7 15.4001
      vertex 3.04869 34.7 15.5986
    endloop
  endfacet
  facet normal 0 -1 0
    outer loop
      vertex -2.97022 34.7 15.2041
      vertex 3.01591 34.7 15.4001
      vertex -3.01591 34.7 15.4001
    endloop
  endfacet
  facet normal 0 -1 0
    outer loop
      vertex -2.97022 34.7 15.2041
      vertex 2.97022 34.7 15.2041
      vertex 3.01591 34.7 15.4001
    endloop
  endfacet
  facet normal 0 -1 0
    outer loop
      vertex -2.91181 34.7 15.0116
      vertex 2.97022 34.7 15.2041
      vertex -2.97022 34.7 15.2041
    endloop
  endfacet
  facet normal 0 -1 0
    outer loop
      vertex -2.91181 34.7 15.0116
      vertex 2.91181 34.7 15.0116
      vertex 2.97022 34.7 15.2041
    endloop
  endfacet
  facet normal 0 -1 0
    outer loop
      vertex -2.84093 34.7 14.8232
      vertex 2.91181 34.7 15.0116
      vertex -2.91181 34.7 15.0116
    endloop
  endfacet
  facet normal 0 -1 0
    outer loop
      vertex -2.84093 34.7 14.8232
      vertex 2.84093 34.7 14.8232
      vertex 2.91181 34.7 15.0116
    endloop
  endfacet
  facet normal 0 -1 0
    outer loop
      vertex -2.75788 34.7 14.64
      vertex 2.84093 34.7 14.8232
      vertex -2.84093 34.7 14.8232
    endloop
  endfacet
  facet normal 0 -1 0
    outer loop
      vertex -2.75788 34.7 14.64
      vertex 2.75788 34.7 14.64
      vertex 2.84093 34.7 14.8232
    endloop
  endfacet
  facet normal 0 -1 0
    outer loop
      vertex -2.66303 34.7 14.4625
      vertex 2.75788 34.7 14.64
      vertex -2.75788 34.7 14.64
    endloop
  endfacet
  facet normal 0 -1 0
    outer loop
      vertex -2.66303 34.7 14.4625
      vertex 2.66303 34.7 14.4625
      vertex 2.75788 34.7 14.64
    endloop
  endfacet
  facet normal 0 -1 0
    outer loop
      vertex -2.55677 34.7 14.2916
      vertex 2.66303 34.7 14.4625
      vertex -2.66303 34.7 14.4625
    endloop
  endfacet
  facet normal 0 -1 0
    outer loop
      vertex -2.55677 34.7 14.2916
      vertex 2.55677 34.7 14.2916
      vertex 2.66303 34.7 14.4625
    endloop
  endfacet
  facet normal 0 -1 0
    outer loop
      vertex -2.43956 34.7 14.1281
      vertex 2.55677 34.7 14.2916
      vertex -2.55677 34.7 14.2916
    endloop
  endfacet
  facet normal 0 -1 0
    outer loop
      vertex -2.43956 34.7 14.1281
      vertex 2.43956 34.7 14.1281
      vertex 2.55677 34.7 14.2916
    endloop
  endfacet
  facet normal 0 -1 0
    outer loop
      vertex -2.31191 34.7 13.9725
      vertex 2.43956 34.7 14.1281
      vertex -2.43956 34.7 14.1281
    endloop
  endfacet
  facet normal 0 -1 0
    outer loop
      vertex -2.31191 34.7 13.9725
      vertex 2.31191 34.7 13.9725
      vertex 2.43956 34.7 14.1281
    endloop
  endfacet
  facet normal 0 -1 0
    outer loop
      vertex -2.17435 34.7 13.8256
      vertex 2.31191 34.7 13.9725
      vertex -2.31191 34.7 13.9725
    endloop
  endfacet
  facet normal 0 -1 0
    outer loop
      vertex -2.17435 34.7 13.8256
      vertex 2.17435 34.7 13.8256
      vertex 2.31191 34.7 13.9725
    endloop
  endfacet
  facet normal 0 -1 0
    outer loop
      vertex -2.02749 34.7 13.6881
      vertex 2.17435 34.7 13.8256
      vertex -2.17435 34.7 13.8256
    endloop
  endfacet
  facet normal 0 -1 0
    outer loop
      vertex -2.02749 34.7 13.6881
      vertex 2.02749 34.7 13.6881
      vertex 2.17435 34.7 13.8256
    endloop
  endfacet
  facet normal 0 -1 0
    outer loop
      vertex -1.87194 34.7 13.5604
      vertex 2.02749 34.7 13.6881
      vertex -2.02749 34.7 13.6881
    endloop
  endfacet
  facet normal 0 -1 0
    outer loop
      vertex -1.87194 34.7 13.5604
      vertex 1.87194 34.7 13.5604
      vertex 2.02749 34.7 13.6881
    endloop
  endfacet
  facet normal 0 -1 0
    outer loop
      vertex -1.70838 34.7 13.4432
      vertex 1.87194 34.7 13.5604
      vertex -1.87194 34.7 13.5604
    endloop
  endfacet
  facet normal 0 -1 0
    outer loop
      vertex -1.70838 34.7 13.4432
      vertex 1.70838 34.7 13.4432
      vertex 1.87194 34.7 13.5604
    endloop
  endfacet
  facet normal 0 -1 0
    outer loop
      vertex -1.5375 34.7 13.337
      vertex 1.70838 34.7 13.4432
      vertex -1.70838 34.7 13.4432
    endloop
  endfacet
  facet normal 0 -1 0
    outer loop
      vertex -1.5375 34.7 13.337
      vertex 1.5375 34.7 13.337
      vertex 1.70838 34.7 13.4432
    endloop
  endfacet
  facet normal 0 -1 0
    outer loop
      vertex -1.36004 34.7 13.2421
      vertex 1.5375 34.7 13.337
      vertex -1.5375 34.7 13.337
    endloop
  endfacet
  facet normal 0 -1 0
    outer loop
      vertex -1.36004 34.7 13.2421
      vertex 1.36004 34.7 13.2421
      vertex 1.5375 34.7 13.337
    endloop
  endfacet
  facet normal 0 -1 0
    outer loop
      vertex -1.17675 34.7 13.1591
      vertex 1.36004 34.7 13.2421
      vertex -1.36004 34.7 13.2421
    endloop
  endfacet
  facet normal 0 -1 0
    outer loop
      vertex -1.17675 34.7 13.1591
      vertex 1.17675 34.7 13.1591
      vertex 1.36004 34.7 13.2421
    endloop
  endfacet
  facet normal 0 -1 0
    outer loop
      vertex -0.988426 34.7 13.0882
      vertex 1.17675 34.7 13.1591
      vertex -1.17675 34.7 13.1591
    endloop
  endfacet
  facet normal 0 -1 0
    outer loop
      vertex -0.988426 34.7 13.0882
      vertex 0.988426 34.7 13.0882
      vertex 1.17675 34.7 13.1591
    endloop
  endfacet
  facet normal 0 -1 0
    outer loop
      vertex -0.795868 34.7 13.0298
      vertex 0.988426 34.7 13.0882
      vertex -0.988426 34.7 13.0882
    endloop
  endfacet
  facet normal 0 -1 0
    outer loop
      vertex -0.795868 34.7 13.0298
      vertex 0.795868 34.7 13.0298
      vertex 0.988426 34.7 13.0882
    endloop
  endfacet
  facet normal 0 -1 0
    outer loop
      vertex -0.599902 34.7 12.9841
      vertex 0.795868 34.7 13.0298
      vertex -0.795868 34.7 13.0298
    endloop
  endfacet
  facet normal 0 -1 0
    outer loop
      vertex -0.599902 34.7 12.9841
      vertex 0.599902 34.7 12.9841
      vertex 0.795868 34.7 13.0298
    endloop
  endfacet
  facet normal 0 -1 0
    outer loop
      vertex -0.401367 34.7 12.9513
      vertex 0.599902 34.7 12.9841
      vertex -0.599902 34.7 12.9841
    endloop
  endfacet
  facet normal 0 -1 0
    outer loop
      vertex -0.401367 34.7 12.9513
      vertex 0.401367 34.7 12.9513
      vertex 0.599902 34.7 12.9841
    endloop
  endfacet
  facet normal 0 -1 0
    outer loop
      vertex -0.201114 34.7 12.9316
      vertex 0.401367 34.7 12.9513
      vertex -0.401367 34.7 12.9513
    endloop
  endfacet
  facet normal 0 -1 0
    outer loop
      vertex -0.201114 34.7 12.9316
      vertex 0.201114 34.7 12.9316
      vertex 0.401367 34.7 12.9513
    endloop
  endfacet
  facet normal -0 -1 0
    outer loop
      vertex 0.201114 34.7 12.9316
      vertex -0.201114 34.7 12.9316
      vertex 0 34.7 12.925
    endloop
  endfacet
  facet normal 0.471573 0 0.881827
    outer loop
      vertex -1.5375 34.7 13.337
      vertex -1.36004 32.4 13.2421
      vertex -1.36004 34.7 13.2421
    endloop
  endfacet
  facet normal 0.471573 0 0.881827
    outer loop
      vertex -1.36004 32.4 13.2421
      vertex -1.5375 34.7 13.337
      vertex -1.5375 32.4 13.337
    endloop
  endfacet
  facet normal -0.799726 -0.599795 -0.0261671
    outer loop
      vertex 3.075 32.4 16
      vertex 3.375 32 16
      vertex 3.06842 32.4 16.2011
    endloop
  endfacet
  facet normal -0.507578 -0.599839 0.618513
    outer loop
      vertex 2.05457 32 13.3224
      vertex 2.22529 32 13.4625
      vertex 2.02749 32.4 13.6881
    endloop
  endfacet
  facet normal -0.748842 -0.599826 -0.281857
    outer loop
      vertex 3.19589 32 17.0849
      vertex 3.11809 32 17.2916
      vertex 2.91181 32.4 16.9884
    endloop
  endfacet
  facet normal 0.728754 -0.599813 -0.330366
    outer loop
      vertex -2.84093 32.4 17.1768
      vertex -2.75788 32.4 17.36
      vertex -3.02695 32 17.4927
    endloop
  endfacet
  facet normal 0.70568 -0.599812 -0.377148
    outer loop
      vertex -2.75788 32.4 17.36
      vertex -2.92284 32 17.6875
      vertex -3.02695 32 17.4927
    endloop
  endfacet
  facet normal 0.618583 -0.599859 -0.507469
    outer loop
      vertex -2.43956 32.4 17.8719
      vertex -2.31191 32.4 18.0275
      vertex -2.67757 32 18.0546
    endloop
  endfacet
  facet normal 0.779262 -0.599793 0.181656
    outer loop
      vertex -2.97022 32.4 15.2041
      vertex -3.01591 32.4 15.4001
      vertex -3.31015 32 15.3416
    endloop
  endfacet
  facet normal 0.507578 -0.599839 -0.618513
    outer loop
      vertex -2.02749 32.4 18.3119
      vertex -2.05457 32 18.6776
      vertex -2.22529 32 18.5375
    endloop
  endfacet
  facet normal -0.650536 -0.599743 -0.465952
    outer loop
      vertex 2.80621 32 17.875
      vertex 2.67757 32 18.0546
      vertex 2.55677 32.4 17.7084
    endloop
  endfacet
  facet normal 0.70568 -0.599812 0.377148
    outer loop
      vertex -2.92284 32 14.3125
      vertex -2.75788 32.4 14.64
      vertex -3.02695 32 14.5073
    endloop
  endfacet
  facet normal -0.0786207 -0.599755 -0.796312
    outer loop
      vertex 0.401367 32.4 19.0487
      vertex 0.440525 32 19.3461
      vertex 0.220736 32 19.3678
    endloop
  endfacet
  facet normal 0.330096 -0.599716 -0.728956
    outer loop
      vertex -1.36004 32.4 18.7579
      vertex -1.17675 32.4 18.8409
      vertex -1.49272 32 19.0269
    endloop
  endfacet
  facet normal -0.618583 -0.599859 0.507469
    outer loop
      vertex 2.67757 32 13.9454
      vertex 2.43956 32.4 14.1281
      vertex 2.31191 32.4 13.9725
    endloop
  endfacet
  facet normal 0.130078 -0.599756 -0.789539
    outer loop
      vertex -0.401367 32.4 19.0487
      vertex -0.440525 32 19.3461
      vertex -0.658429 32 19.3102
    endloop
  endfacet
  facet normal 0.79631 -0.599782 -0.0784383
    outer loop
      vertex -3.06842 32.4 16.2011
      vertex -3.04869 32.4 16.4014
      vertex -3.36777 32 16.2207
    endloop
  endfacet
  facet normal -0.377333 -0.599788 0.705602
    outer loop
      vertex 1.6875 32 13.0772
      vertex 1.5375 32.4 13.337
      vertex 1.36004 32.4 13.2421
    endloop
  endfacet
  facet normal 0.796304 -0.599795 -0.0783986
    outer loop
      vertex -3.04869 32.4 16.4014
      vertex -3.34613 32 16.4405
      vertex -3.36777 32 16.2207
    endloop
  endfacet
  facet normal 0.281911 -0.599841 -0.74881
    outer loop
      vertex -1.17675 32.4 18.8409
      vertex -0.988426 32.4 18.9118
      vertex -1.29156 32 19.1181
    endloop
  endfacet
  facet normal -0.650536 -0.599743 0.465952
    outer loop
      vertex 2.67757 32 13.9454
      vertex 2.80621 32 14.125
      vertex 2.55677 32.4 14.2916
    endloop
  endfacet
  facet normal 0.281911 -0.599841 0.74881
    outer loop
      vertex -0.988426 32.4 13.0882
      vertex -1.17675 32.4 13.1591
      vertex -1.29156 32 12.8819
    endloop
  endfacet
  facet normal 0.46606 -0.599789 0.650416
    outer loop
      vertex -1.70838 32.4 13.4432
      vertex -1.87194 32.4 13.5604
      vertex -2.05457 32 13.3224
    endloop
  endfacet
  facet normal -0.507719 -0.599788 -0.618447
    outer loop
      vertex 2.02749 32.4 18.3119
      vertex 2.05457 32 18.6776
      vertex 1.87194 32.4 18.4396
    endloop
  endfacet
  facet normal -0.422486 -0.599748 -0.679565
    outer loop
      vertex 1.70838 32.4 18.5568
      vertex 1.87505 32 18.8062
      vertex 1.6875 32 18.9228
    endloop
  endfacet
  facet normal 0.465989 -0.599753 0.6505
    outer loop
      vertex -1.87505 32 13.1938
      vertex -1.70838 32.4 13.4432
      vertex -2.05457 32 13.3224
    endloop
  endfacet
  facet normal 0.650536 -0.599743 -0.465952
    outer loop
      vertex -2.55677 32.4 17.7084
      vertex -2.67757 32 18.0546
      vertex -2.80621 32 17.875
    endloop
  endfacet
  facet normal 0.181709 -0.599874 0.779187
    outer loop
      vertex -0.658429 32 12.6898
      vertex -0.599902 32.4 12.9841
      vertex -0.795868 32.4 13.0298
    endloop
  endfacet
  facet normal 0.0786207 -0.599755 -0.796312
    outer loop
      vertex -0.401367 32.4 19.0487
      vertex -0.220736 32 19.3678
      vertex -0.440525 32 19.3461
    endloop
  endfacet
  facet normal 0.18186 -0.599825 0.77919
    outer loop
      vertex -0.658429 32 12.6898
      vertex -0.795868 32.4 13.0298
      vertex -0.873514 32 12.74
    endloop
  endfacet
  facet normal -0.789462 -0.599795 -0.130371
    outer loop
      vertex 3.04869 32.4 16.4014
      vertex 3.31015 32 16.6584
      vertex 3.01591 32.4 16.5999
    endloop
  endfacet
  facet normal -0.422366 -0.599789 0.679603
    outer loop
      vertex 1.6875 32 13.0772
      vertex 1.70838 32.4 13.4432
      vertex 1.5375 32.4 13.337
    endloop
  endfacet
  facet normal -0.779263 -0.599784 0.181683
    outer loop
      vertex 3.26 32 15.1265
      vertex 3.31015 32 15.3416
      vertex 2.97022 32.4 15.2041
    endloop
  endfacet
  facet normal -0.0262447 -0.599793 -0.799724
    outer loop
      vertex 0 32.4 19.075
      vertex 0.201114 32.4 19.0684
      vertex 0 32 19.375
    endloop
  endfacet
  facet normal 0.748842 -0.599826 0.281857
    outer loop
      vertex -3.11809 32 14.7084
      vertex -2.91181 32.4 15.0116
      vertex -3.19589 32 14.9151
    endloop
  endfacet
  facet normal 0.799733 -0.599784 0.0261988
    outer loop
      vertex -3.36777 32 15.7793
      vertex -3.06842 32.4 15.7989
      vertex -3.375 32 16
    endloop
  endfacet
  facet normal -0.705715 -0.599796 -0.37711
    outer loop
      vertex 2.75788 32.4 17.36
      vertex 2.92284 32 17.6875
      vertex 2.66303 32.4 17.5375
    endloop
  endfacet
  facet normal 0.181709 -0.599874 -0.779187
    outer loop
      vertex -0.599902 32.4 19.0159
      vertex -0.658429 32 19.3102
      vertex -0.795868 32.4 18.9702
    endloop
  endfacet
  facet normal 0.728806 -0.599786 0.3303
    outer loop
      vertex -3.02695 32 14.5073
      vertex -2.84093 32.4 14.8232
      vertex -3.11809 32 14.7084
    endloop
  endfacet
  facet normal 0.422486 -0.599748 0.679565
    outer loop
      vertex -1.6875 32 13.0772
      vertex -1.70838 32.4 13.4432
      vertex -1.87505 32 13.1938
    endloop
  endfacet
  facet normal -0.765699 -0.59982 -0.232209
    outer loop
      vertex 3.26 32 16.8735
      vertex 3.19589 32 17.0849
      vertex 2.91181 32.4 16.9884
    endloop
  endfacet
  facet normal 0.650536 -0.599743 0.465952
    outer loop
      vertex -2.67757 32 13.9454
      vertex -2.55677 32.4 14.2916
      vertex -2.80621 32 14.125
    endloop
  endfacet
  facet normal 0.232223 -0.599822 0.765693
    outer loop
      vertex -0.873514 32 12.74
      vertex -0.795868 32.4 13.0298
      vertex -0.988426 32.4 13.0882
    endloop
  endfacet
  facet normal -0.507719 -0.599788 0.618447
    outer loop
      vertex 2.05457 32 13.3224
      vertex 2.02749 32.4 13.6881
      vertex 1.87194 32.4 13.5604
    endloop
  endfacet
  facet normal 0.789462 -0.599795 0.130371
    outer loop
      vertex -3.01591 32.4 15.4001
      vertex -3.04869 32.4 15.5986
      vertex -3.31015 32 15.3416
    endloop
  endfacet
  facet normal -0.546996 -0.599835 0.583946
    outer loop
      vertex 2.22529 32 13.4625
      vertex 2.38649 32 13.6135
      vertex 2.02749 32.4 13.6881
    endloop
  endfacet
  facet normal -0.748913 -0.599786 -0.281757
    outer loop
      vertex 2.91181 32.4 16.9884
      vertex 3.11809 32 17.2916
      vertex 2.84093 32.4 17.1768
    endloop
  endfacet
  facet normal 0.779263 -0.599784 -0.181683
    outer loop
      vertex -2.97022 32.4 16.7959
      vertex -3.26 32 16.8735
      vertex -3.31015 32 16.6584
    endloop
  endfacet
  facet normal 0.79631 -0.599782 0.0784383
    outer loop
      vertex -3.04869 32.4 15.5986
      vertex -3.06842 32.4 15.7989
      vertex -3.36777 32 15.7793
    endloop
  endfacet
  facet normal -0.181709 -0.599874 0.779187
    outer loop
      vertex 0.658429 32 12.6898
      vertex 0.795868 32.4 13.0298
      vertex 0.599902 32.4 12.9841
    endloop
  endfacet
  facet normal -0.779262 -0.599793 0.181656
    outer loop
      vertex 3.31015 32 15.3416
      vertex 3.01591 32.4 15.4001
      vertex 2.97022 32.4 15.2041
    endloop
  endfacet
  facet normal -0.765693 -0.599779 0.232333
    outer loop
      vertex 3.26 32 15.1265
      vertex 2.97022 32.4 15.2041
      vertex 2.91181 32.4 15.0116
    endloop
  endfacet
  facet normal 0.546996 -0.599835 -0.583946
    outer loop
      vertex -2.02749 32.4 18.3119
      vertex -2.22529 32 18.5375
      vertex -2.38649 32 18.3865
    endloop
  endfacet
  facet normal -0.679513 -0.599798 0.422499
    outer loop
      vertex 2.92284 32 14.3125
      vertex 2.66303 32.4 14.4625
      vertex 2.55677 32.4 14.2916
    endloop
  endfacet
  facet normal 0.422486 -0.599748 -0.679565
    outer loop
      vertex -1.70838 32.4 18.5568
      vertex -1.6875 32 18.9228
      vertex -1.87505 32 18.8062
    endloop
  endfacet
  facet normal -0.465989 -0.599753 -0.6505
    outer loop
      vertex 2.05457 32 18.6776
      vertex 1.87505 32 18.8062
      vertex 1.70838 32.4 18.5568
    endloop
  endfacet
  facet normal -0.0783334 -0.59985 -0.796269
    outer loop
      vertex 0.401367 32.4 19.0487
      vertex 0.220736 32 19.3678
      vertex 0.201114 32.4 19.0684
    endloop
  endfacet
  facet normal -0.789467 -0.59979 -0.130358
    outer loop
      vertex 3.34613 32 16.4405
      vertex 3.31015 32 16.6584
      vertex 3.04869 32.4 16.4014
    endloop
  endfacet
  facet normal -0.330383 -0.599836 -0.728727
    outer loop
      vertex 1.49272 32 19.0269
      vertex 1.29156 32 19.1181
      vertex 1.17675 32.4 18.8409
    endloop
  endfacet
  facet normal -0.618494 -0.59979 0.507658
    outer loop
      vertex 2.53746 32 13.7747
      vertex 2.67757 32 13.9454
      vertex 2.31191 32.4 13.9725
    endloop
  endfacet
  facet normal 0.377182 -0.599721 -0.70574
    outer loop
      vertex -1.36004 32.4 18.7579
      vertex -1.49272 32 19.0269
      vertex -1.6875 32 18.9228
    endloop
  endfacet
  facet normal -0.130078 -0.599756 -0.789539
    outer loop
      vertex 0.658429 32 19.3102
      vertex 0.440525 32 19.3461
      vertex 0.401367 32.4 19.0487
    endloop
  endfacet
  facet normal -0.546996 -0.599835 -0.583946
    outer loop
      vertex 2.38649 32 18.3865
      vertex 2.22529 32 18.5375
      vertex 2.02749 32.4 18.3119
    endloop
  endfacet
  facet normal -0.281859 -0.59982 -0.748847
    outer loop
      vertex 1.29156 32 19.1181
      vertex 1.08486 32 19.1959
      vertex 0.988426 32.4 18.9118
    endloop
  endfacet
  facet normal -0.546888 -0.599769 -0.584116
    outer loop
      vertex 2.17435 32.4 18.1744
      vertex 2.38649 32 18.3865
      vertex 2.02749 32.4 18.3119
    endloop
  endfacet
  facet normal -0.546888 -0.599769 0.584116
    outer loop
      vertex 2.38649 32 13.6135
      vertex 2.17435 32.4 13.8256
      vertex 2.02749 32.4 13.6881
    endloop
  endfacet
  facet normal -0.789462 -0.599795 0.130371
    outer loop
      vertex 3.31015 32 15.3416
      vertex 3.04869 32.4 15.5986
      vertex 3.01591 32.4 15.4001
    endloop
  endfacet
  facet normal 0.748842 -0.599826 -0.281857
    outer loop
      vertex -2.91181 32.4 16.9884
      vertex -3.11809 32 17.2916
      vertex -3.19589 32 17.0849
    endloop
  endfacet
  facet normal -0.281859 -0.59982 0.748847
    outer loop
      vertex 1.08486 32 12.8041
      vertex 1.29156 32 12.8819
      vertex 0.988426 32.4 13.0882
    endloop
  endfacet
  facet normal 0.130416 -0.599877 0.789392
    outer loop
      vertex -0.401367 32.4 12.9513
      vertex -0.599902 32.4 12.9841
      vertex -0.658429 32 12.6898
    endloop
  endfacet
  facet normal 0.23223 -0.59982 -0.765692
    outer loop
      vertex -0.988426 32.4 18.9118
      vertex -0.873514 32 19.26
      vertex -1.08486 32 19.1959
    endloop
  endfacet
  facet normal 0.0786207 -0.599755 0.796312
    outer loop
      vertex -0.220736 32 12.6322
      vertex -0.401367 32.4 12.9513
      vertex -0.440525 32 12.6539
    endloop
  endfacet
  facet normal 0.650277 -0.599854 -0.466171
    outer loop
      vertex -2.55677 32.4 17.7084
      vertex -2.43956 32.4 17.8719
      vertex -2.67757 32 18.0546
    endloop
  endfacet
  facet normal 0.765699 -0.59982 0.232209
    outer loop
      vertex -3.19589 32 14.9151
      vertex -2.91181 32.4 15.0116
      vertex -3.26 32 15.1265
    endloop
  endfacet
  facet normal -0.0786207 -0.599755 0.796312
    outer loop
      vertex 0.440525 32 12.6539
      vertex 0.401367 32.4 12.9513
      vertex 0.220736 32 12.6322
    endloop
  endfacet
  facet normal 0.705715 -0.599796 -0.37711
    outer loop
      vertex -2.75788 32.4 17.36
      vertex -2.66303 32.4 17.5375
      vertex -2.92284 32 17.6875
    endloop
  endfacet
  facet normal -0.422366 -0.599789 -0.679603
    outer loop
      vertex 1.70838 32.4 18.5568
      vertex 1.6875 32 18.9228
      vertex 1.5375 32.4 18.663
    endloop
  endfacet
  facet normal 0.765699 -0.59982 -0.232209
    outer loop
      vertex -2.91181 32.4 16.9884
      vertex -3.19589 32 17.0849
      vertex -3.26 32 16.8735
    endloop
  endfacet
  facet normal 0.377333 -0.599788 0.705602
    outer loop
      vertex -1.36004 32.4 13.2421
      vertex -1.5375 32.4 13.337
      vertex -1.6875 32 13.0772
    endloop
  endfacet
  facet normal 0.765693 -0.599779 -0.232333
    outer loop
      vertex -2.97022 32.4 16.7959
      vertex -2.91181 32.4 16.9884
      vertex -3.26 32 16.8735
    endloop
  endfacet
  facet normal -0.796304 -0.599795 0.0783986
    outer loop
      vertex 3.34613 32 15.5595
      vertex 3.36777 32 15.7793
      vertex 3.04869 32.4 15.5986
    endloop
  endfacet
  facet normal -0.765693 -0.599779 -0.232333
    outer loop
      vertex 2.97022 32.4 16.7959
      vertex 3.26 32 16.8735
      vertex 2.91181 32.4 16.9884
    endloop
  endfacet
  facet normal -0.748842 -0.599826 0.281857
    outer loop
      vertex 3.11809 32 14.7084
      vertex 3.19589 32 14.9151
      vertex 2.91181 32.4 15.0116
    endloop
  endfacet
  facet normal -0.799726 -0.599795 0.0261671
    outer loop
      vertex 3.375 32 16
      vertex 3.075 32.4 16
      vertex 3.06842 32.4 15.7989
    endloop
  endfacet
  facet normal -0.799733 -0.599784 -0.0261988
    outer loop
      vertex 3.375 32 16
      vertex 3.36777 32 16.2207
      vertex 3.06842 32.4 16.2011
    endloop
  endfacet
  facet normal -0.789467 -0.59979 0.130358
    outer loop
      vertex 3.31015 32 15.3416
      vertex 3.34613 32 15.5595
      vertex 3.04869 32.4 15.5986
    endloop
  endfacet
  facet normal -0.799733 -0.599784 0.0261988
    outer loop
      vertex 3.36777 32 15.7793
      vertex 3.375 32 16
      vertex 3.06842 32.4 15.7989
    endloop
  endfacet
  facet normal -0.18186 -0.599825 -0.77919
    outer loop
      vertex 0.795868 32.4 18.9702
      vertex 0.873514 32 19.26
      vertex 0.658429 32 19.3102
    endloop
  endfacet
  facet normal 0.789467 -0.59979 -0.130358
    outer loop
      vertex -3.04869 32.4 16.4014
      vertex -3.31015 32 16.6584
      vertex -3.34613 32 16.4405
    endloop
  endfacet
  facet normal -0.281911 -0.599841 0.74881
    outer loop
      vertex 1.29156 32 12.8819
      vertex 1.17675 32.4 13.1591
      vertex 0.988426 32.4 13.0882
    endloop
  endfacet
  facet normal 0.765693 -0.599779 0.232333
    outer loop
      vertex -2.91181 32.4 15.0116
      vertex -2.97022 32.4 15.2041
      vertex -3.26 32 15.1265
    endloop
  endfacet
  facet normal 0.618583 -0.599859 0.507469
    outer loop
      vertex -2.31191 32.4 13.9725
      vertex -2.43956 32.4 14.1281
      vertex -2.67757 32 13.9454
    endloop
  endfacet
  facet normal -0.181709 -0.599874 -0.779187
    outer loop
      vertex 0.795868 32.4 18.9702
      vertex 0.658429 32 19.3102
      vertex 0.599902 32.4 19.0159
    endloop
  endfacet
  facet normal 0.0262447 -0.599793 -0.799724
    outer loop
      vertex 0 32.4 19.075
      vertex 0 32 19.375
      vertex -0.201114 32.4 19.0684
    endloop
  endfacet
  facet normal -0.584069 -0.599773 -0.546934
    outer loop
      vertex 2.31191 32.4 18.0275
      vertex 2.38649 32 18.3865
      vertex 2.17435 32.4 18.1744
    endloop
  endfacet
  facet normal -0.130416 -0.599877 -0.789392
    outer loop
      vertex 0.599902 32.4 19.0159
      vertex 0.658429 32 19.3102
      vertex 0.401367 32.4 19.0487
    endloop
  endfacet
  facet normal -0.618583 -0.599859 -0.507469
    outer loop
      vertex 2.43956 32.4 17.8719
      vertex 2.67757 32 18.0546
      vertex 2.31191 32.4 18.0275
    endloop
  endfacet
  facet normal 0.789462 -0.599795 -0.130371
    outer loop
      vertex -3.04869 32.4 16.4014
      vertex -3.01591 32.4 16.5999
      vertex -3.31015 32 16.6584
    endloop
  endfacet
  facet normal 0.422366 -0.599789 -0.679603
    outer loop
      vertex -1.5375 32.4 18.663
      vertex -1.6875 32 18.9228
      vertex -1.70838 32.4 18.5568
    endloop
  endfacet
  facet normal 0.779262 -0.599793 -0.181656
    outer loop
      vertex -3.01591 32.4 16.5999
      vertex -2.97022 32.4 16.7959
      vertex -3.31015 32 16.6584
    endloop
  endfacet
  facet normal 0.679513 -0.599798 0.422499
    outer loop
      vertex -2.55677 32.4 14.2916
      vertex -2.66303 32.4 14.4625
      vertex -2.92284 32 14.3125
    endloop
  endfacet
  facet normal 0.779263 -0.599784 0.181683
    outer loop
      vertex -3.26 32 15.1265
      vertex -2.97022 32.4 15.2041
      vertex -3.31015 32 15.3416
    endloop
  endfacet
  facet normal -0.728806 -0.599786 0.3303
    outer loop
      vertex 3.02695 32 14.5073
      vertex 3.11809 32 14.7084
      vertex 2.84093 32.4 14.8232
    endloop
  endfacet
  facet normal -0.70568 -0.599812 0.377148
    outer loop
      vertex 2.92284 32 14.3125
      vertex 3.02695 32 14.5073
      vertex 2.75788 32.4 14.64
    endloop
  endfacet
  facet normal -0.0260844 -0.599847 0.799689
    outer loop
      vertex 0.220736 32 12.6322
      vertex 0.201114 32.4 12.9316
      vertex 0 32 12.625
    endloop
  endfacet
  facet normal -0.0262447 -0.599793 0.799724
    outer loop
      vertex 0.201114 32.4 12.9316
      vertex 0 32.4 12.925
      vertex 0 32 12.625
    endloop
  endfacet
  facet normal -0.232223 -0.599822 0.765693
    outer loop
      vertex 0.873514 32 12.74
      vertex 0.988426 32.4 13.0882
      vertex 0.795868 32.4 13.0298
    endloop
  endfacet
  facet normal 0.0783334 -0.59985 0.796269
    outer loop
      vertex -0.220736 32 12.6322
      vertex -0.201114 32.4 12.9316
      vertex -0.401367 32.4 12.9513
    endloop
  endfacet
  facet normal 0.748913 -0.599786 -0.281757
    outer loop
      vertex -2.91181 32.4 16.9884
      vertex -2.84093 32.4 17.1768
      vertex -3.11809 32 17.2916
    endloop
  endfacet
  facet normal 0.546888 -0.599769 0.584116
    outer loop
      vertex -2.02749 32.4 13.6881
      vertex -2.17435 32.4 13.8256
      vertex -2.38649 32 13.6135
    endloop
  endfacet
  facet normal -0.18186 -0.599825 0.77919
    outer loop
      vertex 0.873514 32 12.74
      vertex 0.795868 32.4 13.0298
      vertex 0.658429 32 12.6898
    endloop
  endfacet
  facet normal -0.422486 -0.599748 0.679565
    outer loop
      vertex 1.87505 32 13.1938
      vertex 1.70838 32.4 13.4432
      vertex 1.6875 32 13.0772
    endloop
  endfacet
  facet normal -0.70568 -0.599812 -0.377148
    outer loop
      vertex 3.02695 32 17.4927
      vertex 2.92284 32 17.6875
      vertex 2.75788 32.4 17.36
    endloop
  endfacet
  facet normal -0.46606 -0.599789 0.650416
    outer loop
      vertex 2.05457 32 13.3224
      vertex 1.87194 32.4 13.5604
      vertex 1.70838 32.4 13.4432
    endloop
  endfacet
  facet normal 0.728806 -0.599786 -0.3303
    outer loop
      vertex -2.84093 32.4 17.1768
      vertex -3.02695 32 17.4927
      vertex -3.11809 32 17.2916
    endloop
  endfacet
  facet normal 0.46606 -0.599789 -0.650416
    outer loop
      vertex -1.87194 32.4 18.4396
      vertex -1.70838 32.4 18.5568
      vertex -2.05457 32 18.6776
    endloop
  endfacet
  facet normal -0.779263 -0.599784 -0.181683
    outer loop
      vertex 3.31015 32 16.6584
      vertex 3.26 32 16.8735
      vertex 2.97022 32.4 16.7959
    endloop
  endfacet
  facet normal -0.705715 -0.599796 0.37711
    outer loop
      vertex 2.92284 32 14.3125
      vertex 2.75788 32.4 14.64
      vertex 2.66303 32.4 14.4625
    endloop
  endfacet
  facet normal 0.281859 -0.59982 -0.748847
    outer loop
      vertex -0.988426 32.4 18.9118
      vertex -1.08486 32 19.1959
      vertex -1.29156 32 19.1181
    endloop
  endfacet
  facet normal -0.377333 -0.599788 -0.705602
    outer loop
      vertex 1.5375 32.4 18.663
      vertex 1.6875 32 18.9228
      vertex 1.36004 32.4 18.7579
    endloop
  endfacet
  facet normal 0.507578 -0.599839 0.618513
    outer loop
      vertex -2.05457 32 13.3224
      vertex -2.02749 32.4 13.6881
      vertex -2.22529 32 13.4625
    endloop
  endfacet
  facet normal -0.23223 -0.59982 0.765692
    outer loop
      vertex 1.08486 32 12.8041
      vertex 0.988426 32.4 13.0882
      vertex 0.873514 32 12.74
    endloop
  endfacet
  facet normal 0.232223 -0.599822 -0.765693
    outer loop
      vertex -0.795868 32.4 18.9702
      vertex -0.873514 32 19.26
      vertex -0.988426 32.4 18.9118
    endloop
  endfacet
  facet normal 0.18186 -0.599825 -0.77919
    outer loop
      vertex -0.795868 32.4 18.9702
      vertex -0.658429 32 19.3102
      vertex -0.873514 32 19.26
    endloop
  endfacet
  facet normal -0.465989 -0.599753 0.6505
    outer loop
      vertex 1.87505 32 13.1938
      vertex 2.05457 32 13.3224
      vertex 1.70838 32.4 13.4432
    endloop
  endfacet
  facet normal -0.584025 -0.59979 0.546962
    outer loop
      vertex 2.38649 32 13.6135
      vertex 2.53746 32 13.7747
      vertex 2.31191 32.4 13.9725
    endloop
  endfacet
  facet normal -0.377182 -0.599721 0.70574
    outer loop
      vertex 1.49272 32 12.9731
      vertex 1.6875 32 13.0772
      vertex 1.36004 32.4 13.2421
    endloop
  endfacet
  facet normal -0.330096 -0.599716 0.728956
    outer loop
      vertex 1.49272 32 12.9731
      vertex 1.36004 32.4 13.2421
      vertex 1.17675 32.4 13.1591
    endloop
  endfacet
  facet normal -0.765699 -0.59982 0.232209
    outer loop
      vertex 3.19589 32 14.9151
      vertex 3.26 32 15.1265
      vertex 2.91181 32.4 15.0116
    endloop
  endfacet
  facet normal -0.748913 -0.599786 0.281757
    outer loop
      vertex 3.11809 32 14.7084
      vertex 2.91181 32.4 15.0116
      vertex 2.84093 32.4 14.8232
    endloop
  endfacet
  facet normal -0.507578 -0.599839 -0.618513
    outer loop
      vertex 2.22529 32 18.5375
      vertex 2.05457 32 18.6776
      vertex 2.02749 32.4 18.3119
    endloop
  endfacet
  facet normal -0.779262 -0.599793 -0.181656
    outer loop
      vertex 3.01591 32.4 16.5999
      vertex 3.31015 32 16.6584
      vertex 2.97022 32.4 16.7959
    endloop
  endfacet
  facet normal -0.79631 -0.599782 0.0784383
    outer loop
      vertex 3.36777 32 15.7793
      vertex 3.06842 32.4 15.7989
      vertex 3.04869 32.4 15.5986
    endloop
  endfacet
  facet normal -0.796304 -0.599795 -0.0783986
    outer loop
      vertex 3.36777 32 16.2207
      vertex 3.34613 32 16.4405
      vertex 3.04869 32.4 16.4014
    endloop
  endfacet
  facet normal -0.79631 -0.599782 -0.0784383
    outer loop
      vertex 3.06842 32.4 16.2011
      vertex 3.36777 32 16.2207
      vertex 3.04869 32.4 16.4014
    endloop
  endfacet
  facet normal 0.618494 -0.59979 -0.507658
    outer loop
      vertex -2.31191 32.4 18.0275
      vertex -2.53746 32 18.2253
      vertex -2.67757 32 18.0546
    endloop
  endfacet
  facet normal -0.281911 -0.599841 -0.74881
    outer loop
      vertex 1.17675 32.4 18.8409
      vertex 1.29156 32 19.1181
      vertex 0.988426 32.4 18.9118
    endloop
  endfacet
  facet normal 0.546888 -0.599769 -0.584116
    outer loop
      vertex -2.17435 32.4 18.1744
      vertex -2.02749 32.4 18.3119
      vertex -2.38649 32 18.3865
    endloop
  endfacet
  facet normal -0.330383 -0.599836 0.728727
    outer loop
      vertex 1.29156 32 12.8819
      vertex 1.49272 32 12.9731
      vertex 1.17675 32.4 13.1591
    endloop
  endfacet
  facet normal 0.330383 -0.599836 -0.728727
    outer loop
      vertex -1.17675 32.4 18.8409
      vertex -1.29156 32 19.1181
      vertex -1.49272 32 19.0269
    endloop
  endfacet
  facet normal 0.422366 -0.599789 0.679603
    outer loop
      vertex -1.6875 32 13.0772
      vertex -1.5375 32.4 13.337
      vertex -1.70838 32.4 13.4432
    endloop
  endfacet
  facet normal 0.377333 -0.599788 -0.705602
    outer loop
      vertex -1.5375 32.4 18.663
      vertex -1.36004 32.4 18.7579
      vertex -1.6875 32 18.9228
    endloop
  endfacet
  facet normal -0.0260844 -0.599847 -0.799689
    outer loop
      vertex 0.201114 32.4 19.0684
      vertex 0.220736 32 19.3678
      vertex 0 32 19.375
    endloop
  endfacet
  facet normal -0.650277 -0.599854 0.466171
    outer loop
      vertex 2.67757 32 13.9454
      vertex 2.55677 32.4 14.2916
      vertex 2.43956 32.4 14.1281
    endloop
  endfacet
  facet normal -0.728754 -0.599813 -0.330366
    outer loop
      vertex 2.84093 32.4 17.1768
      vertex 3.02695 32 17.4927
      vertex 2.75788 32.4 17.36
    endloop
  endfacet
  facet normal -0.650277 -0.599854 -0.466171
    outer loop
      vertex 2.55677 32.4 17.7084
      vertex 2.67757 32 18.0546
      vertex 2.43956 32.4 17.8719
    endloop
  endfacet
  facet normal -0.728806 -0.599786 -0.3303
    outer loop
      vertex 3.11809 32 17.2916
      vertex 3.02695 32 17.4927
      vertex 2.84093 32.4 17.1768
    endloop
  endfacet
  facet normal 0.546996 -0.599835 0.583946
    outer loop
      vertex -2.22529 32 13.4625
      vertex -2.02749 32.4 13.6881
      vertex -2.38649 32 13.6135
    endloop
  endfacet
  facet normal 0.584069 -0.599773 0.546934
    outer loop
      vertex -2.17435 32.4 13.8256
      vertex -2.31191 32.4 13.9725
      vertex -2.38649 32 13.6135
    endloop
  endfacet
  facet normal -0.679466 -0.599747 -0.422646
    outer loop
      vertex 2.92284 32 17.6875
      vertex 2.80621 32 17.875
      vertex 2.55677 32.4 17.7084
    endloop
  endfacet
  facet normal -0.679513 -0.599798 -0.422499
    outer loop
      vertex 2.66303 32.4 17.5375
      vertex 2.92284 32 17.6875
      vertex 2.55677 32.4 17.7084
    endloop
  endfacet
  facet normal 0.281859 -0.59982 0.748847
    outer loop
      vertex -1.08486 32 12.8041
      vertex -0.988426 32.4 13.0882
      vertex -1.29156 32 12.8819
    endloop
  endfacet
  facet normal 0.330383 -0.599836 0.728727
    outer loop
      vertex -1.29156 32 12.8819
      vertex -1.17675 32.4 13.1591
      vertex -1.49272 32 12.9731
    endloop
  endfacet
  facet normal 0.465989 -0.599753 -0.6505
    outer loop
      vertex -1.70838 32.4 18.5568
      vertex -1.87505 32 18.8062
      vertex -2.05457 32 18.6776
    endloop
  endfacet
  facet normal 0.748913 -0.599786 0.281757
    outer loop
      vertex -2.84093 32.4 14.8232
      vertex -2.91181 32.4 15.0116
      vertex -3.11809 32 14.7084
    endloop
  endfacet
  facet normal 0.799726 -0.599795 -0.0261671
    outer loop
      vertex -3.075 32.4 16
      vertex -3.06842 32.4 16.2011
      vertex -3.375 32 16
    endloop
  endfacet
  facet normal 0.799733 -0.599784 -0.0261988
    outer loop
      vertex -3.06842 32.4 16.2011
      vertex -3.36777 32 16.2207
      vertex -3.375 32 16
    endloop
  endfacet
  facet normal -0.584069 -0.599773 0.546934
    outer loop
      vertex 2.38649 32 13.6135
      vertex 2.31191 32.4 13.9725
      vertex 2.17435 32.4 13.8256
    endloop
  endfacet
  facet normal -0.377182 -0.599721 -0.70574
    outer loop
      vertex 1.6875 32 18.9228
      vertex 1.49272 32 19.0269
      vertex 1.36004 32.4 18.7579
    endloop
  endfacet
  facet normal 0.0260844 -0.599847 -0.799689
    outer loop
      vertex -0.201114 32.4 19.0684
      vertex 0 32 19.375
      vertex -0.220736 32 19.3678
    endloop
  endfacet
  facet normal 0.679466 -0.599747 -0.422646
    outer loop
      vertex -2.55677 32.4 17.7084
      vertex -2.80621 32 17.875
      vertex -2.92284 32 17.6875
    endloop
  endfacet
  facet normal -0.618494 -0.59979 -0.507658
    outer loop
      vertex 2.67757 32 18.0546
      vertex 2.53746 32 18.2253
      vertex 2.31191 32.4 18.0275
    endloop
  endfacet
  facet normal -0.584025 -0.59979 -0.546962
    outer loop
      vertex 2.53746 32 18.2253
      vertex 2.38649 32 18.3865
      vertex 2.31191 32.4 18.0275
    endloop
  endfacet
  facet normal 0.584025 -0.59979 -0.546962
    outer loop
      vertex -2.31191 32.4 18.0275
      vertex -2.38649 32 18.3865
      vertex -2.53746 32 18.2253
    endloop
  endfacet
  facet normal 0.584069 -0.599773 -0.546934
    outer loop
      vertex -2.31191 32.4 18.0275
      vertex -2.17435 32.4 18.1744
      vertex -2.38649 32 18.3865
    endloop
  endfacet
  facet normal -0.130416 -0.599877 0.789392
    outer loop
      vertex 0.658429 32 12.6898
      vertex 0.599902 32.4 12.9841
      vertex 0.401367 32.4 12.9513
    endloop
  endfacet
  facet normal 0.679513 -0.599798 -0.422499
    outer loop
      vertex -2.66303 32.4 17.5375
      vertex -2.55677 32.4 17.7084
      vertex -2.92284 32 17.6875
    endloop
  endfacet
  facet normal -0.232223 -0.599822 -0.765693
    outer loop
      vertex 0.988426 32.4 18.9118
      vertex 0.873514 32 19.26
      vertex 0.795868 32.4 18.9702
    endloop
  endfacet
  facet normal -0.23223 -0.59982 -0.765692
    outer loop
      vertex 0.988426 32.4 18.9118
      vertex 1.08486 32 19.1959
      vertex 0.873514 32 19.26
    endloop
  endfacet
  facet normal 0.705715 -0.599796 0.37711
    outer loop
      vertex -2.66303 32.4 14.4625
      vertex -2.75788 32.4 14.64
      vertex -2.92284 32 14.3125
    endloop
  endfacet
  facet normal 0.799726 -0.599795 0.0261671
    outer loop
      vertex -3.06842 32.4 15.7989
      vertex -3.075 32.4 16
      vertex -3.375 32 16
    endloop
  endfacet
  facet normal 0.23223 -0.59982 0.765692
    outer loop
      vertex -0.873514 32 12.74
      vertex -0.988426 32.4 13.0882
      vertex -1.08486 32 12.8041
    endloop
  endfacet
  facet normal 0.507719 -0.599788 0.618447
    outer loop
      vertex -1.87194 32.4 13.5604
      vertex -2.02749 32.4 13.6881
      vertex -2.05457 32 13.3224
    endloop
  endfacet
  facet normal -0.679466 -0.599747 0.422646
    outer loop
      vertex 2.80621 32 14.125
      vertex 2.92284 32 14.3125
      vertex 2.55677 32.4 14.2916
    endloop
  endfacet
  facet normal 0.507719 -0.599788 -0.618447
    outer loop
      vertex -2.02749 32.4 18.3119
      vertex -1.87194 32.4 18.4396
      vertex -2.05457 32 18.6776
    endloop
  endfacet
  facet normal -0.728754 -0.599813 0.330366
    outer loop
      vertex 3.02695 32 14.5073
      vertex 2.84093 32.4 14.8232
      vertex 2.75788 32.4 14.64
    endloop
  endfacet
  facet normal -0.130078 -0.599756 0.789539
    outer loop
      vertex 0.440525 32 12.6539
      vertex 0.658429 32 12.6898
      vertex 0.401367 32.4 12.9513
    endloop
  endfacet
  facet normal -0.0783334 -0.59985 0.796269
    outer loop
      vertex 0.220736 32 12.6322
      vertex 0.401367 32.4 12.9513
      vertex 0.201114 32.4 12.9316
    endloop
  endfacet
  facet normal 0.789467 -0.59979 0.130358
    outer loop
      vertex -3.31015 32 15.3416
      vertex -3.04869 32.4 15.5986
      vertex -3.34613 32 15.5595
    endloop
  endfacet
  facet normal 0.0783334 -0.59985 -0.796269
    outer loop
      vertex -0.201114 32.4 19.0684
      vertex -0.220736 32 19.3678
      vertex -0.401367 32.4 19.0487
    endloop
  endfacet
  facet normal 0.0262447 -0.599793 0.799724
    outer loop
      vertex 0 32 12.625
      vertex 0 32.4 12.925
      vertex -0.201114 32.4 12.9316
    endloop
  endfacet
  facet normal -0.330096 -0.599716 -0.728956
    outer loop
      vertex 1.36004 32.4 18.7579
      vertex 1.49272 32 19.0269
      vertex 1.17675 32.4 18.8409
    endloop
  endfacet
  facet normal 0.130416 -0.599877 -0.789392
    outer loop
      vertex -0.599902 32.4 19.0159
      vertex -0.401367 32.4 19.0487
      vertex -0.658429 32 19.3102
    endloop
  endfacet
  facet normal 0.618494 -0.59979 0.507658
    outer loop
      vertex -2.53746 32 13.7747
      vertex -2.31191 32.4 13.9725
      vertex -2.67757 32 13.9454
    endloop
  endfacet
  facet normal 0.130078 -0.599756 0.789539
    outer loop
      vertex -0.440525 32 12.6539
      vertex -0.401367 32.4 12.9513
      vertex -0.658429 32 12.6898
    endloop
  endfacet
  facet normal 0.796304 -0.599795 0.0783986
    outer loop
      vertex -3.34613 32 15.5595
      vertex -3.04869 32.4 15.5986
      vertex -3.36777 32 15.7793
    endloop
  endfacet
  facet normal 0.584025 -0.59979 0.546962
    outer loop
      vertex -2.38649 32 13.6135
      vertex -2.31191 32.4 13.9725
      vertex -2.53746 32 13.7747
    endloop
  endfacet
  facet normal 0.650277 -0.599854 0.466171
    outer loop
      vertex -2.43956 32.4 14.1281
      vertex -2.55677 32.4 14.2916
      vertex -2.67757 32 13.9454
    endloop
  endfacet
  facet normal 0.679466 -0.599747 0.422646
    outer loop
      vertex -2.80621 32 14.125
      vertex -2.55677 32.4 14.2916
      vertex -2.92284 32 14.3125
    endloop
  endfacet
  facet normal 0.0260844 -0.599847 0.799689
    outer loop
      vertex 0 32 12.625
      vertex -0.201114 32.4 12.9316
      vertex -0.220736 32 12.6322
    endloop
  endfacet
  facet normal 0.330096 -0.599716 0.728956
    outer loop
      vertex -1.17675 32.4 13.1591
      vertex -1.36004 32.4 13.2421
      vertex -1.49272 32 12.9731
    endloop
  endfacet
  facet normal 0.377182 -0.599721 0.70574
    outer loop
      vertex -1.49272 32 12.9731
      vertex -1.36004 32.4 13.2421
      vertex -1.6875 32 13.0772
    endloop
  endfacet
  facet normal 0.728754 -0.599813 0.330366
    outer loop
      vertex -2.75788 32.4 14.64
      vertex -2.84093 32.4 14.8232
      vertex -3.02695 32 14.5073
    endloop
  endfacet
  facet normal -0.46606 -0.599789 -0.650416
    outer loop
      vertex 1.87194 32.4 18.4396
      vertex 2.05457 32 18.6776
      vertex 1.70838 32.4 18.5568
    endloop
  endfacet
  facet normal 1 -0 0
    outer loop
      vertex 11 28.5 25
      vertex 11 29.5 7
      vertex 11 29.5 25
    endloop
  endfacet
  facet normal 1 0 0
    outer loop
      vertex 11 29.5 7
      vertex 11 28.5 25
      vertex 11 28.5 7
    endloop
  endfacet
  facet normal 1 -0 0
    outer loop
      vertex 11 27.9 25
      vertex 11 28 7
      vertex 11 28 25
    endloop
  endfacet
  facet normal 1 0 0
    outer loop
      vertex 11 28 7
      vertex 11 27.9 25
      vertex 11 27.9 7
    endloop
  endfacet
  facet normal 0 0 1
    outer loop
      vertex 11 29.5 25
      vertex 2 28.9 25
      vertex 11 28.5 25
    endloop
  endfacet
  facet normal 0 0 1
    outer loop
      vertex 11 29.5 25
      vertex -2 28.9 25
      vertex 2 28.9 25
    endloop
  endfacet
  facet normal -0 0 1
    outer loop
      vertex -11 29.5 25
      vertex -2 28.9 25
      vertex 11 29.5 25
    endloop
  endfacet
  facet normal 0 0 1
    outer loop
      vertex -11 28.5 25
      vertex -2 28.9 25
      vertex -11 29.5 25
    endloop
  endfacet
  facet normal 0 0 1
    outer loop
      vertex -2 28.9 25
      vertex -11 28.5 25
      vertex -2 28.5 25
    endloop
  endfacet
  facet normal 0 0 1
    outer loop
      vertex 11 28.5 25
      vertex 2 28.9 25
      vertex 2 28.5 25
    endloop
  endfacet
  facet normal -0 0 1
    outer loop
      vertex -11 28 25
      vertex -2 27.9 25
      vertex -2 28 25
    endloop
  endfacet
  facet normal 0 0 1
    outer loop
      vertex -2 27.9 25
      vertex -11 28 25
      vertex -11 27.9 25
    endloop
  endfacet
  facet normal -0 0 1
    outer loop
      vertex 2 28 25
      vertex 11 27.9 25
      vertex 11 28 25
    endloop
  endfacet
  facet normal 0 0 1
    outer loop
      vertex 11 27.9 25
      vertex 2 28 25
      vertex 2 27.9 25
    endloop
  endfacet
  facet normal 0 0 -1
    outer loop
      vertex -11 28.5 7
      vertex 11 29.5 7
      vertex 11 28.5 7
    endloop
  endfacet
  facet normal -0 0 -1
    outer loop
      vertex 11 29.5 7
      vertex -11 28.5 7
      vertex -11 29.5 7
    endloop
  endfacet
  facet normal 0 0 -1
    outer loop
      vertex -11 27.9 7
      vertex 11 28 7
      vertex 11 27.9 7
    endloop
  endfacet
  facet normal -0 0 -1
    outer loop
      vertex 11 28 7
      vertex -11 27.9 7
      vertex -11 28 7
    endloop
  endfacet
  facet normal -1 0 0
    outer loop
      vertex -11 28.5 7
      vertex -11 29.5 25
      vertex -11 29.5 7
    endloop
  endfacet
  facet normal -1 -0 0
    outer loop
      vertex -11 29.5 25
      vertex -11 28.5 7
      vertex -11 28.5 25
    endloop
  endfacet
  facet normal -1 0 0
    outer loop
      vertex -11 27.9 7
      vertex -11 28 25
      vertex -11 28 7
    endloop
  endfacet
  facet normal -1 -0 0
    outer loop
      vertex -11 28 25
      vertex -11 27.9 7
      vertex -11 27.9 25
    endloop
  endfacet
  facet normal 0 1 0
    outer loop
      vertex 11 29.5 25
      vertex 3 29.5 19
      vertex -11 29.5 25
    endloop
  endfacet
  facet normal 0 1 0
    outer loop
      vertex 11 29.5 25
      vertex 3 29.5 13
      vertex 3 29.5 19
    endloop
  endfacet
  facet normal 0 1 0
    outer loop
      vertex 3 29.5 13
      vertex 11 29.5 7
      vertex -3 29.5 13
    endloop
  endfacet
  facet normal 0 1 -0
    outer loop
      vertex 11 29.5 7
      vertex 3 29.5 13
      vertex 11 29.5 25
    endloop
  endfacet
  facet normal 0 1 -0
    outer loop
      vertex -3 29.5 19
      vertex -11 29.5 25
      vertex 3 29.5 19
    endloop
  endfacet
  facet normal 0 1 -0
    outer loop
      vertex -3 29.5 13
      vertex -11 29.5 25
      vertex -3 29.5 19
    endloop
  endfacet
  facet normal 0 1 0
    outer loop
      vertex -3 29.5 13
      vertex -11 29.5 7
      vertex -11 29.5 25
    endloop
  endfacet
  facet normal 0 1 0
    outer loop
      vertex -11 29.5 7
      vertex -3 29.5 13
      vertex 11 29.5 7
    endloop
  endfacet
  facet normal 1 -0 0
    outer loop
      vertex 3 29.5 19
      vertex 3 30.5 18.6412
      vertex 3 30.5 19
    endloop
  endfacet
  facet normal 1 0 0
    outer loop
      vertex 3 30.5 18.6412
      vertex 3 29.5 19
      vertex 3 30.5 13.3588
    endloop
  endfacet
  facet normal 1 0 0
    outer loop
      vertex 3 29.5 13
      vertex 3 30.5 13.3588
      vertex 3 29.5 19
    endloop
  endfacet
  facet normal 1 0 0
    outer loop
      vertex 3 30.5 13.3588
      vertex 3 29.5 13
      vertex 3 30.5 13
    endloop
  endfacet
  facet normal -0 0 1
    outer loop
      vertex 2.64119 30.5 19
      vertex 3 29.5 19
      vertex 3 30.5 19
    endloop
  endfacet
  facet normal -0 0 1
    outer loop
      vertex -2.64119 30.5 19
      vertex 3 29.5 19
      vertex 2.64119 30.5 19
    endloop
  endfacet
  facet normal 0 0 1
    outer loop
      vertex -3 29.5 19
      vertex -2.64119 30.5 19
      vertex -3 30.5 19
    endloop
  endfacet
  facet normal 0 0 1
    outer loop
      vertex -2.64119 30.5 19
      vertex -3 29.5 19
      vertex 3 29.5 19
    endloop
  endfacet
  facet normal 0 0 -1
    outer loop
      vertex 3 29.5 13
      vertex 2.64119 30.5 13
      vertex 3 30.5 13
    endloop
  endfacet
  facet normal 0 0 -1
    outer loop
      vertex 3 29.5 13
      vertex -2.64119 30.5 13
      vertex 2.64119 30.5 13
    endloop
  endfacet
  facet normal 0 0 -1
    outer loop
      vertex -3 29.5 13
      vertex -2.64119 30.5 13
      vertex 3 29.5 13
    endloop
  endfacet
  facet normal -0 0 -1
    outer loop
      vertex -2.64119 30.5 13
      vertex -3 29.5 13
      vertex -3 30.5 13
    endloop
  endfacet
  facet normal -1 0 0
    outer loop
      vertex -3 29.5 13
      vertex -3 30.5 13.3588
      vertex -3 30.5 13
    endloop
  endfacet
  facet normal -1 -0 0
    outer loop
      vertex -3 30.5 13.3588
      vertex -3 29.5 13
      vertex -3 30.5 18.6412
    endloop
  endfacet
  facet normal -1 0 0
    outer loop
      vertex -3 29.5 19
      vertex -3 30.5 18.6412
      vertex -3 29.5 13
    endloop
  endfacet
  facet normal -1 0 0
    outer loop
      vertex -3 30.5 18.6412
      vertex -3 29.5 19
      vertex -3 30.5 19
    endloop
  endfacet
  facet normal 0 1 -0
    outer loop
      vertex -2.82843 30.5 18.8284
      vertex -3 30.5 19
      vertex -2.64119 30.5 19
    endloop
  endfacet
  facet normal 0 1 0
    outer loop
      vertex -3 30.5 19
      vertex -2.82843 30.5 18.8284
      vertex -3 30.5 18.6412
    endloop
  endfacet
  facet normal 0 1 0
    outer loop
      vertex 3 30.5 19
      vertex 2.82843 30.5 18.8284
      vertex 2.64119 30.5 19
    endloop
  endfacet
  facet normal -0 1 0
    outer loop
      vertex 2.82843 30.5 18.8284
      vertex 3 30.5 19
      vertex 3 30.5 18.6412
    endloop
  endfacet
  facet normal 0 1 -0
    outer loop
      vertex 3 30.5 13
      vertex 2.82843 30.5 13.1716
      vertex 3 30.5 13.3588
    endloop
  endfacet
  facet normal 0 1 0
    outer loop
      vertex 2.82843 30.5 13.1716
      vertex 3 30.5 13
      vertex 2.64119 30.5 13
    endloop
  endfacet
  facet normal 0 1 0
    outer loop
      vertex -2.82843 30.5 13.1716
      vertex -3 30.5 13
      vertex -3 30.5 13.3588
    endloop
  endfacet
  facet normal 0 1 0
    outer loop
      vertex -3 30.5 13
      vertex -2.82843 30.5 13.1716
      vertex -2.64119 30.5 13
    endloop
  endfacet
  facet normal 0 -1 0
    outer loop
      vertex 3 30.5 18.6412
      vertex 3.27661 30.5 18.2943
      vertex 3.06418 30.5 18.5711
    endloop
  endfacet
  facet normal 0 -1 0
    outer loop
      vertex 3 30.5 18.6412
      vertex 3.4641 30.5 18
      vertex 3.27661 30.5 18.2943
    endloop
  endfacet
  facet normal 0 -1 0
    outer loop
      vertex 3 30.5 18.6412
      vertex 3.62523 30.5 17.6905
      vertex 3.4641 30.5 18
    endloop
  endfacet
  facet normal 0 -1 0
    outer loop
      vertex 3 30.5 18.6412
      vertex 3.75877 30.5 17.3681
      vertex 3.62523 30.5 17.6905
    endloop
  endfacet
  facet normal 0 -1 0
    outer loop
      vertex 3 30.5 18.6412
      vertex 3.8637 30.5 17.0353
      vertex 3.75877 30.5 17.3681
    endloop
  endfacet
  facet normal 0 -1 0
    outer loop
      vertex 3 30.5 18.6412
      vertex 3.93923 30.5 16.6946
      vertex 3.8637 30.5 17.0353
    endloop
  endfacet
  facet normal 0 -1 0
    outer loop
      vertex 3 30.5 18.6412
      vertex 3.98478 30.5 16.3486
      vertex 3.93923 30.5 16.6946
    endloop
  endfacet
  facet normal 0 -1 0
    outer loop
      vertex 3 30.5 18.6412
      vertex 4 30.5 16
      vertex 3.98478 30.5 16.3486
    endloop
  endfacet
  facet normal 0 -1 0
    outer loop
      vertex 3 30.5 18.6412
      vertex 3.98478 30.5 15.6514
      vertex 4 30.5 16
    endloop
  endfacet
  facet normal 0 -1 0
    outer loop
      vertex 3 30.5 18.6412
      vertex 3.93923 30.5 15.3054
      vertex 3.98478 30.5 15.6514
    endloop
  endfacet
  facet normal 0 -1 0
    outer loop
      vertex 3 30.5 18.6412
      vertex 3.8637 30.5 14.9647
      vertex 3.93923 30.5 15.3054
    endloop
  endfacet
  facet normal 0 -1 0
    outer loop
      vertex 3 30.5 18.6412
      vertex 3.75877 30.5 14.6319
      vertex 3.8637 30.5 14.9647
    endloop
  endfacet
  facet normal 0 -1 0
    outer loop
      vertex 3 30.5 18.6412
      vertex 3.62523 30.5 14.3095
      vertex 3.75877 30.5 14.6319
    endloop
  endfacet
  facet normal 0 -1 0
    outer loop
      vertex 3 30.5 18.6412
      vertex 3.4641 30.5 14
      vertex 3.62523 30.5 14.3095
    endloop
  endfacet
  facet normal 0 -1 0
    outer loop
      vertex 3 30.5 18.6412
      vertex 3.27661 30.5 13.7057
      vertex 3.4641 30.5 14
    endloop
  endfacet
  facet normal 0 -1 0
    outer loop
      vertex 3 30.5 13.3588
      vertex 3.27661 30.5 13.7057
      vertex 3 30.5 18.6412
    endloop
  endfacet
  facet normal 0 -1 0
    outer loop
      vertex 3.27661 30.5 13.7057
      vertex 3 30.5 13.3588
      vertex 3.06418 30.5 13.4288
    endloop
  endfacet
  facet normal 0 -1 0
    outer loop
      vertex -0.348622 30.5 19.9848
      vertex 0.348622 30.5 19.9848
      vertex 0 30.5 20
    endloop
  endfacet
  facet normal 0 -1 0
    outer loop
      vertex -0.694592 30.5 19.9392
      vertex 0.348622 30.5 19.9848
      vertex -0.348622 30.5 19.9848
    endloop
  endfacet
  facet normal 0 -1 0
    outer loop
      vertex -0.694592 30.5 19.9392
      vertex 0.694592 30.5 19.9392
      vertex 0.348622 30.5 19.9848
    endloop
  endfacet
  facet normal 0 -1 0
    outer loop
      vertex -1.03528 30.5 19.8637
      vertex 0.694592 30.5 19.9392
      vertex -0.694592 30.5 19.9392
    endloop
  endfacet
  facet normal 0 -1 0
    outer loop
      vertex -1.03528 30.5 19.8637
      vertex 1.03528 30.5 19.8637
      vertex 0.694592 30.5 19.9392
    endloop
  endfacet
  facet normal 0 -1 0
    outer loop
      vertex -1.36808 30.5 19.7588
      vertex 1.03528 30.5 19.8637
      vertex -1.03528 30.5 19.8637
    endloop
  endfacet
  facet normal 0 -1 0
    outer loop
      vertex -1.36808 30.5 19.7588
      vertex 1.36808 30.5 19.7588
      vertex 1.03528 30.5 19.8637
    endloop
  endfacet
  facet normal 0 -1 0
    outer loop
      vertex -1.69047 30.5 19.6252
      vertex 1.36808 30.5 19.7588
      vertex -1.36808 30.5 19.7588
    endloop
  endfacet
  facet normal 0 -1 0
    outer loop
      vertex -1.69047 30.5 19.6252
      vertex 1.69047 30.5 19.6252
      vertex 1.36808 30.5 19.7588
    endloop
  endfacet
  facet normal 0 -1 0
    outer loop
      vertex -2 30.5 19.4641
      vertex 1.69047 30.5 19.6252
      vertex -1.69047 30.5 19.6252
    endloop
  endfacet
  facet normal 0 -1 0
    outer loop
      vertex -2 30.5 19.4641
      vertex 2 30.5 19.4641
      vertex 1.69047 30.5 19.6252
    endloop
  endfacet
  facet normal 0 -1 0
    outer loop
      vertex -2.2943 30.5 19.2766
      vertex 2 30.5 19.4641
      vertex -2 30.5 19.4641
    endloop
  endfacet
  facet normal 0 -1 0
    outer loop
      vertex -2.2943 30.5 19.2766
      vertex 2.2943 30.5 19.2766
      vertex 2 30.5 19.4641
    endloop
  endfacet
  facet normal 0 -1 0
    outer loop
      vertex -2.64119 30.5 19
      vertex -2.2943 30.5 19.2766
      vertex -2.57115 30.5 19.0642
    endloop
  endfacet
  facet normal 0 -1 -0
    outer loop
      vertex -2.2943 30.5 19.2766
      vertex -2.64119 30.5 19
      vertex 2.2943 30.5 19.2766
    endloop
  endfacet
  facet normal 0 -1 0
    outer loop
      vertex 2.64119 30.5 19
      vertex 2.2943 30.5 19.2766
      vertex -2.64119 30.5 19
    endloop
  endfacet
  facet normal 0 -1 0
    outer loop
      vertex 2.2943 30.5 19.2766
      vertex 2.64119 30.5 19
      vertex 2.57115 30.5 19.0642
    endloop
  endfacet
  facet normal 0 -1 0
    outer loop
      vertex -3.27661 30.5 18.2943
      vertex -3 30.5 18.6412
      vertex -3.06418 30.5 18.5711
    endloop
  endfacet
  facet normal 0 -1 0
    outer loop
      vertex -3.4641 30.5 18
      vertex -3 30.5 18.6412
      vertex -3.27661 30.5 18.2943
    endloop
  endfacet
  facet normal 0 -1 0
    outer loop
      vertex -3.62523 30.5 17.6905
      vertex -3 30.5 18.6412
      vertex -3.4641 30.5 18
    endloop
  endfacet
  facet normal 0 -1 0
    outer loop
      vertex -3.75877 30.5 17.3681
      vertex -3 30.5 18.6412
      vertex -3.62523 30.5 17.6905
    endloop
  endfacet
  facet normal 0 -1 0
    outer loop
      vertex -3.8637 30.5 17.0353
      vertex -3 30.5 18.6412
      vertex -3.75877 30.5 17.3681
    endloop
  endfacet
  facet normal 0 -1 0
    outer loop
      vertex -3.93923 30.5 16.6946
      vertex -3 30.5 18.6412
      vertex -3.8637 30.5 17.0353
    endloop
  endfacet
  facet normal 0 -1 0
    outer loop
      vertex -3.98478 30.5 16.3486
      vertex -3 30.5 18.6412
      vertex -3.93923 30.5 16.6946
    endloop
  endfacet
  facet normal 0 -1 0
    outer loop
      vertex -4 30.5 16
      vertex -3 30.5 18.6412
      vertex -3.98478 30.5 16.3486
    endloop
  endfacet
  facet normal 0 -1 0
    outer loop
      vertex -3.98478 30.5 15.6514
      vertex -3 30.5 18.6412
      vertex -4 30.5 16
    endloop
  endfacet
  facet normal 0 -1 0
    outer loop
      vertex -3.93923 30.5 15.3054
      vertex -3 30.5 18.6412
      vertex -3.98478 30.5 15.6514
    endloop
  endfacet
  facet normal 0 -1 0
    outer loop
      vertex -3.8637 30.5 14.9647
      vertex -3 30.5 18.6412
      vertex -3.93923 30.5 15.3054
    endloop
  endfacet
  facet normal 0 -1 0
    outer loop
      vertex -3.75877 30.5 14.6319
      vertex -3 30.5 18.6412
      vertex -3.8637 30.5 14.9647
    endloop
  endfacet
  facet normal 0 -1 0
    outer loop
      vertex -3.62523 30.5 14.3095
      vertex -3 30.5 18.6412
      vertex -3.75877 30.5 14.6319
    endloop
  endfacet
  facet normal 0 -1 0
    outer loop
      vertex -3.4641 30.5 14
      vertex -3 30.5 18.6412
      vertex -3.62523 30.5 14.3095
    endloop
  endfacet
  facet normal 0 -1 0
    outer loop
      vertex -3.27661 30.5 13.7057
      vertex -3 30.5 18.6412
      vertex -3.4641 30.5 14
    endloop
  endfacet
  facet normal 0 -1 0
    outer loop
      vertex -3 30.5 13.3588
      vertex -3.27661 30.5 13.7057
      vertex -3.06418 30.5 13.4288
    endloop
  endfacet
  facet normal 0 -1 0
    outer loop
      vertex -3.27661 30.5 13.7057
      vertex -3 30.5 13.3588
      vertex -3 30.5 18.6412
    endloop
  endfacet
  facet normal 0 -1 0
    outer loop
      vertex -2.2943 30.5 12.7234
      vertex -2.64119 30.5 13
      vertex -2.57115 30.5 12.9358
    endloop
  endfacet
  facet normal 0 -1 0
    outer loop
      vertex -2.64119 30.5 13
      vertex -2.2943 30.5 12.7234
      vertex 2.64119 30.5 13
    endloop
  endfacet
  facet normal 0 -1 0
    outer loop
      vertex 2.2943 30.5 12.7234
      vertex 2.64119 30.5 13
      vertex -2.2943 30.5 12.7234
    endloop
  endfacet
  facet normal 0 -1 0
    outer loop
      vertex 2.64119 30.5 13
      vertex 2.2943 30.5 12.7234
      vertex 2.57115 30.5 12.9358
    endloop
  endfacet
  facet normal 0 -1 0
    outer loop
      vertex -2 30.5 12.5359
      vertex 2.2943 30.5 12.7234
      vertex -2.2943 30.5 12.7234
    endloop
  endfacet
  facet normal 0 -1 0
    outer loop
      vertex -2 30.5 12.5359
      vertex 2 30.5 12.5359
      vertex 2.2943 30.5 12.7234
    endloop
  endfacet
  facet normal 0 -1 0
    outer loop
      vertex -1.69047 30.5 12.3748
      vertex 2 30.5 12.5359
      vertex -2 30.5 12.5359
    endloop
  endfacet
  facet normal 0 -1 0
    outer loop
      vertex -1.69047 30.5 12.3748
      vertex 1.69047 30.5 12.3748
      vertex 2 30.5 12.5359
    endloop
  endfacet
  facet normal 0 -1 0
    outer loop
      vertex -1.36808 30.5 12.2412
      vertex 1.69047 30.5 12.3748
      vertex -1.69047 30.5 12.3748
    endloop
  endfacet
  facet normal 0 -1 0
    outer loop
      vertex -1.36808 30.5 12.2412
      vertex 1.36808 30.5 12.2412
      vertex 1.69047 30.5 12.3748
    endloop
  endfacet
  facet normal 0 -1 0
    outer loop
      vertex -1.03528 30.5 12.1363
      vertex 1.36808 30.5 12.2412
      vertex -1.36808 30.5 12.2412
    endloop
  endfacet
  facet normal 0 -1 0
    outer loop
      vertex -1.03528 30.5 12.1363
      vertex 1.03528 30.5 12.1363
      vertex 1.36808 30.5 12.2412
    endloop
  endfacet
  facet normal 0 -1 0
    outer loop
      vertex -0.694592 30.5 12.0608
      vertex 1.03528 30.5 12.1363
      vertex -1.03528 30.5 12.1363
    endloop
  endfacet
  facet normal 0 -1 0
    outer loop
      vertex -0.694592 30.5 12.0608
      vertex 0.694592 30.5 12.0608
      vertex 1.03528 30.5 12.1363
    endloop
  endfacet
  facet normal 0 -1 0
    outer loop
      vertex -0.348622 30.5 12.0152
      vertex 0.694592 30.5 12.0608
      vertex -0.694592 30.5 12.0608
    endloop
  endfacet
  facet normal 0 -1 0
    outer loop
      vertex -0.348622 30.5 12.0152
      vertex 0.348622 30.5 12.0152
      vertex 0.694592 30.5 12.0608
    endloop
  endfacet
  facet normal -0 -1 0
    outer loop
      vertex 0.348622 30.5 12.0152
      vertex -0.348622 30.5 12.0152
      vertex 0 30.5 12
    endloop
  endfacet
  facet normal 0.130673 0 -0.991425
    outer loop
      vertex 0.348622 30.5 12.0152
      vertex 0.694592 32 12.0608
      vertex 0.694592 30.5 12.0608
    endloop
  endfacet
  facet normal 0.130673 0 -0.991425
    outer loop
      vertex 0.694592 32 12.0608
      vertex 0.348622 30.5 12.0152
      vertex 0.348622 32 12.0152
    endloop
  endfacet
  facet normal 0.991446 0 -0.130521
    outer loop
      vertex 3.98478 30.5 15.6514
      vertex 3.93923 32 15.3054
      vertex 3.98478 32 15.6514
    endloop
  endfacet
  facet normal 0.991446 0 -0.130521
    outer loop
      vertex 3.93923 32 15.3054
      vertex 3.98478 30.5 15.6514
      vertex 3.93923 30.5 15.3054
    endloop
  endfacet
  facet normal 0.999048 0 -0.0436188
    outer loop
      vertex 4 30.5 16
      vertex 3.98478 32 15.6514
      vertex 4 32 16
    endloop
  endfacet
  facet normal 0.999048 0 -0.0436188
    outer loop
      vertex 3.98478 32 15.6514
      vertex 4 30.5 16
      vertex 3.98478 30.5 15.6514
    endloop
  endfacet
  facet normal 0.976297 0 -0.216436
    outer loop
      vertex 3.93923 30.5 15.3054
      vertex 3.8637 32 14.9647
      vertex 3.93923 32 15.3054
    endloop
  endfacet
  facet normal 0.976297 0 -0.216436
    outer loop
      vertex 3.8637 32 14.9647
      vertex 3.93923 30.5 15.3054
      vertex 3.8637 30.5 14.9647
    endloop
  endfacet
  facet normal -0.843391 0 0.5373
    outer loop
      vertex -3.4641 30.5 18
      vertex -3.27661 32 18.2943
      vertex -3.4641 32 18
    endloop
  endfacet
  facet normal -0.843391 0 0.5373
    outer loop
      vertex -3.27661 32 18.2943
      vertex -3.4641 30.5 18
      vertex -3.27661 30.5 18.2943
    endloop
  endfacet
  facet normal 0.737084 0 -0.675801
    outer loop
      vertex 3 30.5 13.3588
      vertex 3.06418 32 13.4288
      vertex 3.06418 30.5 13.4288
    endloop
  endfacet
  facet normal 0.737178 -8.78193e-06 -0.675699
    outer loop
      vertex 3.06418 32 13.4288
      vertex 3 30.5 13.3588
      vertex 2.82843 32 13.1716
    endloop
  endfacet
  facet normal 0.737213 0 -0.67566
    outer loop
      vertex 2.82843 32 13.1716
      vertex 3 30.5 13.3588
      vertex 2.82843 30.5 13.1716
    endloop
  endfacet
  facet normal 0.300624 0 -0.953743
    outer loop
      vertex 1.03528 30.5 12.1363
      vertex 1.36808 32 12.2412
      vertex 1.36808 30.5 12.2412
    endloop
  endfacet
  facet normal 0.300624 0 -0.953743
    outer loop
      vertex 1.36808 32 12.2412
      vertex 1.03528 30.5 12.1363
      vertex 1.03528 32 12.1363
    endloop
  endfacet
  facet normal -0.793413 0 -0.608684
    outer loop
      vertex -3.06418 30.5 13.4288
      vertex -3.27661 32 13.7057
      vertex -3.06418 32 13.4288
    endloop
  endfacet
  facet normal -0.793413 -0 -0.608684
    outer loop
      vertex -3.27661 32 13.7057
      vertex -3.06418 30.5 13.4288
      vertex -3.27661 30.5 13.7057
    endloop
  endfacet
  facet normal -0.300624 0 -0.953743
    outer loop
      vertex -1.36808 30.5 12.2412
      vertex -1.03528 32 12.1363
      vertex -1.03528 30.5 12.1363
    endloop
  endfacet
  facet normal -0.300624 0 -0.953743
    outer loop
      vertex -1.03528 32 12.1363
      vertex -1.36808 30.5 12.2412
      vertex -1.36808 32 12.2412
    endloop
  endfacet
  facet normal -0.953718 0 -0.300702
    outer loop
      vertex -3.75877 30.5 14.6319
      vertex -3.8637 32 14.9647
      vertex -3.75877 32 14.6319
    endloop
  endfacet
  facet normal -0.953718 -0 -0.300702
    outer loop
      vertex -3.8637 32 14.9647
      vertex -3.75877 30.5 14.6319
      vertex -3.8637 30.5 14.9647
    endloop
  endfacet
  facet normal 0.130673 0 0.991425
    outer loop
      vertex 0.348622 32 19.9848
      vertex 0.694592 30.5 19.9392
      vertex 0.694592 32 19.9392
    endloop
  endfacet
  facet normal 0.130673 0 0.991425
    outer loop
      vertex 0.694592 30.5 19.9392
      vertex 0.348622 32 19.9848
      vertex 0.348622 30.5 19.9848
    endloop
  endfacet
  facet normal 0.886994 0 -0.461781
    outer loop
      vertex 3.62523 30.5 14.3095
      vertex 3.4641 32 14
      vertex 3.62523 32 14.3095
    endloop
  endfacet
  facet normal 0.886994 0 -0.461781
    outer loop
      vertex 3.4641 32 14
      vertex 3.62523 30.5 14.3095
      vertex 3.4641 30.5 14
    endloop
  endfacet
  facet normal 0.608699 0 -0.793401
    outer loop
      vertex 2.2943 30.5 12.7234
      vertex 2.57115 32 12.9358
      vertex 2.57115 30.5 12.9358
    endloop
  endfacet
  facet normal 0.608699 0 -0.793401
    outer loop
      vertex 2.57115 32 12.9358
      vertex 2.2943 30.5 12.7234
      vertex 2.2943 32 12.7234
    endloop
  endfacet
  facet normal -0.923882 0 0.382677
    outer loop
      vertex -3.75877 30.5 17.3681
      vertex -3.62523 32 17.6905
      vertex -3.75877 32 17.3681
    endloop
  endfacet
  facet normal -0.923882 0 0.382677
    outer loop
      vertex -3.62523 32 17.6905
      vertex -3.75877 30.5 17.3681
      vertex -3.62523 30.5 17.6905
    endloop
  endfacet
  facet normal 0.793306 -0 0.608823
    outer loop
      vertex 3.06418 30.5 18.5711
      vertex 3.27661 32 18.2943
      vertex 3.06418 32 18.5711
    endloop
  endfacet
  facet normal 0.793306 0 0.608823
    outer loop
      vertex 3.27661 32 18.2943
      vertex 3.06418 30.5 18.5711
      vertex 3.27661 30.5 18.2943
    endloop
  endfacet
  facet normal 0.793413 0 -0.608684
    outer loop
      vertex 3.27661 30.5 13.7057
      vertex 3.06418 32 13.4288
      vertex 3.27661 32 13.7057
    endloop
  endfacet
  facet normal 0.793413 0 -0.608684
    outer loop
      vertex 3.06418 32 13.4288
      vertex 3.27661 30.5 13.7057
      vertex 3.06418 30.5 13.4288
    endloop
  endfacet
  facet normal 0.976297 -0 0.216436
    outer loop
      vertex 3.8637 30.5 17.0353
      vertex 3.93923 32 16.6946
      vertex 3.8637 32 17.0353
    endloop
  endfacet
  facet normal 0.976297 0 0.216436
    outer loop
      vertex 3.93923 32 16.6946
      vertex 3.8637 30.5 17.0353
      vertex 3.93923 30.5 16.6946
    endloop
  endfacet
  facet normal 0.0435588 0 -0.999051
    outer loop
      vertex 0 30.5 12
      vertex 0.348622 32 12.0152
      vertex 0.348622 30.5 12.0152
    endloop
  endfacet
  facet normal 0.0435588 0 -0.999051
    outer loop
      vertex 0.348622 32 12.0152
      vertex 0 30.5 12
      vertex 0 32 12
    endloop
  endfacet
  facet normal -0.793306 0 0.608823
    outer loop
      vertex -3.27661 30.5 18.2943
      vertex -3.06418 32 18.5711
      vertex -3.27661 32 18.2943
    endloop
  endfacet
  facet normal -0.793306 0 0.608823
    outer loop
      vertex -3.06418 32 18.5711
      vertex -3.27661 30.5 18.2943
      vertex -3.06418 30.5 18.5711
    endloop
  endfacet
  facet normal 0.461678 0 -0.887047
    outer loop
      vertex 1.69047 30.5 12.3748
      vertex 2 32 12.5359
      vertex 2 30.5 12.5359
    endloop
  endfacet
  facet normal 0.461678 0 -0.887047
    outer loop
      vertex 2 32 12.5359
      vertex 1.69047 30.5 12.3748
      vertex 1.69047 32 12.3748
    endloop
  endfacet
  facet normal 0.53732 0 -0.843378
    outer loop
      vertex 2 30.5 12.5359
      vertex 2.2943 32 12.7234
      vertex 2.2943 30.5 12.7234
    endloop
  endfacet
  facet normal 0.53732 0 -0.843378
    outer loop
      vertex 2.2943 32 12.7234
      vertex 2 30.5 12.5359
      vertex 2 32 12.5359
    endloop
  endfacet
  facet normal -0.675706 0 -0.737172
    outer loop
      vertex -2.64119 30.5 13
      vertex -2.57115 32 12.9358
      vertex -2.57115 30.5 12.9358
    endloop
  endfacet
  facet normal -0.675646 -0 -0.737226
    outer loop
      vertex -2.82843 32 13.1716
      vertex -2.64119 30.5 13
      vertex -2.82843 30.5 13.1716
    endloop
  endfacet
  facet normal -0.675662 -3.71356e-06 -0.737211
    outer loop
      vertex -2.64119 30.5 13
      vertex -2.82843 32 13.1716
      vertex -2.57115 32 12.9358
    endloop
  endfacet
  facet normal -0.216361 0 0.976313
    outer loop
      vertex -1.03528 32 19.8637
      vertex -0.694592 30.5 19.9392
      vertex -0.694592 32 19.9392
    endloop
  endfacet
  facet normal -0.216361 0 0.976313
    outer loop
      vertex -0.694592 30.5 19.9392
      vertex -1.03528 32 19.8637
      vertex -1.03528 30.5 19.8637
    endloop
  endfacet
  facet normal 0.953718 0 -0.300702
    outer loop
      vertex 3.8637 30.5 14.9647
      vertex 3.75877 32 14.6319
      vertex 3.8637 32 14.9647
    endloop
  endfacet
  facet normal 0.953718 0 -0.300702
    outer loop
      vertex 3.75877 32 14.6319
      vertex 3.8637 30.5 14.9647
      vertex 3.75877 30.5 14.6319
    endloop
  endfacet
  facet normal 0.923882 -0 0.382677
    outer loop
      vertex 3.62523 30.5 17.6905
      vertex 3.75877 32 17.3681
      vertex 3.62523 32 17.6905
    endloop
  endfacet
  facet normal 0.923882 0 0.382677
    outer loop
      vertex 3.75877 32 17.3681
      vertex 3.62523 30.5 17.6905
      vertex 3.75877 30.5 17.3681
    endloop
  endfacet
  facet normal 0.382834 0 -0.923817
    outer loop
      vertex 1.36808 30.5 12.2412
      vertex 1.69047 32 12.3748
      vertex 1.69047 30.5 12.3748
    endloop
  endfacet
  facet normal 0.382834 0 -0.923817
    outer loop
      vertex 1.69047 32 12.3748
      vertex 1.36808 30.5 12.2412
      vertex 1.36808 32 12.2412
    endloop
  endfacet
  facet normal -0.991446 0 -0.130521
    outer loop
      vertex -3.93923 30.5 15.3054
      vertex -3.98478 32 15.6514
      vertex -3.93923 32 15.3054
    endloop
  endfacet
  facet normal -0.991446 -0 -0.130521
    outer loop
      vertex -3.98478 32 15.6514
      vertex -3.93923 30.5 15.3054
      vertex -3.98478 30.5 15.6514
    endloop
  endfacet
  facet normal -0.53732 0 0.843378
    outer loop
      vertex -2.2943 32 19.2766
      vertex -2 30.5 19.4641
      vertex -2 32 19.4641
    endloop
  endfacet
  facet normal -0.53732 0 0.843378
    outer loop
      vertex -2 30.5 19.4641
      vertex -2.2943 32 19.2766
      vertex -2.2943 30.5 19.2766
    endloop
  endfacet
  facet normal -0.976297 0 -0.216436
    outer loop
      vertex -3.8637 30.5 14.9647
      vertex -3.93923 32 15.3054
      vertex -3.8637 32 14.9647
    endloop
  endfacet
  facet normal -0.976297 -0 -0.216436
    outer loop
      vertex -3.93923 32 15.3054
      vertex -3.8637 30.5 14.9647
      vertex -3.93923 30.5 15.3054
    endloop
  endfacet
  facet normal -0.886994 0 -0.461781
    outer loop
      vertex -3.4641 30.5 14
      vertex -3.62523 32 14.3095
      vertex -3.4641 32 14
    endloop
  endfacet
  facet normal -0.886994 -0 -0.461781
    outer loop
      vertex -3.62523 32 14.3095
      vertex -3.4641 30.5 14
      vertex -3.62523 30.5 14.3095
    endloop
  endfacet
  facet normal -0.976297 0 0.216436
    outer loop
      vertex -3.93923 30.5 16.6946
      vertex -3.8637 32 17.0353
      vertex -3.93923 32 16.6946
    endloop
  endfacet
  facet normal -0.976297 0 0.216436
    outer loop
      vertex -3.8637 32 17.0353
      vertex -3.93923 30.5 16.6946
      vertex -3.8637 30.5 17.0353
    endloop
  endfacet
  facet normal 0.461678 0 0.887047
    outer loop
      vertex 1.69047 32 19.6252
      vertex 2 30.5 19.4641
      vertex 2 32 19.4641
    endloop
  endfacet
  facet normal 0.461678 0 0.887047
    outer loop
      vertex 2 30.5 19.4641
      vertex 1.69047 32 19.6252
      vertex 1.69047 30.5 19.6252
    endloop
  endfacet
  facet normal 0.0435588 0 0.999051
    outer loop
      vertex 0 32 20
      vertex 0.348622 30.5 19.9848
      vertex 0.348622 32 19.9848
    endloop
  endfacet
  facet normal 0.0435588 0 0.999051
    outer loop
      vertex 0.348622 30.5 19.9848
      vertex 0 32 20
      vertex 0 30.5 20
    endloop
  endfacet
  facet normal 0.608699 0 0.793401
    outer loop
      vertex 2.2943 32 19.2766
      vertex 2.57115 30.5 19.0642
      vertex 2.57115 32 19.0642
    endloop
  endfacet
  facet normal 0.608699 0 0.793401
    outer loop
      vertex 2.57115 30.5 19.0642
      vertex 2.2943 32 19.2766
      vertex 2.2943 30.5 19.2766
    endloop
  endfacet
  facet normal 0.953718 -0 0.300702
    outer loop
      vertex 3.75877 30.5 17.3681
      vertex 3.8637 32 17.0353
      vertex 3.75877 32 17.3681
    endloop
  endfacet
  facet normal 0.953718 0 0.300702
    outer loop
      vertex 3.8637 32 17.0353
      vertex 3.75877 30.5 17.3681
      vertex 3.8637 30.5 17.0353
    endloop
  endfacet
  facet normal 0.843391 -0 0.5373
    outer loop
      vertex 3.27661 30.5 18.2943
      vertex 3.4641 32 18
      vertex 3.27661 32 18.2943
    endloop
  endfacet
  facet normal 0.843391 0 0.5373
    outer loop
      vertex 3.4641 32 18
      vertex 3.27661 30.5 18.2943
      vertex 3.4641 30.5 18
    endloop
  endfacet
  facet normal -0.461678 0 -0.887047
    outer loop
      vertex -2 30.5 12.5359
      vertex -1.69047 32 12.3748
      vertex -1.69047 30.5 12.3748
    endloop
  endfacet
  facet normal -0.461678 0 -0.887047
    outer loop
      vertex -1.69047 32 12.3748
      vertex -2 30.5 12.5359
      vertex -2 32 12.5359
    endloop
  endfacet
  facet normal -0.216361 0 -0.976313
    outer loop
      vertex -1.03528 30.5 12.1363
      vertex -0.694592 32 12.0608
      vertex -0.694592 30.5 12.0608
    endloop
  endfacet
  facet normal -0.216361 0 -0.976313
    outer loop
      vertex -0.694592 32 12.0608
      vertex -1.03528 30.5 12.1363
      vertex -1.03528 32 12.1363
    endloop
  endfacet
  facet normal -0.675706 0 0.737172
    outer loop
      vertex -2.57115 32 19.0642
      vertex -2.64119 30.5 19
      vertex -2.57115 30.5 19.0642
    endloop
  endfacet
  facet normal -0.675662 -3.71356e-06 0.737211
    outer loop
      vertex -2.82843 32 18.8284
      vertex -2.64119 30.5 19
      vertex -2.57115 32 19.0642
    endloop
  endfacet
  facet normal -0.675646 0 0.737226
    outer loop
      vertex -2.64119 30.5 19
      vertex -2.82843 32 18.8284
      vertex -2.82843 30.5 18.8284
    endloop
  endfacet
  facet normal 0.923882 0 -0.382677
    outer loop
      vertex 3.75877 30.5 14.6319
      vertex 3.62523 32 14.3095
      vertex 3.75877 32 14.6319
    endloop
  endfacet
  facet normal 0.923882 0 -0.382677
    outer loop
      vertex 3.62523 32 14.3095
      vertex 3.75877 30.5 14.6319
      vertex 3.62523 30.5 14.3095
    endloop
  endfacet
  facet normal 0.999048 -0 0.0436188
    outer loop
      vertex 3.98478 30.5 16.3486
      vertex 4 32 16
      vertex 3.98478 32 16.3486
    endloop
  endfacet
  facet normal 0.999048 0 0.0436188
    outer loop
      vertex 4 32 16
      vertex 3.98478 30.5 16.3486
      vertex 4 30.5 16
    endloop
  endfacet
  facet normal -0.461678 0 0.887047
    outer loop
      vertex -2 32 19.4641
      vertex -1.69047 30.5 19.6252
      vertex -1.69047 32 19.6252
    endloop
  endfacet
  facet normal -0.461678 0 0.887047
    outer loop
      vertex -1.69047 30.5 19.6252
      vertex -2 32 19.4641
      vertex -2 30.5 19.4641
    endloop
  endfacet
  facet normal -0.608699 0 0.793401
    outer loop
      vertex -2.57115 32 19.0642
      vertex -2.2943 30.5 19.2766
      vertex -2.2943 32 19.2766
    endloop
  endfacet
  facet normal -0.608699 0 0.793401
    outer loop
      vertex -2.2943 30.5 19.2766
      vertex -2.57115 32 19.0642
      vertex -2.57115 30.5 19.0642
    endloop
  endfacet
  facet normal 0.991446 -0 0.130521
    outer loop
      vertex 3.93923 30.5 16.6946
      vertex 3.98478 32 16.3486
      vertex 3.93923 32 16.6946
    endloop
  endfacet
  facet normal 0.991446 0 0.130521
    outer loop
      vertex 3.98478 32 16.3486
      vertex 3.93923 30.5 16.6946
      vertex 3.98478 30.5 16.3486
    endloop
  endfacet
  facet normal -0.300624 0 0.953743
    outer loop
      vertex -1.36808 32 19.7588
      vertex -1.03528 30.5 19.8637
      vertex -1.03528 32 19.8637
    endloop
  endfacet
  facet normal -0.300624 0 0.953743
    outer loop
      vertex -1.03528 30.5 19.8637
      vertex -1.36808 32 19.7588
      vertex -1.36808 30.5 19.7588
    endloop
  endfacet
  facet normal -0.0435588 0 0.999051
    outer loop
      vertex -0.348622 32 19.9848
      vertex 0 30.5 20
      vertex 0 32 20
    endloop
  endfacet
  facet normal -0.0435588 0 0.999051
    outer loop
      vertex 0 30.5 20
      vertex -0.348622 32 19.9848
      vertex -0.348622 30.5 19.9848
    endloop
  endfacet
  facet normal -0.737213 0 -0.67566
    outer loop
      vertex -3 30.5 13.3588
      vertex -2.82843 32 13.1716
      vertex -2.82843 30.5 13.1716
    endloop
  endfacet
  facet normal -0.737178 -8.78193e-06 -0.675699
    outer loop
      vertex -2.82843 32 13.1716
      vertex -3 30.5 13.3588
      vertex -3.06418 32 13.4288
    endloop
  endfacet
  facet normal -0.737084 -0 -0.675801
    outer loop
      vertex -3.06418 32 13.4288
      vertex -3 30.5 13.3588
      vertex -3.06418 30.5 13.4288
    endloop
  endfacet
  facet normal 0.53732 0 0.843378
    outer loop
      vertex 2 32 19.4641
      vertex 2.2943 30.5 19.2766
      vertex 2.2943 32 19.2766
    endloop
  endfacet
  facet normal 0.53732 0 0.843378
    outer loop
      vertex 2.2943 30.5 19.2766
      vertex 2 32 19.4641
      vertex 2 30.5 19.4641
    endloop
  endfacet
  facet normal -0.382834 0 -0.923817
    outer loop
      vertex -1.69047 30.5 12.3748
      vertex -1.36808 32 12.2412
      vertex -1.36808 30.5 12.2412
    endloop
  endfacet
  facet normal -0.382834 0 -0.923817
    outer loop
      vertex -1.36808 32 12.2412
      vertex -1.69047 30.5 12.3748
      vertex -1.69047 32 12.3748
    endloop
  endfacet
  facet normal -0.843391 0 -0.5373
    outer loop
      vertex -3.27661 30.5 13.7057
      vertex -3.4641 32 14
      vertex -3.27661 32 13.7057
    endloop
  endfacet
  facet normal -0.843391 -0 -0.5373
    outer loop
      vertex -3.4641 32 14
      vertex -3.27661 30.5 13.7057
      vertex -3.4641 30.5 14
    endloop
  endfacet
  facet normal -0.999048 0 0.0436188
    outer loop
      vertex -4 30.5 16
      vertex -3.98478 32 16.3486
      vertex -4 32 16
    endloop
  endfacet
  facet normal -0.999048 0 0.0436188
    outer loop
      vertex -3.98478 32 16.3486
      vertex -4 30.5 16
      vertex -3.98478 30.5 16.3486
    endloop
  endfacet
  facet normal -0.130673 0 -0.991425
    outer loop
      vertex -0.694592 30.5 12.0608
      vertex -0.348622 32 12.0152
      vertex -0.348622 30.5 12.0152
    endloop
  endfacet
  facet normal -0.130673 0 -0.991425
    outer loop
      vertex -0.348622 32 12.0152
      vertex -0.694592 30.5 12.0608
      vertex -0.694592 32 12.0608
    endloop
  endfacet
  facet normal -0.886994 0 0.461781
    outer loop
      vertex -3.62523 30.5 17.6905
      vertex -3.4641 32 18
      vertex -3.62523 32 17.6905
    endloop
  endfacet
  facet normal -0.886994 0 0.461781
    outer loop
      vertex -3.4641 32 18
      vertex -3.62523 30.5 17.6905
      vertex -3.4641 30.5 18
    endloop
  endfacet
  facet normal 0.382834 0 0.923817
    outer loop
      vertex 1.36808 32 19.7588
      vertex 1.69047 30.5 19.6252
      vertex 1.69047 32 19.6252
    endloop
  endfacet
  facet normal 0.382834 0 0.923817
    outer loop
      vertex 1.69047 30.5 19.6252
      vertex 1.36808 32 19.7588
      vertex 1.36808 30.5 19.7588
    endloop
  endfacet
  facet normal -0.953718 0 0.300702
    outer loop
      vertex -3.8637 30.5 17.0353
      vertex -3.75877 32 17.3681
      vertex -3.8637 32 17.0353
    endloop
  endfacet
  facet normal -0.953718 0 0.300702
    outer loop
      vertex -3.75877 32 17.3681
      vertex -3.8637 30.5 17.0353
      vertex -3.75877 30.5 17.3681
    endloop
  endfacet
  facet normal -0.737565 0 0.675277
    outer loop
      vertex -3 30.5 18.6412
      vertex -3.06418 32 18.5711
      vertex -3.06418 30.5 18.5711
    endloop
  endfacet
  facet normal -0.737309 2.39962e-05 0.675556
    outer loop
      vertex -3.06418 32 18.5711
      vertex -3 30.5 18.6412
      vertex -2.82843 32 18.8284
    endloop
  endfacet
  facet normal -0.737213 0 0.67566
    outer loop
      vertex -2.82843 32 18.8284
      vertex -3 30.5 18.6412
      vertex -2.82843 30.5 18.8284
    endloop
  endfacet
  facet normal -0.991446 0 0.130521
    outer loop
      vertex -3.98478 30.5 16.3486
      vertex -3.93923 32 16.6946
      vertex -3.98478 32 16.3486
    endloop
  endfacet
  facet normal -0.991446 0 0.130521
    outer loop
      vertex -3.93923 32 16.6946
      vertex -3.98478 30.5 16.3486
      vertex -3.93923 30.5 16.6946
    endloop
  endfacet
  facet normal 0.886994 -0 0.461781
    outer loop
      vertex 3.4641 30.5 18
      vertex 3.62523 32 17.6905
      vertex 3.4641 32 18
    endloop
  endfacet
  facet normal 0.886994 0 0.461781
    outer loop
      vertex 3.62523 32 17.6905
      vertex 3.4641 30.5 18
      vertex 3.62523 30.5 17.6905
    endloop
  endfacet
  facet normal 0.216361 0 0.976313
    outer loop
      vertex 0.694592 32 19.9392
      vertex 1.03528 30.5 19.8637
      vertex 1.03528 32 19.8637
    endloop
  endfacet
  facet normal 0.216361 0 0.976313
    outer loop
      vertex 1.03528 30.5 19.8637
      vertex 0.694592 32 19.9392
      vertex 0.694592 30.5 19.9392
    endloop
  endfacet
  facet normal -0.53732 0 -0.843378
    outer loop
      vertex -2.2943 30.5 12.7234
      vertex -2 32 12.5359
      vertex -2 30.5 12.5359
    endloop
  endfacet
  facet normal -0.53732 0 -0.843378
    outer loop
      vertex -2 32 12.5359
      vertex -2.2943 30.5 12.7234
      vertex -2.2943 32 12.7234
    endloop
  endfacet
  facet normal 0.675646 0 -0.737226
    outer loop
      vertex 2.64119 30.5 13
      vertex 2.82843 32 13.1716
      vertex 2.82843 30.5 13.1716
    endloop
  endfacet
  facet normal 0.675706 0 -0.737172
    outer loop
      vertex 2.57115 32 12.9358
      vertex 2.64119 30.5 13
      vertex 2.57115 30.5 12.9358
    endloop
  endfacet
  facet normal 0.675662 -3.71356e-06 -0.737211
    outer loop
      vertex 2.64119 30.5 13
      vertex 2.57115 32 12.9358
      vertex 2.82843 32 13.1716
    endloop
  endfacet
  facet normal 0.843391 0 -0.5373
    outer loop
      vertex 3.4641 30.5 14
      vertex 3.27661 32 13.7057
      vertex 3.4641 32 14
    endloop
  endfacet
  facet normal 0.843391 0 -0.5373
    outer loop
      vertex 3.27661 32 13.7057
      vertex 3.4641 30.5 14
      vertex 3.27661 30.5 13.7057
    endloop
  endfacet
  facet normal 0.300624 0 0.953743
    outer loop
      vertex 1.03528 32 19.8637
      vertex 1.36808 30.5 19.7588
      vertex 1.36808 32 19.7588
    endloop
  endfacet
  facet normal 0.300624 0 0.953743
    outer loop
      vertex 1.36808 30.5 19.7588
      vertex 1.03528 32 19.8637
      vertex 1.03528 30.5 19.8637
    endloop
  endfacet
  facet normal -0.0435588 0 -0.999051
    outer loop
      vertex -0.348622 30.5 12.0152
      vertex 0 32 12
      vertex 0 30.5 12
    endloop
  endfacet
  facet normal -0.0435588 0 -0.999051
    outer loop
      vertex 0 32 12
      vertex -0.348622 30.5 12.0152
      vertex -0.348622 32 12.0152
    endloop
  endfacet
  facet normal -0.608699 0 -0.793401
    outer loop
      vertex -2.57115 30.5 12.9358
      vertex -2.2943 32 12.7234
      vertex -2.2943 30.5 12.7234
    endloop
  endfacet
  facet normal -0.608699 0 -0.793401
    outer loop
      vertex -2.2943 32 12.7234
      vertex -2.57115 30.5 12.9358
      vertex -2.57115 32 12.9358
    endloop
  endfacet
  facet normal -0.923882 0 -0.382677
    outer loop
      vertex -3.62523 30.5 14.3095
      vertex -3.75877 32 14.6319
      vertex -3.62523 32 14.3095
    endloop
  endfacet
  facet normal -0.923882 -0 -0.382677
    outer loop
      vertex -3.75877 32 14.6319
      vertex -3.62523 30.5 14.3095
      vertex -3.75877 30.5 14.6319
    endloop
  endfacet
  facet normal -0.999048 0 -0.0436188
    outer loop
      vertex -3.98478 30.5 15.6514
      vertex -4 32 16
      vertex -3.98478 32 15.6514
    endloop
  endfacet
  facet normal -0.999048 -0 -0.0436188
    outer loop
      vertex -4 32 16
      vertex -3.98478 30.5 15.6514
      vertex -4 30.5 16
    endloop
  endfacet
  facet normal -0.382834 0 0.923817
    outer loop
      vertex -1.69047 32 19.6252
      vertex -1.36808 30.5 19.7588
      vertex -1.36808 32 19.7588
    endloop
  endfacet
  facet normal -0.382834 0 0.923817
    outer loop
      vertex -1.36808 30.5 19.7588
      vertex -1.69047 32 19.6252
      vertex -1.69047 30.5 19.6252
    endloop
  endfacet
  facet normal 0.737213 0 0.67566
    outer loop
      vertex 3 30.5 18.6412
      vertex 2.82843 32 18.8284
      vertex 2.82843 30.5 18.8284
    endloop
  endfacet
  facet normal 0.737309 2.39962e-05 0.675556
    outer loop
      vertex 2.82843 32 18.8284
      vertex 3 30.5 18.6412
      vertex 3.06418 32 18.5711
    endloop
  endfacet
  facet normal 0.737565 0 0.675277
    outer loop
      vertex 3.06418 32 18.5711
      vertex 3 30.5 18.6412
      vertex 3.06418 30.5 18.5711
    endloop
  endfacet
  facet normal -0.130673 0 0.991425
    outer loop
      vertex -0.694592 32 19.9392
      vertex -0.348622 30.5 19.9848
      vertex -0.348622 32 19.9848
    endloop
  endfacet
  facet normal -0.130673 0 0.991425
    outer loop
      vertex -0.348622 30.5 19.9848
      vertex -0.694592 32 19.9392
      vertex -0.694592 30.5 19.9392
    endloop
  endfacet
  facet normal 0.216361 0 -0.976313
    outer loop
      vertex 0.694592 30.5 12.0608
      vertex 1.03528 32 12.1363
      vertex 1.03528 30.5 12.1363
    endloop
  endfacet
  facet normal 0.216361 0 -0.976313
    outer loop
      vertex 1.03528 32 12.1363
      vertex 0.694592 30.5 12.0608
      vertex 0.694592 32 12.0608
    endloop
  endfacet
  facet normal 0.675646 0 0.737226
    outer loop
      vertex 2.82843 32 18.8284
      vertex 2.64119 30.5 19
      vertex 2.82843 30.5 18.8284
    endloop
  endfacet
  facet normal 0.675662 -3.71356e-06 0.737211
    outer loop
      vertex 2.57115 32 19.0642
      vertex 2.64119 30.5 19
      vertex 2.82843 32 18.8284
    endloop
  endfacet
  facet normal 0.675706 0 0.737172
    outer loop
      vertex 2.64119 30.5 19
      vertex 2.57115 32 19.0642
      vertex 2.57115 30.5 19.0642
    endloop
  endfacet
  facet normal 0.032714 0 0.999465
    outer loop
      vertex 0 28.5 43
      vertex 1.76588 28 42.9422
      vertex 1.76588 28.5 42.9422
    endloop
  endfacet
  facet normal 0.032714 0 0.999465
    outer loop
      vertex 1.76588 28 42.9422
      vertex 0 28.5 43
      vertex 0 28 43
    endloop
  endfacet
  facet normal 0.995183 0 -0.0980298
    outer loop
      vertex 26.9422 28 14.2341
      vertex 26.769 28.5 12.4758
      vertex 26.9422 28.5 14.2341
    endloop
  endfacet
  facet normal 0.995183 0 -0.0980298
    outer loop
      vertex 26.769 28.5 12.4758
      vertex 26.9422 28 14.2341
      vertex 26.769 28 12.4758
    endloop
  endfacet
  facet normal 0.999465 0 -0.0327137
    outer loop
      vertex 27 28 16
      vertex 26.9422 28.5 14.2341
      vertex 27 28.5 16
    endloop
  endfacet
  facet normal 0.999465 0 -0.0327137
    outer loop
      vertex 26.9422 28.5 14.2341
      vertex 27 28 16
      vertex 26.9422 28 14.2341
    endloop
  endfacet
  facet normal 0.986644 0 -0.162894
    outer loop
      vertex 26.769 28 12.4758
      vertex 26.4812 28.5 10.7326
      vertex 26.769 28.5 12.4758
    endloop
  endfacet
  facet normal 0.986644 0 -0.162894
    outer loop
      vertex 26.4812 28.5 10.7326
      vertex 26.769 28 12.4758
      vertex 26.4812 28 10.7326
    endloop
  endfacet
  facet normal 0.973879 0 -0.227069
    outer loop
      vertex 26.4812 28 10.7326
      vertex 26.08 28.5 9.01189
      vertex 26.4812 28.5 10.7326
    endloop
  endfacet
  facet normal 0.973879 0 -0.227069
    outer loop
      vertex 26.08 28.5 9.01189
      vertex 26.4812 28 10.7326
      vertex 26.08 28 9.01189
    endloop
  endfacet
  facet normal -0.973879 0 -0.227069
    outer loop
      vertex -26.08 28 9.01189
      vertex -26.4812 28.5 10.7326
      vertex -26.08 28.5 9.01189
    endloop
  endfacet
  facet normal -0.973879 -0 -0.227069
    outer loop
      vertex -26.4812 28.5 10.7326
      vertex -26.08 28 9.01189
      vertex -26.4812 28 10.7326
    endloop
  endfacet
  facet normal -0.95694 0 0.290285
    outer loop
      vertex -26.08 28 22.9881
      vertex -25.5671 28.5 24.6789
      vertex -26.08 28.5 22.9881
    endloop
  endfacet
  facet normal -0.95694 0 0.290285
    outer loop
      vertex -25.5671 28.5 24.6789
      vertex -26.08 28 22.9881
      vertex -25.5671 28 24.6789
    endloop
  endfacet
  facet normal -0.956938 0 -0.290292
    outer loop
      vertex -25.5671 28 7.32113
      vertex -26.08 28.5 9.01189
      vertex -25.5671 28.5 7.32113
    endloop
  endfacet
  facet normal -0.956938 -0 -0.290292
    outer loop
      vertex -26.08 28.5 9.01189
      vertex -25.5671 28 7.32113
      vertex -26.08 28 9.01189
    endloop
  endfacet
  facet normal 0.412677 0 0.910878
    outer loop
      vertex 10.3325 28.5 40.9447
      vertex 11.9418 28 40.2156
      vertex 11.9418 28.5 40.2156
    endloop
  endfacet
  facet normal 0.412677 0 0.910878
    outer loop
      vertex 11.9418 28 40.2156
      vertex 10.3325 28.5 40.9447
      vertex 10.3325 28 40.9447
    endloop
  endfacet
  facet normal -0.471394 0 -0.881923
    outer loop
      vertex -13.5 28 -7.38269
      vertex -11.9418 28.5 -8.21556
      vertex -11.9418 28 -8.21556
    endloop
  endfacet
  facet normal -0.471394 0 -0.881923
    outer loop
      vertex -11.9418 28.5 -8.21556
      vertex -13.5 28 -7.38269
      vertex -13.5 28.5 -7.38269
    endloop
  endfacet
  facet normal -0.582468 0 -0.812854
    outer loop
      vertex -16.4366 28 -5.42054
      vertex -15.0004 28.5 -6.44968
      vertex -15.0004 28 -6.44968
    endloop
  endfacet
  facet normal -0.582468 0 -0.812854
    outer loop
      vertex -15.0004 28.5 -6.44968
      vertex -16.4366 28 -5.42054
      vertex -16.4366 28.5 -5.42054
    endloop
  endfacet
  facet normal -0.683577 0 -0.729879
    outer loop
      vertex -19.0919 28 -3.09188
      vertex -17.8023 28.5 -4.29967
      vertex -17.8023 28 -4.29967
    endloop
  endfacet
  facet normal -0.683577 0 -0.729879
    outer loop
      vertex -17.8023 28.5 -4.29967
      vertex -19.0919 28 -3.09188
      vertex -19.0919 28.5 -3.09188
    endloop
  endfacet
  facet normal 0.162891 0 0.986644
    outer loop
      vertex 3.52421 28.5 42.769
      vertex 5.26744 28 42.4812
      vertex 5.26744 28.5 42.4812
    endloop
  endfacet
  facet normal 0.162891 0 0.986644
    outer loop
      vertex 5.26744 28 42.4812
      vertex 3.52421 28.5 42.769
      vertex 3.52421 28 42.769
    endloop
  endfacet
  facet normal 0.227074 0 -0.973877
    outer loop
      vertex 5.26744 28 -10.4812
      vertex 6.98811 28.5 -10.08
      vertex 6.98811 28 -10.08
    endloop
  endfacet
  facet normal 0.227074 0 -0.973877
    outer loop
      vertex 6.98811 28.5 -10.08
      vertex 5.26744 28 -10.4812
      vertex 5.26744 28.5 -10.4812
    endloop
  endfacet
  facet normal 0.935899 0 -0.352268
    outer loop
      vertex 25.5671 28 7.32113
      vertex 24.9447 28.5 5.66755
      vertex 25.5671 28.5 7.32113
    endloop
  endfacet
  facet normal 0.935899 0 -0.352268
    outer loop
      vertex 24.9447 28.5 5.66755
      vertex 25.5671 28 7.32113
      vertex 24.9447 28 5.66755
    endloop
  endfacet
  facet normal 0.528068 0 -0.849202
    outer loop
      vertex 13.5 28 -7.38269
      vertex 15.0004 28.5 -6.44968
      vertex 15.0004 28 -6.44968
    endloop
  endfacet
  facet normal 0.528068 0 -0.849202
    outer loop
      vertex 15.0004 28.5 -6.44968
      vertex 13.5 28 -7.38269
      vertex 13.5 28.5 -7.38269
    endloop
  endfacet
  facet normal -0.412677 0 0.910878
    outer loop
      vertex -11.9418 28.5 40.2156
      vertex -10.3325 28 40.9447
      vertex -10.3325 28.5 40.9447
    endloop
  endfacet
  facet normal -0.412677 0 0.910878
    outer loop
      vertex -10.3325 28 40.9447
      vertex -11.9418 28.5 40.2156
      vertex -11.9418 28 40.2156
    endloop
  endfacet
  facet normal 0.290292 0 0.956938
    outer loop
      vertex 6.98811 28.5 42.08
      vertex 8.67887 28 41.5671
      vertex 8.67887 28.5 41.5671
    endloop
  endfacet
  facet normal 0.290292 0 0.956938
    outer loop
      vertex 8.67887 28 41.5671
      vertex 6.98811 28.5 42.08
      vertex 6.98811 28 42.08
    endloop
  endfacet
  facet normal -0.528068 0 -0.849202
    outer loop
      vertex -15.0004 28 -6.44968
      vertex -13.5 28.5 -7.38269
      vertex -13.5 28 -7.38269
    endloop
  endfacet
  facet normal -0.528068 0 -0.849202
    outer loop
      vertex -13.5 28.5 -7.38269
      vertex -15.0004 28 -6.44968
      vertex -15.0004 28.5 -6.44968
    endloop
  endfacet
  facet normal 0.162891 0 -0.986644
    outer loop
      vertex 3.52421 28 -10.769
      vertex 5.26744 28.5 -10.4812
      vertex 5.26744 28 -10.4812
    endloop
  endfacet
  facet normal 0.162891 0 -0.986644
    outer loop
      vertex 5.26744 28.5 -10.4812
      vertex 3.52421 28 -10.769
      vertex 3.52421 28.5 -10.769
    endloop
  endfacet
  facet normal -0.412719 0 -0.910858
    outer loop
      vertex -11.9418 28 -8.21556
      vertex -10.3325 28.5 -8.94475
      vertex -10.3325 28 -8.94475
    endloop
  endfacet
  facet normal -0.412719 0 -0.910858
    outer loop
      vertex -10.3325 28.5 -8.94475
      vertex -11.9418 28 -8.21556
      vertex -11.9418 28.5 -8.21556
    endloop
  endfacet
  facet normal 0.412719 0 -0.910858
    outer loop
      vertex 10.3325 28 -8.94475
      vertex 11.9418 28.5 -8.21556
      vertex 11.9418 28 -8.21556
    endloop
  endfacet
  facet normal 0.412719 0 -0.910858
    outer loop
      vertex 11.9418 28.5 -8.21556
      vertex 10.3325 28 -8.94475
      vertex 10.3325 28.5 -8.94475
    endloop
  endfacet
  facet normal 0.0980281 0 0.995184
    outer loop
      vertex 1.76588 28.5 42.9422
      vertex 3.52421 28 42.769
      vertex 3.52421 28.5 42.769
    endloop
  endfacet
  facet normal 0.0980281 0 0.995184
    outer loop
      vertex 3.52421 28 42.769
      vertex 1.76588 28.5 42.9422
      vertex 1.76588 28 42.9422
    endloop
  endfacet
  facet normal 0.956938 0 -0.290292
    outer loop
      vertex 26.08 28 9.01189
      vertex 25.5671 28.5 7.32113
      vertex 26.08 28.5 9.01189
    endloop
  endfacet
  facet normal 0.956938 0 -0.290292
    outer loop
      vertex 25.5671 28.5 7.32113
      vertex 26.08 28 9.01189
      vertex 25.5671 28 7.32113
    endloop
  endfacet
  facet normal -0.995183 0 0.0980298
    outer loop
      vertex -26.9422 28 17.7659
      vertex -26.769 28.5 19.5242
      vertex -26.9422 28.5 17.7659
    endloop
  endfacet
  facet normal -0.995183 0 0.0980298
    outer loop
      vertex -26.769 28.5 19.5242
      vertex -26.9422 28 17.7659
      vertex -26.769 28 19.5242
    endloop
  endfacet
  facet normal -0.995183 0 -0.0980298
    outer loop
      vertex -26.769 28 12.4758
      vertex -26.9422 28.5 14.2341
      vertex -26.769 28.5 12.4758
    endloop
  endfacet
  facet normal -0.995183 -0 -0.0980298
    outer loop
      vertex -26.9422 28.5 14.2341
      vertex -26.769 28 12.4758
      vertex -26.9422 28 14.2341
    endloop
  endfacet
  facet normal 0.0980281 0 -0.995184
    outer loop
      vertex 1.76588 28 -10.9422
      vertex 3.52421 28.5 -10.769
      vertex 3.52421 28 -10.769
    endloop
  endfacet
  facet normal 0.0980281 0 -0.995184
    outer loop
      vertex 3.52421 28.5 -10.769
      vertex 1.76588 28 -10.9422
      vertex 1.76588 28.5 -10.9422
    endloop
  endfacet
  facet normal -0.910878 0 0.412677
    outer loop
      vertex -24.9447 28 26.3325
      vertex -24.2156 28.5 27.9418
      vertex -24.9447 28.5 26.3325
    endloop
  endfacet
  facet normal -0.910878 0 0.412677
    outer loop
      vertex -24.2156 28.5 27.9418
      vertex -24.9447 28 26.3325
      vertex -24.2156 28 27.9418
    endloop
  endfacet
  facet normal 0.910882 0 -0.412666
    outer loop
      vertex 24.9447 28 5.66755
      vertex 24.2156 28.5 4.0582
      vertex 24.9447 28.5 5.66755
    endloop
  endfacet
  facet normal 0.910882 0 -0.412666
    outer loop
      vertex 24.2156 28.5 4.0582
      vertex 24.9447 28 5.66755
      vertex 24.2156 28 4.0582
    endloop
  endfacet
  facet normal -0.935899 0 -0.352268
    outer loop
      vertex -24.9447 28 5.66755
      vertex -25.5671 28.5 7.32113
      vertex -24.9447 28.5 5.66755
    endloop
  endfacet
  facet normal -0.935899 -0 -0.352268
    outer loop
      vertex -25.5671 28.5 7.32113
      vertex -24.9447 28 5.66755
      vertex -25.5671 28 7.32113
    endloop
  endfacet
  facet normal 0.95694 -0 0.290285
    outer loop
      vertex 25.5671 28 24.6789
      vertex 26.08 28.5 22.9881
      vertex 25.5671 28.5 24.6789
    endloop
  endfacet
  facet normal 0.95694 0 0.290285
    outer loop
      vertex 26.08 28.5 22.9881
      vertex 25.5671 28 24.6789
      vertex 26.08 28 22.9881
    endloop
  endfacet
  facet normal -0.849204 0 0.528064
    outer loop
      vertex -23.3827 28 29.5
      vertex -22.4497 28.5 31.0004
      vertex -23.3827 28.5 29.5
    endloop
  endfacet
  facet normal -0.849204 0 0.528064
    outer loop
      vertex -22.4497 28.5 31.0004
      vertex -23.3827 28 29.5
      vertex -22.4497 28 31.0004
    endloop
  endfacet
  facet normal 0.849204 0 -0.528065
    outer loop
      vertex 23.3827 28 2.5
      vertex 22.4497 28.5 0.999603
      vertex 23.3827 28.5 2.5
    endloop
  endfacet
  facet normal 0.849204 0 -0.528065
    outer loop
      vertex 22.4497 28.5 0.999603
      vertex 23.3827 28 2.5
      vertex 22.4497 28 0.999603
    endloop
  endfacet
  facet normal 0.634393 0 0.773011
    outer loop
      vertex 16.4366 28.5 37.4205
      vertex 17.8023 28 36.2997
      vertex 17.8023 28.5 36.2997
    endloop
  endfacet
  facet normal 0.634393 0 0.773011
    outer loop
      vertex 17.8023 28 36.2997
      vertex 16.4366 28.5 37.4205
      vertex 16.4366 28 37.4205
    endloop
  endfacet
  facet normal 0.471408 0 0.881915
    outer loop
      vertex 11.9418 28.5 40.2156
      vertex 13.5 28 39.3827
      vertex 13.5 28.5 39.3827
    endloop
  endfacet
  facet normal 0.471408 0 0.881915
    outer loop
      vertex 13.5 28 39.3827
      vertex 11.9418 28.5 40.2156
      vertex 11.9418 28 40.2156
    endloop
  endfacet
  facet normal -0.773029 0 -0.63437
    outer loop
      vertex -20.2997 28 -1.80234
      vertex -21.4205 28.5 -0.436558
      vertex -20.2997 28.5 -1.80234
    endloop
  endfacet
  facet normal -0.773029 -0 -0.63437
    outer loop
      vertex -21.4205 28.5 -0.436558
      vertex -20.2997 28 -1.80234
      vertex -21.4205 28 -0.436558
    endloop
  endfacet
  facet normal 0.986644 -0 0.162894
    outer loop
      vertex 26.4812 28 21.2674
      vertex 26.769 28.5 19.5242
      vertex 26.4812 28.5 21.2674
    endloop
  endfacet
  facet normal 0.986644 0 0.162894
    outer loop
      vertex 26.769 28.5 19.5242
      vertex 26.4812 28 21.2674
      vertex 26.769 28 19.5242
    endloop
  endfacet
  facet normal -0.352239 0 -0.93591
    outer loop
      vertex -10.3325 28 -8.94475
      vertex -8.67887 28.5 -9.56711
      vertex -8.67887 28 -9.56711
    endloop
  endfacet
  facet normal -0.352239 0 -0.93591
    outer loop
      vertex -8.67887 28.5 -9.56711
      vertex -10.3325 28 -8.94475
      vertex -10.3325 28.5 -8.94475
    endloop
  endfacet
  facet normal -0.227074 0 -0.973877
    outer loop
      vertex -6.98811 28 -10.08
      vertex -5.26744 28.5 -10.4812
      vertex -5.26744 28 -10.4812
    endloop
  endfacet
  facet normal -0.227074 0 -0.973877
    outer loop
      vertex -5.26744 28.5 -10.4812
      vertex -6.98811 28 -10.08
      vertex -6.98811 28.5 -10.08
    endloop
  endfacet
  facet normal -0.986644 0 -0.162894
    outer loop
      vertex -26.4812 28 10.7326
      vertex -26.769 28.5 12.4758
      vertex -26.4812 28.5 10.7326
    endloop
  endfacet
  facet normal -0.986644 -0 -0.162894
    outer loop
      vertex -26.769 28.5 12.4758
      vertex -26.4812 28 10.7326
      vertex -26.769 28 12.4758
    endloop
  endfacet
  facet normal -0.773011 0 0.634393
    outer loop
      vertex -21.4205 28 32.4366
      vertex -20.2997 28.5 33.8023
      vertex -21.4205 28.5 32.4366
    endloop
  endfacet
  facet normal -0.773011 0 0.634393
    outer loop
      vertex -20.2997 28.5 33.8023
      vertex -21.4205 28 32.4366
      vertex -20.2997 28 33.8023
    endloop
  endfacet
  facet normal -0.910882 0 -0.412666
    outer loop
      vertex -24.2156 28 4.0582
      vertex -24.9447 28.5 5.66755
      vertex -24.2156 28.5 4.0582
    endloop
  endfacet
  facet normal -0.910882 -0 -0.412666
    outer loop
      vertex -24.9447 28.5 5.66755
      vertex -24.2156 28 4.0582
      vertex -24.9447 28 5.66755
    endloop
  endfacet
  facet normal 0.81283 0 -0.582501
    outer loop
      vertex 22.4497 28 0.999603
      vertex 21.4205 28.5 -0.436558
      vertex 22.4497 28.5 0.999603
    endloop
  endfacet
  facet normal 0.81283 0 -0.582501
    outer loop
      vertex 21.4205 28.5 -0.436558
      vertex 22.4497 28 0.999603
      vertex 21.4205 28 -0.436558
    endloop
  endfacet
  facet normal 0.881915 0 -0.471408
    outer loop
      vertex 24.2156 28 4.0582
      vertex 23.3827 28.5 2.5
      vertex 24.2156 28.5 4.0582
    endloop
  endfacet
  facet normal 0.881915 0 -0.471408
    outer loop
      vertex 23.3827 28.5 2.5
      vertex 24.2156 28 4.0582
      vertex 23.3827 28 2.5
    endloop
  endfacet
  facet normal 0.227074 0 0.973877
    outer loop
      vertex 5.26744 28.5 42.4812
      vertex 6.98811 28 42.08
      vertex 6.98811 28.5 42.08
    endloop
  endfacet
  facet normal 0.227074 0 0.973877
    outer loop
      vertex 6.98811 28 42.08
      vertex 5.26744 28.5 42.4812
      vertex 5.26744 28 42.4812
    endloop
  endfacet
  facet normal 0.582468 0 -0.812854
    outer loop
      vertex 15.0004 28 -6.44968
      vertex 16.4366 28.5 -5.42054
      vertex 16.4366 28 -5.42054
    endloop
  endfacet
  facet normal 0.582468 0 -0.812854
    outer loop
      vertex 16.4366 28.5 -5.42054
      vertex 15.0004 28 -6.44968
      vertex 15.0004 28.5 -6.44968
    endloop
  endfacet
  facet normal 0.528064 0 0.849204
    outer loop
      vertex 13.5 28.5 39.3827
      vertex 15.0004 28 38.4497
      vertex 15.0004 28.5 38.4497
    endloop
  endfacet
  facet normal 0.528064 0 0.849204
    outer loop
      vertex 15.0004 28 38.4497
      vertex 13.5 28.5 39.3827
      vertex 13.5 28 39.3827
    endloop
  endfacet
  facet normal -0.881915 0 -0.471408
    outer loop
      vertex -23.3827 28 2.5
      vertex -24.2156 28.5 4.0582
      vertex -23.3827 28.5 2.5
    endloop
  endfacet
  facet normal -0.881915 -0 -0.471408
    outer loop
      vertex -24.2156 28.5 4.0582
      vertex -23.3827 28 2.5
      vertex -24.2156 28 4.0582
    endloop
  endfacet
  facet normal 0 1 0
    outer loop
      vertex 25.5671 28.5 24.6789
      vertex 11 28.5 25
      vertex 24.9447 28.5 26.3325
    endloop
  endfacet
  facet normal 0 1 0
    outer loop
      vertex 26.08 28.5 22.9881
      vertex 11 28.5 25
      vertex 25.5671 28.5 24.6789
    endloop
  endfacet
  facet normal 0 1 0
    outer loop
      vertex 26.4812 28.5 21.2674
      vertex 11 28.5 25
      vertex 26.08 28.5 22.9881
    endloop
  endfacet
  facet normal 0 1 0
    outer loop
      vertex 26.769 28.5 19.5242
      vertex 11 28.5 25
      vertex 26.4812 28.5 21.2674
    endloop
  endfacet
  facet normal 0 1 0
    outer loop
      vertex 26.9422 28.5 17.7659
      vertex 11 28.5 25
      vertex 26.769 28.5 19.5242
    endloop
  endfacet
  facet normal 0 1 0
    outer loop
      vertex 27 28.5 16
      vertex 11 28.5 25
      vertex 26.9422 28.5 17.7659
    endloop
  endfacet
  facet normal 0 1 0
    outer loop
      vertex 11 28.5 7
      vertex 27 28.5 16
      vertex 26.9422 28.5 14.2341
    endloop
  endfacet
  facet normal 0 1 0
    outer loop
      vertex 11 28.5 7
      vertex 26.9422 28.5 14.2341
      vertex 26.769 28.5 12.4758
    endloop
  endfacet
  facet normal 0 1 0
    outer loop
      vertex 11 28.5 7
      vertex 26.769 28.5 12.4758
      vertex 26.4812 28.5 10.7326
    endloop
  endfacet
  facet normal 0 1 0
    outer loop
      vertex 11 28.5 7
      vertex 26.4812 28.5 10.7326
      vertex 26.08 28.5 9.01189
    endloop
  endfacet
  facet normal 0 1 0
    outer loop
      vertex 11 28.5 7
      vertex 26.08 28.5 9.01189
      vertex 25.5671 28.5 7.32113
    endloop
  endfacet
  facet normal 0 1 0
    outer loop
      vertex 27 28.5 16
      vertex 11 28.5 7
      vertex 11 28.5 25
    endloop
  endfacet
  facet normal 0 1 -0
    outer loop
      vertex 24.2156 28.5 4.0582
      vertex 11 28.5 7
      vertex 24.9447 28.5 5.66755
    endloop
  endfacet
  facet normal 0 1 -0
    outer loop
      vertex 24.9447 28.5 5.66755
      vertex 11 28.5 7
      vertex 25.5671 28.5 7.32113
    endloop
  endfacet
  facet normal 0 1 0
    outer loop
      vertex 2 28.5 26.5
      vertex 0 28.5 43
      vertex 1.76588 28.5 42.9422
    endloop
  endfacet
  facet normal 0 1 -0
    outer loop
      vertex 2 28.5 26.5
      vertex 1.76588 28.5 42.9422
      vertex 3.52421 28.5 42.769
    endloop
  endfacet
  facet normal 0 1 0
    outer loop
      vertex -2 28.5 26.5
      vertex 0 28.5 43
      vertex 2 28.5 26.5
    endloop
  endfacet
  facet normal 0 1 0
    outer loop
      vertex 2 28.5 26.5
      vertex 3.52421 28.5 42.769
      vertex 5.26744 28.5 42.4812
    endloop
  endfacet
  facet normal 0 1 0
    outer loop
      vertex 0 28.5 43
      vertex -2 28.5 26.5
      vertex -1.76588 28.5 42.9422
    endloop
  endfacet
  facet normal 0 1 0
    outer loop
      vertex 2 28.5 26.5
      vertex 5.26744 28.5 42.4812
      vertex 6.98811 28.5 42.08
    endloop
  endfacet
  facet normal 0 1 0
    outer loop
      vertex -1.76588 28.5 42.9422
      vertex -2 28.5 26.5
      vertex -3.52421 28.5 42.769
    endloop
  endfacet
  facet normal 0 1 0
    outer loop
      vertex 2 28.5 26.5
      vertex 6.98811 28.5 42.08
      vertex 8.67887 28.5 41.5671
    endloop
  endfacet
  facet normal 0 1 0
    outer loop
      vertex -3.52421 28.5 42.769
      vertex -2 28.5 26.5
      vertex -5.26744 28.5 42.4812
    endloop
  endfacet
  facet normal 0 1 0
    outer loop
      vertex 2 28.5 26.5
      vertex 8.67887 28.5 41.5671
      vertex 10.3325 28.5 40.9447
    endloop
  endfacet
  facet normal 0 1 0
    outer loop
      vertex -5.26744 28.5 42.4812
      vertex -2 28.5 26.5
      vertex -6.98811 28.5 42.08
    endloop
  endfacet
  facet normal 0 1 0
    outer loop
      vertex 2 28.5 26.5
      vertex 10.3325 28.5 40.9447
      vertex 11.9418 28.5 40.2156
    endloop
  endfacet
  facet normal 0 1 0
    outer loop
      vertex -6.98811 28.5 42.08
      vertex -2 28.5 26.5
      vertex -8.67887 28.5 41.5671
    endloop
  endfacet
  facet normal 0 1 0
    outer loop
      vertex 11 28.5 25
      vertex 11.9418 28.5 40.2156
      vertex 13.5 28.5 39.3827
    endloop
  endfacet
  facet normal 0 1 0
    outer loop
      vertex -8.67887 28.5 41.5671
      vertex -2 28.5 26.5
      vertex -10.3325 28.5 40.9447
    endloop
  endfacet
  facet normal 0 1 0
    outer loop
      vertex 11 28.5 25
      vertex 13.5 28.5 39.3827
      vertex 15.0004 28.5 38.4497
    endloop
  endfacet
  facet normal 0 1 0
    outer loop
      vertex -10.3325 28.5 40.9447
      vertex -2 28.5 26.5
      vertex -11.9418 28.5 40.2156
    endloop
  endfacet
  facet normal 0 1 0
    outer loop
      vertex 11 28.5 25
      vertex 15.0004 28.5 38.4497
      vertex 16.4366 28.5 37.4205
    endloop
  endfacet
  facet normal 0 1 -0
    outer loop
      vertex -11 28.5 25
      vertex -11.9418 28.5 40.2156
      vertex -2 28.5 26.5
    endloop
  endfacet
  facet normal 0 1 0
    outer loop
      vertex 11 28.5 25
      vertex 16.4366 28.5 37.4205
      vertex 17.8023 28.5 36.2997
    endloop
  endfacet
  facet normal 0 1 0
    outer loop
      vertex -11.9418 28.5 40.2156
      vertex -11 28.5 25
      vertex -13.5 28.5 39.3827
    endloop
  endfacet
  facet normal 0 1 0
    outer loop
      vertex 11 28.5 25
      vertex 17.8023 28.5 36.2997
      vertex 19.0919 28.5 35.0919
    endloop
  endfacet
  facet normal 0 1 0
    outer loop
      vertex -13.5 28.5 39.3827
      vertex -11 28.5 25
      vertex -15.0004 28.5 38.4497
    endloop
  endfacet
  facet normal 0 1 0
    outer loop
      vertex 11 28.5 25
      vertex 19.0919 28.5 35.0919
      vertex 20.2997 28.5 33.8023
    endloop
  endfacet
  facet normal 0 1 0
    outer loop
      vertex -15.0004 28.5 38.4497
      vertex -11 28.5 25
      vertex -16.4366 28.5 37.4205
    endloop
  endfacet
  facet normal 0 1 0
    outer loop
      vertex 11 28.5 25
      vertex 20.2997 28.5 33.8023
      vertex 21.4205 28.5 32.4366
    endloop
  endfacet
  facet normal 0 1 0
    outer loop
      vertex -16.4366 28.5 37.4205
      vertex -11 28.5 25
      vertex -17.8023 28.5 36.2997
    endloop
  endfacet
  facet normal 0 1 0
    outer loop
      vertex 11 28.5 25
      vertex 21.4205 28.5 32.4366
      vertex 22.4497 28.5 31.0004
    endloop
  endfacet
  facet normal 0 1 0
    outer loop
      vertex -17.8023 28.5 36.2997
      vertex -11 28.5 25
      vertex -19.0919 28.5 35.0919
    endloop
  endfacet
  facet normal 0 1 0
    outer loop
      vertex 11 28.5 25
      vertex 22.4497 28.5 31.0004
      vertex 23.3827 28.5 29.5
    endloop
  endfacet
  facet normal 0 1 0
    outer loop
      vertex -19.0919 28.5 35.0919
      vertex -11 28.5 25
      vertex -20.2997 28.5 33.8023
    endloop
  endfacet
  facet normal 0 1 0
    outer loop
      vertex 11 28.5 25
      vertex 23.3827 28.5 29.5
      vertex 24.2156 28.5 27.9418
    endloop
  endfacet
  facet normal 0 1 0
    outer loop
      vertex -20.2997 28.5 33.8023
      vertex -11 28.5 25
      vertex -21.4205 28.5 32.4366
    endloop
  endfacet
  facet normal 0 1 0
    outer loop
      vertex -21.4205 28.5 32.4366
      vertex -11 28.5 25
      vertex -22.4497 28.5 31.0004
    endloop
  endfacet
  facet normal 0 1 0
    outer loop
      vertex 11 28.5 25
      vertex 24.2156 28.5 27.9418
      vertex 24.9447 28.5 26.3325
    endloop
  endfacet
  facet normal 0 1 0
    outer loop
      vertex 11.9418 28.5 40.2156
      vertex 11 28.5 25
      vertex 2 28.5 26.5
    endloop
  endfacet
  facet normal 0 1 0
    outer loop
      vertex 2 28.5 26.5
      vertex 11 28.5 25
      vertex 2 28.5 25
    endloop
  endfacet
  facet normal 0 1 0
    outer loop
      vertex -22.4497 28.5 31.0004
      vertex -11 28.5 25
      vertex -23.3827 28.5 29.5
    endloop
  endfacet
  facet normal 0 1 0
    outer loop
      vertex -23.3827 28.5 29.5
      vertex -11 28.5 25
      vertex -24.2156 28.5 27.9418
    endloop
  endfacet
  facet normal 0 1 0
    outer loop
      vertex -11 28.5 25
      vertex -2 28.5 26.5
      vertex -2 28.5 25
    endloop
  endfacet
  facet normal 0 1 0
    outer loop
      vertex -24.2156 28.5 27.9418
      vertex -11 28.5 25
      vertex -24.9447 28.5 26.3325
    endloop
  endfacet
  facet normal 0 1 0
    outer loop
      vertex -11 28.5 25
      vertex -25.5671 28.5 24.6789
      vertex -24.9447 28.5 26.3325
    endloop
  endfacet
  facet normal 0 1 0
    outer loop
      vertex -11 28.5 25
      vertex -26.08 28.5 22.9881
      vertex -25.5671 28.5 24.6789
    endloop
  endfacet
  facet normal 0 1 0
    outer loop
      vertex -11 28.5 25
      vertex -26.4812 28.5 21.2674
      vertex -26.08 28.5 22.9881
    endloop
  endfacet
  facet normal 0 1 0
    outer loop
      vertex -11 28.5 25
      vertex -26.769 28.5 19.5242
      vertex -26.4812 28.5 21.2674
    endloop
  endfacet
  facet normal 0 1 0
    outer loop
      vertex -11 28.5 25
      vertex -26.9422 28.5 17.7659
      vertex -26.769 28.5 19.5242
    endloop
  endfacet
  facet normal 0 1 0
    outer loop
      vertex -11 28.5 25
      vertex -27 28.5 16
      vertex -26.9422 28.5 17.7659
    endloop
  endfacet
  facet normal 0 1 -0
    outer loop
      vertex -11 28.5 7
      vertex -27 28.5 16
      vertex -11 28.5 25
    endloop
  endfacet
  facet normal 0 1 0
    outer loop
      vertex -27 28.5 16
      vertex -11 28.5 7
      vertex -26.9422 28.5 14.2341
    endloop
  endfacet
  facet normal 0 1 0
    outer loop
      vertex -26.9422 28.5 14.2341
      vertex -11 28.5 7
      vertex -26.769 28.5 12.4758
    endloop
  endfacet
  facet normal 0 1 0
    outer loop
      vertex -26.769 28.5 12.4758
      vertex -11 28.5 7
      vertex -26.4812 28.5 10.7326
    endloop
  endfacet
  facet normal 0 1 0
    outer loop
      vertex -26.4812 28.5 10.7326
      vertex -11 28.5 7
      vertex -26.08 28.5 9.01189
    endloop
  endfacet
  facet normal 0 1 0
    outer loop
      vertex -26.08 28.5 9.01189
      vertex -11 28.5 7
      vertex -25.5671 28.5 7.32113
    endloop
  endfacet
  facet normal 0 1 -0
    outer loop
      vertex 23.3827 28.5 2.5
      vertex 11 28.5 7
      vertex 24.2156 28.5 4.0582
    endloop
  endfacet
  facet normal 0 1 0
    outer loop
      vertex -11 28.5 7
      vertex -24.9447 28.5 5.66755
      vertex -25.5671 28.5 7.32113
    endloop
  endfacet
  facet normal 0 1 -0
    outer loop
      vertex 22.4497 28.5 0.999603
      vertex 11 28.5 7
      vertex 23.3827 28.5 2.5
    endloop
  endfacet
  facet normal 0 1 0
    outer loop
      vertex -11 28.5 7
      vertex -24.2156 28.5 4.0582
      vertex -24.9447 28.5 5.66755
    endloop
  endfacet
  facet normal 0 1 -0
    outer loop
      vertex 21.4205 28.5 -0.436558
      vertex 11 28.5 7
      vertex 22.4497 28.5 0.999603
    endloop
  endfacet
  facet normal 0 1 0
    outer loop
      vertex -11 28.5 7
      vertex -23.3827 28.5 2.5
      vertex -24.2156 28.5 4.0582
    endloop
  endfacet
  facet normal 0 1 -0
    outer loop
      vertex 20.2997 28.5 -1.80234
      vertex 11 28.5 7
      vertex 21.4205 28.5 -0.436558
    endloop
  endfacet
  facet normal 0 1 0
    outer loop
      vertex -11 28.5 7
      vertex -22.4497 28.5 0.999603
      vertex -23.3827 28.5 2.5
    endloop
  endfacet
  facet normal 0 1 -0
    outer loop
      vertex 19.0919 28.5 -3.09188
      vertex 11 28.5 7
      vertex 20.2997 28.5 -1.80234
    endloop
  endfacet
  facet normal 0 1 0
    outer loop
      vertex -11 28.5 7
      vertex -21.4205 28.5 -0.436558
      vertex -22.4497 28.5 0.999603
    endloop
  endfacet
  facet normal 0 1 -0
    outer loop
      vertex 17.8023 28.5 -4.29967
      vertex 11 28.5 7
      vertex 19.0919 28.5 -3.09188
    endloop
  endfacet
  facet normal 0 1 0
    outer loop
      vertex -11 28.5 7
      vertex -20.2997 28.5 -1.80234
      vertex -21.4205 28.5 -0.436558
    endloop
  endfacet
  facet normal 0 1 -0
    outer loop
      vertex 16.4366 28.5 -5.42054
      vertex 11 28.5 7
      vertex 17.8023 28.5 -4.29967
    endloop
  endfacet
  facet normal 0 1 0
    outer loop
      vertex -11 28.5 7
      vertex -19.0919 28.5 -3.09188
      vertex -20.2997 28.5 -1.80234
    endloop
  endfacet
  facet normal 0 1 -0
    outer loop
      vertex 15.0004 28.5 -6.44968
      vertex 11 28.5 7
      vertex 16.4366 28.5 -5.42054
    endloop
  endfacet
  facet normal 0 1 0
    outer loop
      vertex -11 28.5 7
      vertex -17.8023 28.5 -4.29967
      vertex -19.0919 28.5 -3.09188
    endloop
  endfacet
  facet normal 0 1 -0
    outer loop
      vertex 13.5 28.5 -7.38269
      vertex 11 28.5 7
      vertex 15.0004 28.5 -6.44968
    endloop
  endfacet
  facet normal 0 1 0
    outer loop
      vertex -11 28.5 7
      vertex -16.4366 28.5 -5.42054
      vertex -17.8023 28.5 -4.29967
    endloop
  endfacet
  facet normal 0 1 -0
    outer loop
      vertex 11.9418 28.5 -8.21556
      vertex 11 28.5 7
      vertex 13.5 28.5 -7.38269
    endloop
  endfacet
  facet normal 0 1 0
    outer loop
      vertex -11 28.5 7
      vertex -15.0004 28.5 -6.44968
      vertex -16.4366 28.5 -5.42054
    endloop
  endfacet
  facet normal 0 1 0
    outer loop
      vertex 10.3325 28.5 -8.94475
      vertex 11 28.5 7
      vertex 11.9418 28.5 -8.21556
    endloop
  endfacet
  facet normal 0 1 0
    outer loop
      vertex -11 28.5 7
      vertex -13.5 28.5 -7.38269
      vertex -15.0004 28.5 -6.44968
    endloop
  endfacet
  facet normal 0 1 0
    outer loop
      vertex 8.67887 28.5 -9.56711
      vertex 11 28.5 7
      vertex 10.3325 28.5 -8.94475
    endloop
  endfacet
  facet normal 0 1 0
    outer loop
      vertex -11 28.5 7
      vertex -11.9418 28.5 -8.21556
      vertex -13.5 28.5 -7.38269
    endloop
  endfacet
  facet normal 0 1 0
    outer loop
      vertex 6.98811 28.5 -10.08
      vertex 11 28.5 7
      vertex 8.67887 28.5 -9.56711
    endloop
  endfacet
  facet normal 0 1 0
    outer loop
      vertex -11 28.5 7
      vertex -10.3325 28.5 -8.94475
      vertex -11.9418 28.5 -8.21556
    endloop
  endfacet
  facet normal 0 1 0
    outer loop
      vertex 5.26744 28.5 -10.4812
      vertex 11 28.5 7
      vertex 6.98811 28.5 -10.08
    endloop
  endfacet
  facet normal 0 1 0
    outer loop
      vertex -11 28.5 7
      vertex -8.67887 28.5 -9.56711
      vertex -10.3325 28.5 -8.94475
    endloop
  endfacet
  facet normal 0 1 0
    outer loop
      vertex 3.52421 28.5 -10.769
      vertex 11 28.5 7
      vertex 5.26744 28.5 -10.4812
    endloop
  endfacet
  facet normal 0 1 0
    outer loop
      vertex -11 28.5 7
      vertex -6.98811 28.5 -10.08
      vertex -8.67887 28.5 -9.56711
    endloop
  endfacet
  facet normal 0 1 0
    outer loop
      vertex 1.76588 28.5 -10.9422
      vertex 11 28.5 7
      vertex 3.52421 28.5 -10.769
    endloop
  endfacet
  facet normal 0 1 0
    outer loop
      vertex -11 28.5 7
      vertex -5.26744 28.5 -10.4812
      vertex -6.98811 28.5 -10.08
    endloop
  endfacet
  facet normal 0 1 0
    outer loop
      vertex 0 28.5 -11
      vertex 11 28.5 7
      vertex 1.76588 28.5 -10.9422
    endloop
  endfacet
  facet normal 0 1 0
    outer loop
      vertex -11 28.5 7
      vertex -3.52421 28.5 -10.769
      vertex -5.26744 28.5 -10.4812
    endloop
  endfacet
  facet normal 0 1 0
    outer loop
      vertex 11 28.5 7
      vertex 0 28.5 -11
      vertex -11 28.5 7
    endloop
  endfacet
  facet normal 0 1 0
    outer loop
      vertex -11 28.5 7
      vertex -1.76588 28.5 -10.9422
      vertex -3.52421 28.5 -10.769
    endloop
  endfacet
  facet normal 0 1 0
    outer loop
      vertex -11 28.5 7
      vertex 0 28.5 -11
      vertex -1.76588 28.5 -10.9422
    endloop
  endfacet
  facet normal 0.773011 -0 0.634393
    outer loop
      vertex 20.2997 28 33.8023
      vertex 21.4205 28.5 32.4366
      vertex 20.2997 28.5 33.8023
    endloop
  endfacet
  facet normal 0.773011 0 0.634393
    outer loop
      vertex 21.4205 28.5 32.4366
      vertex 20.2997 28 33.8023
      vertex 21.4205 28 32.4366
    endloop
  endfacet
  facet normal 0.683577 0 -0.729879
    outer loop
      vertex 17.8023 28 -4.29967
      vertex 19.0919 28.5 -3.09188
      vertex 19.0919 28 -3.09188
    endloop
  endfacet
  facet normal 0.683577 0 -0.729879
    outer loop
      vertex 19.0919 28.5 -3.09188
      vertex 17.8023 28 -4.29967
      vertex 17.8023 28.5 -4.29967
    endloop
  endfacet
  facet normal 0.995183 -0 0.0980298
    outer loop
      vertex 26.769 28 19.5242
      vertex 26.9422 28.5 17.7659
      vertex 26.769 28.5 19.5242
    endloop
  endfacet
  facet normal 0.995183 0 0.0980298
    outer loop
      vertex 26.9422 28.5 17.7659
      vertex 26.769 28 19.5242
      vertex 26.9422 28 17.7659
    endloop
  endfacet
  facet normal -0.881915 0 0.471408
    outer loop
      vertex -24.2156 28 27.9418
      vertex -23.3827 28.5 29.5
      vertex -24.2156 28.5 27.9418
    endloop
  endfacet
  facet normal -0.881915 0 0.471408
    outer loop
      vertex -23.3827 28.5 29.5
      vertex -24.2156 28 27.9418
      vertex -23.3827 28 29.5
    endloop
  endfacet
  facet normal -0.812838 0 0.58249
    outer loop
      vertex -22.4497 28 31.0004
      vertex -21.4205 28.5 32.4366
      vertex -22.4497 28.5 31.0004
    endloop
  endfacet
  facet normal -0.812838 0 0.58249
    outer loop
      vertex -21.4205 28.5 32.4366
      vertex -22.4497 28 31.0004
      vertex -21.4205 28 32.4366
    endloop
  endfacet
  facet normal -0.471408 0 0.881915
    outer loop
      vertex -13.5 28.5 39.3827
      vertex -11.9418 28 40.2156
      vertex -11.9418 28.5 40.2156
    endloop
  endfacet
  facet normal -0.471408 0 0.881915
    outer loop
      vertex -11.9418 28 40.2156
      vertex -13.5 28.5 39.3827
      vertex -13.5 28 39.3827
    endloop
  endfacet
  facet normal -0.227074 0 0.973877
    outer loop
      vertex -6.98811 28.5 42.08
      vertex -5.26744 28 42.4812
      vertex -5.26744 28.5 42.4812
    endloop
  endfacet
  facet normal -0.227074 0 0.973877
    outer loop
      vertex -5.26744 28 42.4812
      vertex -6.98811 28.5 42.08
      vertex -6.98811 28 42.08
    endloop
  endfacet
  facet normal -0.634393 0 0.773011
    outer loop
      vertex -17.8023 28.5 36.2997
      vertex -16.4366 28 37.4205
      vertex -16.4366 28.5 37.4205
    endloop
  endfacet
  facet normal -0.634393 0 0.773011
    outer loop
      vertex -16.4366 28 37.4205
      vertex -17.8023 28.5 36.2997
      vertex -17.8023 28 36.2997
    endloop
  endfacet
  facet normal 0.634417 0 -0.772991
    outer loop
      vertex 16.4366 28 -5.42054
      vertex 17.8023 28.5 -4.29967
      vertex 17.8023 28 -4.29967
    endloop
  endfacet
  facet normal 0.634417 0 -0.772991
    outer loop
      vertex 17.8023 28.5 -4.29967
      vertex 16.4366 28 -5.42054
      vertex 16.4366 28.5 -5.42054
    endloop
  endfacet
  facet normal -0.729876 0 0.68358
    outer loop
      vertex -20.2997 28 33.8023
      vertex -19.0919 28.5 35.0919
      vertex -20.2997 28.5 33.8023
    endloop
  endfacet
  facet normal -0.729876 0 0.68358
    outer loop
      vertex -19.0919 28.5 35.0919
      vertex -20.2997 28 33.8023
      vertex -19.0919 28 35.0919
    endloop
  endfacet
  facet normal -0.162891 0 -0.986644
    outer loop
      vertex -5.26744 28 -10.4812
      vertex -3.52421 28.5 -10.769
      vertex -3.52421 28 -10.769
    endloop
  endfacet
  facet normal -0.162891 0 -0.986644
    outer loop
      vertex -3.52421 28.5 -10.769
      vertex -5.26744 28 -10.4812
      vertex -5.26744 28.5 -10.4812
    endloop
  endfacet
  facet normal 0.812838 -0 0.58249
    outer loop
      vertex 21.4205 28 32.4366
      vertex 22.4497 28.5 31.0004
      vertex 21.4205 28.5 32.4366
    endloop
  endfacet
  facet normal 0.812838 0 0.58249
    outer loop
      vertex 22.4497 28.5 31.0004
      vertex 21.4205 28 32.4366
      vertex 22.4497 28 31.0004
    endloop
  endfacet
  facet normal -0.986644 0 0.162894
    outer loop
      vertex -26.769 28 19.5242
      vertex -26.4812 28.5 21.2674
      vertex -26.769 28.5 19.5242
    endloop
  endfacet
  facet normal -0.986644 0 0.162894
    outer loop
      vertex -26.4812 28.5 21.2674
      vertex -26.769 28 19.5242
      vertex -26.4812 28 21.2674
    endloop
  endfacet
  facet normal 0.999465 -0 0.0327137
    outer loop
      vertex 26.9422 28 17.7659
      vertex 27 28.5 16
      vertex 26.9422 28.5 17.7659
    endloop
  endfacet
  facet normal 0.999465 0 0.0327137
    outer loop
      vertex 27 28.5 16
      vertex 26.9422 28 17.7659
      vertex 27 28 16
    endloop
  endfacet
  facet normal -0.290287 0 -0.95694
    outer loop
      vertex -8.67887 28 -9.56711
      vertex -6.98811 28.5 -10.08
      vertex -6.98811 28 -10.08
    endloop
  endfacet
  facet normal -0.290287 0 -0.95694
    outer loop
      vertex -6.98811 28.5 -10.08
      vertex -8.67887 28 -9.56711
      vertex -8.67887 28.5 -9.56711
    endloop
  endfacet
  facet normal -0.973878 0 0.22707
    outer loop
      vertex -26.4812 28 21.2674
      vertex -26.08 28.5 22.9881
      vertex -26.4812 28.5 21.2674
    endloop
  endfacet
  facet normal -0.973878 0 0.22707
    outer loop
      vertex -26.08 28.5 22.9881
      vertex -26.4812 28 21.2674
      vertex -26.08 28 22.9881
    endloop
  endfacet
  facet normal -0.81283 0 -0.582501
    outer loop
      vertex -21.4205 28 -0.436558
      vertex -22.4497 28.5 0.999603
      vertex -21.4205 28.5 -0.436558
    endloop
  endfacet
  facet normal -0.81283 -0 -0.582501
    outer loop
      vertex -22.4497 28.5 0.999603
      vertex -21.4205 28 -0.436558
      vertex -22.4497 28 0.999603
    endloop
  endfacet
  facet normal -0.849204 0 -0.528065
    outer loop
      vertex -22.4497 28 0.999603
      vertex -23.3827 28.5 2.5
      vertex -22.4497 28.5 0.999603
    endloop
  endfacet
  facet normal -0.849204 -0 -0.528065
    outer loop
      vertex -23.3827 28.5 2.5
      vertex -22.4497 28 0.999603
      vertex -23.3827 28 2.5
    endloop
  endfacet
  facet normal 0.352259 0 0.935903
    outer loop
      vertex 8.67887 28.5 41.5671
      vertex 10.3325 28 40.9447
      vertex 10.3325 28.5 40.9447
    endloop
  endfacet
  facet normal 0.352259 0 0.935903
    outer loop
      vertex 10.3325 28 40.9447
      vertex 8.67887 28.5 41.5671
      vertex 8.67887 28 41.5671
    endloop
  endfacet
  facet normal -0.0980281 0 -0.995184
    outer loop
      vertex -3.52421 28 -10.769
      vertex -1.76588 28.5 -10.9422
      vertex -1.76588 28 -10.9422
    endloop
  endfacet
  facet normal -0.0980281 0 -0.995184
    outer loop
      vertex -1.76588 28.5 -10.9422
      vertex -3.52421 28 -10.769
      vertex -3.52421 28.5 -10.769
    endloop
  endfacet
  facet normal -0.0980281 0 0.995184
    outer loop
      vertex -3.52421 28.5 42.769
      vertex -1.76588 28 42.9422
      vertex -1.76588 28.5 42.9422
    endloop
  endfacet
  facet normal -0.0980281 0 0.995184
    outer loop
      vertex -1.76588 28 42.9422
      vertex -3.52421 28.5 42.769
      vertex -3.52421 28 42.769
    endloop
  endfacet
  facet normal -0.72986 0 -0.683597
    outer loop
      vertex -19.0919 28 -3.09188
      vertex -20.2997 28.5 -1.80234
      vertex -19.0919 28.5 -3.09188
    endloop
  endfacet
  facet normal -0.72986 -0 -0.683597
    outer loop
      vertex -20.2997 28.5 -1.80234
      vertex -19.0919 28 -3.09188
      vertex -20.2997 28 -1.80234
    endloop
  endfacet
  facet normal -0.58249 0 0.812838
    outer loop
      vertex -16.4366 28.5 37.4205
      vertex -15.0004 28 38.4497
      vertex -15.0004 28.5 38.4497
    endloop
  endfacet
  facet normal -0.58249 0 0.812838
    outer loop
      vertex -15.0004 28 38.4497
      vertex -16.4366 28.5 37.4205
      vertex -16.4366 28 37.4205
    endloop
  endfacet
  facet normal 0.729876 -0 0.68358
    outer loop
      vertex 19.0919 28 35.0919
      vertex 20.2997 28.5 33.8023
      vertex 19.0919 28.5 35.0919
    endloop
  endfacet
  facet normal 0.729876 0 0.68358
    outer loop
      vertex 20.2997 28.5 33.8023
      vertex 19.0919 28 35.0919
      vertex 20.2997 28 33.8023
    endloop
  endfacet
  facet normal 0.973878 -0 0.22707
    outer loop
      vertex 26.08 28 22.9881
      vertex 26.4812 28.5 21.2674
      vertex 26.08 28.5 22.9881
    endloop
  endfacet
  facet normal 0.973878 0 0.22707
    outer loop
      vertex 26.4812 28.5 21.2674
      vertex 26.08 28 22.9881
      vertex 26.4812 28 21.2674
    endloop
  endfacet
  facet normal 0.881915 -0 0.471408
    outer loop
      vertex 23.3827 28 29.5
      vertex 24.2156 28.5 27.9418
      vertex 23.3827 28.5 29.5
    endloop
  endfacet
  facet normal 0.881915 0 0.471408
    outer loop
      vertex 24.2156 28.5 27.9418
      vertex 23.3827 28 29.5
      vertex 24.2156 28 27.9418
    endloop
  endfacet
  facet normal -0.032714 0 0.999465
    outer loop
      vertex -1.76588 28.5 42.9422
      vertex 0 28 43
      vertex 0 28.5 43
    endloop
  endfacet
  facet normal -0.032714 0 0.999465
    outer loop
      vertex 0 28 43
      vertex -1.76588 28.5 42.9422
      vertex -1.76588 28 42.9422
    endloop
  endfacet
  facet normal -0.999465 0 0.0327137
    outer loop
      vertex -27 28 16
      vertex -26.9422 28.5 17.7659
      vertex -27 28.5 16
    endloop
  endfacet
  facet normal -0.999465 0 0.0327137
    outer loop
      vertex -26.9422 28.5 17.7659
      vertex -27 28 16
      vertex -26.9422 28 17.7659
    endloop
  endfacet
  facet normal 0.773029 0 -0.63437
    outer loop
      vertex 21.4205 28 -0.436558
      vertex 20.2997 28.5 -1.80234
      vertex 21.4205 28.5 -0.436558
    endloop
  endfacet
  facet normal 0.773029 0 -0.63437
    outer loop
      vertex 20.2997 28.5 -1.80234
      vertex 21.4205 28 -0.436558
      vertex 20.2997 28 -1.80234
    endloop
  endfacet
  facet normal 0.352239 0 -0.93591
    outer loop
      vertex 8.67887 28 -9.56711
      vertex 10.3325 28.5 -8.94475
      vertex 10.3325 28 -8.94475
    endloop
  endfacet
  facet normal 0.352239 0 -0.93591
    outer loop
      vertex 10.3325 28.5 -8.94475
      vertex 8.67887 28 -9.56711
      vertex 8.67887 28.5 -9.56711
    endloop
  endfacet
  facet normal 0.72986 0 -0.683597
    outer loop
      vertex 20.2997 28 -1.80234
      vertex 19.0919 28.5 -3.09188
      vertex 20.2997 28.5 -1.80234
    endloop
  endfacet
  facet normal 0.72986 0 -0.683597
    outer loop
      vertex 19.0919 28.5 -3.09188
      vertex 20.2997 28 -1.80234
      vertex 19.0919 28 -3.09188
    endloop
  endfacet
  facet normal 0.032714 0 -0.999465
    outer loop
      vertex 0 28 -11
      vertex 1.76588 28.5 -10.9422
      vertex 1.76588 28 -10.9422
    endloop
  endfacet
  facet normal 0.032714 0 -0.999465
    outer loop
      vertex 1.76588 28.5 -10.9422
      vertex 0 28 -11
      vertex 0 28.5 -11
    endloop
  endfacet
  facet normal -0.634417 0 -0.772991
    outer loop
      vertex -17.8023 28 -4.29967
      vertex -16.4366 28.5 -5.42054
      vertex -16.4366 28 -5.42054
    endloop
  endfacet
  facet normal -0.634417 0 -0.772991
    outer loop
      vertex -16.4366 28.5 -5.42054
      vertex -17.8023 28 -4.29967
      vertex -17.8023 28.5 -4.29967
    endloop
  endfacet
  facet normal 0.935901 -0 0.352264
    outer loop
      vertex 24.9447 28 26.3325
      vertex 25.5671 28.5 24.6789
      vertex 24.9447 28.5 26.3325
    endloop
  endfacet
  facet normal 0.935901 0 0.352264
    outer loop
      vertex 25.5671 28.5 24.6789
      vertex 24.9447 28 26.3325
      vertex 25.5671 28 24.6789
    endloop
  endfacet
  facet normal -0.935901 0 0.352264
    outer loop
      vertex -25.5671 28 24.6789
      vertex -24.9447 28.5 26.3325
      vertex -25.5671 28.5 24.6789
    endloop
  endfacet
  facet normal -0.935901 0 0.352264
    outer loop
      vertex -24.9447 28.5 26.3325
      vertex -25.5671 28 24.6789
      vertex -24.9447 28 26.3325
    endloop
  endfacet
  facet normal 0.58249 0 0.812838
    outer loop
      vertex 15.0004 28.5 38.4497
      vertex 16.4366 28 37.4205
      vertex 16.4366 28.5 37.4205
    endloop
  endfacet
  facet normal 0.58249 0 0.812838
    outer loop
      vertex 16.4366 28 37.4205
      vertex 15.0004 28.5 38.4497
      vertex 15.0004 28 38.4497
    endloop
  endfacet
  facet normal -0.032714 0 -0.999465
    outer loop
      vertex -1.76588 28 -10.9422
      vertex 0 28.5 -11
      vertex 0 28 -11
    endloop
  endfacet
  facet normal -0.032714 0 -0.999465
    outer loop
      vertex 0 28.5 -11
      vertex -1.76588 28 -10.9422
      vertex -1.76588 28.5 -10.9422
    endloop
  endfacet
  facet normal 0.68358 0 0.729876
    outer loop
      vertex 17.8023 28.5 36.2997
      vertex 19.0919 28 35.0919
      vertex 19.0919 28.5 35.0919
    endloop
  endfacet
  facet normal 0.68358 0 0.729876
    outer loop
      vertex 19.0919 28 35.0919
      vertex 17.8023 28.5 36.2997
      vertex 17.8023 28 36.2997
    endloop
  endfacet
  facet normal 0.290287 0 -0.95694
    outer loop
      vertex 6.98811 28 -10.08
      vertex 8.67887 28.5 -9.56711
      vertex 8.67887 28 -9.56711
    endloop
  endfacet
  facet normal 0.290287 0 -0.95694
    outer loop
      vertex 8.67887 28.5 -9.56711
      vertex 6.98811 28 -10.08
      vertex 6.98811 28.5 -10.08
    endloop
  endfacet
  facet normal -0.162891 0 0.986644
    outer loop
      vertex -5.26744 28.5 42.4812
      vertex -3.52421 28 42.769
      vertex -3.52421 28.5 42.769
    endloop
  endfacet
  facet normal -0.162891 0 0.986644
    outer loop
      vertex -3.52421 28 42.769
      vertex -5.26744 28.5 42.4812
      vertex -5.26744 28 42.4812
    endloop
  endfacet
  facet normal 0.471394 0 -0.881923
    outer loop
      vertex 11.9418 28 -8.21556
      vertex 13.5 28.5 -7.38269
      vertex 13.5 28 -7.38269
    endloop
  endfacet
  facet normal 0.471394 0 -0.881923
    outer loop
      vertex 13.5 28.5 -7.38269
      vertex 11.9418 28 -8.21556
      vertex 11.9418 28.5 -8.21556
    endloop
  endfacet
  facet normal 0.849204 -0 0.528064
    outer loop
      vertex 22.4497 28 31.0004
      vertex 23.3827 28.5 29.5
      vertex 22.4497 28.5 31.0004
    endloop
  endfacet
  facet normal 0.849204 0 0.528064
    outer loop
      vertex 23.3827 28.5 29.5
      vertex 22.4497 28 31.0004
      vertex 23.3827 28 29.5
    endloop
  endfacet
  facet normal -0.528064 0 0.849204
    outer loop
      vertex -15.0004 28.5 38.4497
      vertex -13.5 28 39.3827
      vertex -13.5 28.5 39.3827
    endloop
  endfacet
  facet normal -0.528064 0 0.849204
    outer loop
      vertex -13.5 28 39.3827
      vertex -15.0004 28.5 38.4497
      vertex -15.0004 28 38.4497
    endloop
  endfacet
  facet normal -0.68358 0 0.729876
    outer loop
      vertex -19.0919 28.5 35.0919
      vertex -17.8023 28 36.2997
      vertex -17.8023 28.5 36.2997
    endloop
  endfacet
  facet normal -0.68358 0 0.729876
    outer loop
      vertex -17.8023 28 36.2997
      vertex -19.0919 28.5 35.0919
      vertex -19.0919 28 35.0919
    endloop
  endfacet
  facet normal -0.290292 0 0.956938
    outer loop
      vertex -8.67887 28.5 41.5671
      vertex -6.98811 28 42.08
      vertex -6.98811 28.5 42.08
    endloop
  endfacet
  facet normal -0.290292 0 0.956938
    outer loop
      vertex -6.98811 28 42.08
      vertex -8.67887 28.5 41.5671
      vertex -8.67887 28 41.5671
    endloop
  endfacet
  facet normal -0.999465 0 -0.0327137
    outer loop
      vertex -26.9422 28 14.2341
      vertex -27 28.5 16
      vertex -26.9422 28.5 14.2341
    endloop
  endfacet
  facet normal -0.999465 -0 -0.0327137
    outer loop
      vertex -27 28.5 16
      vertex -26.9422 28 14.2341
      vertex -27 28 16
    endloop
  endfacet
  facet normal -0.352259 0 0.935903
    outer loop
      vertex -10.3325 28.5 40.9447
      vertex -8.67887 28 41.5671
      vertex -8.67887 28.5 41.5671
    endloop
  endfacet
  facet normal -0.352259 0 0.935903
    outer loop
      vertex -8.67887 28 41.5671
      vertex -10.3325 28.5 40.9447
      vertex -10.3325 28 40.9447
    endloop
  endfacet
  facet normal 0.910878 -0 0.412677
    outer loop
      vertex 24.2156 28 27.9418
      vertex 24.9447 28.5 26.3325
      vertex 24.2156 28.5 27.9418
    endloop
  endfacet
  facet normal 0.910878 0 0.412677
    outer loop
      vertex 24.9447 28.5 26.3325
      vertex 24.2156 28 27.9418
      vertex 24.9447 28 26.3325
    endloop
  endfacet
  facet normal 0 -1 0
    outer loop
      vertex -25.5671 28 24.6789
      vertex -11 28 25
      vertex -24.9447 28 26.3325
    endloop
  endfacet
  facet normal 0 -1 0
    outer loop
      vertex -26.08 28 22.9881
      vertex -11 28 25
      vertex -25.5671 28 24.6789
    endloop
  endfacet
  facet normal 0 -1 0
    outer loop
      vertex -26.4812 28 21.2674
      vertex -11 28 25
      vertex -26.08 28 22.9881
    endloop
  endfacet
  facet normal 0 -1 0
    outer loop
      vertex -26.769 28 19.5242
      vertex -11 28 25
      vertex -26.4812 28 21.2674
    endloop
  endfacet
  facet normal 0 -1 0
    outer loop
      vertex -26.9422 28 17.7659
      vertex -11 28 25
      vertex -26.769 28 19.5242
    endloop
  endfacet
  facet normal 0 -1 0
    outer loop
      vertex -27 28 16
      vertex -11 28 25
      vertex -26.9422 28 17.7659
    endloop
  endfacet
  facet normal 0 -1 0
    outer loop
      vertex -11 28 7
      vertex -27 28 16
      vertex -26.9422 28 14.2341
    endloop
  endfacet
  facet normal 0 -1 0
    outer loop
      vertex -11 28 7
      vertex -26.9422 28 14.2341
      vertex -26.769 28 12.4758
    endloop
  endfacet
  facet normal 0 -1 0
    outer loop
      vertex -11 28 7
      vertex -26.769 28 12.4758
      vertex -26.4812 28 10.7326
    endloop
  endfacet
  facet normal 0 -1 0
    outer loop
      vertex -11 28 7
      vertex -26.4812 28 10.7326
      vertex -26.08 28 9.01189
    endloop
  endfacet
  facet normal 0 -1 0
    outer loop
      vertex -11 28 7
      vertex -26.08 28 9.01189
      vertex -25.5671 28 7.32113
    endloop
  endfacet
  facet normal 0 -1 0
    outer loop
      vertex -27 28 16
      vertex -11 28 7
      vertex -11 28 25
    endloop
  endfacet
  facet normal 0 -1 0
    outer loop
      vertex -24.2156 28 4.0582
      vertex -11 28 7
      vertex -24.9447 28 5.66755
    endloop
  endfacet
  facet normal 0 -1 0
    outer loop
      vertex -24.9447 28 5.66755
      vertex -11 28 7
      vertex -25.5671 28 7.32113
    endloop
  endfacet
  facet normal 0 -1 0
    outer loop
      vertex -2 28 26.5
      vertex 0 28 43
      vertex -1.76588 28 42.9422
    endloop
  endfacet
  facet normal 0 -1 0
    outer loop
      vertex -2 28 26.5
      vertex -1.76588 28 42.9422
      vertex -3.52421 28 42.769
    endloop
  endfacet
  facet normal 0 -1 0
    outer loop
      vertex 2 28 26.5
      vertex 0 28 43
      vertex -2 28 26.5
    endloop
  endfacet
  facet normal 0 -1 0
    outer loop
      vertex -2 28 26.5
      vertex -3.52421 28 42.769
      vertex -5.26744 28 42.4812
    endloop
  endfacet
  facet normal 0 -1 0
    outer loop
      vertex 0 28 43
      vertex 2 28 26.5
      vertex 1.76588 28 42.9422
    endloop
  endfacet
  facet normal 0 -1 0
    outer loop
      vertex -2 28 26.5
      vertex -5.26744 28 42.4812
      vertex -6.98811 28 42.08
    endloop
  endfacet
  facet normal 0 -1 0
    outer loop
      vertex 1.76588 28 42.9422
      vertex 2 28 26.5
      vertex 3.52421 28 42.769
    endloop
  endfacet
  facet normal 0 -1 0
    outer loop
      vertex -2 28 26.5
      vertex -6.98811 28 42.08
      vertex -8.67887 28 41.5671
    endloop
  endfacet
  facet normal 0 -1 -0
    outer loop
      vertex 3.52421 28 42.769
      vertex 2 28 26.5
      vertex 5.26744 28 42.4812
    endloop
  endfacet
  facet normal 0 -1 0
    outer loop
      vertex -2 28 26.5
      vertex -8.67887 28 41.5671
      vertex -10.3325 28 40.9447
    endloop
  endfacet
  facet normal 0 -1 -0
    outer loop
      vertex 5.26744 28 42.4812
      vertex 2 28 26.5
      vertex 6.98811 28 42.08
    endloop
  endfacet
  facet normal 0 -1 0
    outer loop
      vertex -2 28 26.5
      vertex -10.3325 28 40.9447
      vertex -11.9418 28 40.2156
    endloop
  endfacet
  facet normal 0 -1 -0
    outer loop
      vertex 6.98811 28 42.08
      vertex 2 28 26.5
      vertex 8.67887 28 41.5671
    endloop
  endfacet
  facet normal 0 -1 0
    outer loop
      vertex -11 28 25
      vertex -11.9418 28 40.2156
      vertex -13.5 28 39.3827
    endloop
  endfacet
  facet normal 0 -1 -0
    outer loop
      vertex 8.67887 28 41.5671
      vertex 2 28 26.5
      vertex 10.3325 28 40.9447
    endloop
  endfacet
  facet normal 0 -1 0
    outer loop
      vertex -11 28 25
      vertex -13.5 28 39.3827
      vertex -15.0004 28 38.4497
    endloop
  endfacet
  facet normal 0 -1 -0
    outer loop
      vertex 10.3325 28 40.9447
      vertex 2 28 26.5
      vertex 11.9418 28 40.2156
    endloop
  endfacet
  facet normal 0 -1 0
    outer loop
      vertex -11 28 25
      vertex -15.0004 28 38.4497
      vertex -16.4366 28 37.4205
    endloop
  endfacet
  facet normal 0 -1 0
    outer loop
      vertex 11 28 25
      vertex 11.9418 28 40.2156
      vertex 2 28 26.5
    endloop
  endfacet
  facet normal 0 -1 0
    outer loop
      vertex -11 28 25
      vertex -16.4366 28 37.4205
      vertex -17.8023 28 36.2997
    endloop
  endfacet
  facet normal 0 -1 -0
    outer loop
      vertex 11.9418 28 40.2156
      vertex 11 28 25
      vertex 13.5 28 39.3827
    endloop
  endfacet
  facet normal 0 -1 0
    outer loop
      vertex -11 28 25
      vertex -17.8023 28 36.2997
      vertex -19.0919 28 35.0919
    endloop
  endfacet
  facet normal 0 -1 -0
    outer loop
      vertex 13.5 28 39.3827
      vertex 11 28 25
      vertex 15.0004 28 38.4497
    endloop
  endfacet
  facet normal 0 -1 0
    outer loop
      vertex -11 28 25
      vertex -19.0919 28 35.0919
      vertex -20.2997 28 33.8023
    endloop
  endfacet
  facet normal 0 -1 -0
    outer loop
      vertex 15.0004 28 38.4497
      vertex 11 28 25
      vertex 16.4366 28 37.4205
    endloop
  endfacet
  facet normal 0 -1 0
    outer loop
      vertex -11 28 25
      vertex -20.2997 28 33.8023
      vertex -21.4205 28 32.4366
    endloop
  endfacet
  facet normal 0 -1 -0
    outer loop
      vertex 16.4366 28 37.4205
      vertex 11 28 25
      vertex 17.8023 28 36.2997
    endloop
  endfacet
  facet normal 0 -1 0
    outer loop
      vertex -11 28 25
      vertex -21.4205 28 32.4366
      vertex -22.4497 28 31.0004
    endloop
  endfacet
  facet normal 0 -1 -0
    outer loop
      vertex 17.8023 28 36.2997
      vertex 11 28 25
      vertex 19.0919 28 35.0919
    endloop
  endfacet
  facet normal 0 -1 0
    outer loop
      vertex -11 28 25
      vertex -22.4497 28 31.0004
      vertex -23.3827 28 29.5
    endloop
  endfacet
  facet normal 0 -1 -0
    outer loop
      vertex 19.0919 28 35.0919
      vertex 11 28 25
      vertex 20.2997 28 33.8023
    endloop
  endfacet
  facet normal 0 -1 0
    outer loop
      vertex -11 28 25
      vertex -23.3827 28 29.5
      vertex -24.2156 28 27.9418
    endloop
  endfacet
  facet normal 0 -1 -0
    outer loop
      vertex 20.2997 28 33.8023
      vertex 11 28 25
      vertex 21.4205 28 32.4366
    endloop
  endfacet
  facet normal 0 -1 -0
    outer loop
      vertex 21.4205 28 32.4366
      vertex 11 28 25
      vertex 22.4497 28 31.0004
    endloop
  endfacet
  facet normal 0 -1 0
    outer loop
      vertex -11 28 25
      vertex -24.2156 28 27.9418
      vertex -24.9447 28 26.3325
    endloop
  endfacet
  facet normal 0 -1 0
    outer loop
      vertex -11.9418 28 40.2156
      vertex -11 28 25
      vertex -2 28 26.5
    endloop
  endfacet
  facet normal 0 -1 -0
    outer loop
      vertex -2 28 26.5
      vertex -11 28 25
      vertex -2 28 25
    endloop
  endfacet
  facet normal 0 -1 -0
    outer loop
      vertex 22.4497 28 31.0004
      vertex 11 28 25
      vertex 23.3827 28 29.5
    endloop
  endfacet
  facet normal 0 -1 -0
    outer loop
      vertex 23.3827 28 29.5
      vertex 11 28 25
      vertex 24.2156 28 27.9418
    endloop
  endfacet
  facet normal 0 -1 0
    outer loop
      vertex 11 28 25
      vertex 2 28 26.5
      vertex 2 28 25
    endloop
  endfacet
  facet normal 0 -1 -0
    outer loop
      vertex 24.2156 28 27.9418
      vertex 11 28 25
      vertex 24.9447 28 26.3325
    endloop
  endfacet
  facet normal 0 -1 0
    outer loop
      vertex 11 28 25
      vertex 25.5671 28 24.6789
      vertex 24.9447 28 26.3325
    endloop
  endfacet
  facet normal 0 -1 0
    outer loop
      vertex 11 28 25
      vertex 26.08 28 22.9881
      vertex 25.5671 28 24.6789
    endloop
  endfacet
  facet normal 0 -1 0
    outer loop
      vertex 11 28 25
      vertex 26.4812 28 21.2674
      vertex 26.08 28 22.9881
    endloop
  endfacet
  facet normal 0 -1 0
    outer loop
      vertex 11 28 25
      vertex 26.769 28 19.5242
      vertex 26.4812 28 21.2674
    endloop
  endfacet
  facet normal 0 -1 0
    outer loop
      vertex 11 28 25
      vertex 26.9422 28 17.7659
      vertex 26.769 28 19.5242
    endloop
  endfacet
  facet normal 0 -1 0
    outer loop
      vertex 11 28 25
      vertex 27 28 16
      vertex 26.9422 28 17.7659
    endloop
  endfacet
  facet normal 0 -1 0
    outer loop
      vertex 11 28 7
      vertex 27 28 16
      vertex 11 28 25
    endloop
  endfacet
  facet normal 0 -1 0
    outer loop
      vertex 27 28 16
      vertex 11 28 7
      vertex 26.9422 28 14.2341
    endloop
  endfacet
  facet normal 0 -1 0
    outer loop
      vertex 26.9422 28 14.2341
      vertex 11 28 7
      vertex 26.769 28 12.4758
    endloop
  endfacet
  facet normal 0 -1 0
    outer loop
      vertex 26.769 28 12.4758
      vertex 11 28 7
      vertex 26.4812 28 10.7326
    endloop
  endfacet
  facet normal 0 -1 0
    outer loop
      vertex 26.4812 28 10.7326
      vertex 11 28 7
      vertex 26.08 28 9.01189
    endloop
  endfacet
  facet normal 0 -1 0
    outer loop
      vertex 26.08 28 9.01189
      vertex 11 28 7
      vertex 25.5671 28 7.32113
    endloop
  endfacet
  facet normal 0 -1 0
    outer loop
      vertex -23.3827 28 2.5
      vertex -11 28 7
      vertex -24.2156 28 4.0582
    endloop
  endfacet
  facet normal 0 -1 0
    outer loop
      vertex 11 28 7
      vertex 24.9447 28 5.66755
      vertex 25.5671 28 7.32113
    endloop
  endfacet
  facet normal 0 -1 0
    outer loop
      vertex -22.4497 28 0.999603
      vertex -11 28 7
      vertex -23.3827 28 2.5
    endloop
  endfacet
  facet normal 0 -1 0
    outer loop
      vertex 11 28 7
      vertex 24.2156 28 4.0582
      vertex 24.9447 28 5.66755
    endloop
  endfacet
  facet normal 0 -1 0
    outer loop
      vertex -21.4205 28 -0.436558
      vertex -11 28 7
      vertex -22.4497 28 0.999603
    endloop
  endfacet
  facet normal 0 -1 0
    outer loop
      vertex 11 28 7
      vertex 23.3827 28 2.5
      vertex 24.2156 28 4.0582
    endloop
  endfacet
  facet normal 0 -1 0
    outer loop
      vertex -20.2997 28 -1.80234
      vertex -11 28 7
      vertex -21.4205 28 -0.436558
    endloop
  endfacet
  facet normal 0 -1 0
    outer loop
      vertex 11 28 7
      vertex 22.4497 28 0.999603
      vertex 23.3827 28 2.5
    endloop
  endfacet
  facet normal 0 -1 0
    outer loop
      vertex -19.0919 28 -3.09188
      vertex -11 28 7
      vertex -20.2997 28 -1.80234
    endloop
  endfacet
  facet normal 0 -1 0
    outer loop
      vertex 11 28 7
      vertex 21.4205 28 -0.436558
      vertex 22.4497 28 0.999603
    endloop
  endfacet
  facet normal 0 -1 0
    outer loop
      vertex -17.8023 28 -4.29967
      vertex -11 28 7
      vertex -19.0919 28 -3.09188
    endloop
  endfacet
  facet normal 0 -1 0
    outer loop
      vertex 11 28 7
      vertex 20.2997 28 -1.80234
      vertex 21.4205 28 -0.436558
    endloop
  endfacet
  facet normal 0 -1 0
    outer loop
      vertex -16.4366 28 -5.42054
      vertex -11 28 7
      vertex -17.8023 28 -4.29967
    endloop
  endfacet
  facet normal 0 -1 0
    outer loop
      vertex 11 28 7
      vertex 19.0919 28 -3.09188
      vertex 20.2997 28 -1.80234
    endloop
  endfacet
  facet normal 0 -1 0
    outer loop
      vertex -15.0004 28 -6.44968
      vertex -11 28 7
      vertex -16.4366 28 -5.42054
    endloop
  endfacet
  facet normal 0 -1 0
    outer loop
      vertex 11 28 7
      vertex 17.8023 28 -4.29967
      vertex 19.0919 28 -3.09188
    endloop
  endfacet
  facet normal 0 -1 0
    outer loop
      vertex -13.5 28 -7.38269
      vertex -11 28 7
      vertex -15.0004 28 -6.44968
    endloop
  endfacet
  facet normal 0 -1 0
    outer loop
      vertex 11 28 7
      vertex 16.4366 28 -5.42054
      vertex 17.8023 28 -4.29967
    endloop
  endfacet
  facet normal 0 -1 0
    outer loop
      vertex -11.9418 28 -8.21556
      vertex -11 28 7
      vertex -13.5 28 -7.38269
    endloop
  endfacet
  facet normal 0 -1 0
    outer loop
      vertex 11 28 7
      vertex 15.0004 28 -6.44968
      vertex 16.4366 28 -5.42054
    endloop
  endfacet
  facet normal 0 -1 0
    outer loop
      vertex -10.3325 28 -8.94475
      vertex -11 28 7
      vertex -11.9418 28 -8.21556
    endloop
  endfacet
  facet normal 0 -1 0
    outer loop
      vertex 11 28 7
      vertex 13.5 28 -7.38269
      vertex 15.0004 28 -6.44968
    endloop
  endfacet
  facet normal 0 -1 0
    outer loop
      vertex -8.67887 28 -9.56711
      vertex -11 28 7
      vertex -10.3325 28 -8.94475
    endloop
  endfacet
  facet normal 0 -1 0
    outer loop
      vertex 11 28 7
      vertex 11.9418 28 -8.21556
      vertex 13.5 28 -7.38269
    endloop
  endfacet
  facet normal 0 -1 0
    outer loop
      vertex -6.98811 28 -10.08
      vertex -11 28 7
      vertex -8.67887 28 -9.56711
    endloop
  endfacet
  facet normal 0 -1 -0
    outer loop
      vertex 11 28 7
      vertex 10.3325 28 -8.94475
      vertex 11.9418 28 -8.21556
    endloop
  endfacet
  facet normal 0 -1 0
    outer loop
      vertex -5.26744 28 -10.4812
      vertex -11 28 7
      vertex -6.98811 28 -10.08
    endloop
  endfacet
  facet normal 0 -1 0
    outer loop
      vertex 11 28 7
      vertex 8.67887 28 -9.56711
      vertex 10.3325 28 -8.94475
    endloop
  endfacet
  facet normal 0 -1 0
    outer loop
      vertex -3.52421 28 -10.769
      vertex -11 28 7
      vertex -5.26744 28 -10.4812
    endloop
  endfacet
  facet normal 0 -1 0
    outer loop
      vertex 11 28 7
      vertex 6.98811 28 -10.08
      vertex 8.67887 28 -9.56711
    endloop
  endfacet
  facet normal 0 -1 0
    outer loop
      vertex -1.76588 28 -10.9422
      vertex -11 28 7
      vertex -3.52421 28 -10.769
    endloop
  endfacet
  facet normal 0 -1 0
    outer loop
      vertex 11 28 7
      vertex 5.26744 28 -10.4812
      vertex 6.98811 28 -10.08
    endloop
  endfacet
  facet normal 0 -1 0
    outer loop
      vertex 0 28 -11
      vertex -11 28 7
      vertex -1.76588 28 -10.9422
    endloop
  endfacet
  facet normal 0 -1 0
    outer loop
      vertex 11 28 7
      vertex 3.52421 28 -10.769
      vertex 5.26744 28 -10.4812
    endloop
  endfacet
  facet normal 0 -1 0
    outer loop
      vertex -11 28 7
      vertex 0 28 -11
      vertex 11 28 7
    endloop
  endfacet
  facet normal 0 -1 0
    outer loop
      vertex 11 28 7
      vertex 1.76588 28 -10.9422
      vertex 3.52421 28 -10.769
    endloop
  endfacet
  facet normal 0 -1 0
    outer loop
      vertex 11 28 7
      vertex 0 28 -11
      vertex 1.76588 28 -10.9422
    endloop
  endfacet
endsolid OpenSCAD_Model
