solid OpenSCAD_Model
  facet normal 1 -0 0
    outer loop
      vertex -2.6 -0.4 3.2
      vertex -2.6 0.4 0.299999
      vertex -2.6 0.4 3.2
    endloop
  endfacet
  facet normal 1 0 0
    outer loop
      vertex -2.6 0.4 0.299999
      vertex -2.6 -0.4 3.2
      vertex -2.6 -0.4 0.299999
    endloop
  endfacet
  facet normal 0 0 1
    outer loop
      vertex -2.6 0.4 3.2
      vertex -3 0 3.2
      vertex -2.6 -0.4 3.2
    endloop
  endfacet
  facet normal 0 0 1
    outer loop
      vertex -2.6 0.4 3.2
      vertex -3.01285 0.392418 3.2
      vertex -3 0 3.2
    endloop
  endfacet
  facet normal 0 -0 1
    outer loop
      vertex -3.01285 0.392418 3.2
      vertex -2.6 0.4 3.2
      vertex -3.01359 0.4 3.2
    endloop
  endfacet
  facet normal -0 0 1
    outer loop
      vertex -3.01285 -0.392418 3.2
      vertex -2.6 -0.4 3.2
      vertex -3 0 3.2
    endloop
  endfacet
  facet normal 0 0 1
    outer loop
      vertex -2.6 -0.4 3.2
      vertex -3.01285 -0.392418 3.2
      vertex -3.01359 -0.4 3.2
    endloop
  endfacet
  facet normal 0 0 -1
    outer loop
      vertex -2.6 -0.4 0.299999
      vertex -3 0 0.299999
      vertex -2.6 0.4 0.299999
    endloop
  endfacet
  facet normal 0 0 -1
    outer loop
      vertex -2.6 -0.4 0.299999
      vertex -3.01285 -0.392418 0.299999
      vertex -3 0 0.299999
    endloop
  endfacet
  facet normal 0 -0 -1
    outer loop
      vertex -3.01285 -0.392418 0.299999
      vertex -2.6 -0.4 0.299999
      vertex -3.01359 -0.4 0.299999
    endloop
  endfacet
  facet normal 0 0 -1
    outer loop
      vertex -3.01285 0.392418 0.299999
      vertex -2.6 0.4 0.299999
      vertex -3 0 0.299999
    endloop
  endfacet
  facet normal -0 0 -1
    outer loop
      vertex -2.6 0.4 0.299999
      vertex -3.01285 0.392418 0.299999
      vertex -3.01359 0.4 0.299999
    endloop
  endfacet
  facet normal 0 1 -0
    outer loop
      vertex -2.6 0.4 0.299999
      vertex -3.01359 0.4 3.2
      vertex -2.6 0.4 3.2
    endloop
  endfacet
  facet normal 0 1 0
    outer loop
      vertex -3.01359 0.4 3.2
      vertex -2.6 0.4 0.299999
      vertex -3.01359 0.4 0.299999
    endloop
  endfacet
  facet normal 0 -1 0
    outer loop
      vertex -3.01359 -0.4 0.299999
      vertex -2.6 -0.4 3.2
      vertex -3.01359 -0.4 3.2
    endloop
  endfacet
  facet normal 0 -1 -0
    outer loop
      vertex -2.6 -0.4 3.2
      vertex -3.01359 -0.4 0.299999
      vertex -2.6 -0.4 0.299999
    endloop
  endfacet
  facet normal -0 0 1
    outer loop
      vertex -3.20445 1.55291 3.2
      vertex -2.71455 1.27007 3.2
      vertex -2.9216 2.04281 3.2
    endloop
  endfacet
  facet normal 0 0 1
    outer loop
      vertex -2.71455 1.27007 3.2
      vertex -3.11529 1.17054 3.2
      vertex -3.11405 1.16303 3.2
    endloop
  endfacet
  facet normal 0 0 1
    outer loop
      vertex -2.71455 1.27007 3.2
      vertex -3.20445 1.55291 3.2
      vertex -3.11529 1.17054 3.2
    endloop
  endfacet
  facet normal 0 0 1
    outer loop
      vertex -2.9216 2.04281 3.2
      vertex -3.31842 1.92864 3.2
      vertex -3.20445 1.55291 3.2
    endloop
  endfacet
  facet normal 0 -0 1
    outer loop
      vertex -3.31842 1.92864 3.2
      vertex -2.9216 2.04281 3.2
      vertex -3.3211 1.93577 3.2
    endloop
  endfacet
  facet normal -0.258806 0.965929 0
    outer loop
      vertex -2.9216 2.04281 0.299999
      vertex -3.3211 1.93577 3.2
      vertex -2.9216 2.04281 3.2
    endloop
  endfacet
  facet normal -0.258806 0.965929 0
    outer loop
      vertex -3.3211 1.93577 3.2
      vertex -2.9216 2.04281 0.299999
      vertex -3.3211 1.93577 0.299999
    endloop
  endfacet
  facet normal 0 0 -1
    outer loop
      vertex -3.11529 1.17054 0.299999
      vertex -2.71455 1.27007 0.299999
      vertex -3.11405 1.16303 0.299999
    endloop
  endfacet
  facet normal 0 0 -1
    outer loop
      vertex -3.20445 1.55291 0.299999
      vertex -2.71455 1.27007 0.299999
      vertex -3.11529 1.17054 0.299999
    endloop
  endfacet
  facet normal 0 0 -1
    outer loop
      vertex -2.71455 1.27007 0.299999
      vertex -3.20445 1.55291 0.299999
      vertex -2.9216 2.04281 0.299999
    endloop
  endfacet
  facet normal 0 0 -1
    outer loop
      vertex -3.31842 1.92864 0.299999
      vertex -2.9216 2.04281 0.299999
      vertex -3.20445 1.55291 0.299999
    endloop
  endfacet
  facet normal 0 0 -1
    outer loop
      vertex -2.9216 2.04281 0.299999
      vertex -3.31842 1.92864 0.299999
      vertex -3.3211 1.93577 0.299999
    endloop
  endfacet
  facet normal 0.258806 -0.965929 0
    outer loop
      vertex -3.11405 1.16303 0.299999
      vertex -2.71455 1.27007 3.2
      vertex -3.11405 1.16303 3.2
    endloop
  endfacet
  facet normal 0.258806 -0.965929 0
    outer loop
      vertex -2.71455 1.27007 3.2
      vertex -3.11405 1.16303 0.299999
      vertex -2.71455 1.27007 0.299999
    endloop
  endfacet
  facet normal 0.965927 0.258813 0
    outer loop
      vertex -2.71455 1.27007 3.2
      vertex -2.9216 2.04281 0.299999
      vertex -2.9216 2.04281 3.2
    endloop
  endfacet
  facet normal 0.965927 0.258813 0
    outer loop
      vertex -2.9216 2.04281 0.299999
      vertex -2.71455 1.27007 3.2
      vertex -2.71455 1.27007 0.299999
    endloop
  endfacet
  facet normal 0 0 1
    outer loop
      vertex -3.25744 2.85359 3.2
      vertex -3.61876 2.65373 3.2
      vertex -3.61562 2.64679 3.2
    endloop
  endfacet
  facet normal -0 0 1
    outer loop
      vertex -3.80385 3 3.2
      vertex -3.25744 2.85359 3.2
      vertex -3.65744 3.54641 3.2
    endloop
  endfacet
  facet normal 0 0 1
    outer loop
      vertex -3.25744 2.85359 3.2
      vertex -3.80385 3 3.2
      vertex -3.61876 2.65373 3.2
    endloop
  endfacet
  facet normal 0 0 1
    outer loop
      vertex -3.65744 3.54641 3.2
      vertex -4.01118 3.33342 3.2
      vertex -3.80385 3 3.2
    endloop
  endfacet
  facet normal 0 -0 1
    outer loop
      vertex -4.01118 3.33342 3.2
      vertex -3.65744 3.54641 3.2
      vertex -4.01562 3.33961 3.2
    endloop
  endfacet
  facet normal -0.500008 0.866021 0
    outer loop
      vertex -3.65744 3.54641 0.299999
      vertex -4.01562 3.33961 3.2
      vertex -3.65744 3.54641 3.2
    endloop
  endfacet
  facet normal -0.500008 0.866021 0
    outer loop
      vertex -4.01562 3.33961 3.2
      vertex -3.65744 3.54641 0.299999
      vertex -4.01562 3.33961 0.299999
    endloop
  endfacet
  facet normal 0 0 -1
    outer loop
      vertex -3.61876 2.65373 0.299999
      vertex -3.25744 2.85359 0.299999
      vertex -3.61562 2.64679 0.299999
    endloop
  endfacet
  facet normal 0 0 -1
    outer loop
      vertex -3.80385 3 0.299999
      vertex -3.25744 2.85359 0.299999
      vertex -3.61876 2.65373 0.299999
    endloop
  endfacet
  facet normal 0 0 -1
    outer loop
      vertex -3.25744 2.85359 0.299999
      vertex -3.80385 3 0.299999
      vertex -3.65744 3.54641 0.299999
    endloop
  endfacet
  facet normal 0 0 -1
    outer loop
      vertex -4.01118 3.33342 0.299999
      vertex -3.65744 3.54641 0.299999
      vertex -3.80385 3 0.299999
    endloop
  endfacet
  facet normal 0 0 -1
    outer loop
      vertex -3.65744 3.54641 0.299999
      vertex -4.01118 3.33342 0.299999
      vertex -4.01562 3.33961 0.299999
    endloop
  endfacet
  facet normal 0.500008 -0.866021 0
    outer loop
      vertex -3.61562 2.64679 0.299999
      vertex -3.25744 2.85359 3.2
      vertex -3.61562 2.64679 3.2
    endloop
  endfacet
  facet normal 0.500008 -0.866021 0
    outer loop
      vertex -3.25744 2.85359 3.2
      vertex -3.61562 2.64679 0.299999
      vertex -3.25744 2.85359 0.299999
    endloop
  endfacet
  facet normal 0.866025 0.5 0
    outer loop
      vertex -3.25744 2.85359 3.2
      vertex -3.65744 3.54641 0.299999
      vertex -3.65744 3.54641 3.2
    endloop
  endfacet
  facet normal 0.866025 0.5 0
    outer loop
      vertex -3.65744 3.54641 0.299999
      vertex -3.25744 2.85359 3.2
      vertex -3.25744 2.85359 0.299999
    endloop
  endfacet
  facet normal 0 0 1
    outer loop
      vertex -4.19167 4.24264 3.2
      vertex -4.48896 3.95607 3.2
      vertex -4.48413 3.95019 3.2
    endloop
  endfacet
  facet normal 0 0 1
    outer loop
      vertex -4.75736 4.24264 3.2
      vertex -4.19167 4.24264 3.2
      vertex -4.75736 4.80833 3.2
    endloop
  endfacet
  facet normal 0 0 1
    outer loop
      vertex -4.19167 4.24264 3.2
      vertex -4.75736 4.24264 3.2
      vertex -4.48896 3.95607 3.2
    endloop
  endfacet
  facet normal 0 0 1
    outer loop
      vertex -4.75736 4.80833 3.2
      vertex -5.04393 4.51104 3.2
      vertex -4.75736 4.24264 3.2
    endloop
  endfacet
  facet normal 0 -0 1
    outer loop
      vertex -5.04393 4.51104 3.2
      vertex -4.75736 4.80833 3.2
      vertex -5.04981 4.51587 3.2
    endloop
  endfacet
  facet normal -0.707119 0.707095 0
    outer loop
      vertex -5.04981 4.51587 0.299999
      vertex -4.75736 4.80833 3.2
      vertex -4.75736 4.80833 0.299999
    endloop
  endfacet
  facet normal -0.707119 0.707095 0
    outer loop
      vertex -4.75736 4.80833 3.2
      vertex -5.04981 4.51587 0.299999
      vertex -5.04981 4.51587 3.2
    endloop
  endfacet
  facet normal 0 0 -1
    outer loop
      vertex -4.48896 3.95607 0.299999
      vertex -4.19167 4.24264 0.299999
      vertex -4.48413 3.95019 0.299999
    endloop
  endfacet
  facet normal 0 0 -1
    outer loop
      vertex -4.75736 4.24264 0.299999
      vertex -4.19167 4.24264 0.299999
      vertex -4.48896 3.95607 0.299999
    endloop
  endfacet
  facet normal 0 0 -1
    outer loop
      vertex -4.75736 4.24264 0.299999
      vertex -4.75736 4.80833 0.299999
      vertex -4.19167 4.24264 0.299999
    endloop
  endfacet
  facet normal 0 0 -1
    outer loop
      vertex -5.04393 4.51104 0.299999
      vertex -4.75736 4.80833 0.299999
      vertex -4.75736 4.24264 0.299999
    endloop
  endfacet
  facet normal 0 0 -1
    outer loop
      vertex -4.75736 4.80833 0.299999
      vertex -5.04393 4.51104 0.299999
      vertex -5.04981 4.51587 0.299999
    endloop
  endfacet
  facet normal 0.707095 -0.707119 0
    outer loop
      vertex -4.48413 3.95019 3.2
      vertex -4.19167 4.24264 0.299999
      vertex -4.19167 4.24264 3.2
    endloop
  endfacet
  facet normal 0.707095 -0.707119 0
    outer loop
      vertex -4.19167 4.24264 0.299999
      vertex -4.48413 3.95019 3.2
      vertex -4.48413 3.95019 0.299999
    endloop
  endfacet
  facet normal 0.707107 0.707107 0
    outer loop
      vertex -4.19167 4.24264 3.2
      vertex -4.75736 4.80833 0.299999
      vertex -4.75736 4.80833 3.2
    endloop
  endfacet
  facet normal 0.707107 0.707107 0
    outer loop
      vertex -4.75736 4.80833 0.299999
      vertex -4.19167 4.24264 3.2
      vertex -4.19167 4.24264 0.299999
    endloop
  endfacet
  facet normal 0 0 1
    outer loop
      vertex -5.45359 5.34256 3.2
      vertex -5.66658 4.98882 3.2
      vertex -5.66039 4.98438 3.2
    endloop
  endfacet
  facet normal 0 0 1
    outer loop
      vertex -5.45359 5.34256 3.2
      vertex -6 5.19615 3.2
      vertex -5.66658 4.98882 3.2
    endloop
  endfacet
  facet normal 0 0 1
    outer loop
      vertex -6.14641 5.74256 3.2
      vertex -6 5.19615 3.2
      vertex -5.45359 5.34256 3.2
    endloop
  endfacet
  facet normal 0 0 1
    outer loop
      vertex -6.14641 5.74256 3.2
      vertex -6.34627 5.38124 3.2
      vertex -6 5.19615 3.2
    endloop
  endfacet
  facet normal 0 -0 1
    outer loop
      vertex -6.34627 5.38124 3.2
      vertex -6.14641 5.74256 3.2
      vertex -6.35321 5.38438 3.2
    endloop
  endfacet
  facet normal -0.866021 0.500008 0
    outer loop
      vertex -6.35321 5.38438 0.299999
      vertex -6.14641 5.74256 3.2
      vertex -6.14641 5.74256 0.299999
    endloop
  endfacet
  facet normal -0.866021 0.500008 0
    outer loop
      vertex -6.14641 5.74256 3.2
      vertex -6.35321 5.38438 0.299999
      vertex -6.35321 5.38438 3.2
    endloop
  endfacet
  facet normal 0 0 -1
    outer loop
      vertex -5.66658 4.98882 0.299999
      vertex -5.45359 5.34256 0.299999
      vertex -5.66039 4.98438 0.299999
    endloop
  endfacet
  facet normal 0 0 -1
    outer loop
      vertex -6 5.19615 0.299999
      vertex -5.45359 5.34256 0.299999
      vertex -5.66658 4.98882 0.299999
    endloop
  endfacet
  facet normal 0 0 -1
    outer loop
      vertex -6 5.19615 0.299999
      vertex -6.14641 5.74256 0.299999
      vertex -5.45359 5.34256 0.299999
    endloop
  endfacet
  facet normal 0 0 -1
    outer loop
      vertex -6.34627 5.38124 0.299999
      vertex -6.14641 5.74256 0.299999
      vertex -6 5.19615 0.299999
    endloop
  endfacet
  facet normal 0 0 -1
    outer loop
      vertex -6.14641 5.74256 0.299999
      vertex -6.34627 5.38124 0.299999
      vertex -6.35321 5.38438 0.299999
    endloop
  endfacet
  facet normal 0.866021 -0.500008 0
    outer loop
      vertex -5.66039 4.98438 3.2
      vertex -5.45359 5.34256 0.299999
      vertex -5.45359 5.34256 3.2
    endloop
  endfacet
  facet normal 0.866021 -0.500008 0
    outer loop
      vertex -5.45359 5.34256 0.299999
      vertex -5.66039 4.98438 3.2
      vertex -5.66039 4.98438 0.299999
    endloop
  endfacet
  facet normal 0.5 0.866025 -0
    outer loop
      vertex -5.45359 5.34256 0.299999
      vertex -6.14641 5.74256 3.2
      vertex -5.45359 5.34256 3.2
    endloop
  endfacet
  facet normal 0.5 0.866025 0
    outer loop
      vertex -6.14641 5.74256 3.2
      vertex -5.45359 5.34256 0.299999
      vertex -6.14641 5.74256 0.299999
    endloop
  endfacet
  facet normal 0 0 1
    outer loop
      vertex -6.95719 6.0784 3.2
      vertex -7.07136 5.68158 3.2
      vertex -7.06423 5.6789 3.2
    endloop
  endfacet
  facet normal 0 0 1
    outer loop
      vertex -6.95719 6.0784 3.2
      vertex -7.44709 5.79555 3.2
      vertex -7.07136 5.68158 3.2
    endloop
  endfacet
  facet normal 0 0 1
    outer loop
      vertex -7.72993 6.28545 3.2
      vertex -7.44709 5.79555 3.2
      vertex -6.95719 6.0784 3.2
    endloop
  endfacet
  facet normal 0 0 1
    outer loop
      vertex -7.72993 6.28545 3.2
      vertex -7.82946 5.88471 3.2
      vertex -7.44709 5.79555 3.2
    endloop
  endfacet
  facet normal 0 -0 1
    outer loop
      vertex -7.82946 5.88471 3.2
      vertex -7.72993 6.28545 3.2
      vertex -7.83697 5.88595 3.2
    endloop
  endfacet
  facet normal -0.965929 0.258806 0
    outer loop
      vertex -7.83697 5.88595 0.299999
      vertex -7.72993 6.28545 3.2
      vertex -7.72993 6.28545 0.299999
    endloop
  endfacet
  facet normal -0.965929 0.258806 0
    outer loop
      vertex -7.72993 6.28545 3.2
      vertex -7.83697 5.88595 0.299999
      vertex -7.83697 5.88595 3.2
    endloop
  endfacet
  facet normal 0 0 -1
    outer loop
      vertex -7.07136 5.68158 0.299999
      vertex -6.95719 6.0784 0.299999
      vertex -7.06423 5.6789 0.299999
    endloop
  endfacet
  facet normal 0 0 -1
    outer loop
      vertex -7.44709 5.79555 0.299999
      vertex -6.95719 6.0784 0.299999
      vertex -7.07136 5.68158 0.299999
    endloop
  endfacet
  facet normal 0 0 -1
    outer loop
      vertex -7.44709 5.79555 0.299999
      vertex -7.72993 6.28545 0.299999
      vertex -6.95719 6.0784 0.299999
    endloop
  endfacet
  facet normal 0 0 -1
    outer loop
      vertex -7.82946 5.88471 0.299999
      vertex -7.72993 6.28545 0.299999
      vertex -7.44709 5.79555 0.299999
    endloop
  endfacet
  facet normal 0 0 -1
    outer loop
      vertex -7.72993 6.28545 0.299999
      vertex -7.82946 5.88471 0.299999
      vertex -7.83697 5.88595 0.299999
    endloop
  endfacet
  facet normal 0.965929 -0.258806 0
    outer loop
      vertex -7.06423 5.6789 3.2
      vertex -6.95719 6.0784 0.299999
      vertex -6.95719 6.0784 3.2
    endloop
  endfacet
  facet normal 0.965929 -0.258806 0
    outer loop
      vertex -6.95719 6.0784 0.299999
      vertex -7.06423 5.6789 3.2
      vertex -7.06423 5.6789 0.299999
    endloop
  endfacet
  facet normal 0.258813 0.965927 -0
    outer loop
      vertex -6.95719 6.0784 0.299999
      vertex -7.72993 6.28545 3.2
      vertex -6.95719 6.0784 3.2
    endloop
  endfacet
  facet normal 0.258813 0.965927 0
    outer loop
      vertex -7.72993 6.28545 3.2
      vertex -6.95719 6.0784 0.299999
      vertex -7.72993 6.28545 0.299999
    endloop
  endfacet
  facet normal 0 0 1
    outer loop
      vertex -8.6 6.4 3.2
      vertex -8.60758 5.98715 3.2
      vertex -8.6 5.98641 3.2
    endloop
  endfacet
  facet normal 0 0 1
    outer loop
      vertex -8.6 6.4 3.2
      vertex -9 6 3.2
      vertex -8.60758 5.98715 3.2
    endloop
  endfacet
  facet normal -0 0 1
    outer loop
      vertex -9.4 6.4 3.2
      vertex -9 6 3.2
      vertex -8.6 6.4 3.2
    endloop
  endfacet
  facet normal 0 0 1
    outer loop
      vertex -9 6 3.2
      vertex -9.4 6.4 3.2
      vertex -9.39242 5.98715 3.2
    endloop
  endfacet
  facet normal 0 0 1
    outer loop
      vertex -9.39242 5.98715 3.2
      vertex -9.4 6.4 3.2
      vertex -9.4 5.98641 3.2
    endloop
  endfacet
  facet normal -1 0 0
    outer loop
      vertex -9.4 5.98641 0.299999
      vertex -9.4 6.4 3.2
      vertex -9.4 6.4 0.299999
    endloop
  endfacet
  facet normal -1 -0 0
    outer loop
      vertex -9.4 6.4 3.2
      vertex -9.4 5.98641 0.299999
      vertex -9.4 5.98641 3.2
    endloop
  endfacet
  facet normal 0 0 -1
    outer loop
      vertex -8.60758 5.98715 0.299999
      vertex -8.6 6.4 0.299999
      vertex -8.6 5.98641 0.299999
    endloop
  endfacet
  facet normal 0 0 -1
    outer loop
      vertex -9 6 0.299999
      vertex -8.6 6.4 0.299999
      vertex -8.60758 5.98715 0.299999
    endloop
  endfacet
  facet normal 0 0 -1
    outer loop
      vertex -9.4 6.4 0.299999
      vertex -9 6 0.299999
      vertex -9.39242 5.98715 0.299999
    endloop
  endfacet
  facet normal 0 0 -1
    outer loop
      vertex -9.4 6.4 0.299999
      vertex -9.39242 5.98715 0.299999
      vertex -9.4 5.98641 0.299999
    endloop
  endfacet
  facet normal 0 0 -1
    outer loop
      vertex -9 6 0.299999
      vertex -9.4 6.4 0.299999
      vertex -8.6 6.4 0.299999
    endloop
  endfacet
  facet normal 1 -0 0
    outer loop
      vertex -8.6 5.98641 3.2
      vertex -8.6 6.4 0.299999
      vertex -8.6 6.4 3.2
    endloop
  endfacet
  facet normal 1 0 0
    outer loop
      vertex -8.6 6.4 0.299999
      vertex -8.6 5.98641 3.2
      vertex -8.6 5.98641 0.299999
    endloop
  endfacet
  facet normal 0 1 -0
    outer loop
      vertex -8.6 6.4 0.299999
      vertex -9.4 6.4 3.2
      vertex -8.6 6.4 3.2
    endloop
  endfacet
  facet normal 0 1 0
    outer loop
      vertex -9.4 6.4 3.2
      vertex -8.6 6.4 0.299999
      vertex -9.4 6.4 0.299999
    endloop
  endfacet
  facet normal 0 0 1
    outer loop
      vertex -10.2701 6.28545 3.2
      vertex -10.1705 5.88471 3.2
      vertex -10.163 5.88595 3.2
    endloop
  endfacet
  facet normal 0 0 1
    outer loop
      vertex -10.2701 6.28545 3.2
      vertex -10.5529 5.79555 3.2
      vertex -10.1705 5.88471 3.2
    endloop
  endfacet
  facet normal -0 0 1
    outer loop
      vertex -11.0428 6.0784 3.2
      vertex -10.5529 5.79555 3.2
      vertex -10.2701 6.28545 3.2
    endloop
  endfacet
  facet normal 0 0 1
    outer loop
      vertex -10.5529 5.79555 3.2
      vertex -11.0428 6.0784 3.2
      vertex -10.9286 5.68158 3.2
    endloop
  endfacet
  facet normal 0 0 1
    outer loop
      vertex -10.9286 5.68158 3.2
      vertex -11.0428 6.0784 3.2
      vertex -10.9358 5.6789 3.2
    endloop
  endfacet
  facet normal -0.965953 -0.258716 0
    outer loop
      vertex -10.9358 5.6789 0.299999
      vertex -11.0428 6.0784 3.2
      vertex -11.0428 6.0784 0.299999
    endloop
  endfacet
  facet normal -0.965953 -0.258716 0
    outer loop
      vertex -11.0428 6.0784 3.2
      vertex -10.9358 5.6789 0.299999
      vertex -10.9358 5.6789 3.2
    endloop
  endfacet
  facet normal 0 0 -1
    outer loop
      vertex -10.1705 5.88471 0.299999
      vertex -10.2701 6.28545 0.299999
      vertex -10.163 5.88595 0.299999
    endloop
  endfacet
  facet normal 0 0 -1
    outer loop
      vertex -10.5529 5.79555 0.299999
      vertex -10.2701 6.28545 0.299999
      vertex -10.1705 5.88471 0.299999
    endloop
  endfacet
  facet normal 0 0 -1
    outer loop
      vertex -11.0428 6.0784 0.299999
      vertex -10.5529 5.79555 0.299999
      vertex -10.9286 5.68158 0.299999
    endloop
  endfacet
  facet normal 0 0 -1
    outer loop
      vertex -11.0428 6.0784 0.299999
      vertex -10.9286 5.68158 0.299999
      vertex -10.9358 5.6789 0.299999
    endloop
  endfacet
  facet normal 0 0 -1
    outer loop
      vertex -10.5529 5.79555 0.299999
      vertex -11.0428 6.0784 0.299999
      vertex -10.2701 6.28545 0.299999
    endloop
  endfacet
  facet normal 0.965893 0.258942 0
    outer loop
      vertex -10.163 5.88595 3.2
      vertex -10.2701 6.28545 0.299999
      vertex -10.2701 6.28545 3.2
    endloop
  endfacet
  facet normal 0.965893 0.258942 0
    outer loop
      vertex -10.2701 6.28545 0.299999
      vertex -10.163 5.88595 3.2
      vertex -10.163 5.88595 0.299999
    endloop
  endfacet
  facet normal -0.258826 0.965924 0
    outer loop
      vertex -10.2701 6.28545 0.299999
      vertex -11.0428 6.0784 3.2
      vertex -10.2701 6.28545 3.2
    endloop
  endfacet
  facet normal -0.258826 0.965924 0
    outer loop
      vertex -11.0428 6.0784 3.2
      vertex -10.2701 6.28545 0.299999
      vertex -11.0428 6.0784 0.299999
    endloop
  endfacet
  facet normal 0 0 1
    outer loop
      vertex -11.8536 5.74256 3.2
      vertex -11.6537 5.38124 3.2
      vertex -11.6468 5.38438 3.2
    endloop
  endfacet
  facet normal 0 0 1
    outer loop
      vertex -11.8536 5.74256 3.2
      vertex -12 5.19615 3.2
      vertex -11.6537 5.38124 3.2
    endloop
  endfacet
  facet normal -0 0 1
    outer loop
      vertex -12.5464 5.34256 3.2
      vertex -12 5.19615 3.2
      vertex -11.8536 5.74256 3.2
    endloop
  endfacet
  facet normal 0 0 1
    outer loop
      vertex -12 5.19615 3.2
      vertex -12.5464 5.34256 3.2
      vertex -12.3334 4.98882 3.2
    endloop
  endfacet
  facet normal 0 0 1
    outer loop
      vertex -12.3334 4.98882 3.2
      vertex -12.5464 5.34256 3.2
      vertex -12.3396 4.98438 3.2
    endloop
  endfacet
  facet normal -0.866021 -0.500008 0
    outer loop
      vertex -12.3396 4.98438 0.299999
      vertex -12.5464 5.34256 3.2
      vertex -12.5464 5.34256 0.299999
    endloop
  endfacet
  facet normal -0.866021 -0.500008 0
    outer loop
      vertex -12.5464 5.34256 3.2
      vertex -12.3396 4.98438 0.299999
      vertex -12.3396 4.98438 3.2
    endloop
  endfacet
  facet normal 0 0 -1
    outer loop
      vertex -11.6537 5.38124 0.299999
      vertex -11.8536 5.74256 0.299999
      vertex -11.6468 5.38438 0.299999
    endloop
  endfacet
  facet normal 0 0 -1
    outer loop
      vertex -12 5.19615 0.299999
      vertex -11.8536 5.74256 0.299999
      vertex -11.6537 5.38124 0.299999
    endloop
  endfacet
  facet normal 0 0 -1
    outer loop
      vertex -12.5464 5.34256 0.299999
      vertex -12 5.19615 0.299999
      vertex -12.3334 4.98882 0.299999
    endloop
  endfacet
  facet normal 0 0 -1
    outer loop
      vertex -12.5464 5.34256 0.299999
      vertex -12.3334 4.98882 0.299999
      vertex -12.3396 4.98438 0.299999
    endloop
  endfacet
  facet normal 0 0 -1
    outer loop
      vertex -12 5.19615 0.299999
      vertex -12.5464 5.34256 0.299999
      vertex -11.8536 5.74256 0.299999
    endloop
  endfacet
  facet normal 0.866021 0.500008 0
    outer loop
      vertex -11.6468 5.38438 3.2
      vertex -11.8536 5.74256 0.299999
      vertex -11.8536 5.74256 3.2
    endloop
  endfacet
  facet normal 0.866021 0.500008 0
    outer loop
      vertex -11.8536 5.74256 0.299999
      vertex -11.6468 5.38438 3.2
      vertex -11.6468 5.38438 0.299999
    endloop
  endfacet
  facet normal -0.500011 0.866019 0
    outer loop
      vertex -11.8536 5.74256 0.299999
      vertex -12.5464 5.34256 3.2
      vertex -11.8536 5.74256 3.2
    endloop
  endfacet
  facet normal -0.500011 0.866019 0
    outer loop
      vertex -12.5464 5.34256 3.2
      vertex -11.8536 5.74256 0.299999
      vertex -12.5464 5.34256 0.299999
    endloop
  endfacet
  facet normal 0 0 1
    outer loop
      vertex -13.2426 4.80833 3.2
      vertex -12.9561 4.51104 3.2
      vertex -12.9502 4.51587 3.2
    endloop
  endfacet
  facet normal 0 0 1
    outer loop
      vertex -13.2426 4.80833 3.2
      vertex -13.2426 4.24264 3.2
      vertex -12.9561 4.51104 3.2
    endloop
  endfacet
  facet normal 0 0 1
    outer loop
      vertex -13.8083 4.24264 3.2
      vertex -13.2426 4.24264 3.2
      vertex -13.2426 4.80833 3.2
    endloop
  endfacet
  facet normal 0 0 1
    outer loop
      vertex -13.2426 4.24264 3.2
      vertex -13.8083 4.24264 3.2
      vertex -13.511 3.95607 3.2
    endloop
  endfacet
  facet normal 0 0 1
    outer loop
      vertex -13.511 3.95607 3.2
      vertex -13.8083 4.24264 3.2
      vertex -13.5159 3.95019 3.2
    endloop
  endfacet
  facet normal -0.707167 -0.707046 0
    outer loop
      vertex -13.8083 4.24264 0.299999
      vertex -13.5159 3.95019 3.2
      vertex -13.8083 4.24264 3.2
    endloop
  endfacet
  facet normal -0.707167 -0.707046 -0
    outer loop
      vertex -13.5159 3.95019 3.2
      vertex -13.8083 4.24264 0.299999
      vertex -13.5159 3.95019 0.299999
    endloop
  endfacet
  facet normal 0 0 -1
    outer loop
      vertex -12.9561 4.51104 0.299999
      vertex -13.2426 4.80833 0.299999
      vertex -12.9502 4.51587 0.299999
    endloop
  endfacet
  facet normal 0 0 -1
    outer loop
      vertex -13.2426 4.24264 0.299999
      vertex -13.2426 4.80833 0.299999
      vertex -12.9561 4.51104 0.299999
    endloop
  endfacet
  facet normal 0 0 -1
    outer loop
      vertex -13.8083 4.24264 0.299999
      vertex -13.2426 4.24264 0.299999
      vertex -13.511 3.95607 0.299999
    endloop
  endfacet
  facet normal 0 0 -1
    outer loop
      vertex -13.8083 4.24264 0.299999
      vertex -13.511 3.95607 0.299999
      vertex -13.5159 3.95019 0.299999
    endloop
  endfacet
  facet normal 0 0 -1
    outer loop
      vertex -13.2426 4.24264 0.299999
      vertex -13.8083 4.24264 0.299999
      vertex -13.2426 4.80833 0.299999
    endloop
  endfacet
  facet normal 0.707179 0.707034 -0
    outer loop
      vertex -12.9502 4.51587 0.299999
      vertex -13.2426 4.80833 3.2
      vertex -12.9502 4.51587 3.2
    endloop
  endfacet
  facet normal 0.707179 0.707034 0
    outer loop
      vertex -13.2426 4.80833 3.2
      vertex -12.9502 4.51587 0.299999
      vertex -13.2426 4.80833 0.299999
    endloop
  endfacet
  facet normal -0.707101 0.707113 0
    outer loop
      vertex -13.8083 4.24264 0.299999
      vertex -13.2426 4.80833 3.2
      vertex -13.2426 4.80833 0.299999
    endloop
  endfacet
  facet normal -0.707101 0.707113 0
    outer loop
      vertex -13.2426 4.80833 3.2
      vertex -13.8083 4.24264 0.299999
      vertex -13.8083 4.24264 3.2
    endloop
  endfacet
  facet normal 0 0 1
    outer loop
      vertex -14.3426 3.54641 3.2
      vertex -13.9888 3.33342 3.2
      vertex -13.9844 3.33961 3.2
    endloop
  endfacet
  facet normal 0 0 1
    outer loop
      vertex -14.3426 3.54641 3.2
      vertex -14.1962 3 3.2
      vertex -13.9888 3.33342 3.2
    endloop
  endfacet
  facet normal 0 0 1
    outer loop
      vertex -14.7426 2.85359 3.2
      vertex -14.1962 3 3.2
      vertex -14.3426 3.54641 3.2
    endloop
  endfacet
  facet normal 0 0 1
    outer loop
      vertex -14.1962 3 3.2
      vertex -14.7426 2.85359 3.2
      vertex -14.3812 2.65373 3.2
    endloop
  endfacet
  facet normal 0 0 1
    outer loop
      vertex -14.3812 2.65373 3.2
      vertex -14.7426 2.85359 3.2
      vertex -14.3844 2.64679 3.2
    endloop
  endfacet
  facet normal -0.499988 -0.866033 0
    outer loop
      vertex -14.7426 2.85359 0.299999
      vertex -14.3844 2.64679 3.2
      vertex -14.7426 2.85359 3.2
    endloop
  endfacet
  facet normal -0.499988 -0.866033 -0
    outer loop
      vertex -14.3844 2.64679 3.2
      vertex -14.7426 2.85359 0.299999
      vertex -14.3844 2.64679 0.299999
    endloop
  endfacet
  facet normal 0 0 -1
    outer loop
      vertex -13.9888 3.33342 0.299999
      vertex -14.3426 3.54641 0.299999
      vertex -13.9844 3.33961 0.299999
    endloop
  endfacet
  facet normal 0 0 -1
    outer loop
      vertex -14.1962 3 0.299999
      vertex -14.3426 3.54641 0.299999
      vertex -13.9888 3.33342 0.299999
    endloop
  endfacet
  facet normal 0 0 -1
    outer loop
      vertex -14.7426 2.85359 0.299999
      vertex -14.1962 3 0.299999
      vertex -14.3812 2.65373 0.299999
    endloop
  endfacet
  facet normal 0 0 -1
    outer loop
      vertex -14.7426 2.85359 0.299999
      vertex -14.3812 2.65373 0.299999
      vertex -14.3844 2.64679 0.299999
    endloop
  endfacet
  facet normal -0 0 -1
    outer loop
      vertex -14.1962 3 0.299999
      vertex -14.7426 2.85359 0.299999
      vertex -14.3426 3.54641 0.299999
    endloop
  endfacet
  facet normal 0.499988 0.866033 -0
    outer loop
      vertex -13.9844 3.33961 0.299999
      vertex -14.3426 3.54641 3.2
      vertex -13.9844 3.33961 3.2
    endloop
  endfacet
  facet normal 0.499988 0.866033 0
    outer loop
      vertex -14.3426 3.54641 3.2
      vertex -13.9844 3.33961 0.299999
      vertex -14.3426 3.54641 0.299999
    endloop
  endfacet
  facet normal -0.866025 0.5 0
    outer loop
      vertex -14.7426 2.85359 0.299999
      vertex -14.3426 3.54641 3.2
      vertex -14.3426 3.54641 0.299999
    endloop
  endfacet
  facet normal -0.866025 0.5 0
    outer loop
      vertex -14.3426 3.54641 3.2
      vertex -14.7426 2.85359 0.299999
      vertex -14.7426 2.85359 3.2
    endloop
  endfacet
  facet normal 0 0 1
    outer loop
      vertex -15.0784 2.04281 3.2
      vertex -14.6816 1.92864 3.2
      vertex -14.6789 1.93577 3.2
    endloop
  endfacet
  facet normal 0 0 1
    outer loop
      vertex -15.0784 2.04281 3.2
      vertex -14.7956 1.55291 3.2
      vertex -14.6816 1.92864 3.2
    endloop
  endfacet
  facet normal 0 0 1
    outer loop
      vertex -15.2855 1.27007 3.2
      vertex -14.7956 1.55291 3.2
      vertex -15.0784 2.04281 3.2
    endloop
  endfacet
  facet normal 0 0 1
    outer loop
      vertex -14.7956 1.55291 3.2
      vertex -15.2855 1.27007 3.2
      vertex -14.8847 1.17054 3.2
    endloop
  endfacet
  facet normal 0 0 1
    outer loop
      vertex -14.8847 1.17054 3.2
      vertex -15.2855 1.27007 3.2
      vertex -14.886 1.16303 3.2
    endloop
  endfacet
  facet normal -0.258806 -0.965929 0
    outer loop
      vertex -15.2855 1.27007 0.299999
      vertex -14.886 1.16303 3.2
      vertex -15.2855 1.27007 3.2
    endloop
  endfacet
  facet normal -0.258806 -0.965929 -0
    outer loop
      vertex -14.886 1.16303 3.2
      vertex -15.2855 1.27007 0.299999
      vertex -14.886 1.16303 0.299999
    endloop
  endfacet
  facet normal 0 0 -1
    outer loop
      vertex -14.6816 1.92864 0.299999
      vertex -15.0784 2.04281 0.299999
      vertex -14.6789 1.93577 0.299999
    endloop
  endfacet
  facet normal 0 0 -1
    outer loop
      vertex -14.7956 1.55291 0.299999
      vertex -15.0784 2.04281 0.299999
      vertex -14.6816 1.92864 0.299999
    endloop
  endfacet
  facet normal 0 0 -1
    outer loop
      vertex -15.2855 1.27007 0.299999
      vertex -14.7956 1.55291 0.299999
      vertex -14.8847 1.17054 0.299999
    endloop
  endfacet
  facet normal 0 0 -1
    outer loop
      vertex -15.2855 1.27007 0.299999
      vertex -14.8847 1.17054 0.299999
      vertex -14.886 1.16303 0.299999
    endloop
  endfacet
  facet normal -0 0 -1
    outer loop
      vertex -14.7956 1.55291 0.299999
      vertex -15.2855 1.27007 0.299999
      vertex -15.0784 2.04281 0.299999
    endloop
  endfacet
  facet normal 0.258806 0.965929 -0
    outer loop
      vertex -14.6789 1.93577 0.299999
      vertex -15.0784 2.04281 3.2
      vertex -14.6789 1.93577 3.2
    endloop
  endfacet
  facet normal 0.258806 0.965929 0
    outer loop
      vertex -15.0784 2.04281 3.2
      vertex -14.6789 1.93577 0.299999
      vertex -15.0784 2.04281 0.299999
    endloop
  endfacet
  facet normal -0.965912 0.258871 0
    outer loop
      vertex -15.2855 1.27007 0.299999
      vertex -15.0784 2.04281 3.2
      vertex -15.0784 2.04281 0.299999
    endloop
  endfacet
  facet normal -0.965912 0.258871 0
    outer loop
      vertex -15.0784 2.04281 3.2
      vertex -15.2855 1.27007 0.299999
      vertex -15.2855 1.27007 3.2
    endloop
  endfacet
  facet normal 0 0 1
    outer loop
      vertex -14.9872 0.392418 3.2
      vertex -15.4 0.4 3.2
      vertex -15 0 3.2
    endloop
  endfacet
  facet normal -0 0 1
    outer loop
      vertex -15.4 0.4 3.2
      vertex -14.9872 0.392418 3.2
      vertex -14.9864 0.4 3.2
    endloop
  endfacet
  facet normal 0 0 1
    outer loop
      vertex -15.4 -0.4 3.2
      vertex -15 0 3.2
      vertex -15.4 0.4 3.2
    endloop
  endfacet
  facet normal 0 0 1
    outer loop
      vertex -15 0 3.2
      vertex -15.4 -0.4 3.2
      vertex -14.9872 -0.392418 3.2
    endloop
  endfacet
  facet normal 0 0 1
    outer loop
      vertex -14.9872 -0.392418 3.2
      vertex -15.4 -0.4 3.2
      vertex -14.9864 -0.4 3.2
    endloop
  endfacet
  facet normal 0 -1 0
    outer loop
      vertex -15.4 -0.4 0.299999
      vertex -14.9864 -0.4 3.2
      vertex -15.4 -0.4 3.2
    endloop
  endfacet
  facet normal 0 -1 -0
    outer loop
      vertex -14.9864 -0.4 3.2
      vertex -15.4 -0.4 0.299999
      vertex -14.9864 -0.4 0.299999
    endloop
  endfacet
  facet normal -0 0 -1
    outer loop
      vertex -14.9872 -0.392418 0.299999
      vertex -15.4 -0.4 0.299999
      vertex -15 0 0.299999
    endloop
  endfacet
  facet normal 0 0 -1
    outer loop
      vertex -15.4 -0.4 0.299999
      vertex -14.9872 -0.392418 0.299999
      vertex -14.9864 -0.4 0.299999
    endloop
  endfacet
  facet normal 0 0 -1
    outer loop
      vertex -15.4 0.4 0.299999
      vertex -15 0 0.299999
      vertex -15.4 -0.4 0.299999
    endloop
  endfacet
  facet normal 0 0 -1
    outer loop
      vertex -15 0 0.299999
      vertex -15.4 0.4 0.299999
      vertex -14.9872 0.392418 0.299999
    endloop
  endfacet
  facet normal 0 0 -1
    outer loop
      vertex -14.9872 0.392418 0.299999
      vertex -15.4 0.4 0.299999
      vertex -14.9864 0.4 0.299999
    endloop
  endfacet
  facet normal 0 1 -0
    outer loop
      vertex -14.9864 0.4 0.299999
      vertex -15.4 0.4 3.2
      vertex -14.9864 0.4 3.2
    endloop
  endfacet
  facet normal 0 1 0
    outer loop
      vertex -15.4 0.4 3.2
      vertex -14.9864 0.4 0.299999
      vertex -15.4 0.4 0.299999
    endloop
  endfacet
  facet normal -1 0 0
    outer loop
      vertex -15.4 -0.4 0.299999
      vertex -15.4 0.4 3.2
      vertex -15.4 0.4 0.299999
    endloop
  endfacet
  facet normal -1 -0 0
    outer loop
      vertex -15.4 0.4 3.2
      vertex -15.4 -0.4 0.299999
      vertex -15.4 -0.4 3.2
    endloop
  endfacet
  facet normal -0.965912 -0.258871 0
    outer loop
      vertex -15.0784 -2.04281 0.299999
      vertex -15.2855 -1.27007 3.2
      vertex -15.2855 -1.27007 0.299999
    endloop
  endfacet
  facet normal -0.965912 -0.258871 0
    outer loop
      vertex -15.2855 -1.27007 3.2
      vertex -15.0784 -2.04281 0.299999
      vertex -15.0784 -2.04281 3.2
    endloop
  endfacet
  facet normal 0 0 1
    outer loop
      vertex -14.6816 -1.92864 3.2
      vertex -15.0784 -2.04281 3.2
      vertex -14.6789 -1.93577 3.2
    endloop
  endfacet
  facet normal 0 0 1
    outer loop
      vertex -14.7956 -1.55291 3.2
      vertex -15.0784 -2.04281 3.2
      vertex -14.6816 -1.92864 3.2
    endloop
  endfacet
  facet normal -0 0 1
    outer loop
      vertex -15.2855 -1.27007 3.2
      vertex -14.7956 -1.55291 3.2
      vertex -14.8847 -1.17054 3.2
    endloop
  endfacet
  facet normal 0 0 1
    outer loop
      vertex -15.2855 -1.27007 3.2
      vertex -14.8847 -1.17054 3.2
      vertex -14.886 -1.16303 3.2
    endloop
  endfacet
  facet normal 0 0 1
    outer loop
      vertex -14.7956 -1.55291 3.2
      vertex -15.2855 -1.27007 3.2
      vertex -15.0784 -2.04281 3.2
    endloop
  endfacet
  facet normal 0 0 -1
    outer loop
      vertex -15.0784 -2.04281 0.299999
      vertex -14.6816 -1.92864 0.299999
      vertex -14.6789 -1.93577 0.299999
    endloop
  endfacet
  facet normal 0 0 -1
    outer loop
      vertex -15.0784 -2.04281 0.299999
      vertex -14.7956 -1.55291 0.299999
      vertex -14.6816 -1.92864 0.299999
    endloop
  endfacet
  facet normal 0 0 -1
    outer loop
      vertex -15.2855 -1.27007 0.299999
      vertex -14.7956 -1.55291 0.299999
      vertex -15.0784 -2.04281 0.299999
    endloop
  endfacet
  facet normal 0 0 -1
    outer loop
      vertex -14.7956 -1.55291 0.299999
      vertex -15.2855 -1.27007 0.299999
      vertex -14.8847 -1.17054 0.299999
    endloop
  endfacet
  facet normal -0 0 -1
    outer loop
      vertex -14.8847 -1.17054 0.299999
      vertex -15.2855 -1.27007 0.299999
      vertex -14.886 -1.16303 0.299999
    endloop
  endfacet
  facet normal 0.258806 -0.965929 0
    outer loop
      vertex -15.0784 -2.04281 0.299999
      vertex -14.6789 -1.93577 3.2
      vertex -15.0784 -2.04281 3.2
    endloop
  endfacet
  facet normal 0.258806 -0.965929 0
    outer loop
      vertex -14.6789 -1.93577 3.2
      vertex -15.0784 -2.04281 0.299999
      vertex -14.6789 -1.93577 0.299999
    endloop
  endfacet
  facet normal -0.258806 0.965929 0
    outer loop
      vertex -14.886 -1.16303 0.299999
      vertex -15.2855 -1.27007 3.2
      vertex -14.886 -1.16303 3.2
    endloop
  endfacet
  facet normal -0.258806 0.965929 0
    outer loop
      vertex -15.2855 -1.27007 3.2
      vertex -14.886 -1.16303 0.299999
      vertex -15.2855 -1.27007 0.299999
    endloop
  endfacet
  facet normal -0.866025 -0.5 0
    outer loop
      vertex -14.3426 -3.54641 0.299999
      vertex -14.7426 -2.85359 3.2
      vertex -14.7426 -2.85359 0.299999
    endloop
  endfacet
  facet normal -0.866025 -0.5 0
    outer loop
      vertex -14.7426 -2.85359 3.2
      vertex -14.3426 -3.54641 0.299999
      vertex -14.3426 -3.54641 3.2
    endloop
  endfacet
  facet normal 0 0 1
    outer loop
      vertex -13.9888 -3.33342 3.2
      vertex -14.3426 -3.54641 3.2
      vertex -13.9844 -3.33961 3.2
    endloop
  endfacet
  facet normal 0 0 1
    outer loop
      vertex -14.1962 -3 3.2
      vertex -14.3426 -3.54641 3.2
      vertex -13.9888 -3.33342 3.2
    endloop
  endfacet
  facet normal -0 0 1
    outer loop
      vertex -14.7426 -2.85359 3.2
      vertex -14.1962 -3 3.2
      vertex -14.3812 -2.65373 3.2
    endloop
  endfacet
  facet normal 0 0 1
    outer loop
      vertex -14.7426 -2.85359 3.2
      vertex -14.3812 -2.65373 3.2
      vertex -14.3844 -2.64679 3.2
    endloop
  endfacet
  facet normal 0 0 1
    outer loop
      vertex -14.1962 -3 3.2
      vertex -14.7426 -2.85359 3.2
      vertex -14.3426 -3.54641 3.2
    endloop
  endfacet
  facet normal 0 0 -1
    outer loop
      vertex -14.3426 -3.54641 0.299999
      vertex -13.9888 -3.33342 0.299999
      vertex -13.9844 -3.33961 0.299999
    endloop
  endfacet
  facet normal 0 0 -1
    outer loop
      vertex -14.3426 -3.54641 0.299999
      vertex -14.1962 -3 0.299999
      vertex -13.9888 -3.33342 0.299999
    endloop
  endfacet
  facet normal 0 0 -1
    outer loop
      vertex -14.7426 -2.85359 0.299999
      vertex -14.1962 -3 0.299999
      vertex -14.3426 -3.54641 0.299999
    endloop
  endfacet
  facet normal 0 0 -1
    outer loop
      vertex -14.1962 -3 0.299999
      vertex -14.7426 -2.85359 0.299999
      vertex -14.3812 -2.65373 0.299999
    endloop
  endfacet
  facet normal -0 0 -1
    outer loop
      vertex -14.3812 -2.65373 0.299999
      vertex -14.7426 -2.85359 0.299999
      vertex -14.3844 -2.64679 0.299999
    endloop
  endfacet
  facet normal 0.499988 -0.866033 0
    outer loop
      vertex -14.3426 -3.54641 0.299999
      vertex -13.9844 -3.33961 3.2
      vertex -14.3426 -3.54641 3.2
    endloop
  endfacet
  facet normal 0.499988 -0.866033 0
    outer loop
      vertex -13.9844 -3.33961 3.2
      vertex -14.3426 -3.54641 0.299999
      vertex -13.9844 -3.33961 0.299999
    endloop
  endfacet
  facet normal -0.499988 0.866033 0
    outer loop
      vertex -14.3844 -2.64679 0.299999
      vertex -14.7426 -2.85359 3.2
      vertex -14.3844 -2.64679 3.2
    endloop
  endfacet
  facet normal -0.499988 0.866033 0
    outer loop
      vertex -14.7426 -2.85359 3.2
      vertex -14.3844 -2.64679 0.299999
      vertex -14.7426 -2.85359 0.299999
    endloop
  endfacet
  facet normal -0.707101 -0.707113 0
    outer loop
      vertex -13.2426 -4.80833 0.299999
      vertex -13.8083 -4.24264 3.2
      vertex -13.8083 -4.24264 0.299999
    endloop
  endfacet
  facet normal -0.707101 -0.707113 0
    outer loop
      vertex -13.8083 -4.24264 3.2
      vertex -13.2426 -4.80833 0.299999
      vertex -13.2426 -4.80833 3.2
    endloop
  endfacet
  facet normal 0 0 1
    outer loop
      vertex -12.9561 -4.51104 3.2
      vertex -13.2426 -4.80833 3.2
      vertex -12.9502 -4.51587 3.2
    endloop
  endfacet
  facet normal 0 0 1
    outer loop
      vertex -13.2426 -4.24264 3.2
      vertex -13.2426 -4.80833 3.2
      vertex -12.9561 -4.51104 3.2
    endloop
  endfacet
  facet normal 0 0 1
    outer loop
      vertex -13.8083 -4.24264 3.2
      vertex -13.2426 -4.24264 3.2
      vertex -13.511 -3.95607 3.2
    endloop
  endfacet
  facet normal 0 0 1
    outer loop
      vertex -13.8083 -4.24264 3.2
      vertex -13.511 -3.95607 3.2
      vertex -13.5159 -3.95019 3.2
    endloop
  endfacet
  facet normal 0 0 1
    outer loop
      vertex -13.2426 -4.24264 3.2
      vertex -13.8083 -4.24264 3.2
      vertex -13.2426 -4.80833 3.2
    endloop
  endfacet
  facet normal 0 0 -1
    outer loop
      vertex -13.2426 -4.80833 0.299999
      vertex -12.9561 -4.51104 0.299999
      vertex -12.9502 -4.51587 0.299999
    endloop
  endfacet
  facet normal 0 0 -1
    outer loop
      vertex -13.2426 -4.80833 0.299999
      vertex -13.2426 -4.24264 0.299999
      vertex -12.9561 -4.51104 0.299999
    endloop
  endfacet
  facet normal 0 0 -1
    outer loop
      vertex -13.8083 -4.24264 0.299999
      vertex -13.2426 -4.24264 0.299999
      vertex -13.2426 -4.80833 0.299999
    endloop
  endfacet
  facet normal 0 0 -1
    outer loop
      vertex -13.2426 -4.24264 0.299999
      vertex -13.8083 -4.24264 0.299999
      vertex -13.511 -3.95607 0.299999
    endloop
  endfacet
  facet normal -0 0 -1
    outer loop
      vertex -13.511 -3.95607 0.299999
      vertex -13.8083 -4.24264 0.299999
      vertex -13.5159 -3.95019 0.299999
    endloop
  endfacet
  facet normal 0.707179 -0.707034 0
    outer loop
      vertex -13.2426 -4.80833 0.299999
      vertex -12.9502 -4.51587 3.2
      vertex -13.2426 -4.80833 3.2
    endloop
  endfacet
  facet normal 0.707179 -0.707034 0
    outer loop
      vertex -12.9502 -4.51587 3.2
      vertex -13.2426 -4.80833 0.299999
      vertex -12.9502 -4.51587 0.299999
    endloop
  endfacet
  facet normal -0.707167 0.707046 0
    outer loop
      vertex -13.5159 -3.95019 0.299999
      vertex -13.8083 -4.24264 3.2
      vertex -13.5159 -3.95019 3.2
    endloop
  endfacet
  facet normal -0.707167 0.707046 0
    outer loop
      vertex -13.8083 -4.24264 3.2
      vertex -13.5159 -3.95019 0.299999
      vertex -13.8083 -4.24264 0.299999
    endloop
  endfacet
  facet normal -0.500011 -0.866019 0
    outer loop
      vertex -12.5464 -5.34256 0.299999
      vertex -11.8536 -5.74256 3.2
      vertex -12.5464 -5.34256 3.2
    endloop
  endfacet
  facet normal -0.500011 -0.866019 -0
    outer loop
      vertex -11.8536 -5.74256 3.2
      vertex -12.5464 -5.34256 0.299999
      vertex -11.8536 -5.74256 0.299999
    endloop
  endfacet
  facet normal 0 0 1
    outer loop
      vertex -11.6537 -5.38124 3.2
      vertex -11.8536 -5.74256 3.2
      vertex -11.6468 -5.38438 3.2
    endloop
  endfacet
  facet normal 0 0 1
    outer loop
      vertex -12 -5.19615 3.2
      vertex -11.8536 -5.74256 3.2
      vertex -11.6537 -5.38124 3.2
    endloop
  endfacet
  facet normal 0 0 1
    outer loop
      vertex -12.5464 -5.34256 3.2
      vertex -12 -5.19615 3.2
      vertex -12.3334 -4.98882 3.2
    endloop
  endfacet
  facet normal 0 0 1
    outer loop
      vertex -12.5464 -5.34256 3.2
      vertex -12.3334 -4.98882 3.2
      vertex -12.3396 -4.98438 3.2
    endloop
  endfacet
  facet normal 0 0 1
    outer loop
      vertex -12 -5.19615 3.2
      vertex -12.5464 -5.34256 3.2
      vertex -11.8536 -5.74256 3.2
    endloop
  endfacet
  facet normal 0 0 -1
    outer loop
      vertex -11.8536 -5.74256 0.299999
      vertex -11.6537 -5.38124 0.299999
      vertex -11.6468 -5.38438 0.299999
    endloop
  endfacet
  facet normal 0 0 -1
    outer loop
      vertex -11.8536 -5.74256 0.299999
      vertex -12 -5.19615 0.299999
      vertex -11.6537 -5.38124 0.299999
    endloop
  endfacet
  facet normal 0 0 -1
    outer loop
      vertex -12.5464 -5.34256 0.299999
      vertex -12 -5.19615 0.299999
      vertex -11.8536 -5.74256 0.299999
    endloop
  endfacet
  facet normal -0 0 -1
    outer loop
      vertex -12 -5.19615 0.299999
      vertex -12.5464 -5.34256 0.299999
      vertex -12.3334 -4.98882 0.299999
    endloop
  endfacet
  facet normal -0 0 -1
    outer loop
      vertex -12.3334 -4.98882 0.299999
      vertex -12.5464 -5.34256 0.299999
      vertex -12.3396 -4.98438 0.299999
    endloop
  endfacet
  facet normal 0.866021 -0.500008 0
    outer loop
      vertex -11.8536 -5.74256 3.2
      vertex -11.6468 -5.38438 0.299999
      vertex -11.6468 -5.38438 3.2
    endloop
  endfacet
  facet normal 0.866021 -0.500008 0
    outer loop
      vertex -11.6468 -5.38438 0.299999
      vertex -11.8536 -5.74256 3.2
      vertex -11.8536 -5.74256 0.299999
    endloop
  endfacet
  facet normal -0.866021 0.500008 0
    outer loop
      vertex -12.5464 -5.34256 0.299999
      vertex -12.3396 -4.98438 3.2
      vertex -12.3396 -4.98438 0.299999
    endloop
  endfacet
  facet normal -0.866021 0.500008 0
    outer loop
      vertex -12.3396 -4.98438 3.2
      vertex -12.5464 -5.34256 0.299999
      vertex -12.5464 -5.34256 3.2
    endloop
  endfacet
  facet normal -0.258826 -0.965924 0
    outer loop
      vertex -11.0428 -6.0784 0.299999
      vertex -10.2701 -6.28545 3.2
      vertex -11.0428 -6.0784 3.2
    endloop
  endfacet
  facet normal -0.258826 -0.965924 -0
    outer loop
      vertex -10.2701 -6.28545 3.2
      vertex -11.0428 -6.0784 0.299999
      vertex -10.2701 -6.28545 0.299999
    endloop
  endfacet
  facet normal 0 0 1
    outer loop
      vertex -10.1705 -5.88471 3.2
      vertex -10.2701 -6.28545 3.2
      vertex -10.163 -5.88595 3.2
    endloop
  endfacet
  facet normal 0 0 1
    outer loop
      vertex -10.5529 -5.79555 3.2
      vertex -10.2701 -6.28545 3.2
      vertex -10.1705 -5.88471 3.2
    endloop
  endfacet
  facet normal 0 0 1
    outer loop
      vertex -11.0428 -6.0784 3.2
      vertex -10.5529 -5.79555 3.2
      vertex -10.9286 -5.68158 3.2
    endloop
  endfacet
  facet normal 0 0 1
    outer loop
      vertex -11.0428 -6.0784 3.2
      vertex -10.9286 -5.68158 3.2
      vertex -10.9358 -5.6789 3.2
    endloop
  endfacet
  facet normal 0 0 1
    outer loop
      vertex -10.5529 -5.79555 3.2
      vertex -11.0428 -6.0784 3.2
      vertex -10.2701 -6.28545 3.2
    endloop
  endfacet
  facet normal 0 0 -1
    outer loop
      vertex -10.2701 -6.28545 0.299999
      vertex -10.1705 -5.88471 0.299999
      vertex -10.163 -5.88595 0.299999
    endloop
  endfacet
  facet normal 0 0 -1
    outer loop
      vertex -10.2701 -6.28545 0.299999
      vertex -10.5529 -5.79555 0.299999
      vertex -10.1705 -5.88471 0.299999
    endloop
  endfacet
  facet normal 0 0 -1
    outer loop
      vertex -11.0428 -6.0784 0.299999
      vertex -10.5529 -5.79555 0.299999
      vertex -10.2701 -6.28545 0.299999
    endloop
  endfacet
  facet normal -0 0 -1
    outer loop
      vertex -10.5529 -5.79555 0.299999
      vertex -11.0428 -6.0784 0.299999
      vertex -10.9286 -5.68158 0.299999
    endloop
  endfacet
  facet normal -0 0 -1
    outer loop
      vertex -10.9286 -5.68158 0.299999
      vertex -11.0428 -6.0784 0.299999
      vertex -10.9358 -5.6789 0.299999
    endloop
  endfacet
  facet normal 0.965893 -0.258942 0
    outer loop
      vertex -10.2701 -6.28545 3.2
      vertex -10.163 -5.88595 0.299999
      vertex -10.163 -5.88595 3.2
    endloop
  endfacet
  facet normal 0.965893 -0.258942 0
    outer loop
      vertex -10.163 -5.88595 0.299999
      vertex -10.2701 -6.28545 3.2
      vertex -10.2701 -6.28545 0.299999
    endloop
  endfacet
  facet normal -0.965953 0.258716 0
    outer loop
      vertex -11.0428 -6.0784 0.299999
      vertex -10.9358 -5.6789 3.2
      vertex -10.9358 -5.6789 0.299999
    endloop
  endfacet
  facet normal -0.965953 0.258716 0
    outer loop
      vertex -10.9358 -5.6789 3.2
      vertex -11.0428 -6.0784 0.299999
      vertex -11.0428 -6.0784 3.2
    endloop
  endfacet
  facet normal 0 -1 0
    outer loop
      vertex -9.4 -6.4 0.299999
      vertex -8.6 -6.4 3.2
      vertex -9.4 -6.4 3.2
    endloop
  endfacet
  facet normal 0 -1 -0
    outer loop
      vertex -8.6 -6.4 3.2
      vertex -9.4 -6.4 0.299999
      vertex -8.6 -6.4 0.299999
    endloop
  endfacet
  facet normal -0 0 1
    outer loop
      vertex -8.60758 -5.98715 3.2
      vertex -8.6 -6.4 3.2
      vertex -8.6 -5.98641 3.2
    endloop
  endfacet
  facet normal -0 0 1
    outer loop
      vertex -9 -6 3.2
      vertex -8.6 -6.4 3.2
      vertex -8.60758 -5.98715 3.2
    endloop
  endfacet
  facet normal 0 0 1
    outer loop
      vertex -9.4 -6.4 3.2
      vertex -9 -6 3.2
      vertex -9.39242 -5.98715 3.2
    endloop
  endfacet
  facet normal 0 0 1
    outer loop
      vertex -9.4 -6.4 3.2
      vertex -9.39242 -5.98715 3.2
      vertex -9.4 -5.98641 3.2
    endloop
  endfacet
  facet normal 0 0 1
    outer loop
      vertex -9 -6 3.2
      vertex -9.4 -6.4 3.2
      vertex -8.6 -6.4 3.2
    endloop
  endfacet
  facet normal 0 0 -1
    outer loop
      vertex -8.6 -6.4 0.299999
      vertex -8.60758 -5.98715 0.299999
      vertex -8.6 -5.98641 0.299999
    endloop
  endfacet
  facet normal 0 0 -1
    outer loop
      vertex -8.6 -6.4 0.299999
      vertex -9 -6 0.299999
      vertex -8.60758 -5.98715 0.299999
    endloop
  endfacet
  facet normal 0 0 -1
    outer loop
      vertex -9.4 -6.4 0.299999
      vertex -9 -6 0.299999
      vertex -8.6 -6.4 0.299999
    endloop
  endfacet
  facet normal -0 0 -1
    outer loop
      vertex -9 -6 0.299999
      vertex -9.4 -6.4 0.299999
      vertex -9.39242 -5.98715 0.299999
    endloop
  endfacet
  facet normal -0 0 -1
    outer loop
      vertex -9.39242 -5.98715 0.299999
      vertex -9.4 -6.4 0.299999
      vertex -9.4 -5.98641 0.299999
    endloop
  endfacet
  facet normal -1 0 0
    outer loop
      vertex -9.4 -6.4 0.299999
      vertex -9.4 -5.98641 3.2
      vertex -9.4 -5.98641 0.299999
    endloop
  endfacet
  facet normal -1 -0 0
    outer loop
      vertex -9.4 -5.98641 3.2
      vertex -9.4 -6.4 0.299999
      vertex -9.4 -6.4 3.2
    endloop
  endfacet
  facet normal 1 -0 0
    outer loop
      vertex -8.6 -6.4 3.2
      vertex -8.6 -5.98641 0.299999
      vertex -8.6 -5.98641 3.2
    endloop
  endfacet
  facet normal 1 0 0
    outer loop
      vertex -8.6 -5.98641 0.299999
      vertex -8.6 -6.4 3.2
      vertex -8.6 -6.4 0.299999
    endloop
  endfacet
  facet normal 0.258813 -0.965927 0
    outer loop
      vertex -7.72993 -6.28545 0.299999
      vertex -6.95719 -6.0784 3.2
      vertex -7.72993 -6.28545 3.2
    endloop
  endfacet
  facet normal 0.258813 -0.965927 0
    outer loop
      vertex -6.95719 -6.0784 3.2
      vertex -7.72993 -6.28545 0.299999
      vertex -6.95719 -6.0784 0.299999
    endloop
  endfacet
  facet normal -0 0 1
    outer loop
      vertex -7.07136 -5.68158 3.2
      vertex -6.95719 -6.0784 3.2
      vertex -7.06423 -5.6789 3.2
    endloop
  endfacet
  facet normal -0 0 1
    outer loop
      vertex -7.44709 -5.79555 3.2
      vertex -6.95719 -6.0784 3.2
      vertex -7.07136 -5.68158 3.2
    endloop
  endfacet
  facet normal 0 0 1
    outer loop
      vertex -7.44709 -5.79555 3.2
      vertex -7.72993 -6.28545 3.2
      vertex -6.95719 -6.0784 3.2
    endloop
  endfacet
  facet normal -0 0 1
    outer loop
      vertex -7.82946 -5.88471 3.2
      vertex -7.72993 -6.28545 3.2
      vertex -7.44709 -5.79555 3.2
    endloop
  endfacet
  facet normal 0 0 1
    outer loop
      vertex -7.72993 -6.28545 3.2
      vertex -7.82946 -5.88471 3.2
      vertex -7.83697 -5.88595 3.2
    endloop
  endfacet
  facet normal 0 0 -1
    outer loop
      vertex -6.95719 -6.0784 0.299999
      vertex -7.07136 -5.68158 0.299999
      vertex -7.06423 -5.6789 0.299999
    endloop
  endfacet
  facet normal 0 0 -1
    outer loop
      vertex -6.95719 -6.0784 0.299999
      vertex -7.44709 -5.79555 0.299999
      vertex -7.07136 -5.68158 0.299999
    endloop
  endfacet
  facet normal 0 0 -1
    outer loop
      vertex -7.72993 -6.28545 0.299999
      vertex -7.44709 -5.79555 0.299999
      vertex -6.95719 -6.0784 0.299999
    endloop
  endfacet
  facet normal 0 0 -1
    outer loop
      vertex -7.72993 -6.28545 0.299999
      vertex -7.82946 -5.88471 0.299999
      vertex -7.44709 -5.79555 0.299999
    endloop
  endfacet
  facet normal 0 -0 -1
    outer loop
      vertex -7.82946 -5.88471 0.299999
      vertex -7.72993 -6.28545 0.299999
      vertex -7.83697 -5.88595 0.299999
    endloop
  endfacet
  facet normal 0.965929 0.258806 0
    outer loop
      vertex -6.95719 -6.0784 3.2
      vertex -7.06423 -5.6789 0.299999
      vertex -7.06423 -5.6789 3.2
    endloop
  endfacet
  facet normal 0.965929 0.258806 0
    outer loop
      vertex -7.06423 -5.6789 0.299999
      vertex -6.95719 -6.0784 3.2
      vertex -6.95719 -6.0784 0.299999
    endloop
  endfacet
  facet normal -0.965929 -0.258806 0
    outer loop
      vertex -7.72993 -6.28545 0.299999
      vertex -7.83697 -5.88595 3.2
      vertex -7.83697 -5.88595 0.299999
    endloop
  endfacet
  facet normal -0.965929 -0.258806 0
    outer loop
      vertex -7.83697 -5.88595 3.2
      vertex -7.72993 -6.28545 0.299999
      vertex -7.72993 -6.28545 3.2
    endloop
  endfacet
  facet normal 0.5 -0.866025 0
    outer loop
      vertex -6.14641 -5.74256 0.299999
      vertex -5.45359 -5.34256 3.2
      vertex -6.14641 -5.74256 3.2
    endloop
  endfacet
  facet normal 0.5 -0.866025 0
    outer loop
      vertex -5.45359 -5.34256 3.2
      vertex -6.14641 -5.74256 0.299999
      vertex -5.45359 -5.34256 0.299999
    endloop
  endfacet
  facet normal -0 0 1
    outer loop
      vertex -5.66658 -4.98882 3.2
      vertex -5.45359 -5.34256 3.2
      vertex -5.66039 -4.98438 3.2
    endloop
  endfacet
  facet normal -0 0 1
    outer loop
      vertex -6 -5.19615 3.2
      vertex -5.45359 -5.34256 3.2
      vertex -5.66658 -4.98882 3.2
    endloop
  endfacet
  facet normal 0 0 1
    outer loop
      vertex -6 -5.19615 3.2
      vertex -6.14641 -5.74256 3.2
      vertex -5.45359 -5.34256 3.2
    endloop
  endfacet
  facet normal -0 0 1
    outer loop
      vertex -6.34627 -5.38124 3.2
      vertex -6.14641 -5.74256 3.2
      vertex -6 -5.19615 3.2
    endloop
  endfacet
  facet normal 0 0 1
    outer loop
      vertex -6.14641 -5.74256 3.2
      vertex -6.34627 -5.38124 3.2
      vertex -6.35321 -5.38438 3.2
    endloop
  endfacet
  facet normal 0 0 -1
    outer loop
      vertex -5.45359 -5.34256 0.299999
      vertex -5.66658 -4.98882 0.299999
      vertex -5.66039 -4.98438 0.299999
    endloop
  endfacet
  facet normal 0 0 -1
    outer loop
      vertex -5.45359 -5.34256 0.299999
      vertex -6 -5.19615 0.299999
      vertex -5.66658 -4.98882 0.299999
    endloop
  endfacet
  facet normal 0 0 -1
    outer loop
      vertex -6.14641 -5.74256 0.299999
      vertex -6 -5.19615 0.299999
      vertex -5.45359 -5.34256 0.299999
    endloop
  endfacet
  facet normal 0 0 -1
    outer loop
      vertex -6.14641 -5.74256 0.299999
      vertex -6.34627 -5.38124 0.299999
      vertex -6 -5.19615 0.299999
    endloop
  endfacet
  facet normal 0 -0 -1
    outer loop
      vertex -6.34627 -5.38124 0.299999
      vertex -6.14641 -5.74256 0.299999
      vertex -6.35321 -5.38438 0.299999
    endloop
  endfacet
  facet normal 0.866021 0.500008 0
    outer loop
      vertex -5.45359 -5.34256 3.2
      vertex -5.66039 -4.98438 0.299999
      vertex -5.66039 -4.98438 3.2
    endloop
  endfacet
  facet normal 0.866021 0.500008 0
    outer loop
      vertex -5.66039 -4.98438 0.299999
      vertex -5.45359 -5.34256 3.2
      vertex -5.45359 -5.34256 0.299999
    endloop
  endfacet
  facet normal -0.866021 -0.500008 0
    outer loop
      vertex -6.14641 -5.74256 0.299999
      vertex -6.35321 -5.38438 3.2
      vertex -6.35321 -5.38438 0.299999
    endloop
  endfacet
  facet normal -0.866021 -0.500008 0
    outer loop
      vertex -6.35321 -5.38438 3.2
      vertex -6.14641 -5.74256 0.299999
      vertex -6.14641 -5.74256 3.2
    endloop
  endfacet
  facet normal 0.707107 -0.707107 0
    outer loop
      vertex -4.75736 -4.80833 3.2
      vertex -4.19167 -4.24264 0.299999
      vertex -4.19167 -4.24264 3.2
    endloop
  endfacet
  facet normal 0.707107 -0.707107 0
    outer loop
      vertex -4.19167 -4.24264 0.299999
      vertex -4.75736 -4.80833 3.2
      vertex -4.75736 -4.80833 0.299999
    endloop
  endfacet
  facet normal -0 0 1
    outer loop
      vertex -4.48896 -3.95607 3.2
      vertex -4.19167 -4.24264 3.2
      vertex -4.48413 -3.95019 3.2
    endloop
  endfacet
  facet normal 0 0 1
    outer loop
      vertex -4.75736 -4.24264 3.2
      vertex -4.19167 -4.24264 3.2
      vertex -4.48896 -3.95607 3.2
    endloop
  endfacet
  facet normal -0 0 1
    outer loop
      vertex -4.75736 -4.24264 3.2
      vertex -4.75736 -4.80833 3.2
      vertex -4.19167 -4.24264 3.2
    endloop
  endfacet
  facet normal -0 0 1
    outer loop
      vertex -5.04393 -4.51104 3.2
      vertex -4.75736 -4.80833 3.2
      vertex -4.75736 -4.24264 3.2
    endloop
  endfacet
  facet normal 0 0 1
    outer loop
      vertex -4.75736 -4.80833 3.2
      vertex -5.04393 -4.51104 3.2
      vertex -5.04981 -4.51587 3.2
    endloop
  endfacet
  facet normal 0 0 -1
    outer loop
      vertex -4.19167 -4.24264 0.299999
      vertex -4.48896 -3.95607 0.299999
      vertex -4.48413 -3.95019 0.299999
    endloop
  endfacet
  facet normal 0 0 -1
    outer loop
      vertex -4.75736 -4.24264 0.299999
      vertex -4.19167 -4.24264 0.299999
      vertex -4.75736 -4.80833 0.299999
    endloop
  endfacet
  facet normal 0 0 -1
    outer loop
      vertex -4.19167 -4.24264 0.299999
      vertex -4.75736 -4.24264 0.299999
      vertex -4.48896 -3.95607 0.299999
    endloop
  endfacet
  facet normal 0 0 -1
    outer loop
      vertex -4.75736 -4.80833 0.299999
      vertex -5.04393 -4.51104 0.299999
      vertex -4.75736 -4.24264 0.299999
    endloop
  endfacet
  facet normal 0 -0 -1
    outer loop
      vertex -5.04393 -4.51104 0.299999
      vertex -4.75736 -4.80833 0.299999
      vertex -5.04981 -4.51587 0.299999
    endloop
  endfacet
  facet normal 0.707095 0.707119 0
    outer loop
      vertex -4.19167 -4.24264 3.2
      vertex -4.48413 -3.95019 0.299999
      vertex -4.48413 -3.95019 3.2
    endloop
  endfacet
  facet normal 0.707095 0.707119 0
    outer loop
      vertex -4.48413 -3.95019 0.299999
      vertex -4.19167 -4.24264 3.2
      vertex -4.19167 -4.24264 0.299999
    endloop
  endfacet
  facet normal -0.707119 -0.707095 0
    outer loop
      vertex -4.75736 -4.80833 0.299999
      vertex -5.04981 -4.51587 3.2
      vertex -5.04981 -4.51587 0.299999
    endloop
  endfacet
  facet normal -0.707119 -0.707095 0
    outer loop
      vertex -5.04981 -4.51587 3.2
      vertex -4.75736 -4.80833 0.299999
      vertex -4.75736 -4.80833 3.2
    endloop
  endfacet
  facet normal 0.866025 -0.5 0
    outer loop
      vertex -3.65744 -3.54641 3.2
      vertex -3.25744 -2.85359 0.299999
      vertex -3.25744 -2.85359 3.2
    endloop
  endfacet
  facet normal 0.866025 -0.5 0
    outer loop
      vertex -3.25744 -2.85359 0.299999
      vertex -3.65744 -3.54641 3.2
      vertex -3.65744 -3.54641 0.299999
    endloop
  endfacet
  facet normal -0 0 1
    outer loop
      vertex -3.61876 -2.65373 3.2
      vertex -3.25744 -2.85359 3.2
      vertex -3.61562 -2.64679 3.2
    endloop
  endfacet
  facet normal 0 0 1
    outer loop
      vertex -3.80385 -3 3.2
      vertex -3.25744 -2.85359 3.2
      vertex -3.61876 -2.65373 3.2
    endloop
  endfacet
  facet normal 0 0 1
    outer loop
      vertex -3.25744 -2.85359 3.2
      vertex -3.80385 -3 3.2
      vertex -3.65744 -3.54641 3.2
    endloop
  endfacet
  facet normal -0 0 1
    outer loop
      vertex -4.01118 -3.33342 3.2
      vertex -3.65744 -3.54641 3.2
      vertex -3.80385 -3 3.2
    endloop
  endfacet
  facet normal 0 0 1
    outer loop
      vertex -3.65744 -3.54641 3.2
      vertex -4.01118 -3.33342 3.2
      vertex -4.01562 -3.33961 3.2
    endloop
  endfacet
  facet normal 0 0 -1
    outer loop
      vertex -3.25744 -2.85359 0.299999
      vertex -3.61876 -2.65373 0.299999
      vertex -3.61562 -2.64679 0.299999
    endloop
  endfacet
  facet normal 0 0 -1
    outer loop
      vertex -3.80385 -3 0.299999
      vertex -3.25744 -2.85359 0.299999
      vertex -3.65744 -3.54641 0.299999
    endloop
  endfacet
  facet normal -0 0 -1
    outer loop
      vertex -3.25744 -2.85359 0.299999
      vertex -3.80385 -3 0.299999
      vertex -3.61876 -2.65373 0.299999
    endloop
  endfacet
  facet normal 0 0 -1
    outer loop
      vertex -3.65744 -3.54641 0.299999
      vertex -4.01118 -3.33342 0.299999
      vertex -3.80385 -3 0.299999
    endloop
  endfacet
  facet normal 0 -0 -1
    outer loop
      vertex -4.01118 -3.33342 0.299999
      vertex -3.65744 -3.54641 0.299999
      vertex -4.01562 -3.33961 0.299999
    endloop
  endfacet
  facet normal 0.500008 0.866021 -0
    outer loop
      vertex -3.25744 -2.85359 0.299999
      vertex -3.61562 -2.64679 3.2
      vertex -3.25744 -2.85359 3.2
    endloop
  endfacet
  facet normal 0.500008 0.866021 0
    outer loop
      vertex -3.61562 -2.64679 3.2
      vertex -3.25744 -2.85359 0.299999
      vertex -3.61562 -2.64679 0.299999
    endloop
  endfacet
  facet normal -0.500008 -0.866021 0
    outer loop
      vertex -4.01562 -3.33961 0.299999
      vertex -3.65744 -3.54641 3.2
      vertex -4.01562 -3.33961 3.2
    endloop
  endfacet
  facet normal -0.500008 -0.866021 -0
    outer loop
      vertex -3.65744 -3.54641 3.2
      vertex -4.01562 -3.33961 0.299999
      vertex -3.65744 -3.54641 0.299999
    endloop
  endfacet
  facet normal 0.965927 -0.258813 0
    outer loop
      vertex -2.9216 -2.04281 3.2
      vertex -2.71455 -1.27007 0.299999
      vertex -2.71455 -1.27007 3.2
    endloop
  endfacet
  facet normal 0.965927 -0.258813 0
    outer loop
      vertex -2.71455 -1.27007 0.299999
      vertex -2.9216 -2.04281 3.2
      vertex -2.9216 -2.04281 0.299999
    endloop
  endfacet
  facet normal -0 0 1
    outer loop
      vertex -3.11529 -1.17054 3.2
      vertex -2.71455 -1.27007 3.2
      vertex -3.11405 -1.16303 3.2
    endloop
  endfacet
  facet normal 0 0 1
    outer loop
      vertex -3.20445 -1.55291 3.2
      vertex -2.71455 -1.27007 3.2
      vertex -3.11529 -1.17054 3.2
    endloop
  endfacet
  facet normal 0 0 1
    outer loop
      vertex -2.71455 -1.27007 3.2
      vertex -3.20445 -1.55291 3.2
      vertex -2.9216 -2.04281 3.2
    endloop
  endfacet
  facet normal -0 0 1
    outer loop
      vertex -3.31842 -1.92864 3.2
      vertex -2.9216 -2.04281 3.2
      vertex -3.20445 -1.55291 3.2
    endloop
  endfacet
  facet normal 0 0 1
    outer loop
      vertex -2.9216 -2.04281 3.2
      vertex -3.31842 -1.92864 3.2
      vertex -3.3211 -1.93577 3.2
    endloop
  endfacet
  facet normal 0 0 -1
    outer loop
      vertex -3.20445 -1.55291 0.299999
      vertex -2.71455 -1.27007 0.299999
      vertex -2.9216 -2.04281 0.299999
    endloop
  endfacet
  facet normal 0 0 -1
    outer loop
      vertex -2.71455 -1.27007 0.299999
      vertex -3.11529 -1.17054 0.299999
      vertex -3.11405 -1.16303 0.299999
    endloop
  endfacet
  facet normal -0 0 -1
    outer loop
      vertex -2.71455 -1.27007 0.299999
      vertex -3.20445 -1.55291 0.299999
      vertex -3.11529 -1.17054 0.299999
    endloop
  endfacet
  facet normal 0 0 -1
    outer loop
      vertex -2.9216 -2.04281 0.299999
      vertex -3.31842 -1.92864 0.299999
      vertex -3.20445 -1.55291 0.299999
    endloop
  endfacet
  facet normal 0 -0 -1
    outer loop
      vertex -3.31842 -1.92864 0.299999
      vertex -2.9216 -2.04281 0.299999
      vertex -3.3211 -1.93577 0.299999
    endloop
  endfacet
  facet normal 0.258806 0.965929 -0
    outer loop
      vertex -2.71455 -1.27007 0.299999
      vertex -3.11405 -1.16303 3.2
      vertex -2.71455 -1.27007 3.2
    endloop
  endfacet
  facet normal 0.258806 0.965929 0
    outer loop
      vertex -3.11405 -1.16303 3.2
      vertex -2.71455 -1.27007 0.299999
      vertex -3.11405 -1.16303 0.299999
    endloop
  endfacet
  facet normal -0.258806 -0.965929 0
    outer loop
      vertex -3.3211 -1.93577 0.299999
      vertex -2.9216 -2.04281 3.2
      vertex -3.3211 -1.93577 3.2
    endloop
  endfacet
  facet normal -0.258806 -0.965929 -0
    outer loop
      vertex -2.9216 -2.04281 3.2
      vertex -3.3211 -1.93577 0.299999
      vertex -2.9216 -2.04281 0.299999
    endloop
  endfacet
  facet normal 0.995184 0.0980234 0
    outer loop
      vertex -3.05133 0.783156 3.5
      vertex -3.01359 0.4 3.2
      vertex -3.05133 0.783156 0
    endloop
  endfacet
  facet normal 0.995186 0.0980062 2.21519e-05
    outer loop
      vertex -3.01285 0.392418 3.5
      vertex -3.01359 0.4 3.2
      vertex -3.05133 0.783156 3.5
    endloop
  endfacet
  facet normal 0.995271 0.097138 0
    outer loop
      vertex -3.01359 0.4 3.2
      vertex -3.01285 0.392418 3.5
      vertex -3.01285 0.392418 3.2
    endloop
  endfacet
  facet normal 0.995184 0.0980234 -0
    outer loop
      vertex -3.01359 0.4 0.299999
      vertex -3.05133 0.783156 0
      vertex -3.01359 0.4 3.2
    endloop
  endfacet
  facet normal 0.995271 0.097138 -0
    outer loop
      vertex -3.01285 0.392418 0
      vertex -3.01359 0.4 0.299999
      vertex -3.01285 0.392418 0.299999
    endloop
  endfacet
  facet normal 0.995186 0.0980062 -2.2152e-05
    outer loop
      vertex -3.01359 0.4 0.299999
      vertex -3.01285 0.392418 0
      vertex -3.05133 0.783156 0
    endloop
  endfacet
  facet normal 0.999464 0.0327282 0
    outer loop
      vertex -3 0 0.299999
      vertex -3.01285 0.392418 0
      vertex -3.01285 0.392418 0.299999
    endloop
  endfacet
  facet normal 0.999464 0.0327282 0
    outer loop
      vertex -3.01285 0.392418 0
      vertex -3 0 0.299999
      vertex -3 0 0
    endloop
  endfacet
  facet normal 0.999464 0.0327282 0
    outer loop
      vertex -3 0 3.5
      vertex -3.01285 0.392418 3.2
      vertex -3.01285 0.392418 3.5
    endloop
  endfacet
  facet normal 0.999464 0.0327282 0
    outer loop
      vertex -3.01285 0.392418 3.2
      vertex -3 0 3.5
      vertex -3 0 3.2
    endloop
  endfacet
  facet normal 0.986641 0.162907 0
    outer loop
      vertex -3.11529 1.17054 3.5
      vertex -3.11405 1.16303 3.2
      vertex -3.11529 1.17054 3.2
    endloop
  endfacet
  facet normal 0.986642 0.162902 0
    outer loop
      vertex -3.11405 1.16303 3.2
      vertex -3.05133 0.783156 3.5
      vertex -3.11405 1.16303 0.299999
    endloop
  endfacet
  facet normal 0.986642 0.162902 1.40591e-07
    outer loop
      vertex -3.05133 0.783156 3.5
      vertex -3.11405 1.16303 3.2
      vertex -3.11529 1.17054 3.5
    endloop
  endfacet
  facet normal 0.986641 0.162907 0
    outer loop
      vertex -3.11405 1.16303 0.299999
      vertex -3.11529 1.17054 0
      vertex -3.11529 1.17054 0.299999
    endloop
  endfacet
  facet normal 0.986642 0.162902 -0
    outer loop
      vertex -3.05133 0.783156 0
      vertex -3.11405 1.16303 0.299999
      vertex -3.05133 0.783156 3.5
    endloop
  endfacet
  facet normal 0.986642 0.162902 -1.40591e-07
    outer loop
      vertex -3.11405 1.16303 0.299999
      vertex -3.05133 0.783156 0
      vertex -3.11529 1.17054 0
    endloop
  endfacet
  facet normal -0.815066 -0.579368 0
    outer loop
      vertex -13.9888 -3.33342 0
      vertex -13.9844 -3.33961 0.299999
      vertex -13.9888 -3.33342 0.299999
    endloop
  endfacet
  facet normal -0.812802 -0.58254 0
    outer loop
      vertex -13.9844 -3.33961 0.299999
      vertex -13.7601 -3.65257 0
      vertex -13.9844 -3.33961 3.2
    endloop
  endfacet
  facet normal -0.812846 -0.582478 -9.67235e-05
    outer loop
      vertex -13.7601 -3.65257 0
      vertex -13.9844 -3.33961 0.299999
      vertex -13.9888 -3.33342 0
    endloop
  endfacet
  facet normal -0.815066 -0.579368 0
    outer loop
      vertex -13.9844 -3.33961 3.2
      vertex -13.9888 -3.33342 3.5
      vertex -13.9888 -3.33342 3.2
    endloop
  endfacet
  facet normal -0.812802 -0.58254 -0
    outer loop
      vertex -13.7601 -3.65257 3.5
      vertex -13.9844 -3.33961 3.2
      vertex -13.7601 -3.65257 0
    endloop
  endfacet
  facet normal -0.812846 -0.582478 9.67231e-05
    outer loop
      vertex -13.9844 -3.33961 3.2
      vertex -13.7601 -3.65257 3.5
      vertex -13.9888 -3.33342 3.5
    endloop
  endfacet
  facet normal 0.995271 -0.097138 0
    outer loop
      vertex -3.01285 -0.392418 3.5
      vertex -3.01359 -0.4 3.2
      vertex -3.01285 -0.392418 3.2
    endloop
  endfacet
  facet normal 0.995184 -0.0980234 0
    outer loop
      vertex -3.01359 -0.4 3.2
      vertex -3.05133 -0.783156 3.5
      vertex -3.01359 -0.4 0.299999
    endloop
  endfacet
  facet normal 0.995186 -0.0980062 2.21519e-05
    outer loop
      vertex -3.05133 -0.783156 3.5
      vertex -3.01359 -0.4 3.2
      vertex -3.01285 -0.392418 3.5
    endloop
  endfacet
  facet normal 0.995271 -0.097138 0
    outer loop
      vertex -3.01359 -0.4 0.299999
      vertex -3.01285 -0.392418 0
      vertex -3.01285 -0.392418 0.299999
    endloop
  endfacet
  facet normal 0.995184 -0.0980234 0
    outer loop
      vertex -3.05133 -0.783156 0
      vertex -3.01359 -0.4 0.299999
      vertex -3.05133 -0.783156 3.5
    endloop
  endfacet
  facet normal 0.995186 -0.0980062 -2.2152e-05
    outer loop
      vertex -3.01359 -0.4 0.299999
      vertex -3.05133 -0.783156 0
      vertex -3.01285 -0.392418 0
    endloop
  endfacet
  facet normal 0.773011 -0.634393 0
    outer loop
      vertex -4.23988 -3.65257 3.5
      vertex -4.48413 -3.95019 3.2
      vertex -4.23988 -3.65257 0
    endloop
  endfacet
  facet normal 0.773005 -0.634399 1.11608e-05
    outer loop
      vertex -4.48896 -3.95607 3.5
      vertex -4.48413 -3.95019 3.2
      vertex -4.23988 -3.65257 3.5
    endloop
  endfacet
  facet normal 0.772726 -0.634739 0
    outer loop
      vertex -4.48413 -3.95019 3.2
      vertex -4.48896 -3.95607 3.5
      vertex -4.48896 -3.95607 3.2
    endloop
  endfacet
  facet normal 0.773011 -0.634393 0
    outer loop
      vertex -4.48413 -3.95019 0.299999
      vertex -4.23988 -3.65257 0
      vertex -4.48413 -3.95019 3.2
    endloop
  endfacet
  facet normal 0.772726 -0.634739 0
    outer loop
      vertex -4.48896 -3.95607 0
      vertex -4.48413 -3.95019 0.299999
      vertex -4.48896 -3.95607 0.299999
    endloop
  endfacet
  facet normal 0.773005 -0.634399 -1.11609e-05
    outer loop
      vertex -4.48413 -3.95019 0.299999
      vertex -4.48896 -3.95607 0
      vertex -4.23988 -3.65257 0
    endloop
  endfacet
  facet normal 0.935905 0.352253 0
    outer loop
      vertex -3.45672 2.2961 3.5
      vertex -3.3211 1.93577 3.2
      vertex -3.45672 2.2961 0
    endloop
  endfacet
  facet normal 0.935908 0.352245 1.09197e-05
    outer loop
      vertex -3.31842 1.92864 3.5
      vertex -3.3211 1.93577 3.2
      vertex -3.45672 2.2961 3.5
    endloop
  endfacet
  facet normal 0.936059 0.351843 0
    outer loop
      vertex -3.3211 1.93577 3.2
      vertex -3.31842 1.92864 3.5
      vertex -3.31842 1.92864 3.2
    endloop
  endfacet
  facet normal 0.935905 0.352253 -0
    outer loop
      vertex -3.3211 1.93577 0.299999
      vertex -3.45672 2.2961 0
      vertex -3.3211 1.93577 3.2
    endloop
  endfacet
  facet normal 0.936059 0.351843 -0
    outer loop
      vertex -3.31842 1.92864 0
      vertex -3.3211 1.93577 0.299999
      vertex -3.31842 1.92864 0.299999
    endloop
  endfacet
  facet normal 0.935908 0.352245 -1.09197e-05
    outer loop
      vertex -3.3211 1.93577 0.299999
      vertex -3.31842 1.92864 0
      vertex -3.45672 2.2961 0
    endloop
  endfacet
  facet normal 0.973875 0.227085 0
    outer loop
      vertex -3.11529 1.17054 0.299999
      vertex -3.20445 1.55291 0
      vertex -3.20445 1.55291 0.299999
    endloop
  endfacet
  facet normal 0.973875 0.227085 0
    outer loop
      vertex -3.20445 1.55291 0
      vertex -3.11529 1.17054 0.299999
      vertex -3.11529 1.17054 0
    endloop
  endfacet
  facet normal 0.973875 0.227085 0
    outer loop
      vertex -3.11529 1.17054 3.5
      vertex -3.20445 1.55291 3.2
      vertex -3.20445 1.55291 3.5
    endloop
  endfacet
  facet normal 0.973875 0.227085 0
    outer loop
      vertex -3.20445 1.55291 3.2
      vertex -3.11529 1.17054 3.5
      vertex -3.11529 1.17054 3.2
    endloop
  endfacet
  facet normal -0.935922 0.352208 0
    outer loop
      vertex -14.5433 2.2961 0
      vertex -14.6789 1.93577 0.299999
      vertex -14.5433 2.2961 3.5
    endloop
  endfacet
  facet normal -0.935908 0.352245 5.14743e-05
    outer loop
      vertex -14.6816 1.92864 0
      vertex -14.6789 1.93577 0.299999
      vertex -14.5433 2.2961 0
    endloop
  endfacet
  facet normal -0.935192 0.35414 0
    outer loop
      vertex -14.6789 1.93577 0.299999
      vertex -14.6816 1.92864 0
      vertex -14.6816 1.92864 0.299999
    endloop
  endfacet
  facet normal -0.935922 0.352208 0
    outer loop
      vertex -14.6789 1.93577 3.2
      vertex -14.5433 2.2961 3.5
      vertex -14.6789 1.93577 0.299999
    endloop
  endfacet
  facet normal -0.935192 0.35414 0
    outer loop
      vertex -14.6816 1.92864 3.5
      vertex -14.6789 1.93577 3.2
      vertex -14.6816 1.92864 3.2
    endloop
  endfacet
  facet normal -0.935908 0.352245 -5.14742e-05
    outer loop
      vertex -14.6789 1.93577 3.2
      vertex -14.6816 1.92864 3.5
      vertex -14.5433 2.2961 3.5
    endloop
  endfacet
  facet normal 0.471406 0.881916 -0
    outer loop
      vertex -6 5.19615 0
      vertex -6.34627 5.38124 0.299999
      vertex -6 5.19615 0.299999
    endloop
  endfacet
  facet normal 0.471406 0.881916 0
    outer loop
      vertex -6.34627 5.38124 0.299999
      vertex -6 5.19615 0
      vertex -6.34627 5.38124 0
    endloop
  endfacet
  facet normal 0.471406 0.881916 -0
    outer loop
      vertex -6 5.19615 3.2
      vertex -6.34627 5.38124 3.5
      vertex -6 5.19615 3.5
    endloop
  endfacet
  facet normal 0.471406 0.881916 0
    outer loop
      vertex -6.34627 5.38124 3.5
      vertex -6 5.19615 3.2
      vertex -6.34627 5.38124 3.2
    endloop
  endfacet
  facet normal 0.032728 -0.999464 0
    outer loop
      vertex -9 -6 0
      vertex -8.60758 -5.98715 0.299999
      vertex -9 -6 0.299999
    endloop
  endfacet
  facet normal 0.032728 -0.999464 0
    outer loop
      vertex -8.60758 -5.98715 0.299999
      vertex -9 -6 0
      vertex -8.60758 -5.98715 0
    endloop
  endfacet
  facet normal 0.032728 -0.999464 0
    outer loop
      vertex -9 -6 3.2
      vertex -8.60758 -5.98715 3.5
      vertex -9 -6 3.5
    endloop
  endfacet
  facet normal 0.032728 -0.999464 0
    outer loop
      vertex -8.60758 -5.98715 3.5
      vertex -9 -6 3.2
      vertex -8.60758 -5.98715 3.2
    endloop
  endfacet
  facet normal -0.633452 -0.773782 -0
    outer loop
      vertex -12.9561 -4.51104 0.299999
      vertex -12.9561 -4.51104 0
      vertex -12.9502 -4.51587 0.299999
    endloop
  endfacet
  facet normal -0.633452 -0.773782 0
    outer loop
      vertex -12.9502 -4.51587 3.2
      vertex -12.9561 -4.51104 3.5
      vertex -12.9561 -4.51104 3.2
    endloop
  endfacet
  facet normal -0.634399 -0.773005 -3.11325e-05
    outer loop
      vertex -12.9561 -4.51104 3.5
      vertex -12.9502 -4.51587 3.2
      vertex -12.6526 -4.76012 3.5
    endloop
  endfacet
  facet normal -0.634418 -0.77299 0
    outer loop
      vertex -12.9502 -4.51587 0.299999
      vertex -12.6526 -4.76012 3.5
      vertex -12.9502 -4.51587 3.2
    endloop
  endfacet
  facet normal -0.634399 -0.773005 3.11326e-05
    outer loop
      vertex -12.6526 -4.76012 0
      vertex -12.9502 -4.51587 0.299999
      vertex -12.9561 -4.51104 0
    endloop
  endfacet
  facet normal -0.634418 -0.77299 0
    outer loop
      vertex -12.9502 -4.51587 0.299999
      vertex -12.6526 -4.76012 0
      vertex -12.6526 -4.76012 3.5
    endloop
  endfacet
  facet normal 0.729867 -0.683589 0
    outer loop
      vertex -4.75736 -4.24264 3.5
      vertex -4.48896 -3.95607 3.2
      vertex -4.48896 -3.95607 3.5
    endloop
  endfacet
  facet normal 0.729867 -0.683589 0
    outer loop
      vertex -4.48896 -3.95607 3.2
      vertex -4.75736 -4.24264 3.5
      vertex -4.75736 -4.24264 3.2
    endloop
  endfacet
  facet normal 0.729867 -0.683589 0
    outer loop
      vertex -4.75736 -4.24264 0.299999
      vertex -4.48896 -3.95607 0
      vertex -4.48896 -3.95607 0.299999
    endloop
  endfacet
  facet normal 0.729867 -0.683589 0
    outer loop
      vertex -4.48896 -3.95607 0
      vertex -4.75736 -4.24264 0.299999
      vertex -4.75736 -4.24264 0
    endloop
  endfacet
  facet normal -0.973909 0.226941 0
    outer loop
      vertex -14.8847 1.17054 0
      vertex -14.7956 1.55291 0.299999
      vertex -14.7956 1.55291 0
    endloop
  endfacet
  facet normal -0.973909 0.226941 0
    outer loop
      vertex -14.7956 1.55291 0.299999
      vertex -14.8847 1.17054 0
      vertex -14.8847 1.17054 0.299999
    endloop
  endfacet
  facet normal -0.973909 0.226941 0
    outer loop
      vertex -14.8847 1.17054 3.2
      vertex -14.7956 1.55291 3.5
      vertex -14.7956 1.55291 3.2
    endloop
  endfacet
  facet normal -0.973909 0.226941 0
    outer loop
      vertex -14.7956 1.55291 3.5
      vertex -14.8847 1.17054 3.2
      vertex -14.8847 1.17054 3.5
    endloop
  endfacet
  facet normal 0.911084 0.41222 0
    outer loop
      vertex -3.61876 2.65373 3.5
      vertex -3.61562 2.64679 3.2
      vertex -3.61876 2.65373 3.2
    endloop
  endfacet
  facet normal 0.91086 0.412717 0
    outer loop
      vertex -3.61562 2.64679 3.2
      vertex -3.45672 2.2961 3.5
      vertex -3.61562 2.64679 0.299999
    endloop
  endfacet
  facet normal 0.910864 0.412707 -1.35786e-05
    outer loop
      vertex -3.45672 2.2961 3.5
      vertex -3.61562 2.64679 3.2
      vertex -3.61876 2.65373 3.5
    endloop
  endfacet
  facet normal 0.911084 0.41222 0
    outer loop
      vertex -3.61562 2.64679 0.299999
      vertex -3.61876 2.65373 0
      vertex -3.61876 2.65373 0.299999
    endloop
  endfacet
  facet normal 0.91086 0.412717 -0
    outer loop
      vertex -3.45672 2.2961 0
      vertex -3.61562 2.64679 0.299999
      vertex -3.45672 2.2961 3.5
    endloop
  endfacet
  facet normal 0.910864 0.412707 1.35787e-05
    outer loop
      vertex -3.61562 2.64679 0.299999
      vertex -3.45672 2.2961 0
      vertex -3.61876 2.65373 0
    endloop
  endfacet
  facet normal 0.986642 -0.162902 0
    outer loop
      vertex -3.05133 -0.783156 3.5
      vertex -3.11405 -1.16303 3.2
      vertex -3.05133 -0.783156 0
    endloop
  endfacet
  facet normal 0.986642 -0.162902 1.40591e-07
    outer loop
      vertex -3.11529 -1.17054 3.5
      vertex -3.11405 -1.16303 3.2
      vertex -3.05133 -0.783156 3.5
    endloop
  endfacet
  facet normal 0.986641 -0.162907 0
    outer loop
      vertex -3.11405 -1.16303 3.2
      vertex -3.11529 -1.17054 3.5
      vertex -3.11529 -1.17054 3.2
    endloop
  endfacet
  facet normal 0.986642 -0.162902 0
    outer loop
      vertex -3.11405 -1.16303 0.299999
      vertex -3.05133 -0.783156 0
      vertex -3.11405 -1.16303 3.2
    endloop
  endfacet
  facet normal 0.986641 -0.162907 0
    outer loop
      vertex -3.11529 -1.17054 0
      vertex -3.11405 -1.16303 0.299999
      vertex -3.11529 -1.17054 0.299999
    endloop
  endfacet
  facet normal 0.986642 -0.162902 -1.40591e-07
    outer loop
      vertex -3.11405 -1.16303 0.299999
      vertex -3.11529 -1.17054 0
      vertex -3.05133 -0.783156 0
    endloop
  endfacet
  facet normal 0.772726 0.634739 0
    outer loop
      vertex -4.48896 3.95607 3.5
      vertex -4.48413 3.95019 3.2
      vertex -4.48896 3.95607 3.2
    endloop
  endfacet
  facet normal 0.773011 0.634393 0
    outer loop
      vertex -4.48413 3.95019 3.2
      vertex -4.23988 3.65257 3.5
      vertex -4.48413 3.95019 0.299999
    endloop
  endfacet
  facet normal 0.773005 0.634399 1.11608e-05
    outer loop
      vertex -4.23988 3.65257 3.5
      vertex -4.48413 3.95019 3.2
      vertex -4.48896 3.95607 3.5
    endloop
  endfacet
  facet normal 0.772726 0.634739 0
    outer loop
      vertex -4.48413 3.95019 0.299999
      vertex -4.48896 3.95607 0
      vertex -4.48896 3.95607 0.299999
    endloop
  endfacet
  facet normal 0.773011 0.634393 -0
    outer loop
      vertex -4.23988 3.65257 0
      vertex -4.48413 3.95019 0.299999
      vertex -4.23988 3.65257 3.5
    endloop
  endfacet
  facet normal 0.773005 0.634399 -1.11609e-05
    outer loop
      vertex -4.48413 3.95019 0.299999
      vertex -4.23988 3.65257 0
      vertex -4.48896 3.95607 0
    endloop
  endfacet
  facet normal 0.41222 0.911084 0
    outer loop
      vertex -6.34627 5.38124 0.299999
      vertex -6.34627 5.38124 0
      vertex -6.35321 5.38438 0.299999
    endloop
  endfacet
  facet normal 0.41222 0.911084 0
    outer loop
      vertex -6.35321 5.38438 3.2
      vertex -6.34627 5.38124 3.5
      vertex -6.34627 5.38124 3.2
    endloop
  endfacet
  facet normal 0.412707 0.910864 -1.35786e-05
    outer loop
      vertex -6.34627 5.38124 3.5
      vertex -6.35321 5.38438 3.2
      vertex -6.7039 5.54328 3.5
    endloop
  endfacet
  facet normal 0.412717 0.91086 -0
    outer loop
      vertex -6.35321 5.38438 0.299999
      vertex -6.7039 5.54328 3.5
      vertex -6.35321 5.38438 3.2
    endloop
  endfacet
  facet normal 0.412707 0.910864 1.35787e-05
    outer loop
      vertex -6.7039 5.54328 0
      vertex -6.35321 5.38438 0.299999
      vertex -6.34627 5.38124 0
    endloop
  endfacet
  facet normal 0.412717 0.91086 0
    outer loop
      vertex -6.35321 5.38438 0.299999
      vertex -6.7039 5.54328 0
      vertex -6.7039 5.54328 3.5
    endloop
  endfacet
  facet normal -0.528084 -0.849192 0
    outer loop
      vertex -12.3334 -4.98882 3.2
      vertex -12 -5.19615 3.5
      vertex -12.3334 -4.98882 3.5
    endloop
  endfacet
  facet normal -0.528084 -0.849192 -0
    outer loop
      vertex -12 -5.19615 3.5
      vertex -12.3334 -4.98882 3.2
      vertex -12 -5.19615 3.2
    endloop
  endfacet
  facet normal -0.528084 -0.849192 0
    outer loop
      vertex -12.3334 -4.98882 0
      vertex -12 -5.19615 0.299999
      vertex -12.3334 -4.98882 0.299999
    endloop
  endfacet
  facet normal -0.528084 -0.849192 -0
    outer loop
      vertex -12 -5.19615 0.299999
      vertex -12.3334 -4.98882 0
      vertex -12 -5.19615 0
    endloop
  endfacet
  facet normal 0.812579 -0.582851 0
    outer loop
      vertex -4.01118 -3.33342 3.5
      vertex -4.01562 -3.33961 3.2
      vertex -4.01118 -3.33342 3.2
    endloop
  endfacet
  facet normal 0.812852 -0.582471 0
    outer loop
      vertex -4.01562 -3.33961 3.2
      vertex -4.23988 -3.65257 3.5
      vertex -4.01562 -3.33961 0.299999
    endloop
  endfacet
  facet normal 0.812846 -0.582478 -1.16564e-05
    outer loop
      vertex -4.23988 -3.65257 3.5
      vertex -4.01562 -3.33961 3.2
      vertex -4.01118 -3.33342 3.5
    endloop
  endfacet
  facet normal 0.812579 -0.582851 0
    outer loop
      vertex -4.01562 -3.33961 0.299999
      vertex -4.01118 -3.33342 0
      vertex -4.01118 -3.33342 0.299999
    endloop
  endfacet
  facet normal 0.812852 -0.582471 0
    outer loop
      vertex -4.23988 -3.65257 0
      vertex -4.01562 -3.33961 0.299999
      vertex -4.23988 -3.65257 3.5
    endloop
  endfacet
  facet normal 0.812846 -0.582478 1.16564e-05
    outer loop
      vertex -4.01562 -3.33961 0.299999
      vertex -4.23988 -3.65257 0
      vertex -4.01118 -3.33342 0
    endloop
  endfacet
  facet normal -0.999468 -0.0326009 0
    outer loop
      vertex -14.9872 -0.392418 3.2
      vertex -15 0 3.5
      vertex -15 0 3.2
    endloop
  endfacet
  facet normal -0.999468 -0.0326009 0
    outer loop
      vertex -15 0 3.5
      vertex -14.9872 -0.392418 3.2
      vertex -14.9872 -0.392418 3.5
    endloop
  endfacet
  facet normal -0.999468 -0.0326009 0
    outer loop
      vertex -14.9872 -0.392418 0
      vertex -15 0 0.299999
      vertex -15 0 0
    endloop
  endfacet
  facet normal -0.999468 -0.0326009 0
    outer loop
      vertex -15 0 0.299999
      vertex -14.9872 -0.392418 0
      vertex -14.9872 -0.392418 0.299999
    endloop
  endfacet
  facet normal -0.935192 -0.35414 0
    outer loop
      vertex -14.6816 -1.92864 0
      vertex -14.6789 -1.93577 0.299999
      vertex -14.6816 -1.92864 0.299999
    endloop
  endfacet
  facet normal -0.935922 -0.352208 0
    outer loop
      vertex -14.6789 -1.93577 0.299999
      vertex -14.5433 -2.2961 0
      vertex -14.6789 -1.93577 3.2
    endloop
  endfacet
  facet normal -0.935908 -0.352245 5.14743e-05
    outer loop
      vertex -14.5433 -2.2961 0
      vertex -14.6789 -1.93577 0.299999
      vertex -14.6816 -1.92864 0
    endloop
  endfacet
  facet normal -0.935192 -0.35414 0
    outer loop
      vertex -14.6789 -1.93577 3.2
      vertex -14.6816 -1.92864 3.5
      vertex -14.6816 -1.92864 3.2
    endloop
  endfacet
  facet normal -0.935922 -0.352208 -0
    outer loop
      vertex -14.5433 -2.2961 3.5
      vertex -14.6789 -1.93577 3.2
      vertex -14.5433 -2.2961 0
    endloop
  endfacet
  facet normal -0.935908 -0.352245 -5.14742e-05
    outer loop
      vertex -14.6789 -1.93577 3.2
      vertex -14.5433 -2.2961 3.5
      vertex -14.6816 -1.92864 3.5
    endloop
  endfacet
  facet normal -0.973909 -0.226941 0
    outer loop
      vertex -14.7956 -1.55291 3.2
      vertex -14.8847 -1.17054 3.5
      vertex -14.8847 -1.17054 3.2
    endloop
  endfacet
  facet normal -0.973909 -0.226941 0
    outer loop
      vertex -14.8847 -1.17054 3.5
      vertex -14.7956 -1.55291 3.2
      vertex -14.7956 -1.55291 3.5
    endloop
  endfacet
  facet normal -0.973909 -0.226941 0
    outer loop
      vertex -14.7956 -1.55291 0
      vertex -14.8847 -1.17054 0.299999
      vertex -14.8847 -1.17054 0
    endloop
  endfacet
  facet normal -0.973909 -0.226941 0
    outer loop
      vertex -14.8847 -1.17054 0.299999
      vertex -14.7956 -1.55291 0
      vertex -14.7956 -1.55291 0.299999
    endloop
  endfacet
  facet normal -0.882011 -0.471228 0
    outer loop
      vertex -14.1962 -3 3.2
      vertex -14.3812 -2.65373 3.5
      vertex -14.3812 -2.65373 3.2
    endloop
  endfacet
  facet normal -0.882011 -0.471228 0
    outer loop
      vertex -14.3812 -2.65373 3.5
      vertex -14.1962 -3 3.2
      vertex -14.1962 -3 3.5
    endloop
  endfacet
  facet normal -0.882011 -0.471228 0
    outer loop
      vertex -14.1962 -3 0
      vertex -14.3812 -2.65373 0.299999
      vertex -14.3812 -2.65373 0
    endloop
  endfacet
  facet normal -0.882011 -0.471228 0
    outer loop
      vertex -14.3812 -2.65373 0.299999
      vertex -14.1962 -3 0
      vertex -14.1962 -3 0.299999
    endloop
  endfacet
  facet normal 0.227085 0.973875 -0
    outer loop
      vertex -7.44709 5.79555 0
      vertex -7.82946 5.88471 0.299999
      vertex -7.44709 5.79555 0.299999
    endloop
  endfacet
  facet normal 0.227085 0.973875 0
    outer loop
      vertex -7.82946 5.88471 0.299999
      vertex -7.44709 5.79555 0
      vertex -7.82946 5.88471 0
    endloop
  endfacet
  facet normal 0.227085 0.973875 -0
    outer loop
      vertex -7.44709 5.79555 3.2
      vertex -7.82946 5.88471 3.5
      vertex -7.44709 5.79555 3.5
    endloop
  endfacet
  facet normal 0.227085 0.973875 0
    outer loop
      vertex -7.82946 5.88471 3.5
      vertex -7.44709 5.79555 3.2
      vertex -7.82946 5.88471 3.2
    endloop
  endfacet
  facet normal -0.032728 -0.999464 0
    outer loop
      vertex -9.39242 -5.98715 3.2
      vertex -9 -6 3.5
      vertex -9.39242 -5.98715 3.5
    endloop
  endfacet
  facet normal -0.032728 -0.999464 -0
    outer loop
      vertex -9 -6 3.5
      vertex -9.39242 -5.98715 3.2
      vertex -9 -6 3.2
    endloop
  endfacet
  facet normal -0.032728 -0.999464 0
    outer loop
      vertex -9.39242 -5.98715 0
      vertex -9 -6 0.299999
      vertex -9.39242 -5.98715 0.299999
    endloop
  endfacet
  facet normal -0.032728 -0.999464 -0
    outer loop
      vertex -9 -6 0.299999
      vertex -9.39242 -5.98715 0
      vertex -9 -6 0
    endloop
  endfacet
  facet normal -0.956924 -0.29034 0
    outer loop
      vertex -14.6816 -1.92864 3.2
      vertex -14.7956 -1.55291 3.5
      vertex -14.7956 -1.55291 3.2
    endloop
  endfacet
  facet normal -0.956924 -0.29034 0
    outer loop
      vertex -14.7956 -1.55291 3.5
      vertex -14.6816 -1.92864 3.2
      vertex -14.6816 -1.92864 3.5
    endloop
  endfacet
  facet normal -0.956924 -0.29034 0
    outer loop
      vertex -14.6816 -1.92864 0
      vertex -14.7956 -1.55291 0.299999
      vertex -14.7956 -1.55291 0
    endloop
  endfacet
  facet normal -0.956924 -0.29034 0
    outer loop
      vertex -14.7956 -1.55291 0.299999
      vertex -14.6816 -1.92864 0
      vertex -14.6816 -1.92864 0.299999
    endloop
  endfacet
  facet normal -0.812802 0.58254 0
    outer loop
      vertex -13.7601 3.65257 0
      vertex -13.9844 3.33961 0.299999
      vertex -13.7601 3.65257 3.5
    endloop
  endfacet
  facet normal -0.812846 0.582478 -9.67235e-05
    outer loop
      vertex -13.9888 3.33342 0
      vertex -13.9844 3.33961 0.299999
      vertex -13.7601 3.65257 0
    endloop
  endfacet
  facet normal -0.815066 0.579368 0
    outer loop
      vertex -13.9844 3.33961 0.299999
      vertex -13.9888 3.33342 0
      vertex -13.9888 3.33342 0.299999
    endloop
  endfacet
  facet normal -0.812802 0.58254 0
    outer loop
      vertex -13.9844 3.33961 3.2
      vertex -13.7601 3.65257 3.5
      vertex -13.9844 3.33961 0.299999
    endloop
  endfacet
  facet normal -0.815066 0.579368 0
    outer loop
      vertex -13.9888 3.33342 3.5
      vertex -13.9844 3.33961 3.2
      vertex -13.9888 3.33342 3.2
    endloop
  endfacet
  facet normal -0.812846 0.582478 9.67231e-05
    outer loop
      vertex -13.9844 3.33961 3.2
      vertex -13.9888 3.33342 3.5
      vertex -13.7601 3.65257 3.5
    endloop
  endfacet
  facet normal 0.351843 -0.936059 0
    outer loop
      vertex -7.07136 -5.68158 0.299999
      vertex -7.07136 -5.68158 0
      vertex -7.06423 -5.6789 0.299999
    endloop
  endfacet
  facet normal 0.351843 -0.936059 0
    outer loop
      vertex -7.06423 -5.6789 3.2
      vertex -7.07136 -5.68158 3.5
      vertex -7.07136 -5.68158 3.2
    endloop
  endfacet
  facet normal 0.352245 -0.935908 1.09197e-05
    outer loop
      vertex -7.07136 -5.68158 3.5
      vertex -7.06423 -5.6789 3.2
      vertex -6.7039 -5.54328 3.5
    endloop
  endfacet
  facet normal 0.352253 -0.935905 0
    outer loop
      vertex -7.06423 -5.6789 0.299999
      vertex -6.7039 -5.54328 3.5
      vertex -7.06423 -5.6789 3.2
    endloop
  endfacet
  facet normal 0.352245 -0.935908 -1.09197e-05
    outer loop
      vertex -6.7039 -5.54328 0
      vertex -7.06423 -5.6789 0.299999
      vertex -7.07136 -5.68158 0
    endloop
  endfacet
  facet normal 0.352253 -0.935905 0
    outer loop
      vertex -7.06423 -5.6789 0.299999
      vertex -6.7039 -5.54328 0
      vertex -6.7039 -5.54328 3.5
    endloop
  endfacet
  facet normal -0.683678 -0.729783 0
    outer loop
      vertex -13.2426 -4.24264 3.2
      vertex -12.9561 -4.51104 3.5
      vertex -13.2426 -4.24264 3.5
    endloop
  endfacet
  facet normal -0.683678 -0.729783 -0
    outer loop
      vertex -12.9561 -4.51104 3.5
      vertex -13.2426 -4.24264 3.2
      vertex -12.9561 -4.51104 3.2
    endloop
  endfacet
  facet normal -0.683678 -0.729783 0
    outer loop
      vertex -13.2426 -4.24264 0
      vertex -12.9561 -4.51104 0.299999
      vertex -13.2426 -4.24264 0.299999
    endloop
  endfacet
  facet normal -0.683678 -0.729783 -0
    outer loop
      vertex -12.9561 -4.51104 0.299999
      vertex -13.2426 -4.24264 0
      vertex -12.9561 -4.51104 0
    endloop
  endfacet
  facet normal 0.29027 0.956945 -0
    outer loop
      vertex -7.07136 5.68158 3.2
      vertex -7.44709 5.79555 3.5
      vertex -7.07136 5.68158 3.5
    endloop
  endfacet
  facet normal 0.29027 0.956945 0
    outer loop
      vertex -7.44709 5.79555 3.5
      vertex -7.07136 5.68158 3.2
      vertex -7.44709 5.79555 3.2
    endloop
  endfacet
  facet normal 0.29027 0.956945 -0
    outer loop
      vertex -7.07136 5.68158 0
      vertex -7.44709 5.79555 0.299999
      vertex -7.07136 5.68158 0.299999
    endloop
  endfacet
  facet normal 0.29027 0.956945 0
    outer loop
      vertex -7.44709 5.79555 0.299999
      vertex -7.07136 5.68158 0
      vertex -7.44709 5.79555 0
    endloop
  endfacet
  facet normal -0.0971634 0.995268 0
    outer loop
      vertex -9.39242 5.98715 0.299999
      vertex -9.39242 5.98715 0
      vertex -9.4 5.98641 0.299999
    endloop
  endfacet
  facet normal -0.0971634 0.995268 0
    outer loop
      vertex -9.4 5.98641 3.2
      vertex -9.39242 5.98715 3.5
      vertex -9.39242 5.98715 3.2
    endloop
  endfacet
  facet normal -0.0980057 0.995186 2.14859e-05
    outer loop
      vertex -9.39242 5.98715 3.5
      vertex -9.4 5.98641 3.2
      vertex -9.78316 5.94867 3.5
    endloop
  endfacet
  facet normal -0.0980224 0.995184 0
    outer loop
      vertex -9.4 5.98641 0.299999
      vertex -9.78316 5.94867 3.5
      vertex -9.4 5.98641 3.2
    endloop
  endfacet
  facet normal -0.0980057 0.995186 -2.14859e-05
    outer loop
      vertex -9.78316 5.94867 0
      vertex -9.4 5.98641 0.299999
      vertex -9.39242 5.98715 0
    endloop
  endfacet
  facet normal -0.0980224 0.995184 0
    outer loop
      vertex -9.4 5.98641 0.299999
      vertex -9.78316 5.94867 0
      vertex -9.78316 5.94867 3.5
    endloop
  endfacet
  facet normal 0.528061 0.849207 -0
    outer loop
      vertex -5.66658 4.98882 3.2
      vertex -6 5.19615 3.5
      vertex -5.66658 4.98882 3.5
    endloop
  endfacet
  facet normal 0.528061 0.849207 0
    outer loop
      vertex -6 5.19615 3.5
      vertex -5.66658 4.98882 3.2
      vertex -6 5.19615 3.2
    endloop
  endfacet
  facet normal 0.528061 0.849207 -0
    outer loop
      vertex -5.66658 4.98882 0
      vertex -6 5.19615 0.299999
      vertex -5.66658 4.98882 0.299999
    endloop
  endfacet
  facet normal 0.528061 0.849207 0
    outer loop
      vertex -6 5.19615 0.299999
      vertex -5.66658 4.98882 0
      vertex -6 5.19615 0
    endloop
  endfacet
  facet normal 0.881916 0.471406 0
    outer loop
      vertex -3.61876 2.65373 0.299999
      vertex -3.80385 3 0
      vertex -3.80385 3 0.299999
    endloop
  endfacet
  facet normal 0.881916 0.471406 0
    outer loop
      vertex -3.80385 3 0
      vertex -3.61876 2.65373 0.299999
      vertex -3.61876 2.65373 0
    endloop
  endfacet
  facet normal 0.881916 0.471406 0
    outer loop
      vertex -3.61876 2.65373 3.5
      vertex -3.80385 3 3.2
      vertex -3.80385 3 3.5
    endloop
  endfacet
  facet normal 0.881916 0.471406 0
    outer loop
      vertex -3.80385 3 3.2
      vertex -3.61876 2.65373 3.5
      vertex -3.61876 2.65373 3.2
    endloop
  endfacet
  facet normal 0 0 -1
    outer loop
      vertex -3.01285 -0.392418 0
      vertex -3.01285 0.392418 0
      vertex -3 0 0
    endloop
  endfacet
  facet normal 0 0 -1
    outer loop
      vertex -3.05133 -0.783156 0
      vertex -3.01285 0.392418 0
      vertex -3.01285 -0.392418 0
    endloop
  endfacet
  facet normal 0 0 -1
    outer loop
      vertex -3.05133 -0.783156 0
      vertex -3.05133 0.783156 0
      vertex -3.01285 0.392418 0
    endloop
  endfacet
  facet normal 0 0 -1
    outer loop
      vertex -3.11529 -1.17054 0
      vertex -3.05133 0.783156 0
      vertex -3.05133 -0.783156 0
    endloop
  endfacet
  facet normal 0 0 -1
    outer loop
      vertex -3.11529 -1.17054 0
      vertex -3.11529 1.17054 0
      vertex -3.05133 0.783156 0
    endloop
  endfacet
  facet normal 0 0 -1
    outer loop
      vertex -3.20445 -1.55291 0
      vertex -3.11529 1.17054 0
      vertex -3.11529 -1.17054 0
    endloop
  endfacet
  facet normal 0 0 -1
    outer loop
      vertex -3.20445 -1.55291 0
      vertex -3.20445 1.55291 0
      vertex -3.11529 1.17054 0
    endloop
  endfacet
  facet normal 0 0 -1
    outer loop
      vertex -3.31842 -1.92864 0
      vertex -3.20445 1.55291 0
      vertex -3.20445 -1.55291 0
    endloop
  endfacet
  facet normal 0 0 -1
    outer loop
      vertex -3.31842 -1.92864 0
      vertex -3.31842 1.92864 0
      vertex -3.20445 1.55291 0
    endloop
  endfacet
  facet normal 0 0 -1
    outer loop
      vertex -3.45672 -2.2961 0
      vertex -3.31842 1.92864 0
      vertex -3.31842 -1.92864 0
    endloop
  endfacet
  facet normal 0 0 -1
    outer loop
      vertex -3.45672 -2.2961 0
      vertex -3.45672 2.2961 0
      vertex -3.31842 1.92864 0
    endloop
  endfacet
  facet normal 0 0 -1
    outer loop
      vertex -3.61876 -2.65373 0
      vertex -3.45672 2.2961 0
      vertex -3.45672 -2.2961 0
    endloop
  endfacet
  facet normal 0 0 -1
    outer loop
      vertex -3.61876 -2.65373 0
      vertex -3.61876 2.65373 0
      vertex -3.45672 2.2961 0
    endloop
  endfacet
  facet normal 0 0 -1
    outer loop
      vertex -3.80385 -3 0
      vertex -3.61876 2.65373 0
      vertex -3.61876 -2.65373 0
    endloop
  endfacet
  facet normal 0 0 -1
    outer loop
      vertex -3.80385 -3 0
      vertex -3.80385 3 0
      vertex -3.61876 2.65373 0
    endloop
  endfacet
  facet normal 0 0 -1
    outer loop
      vertex -4.01118 -3.33342 0
      vertex -3.80385 3 0
      vertex -3.80385 -3 0
    endloop
  endfacet
  facet normal 0 0 -1
    outer loop
      vertex -4.01118 -3.33342 0
      vertex -4.01118 3.33342 0
      vertex -3.80385 3 0
    endloop
  endfacet
  facet normal 0 0 -1
    outer loop
      vertex -4.23988 -3.65257 0
      vertex -4.01118 3.33342 0
      vertex -4.01118 -3.33342 0
    endloop
  endfacet
  facet normal 0 0 -1
    outer loop
      vertex -4.23988 -3.65257 0
      vertex -4.23988 3.65257 0
      vertex -4.01118 3.33342 0
    endloop
  endfacet
  facet normal 0 0 -1
    outer loop
      vertex -4.48896 -3.95607 0
      vertex -4.23988 3.65257 0
      vertex -4.23988 -3.65257 0
    endloop
  endfacet
  facet normal 0 0 -1
    outer loop
      vertex -4.48896 -3.95607 0
      vertex -4.48896 3.95607 0
      vertex -4.23988 3.65257 0
    endloop
  endfacet
  facet normal 0 0 -1
    outer loop
      vertex -4.75736 -4.24264 0
      vertex -4.48896 3.95607 0
      vertex -4.48896 -3.95607 0
    endloop
  endfacet
  facet normal 0 0 -1
    outer loop
      vertex -4.75736 -4.24264 0
      vertex -4.75736 4.24264 0
      vertex -4.48896 3.95607 0
    endloop
  endfacet
  facet normal 0 0 -1
    outer loop
      vertex -5.04393 -4.51104 0
      vertex -4.75736 4.24264 0
      vertex -4.75736 -4.24264 0
    endloop
  endfacet
  facet normal 0 0 -1
    outer loop
      vertex -5.04393 -4.51104 0
      vertex -5.04393 4.51104 0
      vertex -4.75736 4.24264 0
    endloop
  endfacet
  facet normal 0 0 -1
    outer loop
      vertex -5.34743 -4.76012 0
      vertex -5.04393 4.51104 0
      vertex -5.04393 -4.51104 0
    endloop
  endfacet
  facet normal 0 0 -1
    outer loop
      vertex -5.34743 -4.76012 0
      vertex -5.34743 4.76012 0
      vertex -5.04393 4.51104 0
    endloop
  endfacet
  facet normal 0 0 -1
    outer loop
      vertex -5.66658 -4.98882 0
      vertex -5.34743 4.76012 0
      vertex -5.34743 -4.76012 0
    endloop
  endfacet
  facet normal 0 0 -1
    outer loop
      vertex -5.66658 -4.98882 0
      vertex -5.66658 4.98882 0
      vertex -5.34743 4.76012 0
    endloop
  endfacet
  facet normal 0 0 -1
    outer loop
      vertex -6 -5.19615 0
      vertex -5.66658 4.98882 0
      vertex -5.66658 -4.98882 0
    endloop
  endfacet
  facet normal 0 0 -1
    outer loop
      vertex -6 -5.19615 0
      vertex -6 5.19615 0
      vertex -5.66658 4.98882 0
    endloop
  endfacet
  facet normal 0 0 -1
    outer loop
      vertex -6.34627 -5.38124 0
      vertex -6 5.19615 0
      vertex -6 -5.19615 0
    endloop
  endfacet
  facet normal 0 0 -1
    outer loop
      vertex -6.34627 -5.38124 0
      vertex -6.34627 5.38124 0
      vertex -6 5.19615 0
    endloop
  endfacet
  facet normal 0 0 -1
    outer loop
      vertex -6.7039 -5.54328 0
      vertex -6.34627 5.38124 0
      vertex -6.34627 -5.38124 0
    endloop
  endfacet
  facet normal 0 0 -1
    outer loop
      vertex -6.7039 -5.54328 0
      vertex -6.7039 5.54328 0
      vertex -6.34627 5.38124 0
    endloop
  endfacet
  facet normal 0 0 -1
    outer loop
      vertex -7.07136 -5.68158 0
      vertex -6.7039 5.54328 0
      vertex -6.7039 -5.54328 0
    endloop
  endfacet
  facet normal 0 0 -1
    outer loop
      vertex -7.07136 -5.68158 0
      vertex -7.07136 5.68158 0
      vertex -6.7039 5.54328 0
    endloop
  endfacet
  facet normal 0 0 -1
    outer loop
      vertex -7.44709 -5.79555 0
      vertex -7.07136 5.68158 0
      vertex -7.07136 -5.68158 0
    endloop
  endfacet
  facet normal 0 0 -1
    outer loop
      vertex -7.44709 -5.79555 0
      vertex -7.44709 5.79555 0
      vertex -7.07136 5.68158 0
    endloop
  endfacet
  facet normal 0 0 -1
    outer loop
      vertex -7.82946 -5.88471 0
      vertex -7.44709 5.79555 0
      vertex -7.44709 -5.79555 0
    endloop
  endfacet
  facet normal 0 0 -1
    outer loop
      vertex -7.82946 -5.88471 0
      vertex -7.82946 5.88471 0
      vertex -7.44709 5.79555 0
    endloop
  endfacet
  facet normal 0 0 -1
    outer loop
      vertex -8.21684 -5.94867 0
      vertex -7.82946 5.88471 0
      vertex -7.82946 -5.88471 0
    endloop
  endfacet
  facet normal 0 0 -1
    outer loop
      vertex -8.21684 -5.94867 0
      vertex -8.21684 5.94867 0
      vertex -7.82946 5.88471 0
    endloop
  endfacet
  facet normal 0 0 -1
    outer loop
      vertex -8.60758 -5.98715 0
      vertex -8.21684 5.94867 0
      vertex -8.21684 -5.94867 0
    endloop
  endfacet
  facet normal 0 0 -1
    outer loop
      vertex -8.60758 -5.98715 0
      vertex -8.60758 5.98715 0
      vertex -8.21684 5.94867 0
    endloop
  endfacet
  facet normal 0 0 -1
    outer loop
      vertex -9 -6 0
      vertex -8.60758 5.98715 0
      vertex -8.60758 -5.98715 0
    endloop
  endfacet
  facet normal 0 0 -1
    outer loop
      vertex -9 -6 0
      vertex -9 6 0
      vertex -8.60758 5.98715 0
    endloop
  endfacet
  facet normal 0 0 -1
    outer loop
      vertex -9.39242 -5.98715 0
      vertex -9 6 0
      vertex -9 -6 0
    endloop
  endfacet
  facet normal 0 0 -1
    outer loop
      vertex -9.39242 -5.98715 0
      vertex -9.39242 5.98715 0
      vertex -9 6 0
    endloop
  endfacet
  facet normal 0 0 -1
    outer loop
      vertex -9.78316 -5.94867 0
      vertex -9.39242 5.98715 0
      vertex -9.39242 -5.98715 0
    endloop
  endfacet
  facet normal 0 0 -1
    outer loop
      vertex -9.78316 -5.94867 0
      vertex -9.78316 5.94867 0
      vertex -9.39242 5.98715 0
    endloop
  endfacet
  facet normal 0 0 -1
    outer loop
      vertex -10.1705 -5.88471 0
      vertex -9.78316 5.94867 0
      vertex -9.78316 -5.94867 0
    endloop
  endfacet
  facet normal 0 0 -1
    outer loop
      vertex -10.1705 -5.88471 0
      vertex -10.1705 5.88471 0
      vertex -9.78316 5.94867 0
    endloop
  endfacet
  facet normal 0 0 -1
    outer loop
      vertex -10.5529 -5.79555 0
      vertex -10.1705 5.88471 0
      vertex -10.1705 -5.88471 0
    endloop
  endfacet
  facet normal 0 0 -1
    outer loop
      vertex -10.5529 -5.79555 0
      vertex -10.5529 5.79555 0
      vertex -10.1705 5.88471 0
    endloop
  endfacet
  facet normal 0 0 -1
    outer loop
      vertex -10.9286 -5.68158 0
      vertex -10.5529 5.79555 0
      vertex -10.5529 -5.79555 0
    endloop
  endfacet
  facet normal 0 0 -1
    outer loop
      vertex -10.9286 -5.68158 0
      vertex -10.9286 5.68158 0
      vertex -10.5529 5.79555 0
    endloop
  endfacet
  facet normal 0 0 -1
    outer loop
      vertex -11.2961 -5.54328 0
      vertex -10.9286 5.68158 0
      vertex -10.9286 -5.68158 0
    endloop
  endfacet
  facet normal 0 0 -1
    outer loop
      vertex -11.2961 -5.54328 0
      vertex -11.2961 5.54328 0
      vertex -10.9286 5.68158 0
    endloop
  endfacet
  facet normal 0 0 -1
    outer loop
      vertex -11.6537 -5.38124 0
      vertex -11.2961 5.54328 0
      vertex -11.2961 -5.54328 0
    endloop
  endfacet
  facet normal 0 0 -1
    outer loop
      vertex -11.6537 -5.38124 0
      vertex -11.6537 5.38124 0
      vertex -11.2961 5.54328 0
    endloop
  endfacet
  facet normal 0 0 -1
    outer loop
      vertex -12 -5.19615 0
      vertex -11.6537 5.38124 0
      vertex -11.6537 -5.38124 0
    endloop
  endfacet
  facet normal 0 0 -1
    outer loop
      vertex -12 -5.19615 0
      vertex -12 5.19615 0
      vertex -11.6537 5.38124 0
    endloop
  endfacet
  facet normal 0 0 -1
    outer loop
      vertex -12.3334 -4.98882 0
      vertex -12 5.19615 0
      vertex -12 -5.19615 0
    endloop
  endfacet
  facet normal 0 0 -1
    outer loop
      vertex -12.3334 -4.98882 0
      vertex -12.3334 4.98882 0
      vertex -12 5.19615 0
    endloop
  endfacet
  facet normal 0 0 -1
    outer loop
      vertex -12.6526 -4.76012 0
      vertex -12.3334 4.98882 0
      vertex -12.3334 -4.98882 0
    endloop
  endfacet
  facet normal 0 0 -1
    outer loop
      vertex -12.6526 -4.76012 0
      vertex -12.6526 4.76012 0
      vertex -12.3334 4.98882 0
    endloop
  endfacet
  facet normal 0 0 -1
    outer loop
      vertex -12.9561 -4.51104 0
      vertex -12.6526 4.76012 0
      vertex -12.6526 -4.76012 0
    endloop
  endfacet
  facet normal 0 0 -1
    outer loop
      vertex -12.9561 -4.51104 0
      vertex -12.9561 4.51104 0
      vertex -12.6526 4.76012 0
    endloop
  endfacet
  facet normal 0 0 -1
    outer loop
      vertex -13.2426 -4.24264 0
      vertex -12.9561 4.51104 0
      vertex -12.9561 -4.51104 0
    endloop
  endfacet
  facet normal 0 0 -1
    outer loop
      vertex -13.2426 -4.24264 0
      vertex -13.2426 4.24264 0
      vertex -12.9561 4.51104 0
    endloop
  endfacet
  facet normal 0 0 -1
    outer loop
      vertex -13.511 -3.95607 0
      vertex -13.2426 4.24264 0
      vertex -13.2426 -4.24264 0
    endloop
  endfacet
  facet normal 0 0 -1
    outer loop
      vertex -13.511 -3.95607 0
      vertex -13.511 3.95607 0
      vertex -13.2426 4.24264 0
    endloop
  endfacet
  facet normal 0 0 -1
    outer loop
      vertex -13.7601 -3.65257 0
      vertex -13.511 3.95607 0
      vertex -13.511 -3.95607 0
    endloop
  endfacet
  facet normal 0 0 -1
    outer loop
      vertex -13.7601 -3.65257 0
      vertex -13.7601 3.65257 0
      vertex -13.511 3.95607 0
    endloop
  endfacet
  facet normal 0 0 -1
    outer loop
      vertex -13.9888 -3.33342 0
      vertex -13.7601 3.65257 0
      vertex -13.7601 -3.65257 0
    endloop
  endfacet
  facet normal 0 0 -1
    outer loop
      vertex -13.9888 -3.33342 0
      vertex -13.9888 3.33342 0
      vertex -13.7601 3.65257 0
    endloop
  endfacet
  facet normal 0 0 -1
    outer loop
      vertex -14.1962 -3 0
      vertex -13.9888 3.33342 0
      vertex -13.9888 -3.33342 0
    endloop
  endfacet
  facet normal 0 0 -1
    outer loop
      vertex -14.1962 -3 0
      vertex -14.1962 3 0
      vertex -13.9888 3.33342 0
    endloop
  endfacet
  facet normal 0 0 -1
    outer loop
      vertex -14.3812 -2.65373 0
      vertex -14.1962 3 0
      vertex -14.1962 -3 0
    endloop
  endfacet
  facet normal 0 0 -1
    outer loop
      vertex -14.3812 -2.65373 0
      vertex -14.3812 2.65373 0
      vertex -14.1962 3 0
    endloop
  endfacet
  facet normal 0 0 -1
    outer loop
      vertex -14.5433 -2.2961 0
      vertex -14.3812 2.65373 0
      vertex -14.3812 -2.65373 0
    endloop
  endfacet
  facet normal 0 0 -1
    outer loop
      vertex -14.5433 -2.2961 0
      vertex -14.5433 2.2961 0
      vertex -14.3812 2.65373 0
    endloop
  endfacet
  facet normal 0 0 -1
    outer loop
      vertex -14.6816 -1.92864 0
      vertex -14.5433 2.2961 0
      vertex -14.5433 -2.2961 0
    endloop
  endfacet
  facet normal 0 0 -1
    outer loop
      vertex -14.6816 -1.92864 0
      vertex -14.6816 1.92864 0
      vertex -14.5433 2.2961 0
    endloop
  endfacet
  facet normal 0 0 -1
    outer loop
      vertex -14.7956 -1.55291 0
      vertex -14.6816 1.92864 0
      vertex -14.6816 -1.92864 0
    endloop
  endfacet
  facet normal 0 0 -1
    outer loop
      vertex -14.7956 -1.55291 0
      vertex -14.7956 1.55291 0
      vertex -14.6816 1.92864 0
    endloop
  endfacet
  facet normal 0 0 -1
    outer loop
      vertex -14.8847 -1.17054 0
      vertex -14.7956 1.55291 0
      vertex -14.7956 -1.55291 0
    endloop
  endfacet
  facet normal 0 0 -1
    outer loop
      vertex -14.8847 -1.17054 0
      vertex -14.8847 1.17054 0
      vertex -14.7956 1.55291 0
    endloop
  endfacet
  facet normal 0 0 -1
    outer loop
      vertex -14.9487 -0.783156 0
      vertex -14.8847 1.17054 0
      vertex -14.8847 -1.17054 0
    endloop
  endfacet
  facet normal 0 0 -1
    outer loop
      vertex -14.9487 -0.783156 0
      vertex -14.9487 0.783156 0
      vertex -14.8847 1.17054 0
    endloop
  endfacet
  facet normal 0 0 -1
    outer loop
      vertex -14.9872 -0.392418 0
      vertex -14.9487 0.783156 0
      vertex -14.9487 -0.783156 0
    endloop
  endfacet
  facet normal 0 0 -1
    outer loop
      vertex -14.9872 -0.392418 0
      vertex -14.9872 0.392418 0
      vertex -14.9487 0.783156 0
    endloop
  endfacet
  facet normal 0 -0 -1
    outer loop
      vertex -14.9872 0.392418 0
      vertex -14.9872 -0.392418 0
      vertex -15 0 0
    endloop
  endfacet
  facet normal -0.528084 0.849192 0
    outer loop
      vertex -12 5.19615 3.2
      vertex -12.3334 4.98882 3.5
      vertex -12 5.19615 3.5
    endloop
  endfacet
  facet normal -0.528084 0.849192 0
    outer loop
      vertex -12.3334 4.98882 3.5
      vertex -12 5.19615 3.2
      vertex -12.3334 4.98882 3.2
    endloop
  endfacet
  facet normal -0.528084 0.849192 0
    outer loop
      vertex -12 5.19615 0
      vertex -12.3334 4.98882 0.299999
      vertex -12 5.19615 0.299999
    endloop
  endfacet
  facet normal -0.528084 0.849192 0
    outer loop
      vertex -12.3334 4.98882 0.299999
      vertex -12 5.19615 0
      vertex -12.3334 4.98882 0
    endloop
  endfacet
  facet normal -0.412736 0.910851 4.06521e-05
    outer loop
      vertex -11.2961 5.54328 3.5
      vertex -11.6468 5.38438 3.2
      vertex -11.6537 5.38124 3.5
    endloop
  endfacet
  facet normal -0.412707 0.910864 0
    outer loop
      vertex -11.2961 5.54328 3.5
      vertex -11.6468 5.38438 0.299999
      vertex -11.6468 5.38438 3.2
    endloop
  endfacet
  facet normal -0.412707 0.910864 0
    outer loop
      vertex -11.2961 5.54328 0
      vertex -11.6468 5.38438 0.299999
      vertex -11.2961 5.54328 3.5
    endloop
  endfacet
  facet normal -0.412736 0.910851 -4.06522e-05
    outer loop
      vertex -11.6537 5.38124 0
      vertex -11.6468 5.38438 0.299999
      vertex -11.2961 5.54328 0
    endloop
  endfacet
  facet normal -0.4142 0.910186 0
    outer loop
      vertex -11.6468 5.38438 0.299999
      vertex -11.6537 5.38124 0
      vertex -11.6537 5.38124 0.299999
    endloop
  endfacet
  facet normal -0.4142 0.910186 0
    outer loop
      vertex -11.6537 5.38124 3.5
      vertex -11.6468 5.38438 3.2
      vertex -11.6537 5.38124 3.2
    endloop
  endfacet
  facet normal 0.582478 0.812846 -1.16564e-05
    outer loop
      vertex -5.34743 4.76012 3.5
      vertex -5.66039 4.98438 3.2
      vertex -5.66658 4.98882 3.5
    endloop
  endfacet
  facet normal 0.582471 0.812852 0
    outer loop
      vertex -5.34743 4.76012 3.5
      vertex -5.66039 4.98438 0.299999
      vertex -5.66039 4.98438 3.2
    endloop
  endfacet
  facet normal 0.582471 0.812852 -0
    outer loop
      vertex -5.34743 4.76012 0
      vertex -5.66039 4.98438 0.299999
      vertex -5.34743 4.76012 3.5
    endloop
  endfacet
  facet normal 0.582478 0.812846 1.16564e-05
    outer loop
      vertex -5.66658 4.98882 0
      vertex -5.66039 4.98438 0.299999
      vertex -5.34743 4.76012 0
    endloop
  endfacet
  facet normal 0.582851 0.812579 0
    outer loop
      vertex -5.66039 4.98438 0.299999
      vertex -5.66658 4.98882 0
      vertex -5.66658 4.98882 0.299999
    endloop
  endfacet
  facet normal 0.582851 0.812579 0
    outer loop
      vertex -5.66658 4.98882 3.5
      vertex -5.66039 4.98438 3.2
      vertex -5.66658 4.98882 3.2
    endloop
  endfacet
  facet normal 0.812852 0.582471 0
    outer loop
      vertex -4.23988 3.65257 3.5
      vertex -4.01562 3.33961 3.2
      vertex -4.23988 3.65257 0
    endloop
  endfacet
  facet normal 0.812846 0.582478 -1.16564e-05
    outer loop
      vertex -4.01118 3.33342 3.5
      vertex -4.01562 3.33961 3.2
      vertex -4.23988 3.65257 3.5
    endloop
  endfacet
  facet normal 0.812579 0.582851 0
    outer loop
      vertex -4.01562 3.33961 3.2
      vertex -4.01118 3.33342 3.5
      vertex -4.01118 3.33342 3.2
    endloop
  endfacet
  facet normal 0.812852 0.582471 -0
    outer loop
      vertex -4.01562 3.33961 0.299999
      vertex -4.23988 3.65257 0
      vertex -4.01562 3.33961 3.2
    endloop
  endfacet
  facet normal 0.812579 0.582851 -0
    outer loop
      vertex -4.01118 3.33342 0
      vertex -4.01562 3.33961 0.299999
      vertex -4.01118 3.33342 0.299999
    endloop
  endfacet
  facet normal 0.812846 0.582478 1.16564e-05
    outer loop
      vertex -4.01562 3.33961 0.299999
      vertex -4.01118 3.33342 0
      vertex -4.23988 3.65257 0
    endloop
  endfacet
  facet normal 0.729867 0.683589 0
    outer loop
      vertex -4.48896 3.95607 0.299999
      vertex -4.75736 4.24264 0
      vertex -4.75736 4.24264 0.299999
    endloop
  endfacet
  facet normal 0.729867 0.683589 0
    outer loop
      vertex -4.75736 4.24264 0
      vertex -4.48896 3.95607 0.299999
      vertex -4.48896 3.95607 0
    endloop
  endfacet
  facet normal 0.729867 0.683589 0
    outer loop
      vertex -4.48896 3.95607 3.5
      vertex -4.75736 4.24264 3.2
      vertex -4.75736 4.24264 3.5
    endloop
  endfacet
  facet normal 0.729867 0.683589 0
    outer loop
      vertex -4.75736 4.24264 3.2
      vertex -4.48896 3.95607 3.5
      vertex -4.48896 3.95607 3.2
    endloop
  endfacet
  facet normal -0.58223 0.813024 0
    outer loop
      vertex -12.3334 4.98882 0.299999
      vertex -12.3334 4.98882 0
      vertex -12.3396 4.98438 0.299999
    endloop
  endfacet
  facet normal -0.58223 0.813024 0
    outer loop
      vertex -12.3396 4.98438 3.2
      vertex -12.3334 4.98882 3.5
      vertex -12.3334 4.98882 3.2
    endloop
  endfacet
  facet normal -0.582418 0.812889 5.87426e-06
    outer loop
      vertex -12.3334 4.98882 3.5
      vertex -12.3396 4.98438 3.2
      vertex -12.6526 4.76012 3.5
    endloop
  endfacet
  facet normal -0.582422 0.812887 0
    outer loop
      vertex -12.3396 4.98438 0.299999
      vertex -12.6526 4.76012 3.5
      vertex -12.3396 4.98438 3.2
    endloop
  endfacet
  facet normal -0.582418 0.812889 -5.87428e-06
    outer loop
      vertex -12.6526 4.76012 0
      vertex -12.3396 4.98438 0.299999
      vertex -12.3334 4.98882 0
    endloop
  endfacet
  facet normal -0.582422 0.812887 0
    outer loop
      vertex -12.3396 4.98438 0.299999
      vertex -12.6526 4.76012 0
      vertex -12.6526 4.76012 3.5
    endloop
  endfacet
  facet normal -0.986651 -0.162851 0
    outer loop
      vertex -14.9487 -0.783156 0
      vertex -14.886 -1.16303 0.299999
      vertex -14.9487 -0.783156 3.5
    endloop
  endfacet
  facet normal -0.986626 -0.163001 -0.000194916
    outer loop
      vertex -14.8847 -1.17054 0
      vertex -14.886 -1.16303 0.299999
      vertex -14.9487 -0.783156 0
    endloop
  endfacet
  facet normal -0.985346 -0.170566 0
    outer loop
      vertex -14.886 -1.16303 0.299999
      vertex -14.8847 -1.17054 0
      vertex -14.8847 -1.17054 0.299999
    endloop
  endfacet
  facet normal -0.986651 -0.162851 -0
    outer loop
      vertex -14.886 -1.16303 3.2
      vertex -14.9487 -0.783156 3.5
      vertex -14.886 -1.16303 0.299999
    endloop
  endfacet
  facet normal -0.985346 -0.170566 -0
    outer loop
      vertex -14.8847 -1.17054 3.5
      vertex -14.886 -1.16303 3.2
      vertex -14.8847 -1.17054 3.2
    endloop
  endfacet
  facet normal -0.986626 -0.163001 0.000194915
    outer loop
      vertex -14.886 -1.16303 3.2
      vertex -14.8847 -1.17054 3.5
      vertex -14.9487 -0.783156 3.5
    endloop
  endfacet
  facet normal 0.849207 -0.528061 0
    outer loop
      vertex -4.01118 -3.33342 0.299999
      vertex -3.80385 -3 0
      vertex -3.80385 -3 0.299999
    endloop
  endfacet
  facet normal 0.849207 -0.528061 0
    outer loop
      vertex -3.80385 -3 0
      vertex -4.01118 -3.33342 0.299999
      vertex -4.01118 -3.33342 0
    endloop
  endfacet
  facet normal 0.849207 -0.528061 0
    outer loop
      vertex -4.01118 -3.33342 3.5
      vertex -3.80385 -3 3.2
      vertex -3.80385 -3 3.5
    endloop
  endfacet
  facet normal 0.849207 -0.528061 0
    outer loop
      vertex -3.80385 -3 3.2
      vertex -4.01118 -3.33342 3.5
      vertex -4.01118 -3.33342 3.2
    endloop
  endfacet
  facet normal -0.91086 -0.412717 0
    outer loop
      vertex -14.5433 -2.2961 0
      vertex -14.3844 -2.64679 0.299999
      vertex -14.5433 -2.2961 3.5
    endloop
  endfacet
  facet normal -0.910806 -0.412834 -0.000165049
    outer loop
      vertex -14.3812 -2.65373 0
      vertex -14.3844 -2.64679 0.299999
      vertex -14.5433 -2.2961 0
    endloop
  endfacet
  facet normal -0.908113 -0.418726 0
    outer loop
      vertex -14.3844 -2.64679 0.299999
      vertex -14.3812 -2.65373 0
      vertex -14.3812 -2.65373 0.299999
    endloop
  endfacet
  facet normal -0.91086 -0.412717 -0
    outer loop
      vertex -14.3844 -2.64679 3.2
      vertex -14.5433 -2.2961 3.5
      vertex -14.3844 -2.64679 0.299999
    endloop
  endfacet
  facet normal -0.908113 -0.418726 -0
    outer loop
      vertex -14.3812 -2.65373 3.5
      vertex -14.3844 -2.64679 3.2
      vertex -14.3812 -2.65373 3.2
    endloop
  endfacet
  facet normal -0.910806 -0.412834 0.000165049
    outer loop
      vertex -14.3844 -2.64679 3.2
      vertex -14.3812 -2.65373 3.5
      vertex -14.5433 -2.2961 3.5
    endloop
  endfacet
  facet normal 0.956945 0.29027 0
    outer loop
      vertex -3.20445 1.55291 0.299999
      vertex -3.31842 1.92864 0
      vertex -3.31842 1.92864 0.299999
    endloop
  endfacet
  facet normal 0.956945 0.29027 0
    outer loop
      vertex -3.31842 1.92864 0
      vertex -3.20445 1.55291 0.299999
      vertex -3.20445 1.55291 0
    endloop
  endfacet
  facet normal 0.956945 0.29027 0
    outer loop
      vertex -3.20445 1.55291 3.5
      vertex -3.31842 1.92864 3.2
      vertex -3.31842 1.92864 3.5
    endloop
  endfacet
  facet normal 0.956945 0.29027 0
    outer loop
      vertex -3.31842 1.92864 3.2
      vertex -3.20445 1.55291 3.5
      vertex -3.20445 1.55291 3.2
    endloop
  endfacet
  facet normal -0.0980057 -0.995186 2.14859e-05
    outer loop
      vertex -9.78316 -5.94867 3.5
      vertex -9.4 -5.98641 3.2
      vertex -9.39242 -5.98715 3.5
    endloop
  endfacet
  facet normal -0.0980224 -0.995184 0
    outer loop
      vertex -9.78316 -5.94867 3.5
      vertex -9.4 -5.98641 0.299999
      vertex -9.4 -5.98641 3.2
    endloop
  endfacet
  facet normal -0.0980224 -0.995184 0
    outer loop
      vertex -9.78316 -5.94867 0
      vertex -9.4 -5.98641 0.299999
      vertex -9.78316 -5.94867 3.5
    endloop
  endfacet
  facet normal -0.0980057 -0.995186 -2.14859e-05
    outer loop
      vertex -9.39242 -5.98715 0
      vertex -9.4 -5.98641 0.299999
      vertex -9.78316 -5.94867 0
    endloop
  endfacet
  facet normal -0.0971634 -0.995268 0
    outer loop
      vertex -9.4 -5.98641 0.299999
      vertex -9.39242 -5.98715 0
      vertex -9.39242 -5.98715 0.299999
    endloop
  endfacet
  facet normal -0.0971634 -0.995268 -0
    outer loop
      vertex -9.39242 -5.98715 3.5
      vertex -9.4 -5.98641 3.2
      vertex -9.39242 -5.98715 3.2
    endloop
  endfacet
  facet normal 0.352245 0.935908 1.09197e-05
    outer loop
      vertex -6.7039 5.54328 3.5
      vertex -7.06423 5.6789 3.2
      vertex -7.07136 5.68158 3.5
    endloop
  endfacet
  facet normal 0.352253 0.935905 0
    outer loop
      vertex -6.7039 5.54328 3.5
      vertex -7.06423 5.6789 0.299999
      vertex -7.06423 5.6789 3.2
    endloop
  endfacet
  facet normal 0.352253 0.935905 -0
    outer loop
      vertex -6.7039 5.54328 0
      vertex -7.06423 5.6789 0.299999
      vertex -6.7039 5.54328 3.5
    endloop
  endfacet
  facet normal 0.352245 0.935908 -1.09197e-05
    outer loop
      vertex -7.07136 5.68158 0
      vertex -7.06423 5.6789 0.299999
      vertex -6.7039 5.54328 0
    endloop
  endfacet
  facet normal 0.351843 0.936059 0
    outer loop
      vertex -7.06423 5.6789 0.299999
      vertex -7.07136 5.68158 0
      vertex -7.07136 5.68158 0.299999
    endloop
  endfacet
  facet normal 0.351843 0.936059 0
    outer loop
      vertex -7.07136 5.68158 3.5
      vertex -7.06423 5.6789 3.2
      vertex -7.07136 5.68158 3.2
    endloop
  endfacet
  facet normal -0.683678 0.729783 0
    outer loop
      vertex -12.9561 4.51104 0
      vertex -13.2426 4.24264 0.299999
      vertex -12.9561 4.51104 0.299999
    endloop
  endfacet
  facet normal -0.683678 0.729783 0
    outer loop
      vertex -13.2426 4.24264 0.299999
      vertex -12.9561 4.51104 0
      vertex -13.2426 4.24264 0
    endloop
  endfacet
  facet normal -0.683678 0.729783 0
    outer loop
      vertex -12.9561 4.51104 3.2
      vertex -13.2426 4.24264 3.5
      vertex -12.9561 4.51104 3.5
    endloop
  endfacet
  facet normal -0.683678 0.729783 0
    outer loop
      vertex -13.2426 4.24264 3.5
      vertex -12.9561 4.51104 3.2
      vertex -13.2426 4.24264 3.2
    endloop
  endfacet
  facet normal 0.683589 0.729867 -0
    outer loop
      vertex -4.75736 4.24264 3.2
      vertex -5.04393 4.51104 3.5
      vertex -4.75736 4.24264 3.5
    endloop
  endfacet
  facet normal 0.683589 0.729867 0
    outer loop
      vertex -5.04393 4.51104 3.5
      vertex -4.75736 4.24264 3.2
      vertex -5.04393 4.51104 3.2
    endloop
  endfacet
  facet normal 0.683589 0.729867 -0
    outer loop
      vertex -4.75736 4.24264 0
      vertex -5.04393 4.51104 0.299999
      vertex -4.75736 4.24264 0.299999
    endloop
  endfacet
  facet normal 0.683589 0.729867 0
    outer loop
      vertex -5.04393 4.51104 0.299999
      vertex -4.75736 4.24264 0
      vertex -5.04393 4.51104 0
    endloop
  endfacet
  facet normal 0.471406 -0.881916 0
    outer loop
      vertex -6.34627 -5.38124 3.2
      vertex -6 -5.19615 3.5
      vertex -6.34627 -5.38124 3.5
    endloop
  endfacet
  facet normal 0.471406 -0.881916 0
    outer loop
      vertex -6 -5.19615 3.5
      vertex -6.34627 -5.38124 3.2
      vertex -6 -5.19615 3.2
    endloop
  endfacet
  facet normal 0.471406 -0.881916 0
    outer loop
      vertex -6.34627 -5.38124 0
      vertex -6 -5.19615 0.299999
      vertex -6.34627 -5.38124 0.299999
    endloop
  endfacet
  facet normal 0.471406 -0.881916 0
    outer loop
      vertex -6 -5.19615 0.299999
      vertex -6.34627 -5.38124 0
      vertex -6 -5.19615 0
    endloop
  endfacet
  facet normal -0.163119 -0.986606 -0
    outer loop
      vertex -10.1705 -5.88471 0.299999
      vertex -10.1705 -5.88471 0
      vertex -10.163 -5.88595 0.299999
    endloop
  endfacet
  facet normal -0.163119 -0.986606 0
    outer loop
      vertex -10.163 -5.88595 3.2
      vertex -10.1705 -5.88471 3.5
      vertex -10.1705 -5.88471 3.2
    endloop
  endfacet
  facet normal -0.16292 -0.986639 5.10802e-06
    outer loop
      vertex -10.1705 -5.88471 3.5
      vertex -10.163 -5.88595 3.2
      vertex -9.78316 -5.94867 3.5
    endloop
  endfacet
  facet normal -0.162916 -0.98664 0
    outer loop
      vertex -10.163 -5.88595 0.299999
      vertex -9.78316 -5.94867 3.5
      vertex -10.163 -5.88595 3.2
    endloop
  endfacet
  facet normal -0.16292 -0.986639 -5.10804e-06
    outer loop
      vertex -9.78316 -5.94867 0
      vertex -10.163 -5.88595 0.299999
      vertex -10.1705 -5.88471 0
    endloop
  endfacet
  facet normal -0.162916 -0.98664 0
    outer loop
      vertex -10.163 -5.88595 0.299999
      vertex -9.78316 -5.94867 0
      vertex -9.78316 -5.94867 3.5
    endloop
  endfacet
  facet normal 0.032728 0.999464 -0
    outer loop
      vertex -8.60758 5.98715 0
      vertex -9 6 0.299999
      vertex -8.60758 5.98715 0.299999
    endloop
  endfacet
  facet normal 0.032728 0.999464 0
    outer loop
      vertex -9 6 0.299999
      vertex -8.60758 5.98715 0
      vertex -9 6 0
    endloop
  endfacet
  facet normal 0.032728 0.999464 -0
    outer loop
      vertex -8.60758 5.98715 3.2
      vertex -9 6 3.5
      vertex -8.60758 5.98715 3.5
    endloop
  endfacet
  facet normal 0.032728 0.999464 0
    outer loop
      vertex -9 6 3.5
      vertex -8.60758 5.98715 3.2
      vertex -9 6 3.2
    endloop
  endfacet
  facet normal -0.34884 0.937182 0
    outer loop
      vertex -10.9286 5.68158 0.299999
      vertex -10.9286 5.68158 0
      vertex -10.9358 5.6789 0.299999
    endloop
  endfacet
  facet normal -0.34884 0.937182 0
    outer loop
      vertex -10.9358 5.6789 3.2
      vertex -10.9286 5.68158 3.5
      vertex -10.9286 5.68158 3.2
    endloop
  endfacet
  facet normal -0.352212 0.93592 9.21913e-05
    outer loop
      vertex -10.9286 5.68158 3.5
      vertex -10.9358 5.6789 3.2
      vertex -11.2961 5.54328 3.5
    endloop
  endfacet
  facet normal -0.352279 0.935895 0
    outer loop
      vertex -10.9358 5.6789 0.299999
      vertex -11.2961 5.54328 3.5
      vertex -10.9358 5.6789 3.2
    endloop
  endfacet
  facet normal -0.352212 0.93592 -9.21916e-05
    outer loop
      vertex -11.2961 5.54328 0
      vertex -10.9358 5.6789 0.299999
      vertex -10.9286 5.68158 0
    endloop
  endfacet
  facet normal -0.352279 0.935895 0
    outer loop
      vertex -10.9358 5.6789 0.299999
      vertex -11.2961 5.54328 0
      vertex -11.2961 5.54328 3.5
    endloop
  endfacet
  facet normal -0.16292 0.986639 5.10802e-06
    outer loop
      vertex -9.78316 5.94867 3.5
      vertex -10.163 5.88595 3.2
      vertex -10.1705 5.88471 3.5
    endloop
  endfacet
  facet normal -0.162916 0.98664 0
    outer loop
      vertex -9.78316 5.94867 3.5
      vertex -10.163 5.88595 0.299999
      vertex -10.163 5.88595 3.2
    endloop
  endfacet
  facet normal -0.162916 0.98664 0
    outer loop
      vertex -9.78316 5.94867 0
      vertex -10.163 5.88595 0.299999
      vertex -9.78316 5.94867 3.5
    endloop
  endfacet
  facet normal -0.16292 0.986639 -5.10804e-06
    outer loop
      vertex -10.1705 5.88471 0
      vertex -10.163 5.88595 0.299999
      vertex -9.78316 5.94867 0
    endloop
  endfacet
  facet normal -0.163119 0.986606 0
    outer loop
      vertex -10.163 5.88595 0.299999
      vertex -10.1705 5.88471 0
      vertex -10.1705 5.88471 0.299999
    endloop
  endfacet
  facet normal -0.163119 0.986606 0
    outer loop
      vertex -10.1705 5.88471 3.5
      vertex -10.163 5.88595 3.2
      vertex -10.1705 5.88471 3.2
    endloop
  endfacet
  facet normal 0.634739 0.772726 0
    outer loop
      vertex -5.04393 4.51104 0.299999
      vertex -5.04393 4.51104 0
      vertex -5.04981 4.51587 0.299999
    endloop
  endfacet
  facet normal 0.634739 0.772726 0
    outer loop
      vertex -5.04981 4.51587 3.2
      vertex -5.04393 4.51104 3.5
      vertex -5.04393 4.51104 3.2
    endloop
  endfacet
  facet normal 0.634399 0.773005 1.11608e-05
    outer loop
      vertex -5.04393 4.51104 3.5
      vertex -5.04981 4.51587 3.2
      vertex -5.34743 4.76012 3.5
    endloop
  endfacet
  facet normal 0.634393 0.773011 -0
    outer loop
      vertex -5.04981 4.51587 0.299999
      vertex -5.34743 4.76012 3.5
      vertex -5.04981 4.51587 3.2
    endloop
  endfacet
  facet normal 0.634399 0.773005 -1.11609e-05
    outer loop
      vertex -5.34743 4.76012 0
      vertex -5.04981 4.51587 0.299999
      vertex -5.04393 4.51104 0
    endloop
  endfacet
  facet normal 0.634393 0.773011 0
    outer loop
      vertex -5.04981 4.51587 0.299999
      vertex -5.34743 4.76012 0
      vertex -5.34743 4.76012 3.5
    endloop
  endfacet
  facet normal -0.032728 0.999464 0
    outer loop
      vertex -9 6 0
      vertex -9.39242 5.98715 0.299999
      vertex -9 6 0.299999
    endloop
  endfacet
  facet normal -0.032728 0.999464 0
    outer loop
      vertex -9.39242 5.98715 0.299999
      vertex -9 6 0
      vertex -9.39242 5.98715 0
    endloop
  endfacet
  facet normal -0.032728 0.999464 0
    outer loop
      vertex -9 6 3.2
      vertex -9.39242 5.98715 3.5
      vertex -9 6 3.5
    endloop
  endfacet
  facet normal -0.032728 0.999464 0
    outer loop
      vertex -9.39242 5.98715 3.5
      vertex -9 6 3.2
      vertex -9.39242 5.98715 3.2
    endloop
  endfacet
  facet normal -0.729867 -0.683589 0
    outer loop
      vertex -13.2426 -4.24264 0
      vertex -13.511 -3.95607 0.299999
      vertex -13.511 -3.95607 0
    endloop
  endfacet
  facet normal -0.729867 -0.683589 0
    outer loop
      vertex -13.511 -3.95607 0.299999
      vertex -13.2426 -4.24264 0
      vertex -13.2426 -4.24264 0.299999
    endloop
  endfacet
  facet normal -0.729867 -0.683589 0
    outer loop
      vertex -13.2426 -4.24264 3.2
      vertex -13.511 -3.95607 3.5
      vertex -13.511 -3.95607 3.2
    endloop
  endfacet
  facet normal -0.729867 -0.683589 0
    outer loop
      vertex -13.511 -3.95607 3.5
      vertex -13.2426 -4.24264 3.2
      vertex -13.2426 -4.24264 3.5
    endloop
  endfacet
  facet normal -0.290291 0.956938 0
    outer loop
      vertex -10.5529 5.79555 0
      vertex -10.9286 5.68158 0.299999
      vertex -10.5529 5.79555 0.299999
    endloop
  endfacet
  facet normal -0.290291 0.956938 0
    outer loop
      vertex -10.9286 5.68158 0.299999
      vertex -10.5529 5.79555 0
      vertex -10.9286 5.68158 0
    endloop
  endfacet
  facet normal -0.290291 0.956938 0
    outer loop
      vertex -10.5529 5.79555 3.2
      vertex -10.9286 5.68158 3.5
      vertex -10.5529 5.79555 3.5
    endloop
  endfacet
  facet normal -0.290291 0.956938 0
    outer loop
      vertex -10.9286 5.68158 3.5
      vertex -10.5529 5.79555 3.2
      vertex -10.9286 5.68158 3.2
    endloop
  endfacet
  facet normal 0.849207 0.528061 0
    outer loop
      vertex -3.80385 3 3.5
      vertex -4.01118 3.33342 3.2
      vertex -4.01118 3.33342 3.5
    endloop
  endfacet
  facet normal 0.849207 0.528061 0
    outer loop
      vertex -4.01118 3.33342 3.2
      vertex -3.80385 3 3.5
      vertex -3.80385 3 3.2
    endloop
  endfacet
  facet normal 0.849207 0.528061 0
    outer loop
      vertex -3.80385 3 0.299999
      vertex -4.01118 3.33342 0
      vertex -4.01118 3.33342 0.299999
    endloop
  endfacet
  facet normal 0.849207 0.528061 0
    outer loop
      vertex -4.01118 3.33342 0
      vertex -3.80385 3 0.299999
      vertex -3.80385 3 0
    endloop
  endfacet
  facet normal 0.881916 -0.471406 0
    outer loop
      vertex -3.80385 -3 3.5
      vertex -3.61876 -2.65373 3.2
      vertex -3.61876 -2.65373 3.5
    endloop
  endfacet
  facet normal 0.881916 -0.471406 0
    outer loop
      vertex -3.61876 -2.65373 3.2
      vertex -3.80385 -3 3.5
      vertex -3.80385 -3 3.2
    endloop
  endfacet
  facet normal 0.881916 -0.471406 0
    outer loop
      vertex -3.80385 -3 0.299999
      vertex -3.61876 -2.65373 0
      vertex -3.61876 -2.65373 0.299999
    endloop
  endfacet
  facet normal 0.881916 -0.471406 0
    outer loop
      vertex -3.61876 -2.65373 0
      vertex -3.80385 -3 0.299999
      vertex -3.80385 -3 0
    endloop
  endfacet
  facet normal -0.227069 0.973879 0
    outer loop
      vertex -10.1705 5.88471 3.2
      vertex -10.5529 5.79555 3.5
      vertex -10.1705 5.88471 3.5
    endloop
  endfacet
  facet normal -0.227069 0.973879 0
    outer loop
      vertex -10.5529 5.79555 3.5
      vertex -10.1705 5.88471 3.2
      vertex -10.5529 5.79555 3.2
    endloop
  endfacet
  facet normal -0.227069 0.973879 0
    outer loop
      vertex -10.1705 5.88471 0
      vertex -10.5529 5.79555 0.299999
      vertex -10.1705 5.88471 0.299999
    endloop
  endfacet
  facet normal -0.227069 0.973879 0
    outer loop
      vertex -10.5529 5.79555 0.299999
      vertex -10.1705 5.88471 0
      vertex -10.5529 5.79555 0
    endloop
  endfacet
  facet normal 0.91086 -0.412717 0
    outer loop
      vertex -3.45672 -2.2961 3.5
      vertex -3.61562 -2.64679 3.2
      vertex -3.45672 -2.2961 0
    endloop
  endfacet
  facet normal 0.910864 -0.412707 -1.35786e-05
    outer loop
      vertex -3.61876 -2.65373 3.5
      vertex -3.61562 -2.64679 3.2
      vertex -3.45672 -2.2961 3.5
    endloop
  endfacet
  facet normal 0.911084 -0.41222 0
    outer loop
      vertex -3.61562 -2.64679 3.2
      vertex -3.61876 -2.65373 3.5
      vertex -3.61876 -2.65373 3.2
    endloop
  endfacet
  facet normal 0.91086 -0.412717 0
    outer loop
      vertex -3.61562 -2.64679 0.299999
      vertex -3.45672 -2.2961 0
      vertex -3.61562 -2.64679 3.2
    endloop
  endfacet
  facet normal 0.911084 -0.41222 0
    outer loop
      vertex -3.61876 -2.65373 0
      vertex -3.61562 -2.64679 0.299999
      vertex -3.61876 -2.65373 0.299999
    endloop
  endfacet
  facet normal 0.910864 -0.412707 1.35787e-05
    outer loop
      vertex -3.61562 -2.64679 0.299999
      vertex -3.61876 -2.65373 0
      vertex -3.45672 -2.2961 0
    endloop
  endfacet
  facet normal 0.956945 -0.29027 0
    outer loop
      vertex -3.31842 -1.92864 3.5
      vertex -3.20445 -1.55291 3.2
      vertex -3.20445 -1.55291 3.5
    endloop
  endfacet
  facet normal 0.956945 -0.29027 0
    outer loop
      vertex -3.20445 -1.55291 3.2
      vertex -3.31842 -1.92864 3.5
      vertex -3.31842 -1.92864 3.2
    endloop
  endfacet
  facet normal 0.956945 -0.29027 0
    outer loop
      vertex -3.31842 -1.92864 0.299999
      vertex -3.20445 -1.55291 0
      vertex -3.20445 -1.55291 0.299999
    endloop
  endfacet
  facet normal 0.956945 -0.29027 0
    outer loop
      vertex -3.20445 -1.55291 0
      vertex -3.31842 -1.92864 0.299999
      vertex -3.31842 -1.92864 0
    endloop
  endfacet
  facet normal -0.882011 0.471228 0
    outer loop
      vertex -14.3812 2.65373 3.2
      vertex -14.1962 3 3.5
      vertex -14.1962 3 3.2
    endloop
  endfacet
  facet normal -0.882011 0.471228 0
    outer loop
      vertex -14.1962 3 3.5
      vertex -14.3812 2.65373 3.2
      vertex -14.3812 2.65373 3.5
    endloop
  endfacet
  facet normal -0.882011 0.471228 0
    outer loop
      vertex -14.3812 2.65373 0
      vertex -14.1962 3 0.299999
      vertex -14.1962 3 0
    endloop
  endfacet
  facet normal -0.882011 0.471228 0
    outer loop
      vertex -14.1962 3 0.299999
      vertex -14.3812 2.65373 0
      vertex -14.3812 2.65373 0.299999
    endloop
  endfacet
  facet normal -0.908113 0.418726 0
    outer loop
      vertex -14.3812 2.65373 0
      vertex -14.3844 2.64679 0.299999
      vertex -14.3812 2.65373 0.299999
    endloop
  endfacet
  facet normal -0.91086 0.412717 0
    outer loop
      vertex -14.3844 2.64679 0.299999
      vertex -14.5433 2.2961 0
      vertex -14.3844 2.64679 3.2
    endloop
  endfacet
  facet normal -0.910806 0.412834 -0.000165049
    outer loop
      vertex -14.5433 2.2961 0
      vertex -14.3844 2.64679 0.299999
      vertex -14.3812 2.65373 0
    endloop
  endfacet
  facet normal -0.908113 0.418726 0
    outer loop
      vertex -14.3844 2.64679 3.2
      vertex -14.3812 2.65373 3.5
      vertex -14.3812 2.65373 3.2
    endloop
  endfacet
  facet normal -0.91086 0.412717 0
    outer loop
      vertex -14.5433 2.2961 3.5
      vertex -14.3844 2.64679 3.2
      vertex -14.5433 2.2961 0
    endloop
  endfacet
  facet normal -0.910806 0.412834 0.000165049
    outer loop
      vertex -14.3844 2.64679 3.2
      vertex -14.5433 2.2961 3.5
      vertex -14.3812 2.65373 3.5
    endloop
  endfacet
  facet normal -0.985346 0.170566 0
    outer loop
      vertex -14.8847 1.17054 0
      vertex -14.886 1.16303 0.299999
      vertex -14.8847 1.17054 0.299999
    endloop
  endfacet
  facet normal -0.986651 0.162851 0
    outer loop
      vertex -14.886 1.16303 0.299999
      vertex -14.9487 0.783156 0
      vertex -14.886 1.16303 3.2
    endloop
  endfacet
  facet normal -0.986626 0.163001 -0.000194916
    outer loop
      vertex -14.9487 0.783156 0
      vertex -14.886 1.16303 0.299999
      vertex -14.8847 1.17054 0
    endloop
  endfacet
  facet normal -0.985346 0.170566 0
    outer loop
      vertex -14.886 1.16303 3.2
      vertex -14.8847 1.17054 3.5
      vertex -14.8847 1.17054 3.2
    endloop
  endfacet
  facet normal -0.986651 0.162851 0
    outer loop
      vertex -14.9487 0.783156 3.5
      vertex -14.886 1.16303 3.2
      vertex -14.9487 0.783156 0
    endloop
  endfacet
  facet normal -0.986626 0.163001 0.000194915
    outer loop
      vertex -14.886 1.16303 3.2
      vertex -14.9487 0.783156 3.5
      vertex -14.8847 1.17054 3.5
    endloop
  endfacet
  facet normal 0.582851 -0.812579 0
    outer loop
      vertex -5.66658 -4.98882 0.299999
      vertex -5.66658 -4.98882 0
      vertex -5.66039 -4.98438 0.299999
    endloop
  endfacet
  facet normal 0.582851 -0.812579 0
    outer loop
      vertex -5.66039 -4.98438 3.2
      vertex -5.66658 -4.98882 3.5
      vertex -5.66658 -4.98882 3.2
    endloop
  endfacet
  facet normal 0.582478 -0.812846 -1.16564e-05
    outer loop
      vertex -5.66658 -4.98882 3.5
      vertex -5.66039 -4.98438 3.2
      vertex -5.34743 -4.76012 3.5
    endloop
  endfacet
  facet normal 0.582471 -0.812852 0
    outer loop
      vertex -5.66039 -4.98438 0.299999
      vertex -5.34743 -4.76012 3.5
      vertex -5.66039 -4.98438 3.2
    endloop
  endfacet
  facet normal 0.582478 -0.812846 1.16564e-05
    outer loop
      vertex -5.34743 -4.76012 0
      vertex -5.66039 -4.98438 0.299999
      vertex -5.66658 -4.98882 0
    endloop
  endfacet
  facet normal 0.582471 -0.812852 0
    outer loop
      vertex -5.66039 -4.98438 0.299999
      vertex -5.34743 -4.76012 0
      vertex -5.34743 -4.76012 3.5
    endloop
  endfacet
  facet normal 0.0980057 0.995186 2.14859e-05
    outer loop
      vertex -8.21684 5.94867 3.5
      vertex -8.6 5.98641 3.2
      vertex -8.60758 5.98715 3.5
    endloop
  endfacet
  facet normal 0.0980224 0.995184 0
    outer loop
      vertex -8.21684 5.94867 3.5
      vertex -8.6 5.98641 0.299999
      vertex -8.6 5.98641 3.2
    endloop
  endfacet
  facet normal 0.0980224 0.995184 -0
    outer loop
      vertex -8.21684 5.94867 0
      vertex -8.6 5.98641 0.299999
      vertex -8.21684 5.94867 3.5
    endloop
  endfacet
  facet normal 0.0980057 0.995186 -2.14859e-05
    outer loop
      vertex -8.60758 5.98715 0
      vertex -8.6 5.98641 0.299999
      vertex -8.21684 5.94867 0
    endloop
  endfacet
  facet normal 0.0971634 0.995268 0
    outer loop
      vertex -8.6 5.98641 0.299999
      vertex -8.60758 5.98715 0
      vertex -8.60758 5.98715 0.299999
    endloop
  endfacet
  facet normal 0.0971634 0.995268 0
    outer loop
      vertex -8.60758 5.98715 3.5
      vertex -8.6 5.98641 3.2
      vertex -8.60758 5.98715 3.2
    endloop
  endfacet
  facet normal -0.849127 -0.528189 0
    outer loop
      vertex -13.9888 -3.33342 3.2
      vertex -14.1962 -3 3.5
      vertex -14.1962 -3 3.2
    endloop
  endfacet
  facet normal -0.849127 -0.528189 0
    outer loop
      vertex -14.1962 -3 3.5
      vertex -13.9888 -3.33342 3.2
      vertex -13.9888 -3.33342 3.5
    endloop
  endfacet
  facet normal -0.849127 -0.528189 0
    outer loop
      vertex -13.9888 -3.33342 0
      vertex -14.1962 -3 0.299999
      vertex -14.1962 -3 0
    endloop
  endfacet
  facet normal -0.849127 -0.528189 0
    outer loop
      vertex -14.1962 -3 0.299999
      vertex -13.9888 -3.33342 0
      vertex -13.9888 -3.33342 0.299999
    endloop
  endfacet
  facet normal 0.162904 -0.986642 9.84825e-08
    outer loop
      vertex -8.21684 -5.94867 3.5
      vertex -7.83697 -5.88595 3.2
      vertex -7.82946 -5.88471 3.5
    endloop
  endfacet
  facet normal 0.162904 -0.986642 0
    outer loop
      vertex -8.21684 -5.94867 3.5
      vertex -7.83697 -5.88595 0.299999
      vertex -7.83697 -5.88595 3.2
    endloop
  endfacet
  facet normal 0.162904 -0.986642 0
    outer loop
      vertex -8.21684 -5.94867 0
      vertex -7.83697 -5.88595 0.299999
      vertex -8.21684 -5.94867 3.5
    endloop
  endfacet
  facet normal 0.162904 -0.986642 -9.84828e-08
    outer loop
      vertex -7.82946 -5.88471 0
      vertex -7.83697 -5.88595 0.299999
      vertex -8.21684 -5.94867 0
    endloop
  endfacet
  facet normal 0.162907 -0.986641 0
    outer loop
      vertex -7.83697 -5.88595 0.299999
      vertex -7.82946 -5.88471 0
      vertex -7.82946 -5.88471 0.299999
    endloop
  endfacet
  facet normal 0.162907 -0.986641 0
    outer loop
      vertex -7.82946 -5.88471 3.5
      vertex -7.83697 -5.88595 3.2
      vertex -7.82946 -5.88471 3.2
    endloop
  endfacet
  facet normal 0.29027 -0.956945 0
    outer loop
      vertex -7.44709 -5.79555 0
      vertex -7.07136 -5.68158 0.299999
      vertex -7.44709 -5.79555 0.299999
    endloop
  endfacet
  facet normal 0.29027 -0.956945 0
    outer loop
      vertex -7.07136 -5.68158 0.299999
      vertex -7.44709 -5.79555 0
      vertex -7.07136 -5.68158 0
    endloop
  endfacet
  facet normal 0.29027 -0.956945 0
    outer loop
      vertex -7.44709 -5.79555 3.2
      vertex -7.07136 -5.68158 3.5
      vertex -7.44709 -5.79555 3.5
    endloop
  endfacet
  facet normal 0.29027 -0.956945 0
    outer loop
      vertex -7.07136 -5.68158 3.5
      vertex -7.44709 -5.79555 3.2
      vertex -7.07136 -5.68158 3.2
    endloop
  endfacet
  facet normal 0.528061 -0.849207 0
    outer loop
      vertex -6 -5.19615 3.2
      vertex -5.66658 -4.98882 3.5
      vertex -6 -5.19615 3.5
    endloop
  endfacet
  facet normal 0.528061 -0.849207 0
    outer loop
      vertex -5.66658 -4.98882 3.5
      vertex -6 -5.19615 3.2
      vertex -5.66658 -4.98882 3.2
    endloop
  endfacet
  facet normal 0.528061 -0.849207 0
    outer loop
      vertex -6 -5.19615 0
      vertex -5.66658 -4.98882 0.299999
      vertex -6 -5.19615 0.299999
    endloop
  endfacet
  facet normal 0.528061 -0.849207 0
    outer loop
      vertex -5.66658 -4.98882 0.299999
      vertex -6 -5.19615 0
      vertex -5.66658 -4.98882 0
    endloop
  endfacet
  facet normal -0.773075 -0.634315 0
    outer loop
      vertex -13.7601 -3.65257 0
      vertex -13.5159 -3.95019 0.299999
      vertex -13.7601 -3.65257 3.5
    endloop
  endfacet
  facet normal -0.77298 -0.63443 -0.000190525
    outer loop
      vertex -13.511 -3.95607 0
      vertex -13.5159 -3.95019 0.299999
      vertex -13.7601 -3.65257 0
    endloop
  endfacet
  facet normal -0.768221 -0.640184 0
    outer loop
      vertex -13.5159 -3.95019 0.299999
      vertex -13.511 -3.95607 0
      vertex -13.511 -3.95607 0.299999
    endloop
  endfacet
  facet normal -0.773075 -0.634315 -0
    outer loop
      vertex -13.5159 -3.95019 3.2
      vertex -13.7601 -3.65257 3.5
      vertex -13.5159 -3.95019 0.299999
    endloop
  endfacet
  facet normal -0.768221 -0.640184 -0
    outer loop
      vertex -13.511 -3.95607 3.5
      vertex -13.5159 -3.95019 3.2
      vertex -13.511 -3.95607 3.2
    endloop
  endfacet
  facet normal -0.77298 -0.63443 0.000190524
    outer loop
      vertex -13.5159 -3.95019 3.2
      vertex -13.511 -3.95607 3.5
      vertex -13.7601 -3.65257 3.5
    endloop
  endfacet
  facet normal -0.634399 0.773005 -3.11325e-05
    outer loop
      vertex -12.6526 4.76012 3.5
      vertex -12.9502 4.51587 3.2
      vertex -12.9561 4.51104 3.5
    endloop
  endfacet
  facet normal -0.634418 0.77299 0
    outer loop
      vertex -12.6526 4.76012 3.5
      vertex -12.9502 4.51587 0.299999
      vertex -12.9502 4.51587 3.2
    endloop
  endfacet
  facet normal -0.634418 0.77299 0
    outer loop
      vertex -12.6526 4.76012 0
      vertex -12.9502 4.51587 0.299999
      vertex -12.6526 4.76012 3.5
    endloop
  endfacet
  facet normal -0.634399 0.773005 3.11326e-05
    outer loop
      vertex -12.9561 4.51104 0
      vertex -12.9502 4.51587 0.299999
      vertex -12.6526 4.76012 0
    endloop
  endfacet
  facet normal -0.633452 0.773782 0
    outer loop
      vertex -12.9502 4.51587 0.299999
      vertex -12.9561 4.51104 0
      vertex -12.9561 4.51104 0.299999
    endloop
  endfacet
  facet normal -0.633452 0.773782 0
    outer loop
      vertex -12.9561 4.51104 3.5
      vertex -12.9502 4.51587 3.2
      vertex -12.9561 4.51104 3.2
    endloop
  endfacet
  facet normal 0.227085 -0.973875 0
    outer loop
      vertex -7.82946 -5.88471 0
      vertex -7.44709 -5.79555 0.299999
      vertex -7.82946 -5.88471 0.299999
    endloop
  endfacet
  facet normal 0.227085 -0.973875 0
    outer loop
      vertex -7.44709 -5.79555 0.299999
      vertex -7.82946 -5.88471 0
      vertex -7.44709 -5.79555 0
    endloop
  endfacet
  facet normal 0.227085 -0.973875 0
    outer loop
      vertex -7.82946 -5.88471 3.2
      vertex -7.44709 -5.79555 3.5
      vertex -7.82946 -5.88471 3.5
    endloop
  endfacet
  facet normal 0.227085 -0.973875 0
    outer loop
      vertex -7.44709 -5.79555 3.5
      vertex -7.82946 -5.88471 3.2
      vertex -7.44709 -5.79555 3.2
    endloop
  endfacet
  facet normal -0.99448 -0.104931 0
    outer loop
      vertex -14.9872 -0.392418 0
      vertex -14.9864 -0.4 0.299999
      vertex -14.9872 -0.392418 0.299999
    endloop
  endfacet
  facet normal -0.995194 -0.0979205 0
    outer loop
      vertex -14.9864 -0.4 0.299999
      vertex -14.9487 -0.783156 0
      vertex -14.9864 -0.4 3.2
    endloop
  endfacet
  facet normal -0.995181 -0.0980567 0.000175598
    outer loop
      vertex -14.9487 -0.783156 0
      vertex -14.9864 -0.4 0.299999
      vertex -14.9872 -0.392418 0
    endloop
  endfacet
  facet normal -0.99448 -0.104931 0
    outer loop
      vertex -14.9864 -0.4 3.2
      vertex -14.9872 -0.392418 3.5
      vertex -14.9872 -0.392418 3.2
    endloop
  endfacet
  facet normal -0.995194 -0.0979205 -0
    outer loop
      vertex -14.9487 -0.783156 3.5
      vertex -14.9864 -0.4 3.2
      vertex -14.9487 -0.783156 0
    endloop
  endfacet
  facet normal -0.995181 -0.0980567 -0.000175597
    outer loop
      vertex -14.9864 -0.4 3.2
      vertex -14.9487 -0.783156 3.5
      vertex -14.9872 -0.392418 3.5
    endloop
  endfacet
  facet normal -0.999468 0.0326009 0
    outer loop
      vertex -15 0 3.2
      vertex -14.9872 0.392418 3.5
      vertex -14.9872 0.392418 3.2
    endloop
  endfacet
  facet normal -0.999468 0.0326009 0
    outer loop
      vertex -14.9872 0.392418 3.5
      vertex -15 0 3.2
      vertex -15 0 3.5
    endloop
  endfacet
  facet normal -0.999468 0.0326009 0
    outer loop
      vertex -15 0 0
      vertex -14.9872 0.392418 0.299999
      vertex -14.9872 0.392418 0
    endloop
  endfacet
  facet normal -0.999468 0.0326009 0
    outer loop
      vertex -14.9872 0.392418 0.299999
      vertex -15 0 0
      vertex -15 0 0.299999
    endloop
  endfacet
  facet normal -0.352212 -0.93592 9.21913e-05
    outer loop
      vertex -11.2961 -5.54328 3.5
      vertex -10.9358 -5.6789 3.2
      vertex -10.9286 -5.68158 3.5
    endloop
  endfacet
  facet normal -0.352279 -0.935895 0
    outer loop
      vertex -11.2961 -5.54328 3.5
      vertex -10.9358 -5.6789 0.299999
      vertex -10.9358 -5.6789 3.2
    endloop
  endfacet
  facet normal -0.352279 -0.935895 0
    outer loop
      vertex -11.2961 -5.54328 0
      vertex -10.9358 -5.6789 0.299999
      vertex -11.2961 -5.54328 3.5
    endloop
  endfacet
  facet normal -0.352212 -0.93592 -9.21916e-05
    outer loop
      vertex -10.9286 -5.68158 0
      vertex -10.9358 -5.6789 0.299999
      vertex -11.2961 -5.54328 0
    endloop
  endfacet
  facet normal -0.34884 -0.937182 0
    outer loop
      vertex -10.9358 -5.6789 0.299999
      vertex -10.9286 -5.68158 0
      vertex -10.9286 -5.68158 0.299999
    endloop
  endfacet
  facet normal -0.34884 -0.937182 -0
    outer loop
      vertex -10.9286 -5.68158 3.5
      vertex -10.9358 -5.6789 3.2
      vertex -10.9286 -5.68158 3.2
    endloop
  endfacet
  facet normal 0.0971634 -0.995268 0
    outer loop
      vertex -8.60758 -5.98715 0.299999
      vertex -8.60758 -5.98715 0
      vertex -8.6 -5.98641 0.299999
    endloop
  endfacet
  facet normal 0.0971634 -0.995268 0
    outer loop
      vertex -8.6 -5.98641 3.2
      vertex -8.60758 -5.98715 3.5
      vertex -8.60758 -5.98715 3.2
    endloop
  endfacet
  facet normal 0.0980057 -0.995186 2.14859e-05
    outer loop
      vertex -8.60758 -5.98715 3.5
      vertex -8.6 -5.98641 3.2
      vertex -8.21684 -5.94867 3.5
    endloop
  endfacet
  facet normal 0.0980224 -0.995184 0
    outer loop
      vertex -8.6 -5.98641 0.299999
      vertex -8.21684 -5.94867 3.5
      vertex -8.6 -5.98641 3.2
    endloop
  endfacet
  facet normal 0.0980057 -0.995186 -2.14859e-05
    outer loop
      vertex -8.21684 -5.94867 0
      vertex -8.6 -5.98641 0.299999
      vertex -8.60758 -5.98715 0
    endloop
  endfacet
  facet normal 0.0980224 -0.995184 0
    outer loop
      vertex -8.6 -5.98641 0.299999
      vertex -8.21684 -5.94867 0
      vertex -8.21684 -5.94867 3.5
    endloop
  endfacet
  facet normal 0.634399 -0.773005 1.11608e-05
    outer loop
      vertex -5.34743 -4.76012 3.5
      vertex -5.04981 -4.51587 3.2
      vertex -5.04393 -4.51104 3.5
    endloop
  endfacet
  facet normal 0.634393 -0.773011 0
    outer loop
      vertex -5.34743 -4.76012 3.5
      vertex -5.04981 -4.51587 0.299999
      vertex -5.04981 -4.51587 3.2
    endloop
  endfacet
  facet normal 0.634393 -0.773011 0
    outer loop
      vertex -5.34743 -4.76012 0
      vertex -5.04981 -4.51587 0.299999
      vertex -5.34743 -4.76012 3.5
    endloop
  endfacet
  facet normal 0.634399 -0.773005 -1.11609e-05
    outer loop
      vertex -5.04393 -4.51104 0
      vertex -5.04981 -4.51587 0.299999
      vertex -5.34743 -4.76012 0
    endloop
  endfacet
  facet normal 0.634739 -0.772726 0
    outer loop
      vertex -5.04981 -4.51587 0.299999
      vertex -5.04393 -4.51104 0
      vertex -5.04393 -4.51104 0.299999
    endloop
  endfacet
  facet normal 0.634739 -0.772726 0
    outer loop
      vertex -5.04393 -4.51104 3.5
      vertex -5.04981 -4.51587 3.2
      vertex -5.04393 -4.51104 3.2
    endloop
  endfacet
  facet normal 0.999464 -0.0327282 0
    outer loop
      vertex -3.01285 -0.392418 3.5
      vertex -3 0 3.2
      vertex -3 0 3.5
    endloop
  endfacet
  facet normal 0.999464 -0.0327282 0
    outer loop
      vertex -3 0 3.2
      vertex -3.01285 -0.392418 3.5
      vertex -3.01285 -0.392418 3.2
    endloop
  endfacet
  facet normal 0.999464 -0.0327282 0
    outer loop
      vertex -3.01285 -0.392418 0.299999
      vertex -3 0 0
      vertex -3 0 0.299999
    endloop
  endfacet
  facet normal 0.999464 -0.0327282 0
    outer loop
      vertex -3 0 0
      vertex -3.01285 -0.392418 0.299999
      vertex -3.01285 -0.392418 0
    endloop
  endfacet
  facet normal 0.412707 -0.910864 -1.35786e-05
    outer loop
      vertex -6.7039 -5.54328 3.5
      vertex -6.35321 -5.38438 3.2
      vertex -6.34627 -5.38124 3.5
    endloop
  endfacet
  facet normal 0.412717 -0.91086 0
    outer loop
      vertex -6.7039 -5.54328 3.5
      vertex -6.35321 -5.38438 0.299999
      vertex -6.35321 -5.38438 3.2
    endloop
  endfacet
  facet normal 0.412717 -0.91086 0
    outer loop
      vertex -6.7039 -5.54328 0
      vertex -6.35321 -5.38438 0.299999
      vertex -6.7039 -5.54328 3.5
    endloop
  endfacet
  facet normal 0.412707 -0.910864 1.35787e-05
    outer loop
      vertex -6.34627 -5.38124 0
      vertex -6.35321 -5.38438 0.299999
      vertex -6.7039 -5.54328 0
    endloop
  endfacet
  facet normal 0.41222 -0.911084 0
    outer loop
      vertex -6.35321 -5.38438 0.299999
      vertex -6.34627 -5.38124 0
      vertex -6.34627 -5.38124 0.299999
    endloop
  endfacet
  facet normal 0.41222 -0.911084 0
    outer loop
      vertex -6.34627 -5.38124 3.5
      vertex -6.35321 -5.38438 3.2
      vertex -6.34627 -5.38124 3.2
    endloop
  endfacet
  facet normal 0.162907 0.986641 0
    outer loop
      vertex -7.82946 5.88471 0.299999
      vertex -7.82946 5.88471 0
      vertex -7.83697 5.88595 0.299999
    endloop
  endfacet
  facet normal 0.162907 0.986641 0
    outer loop
      vertex -7.83697 5.88595 3.2
      vertex -7.82946 5.88471 3.5
      vertex -7.82946 5.88471 3.2
    endloop
  endfacet
  facet normal 0.162904 0.986642 9.84825e-08
    outer loop
      vertex -7.82946 5.88471 3.5
      vertex -7.83697 5.88595 3.2
      vertex -8.21684 5.94867 3.5
    endloop
  endfacet
  facet normal 0.162904 0.986642 -0
    outer loop
      vertex -7.83697 5.88595 0.299999
      vertex -8.21684 5.94867 3.5
      vertex -7.83697 5.88595 3.2
    endloop
  endfacet
  facet normal 0.162904 0.986642 -9.84828e-08
    outer loop
      vertex -8.21684 5.94867 0
      vertex -7.83697 5.88595 0.299999
      vertex -7.82946 5.88471 0
    endloop
  endfacet
  facet normal 0.162904 0.986642 0
    outer loop
      vertex -7.83697 5.88595 0.299999
      vertex -8.21684 5.94867 0
      vertex -8.21684 5.94867 3.5
    endloop
  endfacet
  facet normal -0.729867 0.683589 0
    outer loop
      vertex -13.511 3.95607 0
      vertex -13.2426 4.24264 0.299999
      vertex -13.2426 4.24264 0
    endloop
  endfacet
  facet normal -0.729867 0.683589 0
    outer loop
      vertex -13.2426 4.24264 0.299999
      vertex -13.511 3.95607 0
      vertex -13.511 3.95607 0.299999
    endloop
  endfacet
  facet normal -0.729867 0.683589 0
    outer loop
      vertex -13.511 3.95607 3.2
      vertex -13.2426 4.24264 3.5
      vertex -13.2426 4.24264 3.2
    endloop
  endfacet
  facet normal -0.729867 0.683589 0
    outer loop
      vertex -13.2426 4.24264 3.5
      vertex -13.511 3.95607 3.2
      vertex -13.511 3.95607 3.5
    endloop
  endfacet
  facet normal 0.973875 -0.227085 0
    outer loop
      vertex -3.20445 -1.55291 3.5
      vertex -3.11529 -1.17054 3.2
      vertex -3.11529 -1.17054 3.5
    endloop
  endfacet
  facet normal 0.973875 -0.227085 0
    outer loop
      vertex -3.11529 -1.17054 3.2
      vertex -3.20445 -1.55291 3.5
      vertex -3.20445 -1.55291 3.2
    endloop
  endfacet
  facet normal 0.973875 -0.227085 0
    outer loop
      vertex -3.20445 -1.55291 0.299999
      vertex -3.11529 -1.17054 0
      vertex -3.11529 -1.17054 0.299999
    endloop
  endfacet
  facet normal 0.973875 -0.227085 0
    outer loop
      vertex -3.11529 -1.17054 0
      vertex -3.20445 -1.55291 0.299999
      vertex -3.20445 -1.55291 0
    endloop
  endfacet
  facet normal -0.768221 0.640184 0
    outer loop
      vertex -13.511 3.95607 0
      vertex -13.5159 3.95019 0.299999
      vertex -13.511 3.95607 0.299999
    endloop
  endfacet
  facet normal -0.773075 0.634315 0
    outer loop
      vertex -13.5159 3.95019 0.299999
      vertex -13.7601 3.65257 0
      vertex -13.5159 3.95019 3.2
    endloop
  endfacet
  facet normal -0.77298 0.63443 -0.000190525
    outer loop
      vertex -13.7601 3.65257 0
      vertex -13.5159 3.95019 0.299999
      vertex -13.511 3.95607 0
    endloop
  endfacet
  facet normal -0.768221 0.640184 0
    outer loop
      vertex -13.5159 3.95019 3.2
      vertex -13.511 3.95607 3.5
      vertex -13.511 3.95607 3.2
    endloop
  endfacet
  facet normal -0.773075 0.634315 0
    outer loop
      vertex -13.7601 3.65257 3.5
      vertex -13.5159 3.95019 3.2
      vertex -13.7601 3.65257 0
    endloop
  endfacet
  facet normal -0.77298 0.63443 0.000190524
    outer loop
      vertex -13.5159 3.95019 3.2
      vertex -13.7601 3.65257 3.5
      vertex -13.511 3.95607 3.5
    endloop
  endfacet
  facet normal 0.683589 -0.729867 0
    outer loop
      vertex -5.04393 -4.51104 0
      vertex -4.75736 -4.24264 0.299999
      vertex -5.04393 -4.51104 0.299999
    endloop
  endfacet
  facet normal 0.683589 -0.729867 0
    outer loop
      vertex -4.75736 -4.24264 0.299999
      vertex -5.04393 -4.51104 0
      vertex -4.75736 -4.24264 0
    endloop
  endfacet
  facet normal 0.683589 -0.729867 0
    outer loop
      vertex -5.04393 -4.51104 3.2
      vertex -4.75736 -4.24264 3.5
      vertex -5.04393 -4.51104 3.5
    endloop
  endfacet
  facet normal 0.683589 -0.729867 0
    outer loop
      vertex -4.75736 -4.24264 3.5
      vertex -5.04393 -4.51104 3.2
      vertex -4.75736 -4.24264 3.2
    endloop
  endfacet
  facet normal -0.227069 -0.973879 0
    outer loop
      vertex -10.5529 -5.79555 0
      vertex -10.1705 -5.88471 0.299999
      vertex -10.5529 -5.79555 0.299999
    endloop
  endfacet
  facet normal -0.227069 -0.973879 -0
    outer loop
      vertex -10.1705 -5.88471 0.299999
      vertex -10.5529 -5.79555 0
      vertex -10.1705 -5.88471 0
    endloop
  endfacet
  facet normal -0.227069 -0.973879 0
    outer loop
      vertex -10.5529 -5.79555 3.2
      vertex -10.1705 -5.88471 3.5
      vertex -10.5529 -5.79555 3.5
    endloop
  endfacet
  facet normal -0.227069 -0.973879 -0
    outer loop
      vertex -10.1705 -5.88471 3.5
      vertex -10.5529 -5.79555 3.2
      vertex -10.1705 -5.88471 3.2
    endloop
  endfacet
  facet normal 0.936059 -0.351843 0
    outer loop
      vertex -3.31842 -1.92864 3.5
      vertex -3.3211 -1.93577 3.2
      vertex -3.31842 -1.92864 3.2
    endloop
  endfacet
  facet normal 0.935905 -0.352253 0
    outer loop
      vertex -3.3211 -1.93577 3.2
      vertex -3.45672 -2.2961 3.5
      vertex -3.3211 -1.93577 0.299999
    endloop
  endfacet
  facet normal 0.935908 -0.352245 1.09197e-05
    outer loop
      vertex -3.45672 -2.2961 3.5
      vertex -3.3211 -1.93577 3.2
      vertex -3.31842 -1.92864 3.5
    endloop
  endfacet
  facet normal 0.936059 -0.351843 0
    outer loop
      vertex -3.3211 -1.93577 0.299999
      vertex -3.31842 -1.92864 0
      vertex -3.31842 -1.92864 0.299999
    endloop
  endfacet
  facet normal 0.935905 -0.352253 0
    outer loop
      vertex -3.45672 -2.2961 0
      vertex -3.3211 -1.93577 0.299999
      vertex -3.45672 -2.2961 3.5
    endloop
  endfacet
  facet normal 0.935908 -0.352245 -1.09197e-05
    outer loop
      vertex -3.3211 -1.93577 0.299999
      vertex -3.45672 -2.2961 0
      vertex -3.31842 -1.92864 0
    endloop
  endfacet
  facet normal -0.995194 0.0979205 0
    outer loop
      vertex -14.9487 0.783156 0
      vertex -14.9864 0.4 0.299999
      vertex -14.9487 0.783156 3.5
    endloop
  endfacet
  facet normal -0.995181 0.0980567 0.000175598
    outer loop
      vertex -14.9872 0.392418 0
      vertex -14.9864 0.4 0.299999
      vertex -14.9487 0.783156 0
    endloop
  endfacet
  facet normal -0.99448 0.104931 0
    outer loop
      vertex -14.9864 0.4 0.299999
      vertex -14.9872 0.392418 0
      vertex -14.9872 0.392418 0.299999
    endloop
  endfacet
  facet normal -0.995194 0.0979205 0
    outer loop
      vertex -14.9864 0.4 3.2
      vertex -14.9487 0.783156 3.5
      vertex -14.9864 0.4 0.299999
    endloop
  endfacet
  facet normal -0.99448 0.104931 0
    outer loop
      vertex -14.9872 0.392418 3.5
      vertex -14.9864 0.4 3.2
      vertex -14.9872 0.392418 3.2
    endloop
  endfacet
  facet normal -0.995181 0.0980567 -0.000175597
    outer loop
      vertex -14.9864 0.4 3.2
      vertex -14.9872 0.392418 3.5
      vertex -14.9487 0.783156 3.5
    endloop
  endfacet
  facet normal -0.849127 0.528189 0
    outer loop
      vertex -14.1962 3 0
      vertex -13.9888 3.33342 0.299999
      vertex -13.9888 3.33342 0
    endloop
  endfacet
  facet normal -0.849127 0.528189 0
    outer loop
      vertex -13.9888 3.33342 0.299999
      vertex -14.1962 3 0
      vertex -14.1962 3 0.299999
    endloop
  endfacet
  facet normal -0.849127 0.528189 0
    outer loop
      vertex -14.1962 3 3.2
      vertex -13.9888 3.33342 3.5
      vertex -13.9888 3.33342 3.2
    endloop
  endfacet
  facet normal -0.849127 0.528189 0
    outer loop
      vertex -13.9888 3.33342 3.5
      vertex -14.1962 3 3.2
      vertex -14.1962 3 3.5
    endloop
  endfacet
  facet normal -0.290291 -0.956938 0
    outer loop
      vertex -10.9286 -5.68158 0
      vertex -10.5529 -5.79555 0.299999
      vertex -10.9286 -5.68158 0.299999
    endloop
  endfacet
  facet normal -0.290291 -0.956938 -0
    outer loop
      vertex -10.5529 -5.79555 0.299999
      vertex -10.9286 -5.68158 0
      vertex -10.5529 -5.79555 0
    endloop
  endfacet
  facet normal -0.290291 -0.956938 0
    outer loop
      vertex -10.9286 -5.68158 3.2
      vertex -10.5529 -5.79555 3.5
      vertex -10.9286 -5.68158 3.5
    endloop
  endfacet
  facet normal -0.290291 -0.956938 -0
    outer loop
      vertex -10.5529 -5.79555 3.5
      vertex -10.9286 -5.68158 3.2
      vertex -10.5529 -5.79555 3.2
    endloop
  endfacet
  facet normal -0.956924 0.29034 0
    outer loop
      vertex -14.7956 1.55291 0
      vertex -14.6816 1.92864 0.299999
      vertex -14.6816 1.92864 0
    endloop
  endfacet
  facet normal -0.956924 0.29034 0
    outer loop
      vertex -14.6816 1.92864 0.299999
      vertex -14.7956 1.55291 0
      vertex -14.7956 1.55291 0.299999
    endloop
  endfacet
  facet normal -0.956924 0.29034 0
    outer loop
      vertex -14.7956 1.55291 3.2
      vertex -14.6816 1.92864 3.5
      vertex -14.6816 1.92864 3.2
    endloop
  endfacet
  facet normal -0.956924 0.29034 0
    outer loop
      vertex -14.6816 1.92864 3.5
      vertex -14.7956 1.55291 3.2
      vertex -14.7956 1.55291 3.5
    endloop
  endfacet
  facet normal -0.471375 -0.881933 0
    outer loop
      vertex -12 -5.19615 3.2
      vertex -11.6537 -5.38124 3.5
      vertex -12 -5.19615 3.5
    endloop
  endfacet
  facet normal -0.471375 -0.881933 -0
    outer loop
      vertex -11.6537 -5.38124 3.5
      vertex -12 -5.19615 3.2
      vertex -11.6537 -5.38124 3.2
    endloop
  endfacet
  facet normal -0.471375 -0.881933 0
    outer loop
      vertex -12 -5.19615 0
      vertex -11.6537 -5.38124 0.299999
      vertex -12 -5.19615 0.299999
    endloop
  endfacet
  facet normal -0.471375 -0.881933 -0
    outer loop
      vertex -11.6537 -5.38124 0.299999
      vertex -12 -5.19615 0
      vertex -11.6537 -5.38124 0
    endloop
  endfacet
  facet normal 0 0 1
    outer loop
      vertex -6.55 0 3.5
      vertex -3 0 3.5
      vertex -3.01285 0.392418 3.5
    endloop
  endfacet
  facet normal 0 0 1
    outer loop
      vertex -6.55525 0.160237 3.5
      vertex -3.01285 0.392418 3.5
      vertex -3.05133 0.783156 3.5
    endloop
  endfacet
  facet normal 0 0 1
    outer loop
      vertex -3 0 3.5
      vertex -6.55 0 3.5
      vertex -3.01285 -0.392418 3.5
    endloop
  endfacet
  facet normal 0 0 1
    outer loop
      vertex -6.57096 0.319789 3.5
      vertex -3.05133 0.783156 3.5
      vertex -3.11529 1.17054 3.5
    endloop
  endfacet
  facet normal -0 0 1
    outer loop
      vertex -6.55525 -0.160237 3.5
      vertex -3.01285 -0.392418 3.5
      vertex -6.55 0 3.5
    endloop
  endfacet
  facet normal 0 0 1
    outer loop
      vertex -6.59708 0.477971 3.5
      vertex -3.11529 1.17054 3.5
      vertex -3.20445 1.55291 3.5
    endloop
  endfacet
  facet normal 0 0 1
    outer loop
      vertex -3.01285 -0.392418 3.5
      vertex -6.55525 -0.160237 3.5
      vertex -3.05133 -0.783156 3.5
    endloop
  endfacet
  facet normal 0 0 1
    outer loop
      vertex -6.63348 0.634107 3.5
      vertex -3.20445 1.55291 3.5
      vertex -3.31842 1.92864 3.5
    endloop
  endfacet
  facet normal -0 0 1
    outer loop
      vertex -6.57096 -0.319789 3.5
      vertex -3.05133 -0.783156 3.5
      vertex -6.55525 -0.160237 3.5
    endloop
  endfacet
  facet normal 0 0 1
    outer loop
      vertex -6.68002 0.787526 3.5
      vertex -3.31842 1.92864 3.5
      vertex -3.45672 2.2961 3.5
    endloop
  endfacet
  facet normal 0 0 1
    outer loop
      vertex -3.05133 -0.783156 3.5
      vertex -6.57096 -0.319789 3.5
      vertex -3.11529 -1.17054 3.5
    endloop
  endfacet
  facet normal 0 0 1
    outer loop
      vertex -6.7365 0.937574 3.5
      vertex -3.45672 2.2961 3.5
      vertex -3.61876 2.65373 3.5
    endloop
  endfacet
  facet normal -0 0 1
    outer loop
      vertex -6.59708 -0.477971 3.5
      vertex -3.11529 -1.17054 3.5
      vertex -6.57096 -0.319789 3.5
    endloop
  endfacet
  facet normal 0 0 1
    outer loop
      vertex -6.80266 1.08361 3.5
      vertex -3.61876 2.65373 3.5
      vertex -3.80385 3 3.5
    endloop
  endfacet
  facet normal 0 0 1
    outer loop
      vertex -3.11529 -1.17054 3.5
      vertex -6.59708 -0.477971 3.5
      vertex -3.20445 -1.55291 3.5
    endloop
  endfacet
  facet normal 0 0 1
    outer loop
      vertex -6.87824 1.225 3.5
      vertex -3.80385 3 3.5
      vertex -4.01118 3.33342 3.5
    endloop
  endfacet
  facet normal -0 0 1
    outer loop
      vertex -6.63348 -0.634107 3.5
      vertex -3.20445 -1.55291 3.5
      vertex -6.59708 -0.477971 3.5
    endloop
  endfacet
  facet normal 0 0 1
    outer loop
      vertex -6.9629 1.36115 3.5
      vertex -4.01118 3.33342 3.5
      vertex -4.23988 3.65257 3.5
    endloop
  endfacet
  facet normal 0 0 1
    outer loop
      vertex -3.20445 -1.55291 3.5
      vertex -6.63348 -0.634107 3.5
      vertex -3.31842 -1.92864 3.5
    endloop
  endfacet
  facet normal 0 0 1
    outer loop
      vertex -7.05628 1.49146 3.5
      vertex -4.23988 3.65257 3.5
      vertex -4.48896 3.95607 3.5
    endloop
  endfacet
  facet normal -0 0 1
    outer loop
      vertex -6.68002 -0.787526 3.5
      vertex -3.31842 -1.92864 3.5
      vertex -6.63348 -0.634107 3.5
    endloop
  endfacet
  facet normal 0 0 1
    outer loop
      vertex -7.15799 1.6154 3.5
      vertex -4.48896 3.95607 3.5
      vertex -4.75736 4.24264 3.5
    endloop
  endfacet
  facet normal 0 0 1
    outer loop
      vertex -3.31842 -1.92864 3.5
      vertex -6.68002 -0.787526 3.5
      vertex -3.45672 -2.2961 3.5
    endloop
  endfacet
  facet normal 0 0 1
    outer loop
      vertex -7.26759 1.73241 3.5
      vertex -4.75736 4.24264 3.5
      vertex -5.04393 4.51104 3.5
    endloop
  endfacet
  facet normal -0 0 1
    outer loop
      vertex -6.7365 -0.937574 3.5
      vertex -3.45672 -2.2961 3.5
      vertex -6.68002 -0.787526 3.5
    endloop
  endfacet
  facet normal 0 0 1
    outer loop
      vertex -7.3846 1.84201 3.5
      vertex -5.04393 4.51104 3.5
      vertex -5.34743 4.76012 3.5
    endloop
  endfacet
  facet normal 0 0 1
    outer loop
      vertex -3.45672 -2.2961 3.5
      vertex -6.7365 -0.937574 3.5
      vertex -3.61876 -2.65373 3.5
    endloop
  endfacet
  facet normal 0 0 1
    outer loop
      vertex -7.50854 1.94372 3.5
      vertex -5.34743 4.76012 3.5
      vertex -5.66658 4.98882 3.5
    endloop
  endfacet
  facet normal -0 0 1
    outer loop
      vertex -6.80266 -1.08361 3.5
      vertex -3.61876 -2.65373 3.5
      vertex -6.7365 -0.937574 3.5
    endloop
  endfacet
  facet normal 0 0 1
    outer loop
      vertex -7.63885 2.0371 3.5
      vertex -5.66658 4.98882 3.5
      vertex -6 5.19615 3.5
    endloop
  endfacet
  facet normal 0 0 1
    outer loop
      vertex -3.61876 -2.65373 3.5
      vertex -6.80266 -1.08361 3.5
      vertex -3.80385 -3 3.5
    endloop
  endfacet
  facet normal 0 0 1
    outer loop
      vertex -7.775 2.12176 3.5
      vertex -6 5.19615 3.5
      vertex -6.34627 5.38124 3.5
    endloop
  endfacet
  facet normal -0 0 1
    outer loop
      vertex -6.87824 -1.225 3.5
      vertex -3.80385 -3 3.5
      vertex -6.80266 -1.08361 3.5
    endloop
  endfacet
  facet normal 0 0 1
    outer loop
      vertex -3.80385 -3 3.5
      vertex -6.87824 -1.225 3.5
      vertex -4.01118 -3.33342 3.5
    endloop
  endfacet
  facet normal 0 0 1
    outer loop
      vertex -3.01285 0.392418 3.5
      vertex -6.55525 0.160237 3.5
      vertex -6.55 0 3.5
    endloop
  endfacet
  facet normal 0 0 1
    outer loop
      vertex -3.05133 0.783156 3.5
      vertex -6.57096 0.319789 3.5
      vertex -6.55525 0.160237 3.5
    endloop
  endfacet
  facet normal 0 0 1
    outer loop
      vertex -3.11529 1.17054 3.5
      vertex -6.59708 0.477971 3.5
      vertex -6.57096 0.319789 3.5
    endloop
  endfacet
  facet normal 0 0 1
    outer loop
      vertex -3.20445 1.55291 3.5
      vertex -6.63348 0.634107 3.5
      vertex -6.59708 0.477971 3.5
    endloop
  endfacet
  facet normal 0 0 1
    outer loop
      vertex -3.31842 1.92864 3.5
      vertex -6.68002 0.787526 3.5
      vertex -6.63348 0.634107 3.5
    endloop
  endfacet
  facet normal 0 0 1
    outer loop
      vertex -7.91639 2.19734 3.5
      vertex -6.34627 5.38124 3.5
      vertex -6.7039 5.54328 3.5
    endloop
  endfacet
  facet normal 0 0 1
    outer loop
      vertex -3.45672 2.2961 3.5
      vertex -6.7365 0.937574 3.5
      vertex -6.68002 0.787526 3.5
    endloop
  endfacet
  facet normal 0 0 1
    outer loop
      vertex -3.61876 2.65373 3.5
      vertex -6.80266 1.08361 3.5
      vertex -6.7365 0.937574 3.5
    endloop
  endfacet
  facet normal 0 0 1
    outer loop
      vertex -3.80385 3 3.5
      vertex -6.87824 1.225 3.5
      vertex -6.80266 1.08361 3.5
    endloop
  endfacet
  facet normal 0 0 1
    outer loop
      vertex -4.01118 3.33342 3.5
      vertex -6.9629 1.36115 3.5
      vertex -6.87824 1.225 3.5
    endloop
  endfacet
  facet normal 0 0 1
    outer loop
      vertex -4.23988 3.65257 3.5
      vertex -7.05628 1.49146 3.5
      vertex -6.9629 1.36115 3.5
    endloop
  endfacet
  facet normal 0 0 1
    outer loop
      vertex -8.06243 2.2635 3.5
      vertex -6.7039 5.54328 3.5
      vertex -7.07136 5.68158 3.5
    endloop
  endfacet
  facet normal 0 0 1
    outer loop
      vertex -4.48896 3.95607 3.5
      vertex -7.15799 1.6154 3.5
      vertex -7.05628 1.49146 3.5
    endloop
  endfacet
  facet normal 0 0 1
    outer loop
      vertex -4.75736 4.24264 3.5
      vertex -7.26759 1.73241 3.5
      vertex -7.15799 1.6154 3.5
    endloop
  endfacet
  facet normal 0 0 1
    outer loop
      vertex -5.04393 4.51104 3.5
      vertex -7.3846 1.84201 3.5
      vertex -7.26759 1.73241 3.5
    endloop
  endfacet
  facet normal 0 0 1
    outer loop
      vertex -8.21247 2.31998 3.5
      vertex -7.07136 5.68158 3.5
      vertex -7.44709 5.79555 3.5
    endloop
  endfacet
  facet normal 0 0 1
    outer loop
      vertex -5.34743 4.76012 3.5
      vertex -7.50854 1.94372 3.5
      vertex -7.3846 1.84201 3.5
    endloop
  endfacet
  facet normal 0 0 1
    outer loop
      vertex -5.66658 4.98882 3.5
      vertex -7.63885 2.0371 3.5
      vertex -7.50854 1.94372 3.5
    endloop
  endfacet
  facet normal 0 0 1
    outer loop
      vertex -6 5.19615 3.5
      vertex -7.775 2.12176 3.5
      vertex -7.63885 2.0371 3.5
    endloop
  endfacet
  facet normal 0 0 1
    outer loop
      vertex -8.36589 2.36652 3.5
      vertex -7.44709 5.79555 3.5
      vertex -7.82946 5.88471 3.5
    endloop
  endfacet
  facet normal 0 0 1
    outer loop
      vertex -6.34627 5.38124 3.5
      vertex -7.91639 2.19734 3.5
      vertex -7.775 2.12176 3.5
    endloop
  endfacet
  facet normal 0 0 1
    outer loop
      vertex -6.7039 5.54328 3.5
      vertex -8.06243 2.2635 3.5
      vertex -7.91639 2.19734 3.5
    endloop
  endfacet
  facet normal 0 0 1
    outer loop
      vertex -7.07136 5.68158 3.5
      vertex -8.21247 2.31998 3.5
      vertex -8.06243 2.2635 3.5
    endloop
  endfacet
  facet normal 0 0 1
    outer loop
      vertex -8.52203 2.40292 3.5
      vertex -7.82946 5.88471 3.5
      vertex -8.21684 5.94867 3.5
    endloop
  endfacet
  facet normal 0 0 1
    outer loop
      vertex -7.44709 5.79555 3.5
      vertex -8.36589 2.36652 3.5
      vertex -8.21247 2.31998 3.5
    endloop
  endfacet
  facet normal 0 0 1
    outer loop
      vertex -7.82946 5.88471 3.5
      vertex -8.52203 2.40292 3.5
      vertex -8.36589 2.36652 3.5
    endloop
  endfacet
  facet normal 0 0 1
    outer loop
      vertex -8.68021 2.42904 3.5
      vertex -8.21684 5.94867 3.5
      vertex -8.60758 5.98715 3.5
    endloop
  endfacet
  facet normal 0 0 1
    outer loop
      vertex -8.21684 5.94867 3.5
      vertex -8.68021 2.42904 3.5
      vertex -8.52203 2.40292 3.5
    endloop
  endfacet
  facet normal 0 0 1
    outer loop
      vertex -8.60758 5.98715 3.5
      vertex -8.83976 2.44475 3.5
      vertex -8.68021 2.42904 3.5
    endloop
  endfacet
  facet normal 0 0 1
    outer loop
      vertex -9 6 3.5
      vertex -8.83976 2.44475 3.5
      vertex -8.60758 5.98715 3.5
    endloop
  endfacet
  facet normal 0 0 1
    outer loop
      vertex -9 6 3.5
      vertex -9 2.45 3.5
      vertex -8.83976 2.44475 3.5
    endloop
  endfacet
  facet normal 0 0 1
    outer loop
      vertex -9 6 3.5
      vertex -9.16024 2.44475 3.5
      vertex -9 2.45 3.5
    endloop
  endfacet
  facet normal -0 0 1
    outer loop
      vertex -9.39242 5.98715 3.5
      vertex -9.16024 2.44475 3.5
      vertex -9 6 3.5
    endloop
  endfacet
  facet normal 0 0 1
    outer loop
      vertex -9.16024 2.44475 3.5
      vertex -9.39242 5.98715 3.5
      vertex -9.31979 2.42904 3.5
    endloop
  endfacet
  facet normal -0 0 1
    outer loop
      vertex -9.78316 5.94867 3.5
      vertex -9.31979 2.42904 3.5
      vertex -9.39242 5.98715 3.5
    endloop
  endfacet
  facet normal 0 0 1
    outer loop
      vertex -9.31979 2.42904 3.5
      vertex -9.78316 5.94867 3.5
      vertex -9.47797 2.40292 3.5
    endloop
  endfacet
  facet normal -0 0 1
    outer loop
      vertex -10.1705 5.88471 3.5
      vertex -9.47797 2.40292 3.5
      vertex -9.78316 5.94867 3.5
    endloop
  endfacet
  facet normal 0 0 1
    outer loop
      vertex -9.47797 2.40292 3.5
      vertex -10.1705 5.88471 3.5
      vertex -9.63411 2.36652 3.5
    endloop
  endfacet
  facet normal -0 0 1
    outer loop
      vertex -10.5529 5.79555 3.5
      vertex -9.63411 2.36652 3.5
      vertex -10.1705 5.88471 3.5
    endloop
  endfacet
  facet normal 0 0 1
    outer loop
      vertex -9.63411 2.36652 3.5
      vertex -10.5529 5.79555 3.5
      vertex -9.78753 2.31998 3.5
    endloop
  endfacet
  facet normal -0 0 1
    outer loop
      vertex -10.9286 5.68158 3.5
      vertex -9.78753 2.31998 3.5
      vertex -10.5529 5.79555 3.5
    endloop
  endfacet
  facet normal 0 0 1
    outer loop
      vertex -9.78753 2.31998 3.5
      vertex -10.9286 5.68158 3.5
      vertex -9.93757 2.2635 3.5
    endloop
  endfacet
  facet normal -0 0 1
    outer loop
      vertex -11.2961 5.54328 3.5
      vertex -9.93757 2.2635 3.5
      vertex -10.9286 5.68158 3.5
    endloop
  endfacet
  facet normal 0 0 1
    outer loop
      vertex -9.93757 2.2635 3.5
      vertex -11.2961 5.54328 3.5
      vertex -10.0836 2.19734 3.5
    endloop
  endfacet
  facet normal -0 0 1
    outer loop
      vertex -11.6537 5.38124 3.5
      vertex -10.0836 2.19734 3.5
      vertex -11.2961 5.54328 3.5
    endloop
  endfacet
  facet normal 0 0 1
    outer loop
      vertex -10.0836 2.19734 3.5
      vertex -11.6537 5.38124 3.5
      vertex -10.225 2.12176 3.5
    endloop
  endfacet
  facet normal -0 0 1
    outer loop
      vertex -12 5.19615 3.5
      vertex -10.225 2.12176 3.5
      vertex -11.6537 5.38124 3.5
    endloop
  endfacet
  facet normal 0 0 1
    outer loop
      vertex -10.225 2.12176 3.5
      vertex -12 5.19615 3.5
      vertex -10.3611 2.0371 3.5
    endloop
  endfacet
  facet normal -0 0 1
    outer loop
      vertex -12.3334 4.98882 3.5
      vertex -10.3611 2.0371 3.5
      vertex -12 5.19615 3.5
    endloop
  endfacet
  facet normal 0 0 1
    outer loop
      vertex -10.3611 2.0371 3.5
      vertex -12.3334 4.98882 3.5
      vertex -10.4915 1.94372 3.5
    endloop
  endfacet
  facet normal -0 0 1
    outer loop
      vertex -12.6526 4.76012 3.5
      vertex -10.4915 1.94372 3.5
      vertex -12.3334 4.98882 3.5
    endloop
  endfacet
  facet normal 0 0 1
    outer loop
      vertex -10.4915 1.94372 3.5
      vertex -12.6526 4.76012 3.5
      vertex -10.6154 1.84201 3.5
    endloop
  endfacet
  facet normal -0 0 1
    outer loop
      vertex -12.9561 4.51104 3.5
      vertex -10.6154 1.84201 3.5
      vertex -12.6526 4.76012 3.5
    endloop
  endfacet
  facet normal 0 0 1
    outer loop
      vertex -10.6154 1.84201 3.5
      vertex -12.9561 4.51104 3.5
      vertex -10.7324 1.73241 3.5
    endloop
  endfacet
  facet normal -0 0 1
    outer loop
      vertex -13.2426 4.24264 3.5
      vertex -10.7324 1.73241 3.5
      vertex -12.9561 4.51104 3.5
    endloop
  endfacet
  facet normal 0 0 1
    outer loop
      vertex -10.7324 1.73241 3.5
      vertex -13.2426 4.24264 3.5
      vertex -10.842 1.6154 3.5
    endloop
  endfacet
  facet normal -0 0 1
    outer loop
      vertex -13.511 3.95607 3.5
      vertex -10.842 1.6154 3.5
      vertex -13.2426 4.24264 3.5
    endloop
  endfacet
  facet normal 0 0 1
    outer loop
      vertex -10.842 1.6154 3.5
      vertex -13.511 3.95607 3.5
      vertex -10.9437 1.49146 3.5
    endloop
  endfacet
  facet normal -0 0 1
    outer loop
      vertex -13.7601 3.65257 3.5
      vertex -10.9437 1.49146 3.5
      vertex -13.511 3.95607 3.5
    endloop
  endfacet
  facet normal 0 0 1
    outer loop
      vertex -10.9437 1.49146 3.5
      vertex -13.7601 3.65257 3.5
      vertex -11.0371 1.36115 3.5
    endloop
  endfacet
  facet normal -0 0 1
    outer loop
      vertex -13.9888 3.33342 3.5
      vertex -11.0371 1.36115 3.5
      vertex -13.7601 3.65257 3.5
    endloop
  endfacet
  facet normal 0 0 1
    outer loop
      vertex -11.0371 1.36115 3.5
      vertex -13.9888 3.33342 3.5
      vertex -11.1218 1.225 3.5
    endloop
  endfacet
  facet normal -0 0 1
    outer loop
      vertex -6.9629 -1.36115 3.5
      vertex -4.01118 -3.33342 3.5
      vertex -6.87824 -1.225 3.5
    endloop
  endfacet
  facet normal 0 0 1
    outer loop
      vertex -4.01118 -3.33342 3.5
      vertex -6.9629 -1.36115 3.5
      vertex -4.23988 -3.65257 3.5
    endloop
  endfacet
  facet normal -0 0 1
    outer loop
      vertex -7.05628 -1.49146 3.5
      vertex -4.23988 -3.65257 3.5
      vertex -6.9629 -1.36115 3.5
    endloop
  endfacet
  facet normal 0 0 1
    outer loop
      vertex -4.23988 -3.65257 3.5
      vertex -7.05628 -1.49146 3.5
      vertex -4.48896 -3.95607 3.5
    endloop
  endfacet
  facet normal -0 0 1
    outer loop
      vertex -7.15799 -1.6154 3.5
      vertex -4.48896 -3.95607 3.5
      vertex -7.05628 -1.49146 3.5
    endloop
  endfacet
  facet normal 0 0 1
    outer loop
      vertex -4.48896 -3.95607 3.5
      vertex -7.15799 -1.6154 3.5
      vertex -4.75736 -4.24264 3.5
    endloop
  endfacet
  facet normal -0 0 1
    outer loop
      vertex -7.26759 -1.73241 3.5
      vertex -4.75736 -4.24264 3.5
      vertex -7.15799 -1.6154 3.5
    endloop
  endfacet
  facet normal 0 0 1
    outer loop
      vertex -4.75736 -4.24264 3.5
      vertex -7.26759 -1.73241 3.5
      vertex -5.04393 -4.51104 3.5
    endloop
  endfacet
  facet normal -0 0 1
    outer loop
      vertex -7.3846 -1.84201 3.5
      vertex -5.04393 -4.51104 3.5
      vertex -7.26759 -1.73241 3.5
    endloop
  endfacet
  facet normal 0 0 1
    outer loop
      vertex -5.04393 -4.51104 3.5
      vertex -7.3846 -1.84201 3.5
      vertex -5.34743 -4.76012 3.5
    endloop
  endfacet
  facet normal -0 0 1
    outer loop
      vertex -7.50854 -1.94372 3.5
      vertex -5.34743 -4.76012 3.5
      vertex -7.3846 -1.84201 3.5
    endloop
  endfacet
  facet normal 0 0 1
    outer loop
      vertex -5.34743 -4.76012 3.5
      vertex -7.50854 -1.94372 3.5
      vertex -5.66658 -4.98882 3.5
    endloop
  endfacet
  facet normal -0 0 1
    outer loop
      vertex -7.63885 -2.0371 3.5
      vertex -5.66658 -4.98882 3.5
      vertex -7.50854 -1.94372 3.5
    endloop
  endfacet
  facet normal 0 0 1
    outer loop
      vertex -5.66658 -4.98882 3.5
      vertex -7.63885 -2.0371 3.5
      vertex -6 -5.19615 3.5
    endloop
  endfacet
  facet normal -0 0 1
    outer loop
      vertex -7.775 -2.12176 3.5
      vertex -6 -5.19615 3.5
      vertex -7.63885 -2.0371 3.5
    endloop
  endfacet
  facet normal 0 0 1
    outer loop
      vertex -6 -5.19615 3.5
      vertex -7.775 -2.12176 3.5
      vertex -6.34627 -5.38124 3.5
    endloop
  endfacet
  facet normal -0 0 1
    outer loop
      vertex -7.91639 -2.19734 3.5
      vertex -6.34627 -5.38124 3.5
      vertex -7.775 -2.12176 3.5
    endloop
  endfacet
  facet normal 0 0 1
    outer loop
      vertex -6.34627 -5.38124 3.5
      vertex -7.91639 -2.19734 3.5
      vertex -6.7039 -5.54328 3.5
    endloop
  endfacet
  facet normal -0 0 1
    outer loop
      vertex -8.06243 -2.2635 3.5
      vertex -6.7039 -5.54328 3.5
      vertex -7.91639 -2.19734 3.5
    endloop
  endfacet
  facet normal 0 0 1
    outer loop
      vertex -6.7039 -5.54328 3.5
      vertex -8.06243 -2.2635 3.5
      vertex -7.07136 -5.68158 3.5
    endloop
  endfacet
  facet normal -0 0 1
    outer loop
      vertex -8.21247 -2.31998 3.5
      vertex -7.07136 -5.68158 3.5
      vertex -8.06243 -2.2635 3.5
    endloop
  endfacet
  facet normal 0 0 1
    outer loop
      vertex -7.07136 -5.68158 3.5
      vertex -8.21247 -2.31998 3.5
      vertex -7.44709 -5.79555 3.5
    endloop
  endfacet
  facet normal -0 0 1
    outer loop
      vertex -8.36589 -2.36652 3.5
      vertex -7.44709 -5.79555 3.5
      vertex -8.21247 -2.31998 3.5
    endloop
  endfacet
  facet normal 0 0 1
    outer loop
      vertex -7.44709 -5.79555 3.5
      vertex -8.36589 -2.36652 3.5
      vertex -7.82946 -5.88471 3.5
    endloop
  endfacet
  facet normal -0 0 1
    outer loop
      vertex -8.52203 -2.40292 3.5
      vertex -7.82946 -5.88471 3.5
      vertex -8.36589 -2.36652 3.5
    endloop
  endfacet
  facet normal 0 0 1
    outer loop
      vertex -7.82946 -5.88471 3.5
      vertex -8.52203 -2.40292 3.5
      vertex -8.21684 -5.94867 3.5
    endloop
  endfacet
  facet normal -0 0 1
    outer loop
      vertex -8.68021 -2.42904 3.5
      vertex -8.21684 -5.94867 3.5
      vertex -8.52203 -2.40292 3.5
    endloop
  endfacet
  facet normal 0 0 1
    outer loop
      vertex -8.21684 -5.94867 3.5
      vertex -8.68021 -2.42904 3.5
      vertex -8.60758 -5.98715 3.5
    endloop
  endfacet
  facet normal -0 0 1
    outer loop
      vertex -8.83976 -2.44475 3.5
      vertex -8.60758 -5.98715 3.5
      vertex -8.68021 -2.42904 3.5
    endloop
  endfacet
  facet normal -0 0 1
    outer loop
      vertex -9 -2.45 3.5
      vertex -8.60758 -5.98715 3.5
      vertex -8.83976 -2.44475 3.5
    endloop
  endfacet
  facet normal 0 0 1
    outer loop
      vertex -9 -2.45 3.5
      vertex -9 -6 3.5
      vertex -8.60758 -5.98715 3.5
    endloop
  endfacet
  facet normal 0 0 1
    outer loop
      vertex -9.16024 -2.44475 3.5
      vertex -9 -6 3.5
      vertex -9 -2.45 3.5
    endloop
  endfacet
  facet normal 0 0 1
    outer loop
      vertex -9.39242 -5.98715 3.5
      vertex -9.16024 -2.44475 3.5
      vertex -9.31979 -2.42904 3.5
    endloop
  endfacet
  facet normal 0 0 1
    outer loop
      vertex -9.16024 -2.44475 3.5
      vertex -9.39242 -5.98715 3.5
      vertex -9 -6 3.5
    endloop
  endfacet
  facet normal 0 0 1
    outer loop
      vertex -9.78316 -5.94867 3.5
      vertex -9.31979 -2.42904 3.5
      vertex -9.47797 -2.40292 3.5
    endloop
  endfacet
  facet normal 0 0 1
    outer loop
      vertex -10.1705 -5.88471 3.5
      vertex -9.47797 -2.40292 3.5
      vertex -9.63411 -2.36652 3.5
    endloop
  endfacet
  facet normal 0 0 1
    outer loop
      vertex -9.31979 -2.42904 3.5
      vertex -9.78316 -5.94867 3.5
      vertex -9.39242 -5.98715 3.5
    endloop
  endfacet
  facet normal 0 0 1
    outer loop
      vertex -10.5529 -5.79555 3.5
      vertex -9.63411 -2.36652 3.5
      vertex -9.78753 -2.31998 3.5
    endloop
  endfacet
  facet normal 0 0 1
    outer loop
      vertex -10.9286 -5.68158 3.5
      vertex -9.78753 -2.31998 3.5
      vertex -9.93757 -2.2635 3.5
    endloop
  endfacet
  facet normal 0 0 1
    outer loop
      vertex -11.2961 -5.54328 3.5
      vertex -9.93757 -2.2635 3.5
      vertex -10.0836 -2.19734 3.5
    endloop
  endfacet
  facet normal 0 0 1
    outer loop
      vertex -9.47797 -2.40292 3.5
      vertex -10.1705 -5.88471 3.5
      vertex -9.78316 -5.94867 3.5
    endloop
  endfacet
  facet normal 0 0 1
    outer loop
      vertex -11.6537 -5.38124 3.5
      vertex -10.0836 -2.19734 3.5
      vertex -10.225 -2.12176 3.5
    endloop
  endfacet
  facet normal 0 0 1
    outer loop
      vertex -12 -5.19615 3.5
      vertex -10.225 -2.12176 3.5
      vertex -10.3611 -2.0371 3.5
    endloop
  endfacet
  facet normal 0 0 1
    outer loop
      vertex -12.3334 -4.98882 3.5
      vertex -10.3611 -2.0371 3.5
      vertex -10.4915 -1.94372 3.5
    endloop
  endfacet
  facet normal 0 0 1
    outer loop
      vertex -9.63411 -2.36652 3.5
      vertex -10.5529 -5.79555 3.5
      vertex -10.1705 -5.88471 3.5
    endloop
  endfacet
  facet normal 0 0 1
    outer loop
      vertex -12.6526 -4.76012 3.5
      vertex -10.4915 -1.94372 3.5
      vertex -10.6154 -1.84201 3.5
    endloop
  endfacet
  facet normal 0 0 1
    outer loop
      vertex -12.9561 -4.51104 3.5
      vertex -10.6154 -1.84201 3.5
      vertex -10.7324 -1.73241 3.5
    endloop
  endfacet
  facet normal 0 0 1
    outer loop
      vertex -13.2426 -4.24264 3.5
      vertex -10.7324 -1.73241 3.5
      vertex -10.842 -1.6154 3.5
    endloop
  endfacet
  facet normal 0 0 1
    outer loop
      vertex -9.78753 -2.31998 3.5
      vertex -10.9286 -5.68158 3.5
      vertex -10.5529 -5.79555 3.5
    endloop
  endfacet
  facet normal 0 0 1
    outer loop
      vertex -13.511 -3.95607 3.5
      vertex -10.842 -1.6154 3.5
      vertex -10.9437 -1.49146 3.5
    endloop
  endfacet
  facet normal 0 0 1
    outer loop
      vertex -13.7601 -3.65257 3.5
      vertex -10.9437 -1.49146 3.5
      vertex -11.0371 -1.36115 3.5
    endloop
  endfacet
  facet normal 0 0 1
    outer loop
      vertex -13.9888 -3.33342 3.5
      vertex -11.0371 -1.36115 3.5
      vertex -11.1218 -1.225 3.5
    endloop
  endfacet
  facet normal 0 0 1
    outer loop
      vertex -14.1962 -3 3.5
      vertex -11.1218 -1.225 3.5
      vertex -11.1973 -1.08361 3.5
    endloop
  endfacet
  facet normal 0 0 1
    outer loop
      vertex -14.3812 -2.65373 3.5
      vertex -11.1973 -1.08361 3.5
      vertex -11.2635 -0.937574 3.5
    endloop
  endfacet
  facet normal 0 0 1
    outer loop
      vertex -9.93757 -2.2635 3.5
      vertex -11.2961 -5.54328 3.5
      vertex -10.9286 -5.68158 3.5
    endloop
  endfacet
  facet normal 0 0 1
    outer loop
      vertex -14.5433 -2.2961 3.5
      vertex -11.2635 -0.937574 3.5
      vertex -11.32 -0.787526 3.5
    endloop
  endfacet
  facet normal 0 0 1
    outer loop
      vertex -14.6816 -1.92864 3.5
      vertex -11.32 -0.787526 3.5
      vertex -11.3665 -0.634107 3.5
    endloop
  endfacet
  facet normal 0 0 1
    outer loop
      vertex -14.7956 -1.55291 3.5
      vertex -11.3665 -0.634107 3.5
      vertex -11.4029 -0.477971 3.5
    endloop
  endfacet
  facet normal 0 0 1
    outer loop
      vertex -14.8847 -1.17054 3.5
      vertex -11.4029 -0.477971 3.5
      vertex -11.429 -0.319789 3.5
    endloop
  endfacet
  facet normal 0 0 1
    outer loop
      vertex -14.9487 -0.783156 3.5
      vertex -11.429 -0.319789 3.5
      vertex -11.4448 -0.160237 3.5
    endloop
  endfacet
  facet normal 0 0 1
    outer loop
      vertex -14.9872 -0.392418 3.5
      vertex -11.4448 -0.160237 3.5
      vertex -11.45 0 3.5
    endloop
  endfacet
  facet normal -0 0 1
    outer loop
      vertex -14.1962 3 3.5
      vertex -11.1218 1.225 3.5
      vertex -13.9888 3.33342 3.5
    endloop
  endfacet
  facet normal 0 0 1
    outer loop
      vertex -10.0836 -2.19734 3.5
      vertex -11.6537 -5.38124 3.5
      vertex -11.2961 -5.54328 3.5
    endloop
  endfacet
  facet normal 0 0 1
    outer loop
      vertex -11.1218 1.225 3.5
      vertex -14.1962 3 3.5
      vertex -11.1973 1.08361 3.5
    endloop
  endfacet
  facet normal 0 0 1
    outer loop
      vertex -10.225 -2.12176 3.5
      vertex -12 -5.19615 3.5
      vertex -11.6537 -5.38124 3.5
    endloop
  endfacet
  facet normal -0 0 1
    outer loop
      vertex -14.3812 2.65373 3.5
      vertex -11.1973 1.08361 3.5
      vertex -14.1962 3 3.5
    endloop
  endfacet
  facet normal 0 0 1
    outer loop
      vertex -10.3611 -2.0371 3.5
      vertex -12.3334 -4.98882 3.5
      vertex -12 -5.19615 3.5
    endloop
  endfacet
  facet normal 0 0 1
    outer loop
      vertex -11.1973 1.08361 3.5
      vertex -14.3812 2.65373 3.5
      vertex -11.2635 0.937574 3.5
    endloop
  endfacet
  facet normal 0 0 1
    outer loop
      vertex -10.4915 -1.94372 3.5
      vertex -12.6526 -4.76012 3.5
      vertex -12.3334 -4.98882 3.5
    endloop
  endfacet
  facet normal -0 0 1
    outer loop
      vertex -14.5433 2.2961 3.5
      vertex -11.2635 0.937574 3.5
      vertex -14.3812 2.65373 3.5
    endloop
  endfacet
  facet normal 0 0 1
    outer loop
      vertex -10.6154 -1.84201 3.5
      vertex -12.9561 -4.51104 3.5
      vertex -12.6526 -4.76012 3.5
    endloop
  endfacet
  facet normal 0 0 1
    outer loop
      vertex -11.2635 0.937574 3.5
      vertex -14.5433 2.2961 3.5
      vertex -11.32 0.787526 3.5
    endloop
  endfacet
  facet normal 0 0 1
    outer loop
      vertex -10.7324 -1.73241 3.5
      vertex -13.2426 -4.24264 3.5
      vertex -12.9561 -4.51104 3.5
    endloop
  endfacet
  facet normal -0 0 1
    outer loop
      vertex -14.6816 1.92864 3.5
      vertex -11.32 0.787526 3.5
      vertex -14.5433 2.2961 3.5
    endloop
  endfacet
  facet normal 0 0 1
    outer loop
      vertex -10.842 -1.6154 3.5
      vertex -13.511 -3.95607 3.5
      vertex -13.2426 -4.24264 3.5
    endloop
  endfacet
  facet normal 0 0 1
    outer loop
      vertex -11.32 0.787526 3.5
      vertex -14.6816 1.92864 3.5
      vertex -11.3665 0.634107 3.5
    endloop
  endfacet
  facet normal 0 0 1
    outer loop
      vertex -10.9437 -1.49146 3.5
      vertex -13.7601 -3.65257 3.5
      vertex -13.511 -3.95607 3.5
    endloop
  endfacet
  facet normal -0 0 1
    outer loop
      vertex -14.7956 1.55291 3.5
      vertex -11.3665 0.634107 3.5
      vertex -14.6816 1.92864 3.5
    endloop
  endfacet
  facet normal 0 0 1
    outer loop
      vertex -11.0371 -1.36115 3.5
      vertex -13.9888 -3.33342 3.5
      vertex -13.7601 -3.65257 3.5
    endloop
  endfacet
  facet normal 0 0 1
    outer loop
      vertex -11.3665 0.634107 3.5
      vertex -14.7956 1.55291 3.5
      vertex -11.4029 0.477971 3.5
    endloop
  endfacet
  facet normal 0 0 1
    outer loop
      vertex -11.1218 -1.225 3.5
      vertex -14.1962 -3 3.5
      vertex -13.9888 -3.33342 3.5
    endloop
  endfacet
  facet normal -0 0 1
    outer loop
      vertex -14.8847 1.17054 3.5
      vertex -11.4029 0.477971 3.5
      vertex -14.7956 1.55291 3.5
    endloop
  endfacet
  facet normal 0 0 1
    outer loop
      vertex -11.1973 -1.08361 3.5
      vertex -14.3812 -2.65373 3.5
      vertex -14.1962 -3 3.5
    endloop
  endfacet
  facet normal 0 0 1
    outer loop
      vertex -11.4029 0.477971 3.5
      vertex -14.8847 1.17054 3.5
      vertex -11.429 0.319789 3.5
    endloop
  endfacet
  facet normal 0 0 1
    outer loop
      vertex -11.2635 -0.937574 3.5
      vertex -14.5433 -2.2961 3.5
      vertex -14.3812 -2.65373 3.5
    endloop
  endfacet
  facet normal -0 0 1
    outer loop
      vertex -14.9487 0.783156 3.5
      vertex -11.429 0.319789 3.5
      vertex -14.8847 1.17054 3.5
    endloop
  endfacet
  facet normal 0 0 1
    outer loop
      vertex -11.32 -0.787526 3.5
      vertex -14.6816 -1.92864 3.5
      vertex -14.5433 -2.2961 3.5
    endloop
  endfacet
  facet normal 0 0 1
    outer loop
      vertex -11.429 0.319789 3.5
      vertex -14.9487 0.783156 3.5
      vertex -11.4448 0.160237 3.5
    endloop
  endfacet
  facet normal 0 0 1
    outer loop
      vertex -11.3665 -0.634107 3.5
      vertex -14.7956 -1.55291 3.5
      vertex -14.6816 -1.92864 3.5
    endloop
  endfacet
  facet normal -0 0 1
    outer loop
      vertex -14.9872 0.392418 3.5
      vertex -11.4448 0.160237 3.5
      vertex -14.9487 0.783156 3.5
    endloop
  endfacet
  facet normal 0 0 1
    outer loop
      vertex -11.4029 -0.477971 3.5
      vertex -14.8847 -1.17054 3.5
      vertex -14.7956 -1.55291 3.5
    endloop
  endfacet
  facet normal 0 0 1
    outer loop
      vertex -11.4448 0.160237 3.5
      vertex -14.9872 0.392418 3.5
      vertex -11.45 0 3.5
    endloop
  endfacet
  facet normal 0 0 1
    outer loop
      vertex -11.429 -0.319789 3.5
      vertex -14.9487 -0.783156 3.5
      vertex -14.8847 -1.17054 3.5
    endloop
  endfacet
  facet normal 0 0 1
    outer loop
      vertex -15 0 3.5
      vertex -11.45 0 3.5
      vertex -14.9872 0.392418 3.5
    endloop
  endfacet
  facet normal 0 0 1
    outer loop
      vertex -11.4448 -0.160237 3.5
      vertex -14.9872 -0.392418 3.5
      vertex -14.9487 -0.783156 3.5
    endloop
  endfacet
  facet normal 0 0 1
    outer loop
      vertex -11.45 0 3.5
      vertex -15 0 3.5
      vertex -14.9872 -0.392418 3.5
    endloop
  endfacet
  facet normal -0.4142 -0.910186 -0
    outer loop
      vertex -11.6537 -5.38124 0.299999
      vertex -11.6537 -5.38124 0
      vertex -11.6468 -5.38438 0.299999
    endloop
  endfacet
  facet normal -0.4142 -0.910186 0
    outer loop
      vertex -11.6468 -5.38438 3.2
      vertex -11.6537 -5.38124 3.5
      vertex -11.6537 -5.38124 3.2
    endloop
  endfacet
  facet normal -0.412736 -0.910851 4.06521e-05
    outer loop
      vertex -11.6537 -5.38124 3.5
      vertex -11.6468 -5.38438 3.2
      vertex -11.2961 -5.54328 3.5
    endloop
  endfacet
  facet normal -0.412707 -0.910864 0
    outer loop
      vertex -11.6468 -5.38438 0.299999
      vertex -11.2961 -5.54328 3.5
      vertex -11.6468 -5.38438 3.2
    endloop
  endfacet
  facet normal -0.412736 -0.910851 -4.06522e-05
    outer loop
      vertex -11.2961 -5.54328 0
      vertex -11.6468 -5.38438 0.299999
      vertex -11.6537 -5.38124 0
    endloop
  endfacet
  facet normal -0.412707 -0.910864 0
    outer loop
      vertex -11.6468 -5.38438 0.299999
      vertex -11.2961 -5.54328 0
      vertex -11.2961 -5.54328 3.5
    endloop
  endfacet
  facet normal -0.471375 0.881933 0
    outer loop
      vertex -11.6537 5.38124 3.2
      vertex -12 5.19615 3.5
      vertex -11.6537 5.38124 3.5
    endloop
  endfacet
  facet normal -0.471375 0.881933 0
    outer loop
      vertex -12 5.19615 3.5
      vertex -11.6537 5.38124 3.2
      vertex -12 5.19615 3.2
    endloop
  endfacet
  facet normal -0.471375 0.881933 0
    outer loop
      vertex -11.6537 5.38124 0
      vertex -12 5.19615 0.299999
      vertex -11.6537 5.38124 0.299999
    endloop
  endfacet
  facet normal -0.471375 0.881933 0
    outer loop
      vertex -12 5.19615 0.299999
      vertex -11.6537 5.38124 0
      vertex -12 5.19615 0
    endloop
  endfacet
  facet normal -0.582418 -0.812889 5.87426e-06
    outer loop
      vertex -12.6526 -4.76012 3.5
      vertex -12.3396 -4.98438 3.2
      vertex -12.3334 -4.98882 3.5
    endloop
  endfacet
  facet normal -0.582422 -0.812887 0
    outer loop
      vertex -12.6526 -4.76012 3.5
      vertex -12.3396 -4.98438 0.299999
      vertex -12.3396 -4.98438 3.2
    endloop
  endfacet
  facet normal -0.582422 -0.812887 0
    outer loop
      vertex -12.6526 -4.76012 0
      vertex -12.3396 -4.98438 0.299999
      vertex -12.6526 -4.76012 3.5
    endloop
  endfacet
  facet normal -0.582418 -0.812889 -5.87428e-06
    outer loop
      vertex -12.3334 -4.98882 0
      vertex -12.3396 -4.98438 0.299999
      vertex -12.6526 -4.76012 0
    endloop
  endfacet
  facet normal -0.58223 -0.813024 0
    outer loop
      vertex -12.3396 -4.98438 0.299999
      vertex -12.3334 -4.98882 0
      vertex -12.3334 -4.98882 0.299999
    endloop
  endfacet
  facet normal -0.58223 -0.813024 -0
    outer loop
      vertex -12.3334 -4.98882 3.5
      vertex -12.3396 -4.98438 3.2
      vertex -12.3334 -4.98882 3.2
    endloop
  endfacet
  facet normal 0.849194 -0.528081 0
    outer loop
      vertex -10.862 1.075 3.1
      vertex -10.7877 1.19448 1.3
      vertex -10.7877 1.19448 3.1
    endloop
  endfacet
  facet normal 0.849194 -0.528081 0
    outer loop
      vertex -10.7877 1.19448 1.3
      vertex -10.862 1.075 3.1
      vertex -10.862 1.075 1.3
    endloop
  endfacet
  facet normal -0.986641 -0.162908 0
    outer loop
      vertex -6.86839 0.280631 1.3
      vertex -6.89131 0.419444 3.1
      vertex -6.89131 0.419444 1.3
    endloop
  endfacet
  facet normal -0.986641 -0.162908 0
    outer loop
      vertex -6.89131 0.419444 3.1
      vertex -6.86839 0.280631 1.3
      vertex -6.86839 0.280631 3.1
    endloop
  endfacet
  facet normal -0.995185 -0.0980152 0
    outer loop
      vertex -6.8546 0.140616 1.3
      vertex -6.86839 0.280631 3.1
      vertex -6.86839 0.280631 1.3
    endloop
  endfacet
  facet normal -0.995185 -0.0980152 0
    outer loop
      vertex -6.86839 0.280631 3.1
      vertex -6.8546 0.140616 1.3
      vertex -6.8546 0.140616 3.1
    endloop
  endfacet
  facet normal -0.999465 -0.0326957 0
    outer loop
      vertex -6.85 0 1.3
      vertex -6.8546 0.140616 3.1
      vertex -6.8546 0.140616 1.3
    endloop
  endfacet
  facet normal -0.999465 -0.0326957 0
    outer loop
      vertex -6.8546 0.140616 3.1
      vertex -6.85 0 1.3
      vertex -6.85 0 3.1
    endloop
  endfacet
  facet normal -0.290288 0.956939 0
    outer loop
      vertex -8.30891 -2.0359 1.3
      vertex -8.44354 -2.07674 3.1
      vertex -8.30891 -2.0359 3.1
    endloop
  endfacet
  facet normal -0.290288 0.956939 0
    outer loop
      vertex -8.44354 -2.07674 3.1
      vertex -8.30891 -2.0359 1.3
      vertex -8.44354 -2.07674 1.3
    endloop
  endfacet
  facet normal 0.47144 0.881898 -0
    outer loop
      vertex -9.95092 -1.92828 1.3
      vertex -10.075 -1.86195 3.1
      vertex -9.95092 -1.92828 3.1
    endloop
  endfacet
  facet normal 0.47144 0.881898 0
    outer loop
      vertex -10.075 -1.86195 3.1
      vertex -9.95092 -1.92828 1.3
      vertex -10.075 -1.86195 1.3
    endloop
  endfacet
  facet normal 0.973795 -0.227429 0
    outer loop
      vertex -11.1087 0.419444 3.1
      vertex -11.0767 0.55646 1.3
      vertex -11.0767 0.55646 3.1
    endloop
  endfacet
  facet normal 0.973795 -0.227429 0
    outer loop
      vertex -11.0767 0.55646 1.3
      vertex -11.1087 0.419444 3.1
      vertex -11.1087 0.419444 1.3
    endloop
  endfacet
  facet normal -0.729863 0.683594 0
    outer loop
      vertex -7.47972 -1.52028 1.3
      vertex -7.38354 -1.41759 3.1
      vertex -7.38354 -1.41759 1.3
    endloop
  endfacet
  facet normal -0.729863 0.683594 0
    outer loop
      vertex -7.38354 -1.41759 3.1
      vertex -7.47972 -1.52028 1.3
      vertex -7.47972 -1.52028 3.1
    endloop
  endfacet
  facet normal 0.412683 0.910875 -0
    outer loop
      vertex -9.82277 -1.98634 1.3
      vertex -9.95092 -1.92828 3.1
      vertex -9.82277 -1.98634 3.1
    endloop
  endfacet
  facet normal 0.412683 0.910875 0
    outer loop
      vertex -9.95092 -1.92828 3.1
      vertex -9.82277 -1.98634 1.3
      vertex -9.95092 -1.92828 1.3
    endloop
  endfacet
  facet normal 0.47144 -0.881898 0
    outer loop
      vertex -10.075 1.86195 1.3
      vertex -9.95092 1.92828 3.1
      vertex -10.075 1.86195 3.1
    endloop
  endfacet
  facet normal 0.47144 -0.881898 0
    outer loop
      vertex -9.95092 1.92828 3.1
      vertex -10.075 1.86195 1.3
      vertex -9.95092 1.92828 1.3
    endloop
  endfacet
  facet normal 0.0326948 -0.999465 0
    outer loop
      vertex -9.14062 2.1454 1.3
      vertex -9 2.15 3.1
      vertex -9.14062 2.1454 3.1
    endloop
  endfacet
  facet normal 0.0326948 -0.999465 0
    outer loop
      vertex -9 2.15 3.1
      vertex -9.14062 2.1454 1.3
      vertex -9 2.15 1.3
    endloop
  endfacet
  facet normal -0.881898 -0.47144 0
    outer loop
      vertex -7.07172 0.95092 1.3
      vertex -7.13805 1.075 3.1
      vertex -7.13805 1.075 1.3
    endloop
  endfacet
  facet normal -0.881898 -0.47144 0
    outer loop
      vertex -7.13805 1.075 3.1
      vertex -7.07172 0.95092 1.3
      vertex -7.07172 0.95092 3.1
    endloop
  endfacet
  facet normal -0.773006 0.634398 0
    outer loop
      vertex -7.38354 -1.41759 1.3
      vertex -7.29429 -1.30884 3.1
      vertex -7.29429 -1.30884 1.3
    endloop
  endfacet
  facet normal -0.773006 0.634398 0
    outer loop
      vertex -7.29429 -1.30884 3.1
      vertex -7.38354 -1.41759 1.3
      vertex -7.38354 -1.41759 3.1
    endloop
  endfacet
  facet normal -0.412683 0.910875 0
    outer loop
      vertex -8.04908 -1.92828 1.3
      vertex -8.17723 -1.98634 3.1
      vertex -8.04908 -1.92828 3.1
    endloop
  endfacet
  facet normal -0.412683 0.910875 0
    outer loop
      vertex -8.17723 -1.98634 3.1
      vertex -8.04908 -1.92828 1.3
      vertex -8.17723 -1.98634 1.3
    endloop
  endfacet
  facet normal -0.999465 0.0326957 0
    outer loop
      vertex -6.8546 -0.140616 1.3
      vertex -6.85 0 3.1
      vertex -6.85 0 1.3
    endloop
  endfacet
  facet normal -0.999465 0.0326957 0
    outer loop
      vertex -6.85 0 3.1
      vertex -6.8546 -0.140616 1.3
      vertex -6.8546 -0.140616 3.1
    endloop
  endfacet
  facet normal -0.0980187 -0.995185 0
    outer loop
      vertex -8.85938 2.1454 1.3
      vertex -8.71937 2.13161 3.1
      vertex -8.85938 2.1454 3.1
    endloop
  endfacet
  facet normal -0.0980187 -0.995185 -0
    outer loop
      vertex -8.71937 2.13161 3.1
      vertex -8.85938 2.1454 1.3
      vertex -8.71937 2.13161 1.3
    endloop
  endfacet
  facet normal 0.0326948 0.999465 -0
    outer loop
      vertex -9 -2.15 1.3
      vertex -9.14062 -2.1454 3.1
      vertex -9 -2.15 3.1
    endloop
  endfacet
  facet normal 0.0326948 0.999465 0
    outer loop
      vertex -9.14062 -2.1454 3.1
      vertex -9 -2.15 1.3
      vertex -9.14062 -2.1454 1.3
    endloop
  endfacet
  facet normal 0.162912 0.986641 -0
    outer loop
      vertex -9.28063 -2.13161 1.3
      vertex -9.41944 -2.10869 3.1
      vertex -9.28063 -2.13161 3.1
    endloop
  endfacet
  facet normal 0.162912 0.986641 0
    outer loop
      vertex -9.41944 -2.10869 3.1
      vertex -9.28063 -2.13161 1.3
      vertex -9.41944 -2.10869 1.3
    endloop
  endfacet
  facet normal -0.683594 0.729863 0
    outer loop
      vertex -7.47972 -1.52028 1.3
      vertex -7.58241 -1.61646 3.1
      vertex -7.47972 -1.52028 3.1
    endloop
  endfacet
  facet normal -0.683594 0.729863 0
    outer loop
      vertex -7.58241 -1.61646 3.1
      vertex -7.47972 -1.52028 1.3
      vertex -7.58241 -1.61646 1.3
    endloop
  endfacet
  facet normal 0.0980187 0.995185 -0
    outer loop
      vertex -9.14062 -2.1454 1.3
      vertex -9.28063 -2.13161 3.1
      vertex -9.14062 -2.1454 3.1
    endloop
  endfacet
  facet normal 0.0980187 0.995185 0
    outer loop
      vertex -9.28063 -2.13161 3.1
      vertex -9.14062 -2.1454 1.3
      vertex -9.28063 -2.13161 1.3
    endloop
  endfacet
  facet normal -0.352245 0.935908 0
    outer loop
      vertex -8.17723 -1.98634 1.3
      vertex -8.30891 -2.0359 3.1
      vertex -8.17723 -1.98634 3.1
    endloop
  endfacet
  facet normal -0.352245 0.935908 0
    outer loop
      vertex -8.30891 -2.0359 3.1
      vertex -8.17723 -1.98634 1.3
      vertex -8.30891 -2.0359 1.3
    endloop
  endfacet
  facet normal 0.290288 -0.956939 0
    outer loop
      vertex -9.69109 2.0359 1.3
      vertex -9.55646 2.07674 3.1
      vertex -9.69109 2.0359 3.1
    endloop
  endfacet
  facet normal 0.290288 -0.956939 0
    outer loop
      vertex -9.55646 2.07674 3.1
      vertex -9.69109 2.0359 1.3
      vertex -9.55646 2.07674 1.3
    endloop
  endfacet
  facet normal -0.582481 -0.812844 0
    outer loop
      vertex -7.80552 1.78766 1.3
      vertex -7.69116 1.70571 3.1
      vertex -7.80552 1.78766 3.1
    endloop
  endfacet
  facet normal -0.582481 -0.812844 -0
    outer loop
      vertex -7.69116 1.70571 3.1
      vertex -7.80552 1.78766 1.3
      vertex -7.69116 1.70571 1.3
    endloop
  endfacet
  facet normal -0.227086 -0.973875 0
    outer loop
      vertex -8.58056 2.10869 1.3
      vertex -8.44354 2.07674 3.1
      vertex -8.58056 2.10869 3.1
    endloop
  endfacet
  facet normal -0.227086 -0.973875 -0
    outer loop
      vertex -8.44354 2.07674 3.1
      vertex -8.58056 2.10869 1.3
      vertex -8.44354 2.07674 1.3
    endloop
  endfacet
  facet normal 0.582683 -0.812699 0
    outer loop
      vertex -10.3088 1.70571 1.3
      vertex -10.1945 1.78766 3.1
      vertex -10.3088 1.70571 3.1
    endloop
  endfacet
  facet normal 0.582683 -0.812699 0
    outer loop
      vertex -10.1945 1.78766 3.1
      vertex -10.3088 1.70571 1.3
      vertex -10.1945 1.78766 1.3
    endloop
  endfacet
  facet normal 0.527966 0.849266 -0
    outer loop
      vertex -10.075 -1.86195 1.3
      vertex -10.1945 -1.78766 3.1
      vertex -10.075 -1.86195 3.1
    endloop
  endfacet
  facet normal 0.527966 0.849266 0
    outer loop
      vertex -10.1945 -1.78766 3.1
      vertex -10.075 -1.86195 1.3
      vertex -10.1945 -1.78766 1.3
    endloop
  endfacet
  facet normal -0.412683 -0.910875 0
    outer loop
      vertex -8.17723 1.98634 1.3
      vertex -8.04908 1.92828 3.1
      vertex -8.17723 1.98634 3.1
    endloop
  endfacet
  facet normal -0.412683 -0.910875 -0
    outer loop
      vertex -8.04908 1.92828 3.1
      vertex -8.17723 1.98634 1.3
      vertex -8.04908 1.92828 1.3
    endloop
  endfacet
  facet normal 0.773181 0.634186 0
    outer loop
      vertex -10.6165 -1.41759 3.1
      vertex -10.7057 -1.30884 1.3
      vertex -10.7057 -1.30884 3.1
    endloop
  endfacet
  facet normal 0.773181 0.634186 0
    outer loop
      vertex -10.7057 -1.30884 1.3
      vertex -10.6165 -1.41759 3.1
      vertex -10.6165 -1.41759 1.3
    endloop
  endfacet
  facet normal 0.995178 0.0980856 0
    outer loop
      vertex -11.1316 -0.280631 3.1
      vertex -11.1454 -0.140616 1.3
      vertex -11.1454 -0.140616 3.1
    endloop
  endfacet
  facet normal 0.995178 0.0980856 0
    outer loop
      vertex -11.1454 -0.140616 1.3
      vertex -11.1316 -0.280631 3.1
      vertex -11.1316 -0.280631 1.3
    endloop
  endfacet
  facet normal 0.227086 -0.973875 0
    outer loop
      vertex -9.55646 2.07674 1.3
      vertex -9.41944 2.10869 3.1
      vertex -9.55646 2.07674 3.1
    endloop
  endfacet
  facet normal 0.227086 -0.973875 0
    outer loop
      vertex -9.41944 2.10869 3.1
      vertex -9.55646 2.07674 1.3
      vertex -9.41944 2.10869 1.3
    endloop
  endfacet
  facet normal -0.0326948 0.999465 0
    outer loop
      vertex -8.85938 -2.1454 1.3
      vertex -9 -2.15 3.1
      vertex -8.85938 -2.1454 3.1
    endloop
  endfacet
  facet normal -0.0326948 0.999465 0
    outer loop
      vertex -9 -2.15 3.1
      vertex -8.85938 -2.1454 1.3
      vertex -9 -2.15 1.3
    endloop
  endfacet
  facet normal 0.634224 -0.773149 0
    outer loop
      vertex -10.4176 1.61646 1.3
      vertex -10.3088 1.70571 3.1
      vertex -10.4176 1.61646 3.1
    endloop
  endfacet
  facet normal 0.634224 -0.773149 0
    outer loop
      vertex -10.3088 1.70571 3.1
      vertex -10.4176 1.61646 1.3
      vertex -10.3088 1.70571 1.3
    endloop
  endfacet
  facet normal -0.910876 0.412681 0
    outer loop
      vertex -7.07172 -0.95092 1.3
      vertex -7.01366 -0.822769 3.1
      vertex -7.01366 -0.822769 1.3
    endloop
  endfacet
  facet normal -0.910876 0.412681 0
    outer loop
      vertex -7.01366 -0.822769 3.1
      vertex -7.07172 -0.95092 1.3
      vertex -7.07172 -0.95092 3.1
    endloop
  endfacet
  facet normal -0.812844 -0.582481 0
    outer loop
      vertex -7.21234 1.19448 1.3
      vertex -7.29429 1.30884 3.1
      vertex -7.29429 1.30884 1.3
    endloop
  endfacet
  facet normal -0.812844 -0.582481 0
    outer loop
      vertex -7.29429 1.30884 3.1
      vertex -7.21234 1.19448 1.3
      vertex -7.21234 1.19448 3.1
    endloop
  endfacet
  facet normal -0.956942 -0.29028 0
    outer loop
      vertex -6.92326 0.55646 1.3
      vertex -6.9641 0.691094 3.1
      vertex -6.9641 0.691094 1.3
    endloop
  endfacet
  facet normal -0.956942 -0.29028 0
    outer loop
      vertex -6.9641 0.691094 3.1
      vertex -6.92326 0.55646 1.3
      vertex -6.92326 0.55646 3.1
    endloop
  endfacet
  facet normal 0.911036 -0.412327 0
    outer loop
      vertex -10.9863 0.822769 3.1
      vertex -10.9283 0.95092 1.3
      vertex -10.9283 0.95092 3.1
    endloop
  endfacet
  facet normal 0.911036 -0.412327 0
    outer loop
      vertex -10.9283 0.95092 1.3
      vertex -10.9863 0.822769 3.1
      vertex -10.9863 0.822769 1.3
    endloop
  endfacet
  facet normal -0.52803 0.849226 0
    outer loop
      vertex -7.80552 -1.78766 1.3
      vertex -7.925 -1.86195 3.1
      vertex -7.80552 -1.78766 3.1
    endloop
  endfacet
  facet normal -0.52803 0.849226 0
    outer loop
      vertex -7.925 -1.86195 3.1
      vertex -7.80552 -1.78766 1.3
      vertex -7.925 -1.86195 1.3
    endloop
  endfacet
  facet normal 0.911036 0.412327 0
    outer loop
      vertex -10.9283 -0.95092 3.1
      vertex -10.9863 -0.822769 1.3
      vertex -10.9863 -0.822769 3.1
    endloop
  endfacet
  facet normal 0.911036 0.412327 0
    outer loop
      vertex -10.9863 -0.822769 1.3
      vertex -10.9283 -0.95092 3.1
      vertex -10.9283 -0.95092 1.3
    endloop
  endfacet
  facet normal 0.412683 -0.910875 0
    outer loop
      vertex -9.95092 1.92828 1.3
      vertex -9.82277 1.98634 3.1
      vertex -9.95092 1.92828 3.1
    endloop
  endfacet
  facet normal 0.412683 -0.910875 0
    outer loop
      vertex -9.82277 1.98634 3.1
      vertex -9.95092 1.92828 1.3
      vertex -9.82277 1.98634 1.3
    endloop
  endfacet
  facet normal -0.227086 0.973875 0
    outer loop
      vertex -8.44354 -2.07674 1.3
      vertex -8.58056 -2.10869 3.1
      vertex -8.44354 -2.07674 3.1
    endloop
  endfacet
  facet normal -0.227086 0.973875 0
    outer loop
      vertex -8.58056 -2.10869 3.1
      vertex -8.44354 -2.07674 1.3
      vertex -8.58056 -2.10869 1.3
    endloop
  endfacet
  facet normal -0.634398 -0.773006 0
    outer loop
      vertex -7.69116 1.70571 1.3
      vertex -7.58241 1.61646 3.1
      vertex -7.69116 1.70571 3.1
    endloop
  endfacet
  facet normal -0.634398 -0.773006 -0
    outer loop
      vertex -7.58241 1.61646 3.1
      vertex -7.69116 1.70571 1.3
      vertex -7.58241 1.61646 1.3
    endloop
  endfacet
  facet normal 0.986664 -0.16277 0
    outer loop
      vertex -11.1316 0.280631 3.1
      vertex -11.1087 0.419444 1.3
      vertex -11.1087 0.419444 3.1
    endloop
  endfacet
  facet normal 0.986664 -0.16277 0
    outer loop
      vertex -11.1087 0.419444 1.3
      vertex -11.1316 0.280631 3.1
      vertex -11.1316 0.280631 1.3
    endloop
  endfacet
  facet normal 0.729792 -0.683669 0
    outer loop
      vertex -10.6165 1.41759 3.1
      vertex -10.5203 1.52028 1.3
      vertex -10.5203 1.52028 3.1
    endloop
  endfacet
  facet normal 0.729792 -0.683669 0
    outer loop
      vertex -10.5203 1.52028 1.3
      vertex -10.6165 1.41759 3.1
      vertex -10.6165 1.41759 1.3
    endloop
  endfacet
  facet normal -0.162912 -0.986641 0
    outer loop
      vertex -8.71937 2.13161 1.3
      vertex -8.58056 2.10869 3.1
      vertex -8.71937 2.13161 3.1
    endloop
  endfacet
  facet normal -0.162912 -0.986641 -0
    outer loop
      vertex -8.58056 2.10869 3.1
      vertex -8.71937 2.13161 1.3
      vertex -8.58056 2.10869 1.3
    endloop
  endfacet
  facet normal 0.683558 -0.729896 0
    outer loop
      vertex -10.5203 1.52028 1.3
      vertex -10.4176 1.61646 3.1
      vertex -10.5203 1.52028 3.1
    endloop
  endfacet
  facet normal 0.683558 -0.729896 0
    outer loop
      vertex -10.4176 1.61646 3.1
      vertex -10.5203 1.52028 1.3
      vertex -10.4176 1.61646 1.3
    endloop
  endfacet
  facet normal -0.973873 -0.227092 0
    outer loop
      vertex -6.89131 0.419444 1.3
      vertex -6.92326 0.55646 3.1
      vertex -6.92326 0.55646 1.3
    endloop
  endfacet
  facet normal -0.973873 -0.227092 0
    outer loop
      vertex -6.92326 0.55646 3.1
      vertex -6.89131 0.419444 1.3
      vertex -6.89131 0.419444 3.1
    endloop
  endfacet
  facet normal -0.956942 0.29028 0
    outer loop
      vertex -6.9641 -0.691094 1.3
      vertex -6.92326 -0.55646 3.1
      vertex -6.92326 -0.55646 1.3
    endloop
  endfacet
  facet normal -0.956942 0.29028 0
    outer loop
      vertex -6.92326 -0.55646 3.1
      vertex -6.9641 -0.691094 1.3
      vertex -6.9641 -0.691094 3.1
    endloop
  endfacet
  facet normal 0.93581 -0.352506 0
    outer loop
      vertex -11.0359 0.691094 3.1
      vertex -10.9863 0.822769 1.3
      vertex -10.9863 0.822769 3.1
    endloop
  endfacet
  facet normal 0.93581 -0.352506 0
    outer loop
      vertex -10.9863 0.822769 1.3
      vertex -11.0359 0.691094 3.1
      vertex -11.0359 0.691094 1.3
    endloop
  endfacet
  facet normal 0.352245 -0.935908 0
    outer loop
      vertex -9.82277 1.98634 1.3
      vertex -9.69109 2.0359 3.1
      vertex -9.82277 1.98634 3.1
    endloop
  endfacet
  facet normal 0.352245 -0.935908 0
    outer loop
      vertex -9.69109 2.0359 3.1
      vertex -9.82277 1.98634 1.3
      vertex -9.69109 2.0359 1.3
    endloop
  endfacet
  facet normal -0.995185 0.0980152 0
    outer loop
      vertex -6.86839 -0.280631 1.3
      vertex -6.8546 -0.140616 3.1
      vertex -6.8546 -0.140616 1.3
    endloop
  endfacet
  facet normal -0.995185 0.0980152 0
    outer loop
      vertex -6.8546 -0.140616 3.1
      vertex -6.86839 -0.280631 1.3
      vertex -6.86839 -0.280631 3.1
    endloop
  endfacet
  facet normal -0.634398 0.773006 0
    outer loop
      vertex -7.58241 -1.61646 1.3
      vertex -7.69116 -1.70571 3.1
      vertex -7.58241 -1.61646 3.1
    endloop
  endfacet
  facet normal -0.634398 0.773006 0
    outer loop
      vertex -7.69116 -1.70571 3.1
      vertex -7.58241 -1.61646 1.3
      vertex -7.69116 -1.70571 1.3
    endloop
  endfacet
  facet normal -0.729863 -0.683594 0
    outer loop
      vertex -7.38354 1.41759 1.3
      vertex -7.47972 1.52028 3.1
      vertex -7.47972 1.52028 1.3
    endloop
  endfacet
  facet normal -0.729863 -0.683594 0
    outer loop
      vertex -7.47972 1.52028 3.1
      vertex -7.38354 1.41759 1.3
      vertex -7.38354 1.41759 3.1
    endloop
  endfacet
  facet normal -0.0980187 0.995185 0
    outer loop
      vertex -8.71937 -2.13161 1.3
      vertex -8.85938 -2.1454 3.1
      vertex -8.71937 -2.13161 3.1
    endloop
  endfacet
  facet normal -0.0980187 0.995185 0
    outer loop
      vertex -8.85938 -2.1454 3.1
      vertex -8.71937 -2.13161 1.3
      vertex -8.85938 -2.1454 1.3
    endloop
  endfacet
  facet normal -0.290288 -0.956939 0
    outer loop
      vertex -8.44354 2.07674 1.3
      vertex -8.30891 2.0359 3.1
      vertex -8.44354 2.07674 3.1
    endloop
  endfacet
  facet normal -0.290288 -0.956939 -0
    outer loop
      vertex -8.30891 2.0359 3.1
      vertex -8.44354 2.07674 1.3
      vertex -8.30891 2.0359 1.3
    endloop
  endfacet
  facet normal -0.910876 -0.412681 0
    outer loop
      vertex -7.01366 0.822769 1.3
      vertex -7.07172 0.95092 3.1
      vertex -7.07172 0.95092 1.3
    endloop
  endfacet
  facet normal -0.910876 -0.412681 0
    outer loop
      vertex -7.07172 0.95092 3.1
      vertex -7.01366 0.822769 1.3
      vertex -7.01366 0.822769 3.1
    endloop
  endfacet
  facet normal 0.812676 -0.582716 0
    outer loop
      vertex -10.7877 1.19448 3.1
      vertex -10.7057 1.30884 1.3
      vertex -10.7057 1.30884 3.1
    endloop
  endfacet
  facet normal 0.812676 -0.582716 0
    outer loop
      vertex -10.7057 1.30884 1.3
      vertex -10.7877 1.19448 3.1
      vertex -10.7877 1.19448 1.3
    endloop
  endfacet
  facet normal 0.881987 -0.471274 0
    outer loop
      vertex -10.9283 0.95092 3.1
      vertex -10.862 1.075 1.3
      vertex -10.862 1.075 3.1
    endloop
  endfacet
  facet normal 0.881987 -0.471274 0
    outer loop
      vertex -10.862 1.075 1.3
      vertex -10.9283 0.95092 3.1
      vertex -10.9283 0.95092 1.3
    endloop
  endfacet
  facet normal -0.935903 -0.352257 0
    outer loop
      vertex -6.9641 0.691094 1.3
      vertex -7.01366 0.822769 3.1
      vertex -7.01366 0.822769 1.3
    endloop
  endfacet
  facet normal -0.935903 -0.352257 0
    outer loop
      vertex -7.01366 0.822769 3.1
      vertex -6.9641 0.691094 1.3
      vertex -6.9641 0.691094 3.1
    endloop
  endfacet
  facet normal -0.973873 0.227092 0
    outer loop
      vertex -6.92326 -0.55646 1.3
      vertex -6.89131 -0.419444 3.1
      vertex -6.89131 -0.419444 1.3
    endloop
  endfacet
  facet normal -0.973873 0.227092 0
    outer loop
      vertex -6.89131 -0.419444 3.1
      vertex -6.92326 -0.55646 1.3
      vertex -6.92326 -0.55646 3.1
    endloop
  endfacet
  facet normal 0.162912 -0.986641 0
    outer loop
      vertex -9.41944 2.10869 1.3
      vertex -9.28063 2.13161 3.1
      vertex -9.41944 2.10869 3.1
    endloop
  endfacet
  facet normal 0.162912 -0.986641 0
    outer loop
      vertex -9.28063 2.13161 3.1
      vertex -9.41944 2.10869 1.3
      vertex -9.28063 2.13161 1.3
    endloop
  endfacet
  facet normal 0.849194 0.528081 0
    outer loop
      vertex -10.7877 -1.19448 3.1
      vertex -10.862 -1.075 1.3
      vertex -10.862 -1.075 3.1
    endloop
  endfacet
  facet normal 0.849194 0.528081 0
    outer loop
      vertex -10.862 -1.075 1.3
      vertex -10.7877 -1.19448 3.1
      vertex -10.7877 -1.19448 1.3
    endloop
  endfacet
  facet normal 0.812676 0.582716 0
    outer loop
      vertex -10.7057 -1.30884 3.1
      vertex -10.7877 -1.19448 1.3
      vertex -10.7877 -1.19448 3.1
    endloop
  endfacet
  facet normal 0.812676 0.582716 0
    outer loop
      vertex -10.7877 -1.19448 1.3
      vertex -10.7057 -1.30884 3.1
      vertex -10.7057 -1.30884 1.3
    endloop
  endfacet
  facet normal -0.0326948 -0.999465 0
    outer loop
      vertex -9 2.15 1.3
      vertex -8.85938 2.1454 3.1
      vertex -9 2.15 3.1
    endloop
  endfacet
  facet normal -0.0326948 -0.999465 -0
    outer loop
      vertex -8.85938 2.1454 3.1
      vertex -9 2.15 1.3
      vertex -8.85938 2.1454 1.3
    endloop
  endfacet
  facet normal 0.973795 0.227429 0
    outer loop
      vertex -11.0767 -0.55646 3.1
      vertex -11.1087 -0.419444 1.3
      vertex -11.1087 -0.419444 3.1
    endloop
  endfacet
  facet normal 0.973795 0.227429 0
    outer loop
      vertex -11.1087 -0.419444 1.3
      vertex -11.0767 -0.55646 3.1
      vertex -11.0767 -0.55646 1.3
    endloop
  endfacet
  facet normal -0.812844 0.582481 0
    outer loop
      vertex -7.29429 -1.30884 1.3
      vertex -7.21234 -1.19448 3.1
      vertex -7.21234 -1.19448 1.3
    endloop
  endfacet
  facet normal -0.812844 0.582481 0
    outer loop
      vertex -7.21234 -1.19448 3.1
      vertex -7.29429 -1.30884 1.3
      vertex -7.29429 -1.30884 3.1
    endloop
  endfacet
  facet normal 0.634224 0.773149 -0
    outer loop
      vertex -10.3088 -1.70571 1.3
      vertex -10.4176 -1.61646 3.1
      vertex -10.3088 -1.70571 3.1
    endloop
  endfacet
  facet normal 0.634224 0.773149 0
    outer loop
      vertex -10.4176 -1.61646 3.1
      vertex -10.3088 -1.70571 1.3
      vertex -10.4176 -1.61646 1.3
    endloop
  endfacet
  facet normal 0.93581 0.352506 0
    outer loop
      vertex -10.9863 -0.822769 3.1
      vertex -11.0359 -0.691094 1.3
      vertex -11.0359 -0.691094 3.1
    endloop
  endfacet
  facet normal 0.93581 0.352506 0
    outer loop
      vertex -11.0359 -0.691094 1.3
      vertex -10.9863 -0.822769 3.1
      vertex -10.9863 -0.822769 1.3
    endloop
  endfacet
  facet normal -0.773006 -0.634398 0
    outer loop
      vertex -7.29429 1.30884 1.3
      vertex -7.38354 1.41759 3.1
      vertex -7.38354 1.41759 1.3
    endloop
  endfacet
  facet normal -0.773006 -0.634398 0
    outer loop
      vertex -7.38354 1.41759 3.1
      vertex -7.29429 1.30884 1.3
      vertex -7.29429 1.30884 3.1
    endloop
  endfacet
  facet normal 0.986664 0.16277 0
    outer loop
      vertex -11.1087 -0.419444 3.1
      vertex -11.1316 -0.280631 1.3
      vertex -11.1316 -0.280631 3.1
    endloop
  endfacet
  facet normal 0.986664 0.16277 0
    outer loop
      vertex -11.1316 -0.280631 1.3
      vertex -11.1087 -0.419444 3.1
      vertex -11.1087 -0.419444 1.3
    endloop
  endfacet
  facet normal -0.849226 -0.52803 0
    outer loop
      vertex -7.13805 1.075 1.3
      vertex -7.21234 1.19448 3.1
      vertex -7.21234 1.19448 1.3
    endloop
  endfacet
  facet normal -0.849226 -0.52803 0
    outer loop
      vertex -7.21234 1.19448 3.1
      vertex -7.13805 1.075 1.3
      vertex -7.13805 1.075 3.1
    endloop
  endfacet
  facet normal 0.227086 0.973875 -0
    outer loop
      vertex -9.41944 -2.10869 1.3
      vertex -9.55646 -2.07674 3.1
      vertex -9.41944 -2.10869 3.1
    endloop
  endfacet
  facet normal 0.227086 0.973875 0
    outer loop
      vertex -9.55646 -2.07674 3.1
      vertex -9.41944 -2.10869 1.3
      vertex -9.55646 -2.07674 1.3
    endloop
  endfacet
  facet normal -0.582481 0.812844 0
    outer loop
      vertex -7.69116 -1.70571 1.3
      vertex -7.80552 -1.78766 3.1
      vertex -7.69116 -1.70571 3.1
    endloop
  endfacet
  facet normal -0.582481 0.812844 0
    outer loop
      vertex -7.80552 -1.78766 3.1
      vertex -7.69116 -1.70571 1.3
      vertex -7.80552 -1.78766 1.3
    endloop
  endfacet
  facet normal -0.52803 -0.849226 0
    outer loop
      vertex -7.925 1.86195 1.3
      vertex -7.80552 1.78766 3.1
      vertex -7.925 1.86195 3.1
    endloop
  endfacet
  facet normal -0.52803 -0.849226 -0
    outer loop
      vertex -7.80552 1.78766 3.1
      vertex -7.925 1.86195 1.3
      vertex -7.80552 1.78766 1.3
    endloop
  endfacet
  facet normal -0.849226 0.52803 0
    outer loop
      vertex -7.21234 -1.19448 1.3
      vertex -7.13805 -1.075 3.1
      vertex -7.13805 -1.075 1.3
    endloop
  endfacet
  facet normal -0.849226 0.52803 0
    outer loop
      vertex -7.13805 -1.075 3.1
      vertex -7.21234 -1.19448 1.3
      vertex -7.21234 -1.19448 3.1
    endloop
  endfacet
  facet normal -0.935903 0.352257 0
    outer loop
      vertex -7.01366 -0.822769 1.3
      vertex -6.9641 -0.691094 3.1
      vertex -6.9641 -0.691094 1.3
    endloop
  endfacet
  facet normal -0.935903 0.352257 0
    outer loop
      vertex -6.9641 -0.691094 3.1
      vertex -7.01366 -0.822769 1.3
      vertex -7.01366 -0.822769 3.1
    endloop
  endfacet
  facet normal -0.881898 0.47144 0
    outer loop
      vertex -7.13805 -1.075 1.3
      vertex -7.07172 -0.95092 3.1
      vertex -7.07172 -0.95092 1.3
    endloop
  endfacet
  facet normal -0.881898 0.47144 0
    outer loop
      vertex -7.07172 -0.95092 3.1
      vertex -7.13805 -1.075 1.3
      vertex -7.13805 -1.075 3.1
    endloop
  endfacet
  facet normal 0.0980187 -0.995185 0
    outer loop
      vertex -9.28063 2.13161 1.3
      vertex -9.14062 2.1454 3.1
      vertex -9.28063 2.13161 3.1
    endloop
  endfacet
  facet normal 0.0980187 -0.995185 0
    outer loop
      vertex -9.14062 2.1454 3.1
      vertex -9.28063 2.13161 1.3
      vertex -9.14062 2.1454 1.3
    endloop
  endfacet
  facet normal -0.47144 -0.881898 0
    outer loop
      vertex -8.04908 1.92828 1.3
      vertex -7.925 1.86195 3.1
      vertex -8.04908 1.92828 3.1
    endloop
  endfacet
  facet normal -0.47144 -0.881898 -0
    outer loop
      vertex -7.925 1.86195 3.1
      vertex -8.04908 1.92828 1.3
      vertex -7.925 1.86195 1.3
    endloop
  endfacet
  facet normal 0.957021 0.290019 0
    outer loop
      vertex -11.0359 -0.691094 3.1
      vertex -11.0767 -0.55646 1.3
      vertex -11.0767 -0.55646 3.1
    endloop
  endfacet
  facet normal 0.957021 0.290019 0
    outer loop
      vertex -11.0767 -0.55646 1.3
      vertex -11.0359 -0.691094 3.1
      vertex -11.0359 -0.691094 1.3
    endloop
  endfacet
  facet normal -0.986641 0.162908 0
    outer loop
      vertex -6.89131 -0.419444 1.3
      vertex -6.86839 -0.280631 3.1
      vertex -6.86839 -0.280631 1.3
    endloop
  endfacet
  facet normal -0.986641 0.162908 0
    outer loop
      vertex -6.86839 -0.280631 3.1
      vertex -6.89131 -0.419444 1.3
      vertex -6.89131 -0.419444 3.1
    endloop
  endfacet
  facet normal 0.773181 -0.634186 0
    outer loop
      vertex -10.7057 1.30884 3.1
      vertex -10.6165 1.41759 1.3
      vertex -10.6165 1.41759 3.1
    endloop
  endfacet
  facet normal 0.773181 -0.634186 0
    outer loop
      vertex -10.6165 1.41759 1.3
      vertex -10.7057 1.30884 3.1
      vertex -10.7057 1.30884 1.3
    endloop
  endfacet
  facet normal 0.999465 0.0326957 0
    outer loop
      vertex -11.1454 -0.140616 3.1
      vertex -11.15 0 1.3
      vertex -11.15 0 3.1
    endloop
  endfacet
  facet normal 0.999465 0.0326957 0
    outer loop
      vertex -11.15 0 1.3
      vertex -11.1454 -0.140616 3.1
      vertex -11.1454 -0.140616 1.3
    endloop
  endfacet
  facet normal -0.47144 0.881898 0
    outer loop
      vertex -7.925 -1.86195 1.3
      vertex -8.04908 -1.92828 3.1
      vertex -7.925 -1.86195 3.1
    endloop
  endfacet
  facet normal -0.47144 0.881898 0
    outer loop
      vertex -8.04908 -1.92828 3.1
      vertex -7.925 -1.86195 1.3
      vertex -8.04908 -1.92828 1.3
    endloop
  endfacet
  facet normal 0.729792 0.683669 0
    outer loop
      vertex -10.5203 -1.52028 3.1
      vertex -10.6165 -1.41759 1.3
      vertex -10.6165 -1.41759 3.1
    endloop
  endfacet
  facet normal 0.729792 0.683669 0
    outer loop
      vertex -10.6165 -1.41759 1.3
      vertex -10.5203 -1.52028 3.1
      vertex -10.5203 -1.52028 1.3
    endloop
  endfacet
  facet normal -0.162912 0.986641 0
    outer loop
      vertex -8.58056 -2.10869 1.3
      vertex -8.71937 -2.13161 3.1
      vertex -8.58056 -2.10869 3.1
    endloop
  endfacet
  facet normal -0.162912 0.986641 0
    outer loop
      vertex -8.71937 -2.13161 3.1
      vertex -8.58056 -2.10869 1.3
      vertex -8.71937 -2.13161 1.3
    endloop
  endfacet
  facet normal 0.999465 -0.0326957 0
    outer loop
      vertex -11.15 0 3.1
      vertex -11.1454 0.140616 1.3
      vertex -11.1454 0.140616 3.1
    endloop
  endfacet
  facet normal 0.999465 -0.0326957 0
    outer loop
      vertex -11.1454 0.140616 1.3
      vertex -11.15 0 3.1
      vertex -11.15 0 1.3
    endloop
  endfacet
  facet normal -0.683594 -0.729863 0
    outer loop
      vertex -7.58241 1.61646 1.3
      vertex -7.47972 1.52028 3.1
      vertex -7.58241 1.61646 3.1
    endloop
  endfacet
  facet normal -0.683594 -0.729863 -0
    outer loop
      vertex -7.47972 1.52028 3.1
      vertex -7.58241 1.61646 1.3
      vertex -7.47972 1.52028 1.3
    endloop
  endfacet
  facet normal 0.995178 -0.0980856 0
    outer loop
      vertex -11.1454 0.140616 3.1
      vertex -11.1316 0.280631 1.3
      vertex -11.1316 0.280631 3.1
    endloop
  endfacet
  facet normal 0.995178 -0.0980856 0
    outer loop
      vertex -11.1316 0.280631 1.3
      vertex -11.1454 0.140616 3.1
      vertex -11.1454 0.140616 1.3
    endloop
  endfacet
  facet normal 0.582683 0.812699 -0
    outer loop
      vertex -10.1945 -1.78766 1.3
      vertex -10.3088 -1.70571 3.1
      vertex -10.1945 -1.78766 3.1
    endloop
  endfacet
  facet normal 0.582683 0.812699 0
    outer loop
      vertex -10.3088 -1.70571 3.1
      vertex -10.1945 -1.78766 1.3
      vertex -10.3088 -1.70571 1.3
    endloop
  endfacet
  facet normal 0.957021 -0.290019 0
    outer loop
      vertex -11.0767 0.55646 3.1
      vertex -11.0359 0.691094 1.3
      vertex -11.0359 0.691094 3.1
    endloop
  endfacet
  facet normal 0.957021 -0.290019 0
    outer loop
      vertex -11.0359 0.691094 1.3
      vertex -11.0767 0.55646 3.1
      vertex -11.0767 0.55646 1.3
    endloop
  endfacet
  facet normal 0.683558 0.729896 -0
    outer loop
      vertex -10.4176 -1.61646 1.3
      vertex -10.5203 -1.52028 3.1
      vertex -10.4176 -1.61646 3.1
    endloop
  endfacet
  facet normal 0.683558 0.729896 0
    outer loop
      vertex -10.5203 -1.52028 3.1
      vertex -10.4176 -1.61646 1.3
      vertex -10.5203 -1.52028 1.3
    endloop
  endfacet
  facet normal -0.352245 -0.935908 0
    outer loop
      vertex -8.30891 2.0359 1.3
      vertex -8.17723 1.98634 3.1
      vertex -8.30891 2.0359 3.1
    endloop
  endfacet
  facet normal -0.352245 -0.935908 -0
    outer loop
      vertex -8.17723 1.98634 3.1
      vertex -8.30891 2.0359 1.3
      vertex -8.17723 1.98634 1.3
    endloop
  endfacet
  facet normal 0 0 1
    outer loop
      vertex -6.8546 0.140616 1.3
      vertex -6.8546 -0.140616 1.3
      vertex -6.85 0 1.3
    endloop
  endfacet
  facet normal 0 0 1
    outer loop
      vertex -6.86839 0.280631 1.3
      vertex -6.8546 -0.140616 1.3
      vertex -6.8546 0.140616 1.3
    endloop
  endfacet
  facet normal 0 0 1
    outer loop
      vertex -6.86839 0.280631 1.3
      vertex -6.86839 -0.280631 1.3
      vertex -6.8546 -0.140616 1.3
    endloop
  endfacet
  facet normal 0 0 1
    outer loop
      vertex -6.89131 0.419444 1.3
      vertex -6.86839 -0.280631 1.3
      vertex -6.86839 0.280631 1.3
    endloop
  endfacet
  facet normal 0 0 1
    outer loop
      vertex -6.89131 0.419444 1.3
      vertex -6.89131 -0.419444 1.3
      vertex -6.86839 -0.280631 1.3
    endloop
  endfacet
  facet normal 0 0 1
    outer loop
      vertex -6.92326 0.55646 1.3
      vertex -6.89131 -0.419444 1.3
      vertex -6.89131 0.419444 1.3
    endloop
  endfacet
  facet normal 0 0 1
    outer loop
      vertex -6.92326 0.55646 1.3
      vertex -6.92326 -0.55646 1.3
      vertex -6.89131 -0.419444 1.3
    endloop
  endfacet
  facet normal 0 0 1
    outer loop
      vertex -6.9641 0.691094 1.3
      vertex -6.92326 -0.55646 1.3
      vertex -6.92326 0.55646 1.3
    endloop
  endfacet
  facet normal 0 0 1
    outer loop
      vertex -6.9641 0.691094 1.3
      vertex -6.9641 -0.691094 1.3
      vertex -6.92326 -0.55646 1.3
    endloop
  endfacet
  facet normal 0 0 1
    outer loop
      vertex -7.01366 0.822769 1.3
      vertex -6.9641 -0.691094 1.3
      vertex -6.9641 0.691094 1.3
    endloop
  endfacet
  facet normal 0 0 1
    outer loop
      vertex -7.01366 0.822769 1.3
      vertex -7.01366 -0.822769 1.3
      vertex -6.9641 -0.691094 1.3
    endloop
  endfacet
  facet normal 0 0 1
    outer loop
      vertex -7.07172 0.95092 1.3
      vertex -7.01366 -0.822769 1.3
      vertex -7.01366 0.822769 1.3
    endloop
  endfacet
  facet normal 0 0 1
    outer loop
      vertex -7.07172 0.95092 1.3
      vertex -7.07172 -0.95092 1.3
      vertex -7.01366 -0.822769 1.3
    endloop
  endfacet
  facet normal 0 0 1
    outer loop
      vertex -7.13805 1.075 1.3
      vertex -7.07172 -0.95092 1.3
      vertex -7.07172 0.95092 1.3
    endloop
  endfacet
  facet normal 0 0 1
    outer loop
      vertex -7.13805 1.075 1.3
      vertex -7.13805 -1.075 1.3
      vertex -7.07172 -0.95092 1.3
    endloop
  endfacet
  facet normal 0 0 1
    outer loop
      vertex -7.21234 1.19448 1.3
      vertex -7.13805 -1.075 1.3
      vertex -7.13805 1.075 1.3
    endloop
  endfacet
  facet normal 0 0 1
    outer loop
      vertex -7.21234 1.19448 1.3
      vertex -7.21234 -1.19448 1.3
      vertex -7.13805 -1.075 1.3
    endloop
  endfacet
  facet normal 0 0 1
    outer loop
      vertex -7.29429 1.30884 1.3
      vertex -7.21234 -1.19448 1.3
      vertex -7.21234 1.19448 1.3
    endloop
  endfacet
  facet normal 0 0 1
    outer loop
      vertex -7.29429 1.30884 1.3
      vertex -7.29429 -1.30884 1.3
      vertex -7.21234 -1.19448 1.3
    endloop
  endfacet
  facet normal 0 0 1
    outer loop
      vertex -7.38354 1.41759 1.3
      vertex -7.29429 -1.30884 1.3
      vertex -7.29429 1.30884 1.3
    endloop
  endfacet
  facet normal 0 0 1
    outer loop
      vertex -7.38354 1.41759 1.3
      vertex -7.38354 -1.41759 1.3
      vertex -7.29429 -1.30884 1.3
    endloop
  endfacet
  facet normal 0 0 1
    outer loop
      vertex -7.47972 1.52028 1.3
      vertex -7.38354 -1.41759 1.3
      vertex -7.38354 1.41759 1.3
    endloop
  endfacet
  facet normal 0 0 1
    outer loop
      vertex -7.47972 1.52028 1.3
      vertex -7.47972 -1.52028 1.3
      vertex -7.38354 -1.41759 1.3
    endloop
  endfacet
  facet normal 0 0 1
    outer loop
      vertex -7.58241 1.61646 1.3
      vertex -7.47972 -1.52028 1.3
      vertex -7.47972 1.52028 1.3
    endloop
  endfacet
  facet normal 0 0 1
    outer loop
      vertex -7.58241 1.61646 1.3
      vertex -7.58241 -1.61646 1.3
      vertex -7.47972 -1.52028 1.3
    endloop
  endfacet
  facet normal 0 0 1
    outer loop
      vertex -7.69116 1.70571 1.3
      vertex -7.58241 -1.61646 1.3
      vertex -7.58241 1.61646 1.3
    endloop
  endfacet
  facet normal 0 0 1
    outer loop
      vertex -7.69116 1.70571 1.3
      vertex -7.69116 -1.70571 1.3
      vertex -7.58241 -1.61646 1.3
    endloop
  endfacet
  facet normal 0 0 1
    outer loop
      vertex -7.80552 1.78766 1.3
      vertex -7.69116 -1.70571 1.3
      vertex -7.69116 1.70571 1.3
    endloop
  endfacet
  facet normal 0 0 1
    outer loop
      vertex -7.80552 1.78766 1.3
      vertex -7.80552 -1.78766 1.3
      vertex -7.69116 -1.70571 1.3
    endloop
  endfacet
  facet normal 0 0 1
    outer loop
      vertex -7.925 1.86195 1.3
      vertex -7.80552 -1.78766 1.3
      vertex -7.80552 1.78766 1.3
    endloop
  endfacet
  facet normal 0 0 1
    outer loop
      vertex -7.925 1.86195 1.3
      vertex -7.925 -1.86195 1.3
      vertex -7.80552 -1.78766 1.3
    endloop
  endfacet
  facet normal 0 0 1
    outer loop
      vertex -8.04908 1.92828 1.3
      vertex -7.925 -1.86195 1.3
      vertex -7.925 1.86195 1.3
    endloop
  endfacet
  facet normal 0 0 1
    outer loop
      vertex -8.04908 1.92828 1.3
      vertex -8.04908 -1.92828 1.3
      vertex -7.925 -1.86195 1.3
    endloop
  endfacet
  facet normal 0 0 1
    outer loop
      vertex -8.17723 1.98634 1.3
      vertex -8.04908 -1.92828 1.3
      vertex -8.04908 1.92828 1.3
    endloop
  endfacet
  facet normal 0 0 1
    outer loop
      vertex -8.17723 1.98634 1.3
      vertex -8.17723 -1.98634 1.3
      vertex -8.04908 -1.92828 1.3
    endloop
  endfacet
  facet normal 0 0 1
    outer loop
      vertex -8.30891 2.0359 1.3
      vertex -8.17723 -1.98634 1.3
      vertex -8.17723 1.98634 1.3
    endloop
  endfacet
  facet normal 0 0 1
    outer loop
      vertex -8.30891 2.0359 1.3
      vertex -8.30891 -2.0359 1.3
      vertex -8.17723 -1.98634 1.3
    endloop
  endfacet
  facet normal 0 0 1
    outer loop
      vertex -8.44354 2.07674 1.3
      vertex -8.30891 -2.0359 1.3
      vertex -8.30891 2.0359 1.3
    endloop
  endfacet
  facet normal 0 0 1
    outer loop
      vertex -8.44354 2.07674 1.3
      vertex -8.44354 -2.07674 1.3
      vertex -8.30891 -2.0359 1.3
    endloop
  endfacet
  facet normal 0 0 1
    outer loop
      vertex -8.58056 2.10869 1.3
      vertex -8.44354 -2.07674 1.3
      vertex -8.44354 2.07674 1.3
    endloop
  endfacet
  facet normal 0 0 1
    outer loop
      vertex -8.58056 2.10869 1.3
      vertex -8.58056 -2.10869 1.3
      vertex -8.44354 -2.07674 1.3
    endloop
  endfacet
  facet normal 0 0 1
    outer loop
      vertex -8.71937 2.13161 1.3
      vertex -8.58056 -2.10869 1.3
      vertex -8.58056 2.10869 1.3
    endloop
  endfacet
  facet normal 0 0 1
    outer loop
      vertex -8.71937 2.13161 1.3
      vertex -8.71937 -2.13161 1.3
      vertex -8.58056 -2.10869 1.3
    endloop
  endfacet
  facet normal 0 0 1
    outer loop
      vertex -8.85938 2.1454 1.3
      vertex -8.71937 -2.13161 1.3
      vertex -8.71937 2.13161 1.3
    endloop
  endfacet
  facet normal 0 0 1
    outer loop
      vertex -8.85938 2.1454 1.3
      vertex -8.85938 -2.1454 1.3
      vertex -8.71937 -2.13161 1.3
    endloop
  endfacet
  facet normal 0 0 1
    outer loop
      vertex -9 2.15 1.3
      vertex -8.85938 -2.1454 1.3
      vertex -8.85938 2.1454 1.3
    endloop
  endfacet
  facet normal 0 0 1
    outer loop
      vertex -9 2.15 1.3
      vertex -9 -2.15 1.3
      vertex -8.85938 -2.1454 1.3
    endloop
  endfacet
  facet normal -0 0 1
    outer loop
      vertex -9.14062 2.1454 1.3
      vertex -9 -2.15 1.3
      vertex -9 2.15 1.3
    endloop
  endfacet
  facet normal 0 0 1
    outer loop
      vertex -9.14062 2.1454 1.3
      vertex -9.14062 -2.1454 1.3
      vertex -9 -2.15 1.3
    endloop
  endfacet
  facet normal -0 0 1
    outer loop
      vertex -9.28063 2.13161 1.3
      vertex -9.14062 -2.1454 1.3
      vertex -9.14062 2.1454 1.3
    endloop
  endfacet
  facet normal 0 0 1
    outer loop
      vertex -9.28063 2.13161 1.3
      vertex -9.28063 -2.13161 1.3
      vertex -9.14062 -2.1454 1.3
    endloop
  endfacet
  facet normal -0 0 1
    outer loop
      vertex -9.41944 2.10869 1.3
      vertex -9.28063 -2.13161 1.3
      vertex -9.28063 2.13161 1.3
    endloop
  endfacet
  facet normal 0 0 1
    outer loop
      vertex -9.41944 2.10869 1.3
      vertex -9.41944 -2.10869 1.3
      vertex -9.28063 -2.13161 1.3
    endloop
  endfacet
  facet normal -0 0 1
    outer loop
      vertex -9.55646 2.07674 1.3
      vertex -9.41944 -2.10869 1.3
      vertex -9.41944 2.10869 1.3
    endloop
  endfacet
  facet normal 0 0 1
    outer loop
      vertex -9.55646 2.07674 1.3
      vertex -9.55646 -2.07674 1.3
      vertex -9.41944 -2.10869 1.3
    endloop
  endfacet
  facet normal -0 0 1
    outer loop
      vertex -9.69109 2.0359 1.3
      vertex -9.55646 -2.07674 1.3
      vertex -9.55646 2.07674 1.3
    endloop
  endfacet
  facet normal 0 0 1
    outer loop
      vertex -9.69109 2.0359 1.3
      vertex -9.69109 -2.0359 1.3
      vertex -9.55646 -2.07674 1.3
    endloop
  endfacet
  facet normal -0 0 1
    outer loop
      vertex -9.82277 1.98634 1.3
      vertex -9.69109 -2.0359 1.3
      vertex -9.69109 2.0359 1.3
    endloop
  endfacet
  facet normal 0 0 1
    outer loop
      vertex -9.82277 1.98634 1.3
      vertex -9.82277 -1.98634 1.3
      vertex -9.69109 -2.0359 1.3
    endloop
  endfacet
  facet normal -0 0 1
    outer loop
      vertex -9.95092 1.92828 1.3
      vertex -9.82277 -1.98634 1.3
      vertex -9.82277 1.98634 1.3
    endloop
  endfacet
  facet normal 0 0 1
    outer loop
      vertex -9.95092 1.92828 1.3
      vertex -9.95092 -1.92828 1.3
      vertex -9.82277 -1.98634 1.3
    endloop
  endfacet
  facet normal -0 0 1
    outer loop
      vertex -10.075 1.86195 1.3
      vertex -9.95092 -1.92828 1.3
      vertex -9.95092 1.92828 1.3
    endloop
  endfacet
  facet normal 0 0 1
    outer loop
      vertex -10.075 1.86195 1.3
      vertex -10.075 -1.86195 1.3
      vertex -9.95092 -1.92828 1.3
    endloop
  endfacet
  facet normal -0 0 1
    outer loop
      vertex -10.1945 1.78766 1.3
      vertex -10.075 -1.86195 1.3
      vertex -10.075 1.86195 1.3
    endloop
  endfacet
  facet normal 0 0 1
    outer loop
      vertex -10.1945 1.78766 1.3
      vertex -10.1945 -1.78766 1.3
      vertex -10.075 -1.86195 1.3
    endloop
  endfacet
  facet normal -0 0 1
    outer loop
      vertex -10.3088 1.70571 1.3
      vertex -10.1945 -1.78766 1.3
      vertex -10.1945 1.78766 1.3
    endloop
  endfacet
  facet normal 0 0 1
    outer loop
      vertex -10.3088 1.70571 1.3
      vertex -10.3088 -1.70571 1.3
      vertex -10.1945 -1.78766 1.3
    endloop
  endfacet
  facet normal -0 0 1
    outer loop
      vertex -10.4176 1.61646 1.3
      vertex -10.3088 -1.70571 1.3
      vertex -10.3088 1.70571 1.3
    endloop
  endfacet
  facet normal 0 0 1
    outer loop
      vertex -10.4176 1.61646 1.3
      vertex -10.4176 -1.61646 1.3
      vertex -10.3088 -1.70571 1.3
    endloop
  endfacet
  facet normal -0 0 1
    outer loop
      vertex -10.5203 1.52028 1.3
      vertex -10.4176 -1.61646 1.3
      vertex -10.4176 1.61646 1.3
    endloop
  endfacet
  facet normal 0 0 1
    outer loop
      vertex -10.5203 1.52028 1.3
      vertex -10.5203 -1.52028 1.3
      vertex -10.4176 -1.61646 1.3
    endloop
  endfacet
  facet normal -0 0 1
    outer loop
      vertex -10.6165 1.41759 1.3
      vertex -10.5203 -1.52028 1.3
      vertex -10.5203 1.52028 1.3
    endloop
  endfacet
  facet normal 0 0 1
    outer loop
      vertex -10.6165 1.41759 1.3
      vertex -10.6165 -1.41759 1.3
      vertex -10.5203 -1.52028 1.3
    endloop
  endfacet
  facet normal -0 0 1
    outer loop
      vertex -10.7057 1.30884 1.3
      vertex -10.6165 -1.41759 1.3
      vertex -10.6165 1.41759 1.3
    endloop
  endfacet
  facet normal 0 0 1
    outer loop
      vertex -10.7057 1.30884 1.3
      vertex -10.7057 -1.30884 1.3
      vertex -10.6165 -1.41759 1.3
    endloop
  endfacet
  facet normal -0 0 1
    outer loop
      vertex -10.7877 1.19448 1.3
      vertex -10.7057 -1.30884 1.3
      vertex -10.7057 1.30884 1.3
    endloop
  endfacet
  facet normal 0 0 1
    outer loop
      vertex -10.7877 1.19448 1.3
      vertex -10.7877 -1.19448 1.3
      vertex -10.7057 -1.30884 1.3
    endloop
  endfacet
  facet normal -0 0 1
    outer loop
      vertex -10.862 1.075 1.3
      vertex -10.7877 -1.19448 1.3
      vertex -10.7877 1.19448 1.3
    endloop
  endfacet
  facet normal 0 0 1
    outer loop
      vertex -10.862 1.075 1.3
      vertex -10.862 -1.075 1.3
      vertex -10.7877 -1.19448 1.3
    endloop
  endfacet
  facet normal -0 0 1
    outer loop
      vertex -10.9283 0.95092 1.3
      vertex -10.862 -1.075 1.3
      vertex -10.862 1.075 1.3
    endloop
  endfacet
  facet normal 0 0 1
    outer loop
      vertex -10.9283 0.95092 1.3
      vertex -10.9283 -0.95092 1.3
      vertex -10.862 -1.075 1.3
    endloop
  endfacet
  facet normal -0 0 1
    outer loop
      vertex -10.9863 0.822769 1.3
      vertex -10.9283 -0.95092 1.3
      vertex -10.9283 0.95092 1.3
    endloop
  endfacet
  facet normal 0 0 1
    outer loop
      vertex -10.9863 0.822769 1.3
      vertex -10.9863 -0.822769 1.3
      vertex -10.9283 -0.95092 1.3
    endloop
  endfacet
  facet normal -0 0 1
    outer loop
      vertex -11.0359 0.691094 1.3
      vertex -10.9863 -0.822769 1.3
      vertex -10.9863 0.822769 1.3
    endloop
  endfacet
  facet normal 0 0 1
    outer loop
      vertex -11.0359 0.691094 1.3
      vertex -11.0359 -0.691094 1.3
      vertex -10.9863 -0.822769 1.3
    endloop
  endfacet
  facet normal -0 0 1
    outer loop
      vertex -11.0767 0.55646 1.3
      vertex -11.0359 -0.691094 1.3
      vertex -11.0359 0.691094 1.3
    endloop
  endfacet
  facet normal 0 0 1
    outer loop
      vertex -11.0767 0.55646 1.3
      vertex -11.0767 -0.55646 1.3
      vertex -11.0359 -0.691094 1.3
    endloop
  endfacet
  facet normal -0 0 1
    outer loop
      vertex -11.1087 0.419444 1.3
      vertex -11.0767 -0.55646 1.3
      vertex -11.0767 0.55646 1.3
    endloop
  endfacet
  facet normal 0 0 1
    outer loop
      vertex -11.1087 0.419444 1.3
      vertex -11.1087 -0.419444 1.3
      vertex -11.0767 -0.55646 1.3
    endloop
  endfacet
  facet normal -0 0 1
    outer loop
      vertex -11.1316 0.280631 1.3
      vertex -11.1087 -0.419444 1.3
      vertex -11.1087 0.419444 1.3
    endloop
  endfacet
  facet normal 0 0 1
    outer loop
      vertex -11.1316 0.280631 1.3
      vertex -11.1316 -0.280631 1.3
      vertex -11.1087 -0.419444 1.3
    endloop
  endfacet
  facet normal -0 0 1
    outer loop
      vertex -11.1454 0.140616 1.3
      vertex -11.1316 -0.280631 1.3
      vertex -11.1316 0.280631 1.3
    endloop
  endfacet
  facet normal 0 0 1
    outer loop
      vertex -11.1454 0.140616 1.3
      vertex -11.1454 -0.140616 1.3
      vertex -11.1316 -0.280631 1.3
    endloop
  endfacet
  facet normal 0 -0 1
    outer loop
      vertex -11.1454 -0.140616 1.3
      vertex -11.1454 0.140616 1.3
      vertex -11.15 0 1.3
    endloop
  endfacet
  facet normal 0.527966 -0.849266 0
    outer loop
      vertex -10.1945 1.78766 1.3
      vertex -10.075 1.86195 3.1
      vertex -10.1945 1.78766 3.1
    endloop
  endfacet
  facet normal 0.527966 -0.849266 0
    outer loop
      vertex -10.075 1.86195 3.1
      vertex -10.1945 1.78766 1.3
      vertex -10.075 1.86195 1.3
    endloop
  endfacet
  facet normal 0.290288 0.956939 -0
    outer loop
      vertex -9.55646 -2.07674 1.3
      vertex -9.69109 -2.0359 3.1
      vertex -9.55646 -2.07674 3.1
    endloop
  endfacet
  facet normal 0.290288 0.956939 0
    outer loop
      vertex -9.69109 -2.0359 3.1
      vertex -9.55646 -2.07674 1.3
      vertex -9.69109 -2.0359 1.3
    endloop
  endfacet
  facet normal 0.352245 0.935908 -0
    outer loop
      vertex -9.69109 -2.0359 1.3
      vertex -9.82277 -1.98634 3.1
      vertex -9.69109 -2.0359 3.1
    endloop
  endfacet
  facet normal 0.352245 0.935908 0
    outer loop
      vertex -9.82277 -1.98634 3.1
      vertex -9.69109 -2.0359 1.3
      vertex -9.82277 -1.98634 1.3
    endloop
  endfacet
  facet normal 0.881987 0.471274 0
    outer loop
      vertex -10.862 -1.075 3.1
      vertex -10.9283 -0.95092 1.3
      vertex -10.9283 -0.95092 3.1
    endloop
  endfacet
  facet normal 0.881987 0.471274 0
    outer loop
      vertex -10.9283 -0.95092 1.3
      vertex -10.862 -1.075 3.1
      vertex -10.862 -1.075 1.3
    endloop
  endfacet
  facet normal -0.799726 -0.0261616 0.599795
    outer loop
      vertex -6.85 0 3.1
      vertex -6.55 0 3.5
      vertex -6.8546 0.140616 3.1
    endloop
  endfacet
  facet normal -0.650402 -0.466076 0.599793
    outer loop
      vertex -7.21234 1.19448 3.1
      vertex -6.9629 1.36115 3.5
      vertex -7.29429 1.30884 3.1
    endloop
  endfacet
  facet normal -0.789467 0.130362 0.59979
    outer loop
      vertex -6.59708 -0.477971 3.5
      vertex -6.57096 -0.319789 3.5
      vertex -6.86839 -0.280631 3.1
    endloop
  endfacet
  facet normal 0.281849 -0.748867 0.599799
    outer loop
      vertex -9.69109 2.0359 3.1
      vertex -9.78753 2.31998 3.5
      vertex -9.82277 1.98634 3.1
    endloop
  endfacet
  facet normal -0.377225 -0.705655 0.599794
    outer loop
      vertex -7.925 1.86195 3.1
      vertex -7.91639 2.19734 3.5
      vertex -8.04908 1.92828 3.1
    endloop
  endfacet
  facet normal -0.748862 0.281881 0.59979
    outer loop
      vertex -6.7365 -0.937574 3.5
      vertex -6.68002 -0.787526 3.5
      vertex -7.01366 -0.822769 3.1
    endloop
  endfacet
  facet normal 0.422453 0.679541 0.599798
    outer loop
      vertex -10.075 -1.86195 3.1
      vertex -10.1945 -1.78766 3.1
      vertex -10.225 -2.12176 3.5
    endloop
  endfacet
  facet normal -0.232274 0.765696 0.599799
    outer loop
      vertex -8.36589 -2.36652 3.5
      vertex -8.21247 -2.31998 3.5
      vertex -8.44354 -2.07674 3.1
    endloop
  endfacet
  facet normal 0.46584 0.65052 0.599848
    outer loop
      vertex -10.3611 -2.0371 3.5
      vertex -10.3088 -1.70571 3.1
      vertex -10.4915 -1.94372 3.5
    endloop
  endfacet
  facet normal -0.0262019 0.799732 0.599785
    outer loop
      vertex -8.83976 -2.44475 3.5
      vertex -8.85938 -2.1454 3.1
      vertex -9 -2.45 3.5
    endloop
  endfacet
  facet normal -0.748866 0.281859 0.599795
    outer loop
      vertex -6.68002 -0.787526 3.5
      vertex -6.9641 -0.691094 3.1
      vertex -7.01366 -0.822769 3.1
    endloop
  endfacet
  facet normal 0.679438 -0.422684 0.599752
    outer loop
      vertex -10.7877 1.19448 3.1
      vertex -11.0371 1.36115 3.5
      vertex -11.1218 1.225 3.5
    endloop
  endfacet
  facet normal -0.232274 -0.765696 0.599799
    outer loop
      vertex -8.30891 2.0359 3.1
      vertex -8.21247 2.31998 3.5
      vertex -8.44354 2.07674 3.1
    endloop
  endfacet
  facet normal 0.0784079 -0.796307 0.59979
    outer loop
      vertex -9.28063 2.13161 3.1
      vertex -9.16024 2.44475 3.5
      vertex -9.31979 2.42904 3.5
    endloop
  endfacet
  facet normal -0.705655 0.377225 0.599794
    outer loop
      vertex -6.80266 -1.08361 3.5
      vertex -7.07172 -0.95092 3.1
      vertex -7.13805 -1.075 3.1
    endloop
  endfacet
  facet normal -0.281895 -0.748859 0.599788
    outer loop
      vertex -8.17723 1.98634 3.1
      vertex -8.06243 2.2635 3.5
      vertex -8.21247 2.31998 3.5
    endloop
  endfacet
  facet normal 0.584007 -0.547023 0.599751
    outer loop
      vertex -10.6165 1.41759 3.1
      vertex -10.7324 1.73241 3.5
      vertex -10.842 1.6154 3.5
    endloop
  endfacet
  facet normal -0.330211 0.728841 0.599794
    outer loop
      vertex -7.91639 -2.19734 3.5
      vertex -8.04908 -1.92828 3.1
      vertex -8.17723 -1.98634 3.1
    endloop
  endfacet
  facet normal 0.0262019 0.799732 0.599785
    outer loop
      vertex -9 -2.45 3.5
      vertex -9.14062 -2.1454 3.1
      vertex -9.16024 -2.44475 3.5
    endloop
  endfacet
  facet normal -0.0784308 0.796309 0.599784
    outer loop
      vertex -8.83976 -2.44475 3.5
      vertex -8.71937 -2.13161 3.1
      vertex -8.85938 -2.1454 3.1
    endloop
  endfacet
  facet normal 0.330212 -0.728844 0.599788
    outer loop
      vertex -9.95092 1.92828 3.1
      vertex -9.82277 1.98634 3.1
      vertex -10.0836 2.19734 3.5
    endloop
  endfacet
  facet normal -0.130363 0.789466 0.59979
    outer loop
      vertex -8.68021 -2.42904 3.5
      vertex -8.52203 -2.40292 3.5
      vertex -8.71937 -2.13161 3.1
    endloop
  endfacet
  facet normal 0.789518 -0.130247 0.599748
    outer loop
      vertex -11.1316 0.280631 3.1
      vertex -11.1087 0.419444 3.1
      vertex -11.4029 0.477971 3.5
    endloop
  endfacet
  facet normal 0.0261609 -0.799726 0.599795
    outer loop
      vertex -9 2.15 3.1
      vertex -9 2.45 3.5
      vertex -9.14062 2.1454 3.1
    endloop
  endfacet
  facet normal -0.466076 0.650402 0.599793
    outer loop
      vertex -7.63885 -2.0371 3.5
      vertex -7.69116 -1.70571 3.1
      vertex -7.80552 -1.78766 3.1
    endloop
  endfacet
  facet normal -0.7657 0.232268 0.599796
    outer loop
      vertex -6.68002 -0.787526 3.5
      vertex -6.92326 -0.55646 3.1
      vertex -6.9641 -0.691094 3.1
    endloop
  endfacet
  facet normal -0.0784079 0.796307 0.59979
    outer loop
      vertex -8.68021 -2.42904 3.5
      vertex -8.71937 -2.13161 3.1
      vertex -8.83976 -2.44475 3.5
    endloop
  endfacet
  facet normal -0.70566 0.37721 0.599797
    outer loop
      vertex -6.87824 -1.225 3.5
      vertex -6.80266 -1.08361 3.5
      vertex -7.13805 -1.075 3.1
    endloop
  endfacet
  facet normal -0.0784079 -0.796307 0.59979
    outer loop
      vertex -8.71937 2.13161 3.1
      vertex -8.68021 2.42904 3.5
      vertex -8.83976 2.44475 3.5
    endloop
  endfacet
  facet normal -0.779254 -0.18171 0.599787
    outer loop
      vertex -6.89131 0.419444 3.1
      vertex -6.59708 0.477971 3.5
      vertex -6.92326 0.55646 3.1
    endloop
  endfacet
  facet normal 0.0262019 -0.799732 0.599785
    outer loop
      vertex -9.14062 2.1454 3.1
      vertex -9 2.45 3.5
      vertex -9.16024 2.44475 3.5
    endloop
  endfacet
  facet normal 0.748795 -0.281956 0.59984
    outer loop
      vertex -10.9863 0.822769 3.1
      vertex -11.2635 0.937574 3.5
      vertex -11.32 0.787526 3.5
    endloop
  endfacet
  facet normal 0.37719 0.705671 0.599797
    outer loop
      vertex -10.0836 -2.19734 3.5
      vertex -10.075 -1.86195 3.1
      vertex -10.225 -2.12176 3.5
    endloop
  endfacet
  facet normal -0.466077 0.650401 0.599792
    outer loop
      vertex -7.63885 -2.0371 3.5
      vertex -7.50854 -1.94372 3.5
      vertex -7.69116 -1.70571 3.1
    endloop
  endfacet
  facet normal -0.130363 -0.789466 0.59979
    outer loop
      vertex -8.52203 2.40292 3.5
      vertex -8.68021 2.42904 3.5
      vertex -8.71937 2.13161 3.1
    endloop
  endfacet
  facet normal 0.618571 -0.507574 0.599782
    outer loop
      vertex -10.7057 1.30884 3.1
      vertex -10.842 1.6154 3.5
      vertex -10.9437 1.49146 3.5
    endloop
  endfacet
  facet normal 0.547029 0.583963 0.599788
    outer loop
      vertex -10.6154 -1.84201 3.5
      vertex -10.4176 -1.61646 3.1
      vertex -10.7324 -1.73241 3.5
    endloop
  endfacet
  facet normal -0.181705 -0.779255 0.599788
    outer loop
      vertex -8.44354 2.07674 3.1
      vertex -8.52203 2.40292 3.5
      vertex -8.58056 2.10869 3.1
    endloop
  endfacet
  facet normal -0.78947 0.130353 0.599787
    outer loop
      vertex -6.59708 -0.477971 3.5
      vertex -6.86839 -0.280631 3.1
      vertex -6.89131 -0.419444 3.1
    endloop
  endfacet
  facet normal -0.779254 0.18171 0.599787
    outer loop
      vertex -6.59708 -0.477971 3.5
      vertex -6.89131 -0.419444 3.1
      vertex -6.92326 -0.55646 3.1
    endloop
  endfacet
  facet normal 0.765748 -0.232055 0.599817
    outer loop
      vertex -11.0767 0.55646 3.1
      vertex -11.0359 0.691094 3.1
      vertex -11.32 0.787526 3.5
    endloop
  endfacet
  facet normal -0.67951 -0.422504 0.599797
    outer loop
      vertex -7.13805 1.075 3.1
      vertex -6.87824 1.225 3.5
      vertex -7.21234 1.19448 3.1
    endloop
  endfacet
  facet normal -0.181664 -0.779257 0.599798
    outer loop
      vertex -8.44354 2.07674 3.1
      vertex -8.36589 2.36652 3.5
      vertex -8.52203 2.40292 3.5
    endloop
  endfacet
  facet normal -0.466076 -0.650402 0.599793
    outer loop
      vertex -7.69116 1.70571 3.1
      vertex -7.63885 2.0371 3.5
      vertex -7.80552 1.78766 3.1
    endloop
  endfacet
  facet normal -0.130355 -0.789469 0.599788
    outer loop
      vertex -8.58056 2.10869 3.1
      vertex -8.52203 2.40292 3.5
      vertex -8.71937 2.13161 3.1
    endloop
  endfacet
  facet normal 0.765748 0.232055 0.599817
    outer loop
      vertex -11.0359 -0.691094 3.1
      vertex -11.0767 -0.55646 3.1
      vertex -11.32 -0.787526 3.5
    endloop
  endfacet
  facet normal -0.507599 -0.618541 0.599792
    outer loop
      vertex -7.3846 1.84201 3.5
      vertex -7.50854 1.94372 3.5
      vertex -7.69116 1.70571 3.1
    endloop
  endfacet
  facet normal 0.232274 -0.765696 0.599799
    outer loop
      vertex -9.69109 2.0359 3.1
      vertex -9.55646 2.07674 3.1
      vertex -9.78753 2.31998 3.5
    endloop
  endfacet
  facet normal -0.546999 0.583982 0.599798
    outer loop
      vertex -7.3846 -1.84201 3.5
      vertex -7.26759 -1.73241 3.5
      vertex -7.58241 -1.61646 3.1
    endloop
  endfacet
  facet normal -0.78947 -0.130353 0.599787
    outer loop
      vertex -6.86839 0.280631 3.1
      vertex -6.59708 0.477971 3.5
      vertex -6.89131 0.419444 3.1
    endloop
  endfacet
  facet normal -0.799732 -0.0262024 0.599785
    outer loop
      vertex -6.55 0 3.5
      vertex -6.55525 0.160237 3.5
      vertex -6.8546 0.140616 3.1
    endloop
  endfacet
  facet normal 0.799695 0.0259517 0.599845
    outer loop
      vertex -11.4448 -0.160237 3.5
      vertex -11.1454 -0.140616 3.1
      vertex -11.45 0 3.5
    endloop
  endfacet
  facet normal -0.799732 0.0262024 0.599785
    outer loop
      vertex -6.55525 -0.160237 3.5
      vertex -6.55 0 3.5
      vertex -6.8546 -0.140616 3.1
    endloop
  endfacet
  facet normal -0.37721 -0.70566 0.599797
    outer loop
      vertex -7.775 2.12176 3.5
      vertex -7.91639 2.19734 3.5
      vertex -7.925 1.86195 3.1
    endloop
  endfacet
  facet normal -0.728849 0.330197 0.59979
    outer loop
      vertex -6.80266 -1.08361 3.5
      vertex -6.7365 -0.937574 3.5
      vertex -7.01366 -0.822769 3.1
    endloop
  endfacet
  facet normal 0.466261 0.65032 0.599737
    outer loop
      vertex -10.1945 -1.78766 3.1
      vertex -10.3088 -1.70571 3.1
      vertex -10.3611 -2.0371 3.5
    endloop
  endfacet
  facet normal 0.181664 -0.779257 0.599798
    outer loop
      vertex -9.55646 2.07674 3.1
      vertex -9.47797 2.40292 3.5
      vertex -9.63411 2.36652 3.5
    endloop
  endfacet
  facet normal -0.546982 -0.584005 0.599791
    outer loop
      vertex -7.47972 1.52028 3.1
      vertex -7.26759 1.73241 3.5
      vertex -7.58241 1.61646 3.1
    endloop
  endfacet
  facet normal 0.728744 -0.330349 0.599834
    outer loop
      vertex -10.9863 0.822769 3.1
      vertex -11.1973 1.08361 3.5
      vertex -11.2635 0.937574 3.5
    endloop
  endfacet
  facet normal 0.377227 0.705659 0.599788
    outer loop
      vertex -9.95092 -1.92828 3.1
      vertex -10.075 -1.86195 3.1
      vertex -10.0836 -2.19734 3.5
    endloop
  endfacet
  facet normal -0.799726 0.0261616 0.599795
    outer loop
      vertex -6.55 0 3.5
      vertex -6.85 0 3.1
      vertex -6.8546 -0.140616 3.1
    endloop
  endfacet
  facet normal 0.679492 -0.42255 0.599786
    outer loop
      vertex -10.862 1.075 3.1
      vertex -10.7877 1.19448 3.1
      vertex -11.1218 1.225 3.5
    endloop
  endfacet
  facet normal 0.650359 -0.466147 0.599783
    outer loop
      vertex -10.7057 1.30884 3.1
      vertex -10.9437 1.49146 3.5
      vertex -11.0371 1.36115 3.5
    endloop
  endfacet
  facet normal -0.779256 -0.181668 0.599797
    outer loop
      vertex -6.59708 0.477971 3.5
      vertex -6.63348 0.634107 3.5
      vertex -6.92326 0.55646 3.1
    endloop
  endfacet
  facet normal -0.466077 -0.650401 0.599792
    outer loop
      vertex -7.50854 1.94372 3.5
      vertex -7.63885 2.0371 3.5
      vertex -7.69116 1.70571 3.1
    endloop
  endfacet
  facet normal -0.422504 -0.67951 0.599797
    outer loop
      vertex -7.80552 1.78766 3.1
      vertex -7.775 2.12176 3.5
      vertex -7.925 1.86195 3.1
    endloop
  endfacet
  facet normal 0.232274 0.765696 0.599799
    outer loop
      vertex -9.63411 -2.36652 3.5
      vertex -9.55646 -2.07674 3.1
      vertex -9.78753 -2.31998 3.5
    endloop
  endfacet
  facet normal 0.789518 0.130247 0.599748
    outer loop
      vertex -11.1087 -0.419444 3.1
      vertex -11.1316 -0.280631 3.1
      vertex -11.4029 -0.477971 3.5
    endloop
  endfacet
  facet normal -0.584005 0.546982 0.599791
    outer loop
      vertex -7.26759 -1.73241 3.5
      vertex -7.38354 -1.41759 3.1
      vertex -7.47972 -1.52028 3.1
    endloop
  endfacet
  facet normal 0.705769 0.377115 0.599728
    outer loop
      vertex -10.862 -1.075 3.1
      vertex -10.9283 -0.95092 3.1
      vertex -11.1973 -1.08361 3.5
    endloop
  endfacet
  facet normal -0.281849 -0.748867 0.599799
    outer loop
      vertex -8.17723 1.98634 3.1
      vertex -8.21247 2.31998 3.5
      vertex -8.30891 2.0359 3.1
    endloop
  endfacet
  facet normal 0.779238 -0.181664 0.599822
    outer loop
      vertex -11.0767 0.55646 3.1
      vertex -11.3665 0.634107 3.5
      vertex -11.4029 0.477971 3.5
    endloop
  endfacet
  facet normal 0.765732 -0.232087 0.599825
    outer loop
      vertex -11.0767 0.55646 3.1
      vertex -11.32 0.787526 3.5
      vertex -11.3665 0.634107 3.5
    endloop
  endfacet
  facet normal -0.422504 0.67951 0.599797
    outer loop
      vertex -7.775 -2.12176 3.5
      vertex -7.80552 -1.78766 3.1
      vertex -7.925 -1.86195 3.1
    endloop
  endfacet
  facet normal -0.583982 -0.546999 0.599798
    outer loop
      vertex -7.15799 1.6154 3.5
      vertex -7.26759 1.73241 3.5
      vertex -7.38354 1.41759 3.1
    endloop
  endfacet
  facet normal 0.37719 -0.705671 0.599797
    outer loop
      vertex -10.075 1.86195 3.1
      vertex -10.0836 2.19734 3.5
      vertex -10.225 2.12176 3.5
    endloop
  endfacet
  facet normal -0.181664 0.779257 0.599798
    outer loop
      vertex -8.36589 -2.36652 3.5
      vertex -8.44354 -2.07674 3.1
      vertex -8.52203 -2.40292 3.5
    endloop
  endfacet
  facet normal 0.46584 -0.65052 0.599848
    outer loop
      vertex -10.3088 1.70571 3.1
      vertex -10.3611 2.0371 3.5
      vertex -10.4915 1.94372 3.5
    endloop
  endfacet
  facet normal 0.422654 0.679461 0.599747
    outer loop
      vertex -10.225 -2.12176 3.5
      vertex -10.1945 -1.78766 3.1
      vertex -10.3611 -2.0371 3.5
    endloop
  endfacet
  facet normal -0.779256 0.181668 0.599797
    outer loop
      vertex -6.63348 -0.634107 3.5
      vertex -6.59708 -0.477971 3.5
      vertex -6.92326 -0.55646 3.1
    endloop
  endfacet
  facet normal 0.422453 -0.679541 0.599798
    outer loop
      vertex -10.1945 1.78766 3.1
      vertex -10.075 1.86195 3.1
      vertex -10.225 2.12176 3.5
    endloop
  endfacet
  facet normal 0.0784308 0.796309 0.599784
    outer loop
      vertex -9.16024 -2.44475 3.5
      vertex -9.14062 -2.1454 3.1
      vertex -9.28063 -2.13161 3.1
    endloop
  endfacet
  facet normal -0.796309 0.078428 0.599785
    outer loop
      vertex -6.55525 -0.160237 3.5
      vertex -6.8546 -0.140616 3.1
      vertex -6.86839 -0.280631 3.1
    endloop
  endfacet
  facet normal -0.0261609 0.799726 0.599795
    outer loop
      vertex -8.85938 -2.1454 3.1
      vertex -9 -2.15 3.1
      vertex -9 -2.45 3.5
    endloop
  endfacet
  facet normal 0.232274 -0.765696 0.599799
    outer loop
      vertex -9.55646 2.07674 3.1
      vertex -9.63411 2.36652 3.5
      vertex -9.78753 2.31998 3.5
    endloop
  endfacet
  facet normal 0.618693 0.50747 0.599745
    outer loop
      vertex -10.6165 -1.41759 3.1
      vertex -10.7057 -1.30884 3.1
      vertex -10.842 -1.6154 3.5
    endloop
  endfacet
  facet normal -0.33019 0.728854 0.599788
    outer loop
      vertex -8.06243 -2.2635 3.5
      vertex -7.91639 -2.19734 3.5
      vertex -8.17723 -1.98634 3.1
    endloop
  endfacet
  facet normal -0.33019 -0.728854 0.599788
    outer loop
      vertex -7.91639 2.19734 3.5
      vertex -8.06243 2.2635 3.5
      vertex -8.17723 1.98634 3.1
    endloop
  endfacet
  facet normal -0.789467 -0.130362 0.59979
    outer loop
      vertex -6.57096 0.319789 3.5
      vertex -6.59708 0.477971 3.5
      vertex -6.86839 0.280631 3.1
    endloop
  endfacet
  facet normal 0.779238 0.181664 0.599822
    outer loop
      vertex -11.3665 -0.634107 3.5
      vertex -11.0767 -0.55646 3.1
      vertex -11.4029 -0.477971 3.5
    endloop
  endfacet
  facet normal -0.728842 0.330208 0.599794
    outer loop
      vertex -6.80266 -1.08361 3.5
      vertex -7.01366 -0.822769 3.1
      vertex -7.07172 -0.95092 3.1
    endloop
  endfacet
  facet normal 0.507667 -0.618424 0.599855
    outer loop
      vertex -10.3088 1.70571 3.1
      vertex -10.4915 1.94372 3.5
      vertex -10.6154 1.84201 3.5
    endloop
  endfacet
  facet normal 0.0784079 0.796307 0.59979
    outer loop
      vertex -9.16024 -2.44475 3.5
      vertex -9.28063 -2.13161 3.1
      vertex -9.31979 -2.42904 3.5
    endloop
  endfacet
  facet normal 0.78951 0.130269 0.599753
    outer loop
      vertex -11.4029 -0.477971 3.5
      vertex -11.1316 -0.280631 3.1
      vertex -11.429 -0.319789 3.5
    endloop
  endfacet
  facet normal 0.583963 0.547056 0.599764
    outer loop
      vertex -10.5203 -1.52028 3.1
      vertex -10.6165 -1.41759 3.1
      vertex -10.7324 -1.73241 3.5
    endloop
  endfacet
  facet normal 0.779222 -0.181987 0.599745
    outer loop
      vertex -11.1087 0.419444 3.1
      vertex -11.0767 0.55646 3.1
      vertex -11.4029 0.477971 3.5
    endloop
  endfacet
  facet normal 0.330209 0.728846 0.599788
    outer loop
      vertex -9.93757 -2.2635 3.5
      vertex -9.82277 -1.98634 3.1
      vertex -10.0836 -2.19734 3.5
    endloop
  endfacet
  facet normal -0.0261609 -0.799726 0.599795
    outer loop
      vertex -8.85938 2.1454 3.1
      vertex -9 2.45 3.5
      vertex -9 2.15 3.1
    endloop
  endfacet
  facet normal -0.281849 0.748867 0.599799
    outer loop
      vertex -8.21247 -2.31998 3.5
      vertex -8.17723 -1.98634 3.1
      vertex -8.30891 -2.0359 3.1
    endloop
  endfacet
  facet normal 0.796286 -0.0788541 0.599758
    outer loop
      vertex -11.1316 0.280631 3.1
      vertex -11.429 0.319789 3.5
      vertex -11.4448 0.160237 3.5
    endloop
  endfacet
  facet normal 0.281895 -0.748859 0.599788
    outer loop
      vertex -9.82277 1.98634 3.1
      vertex -9.78753 2.31998 3.5
      vertex -9.93757 2.2635 3.5
    endloop
  endfacet
  facet normal -0.650401 -0.466077 0.599792
    outer loop
      vertex -6.9629 1.36115 3.5
      vertex -7.05628 1.49146 3.5
      vertex -7.29429 1.30884 3.1
    endloop
  endfacet
  facet normal -0.748862 -0.281881 0.59979
    outer loop
      vertex -6.68002 0.787526 3.5
      vertex -6.7365 0.937574 3.5
      vertex -7.01366 0.822769 3.1
    endloop
  endfacet
  facet normal -0.181705 0.779255 0.599788
    outer loop
      vertex -8.52203 -2.40292 3.5
      vertex -8.44354 -2.07674 3.1
      vertex -8.58056 -2.10869 3.1
    endloop
  endfacet
  facet normal 0.546967 0.584046 0.599764
    outer loop
      vertex -10.4176 -1.61646 3.1
      vertex -10.5203 -1.52028 3.1
      vertex -10.7324 -1.73241 3.5
    endloop
  endfacet
  facet normal -0.130355 0.789469 0.599788
    outer loop
      vertex -8.52203 -2.40292 3.5
      vertex -8.58056 -2.10869 3.1
      vertex -8.71937 -2.13161 3.1
    endloop
  endfacet
  facet normal -0.650401 0.466077 0.599792
    outer loop
      vertex -7.05628 -1.49146 3.5
      vertex -6.9629 -1.36115 3.5
      vertex -7.29429 -1.30884 3.1
    endloop
  endfacet
  facet normal 0.330209 -0.728846 0.599788
    outer loop
      vertex -9.82277 1.98634 3.1
      vertex -9.93757 2.2635 3.5
      vertex -10.0836 2.19734 3.5
    endloop
  endfacet
  facet normal 0.130355 0.789469 0.599788
    outer loop
      vertex -9.28063 -2.13161 3.1
      vertex -9.41944 -2.10869 3.1
      vertex -9.47797 -2.40292 3.5
    endloop
  endfacet
  facet normal 0.748777 -0.282053 0.599816
    outer loop
      vertex -11.0359 0.691094 3.1
      vertex -10.9863 0.822769 3.1
      vertex -11.32 0.787526 3.5
    endloop
  endfacet
  facet normal 0.78951 -0.130269 0.599753
    outer loop
      vertex -11.1316 0.280631 3.1
      vertex -11.4029 0.477971 3.5
      vertex -11.429 0.319789 3.5
    endloop
  endfacet
  facet normal 0.547029 -0.583963 0.599788
    outer loop
      vertex -10.4176 1.61646 3.1
      vertex -10.6154 1.84201 3.5
      vertex -10.7324 1.73241 3.5
    endloop
  endfacet
  facet normal 0.618693 -0.50747 0.599745
    outer loop
      vertex -10.7057 1.30884 3.1
      vertex -10.6165 1.41759 3.1
      vertex -10.842 1.6154 3.5
    endloop
  endfacet
  facet normal 0.281849 0.748867 0.599799
    outer loop
      vertex -9.78753 -2.31998 3.5
      vertex -9.69109 -2.0359 3.1
      vertex -9.82277 -1.98634 3.1
    endloop
  endfacet
  facet normal 0.281895 0.748859 0.599788
    outer loop
      vertex -9.78753 -2.31998 3.5
      vertex -9.82277 -1.98634 3.1
      vertex -9.93757 -2.2635 3.5
    endloop
  endfacet
  facet normal -0.507599 0.618541 0.599792
    outer loop
      vertex -7.50854 -1.94372 3.5
      vertex -7.3846 -1.84201 3.5
      vertex -7.69116 -1.70571 3.1
    endloop
  endfacet
  facet normal -0.422524 0.679502 0.599792
    outer loop
      vertex -7.775 -2.12176 3.5
      vertex -7.63885 -2.0371 3.5
      vertex -7.80552 -1.78766 3.1
    endloop
  endfacet
  facet normal -0.37721 0.70566 0.599797
    outer loop
      vertex -7.91639 -2.19734 3.5
      vertex -7.775 -2.12176 3.5
      vertex -7.925 -1.86195 3.1
    endloop
  endfacet
  facet normal 0.779222 0.181987 0.599745
    outer loop
      vertex -11.0767 -0.55646 3.1
      vertex -11.1087 -0.419444 3.1
      vertex -11.4029 -0.477971 3.5
    endloop
  endfacet
  facet normal 0.799726 -0.0261616 0.599795
    outer loop
      vertex -11.15 0 3.1
      vertex -11.1454 0.140616 3.1
      vertex -11.45 0 3.5
    endloop
  endfacet
  facet normal 0.679438 0.422684 0.599752
    outer loop
      vertex -11.0371 -1.36115 3.5
      vertex -10.7877 -1.19448 3.1
      vertex -11.1218 -1.225 3.5
    endloop
  endfacet
  facet normal 0.330212 0.728844 0.599788
    outer loop
      vertex -9.82277 -1.98634 3.1
      vertex -9.95092 -1.92828 3.1
      vertex -10.0836 -2.19734 3.5
    endloop
  endfacet
  facet normal 0.705769 -0.377115 0.599728
    outer loop
      vertex -10.9283 0.95092 3.1
      vertex -10.862 1.075 3.1
      vertex -11.1973 1.08361 3.5
    endloop
  endfacet
  facet normal -0.281895 0.748859 0.599788
    outer loop
      vertex -8.06243 -2.2635 3.5
      vertex -8.17723 -1.98634 3.1
      vertex -8.21247 -2.31998 3.5
    endloop
  endfacet
  facet normal -0.765696 0.232276 0.599798
    outer loop
      vertex -6.68002 -0.787526 3.5
      vertex -6.63348 -0.634107 3.5
      vertex -6.92326 -0.55646 3.1
    endloop
  endfacet
  facet normal -0.796307 -0.0784069 0.59979
    outer loop
      vertex -6.55525 0.160237 3.5
      vertex -6.57096 0.319789 3.5
      vertex -6.86839 0.280631 3.1
    endloop
  endfacet
  facet normal -0.796309 -0.078428 0.599785
    outer loop
      vertex -6.8546 0.140616 3.1
      vertex -6.55525 0.160237 3.5
      vertex -6.86839 0.280631 3.1
    endloop
  endfacet
  facet normal -0.0262019 -0.799732 0.599785
    outer loop
      vertex -8.85938 2.1454 3.1
      vertex -8.83976 2.44475 3.5
      vertex -9 2.45 3.5
    endloop
  endfacet
  facet normal 0.799726 0.0261616 0.599795
    outer loop
      vertex -11.1454 -0.140616 3.1
      vertex -11.15 0 3.1
      vertex -11.45 0 3.5
    endloop
  endfacet
  facet normal -0.796307 0.0784069 0.59979
    outer loop
      vertex -6.57096 -0.319789 3.5
      vertex -6.55525 -0.160237 3.5
      vertex -6.86839 -0.280631 3.1
    endloop
  endfacet
  facet normal -0.584005 -0.546982 0.599791
    outer loop
      vertex -7.38354 1.41759 3.1
      vertex -7.26759 1.73241 3.5
      vertex -7.47972 1.52028 3.1
    endloop
  endfacet
  facet normal -0.618541 -0.507599 0.599792
    outer loop
      vertex -7.05628 1.49146 3.5
      vertex -7.15799 1.6154 3.5
      vertex -7.29429 1.30884 3.1
    endloop
  endfacet
  facet normal -0.232274 -0.765696 0.599799
    outer loop
      vertex -8.21247 2.31998 3.5
      vertex -8.36589 2.36652 3.5
      vertex -8.44354 2.07674 3.1
    endloop
  endfacet
  facet normal 0.650295 -0.466283 0.599747
    outer loop
      vertex -10.7877 1.19448 3.1
      vertex -10.7057 1.30884 3.1
      vertex -11.0371 1.36115 3.5
    endloop
  endfacet
  facet normal 0.466261 -0.65032 0.599737
    outer loop
      vertex -10.3088 1.70571 3.1
      vertex -10.1945 1.78766 3.1
      vertex -10.3611 2.0371 3.5
    endloop
  endfacet
  facet normal 0.546967 -0.584046 0.599764
    outer loop
      vertex -10.5203 1.52028 3.1
      vertex -10.4176 1.61646 3.1
      vertex -10.7324 1.73241 3.5
    endloop
  endfacet
  facet normal 0.507667 0.618424 0.599855
    outer loop
      vertex -10.4915 -1.94372 3.5
      vertex -10.3088 -1.70571 3.1
      vertex -10.6154 -1.84201 3.5
    endloop
  endfacet
  facet normal -0.618541 0.507599 0.599792
    outer loop
      vertex -7.15799 -1.6154 3.5
      vertex -7.05628 -1.49146 3.5
      vertex -7.29429 -1.30884 3.1
    endloop
  endfacet
  facet normal -0.650402 0.466076 0.599793
    outer loop
      vertex -6.9629 -1.36115 3.5
      vertex -7.21234 -1.19448 3.1
      vertex -7.29429 -1.30884 3.1
    endloop
  endfacet
  facet normal 0.796256 0.0784797 0.599847
    outer loop
      vertex -11.1316 -0.280631 3.1
      vertex -11.1454 -0.140616 3.1
      vertex -11.4448 -0.160237 3.5
    endloop
  endfacet
  facet normal -0.546999 -0.583982 0.599798
    outer loop
      vertex -7.26759 1.73241 3.5
      vertex -7.3846 1.84201 3.5
      vertex -7.58241 1.61646 3.1
    endloop
  endfacet
  facet normal 0.130363 -0.789466 0.59979
    outer loop
      vertex -9.28063 2.13161 3.1
      vertex -9.31979 2.42904 3.5
      vertex -9.47797 2.40292 3.5
    endloop
  endfacet
  facet normal 0.729021 -0.329948 0.599719
    outer loop
      vertex -10.9863 0.822769 3.1
      vertex -10.9283 0.95092 3.1
      vertex -11.1973 1.08361 3.5
    endloop
  endfacet
  facet normal 0.0784308 -0.796309 0.599784
    outer loop
      vertex -9.14062 2.1454 3.1
      vertex -9.16024 2.44475 3.5
      vertex -9.28063 2.13161 3.1
    endloop
  endfacet
  facet normal 0.181664 0.779257 0.599798
    outer loop
      vertex -9.47797 -2.40292 3.5
      vertex -9.55646 -2.07674 3.1
      vertex -9.63411 -2.36652 3.5
    endloop
  endfacet
  facet normal -0.0784308 -0.796309 0.599784
    outer loop
      vertex -8.71937 2.13161 3.1
      vertex -8.83976 2.44475 3.5
      vertex -8.85938 2.1454 3.1
    endloop
  endfacet
  facet normal 0.799695 -0.0259517 0.599845
    outer loop
      vertex -11.1454 0.140616 3.1
      vertex -11.4448 0.160237 3.5
      vertex -11.45 0 3.5
    endloop
  endfacet
  facet normal 0.796256 -0.0784797 0.599847
    outer loop
      vertex -11.1454 0.140616 3.1
      vertex -11.1316 0.280631 3.1
      vertex -11.4448 0.160237 3.5
    endloop
  endfacet
  facet normal 0.422654 -0.679461 0.599747
    outer loop
      vertex -10.1945 1.78766 3.1
      vertex -10.225 2.12176 3.5
      vertex -10.3611 2.0371 3.5
    endloop
  endfacet
  facet normal 0.729021 0.329948 0.599719
    outer loop
      vertex -10.9283 -0.95092 3.1
      vertex -10.9863 -0.822769 3.1
      vertex -11.1973 -1.08361 3.5
    endloop
  endfacet
  facet normal -0.728849 -0.330197 0.59979
    outer loop
      vertex -6.7365 0.937574 3.5
      vertex -6.80266 1.08361 3.5
      vertex -7.01366 0.822769 3.1
    endloop
  endfacet
  facet normal -0.748866 -0.281859 0.599795
    outer loop
      vertex -6.9641 0.691094 3.1
      vertex -6.68002 0.787526 3.5
      vertex -7.01366 0.822769 3.1
    endloop
  endfacet
  facet normal 0.705837 -0.376906 0.599781
    outer loop
      vertex -10.862 1.075 3.1
      vertex -11.1218 1.225 3.5
      vertex -11.1973 1.08361 3.5
    endloop
  endfacet
  facet normal 0.130363 0.789466 0.59979
    outer loop
      vertex -9.31979 -2.42904 3.5
      vertex -9.28063 -2.13161 3.1
      vertex -9.47797 -2.40292 3.5
    endloop
  endfacet
  facet normal -0.330211 -0.728841 0.599794
    outer loop
      vertex -8.04908 1.92828 3.1
      vertex -7.91639 2.19734 3.5
      vertex -8.17723 1.98634 3.1
    endloop
  endfacet
  facet normal -0.618522 0.507615 0.599798
    outer loop
      vertex -7.15799 -1.6154 3.5
      vertex -7.29429 -1.30884 3.1
      vertex -7.38354 -1.41759 3.1
    endloop
  endfacet
  facet normal -0.7657 -0.232268 0.599796
    outer loop
      vertex -6.92326 0.55646 3.1
      vertex -6.68002 0.787526 3.5
      vertex -6.9641 0.691094 3.1
    endloop
  endfacet
  facet normal -0.765696 -0.232276 0.599798
    outer loop
      vertex -6.63348 0.634107 3.5
      vertex -6.68002 0.787526 3.5
      vertex -6.92326 0.55646 3.1
    endloop
  endfacet
  facet normal -0.679502 -0.422524 0.599792
    outer loop
      vertex -6.87824 1.225 3.5
      vertex -6.9629 1.36115 3.5
      vertex -7.21234 1.19448 3.1
    endloop
  endfacet
  facet normal -0.546982 0.584005 0.599791
    outer loop
      vertex -7.26759 -1.73241 3.5
      vertex -7.47972 -1.52028 3.1
      vertex -7.58241 -1.61646 3.1
    endloop
  endfacet
  facet normal -0.507615 0.618522 0.599798
    outer loop
      vertex -7.3846 -1.84201 3.5
      vertex -7.58241 -1.61646 3.1
      vertex -7.69116 -1.70571 3.1
    endloop
  endfacet
  facet normal 0.0261609 0.799726 0.599795
    outer loop
      vertex -9 -2.45 3.5
      vertex -9 -2.15 3.1
      vertex -9.14062 -2.1454 3.1
    endloop
  endfacet
  facet normal 0.650359 0.466147 0.599783
    outer loop
      vertex -10.9437 -1.49146 3.5
      vertex -10.7057 -1.30884 3.1
      vertex -11.0371 -1.36115 3.5
    endloop
  endfacet
  facet normal -0.679502 0.422524 0.599792
    outer loop
      vertex -6.9629 -1.36115 3.5
      vertex -6.87824 -1.225 3.5
      vertex -7.21234 -1.19448 3.1
    endloop
  endfacet
  facet normal -0.67951 0.422504 0.599797
    outer loop
      vertex -6.87824 -1.225 3.5
      vertex -7.13805 -1.075 3.1
      vertex -7.21234 -1.19448 3.1
    endloop
  endfacet
  facet normal -0.232274 0.765696 0.599799
    outer loop
      vertex -8.21247 -2.31998 3.5
      vertex -8.30891 -2.0359 3.1
      vertex -8.44354 -2.07674 3.1
    endloop
  endfacet
  facet normal -0.705655 -0.377225 0.599794
    outer loop
      vertex -7.07172 0.95092 3.1
      vertex -6.80266 1.08361 3.5
      vertex -7.13805 1.075 3.1
    endloop
  endfacet
  facet normal 0.584007 0.547023 0.599751
    outer loop
      vertex -10.7324 -1.73241 3.5
      vertex -10.6165 -1.41759 3.1
      vertex -10.842 -1.6154 3.5
    endloop
  endfacet
  facet normal 0.583963 -0.547056 0.599764
    outer loop
      vertex -10.6165 1.41759 3.1
      vertex -10.5203 1.52028 3.1
      vertex -10.7324 1.73241 3.5
    endloop
  endfacet
  facet normal -0.583982 0.546999 0.599798
    outer loop
      vertex -7.26759 -1.73241 3.5
      vertex -7.15799 -1.6154 3.5
      vertex -7.38354 -1.41759 3.1
    endloop
  endfacet
  facet normal 0.507481 -0.618643 0.599787
    outer loop
      vertex -10.4176 1.61646 3.1
      vertex -10.3088 1.70571 3.1
      vertex -10.6154 1.84201 3.5
    endloop
  endfacet
  facet normal 0.130355 -0.789469 0.599788
    outer loop
      vertex -9.41944 2.10869 3.1
      vertex -9.28063 2.13161 3.1
      vertex -9.47797 2.40292 3.5
    endloop
  endfacet
  facet normal 0.728744 0.330349 0.599834
    outer loop
      vertex -11.1973 -1.08361 3.5
      vertex -10.9863 -0.822769 3.1
      vertex -11.2635 -0.937574 3.5
    endloop
  endfacet
  facet normal 0.748795 0.281956 0.59984
    outer loop
      vertex -11.2635 -0.937574 3.5
      vertex -10.9863 -0.822769 3.1
      vertex -11.32 -0.787526 3.5
    endloop
  endfacet
  facet normal -0.377225 0.705655 0.599794
    outer loop
      vertex -7.91639 -2.19734 3.5
      vertex -7.925 -1.86195 3.1
      vertex -8.04908 -1.92828 3.1
    endloop
  endfacet
  facet normal 0.181705 -0.779255 0.599788
    outer loop
      vertex -9.41944 2.10869 3.1
      vertex -9.47797 2.40292 3.5
      vertex -9.55646 2.07674 3.1
    endloop
  endfacet
  facet normal 0.765732 0.232087 0.599825
    outer loop
      vertex -11.32 -0.787526 3.5
      vertex -11.0767 -0.55646 3.1
      vertex -11.3665 -0.634107 3.5
    endloop
  endfacet
  facet normal 0.705837 0.376906 0.599781
    outer loop
      vertex -11.1218 -1.225 3.5
      vertex -10.862 -1.075 3.1
      vertex -11.1973 -1.08361 3.5
    endloop
  endfacet
  facet normal 0.618571 0.507574 0.599782
    outer loop
      vertex -10.842 -1.6154 3.5
      vertex -10.7057 -1.30884 3.1
      vertex -10.9437 -1.49146 3.5
    endloop
  endfacet
  facet normal 0.232274 0.765696 0.599799
    outer loop
      vertex -9.55646 -2.07674 3.1
      vertex -9.69109 -2.0359 3.1
      vertex -9.78753 -2.31998 3.5
    endloop
  endfacet
  facet normal -0.618522 -0.507615 0.599798
    outer loop
      vertex -7.29429 1.30884 3.1
      vertex -7.15799 1.6154 3.5
      vertex -7.38354 1.41759 3.1
    endloop
  endfacet
  facet normal -0.507615 -0.618522 0.599798
    outer loop
      vertex -7.58241 1.61646 3.1
      vertex -7.3846 1.84201 3.5
      vertex -7.69116 1.70571 3.1
    endloop
  endfacet
  facet normal 0.650295 0.466283 0.599747
    outer loop
      vertex -10.7057 -1.30884 3.1
      vertex -10.7877 -1.19448 3.1
      vertex -11.0371 -1.36115 3.5
    endloop
  endfacet
  facet normal 0.507481 0.618643 0.599787
    outer loop
      vertex -10.3088 -1.70571 3.1
      vertex -10.4176 -1.61646 3.1
      vertex -10.6154 -1.84201 3.5
    endloop
  endfacet
  facet normal -0.422524 -0.679502 0.599792
    outer loop
      vertex -7.63885 2.0371 3.5
      vertex -7.775 2.12176 3.5
      vertex -7.80552 1.78766 3.1
    endloop
  endfacet
  facet normal 0.679492 0.42255 0.599786
    outer loop
      vertex -10.7877 -1.19448 3.1
      vertex -10.862 -1.075 3.1
      vertex -11.1218 -1.225 3.5
    endloop
  endfacet
  facet normal -0.70566 -0.37721 0.599797
    outer loop
      vertex -6.80266 1.08361 3.5
      vertex -6.87824 1.225 3.5
      vertex -7.13805 1.075 3.1
    endloop
  endfacet
  facet normal 0.377227 -0.705659 0.599788
    outer loop
      vertex -10.075 1.86195 3.1
      vertex -9.95092 1.92828 3.1
      vertex -10.0836 2.19734 3.5
    endloop
  endfacet
  facet normal -0.728842 -0.330208 0.599794
    outer loop
      vertex -7.01366 0.822769 3.1
      vertex -6.80266 1.08361 3.5
      vertex -7.07172 0.95092 3.1
    endloop
  endfacet
  facet normal 0.181705 0.779255 0.599788
    outer loop
      vertex -9.47797 -2.40292 3.5
      vertex -9.41944 -2.10869 3.1
      vertex -9.55646 -2.07674 3.1
    endloop
  endfacet
  facet normal 0.748777 0.282053 0.599816
    outer loop
      vertex -10.9863 -0.822769 3.1
      vertex -11.0359 -0.691094 3.1
      vertex -11.32 -0.787526 3.5
    endloop
  endfacet
  facet normal 0.796286 0.0788541 0.599758
    outer loop
      vertex -11.429 -0.319789 3.5
      vertex -11.1316 -0.280631 3.1
      vertex -11.4448 -0.160237 3.5
    endloop
  endfacet
  facet normal 1 -0 0
    outer loop
      vertex 15.4 -0.4 3.2
      vertex 15.4 0.4 0.299999
      vertex 15.4 0.4 3.2
    endloop
  endfacet
  facet normal 1 0 0
    outer loop
      vertex 15.4 0.4 0.299999
      vertex 15.4 -0.4 3.2
      vertex 15.4 -0.4 0.299999
    endloop
  endfacet
  facet normal 0 0 1
    outer loop
      vertex 15.4 0.4 3.2
      vertex 15 0 3.2
      vertex 15.4 -0.4 3.2
    endloop
  endfacet
  facet normal 0 0 1
    outer loop
      vertex 15.4 0.4 3.2
      vertex 14.9872 0.392418 3.2
      vertex 15 0 3.2
    endloop
  endfacet
  facet normal 0 -0 1
    outer loop
      vertex 14.9872 0.392418 3.2
      vertex 15.4 0.4 3.2
      vertex 14.9864 0.4 3.2
    endloop
  endfacet
  facet normal -0 0 1
    outer loop
      vertex 14.9872 -0.392418 3.2
      vertex 15.4 -0.4 3.2
      vertex 15 0 3.2
    endloop
  endfacet
  facet normal 0 0 1
    outer loop
      vertex 15.4 -0.4 3.2
      vertex 14.9872 -0.392418 3.2
      vertex 14.9864 -0.4 3.2
    endloop
  endfacet
  facet normal 0 0 -1
    outer loop
      vertex 15.4 -0.4 0.299999
      vertex 15 0 0.299999
      vertex 15.4 0.4 0.299999
    endloop
  endfacet
  facet normal 0 0 -1
    outer loop
      vertex 15.4 -0.4 0.299999
      vertex 14.9872 -0.392418 0.299999
      vertex 15 0 0.299999
    endloop
  endfacet
  facet normal 0 -0 -1
    outer loop
      vertex 14.9872 -0.392418 0.299999
      vertex 15.4 -0.4 0.299999
      vertex 14.9864 -0.4 0.299999
    endloop
  endfacet
  facet normal 0 0 -1
    outer loop
      vertex 14.9872 0.392418 0.299999
      vertex 15.4 0.4 0.299999
      vertex 15 0 0.299999
    endloop
  endfacet
  facet normal -0 0 -1
    outer loop
      vertex 15.4 0.4 0.299999
      vertex 14.9872 0.392418 0.299999
      vertex 14.9864 0.4 0.299999
    endloop
  endfacet
  facet normal 0 1 -0
    outer loop
      vertex 15.4 0.4 0.299999
      vertex 14.9864 0.4 3.2
      vertex 15.4 0.4 3.2
    endloop
  endfacet
  facet normal 0 1 0
    outer loop
      vertex 14.9864 0.4 3.2
      vertex 15.4 0.4 0.299999
      vertex 14.9864 0.4 0.299999
    endloop
  endfacet
  facet normal 0 -1 0
    outer loop
      vertex 14.9864 -0.4 0.299999
      vertex 15.4 -0.4 3.2
      vertex 14.9864 -0.4 3.2
    endloop
  endfacet
  facet normal 0 -1 -0
    outer loop
      vertex 15.4 -0.4 3.2
      vertex 14.9864 -0.4 0.299999
      vertex 15.4 -0.4 0.299999
    endloop
  endfacet
  facet normal -0 0 1
    outer loop
      vertex 14.7956 1.55291 3.2
      vertex 15.2855 1.27007 3.2
      vertex 15.0784 2.04281 3.2
    endloop
  endfacet
  facet normal 0 0 1
    outer loop
      vertex 15.2855 1.27007 3.2
      vertex 14.8847 1.17054 3.2
      vertex 14.886 1.16303 3.2
    endloop
  endfacet
  facet normal 0 0 1
    outer loop
      vertex 15.2855 1.27007 3.2
      vertex 14.7956 1.55291 3.2
      vertex 14.8847 1.17054 3.2
    endloop
  endfacet
  facet normal 0 0 1
    outer loop
      vertex 15.0784 2.04281 3.2
      vertex 14.6816 1.92864 3.2
      vertex 14.7956 1.55291 3.2
    endloop
  endfacet
  facet normal 0 -0 1
    outer loop
      vertex 14.6816 1.92864 3.2
      vertex 15.0784 2.04281 3.2
      vertex 14.6789 1.93577 3.2
    endloop
  endfacet
  facet normal -0.258806 0.965929 0
    outer loop
      vertex 15.0784 2.04281 0.299999
      vertex 14.6789 1.93577 3.2
      vertex 15.0784 2.04281 3.2
    endloop
  endfacet
  facet normal -0.258806 0.965929 0
    outer loop
      vertex 14.6789 1.93577 3.2
      vertex 15.0784 2.04281 0.299999
      vertex 14.6789 1.93577 0.299999
    endloop
  endfacet
  facet normal 0 0 -1
    outer loop
      vertex 14.8847 1.17054 0.299999
      vertex 15.2855 1.27007 0.299999
      vertex 14.886 1.16303 0.299999
    endloop
  endfacet
  facet normal 0 0 -1
    outer loop
      vertex 14.7956 1.55291 0.299999
      vertex 15.2855 1.27007 0.299999
      vertex 14.8847 1.17054 0.299999
    endloop
  endfacet
  facet normal 0 0 -1
    outer loop
      vertex 15.2855 1.27007 0.299999
      vertex 14.7956 1.55291 0.299999
      vertex 15.0784 2.04281 0.299999
    endloop
  endfacet
  facet normal 0 0 -1
    outer loop
      vertex 14.6816 1.92864 0.299999
      vertex 15.0784 2.04281 0.299999
      vertex 14.7956 1.55291 0.299999
    endloop
  endfacet
  facet normal 0 0 -1
    outer loop
      vertex 15.0784 2.04281 0.299999
      vertex 14.6816 1.92864 0.299999
      vertex 14.6789 1.93577 0.299999
    endloop
  endfacet
  facet normal 0.258806 -0.965929 0
    outer loop
      vertex 14.886 1.16303 0.299999
      vertex 15.2855 1.27007 3.2
      vertex 14.886 1.16303 3.2
    endloop
  endfacet
  facet normal 0.258806 -0.965929 0
    outer loop
      vertex 15.2855 1.27007 3.2
      vertex 14.886 1.16303 0.299999
      vertex 15.2855 1.27007 0.299999
    endloop
  endfacet
  facet normal 0.965912 0.258871 0
    outer loop
      vertex 15.2855 1.27007 3.2
      vertex 15.0784 2.04281 0.299999
      vertex 15.0784 2.04281 3.2
    endloop
  endfacet
  facet normal 0.965912 0.258871 0
    outer loop
      vertex 15.0784 2.04281 0.299999
      vertex 15.2855 1.27007 3.2
      vertex 15.2855 1.27007 0.299999
    endloop
  endfacet
  facet normal 0 0 1
    outer loop
      vertex 14.7426 2.85359 3.2
      vertex 14.3812 2.65373 3.2
      vertex 14.3844 2.64679 3.2
    endloop
  endfacet
  facet normal -0 0 1
    outer loop
      vertex 14.1962 3 3.2
      vertex 14.7426 2.85359 3.2
      vertex 14.3426 3.54641 3.2
    endloop
  endfacet
  facet normal 0 0 1
    outer loop
      vertex 14.7426 2.85359 3.2
      vertex 14.1962 3 3.2
      vertex 14.3812 2.65373 3.2
    endloop
  endfacet
  facet normal 0 0 1
    outer loop
      vertex 14.3426 3.54641 3.2
      vertex 13.9888 3.33342 3.2
      vertex 14.1962 3 3.2
    endloop
  endfacet
  facet normal 0 -0 1
    outer loop
      vertex 13.9888 3.33342 3.2
      vertex 14.3426 3.54641 3.2
      vertex 13.9844 3.33961 3.2
    endloop
  endfacet
  facet normal -0.499988 0.866033 0
    outer loop
      vertex 14.3426 3.54641 0.299999
      vertex 13.9844 3.33961 3.2
      vertex 14.3426 3.54641 3.2
    endloop
  endfacet
  facet normal -0.499988 0.866033 0
    outer loop
      vertex 13.9844 3.33961 3.2
      vertex 14.3426 3.54641 0.299999
      vertex 13.9844 3.33961 0.299999
    endloop
  endfacet
  facet normal 0 0 -1
    outer loop
      vertex 14.3812 2.65373 0.299999
      vertex 14.7426 2.85359 0.299999
      vertex 14.3844 2.64679 0.299999
    endloop
  endfacet
  facet normal 0 0 -1
    outer loop
      vertex 14.1962 3 0.299999
      vertex 14.7426 2.85359 0.299999
      vertex 14.3812 2.65373 0.299999
    endloop
  endfacet
  facet normal 0 0 -1
    outer loop
      vertex 14.7426 2.85359 0.299999
      vertex 14.1962 3 0.299999
      vertex 14.3426 3.54641 0.299999
    endloop
  endfacet
  facet normal 0 0 -1
    outer loop
      vertex 13.9888 3.33342 0.299999
      vertex 14.3426 3.54641 0.299999
      vertex 14.1962 3 0.299999
    endloop
  endfacet
  facet normal 0 0 -1
    outer loop
      vertex 14.3426 3.54641 0.299999
      vertex 13.9888 3.33342 0.299999
      vertex 13.9844 3.33961 0.299999
    endloop
  endfacet
  facet normal 0.499988 -0.866033 0
    outer loop
      vertex 14.3844 2.64679 0.299999
      vertex 14.7426 2.85359 3.2
      vertex 14.3844 2.64679 3.2
    endloop
  endfacet
  facet normal 0.499988 -0.866033 0
    outer loop
      vertex 14.7426 2.85359 3.2
      vertex 14.3844 2.64679 0.299999
      vertex 14.7426 2.85359 0.299999
    endloop
  endfacet
  facet normal 0.866025 0.5 0
    outer loop
      vertex 14.7426 2.85359 3.2
      vertex 14.3426 3.54641 0.299999
      vertex 14.3426 3.54641 3.2
    endloop
  endfacet
  facet normal 0.866025 0.5 0
    outer loop
      vertex 14.3426 3.54641 0.299999
      vertex 14.7426 2.85359 3.2
      vertex 14.7426 2.85359 0.299999
    endloop
  endfacet
  facet normal 0 0 1
    outer loop
      vertex 13.8083 4.24264 3.2
      vertex 13.511 3.95607 3.2
      vertex 13.5159 3.95019 3.2
    endloop
  endfacet
  facet normal 0 0 1
    outer loop
      vertex 13.2426 4.24264 3.2
      vertex 13.8083 4.24264 3.2
      vertex 13.2426 4.80833 3.2
    endloop
  endfacet
  facet normal 0 0 1
    outer loop
      vertex 13.8083 4.24264 3.2
      vertex 13.2426 4.24264 3.2
      vertex 13.511 3.95607 3.2
    endloop
  endfacet
  facet normal 0 0 1
    outer loop
      vertex 13.2426 4.80833 3.2
      vertex 12.9561 4.51104 3.2
      vertex 13.2426 4.24264 3.2
    endloop
  endfacet
  facet normal 0 -0 1
    outer loop
      vertex 12.9561 4.51104 3.2
      vertex 13.2426 4.80833 3.2
      vertex 12.9502 4.51587 3.2
    endloop
  endfacet
  facet normal -0.707179 0.707034 0
    outer loop
      vertex 13.2426 4.80833 0.299999
      vertex 12.9502 4.51587 3.2
      vertex 13.2426 4.80833 3.2
    endloop
  endfacet
  facet normal -0.707179 0.707034 0
    outer loop
      vertex 12.9502 4.51587 3.2
      vertex 13.2426 4.80833 0.299999
      vertex 12.9502 4.51587 0.299999
    endloop
  endfacet
  facet normal 0 0 -1
    outer loop
      vertex 13.511 3.95607 0.299999
      vertex 13.8083 4.24264 0.299999
      vertex 13.5159 3.95019 0.299999
    endloop
  endfacet
  facet normal 0 0 -1
    outer loop
      vertex 13.2426 4.24264 0.299999
      vertex 13.8083 4.24264 0.299999
      vertex 13.511 3.95607 0.299999
    endloop
  endfacet
  facet normal 0 0 -1
    outer loop
      vertex 13.2426 4.24264 0.299999
      vertex 13.2426 4.80833 0.299999
      vertex 13.8083 4.24264 0.299999
    endloop
  endfacet
  facet normal 0 0 -1
    outer loop
      vertex 12.9561 4.51104 0.299999
      vertex 13.2426 4.80833 0.299999
      vertex 13.2426 4.24264 0.299999
    endloop
  endfacet
  facet normal 0 0 -1
    outer loop
      vertex 13.2426 4.80833 0.299999
      vertex 12.9561 4.51104 0.299999
      vertex 12.9502 4.51587 0.299999
    endloop
  endfacet
  facet normal 0.707167 -0.707046 0
    outer loop
      vertex 13.5159 3.95019 0.299999
      vertex 13.8083 4.24264 3.2
      vertex 13.5159 3.95019 3.2
    endloop
  endfacet
  facet normal 0.707167 -0.707046 0
    outer loop
      vertex 13.8083 4.24264 3.2
      vertex 13.5159 3.95019 0.299999
      vertex 13.8083 4.24264 0.299999
    endloop
  endfacet
  facet normal 0.707101 0.707113 0
    outer loop
      vertex 13.8083 4.24264 3.2
      vertex 13.2426 4.80833 0.299999
      vertex 13.2426 4.80833 3.2
    endloop
  endfacet
  facet normal 0.707101 0.707113 0
    outer loop
      vertex 13.2426 4.80833 0.299999
      vertex 13.8083 4.24264 3.2
      vertex 13.8083 4.24264 0.299999
    endloop
  endfacet
  facet normal 0 0 1
    outer loop
      vertex 12.5464 5.34256 3.2
      vertex 12.3334 4.98882 3.2
      vertex 12.3396 4.98438 3.2
    endloop
  endfacet
  facet normal 0 0 1
    outer loop
      vertex 12.5464 5.34256 3.2
      vertex 12 5.19615 3.2
      vertex 12.3334 4.98882 3.2
    endloop
  endfacet
  facet normal 0 0 1
    outer loop
      vertex 11.8536 5.74256 3.2
      vertex 12 5.19615 3.2
      vertex 12.5464 5.34256 3.2
    endloop
  endfacet
  facet normal 0 0 1
    outer loop
      vertex 11.8536 5.74256 3.2
      vertex 11.6537 5.38124 3.2
      vertex 12 5.19615 3.2
    endloop
  endfacet
  facet normal 0 -0 1
    outer loop
      vertex 11.6537 5.38124 3.2
      vertex 11.8536 5.74256 3.2
      vertex 11.6468 5.38438 3.2
    endloop
  endfacet
  facet normal -0.866021 0.500008 0
    outer loop
      vertex 11.6468 5.38438 0.299999
      vertex 11.8536 5.74256 3.2
      vertex 11.8536 5.74256 0.299999
    endloop
  endfacet
  facet normal -0.866021 0.500008 0
    outer loop
      vertex 11.8536 5.74256 3.2
      vertex 11.6468 5.38438 0.299999
      vertex 11.6468 5.38438 3.2
    endloop
  endfacet
  facet normal 0 0 -1
    outer loop
      vertex 12.3334 4.98882 0.299999
      vertex 12.5464 5.34256 0.299999
      vertex 12.3396 4.98438 0.299999
    endloop
  endfacet
  facet normal 0 0 -1
    outer loop
      vertex 12 5.19615 0.299999
      vertex 12.5464 5.34256 0.299999
      vertex 12.3334 4.98882 0.299999
    endloop
  endfacet
  facet normal 0 0 -1
    outer loop
      vertex 12 5.19615 0.299999
      vertex 11.8536 5.74256 0.299999
      vertex 12.5464 5.34256 0.299999
    endloop
  endfacet
  facet normal 0 0 -1
    outer loop
      vertex 11.6537 5.38124 0.299999
      vertex 11.8536 5.74256 0.299999
      vertex 12 5.19615 0.299999
    endloop
  endfacet
  facet normal 0 0 -1
    outer loop
      vertex 11.8536 5.74256 0.299999
      vertex 11.6537 5.38124 0.299999
      vertex 11.6468 5.38438 0.299999
    endloop
  endfacet
  facet normal 0.866021 -0.500008 0
    outer loop
      vertex 12.3396 4.98438 3.2
      vertex 12.5464 5.34256 0.299999
      vertex 12.5464 5.34256 3.2
    endloop
  endfacet
  facet normal 0.866021 -0.500008 0
    outer loop
      vertex 12.5464 5.34256 0.299999
      vertex 12.3396 4.98438 3.2
      vertex 12.3396 4.98438 0.299999
    endloop
  endfacet
  facet normal 0.500011 0.866019 -0
    outer loop
      vertex 12.5464 5.34256 0.299999
      vertex 11.8536 5.74256 3.2
      vertex 12.5464 5.34256 3.2
    endloop
  endfacet
  facet normal 0.500011 0.866019 0
    outer loop
      vertex 11.8536 5.74256 3.2
      vertex 12.5464 5.34256 0.299999
      vertex 11.8536 5.74256 0.299999
    endloop
  endfacet
  facet normal 0 0 1
    outer loop
      vertex 11.0428 6.0784 3.2
      vertex 10.9286 5.68158 3.2
      vertex 10.9358 5.6789 3.2
    endloop
  endfacet
  facet normal 0 0 1
    outer loop
      vertex 11.0428 6.0784 3.2
      vertex 10.5529 5.79555 3.2
      vertex 10.9286 5.68158 3.2
    endloop
  endfacet
  facet normal 0 0 1
    outer loop
      vertex 10.2701 6.28545 3.2
      vertex 10.5529 5.79555 3.2
      vertex 11.0428 6.0784 3.2
    endloop
  endfacet
  facet normal 0 0 1
    outer loop
      vertex 10.2701 6.28545 3.2
      vertex 10.1705 5.88471 3.2
      vertex 10.5529 5.79555 3.2
    endloop
  endfacet
  facet normal 0 -0 1
    outer loop
      vertex 10.1705 5.88471 3.2
      vertex 10.2701 6.28545 3.2
      vertex 10.163 5.88595 3.2
    endloop
  endfacet
  facet normal -0.965893 0.258942 0
    outer loop
      vertex 10.163 5.88595 0.299999
      vertex 10.2701 6.28545 3.2
      vertex 10.2701 6.28545 0.299999
    endloop
  endfacet
  facet normal -0.965893 0.258942 0
    outer loop
      vertex 10.2701 6.28545 3.2
      vertex 10.163 5.88595 0.299999
      vertex 10.163 5.88595 3.2
    endloop
  endfacet
  facet normal 0 0 -1
    outer loop
      vertex 10.9286 5.68158 0.299999
      vertex 11.0428 6.0784 0.299999
      vertex 10.9358 5.6789 0.299999
    endloop
  endfacet
  facet normal 0 0 -1
    outer loop
      vertex 10.5529 5.79555 0.299999
      vertex 11.0428 6.0784 0.299999
      vertex 10.9286 5.68158 0.299999
    endloop
  endfacet
  facet normal 0 0 -1
    outer loop
      vertex 10.5529 5.79555 0.299999
      vertex 10.2701 6.28545 0.299999
      vertex 11.0428 6.0784 0.299999
    endloop
  endfacet
  facet normal 0 0 -1
    outer loop
      vertex 10.1705 5.88471 0.299999
      vertex 10.2701 6.28545 0.299999
      vertex 10.5529 5.79555 0.299999
    endloop
  endfacet
  facet normal 0 0 -1
    outer loop
      vertex 10.2701 6.28545 0.299999
      vertex 10.1705 5.88471 0.299999
      vertex 10.163 5.88595 0.299999
    endloop
  endfacet
  facet normal 0.965953 -0.258716 0
    outer loop
      vertex 10.9358 5.6789 3.2
      vertex 11.0428 6.0784 0.299999
      vertex 11.0428 6.0784 3.2
    endloop
  endfacet
  facet normal 0.965953 -0.258716 0
    outer loop
      vertex 11.0428 6.0784 0.299999
      vertex 10.9358 5.6789 3.2
      vertex 10.9358 5.6789 0.299999
    endloop
  endfacet
  facet normal 0.258826 0.965924 -0
    outer loop
      vertex 11.0428 6.0784 0.299999
      vertex 10.2701 6.28545 3.2
      vertex 11.0428 6.0784 3.2
    endloop
  endfacet
  facet normal 0.258826 0.965924 0
    outer loop
      vertex 10.2701 6.28545 3.2
      vertex 11.0428 6.0784 0.299999
      vertex 10.2701 6.28545 0.299999
    endloop
  endfacet
  facet normal 0 0 1
    outer loop
      vertex 9.4 6.4 3.2
      vertex 9.39242 5.98715 3.2
      vertex 9.4 5.98641 3.2
    endloop
  endfacet
  facet normal 0 0 1
    outer loop
      vertex 9.4 6.4 3.2
      vertex 9 6 3.2
      vertex 9.39242 5.98715 3.2
    endloop
  endfacet
  facet normal -0 0 1
    outer loop
      vertex 8.6 6.4 3.2
      vertex 9 6 3.2
      vertex 9.4 6.4 3.2
    endloop
  endfacet
  facet normal 0 0 1
    outer loop
      vertex 9 6 3.2
      vertex 8.6 6.4 3.2
      vertex 8.60758 5.98715 3.2
    endloop
  endfacet
  facet normal 0 0 1
    outer loop
      vertex 8.60758 5.98715 3.2
      vertex 8.6 6.4 3.2
      vertex 8.6 5.98641 3.2
    endloop
  endfacet
  facet normal -1 0 0
    outer loop
      vertex 8.6 5.98641 0.299999
      vertex 8.6 6.4 3.2
      vertex 8.6 6.4 0.299999
    endloop
  endfacet
  facet normal -1 -0 0
    outer loop
      vertex 8.6 6.4 3.2
      vertex 8.6 5.98641 0.299999
      vertex 8.6 5.98641 3.2
    endloop
  endfacet
  facet normal 0 0 -1
    outer loop
      vertex 9.39242 5.98715 0.299999
      vertex 9.4 6.4 0.299999
      vertex 9.4 5.98641 0.299999
    endloop
  endfacet
  facet normal 0 0 -1
    outer loop
      vertex 9 6 0.299999
      vertex 9.4 6.4 0.299999
      vertex 9.39242 5.98715 0.299999
    endloop
  endfacet
  facet normal 0 0 -1
    outer loop
      vertex 8.6 6.4 0.299999
      vertex 9 6 0.299999
      vertex 8.60758 5.98715 0.299999
    endloop
  endfacet
  facet normal 0 0 -1
    outer loop
      vertex 8.6 6.4 0.299999
      vertex 8.60758 5.98715 0.299999
      vertex 8.6 5.98641 0.299999
    endloop
  endfacet
  facet normal 0 0 -1
    outer loop
      vertex 9 6 0.299999
      vertex 8.6 6.4 0.299999
      vertex 9.4 6.4 0.299999
    endloop
  endfacet
  facet normal 1 -0 0
    outer loop
      vertex 9.4 5.98641 3.2
      vertex 9.4 6.4 0.299999
      vertex 9.4 6.4 3.2
    endloop
  endfacet
  facet normal 1 0 0
    outer loop
      vertex 9.4 6.4 0.299999
      vertex 9.4 5.98641 3.2
      vertex 9.4 5.98641 0.299999
    endloop
  endfacet
  facet normal 0 1 -0
    outer loop
      vertex 9.4 6.4 0.299999
      vertex 8.6 6.4 3.2
      vertex 9.4 6.4 3.2
    endloop
  endfacet
  facet normal 0 1 0
    outer loop
      vertex 8.6 6.4 3.2
      vertex 9.4 6.4 0.299999
      vertex 8.6 6.4 0.299999
    endloop
  endfacet
  facet normal 0 0 1
    outer loop
      vertex 7.72993 6.28545 3.2
      vertex 7.82946 5.88471 3.2
      vertex 7.83697 5.88595 3.2
    endloop
  endfacet
  facet normal 0 0 1
    outer loop
      vertex 7.72993 6.28545 3.2
      vertex 7.44709 5.79555 3.2
      vertex 7.82946 5.88471 3.2
    endloop
  endfacet
  facet normal -0 0 1
    outer loop
      vertex 6.95719 6.0784 3.2
      vertex 7.44709 5.79555 3.2
      vertex 7.72993 6.28545 3.2
    endloop
  endfacet
  facet normal 0 0 1
    outer loop
      vertex 7.44709 5.79555 3.2
      vertex 6.95719 6.0784 3.2
      vertex 7.07136 5.68158 3.2
    endloop
  endfacet
  facet normal 0 0 1
    outer loop
      vertex 7.07136 5.68158 3.2
      vertex 6.95719 6.0784 3.2
      vertex 7.06423 5.6789 3.2
    endloop
  endfacet
  facet normal -0.965929 -0.258806 0
    outer loop
      vertex 7.06423 5.6789 0.299999
      vertex 6.95719 6.0784 3.2
      vertex 6.95719 6.0784 0.299999
    endloop
  endfacet
  facet normal -0.965929 -0.258806 0
    outer loop
      vertex 6.95719 6.0784 3.2
      vertex 7.06423 5.6789 0.299999
      vertex 7.06423 5.6789 3.2
    endloop
  endfacet
  facet normal 0 0 -1
    outer loop
      vertex 7.82946 5.88471 0.299999
      vertex 7.72993 6.28545 0.299999
      vertex 7.83697 5.88595 0.299999
    endloop
  endfacet
  facet normal 0 0 -1
    outer loop
      vertex 7.44709 5.79555 0.299999
      vertex 7.72993 6.28545 0.299999
      vertex 7.82946 5.88471 0.299999
    endloop
  endfacet
  facet normal 0 0 -1
    outer loop
      vertex 6.95719 6.0784 0.299999
      vertex 7.44709 5.79555 0.299999
      vertex 7.07136 5.68158 0.299999
    endloop
  endfacet
  facet normal 0 0 -1
    outer loop
      vertex 6.95719 6.0784 0.299999
      vertex 7.07136 5.68158 0.299999
      vertex 7.06423 5.6789 0.299999
    endloop
  endfacet
  facet normal 0 0 -1
    outer loop
      vertex 7.44709 5.79555 0.299999
      vertex 6.95719 6.0784 0.299999
      vertex 7.72993 6.28545 0.299999
    endloop
  endfacet
  facet normal 0.965929 0.258806 0
    outer loop
      vertex 7.83697 5.88595 3.2
      vertex 7.72993 6.28545 0.299999
      vertex 7.72993 6.28545 3.2
    endloop
  endfacet
  facet normal 0.965929 0.258806 0
    outer loop
      vertex 7.72993 6.28545 0.299999
      vertex 7.83697 5.88595 3.2
      vertex 7.83697 5.88595 0.299999
    endloop
  endfacet
  facet normal -0.258813 0.965927 0
    outer loop
      vertex 7.72993 6.28545 0.299999
      vertex 6.95719 6.0784 3.2
      vertex 7.72993 6.28545 3.2
    endloop
  endfacet
  facet normal -0.258813 0.965927 0
    outer loop
      vertex 6.95719 6.0784 3.2
      vertex 7.72993 6.28545 0.299999
      vertex 6.95719 6.0784 0.299999
    endloop
  endfacet
  facet normal 0 0 1
    outer loop
      vertex 6.14641 5.74256 3.2
      vertex 6.34627 5.38124 3.2
      vertex 6.35321 5.38438 3.2
    endloop
  endfacet
  facet normal 0 0 1
    outer loop
      vertex 6.14641 5.74256 3.2
      vertex 6 5.19615 3.2
      vertex 6.34627 5.38124 3.2
    endloop
  endfacet
  facet normal -0 0 1
    outer loop
      vertex 5.45359 5.34256 3.2
      vertex 6 5.19615 3.2
      vertex 6.14641 5.74256 3.2
    endloop
  endfacet
  facet normal 0 0 1
    outer loop
      vertex 6 5.19615 3.2
      vertex 5.45359 5.34256 3.2
      vertex 5.66658 4.98882 3.2
    endloop
  endfacet
  facet normal 0 0 1
    outer loop
      vertex 5.66658 4.98882 3.2
      vertex 5.45359 5.34256 3.2
      vertex 5.66039 4.98438 3.2
    endloop
  endfacet
  facet normal -0.866021 -0.500008 0
    outer loop
      vertex 5.66039 4.98438 0.299999
      vertex 5.45359 5.34256 3.2
      vertex 5.45359 5.34256 0.299999
    endloop
  endfacet
  facet normal -0.866021 -0.500008 0
    outer loop
      vertex 5.45359 5.34256 3.2
      vertex 5.66039 4.98438 0.299999
      vertex 5.66039 4.98438 3.2
    endloop
  endfacet
  facet normal 0 0 -1
    outer loop
      vertex 6.34627 5.38124 0.299999
      vertex 6.14641 5.74256 0.299999
      vertex 6.35321 5.38438 0.299999
    endloop
  endfacet
  facet normal 0 0 -1
    outer loop
      vertex 6 5.19615 0.299999
      vertex 6.14641 5.74256 0.299999
      vertex 6.34627 5.38124 0.299999
    endloop
  endfacet
  facet normal 0 0 -1
    outer loop
      vertex 5.45359 5.34256 0.299999
      vertex 6 5.19615 0.299999
      vertex 5.66658 4.98882 0.299999
    endloop
  endfacet
  facet normal 0 0 -1
    outer loop
      vertex 5.45359 5.34256 0.299999
      vertex 5.66658 4.98882 0.299999
      vertex 5.66039 4.98438 0.299999
    endloop
  endfacet
  facet normal 0 0 -1
    outer loop
      vertex 6 5.19615 0.299999
      vertex 5.45359 5.34256 0.299999
      vertex 6.14641 5.74256 0.299999
    endloop
  endfacet
  facet normal 0.866021 0.500008 0
    outer loop
      vertex 6.35321 5.38438 3.2
      vertex 6.14641 5.74256 0.299999
      vertex 6.14641 5.74256 3.2
    endloop
  endfacet
  facet normal 0.866021 0.500008 0
    outer loop
      vertex 6.14641 5.74256 0.299999
      vertex 6.35321 5.38438 3.2
      vertex 6.35321 5.38438 0.299999
    endloop
  endfacet
  facet normal -0.5 0.866025 0
    outer loop
      vertex 6.14641 5.74256 0.299999
      vertex 5.45359 5.34256 3.2
      vertex 6.14641 5.74256 3.2
    endloop
  endfacet
  facet normal -0.5 0.866025 0
    outer loop
      vertex 5.45359 5.34256 3.2
      vertex 6.14641 5.74256 0.299999
      vertex 5.45359 5.34256 0.299999
    endloop
  endfacet
  facet normal 0 0 1
    outer loop
      vertex 4.75736 4.80833 3.2
      vertex 5.04393 4.51104 3.2
      vertex 5.04981 4.51587 3.2
    endloop
  endfacet
  facet normal 0 0 1
    outer loop
      vertex 4.75736 4.80833 3.2
      vertex 4.75736 4.24264 3.2
      vertex 5.04393 4.51104 3.2
    endloop
  endfacet
  facet normal 0 0 1
    outer loop
      vertex 4.19167 4.24264 3.2
      vertex 4.75736 4.24264 3.2
      vertex 4.75736 4.80833 3.2
    endloop
  endfacet
  facet normal 0 0 1
    outer loop
      vertex 4.75736 4.24264 3.2
      vertex 4.19167 4.24264 3.2
      vertex 4.48896 3.95607 3.2
    endloop
  endfacet
  facet normal 0 0 1
    outer loop
      vertex 4.48896 3.95607 3.2
      vertex 4.19167 4.24264 3.2
      vertex 4.48413 3.95019 3.2
    endloop
  endfacet
  facet normal -0.707095 -0.707119 0
    outer loop
      vertex 4.48413 3.95019 0.299999
      vertex 4.19167 4.24264 3.2
      vertex 4.19167 4.24264 0.299999
    endloop
  endfacet
  facet normal -0.707095 -0.707119 0
    outer loop
      vertex 4.19167 4.24264 3.2
      vertex 4.48413 3.95019 0.299999
      vertex 4.48413 3.95019 3.2
    endloop
  endfacet
  facet normal 0 0 -1
    outer loop
      vertex 5.04393 4.51104 0.299999
      vertex 4.75736 4.80833 0.299999
      vertex 5.04981 4.51587 0.299999
    endloop
  endfacet
  facet normal 0 0 -1
    outer loop
      vertex 4.75736 4.24264 0.299999
      vertex 4.75736 4.80833 0.299999
      vertex 5.04393 4.51104 0.299999
    endloop
  endfacet
  facet normal 0 0 -1
    outer loop
      vertex 4.19167 4.24264 0.299999
      vertex 4.75736 4.24264 0.299999
      vertex 4.48896 3.95607 0.299999
    endloop
  endfacet
  facet normal 0 0 -1
    outer loop
      vertex 4.19167 4.24264 0.299999
      vertex 4.48896 3.95607 0.299999
      vertex 4.48413 3.95019 0.299999
    endloop
  endfacet
  facet normal 0 0 -1
    outer loop
      vertex 4.75736 4.24264 0.299999
      vertex 4.19167 4.24264 0.299999
      vertex 4.75736 4.80833 0.299999
    endloop
  endfacet
  facet normal 0.707119 0.707095 0
    outer loop
      vertex 5.04981 4.51587 3.2
      vertex 4.75736 4.80833 0.299999
      vertex 4.75736 4.80833 3.2
    endloop
  endfacet
  facet normal 0.707119 0.707095 0
    outer loop
      vertex 4.75736 4.80833 0.299999
      vertex 5.04981 4.51587 3.2
      vertex 5.04981 4.51587 0.299999
    endloop
  endfacet
  facet normal -0.707107 0.707107 0
    outer loop
      vertex 4.19167 4.24264 0.299999
      vertex 4.75736 4.80833 3.2
      vertex 4.75736 4.80833 0.299999
    endloop
  endfacet
  facet normal -0.707107 0.707107 0
    outer loop
      vertex 4.75736 4.80833 3.2
      vertex 4.19167 4.24264 0.299999
      vertex 4.19167 4.24264 3.2
    endloop
  endfacet
  facet normal 0 0 1
    outer loop
      vertex 3.65744 3.54641 3.2
      vertex 4.01118 3.33342 3.2
      vertex 4.01562 3.33961 3.2
    endloop
  endfacet
  facet normal 0 0 1
    outer loop
      vertex 3.65744 3.54641 3.2
      vertex 3.80385 3 3.2
      vertex 4.01118 3.33342 3.2
    endloop
  endfacet
  facet normal 0 0 1
    outer loop
      vertex 3.25744 2.85359 3.2
      vertex 3.80385 3 3.2
      vertex 3.65744 3.54641 3.2
    endloop
  endfacet
  facet normal 0 0 1
    outer loop
      vertex 3.80385 3 3.2
      vertex 3.25744 2.85359 3.2
      vertex 3.61876 2.65373 3.2
    endloop
  endfacet
  facet normal 0 0 1
    outer loop
      vertex 3.61876 2.65373 3.2
      vertex 3.25744 2.85359 3.2
      vertex 3.61562 2.64679 3.2
    endloop
  endfacet
  facet normal -0.500008 -0.866021 0
    outer loop
      vertex 3.25744 2.85359 0.299999
      vertex 3.61562 2.64679 3.2
      vertex 3.25744 2.85359 3.2
    endloop
  endfacet
  facet normal -0.500008 -0.866021 -0
    outer loop
      vertex 3.61562 2.64679 3.2
      vertex 3.25744 2.85359 0.299999
      vertex 3.61562 2.64679 0.299999
    endloop
  endfacet
  facet normal 0 0 -1
    outer loop
      vertex 4.01118 3.33342 0.299999
      vertex 3.65744 3.54641 0.299999
      vertex 4.01562 3.33961 0.299999
    endloop
  endfacet
  facet normal 0 0 -1
    outer loop
      vertex 3.80385 3 0.299999
      vertex 3.65744 3.54641 0.299999
      vertex 4.01118 3.33342 0.299999
    endloop
  endfacet
  facet normal 0 0 -1
    outer loop
      vertex 3.25744 2.85359 0.299999
      vertex 3.80385 3 0.299999
      vertex 3.61876 2.65373 0.299999
    endloop
  endfacet
  facet normal 0 0 -1
    outer loop
      vertex 3.25744 2.85359 0.299999
      vertex 3.61876 2.65373 0.299999
      vertex 3.61562 2.64679 0.299999
    endloop
  endfacet
  facet normal -0 0 -1
    outer loop
      vertex 3.80385 3 0.299999
      vertex 3.25744 2.85359 0.299999
      vertex 3.65744 3.54641 0.299999
    endloop
  endfacet
  facet normal 0.500008 0.866021 -0
    outer loop
      vertex 4.01562 3.33961 0.299999
      vertex 3.65744 3.54641 3.2
      vertex 4.01562 3.33961 3.2
    endloop
  endfacet
  facet normal 0.500008 0.866021 0
    outer loop
      vertex 3.65744 3.54641 3.2
      vertex 4.01562 3.33961 0.299999
      vertex 3.65744 3.54641 0.299999
    endloop
  endfacet
  facet normal -0.866025 0.5 0
    outer loop
      vertex 3.25744 2.85359 0.299999
      vertex 3.65744 3.54641 3.2
      vertex 3.65744 3.54641 0.299999
    endloop
  endfacet
  facet normal -0.866025 0.5 0
    outer loop
      vertex 3.65744 3.54641 3.2
      vertex 3.25744 2.85359 0.299999
      vertex 3.25744 2.85359 3.2
    endloop
  endfacet
  facet normal 0 0 1
    outer loop
      vertex 2.9216 2.04281 3.2
      vertex 3.31842 1.92864 3.2
      vertex 3.3211 1.93577 3.2
    endloop
  endfacet
  facet normal 0 0 1
    outer loop
      vertex 2.9216 2.04281 3.2
      vertex 3.20445 1.55291 3.2
      vertex 3.31842 1.92864 3.2
    endloop
  endfacet
  facet normal 0 0 1
    outer loop
      vertex 2.71455 1.27007 3.2
      vertex 3.20445 1.55291 3.2
      vertex 2.9216 2.04281 3.2
    endloop
  endfacet
  facet normal 0 0 1
    outer loop
      vertex 3.20445 1.55291 3.2
      vertex 2.71455 1.27007 3.2
      vertex 3.11529 1.17054 3.2
    endloop
  endfacet
  facet normal 0 0 1
    outer loop
      vertex 3.11529 1.17054 3.2
      vertex 2.71455 1.27007 3.2
      vertex 3.11405 1.16303 3.2
    endloop
  endfacet
  facet normal -0.258806 -0.965929 0
    outer loop
      vertex 2.71455 1.27007 0.299999
      vertex 3.11405 1.16303 3.2
      vertex 2.71455 1.27007 3.2
    endloop
  endfacet
  facet normal -0.258806 -0.965929 -0
    outer loop
      vertex 3.11405 1.16303 3.2
      vertex 2.71455 1.27007 0.299999
      vertex 3.11405 1.16303 0.299999
    endloop
  endfacet
  facet normal 0 0 -1
    outer loop
      vertex 3.31842 1.92864 0.299999
      vertex 2.9216 2.04281 0.299999
      vertex 3.3211 1.93577 0.299999
    endloop
  endfacet
  facet normal 0 0 -1
    outer loop
      vertex 3.20445 1.55291 0.299999
      vertex 2.9216 2.04281 0.299999
      vertex 3.31842 1.92864 0.299999
    endloop
  endfacet
  facet normal 0 0 -1
    outer loop
      vertex 2.71455 1.27007 0.299999
      vertex 3.20445 1.55291 0.299999
      vertex 3.11529 1.17054 0.299999
    endloop
  endfacet
  facet normal 0 0 -1
    outer loop
      vertex 2.71455 1.27007 0.299999
      vertex 3.11529 1.17054 0.299999
      vertex 3.11405 1.16303 0.299999
    endloop
  endfacet
  facet normal -0 0 -1
    outer loop
      vertex 3.20445 1.55291 0.299999
      vertex 2.71455 1.27007 0.299999
      vertex 2.9216 2.04281 0.299999
    endloop
  endfacet
  facet normal 0.258806 0.965929 -0
    outer loop
      vertex 3.3211 1.93577 0.299999
      vertex 2.9216 2.04281 3.2
      vertex 3.3211 1.93577 3.2
    endloop
  endfacet
  facet normal 0.258806 0.965929 0
    outer loop
      vertex 2.9216 2.04281 3.2
      vertex 3.3211 1.93577 0.299999
      vertex 2.9216 2.04281 0.299999
    endloop
  endfacet
  facet normal -0.965927 0.258813 0
    outer loop
      vertex 2.71455 1.27007 0.299999
      vertex 2.9216 2.04281 3.2
      vertex 2.9216 2.04281 0.299999
    endloop
  endfacet
  facet normal -0.965927 0.258813 0
    outer loop
      vertex 2.9216 2.04281 3.2
      vertex 2.71455 1.27007 0.299999
      vertex 2.71455 1.27007 3.2
    endloop
  endfacet
  facet normal 0 0 1
    outer loop
      vertex 3.01285 0.392418 3.2
      vertex 2.6 0.4 3.2
      vertex 3 0 3.2
    endloop
  endfacet
  facet normal -0 0 1
    outer loop
      vertex 2.6 0.4 3.2
      vertex 3.01285 0.392418 3.2
      vertex 3.01359 0.4 3.2
    endloop
  endfacet
  facet normal 0 0 1
    outer loop
      vertex 2.6 -0.4 3.2
      vertex 3 0 3.2
      vertex 2.6 0.4 3.2
    endloop
  endfacet
  facet normal 0 0 1
    outer loop
      vertex 3 0 3.2
      vertex 2.6 -0.4 3.2
      vertex 3.01285 -0.392418 3.2
    endloop
  endfacet
  facet normal 0 0 1
    outer loop
      vertex 3.01285 -0.392418 3.2
      vertex 2.6 -0.4 3.2
      vertex 3.01359 -0.4 3.2
    endloop
  endfacet
  facet normal 0 -1 0
    outer loop
      vertex 2.6 -0.4 0.299999
      vertex 3.01359 -0.4 3.2
      vertex 2.6 -0.4 3.2
    endloop
  endfacet
  facet normal 0 -1 -0
    outer loop
      vertex 3.01359 -0.4 3.2
      vertex 2.6 -0.4 0.299999
      vertex 3.01359 -0.4 0.299999
    endloop
  endfacet
  facet normal -0 0 -1
    outer loop
      vertex 3.01285 -0.392418 0.299999
      vertex 2.6 -0.4 0.299999
      vertex 3 0 0.299999
    endloop
  endfacet
  facet normal 0 0 -1
    outer loop
      vertex 2.6 -0.4 0.299999
      vertex 3.01285 -0.392418 0.299999
      vertex 3.01359 -0.4 0.299999
    endloop
  endfacet
  facet normal 0 0 -1
    outer loop
      vertex 2.6 0.4 0.299999
      vertex 3 0 0.299999
      vertex 2.6 -0.4 0.299999
    endloop
  endfacet
  facet normal 0 0 -1
    outer loop
      vertex 3 0 0.299999
      vertex 2.6 0.4 0.299999
      vertex 3.01285 0.392418 0.299999
    endloop
  endfacet
  facet normal 0 0 -1
    outer loop
      vertex 3.01285 0.392418 0.299999
      vertex 2.6 0.4 0.299999
      vertex 3.01359 0.4 0.299999
    endloop
  endfacet
  facet normal 0 1 -0
    outer loop
      vertex 3.01359 0.4 0.299999
      vertex 2.6 0.4 3.2
      vertex 3.01359 0.4 3.2
    endloop
  endfacet
  facet normal 0 1 0
    outer loop
      vertex 2.6 0.4 3.2
      vertex 3.01359 0.4 0.299999
      vertex 2.6 0.4 0.299999
    endloop
  endfacet
  facet normal -1 0 0
    outer loop
      vertex 2.6 -0.4 0.299999
      vertex 2.6 0.4 3.2
      vertex 2.6 0.4 0.299999
    endloop
  endfacet
  facet normal -1 -0 0
    outer loop
      vertex 2.6 0.4 3.2
      vertex 2.6 -0.4 0.299999
      vertex 2.6 -0.4 3.2
    endloop
  endfacet
  facet normal -0.965927 -0.258813 0
    outer loop
      vertex 2.9216 -2.04281 0.299999
      vertex 2.71455 -1.27007 3.2
      vertex 2.71455 -1.27007 0.299999
    endloop
  endfacet
  facet normal -0.965927 -0.258813 0
    outer loop
      vertex 2.71455 -1.27007 3.2
      vertex 2.9216 -2.04281 0.299999
      vertex 2.9216 -2.04281 3.2
    endloop
  endfacet
  facet normal 0 0 1
    outer loop
      vertex 3.31842 -1.92864 3.2
      vertex 2.9216 -2.04281 3.2
      vertex 3.3211 -1.93577 3.2
    endloop
  endfacet
  facet normal 0 0 1
    outer loop
      vertex 3.20445 -1.55291 3.2
      vertex 2.9216 -2.04281 3.2
      vertex 3.31842 -1.92864 3.2
    endloop
  endfacet
  facet normal -0 0 1
    outer loop
      vertex 2.71455 -1.27007 3.2
      vertex 3.20445 -1.55291 3.2
      vertex 3.11529 -1.17054 3.2
    endloop
  endfacet
  facet normal 0 0 1
    outer loop
      vertex 2.71455 -1.27007 3.2
      vertex 3.11529 -1.17054 3.2
      vertex 3.11405 -1.16303 3.2
    endloop
  endfacet
  facet normal 0 0 1
    outer loop
      vertex 3.20445 -1.55291 3.2
      vertex 2.71455 -1.27007 3.2
      vertex 2.9216 -2.04281 3.2
    endloop
  endfacet
  facet normal 0 0 -1
    outer loop
      vertex 2.9216 -2.04281 0.299999
      vertex 3.31842 -1.92864 0.299999
      vertex 3.3211 -1.93577 0.299999
    endloop
  endfacet
  facet normal 0 0 -1
    outer loop
      vertex 2.9216 -2.04281 0.299999
      vertex 3.20445 -1.55291 0.299999
      vertex 3.31842 -1.92864 0.299999
    endloop
  endfacet
  facet normal 0 0 -1
    outer loop
      vertex 2.71455 -1.27007 0.299999
      vertex 3.20445 -1.55291 0.299999
      vertex 2.9216 -2.04281 0.299999
    endloop
  endfacet
  facet normal 0 0 -1
    outer loop
      vertex 3.20445 -1.55291 0.299999
      vertex 2.71455 -1.27007 0.299999
      vertex 3.11529 -1.17054 0.299999
    endloop
  endfacet
  facet normal -0 0 -1
    outer loop
      vertex 3.11529 -1.17054 0.299999
      vertex 2.71455 -1.27007 0.299999
      vertex 3.11405 -1.16303 0.299999
    endloop
  endfacet
  facet normal 0.258806 -0.965929 0
    outer loop
      vertex 2.9216 -2.04281 0.299999
      vertex 3.3211 -1.93577 3.2
      vertex 2.9216 -2.04281 3.2
    endloop
  endfacet
  facet normal 0.258806 -0.965929 0
    outer loop
      vertex 3.3211 -1.93577 3.2
      vertex 2.9216 -2.04281 0.299999
      vertex 3.3211 -1.93577 0.299999
    endloop
  endfacet
  facet normal -0.258806 0.965929 0
    outer loop
      vertex 3.11405 -1.16303 0.299999
      vertex 2.71455 -1.27007 3.2
      vertex 3.11405 -1.16303 3.2
    endloop
  endfacet
  facet normal -0.258806 0.965929 0
    outer loop
      vertex 2.71455 -1.27007 3.2
      vertex 3.11405 -1.16303 0.299999
      vertex 2.71455 -1.27007 0.299999
    endloop
  endfacet
  facet normal -0.866025 -0.5 0
    outer loop
      vertex 3.65744 -3.54641 0.299999
      vertex 3.25744 -2.85359 3.2
      vertex 3.25744 -2.85359 0.299999
    endloop
  endfacet
  facet normal -0.866025 -0.5 0
    outer loop
      vertex 3.25744 -2.85359 3.2
      vertex 3.65744 -3.54641 0.299999
      vertex 3.65744 -3.54641 3.2
    endloop
  endfacet
  facet normal 0 0 1
    outer loop
      vertex 4.01118 -3.33342 3.2
      vertex 3.65744 -3.54641 3.2
      vertex 4.01562 -3.33961 3.2
    endloop
  endfacet
  facet normal 0 0 1
    outer loop
      vertex 3.80385 -3 3.2
      vertex 3.65744 -3.54641 3.2
      vertex 4.01118 -3.33342 3.2
    endloop
  endfacet
  facet normal -0 0 1
    outer loop
      vertex 3.25744 -2.85359 3.2
      vertex 3.80385 -3 3.2
      vertex 3.61876 -2.65373 3.2
    endloop
  endfacet
  facet normal 0 0 1
    outer loop
      vertex 3.25744 -2.85359 3.2
      vertex 3.61876 -2.65373 3.2
      vertex 3.61562 -2.64679 3.2
    endloop
  endfacet
  facet normal 0 0 1
    outer loop
      vertex 3.80385 -3 3.2
      vertex 3.25744 -2.85359 3.2
      vertex 3.65744 -3.54641 3.2
    endloop
  endfacet
  facet normal 0 0 -1
    outer loop
      vertex 3.65744 -3.54641 0.299999
      vertex 4.01118 -3.33342 0.299999
      vertex 4.01562 -3.33961 0.299999
    endloop
  endfacet
  facet normal 0 0 -1
    outer loop
      vertex 3.65744 -3.54641 0.299999
      vertex 3.80385 -3 0.299999
      vertex 4.01118 -3.33342 0.299999
    endloop
  endfacet
  facet normal 0 0 -1
    outer loop
      vertex 3.25744 -2.85359 0.299999
      vertex 3.80385 -3 0.299999
      vertex 3.65744 -3.54641 0.299999
    endloop
  endfacet
  facet normal 0 0 -1
    outer loop
      vertex 3.80385 -3 0.299999
      vertex 3.25744 -2.85359 0.299999
      vertex 3.61876 -2.65373 0.299999
    endloop
  endfacet
  facet normal -0 0 -1
    outer loop
      vertex 3.61876 -2.65373 0.299999
      vertex 3.25744 -2.85359 0.299999
      vertex 3.61562 -2.64679 0.299999
    endloop
  endfacet
  facet normal 0.500008 -0.866021 0
    outer loop
      vertex 3.65744 -3.54641 0.299999
      vertex 4.01562 -3.33961 3.2
      vertex 3.65744 -3.54641 3.2
    endloop
  endfacet
  facet normal 0.500008 -0.866021 0
    outer loop
      vertex 4.01562 -3.33961 3.2
      vertex 3.65744 -3.54641 0.299999
      vertex 4.01562 -3.33961 0.299999
    endloop
  endfacet
  facet normal -0.500008 0.866021 0
    outer loop
      vertex 3.61562 -2.64679 0.299999
      vertex 3.25744 -2.85359 3.2
      vertex 3.61562 -2.64679 3.2
    endloop
  endfacet
  facet normal -0.500008 0.866021 0
    outer loop
      vertex 3.25744 -2.85359 3.2
      vertex 3.61562 -2.64679 0.299999
      vertex 3.25744 -2.85359 0.299999
    endloop
  endfacet
  facet normal -0.707107 -0.707107 0
    outer loop
      vertex 4.75736 -4.80833 0.299999
      vertex 4.19167 -4.24264 3.2
      vertex 4.19167 -4.24264 0.299999
    endloop
  endfacet
  facet normal -0.707107 -0.707107 0
    outer loop
      vertex 4.19167 -4.24264 3.2
      vertex 4.75736 -4.80833 0.299999
      vertex 4.75736 -4.80833 3.2
    endloop
  endfacet
  facet normal 0 0 1
    outer loop
      vertex 5.04393 -4.51104 3.2
      vertex 4.75736 -4.80833 3.2
      vertex 5.04981 -4.51587 3.2
    endloop
  endfacet
  facet normal 0 0 1
    outer loop
      vertex 4.75736 -4.24264 3.2
      vertex 4.75736 -4.80833 3.2
      vertex 5.04393 -4.51104 3.2
    endloop
  endfacet
  facet normal 0 0 1
    outer loop
      vertex 4.19167 -4.24264 3.2
      vertex 4.75736 -4.24264 3.2
      vertex 4.48896 -3.95607 3.2
    endloop
  endfacet
  facet normal 0 0 1
    outer loop
      vertex 4.19167 -4.24264 3.2
      vertex 4.48896 -3.95607 3.2
      vertex 4.48413 -3.95019 3.2
    endloop
  endfacet
  facet normal 0 0 1
    outer loop
      vertex 4.75736 -4.24264 3.2
      vertex 4.19167 -4.24264 3.2
      vertex 4.75736 -4.80833 3.2
    endloop
  endfacet
  facet normal 0 0 -1
    outer loop
      vertex 4.75736 -4.80833 0.299999
      vertex 5.04393 -4.51104 0.299999
      vertex 5.04981 -4.51587 0.299999
    endloop
  endfacet
  facet normal 0 0 -1
    outer loop
      vertex 4.75736 -4.80833 0.299999
      vertex 4.75736 -4.24264 0.299999
      vertex 5.04393 -4.51104 0.299999
    endloop
  endfacet
  facet normal 0 0 -1
    outer loop
      vertex 4.19167 -4.24264 0.299999
      vertex 4.75736 -4.24264 0.299999
      vertex 4.75736 -4.80833 0.299999
    endloop
  endfacet
  facet normal 0 0 -1
    outer loop
      vertex 4.75736 -4.24264 0.299999
      vertex 4.19167 -4.24264 0.299999
      vertex 4.48896 -3.95607 0.299999
    endloop
  endfacet
  facet normal -0 0 -1
    outer loop
      vertex 4.48896 -3.95607 0.299999
      vertex 4.19167 -4.24264 0.299999
      vertex 4.48413 -3.95019 0.299999
    endloop
  endfacet
  facet normal 0.707119 -0.707095 0
    outer loop
      vertex 4.75736 -4.80833 3.2
      vertex 5.04981 -4.51587 0.299999
      vertex 5.04981 -4.51587 3.2
    endloop
  endfacet
  facet normal 0.707119 -0.707095 0
    outer loop
      vertex 5.04981 -4.51587 0.299999
      vertex 4.75736 -4.80833 3.2
      vertex 4.75736 -4.80833 0.299999
    endloop
  endfacet
  facet normal -0.707095 0.707119 0
    outer loop
      vertex 4.19167 -4.24264 0.299999
      vertex 4.48413 -3.95019 3.2
      vertex 4.48413 -3.95019 0.299999
    endloop
  endfacet
  facet normal -0.707095 0.707119 0
    outer loop
      vertex 4.48413 -3.95019 3.2
      vertex 4.19167 -4.24264 0.299999
      vertex 4.19167 -4.24264 3.2
    endloop
  endfacet
  facet normal -0.5 -0.866025 0
    outer loop
      vertex 5.45359 -5.34256 0.299999
      vertex 6.14641 -5.74256 3.2
      vertex 5.45359 -5.34256 3.2
    endloop
  endfacet
  facet normal -0.5 -0.866025 -0
    outer loop
      vertex 6.14641 -5.74256 3.2
      vertex 5.45359 -5.34256 0.299999
      vertex 6.14641 -5.74256 0.299999
    endloop
  endfacet
  facet normal 0 0 1
    outer loop
      vertex 6.34627 -5.38124 3.2
      vertex 6.14641 -5.74256 3.2
      vertex 6.35321 -5.38438 3.2
    endloop
  endfacet
  facet normal 0 0 1
    outer loop
      vertex 6 -5.19615 3.2
      vertex 6.14641 -5.74256 3.2
      vertex 6.34627 -5.38124 3.2
    endloop
  endfacet
  facet normal 0 0 1
    outer loop
      vertex 5.45359 -5.34256 3.2
      vertex 6 -5.19615 3.2
      vertex 5.66658 -4.98882 3.2
    endloop
  endfacet
  facet normal 0 0 1
    outer loop
      vertex 5.45359 -5.34256 3.2
      vertex 5.66658 -4.98882 3.2
      vertex 5.66039 -4.98438 3.2
    endloop
  endfacet
  facet normal 0 0 1
    outer loop
      vertex 6 -5.19615 3.2
      vertex 5.45359 -5.34256 3.2
      vertex 6.14641 -5.74256 3.2
    endloop
  endfacet
  facet normal 0 0 -1
    outer loop
      vertex 6.14641 -5.74256 0.299999
      vertex 6.34627 -5.38124 0.299999
      vertex 6.35321 -5.38438 0.299999
    endloop
  endfacet
  facet normal 0 0 -1
    outer loop
      vertex 6.14641 -5.74256 0.299999
      vertex 6 -5.19615 0.299999
      vertex 6.34627 -5.38124 0.299999
    endloop
  endfacet
  facet normal 0 0 -1
    outer loop
      vertex 5.45359 -5.34256 0.299999
      vertex 6 -5.19615 0.299999
      vertex 6.14641 -5.74256 0.299999
    endloop
  endfacet
  facet normal -0 0 -1
    outer loop
      vertex 6 -5.19615 0.299999
      vertex 5.45359 -5.34256 0.299999
      vertex 5.66658 -4.98882 0.299999
    endloop
  endfacet
  facet normal -0 0 -1
    outer loop
      vertex 5.66658 -4.98882 0.299999
      vertex 5.45359 -5.34256 0.299999
      vertex 5.66039 -4.98438 0.299999
    endloop
  endfacet
  facet normal 0.866021 -0.500008 0
    outer loop
      vertex 6.14641 -5.74256 3.2
      vertex 6.35321 -5.38438 0.299999
      vertex 6.35321 -5.38438 3.2
    endloop
  endfacet
  facet normal 0.866021 -0.500008 0
    outer loop
      vertex 6.35321 -5.38438 0.299999
      vertex 6.14641 -5.74256 3.2
      vertex 6.14641 -5.74256 0.299999
    endloop
  endfacet
  facet normal -0.866021 0.500008 0
    outer loop
      vertex 5.45359 -5.34256 0.299999
      vertex 5.66039 -4.98438 3.2
      vertex 5.66039 -4.98438 0.299999
    endloop
  endfacet
  facet normal -0.866021 0.500008 0
    outer loop
      vertex 5.66039 -4.98438 3.2
      vertex 5.45359 -5.34256 0.299999
      vertex 5.45359 -5.34256 3.2
    endloop
  endfacet
  facet normal -0.258813 -0.965927 0
    outer loop
      vertex 6.95719 -6.0784 0.299999
      vertex 7.72993 -6.28545 3.2
      vertex 6.95719 -6.0784 3.2
    endloop
  endfacet
  facet normal -0.258813 -0.965927 -0
    outer loop
      vertex 7.72993 -6.28545 3.2
      vertex 6.95719 -6.0784 0.299999
      vertex 7.72993 -6.28545 0.299999
    endloop
  endfacet
  facet normal 0 0 1
    outer loop
      vertex 7.82946 -5.88471 3.2
      vertex 7.72993 -6.28545 3.2
      vertex 7.83697 -5.88595 3.2
    endloop
  endfacet
  facet normal 0 0 1
    outer loop
      vertex 7.44709 -5.79555 3.2
      vertex 7.72993 -6.28545 3.2
      vertex 7.82946 -5.88471 3.2
    endloop
  endfacet
  facet normal 0 0 1
    outer loop
      vertex 6.95719 -6.0784 3.2
      vertex 7.44709 -5.79555 3.2
      vertex 7.07136 -5.68158 3.2
    endloop
  endfacet
  facet normal 0 0 1
    outer loop
      vertex 6.95719 -6.0784 3.2
      vertex 7.07136 -5.68158 3.2
      vertex 7.06423 -5.6789 3.2
    endloop
  endfacet
  facet normal 0 0 1
    outer loop
      vertex 7.44709 -5.79555 3.2
      vertex 6.95719 -6.0784 3.2
      vertex 7.72993 -6.28545 3.2
    endloop
  endfacet
  facet normal 0 0 -1
    outer loop
      vertex 7.72993 -6.28545 0.299999
      vertex 7.82946 -5.88471 0.299999
      vertex 7.83697 -5.88595 0.299999
    endloop
  endfacet
  facet normal 0 0 -1
    outer loop
      vertex 7.72993 -6.28545 0.299999
      vertex 7.44709 -5.79555 0.299999
      vertex 7.82946 -5.88471 0.299999
    endloop
  endfacet
  facet normal 0 0 -1
    outer loop
      vertex 6.95719 -6.0784 0.299999
      vertex 7.44709 -5.79555 0.299999
      vertex 7.72993 -6.28545 0.299999
    endloop
  endfacet
  facet normal -0 0 -1
    outer loop
      vertex 7.44709 -5.79555 0.299999
      vertex 6.95719 -6.0784 0.299999
      vertex 7.07136 -5.68158 0.299999
    endloop
  endfacet
  facet normal -0 0 -1
    outer loop
      vertex 7.07136 -5.68158 0.299999
      vertex 6.95719 -6.0784 0.299999
      vertex 7.06423 -5.6789 0.299999
    endloop
  endfacet
  facet normal 0.965929 -0.258806 0
    outer loop
      vertex 7.72993 -6.28545 3.2
      vertex 7.83697 -5.88595 0.299999
      vertex 7.83697 -5.88595 3.2
    endloop
  endfacet
  facet normal 0.965929 -0.258806 0
    outer loop
      vertex 7.83697 -5.88595 0.299999
      vertex 7.72993 -6.28545 3.2
      vertex 7.72993 -6.28545 0.299999
    endloop
  endfacet
  facet normal -0.965929 0.258806 0
    outer loop
      vertex 6.95719 -6.0784 0.299999
      vertex 7.06423 -5.6789 3.2
      vertex 7.06423 -5.6789 0.299999
    endloop
  endfacet
  facet normal -0.965929 0.258806 0
    outer loop
      vertex 7.06423 -5.6789 3.2
      vertex 6.95719 -6.0784 0.299999
      vertex 6.95719 -6.0784 3.2
    endloop
  endfacet
  facet normal 0 -1 0
    outer loop
      vertex 8.6 -6.4 0.299999
      vertex 9.4 -6.4 3.2
      vertex 8.6 -6.4 3.2
    endloop
  endfacet
  facet normal 0 -1 -0
    outer loop
      vertex 9.4 -6.4 3.2
      vertex 8.6 -6.4 0.299999
      vertex 9.4 -6.4 0.299999
    endloop
  endfacet
  facet normal -0 0 1
    outer loop
      vertex 9.39242 -5.98715 3.2
      vertex 9.4 -6.4 3.2
      vertex 9.4 -5.98641 3.2
    endloop
  endfacet
  facet normal -0 0 1
    outer loop
      vertex 9 -6 3.2
      vertex 9.4 -6.4 3.2
      vertex 9.39242 -5.98715 3.2
    endloop
  endfacet
  facet normal 0 0 1
    outer loop
      vertex 8.6 -6.4 3.2
      vertex 9 -6 3.2
      vertex 8.60758 -5.98715 3.2
    endloop
  endfacet
  facet normal 0 0 1
    outer loop
      vertex 8.6 -6.4 3.2
      vertex 8.60758 -5.98715 3.2
      vertex 8.6 -5.98641 3.2
    endloop
  endfacet
  facet normal 0 0 1
    outer loop
      vertex 9 -6 3.2
      vertex 8.6 -6.4 3.2
      vertex 9.4 -6.4 3.2
    endloop
  endfacet
  facet normal 0 0 -1
    outer loop
      vertex 9.4 -6.4 0.299999
      vertex 9.39242 -5.98715 0.299999
      vertex 9.4 -5.98641 0.299999
    endloop
  endfacet
  facet normal 0 0 -1
    outer loop
      vertex 9.4 -6.4 0.299999
      vertex 9 -6 0.299999
      vertex 9.39242 -5.98715 0.299999
    endloop
  endfacet
  facet normal 0 0 -1
    outer loop
      vertex 8.6 -6.4 0.299999
      vertex 9 -6 0.299999
      vertex 9.4 -6.4 0.299999
    endloop
  endfacet
  facet normal -0 0 -1
    outer loop
      vertex 9 -6 0.299999
      vertex 8.6 -6.4 0.299999
      vertex 8.60758 -5.98715 0.299999
    endloop
  endfacet
  facet normal -0 0 -1
    outer loop
      vertex 8.60758 -5.98715 0.299999
      vertex 8.6 -6.4 0.299999
      vertex 8.6 -5.98641 0.299999
    endloop
  endfacet
  facet normal -1 0 0
    outer loop
      vertex 8.6 -6.4 0.299999
      vertex 8.6 -5.98641 3.2
      vertex 8.6 -5.98641 0.299999
    endloop
  endfacet
  facet normal -1 -0 0
    outer loop
      vertex 8.6 -5.98641 3.2
      vertex 8.6 -6.4 0.299999
      vertex 8.6 -6.4 3.2
    endloop
  endfacet
  facet normal 1 -0 0
    outer loop
      vertex 9.4 -6.4 3.2
      vertex 9.4 -5.98641 0.299999
      vertex 9.4 -5.98641 3.2
    endloop
  endfacet
  facet normal 1 0 0
    outer loop
      vertex 9.4 -5.98641 0.299999
      vertex 9.4 -6.4 3.2
      vertex 9.4 -6.4 0.299999
    endloop
  endfacet
  facet normal 0.258826 -0.965924 0
    outer loop
      vertex 10.2701 -6.28545 0.299999
      vertex 11.0428 -6.0784 3.2
      vertex 10.2701 -6.28545 3.2
    endloop
  endfacet
  facet normal 0.258826 -0.965924 0
    outer loop
      vertex 11.0428 -6.0784 3.2
      vertex 10.2701 -6.28545 0.299999
      vertex 11.0428 -6.0784 0.299999
    endloop
  endfacet
  facet normal -0 0 1
    outer loop
      vertex 10.9286 -5.68158 3.2
      vertex 11.0428 -6.0784 3.2
      vertex 10.9358 -5.6789 3.2
    endloop
  endfacet
  facet normal -0 0 1
    outer loop
      vertex 10.5529 -5.79555 3.2
      vertex 11.0428 -6.0784 3.2
      vertex 10.9286 -5.68158 3.2
    endloop
  endfacet
  facet normal 0 0 1
    outer loop
      vertex 10.5529 -5.79555 3.2
      vertex 10.2701 -6.28545 3.2
      vertex 11.0428 -6.0784 3.2
    endloop
  endfacet
  facet normal -0 0 1
    outer loop
      vertex 10.1705 -5.88471 3.2
      vertex 10.2701 -6.28545 3.2
      vertex 10.5529 -5.79555 3.2
    endloop
  endfacet
  facet normal 0 0 1
    outer loop
      vertex 10.2701 -6.28545 3.2
      vertex 10.1705 -5.88471 3.2
      vertex 10.163 -5.88595 3.2
    endloop
  endfacet
  facet normal 0 0 -1
    outer loop
      vertex 11.0428 -6.0784 0.299999
      vertex 10.9286 -5.68158 0.299999
      vertex 10.9358 -5.6789 0.299999
    endloop
  endfacet
  facet normal 0 0 -1
    outer loop
      vertex 11.0428 -6.0784 0.299999
      vertex 10.5529 -5.79555 0.299999
      vertex 10.9286 -5.68158 0.299999
    endloop
  endfacet
  facet normal 0 0 -1
    outer loop
      vertex 10.2701 -6.28545 0.299999
      vertex 10.5529 -5.79555 0.299999
      vertex 11.0428 -6.0784 0.299999
    endloop
  endfacet
  facet normal 0 0 -1
    outer loop
      vertex 10.2701 -6.28545 0.299999
      vertex 10.1705 -5.88471 0.299999
      vertex 10.5529 -5.79555 0.299999
    endloop
  endfacet
  facet normal 0 -0 -1
    outer loop
      vertex 10.1705 -5.88471 0.299999
      vertex 10.2701 -6.28545 0.299999
      vertex 10.163 -5.88595 0.299999
    endloop
  endfacet
  facet normal 0.965953 0.258716 0
    outer loop
      vertex 11.0428 -6.0784 3.2
      vertex 10.9358 -5.6789 0.299999
      vertex 10.9358 -5.6789 3.2
    endloop
  endfacet
  facet normal 0.965953 0.258716 0
    outer loop
      vertex 10.9358 -5.6789 0.299999
      vertex 11.0428 -6.0784 3.2
      vertex 11.0428 -6.0784 0.299999
    endloop
  endfacet
  facet normal -0.965893 -0.258942 0
    outer loop
      vertex 10.2701 -6.28545 0.299999
      vertex 10.163 -5.88595 3.2
      vertex 10.163 -5.88595 0.299999
    endloop
  endfacet
  facet normal -0.965893 -0.258942 0
    outer loop
      vertex 10.163 -5.88595 3.2
      vertex 10.2701 -6.28545 0.299999
      vertex 10.2701 -6.28545 3.2
    endloop
  endfacet
  facet normal 0.500011 -0.866019 0
    outer loop
      vertex 11.8536 -5.74256 0.299999
      vertex 12.5464 -5.34256 3.2
      vertex 11.8536 -5.74256 3.2
    endloop
  endfacet
  facet normal 0.500011 -0.866019 0
    outer loop
      vertex 12.5464 -5.34256 3.2
      vertex 11.8536 -5.74256 0.299999
      vertex 12.5464 -5.34256 0.299999
    endloop
  endfacet
  facet normal -0 0 1
    outer loop
      vertex 12.3334 -4.98882 3.2
      vertex 12.5464 -5.34256 3.2
      vertex 12.3396 -4.98438 3.2
    endloop
  endfacet
  facet normal -0 0 1
    outer loop
      vertex 12 -5.19615 3.2
      vertex 12.5464 -5.34256 3.2
      vertex 12.3334 -4.98882 3.2
    endloop
  endfacet
  facet normal 0 0 1
    outer loop
      vertex 12 -5.19615 3.2
      vertex 11.8536 -5.74256 3.2
      vertex 12.5464 -5.34256 3.2
    endloop
  endfacet
  facet normal -0 0 1
    outer loop
      vertex 11.6537 -5.38124 3.2
      vertex 11.8536 -5.74256 3.2
      vertex 12 -5.19615 3.2
    endloop
  endfacet
  facet normal 0 0 1
    outer loop
      vertex 11.8536 -5.74256 3.2
      vertex 11.6537 -5.38124 3.2
      vertex 11.6468 -5.38438 3.2
    endloop
  endfacet
  facet normal 0 0 -1
    outer loop
      vertex 12.5464 -5.34256 0.299999
      vertex 12.3334 -4.98882 0.299999
      vertex 12.3396 -4.98438 0.299999
    endloop
  endfacet
  facet normal 0 0 -1
    outer loop
      vertex 12.5464 -5.34256 0.299999
      vertex 12 -5.19615 0.299999
      vertex 12.3334 -4.98882 0.299999
    endloop
  endfacet
  facet normal 0 0 -1
    outer loop
      vertex 11.8536 -5.74256 0.299999
      vertex 12 -5.19615 0.299999
      vertex 12.5464 -5.34256 0.299999
    endloop
  endfacet
  facet normal 0 0 -1
    outer loop
      vertex 11.8536 -5.74256 0.299999
      vertex 11.6537 -5.38124 0.299999
      vertex 12 -5.19615 0.299999
    endloop
  endfacet
  facet normal 0 -0 -1
    outer loop
      vertex 11.6537 -5.38124 0.299999
      vertex 11.8536 -5.74256 0.299999
      vertex 11.6468 -5.38438 0.299999
    endloop
  endfacet
  facet normal 0.866021 0.500008 0
    outer loop
      vertex 12.5464 -5.34256 3.2
      vertex 12.3396 -4.98438 0.299999
      vertex 12.3396 -4.98438 3.2
    endloop
  endfacet
  facet normal 0.866021 0.500008 0
    outer loop
      vertex 12.3396 -4.98438 0.299999
      vertex 12.5464 -5.34256 3.2
      vertex 12.5464 -5.34256 0.299999
    endloop
  endfacet
  facet normal -0.866021 -0.500008 0
    outer loop
      vertex 11.8536 -5.74256 0.299999
      vertex 11.6468 -5.38438 3.2
      vertex 11.6468 -5.38438 0.299999
    endloop
  endfacet
  facet normal -0.866021 -0.500008 0
    outer loop
      vertex 11.6468 -5.38438 3.2
      vertex 11.8536 -5.74256 0.299999
      vertex 11.8536 -5.74256 3.2
    endloop
  endfacet
  facet normal 0.707101 -0.707113 0
    outer loop
      vertex 13.2426 -4.80833 3.2
      vertex 13.8083 -4.24264 0.299999
      vertex 13.8083 -4.24264 3.2
    endloop
  endfacet
  facet normal 0.707101 -0.707113 0
    outer loop
      vertex 13.8083 -4.24264 0.299999
      vertex 13.2426 -4.80833 3.2
      vertex 13.2426 -4.80833 0.299999
    endloop
  endfacet
  facet normal -0 0 1
    outer loop
      vertex 13.511 -3.95607 3.2
      vertex 13.8083 -4.24264 3.2
      vertex 13.5159 -3.95019 3.2
    endloop
  endfacet
  facet normal 0 0 1
    outer loop
      vertex 13.2426 -4.24264 3.2
      vertex 13.8083 -4.24264 3.2
      vertex 13.511 -3.95607 3.2
    endloop
  endfacet
  facet normal -0 0 1
    outer loop
      vertex 13.2426 -4.24264 3.2
      vertex 13.2426 -4.80833 3.2
      vertex 13.8083 -4.24264 3.2
    endloop
  endfacet
  facet normal -0 0 1
    outer loop
      vertex 12.9561 -4.51104 3.2
      vertex 13.2426 -4.80833 3.2
      vertex 13.2426 -4.24264 3.2
    endloop
  endfacet
  facet normal 0 0 1
    outer loop
      vertex 13.2426 -4.80833 3.2
      vertex 12.9561 -4.51104 3.2
      vertex 12.9502 -4.51587 3.2
    endloop
  endfacet
  facet normal 0 0 -1
    outer loop
      vertex 13.8083 -4.24264 0.299999
      vertex 13.511 -3.95607 0.299999
      vertex 13.5159 -3.95019 0.299999
    endloop
  endfacet
  facet normal 0 0 -1
    outer loop
      vertex 13.2426 -4.24264 0.299999
      vertex 13.8083 -4.24264 0.299999
      vertex 13.2426 -4.80833 0.299999
    endloop
  endfacet
  facet normal 0 0 -1
    outer loop
      vertex 13.8083 -4.24264 0.299999
      vertex 13.2426 -4.24264 0.299999
      vertex 13.511 -3.95607 0.299999
    endloop
  endfacet
  facet normal 0 0 -1
    outer loop
      vertex 13.2426 -4.80833 0.299999
      vertex 12.9561 -4.51104 0.299999
      vertex 13.2426 -4.24264 0.299999
    endloop
  endfacet
  facet normal 0 -0 -1
    outer loop
      vertex 12.9561 -4.51104 0.299999
      vertex 13.2426 -4.80833 0.299999
      vertex 12.9502 -4.51587 0.299999
    endloop
  endfacet
  facet normal 0.707167 0.707046 -0
    outer loop
      vertex 13.8083 -4.24264 0.299999
      vertex 13.5159 -3.95019 3.2
      vertex 13.8083 -4.24264 3.2
    endloop
  endfacet
  facet normal 0.707167 0.707046 0
    outer loop
      vertex 13.5159 -3.95019 3.2
      vertex 13.8083 -4.24264 0.299999
      vertex 13.5159 -3.95019 0.299999
    endloop
  endfacet
  facet normal -0.707179 -0.707034 0
    outer loop
      vertex 12.9502 -4.51587 0.299999
      vertex 13.2426 -4.80833 3.2
      vertex 12.9502 -4.51587 3.2
    endloop
  endfacet
  facet normal -0.707179 -0.707034 -0
    outer loop
      vertex 13.2426 -4.80833 3.2
      vertex 12.9502 -4.51587 0.299999
      vertex 13.2426 -4.80833 0.299999
    endloop
  endfacet
  facet normal 0.866025 -0.5 0
    outer loop
      vertex 14.3426 -3.54641 3.2
      vertex 14.7426 -2.85359 0.299999
      vertex 14.7426 -2.85359 3.2
    endloop
  endfacet
  facet normal 0.866025 -0.5 0
    outer loop
      vertex 14.7426 -2.85359 0.299999
      vertex 14.3426 -3.54641 3.2
      vertex 14.3426 -3.54641 0.299999
    endloop
  endfacet
  facet normal -0 0 1
    outer loop
      vertex 14.3812 -2.65373 3.2
      vertex 14.7426 -2.85359 3.2
      vertex 14.3844 -2.64679 3.2
    endloop
  endfacet
  facet normal 0 0 1
    outer loop
      vertex 14.1962 -3 3.2
      vertex 14.7426 -2.85359 3.2
      vertex 14.3812 -2.65373 3.2
    endloop
  endfacet
  facet normal 0 0 1
    outer loop
      vertex 14.7426 -2.85359 3.2
      vertex 14.1962 -3 3.2
      vertex 14.3426 -3.54641 3.2
    endloop
  endfacet
  facet normal -0 0 1
    outer loop
      vertex 13.9888 -3.33342 3.2
      vertex 14.3426 -3.54641 3.2
      vertex 14.1962 -3 3.2
    endloop
  endfacet
  facet normal 0 0 1
    outer loop
      vertex 14.3426 -3.54641 3.2
      vertex 13.9888 -3.33342 3.2
      vertex 13.9844 -3.33961 3.2
    endloop
  endfacet
  facet normal 0 0 -1
    outer loop
      vertex 14.7426 -2.85359 0.299999
      vertex 14.3812 -2.65373 0.299999
      vertex 14.3844 -2.64679 0.299999
    endloop
  endfacet
  facet normal 0 0 -1
    outer loop
      vertex 14.1962 -3 0.299999
      vertex 14.7426 -2.85359 0.299999
      vertex 14.3426 -3.54641 0.299999
    endloop
  endfacet
  facet normal -0 0 -1
    outer loop
      vertex 14.7426 -2.85359 0.299999
      vertex 14.1962 -3 0.299999
      vertex 14.3812 -2.65373 0.299999
    endloop
  endfacet
  facet normal 0 0 -1
    outer loop
      vertex 14.3426 -3.54641 0.299999
      vertex 13.9888 -3.33342 0.299999
      vertex 14.1962 -3 0.299999
    endloop
  endfacet
  facet normal 0 -0 -1
    outer loop
      vertex 13.9888 -3.33342 0.299999
      vertex 14.3426 -3.54641 0.299999
      vertex 13.9844 -3.33961 0.299999
    endloop
  endfacet
  facet normal 0.499988 0.866033 -0
    outer loop
      vertex 14.7426 -2.85359 0.299999
      vertex 14.3844 -2.64679 3.2
      vertex 14.7426 -2.85359 3.2
    endloop
  endfacet
  facet normal 0.499988 0.866033 0
    outer loop
      vertex 14.3844 -2.64679 3.2
      vertex 14.7426 -2.85359 0.299999
      vertex 14.3844 -2.64679 0.299999
    endloop
  endfacet
  facet normal -0.499988 -0.866033 0
    outer loop
      vertex 13.9844 -3.33961 0.299999
      vertex 14.3426 -3.54641 3.2
      vertex 13.9844 -3.33961 3.2
    endloop
  endfacet
  facet normal -0.499988 -0.866033 -0
    outer loop
      vertex 14.3426 -3.54641 3.2
      vertex 13.9844 -3.33961 0.299999
      vertex 14.3426 -3.54641 0.299999
    endloop
  endfacet
  facet normal 0.965912 -0.258871 0
    outer loop
      vertex 15.0784 -2.04281 3.2
      vertex 15.2855 -1.27007 0.299999
      vertex 15.2855 -1.27007 3.2
    endloop
  endfacet
  facet normal 0.965912 -0.258871 0
    outer loop
      vertex 15.2855 -1.27007 0.299999
      vertex 15.0784 -2.04281 3.2
      vertex 15.0784 -2.04281 0.299999
    endloop
  endfacet
  facet normal -0 0 1
    outer loop
      vertex 14.8847 -1.17054 3.2
      vertex 15.2855 -1.27007 3.2
      vertex 14.886 -1.16303 3.2
    endloop
  endfacet
  facet normal 0 0 1
    outer loop
      vertex 14.7956 -1.55291 3.2
      vertex 15.2855 -1.27007 3.2
      vertex 14.8847 -1.17054 3.2
    endloop
  endfacet
  facet normal 0 0 1
    outer loop
      vertex 15.2855 -1.27007 3.2
      vertex 14.7956 -1.55291 3.2
      vertex 15.0784 -2.04281 3.2
    endloop
  endfacet
  facet normal -0 0 1
    outer loop
      vertex 14.6816 -1.92864 3.2
      vertex 15.0784 -2.04281 3.2
      vertex 14.7956 -1.55291 3.2
    endloop
  endfacet
  facet normal 0 0 1
    outer loop
      vertex 15.0784 -2.04281 3.2
      vertex 14.6816 -1.92864 3.2
      vertex 14.6789 -1.93577 3.2
    endloop
  endfacet
  facet normal 0 0 -1
    outer loop
      vertex 14.7956 -1.55291 0.299999
      vertex 15.2855 -1.27007 0.299999
      vertex 15.0784 -2.04281 0.299999
    endloop
  endfacet
  facet normal 0 0 -1
    outer loop
      vertex 15.2855 -1.27007 0.299999
      vertex 14.8847 -1.17054 0.299999
      vertex 14.886 -1.16303 0.299999
    endloop
  endfacet
  facet normal -0 0 -1
    outer loop
      vertex 15.2855 -1.27007 0.299999
      vertex 14.7956 -1.55291 0.299999
      vertex 14.8847 -1.17054 0.299999
    endloop
  endfacet
  facet normal 0 0 -1
    outer loop
      vertex 15.0784 -2.04281 0.299999
      vertex 14.6816 -1.92864 0.299999
      vertex 14.7956 -1.55291 0.299999
    endloop
  endfacet
  facet normal 0 -0 -1
    outer loop
      vertex 14.6816 -1.92864 0.299999
      vertex 15.0784 -2.04281 0.299999
      vertex 14.6789 -1.93577 0.299999
    endloop
  endfacet
  facet normal 0.258806 0.965929 -0
    outer loop
      vertex 15.2855 -1.27007 0.299999
      vertex 14.886 -1.16303 3.2
      vertex 15.2855 -1.27007 3.2
    endloop
  endfacet
  facet normal 0.258806 0.965929 0
    outer loop
      vertex 14.886 -1.16303 3.2
      vertex 15.2855 -1.27007 0.299999
      vertex 14.886 -1.16303 0.299999
    endloop
  endfacet
  facet normal -0.258806 -0.965929 0
    outer loop
      vertex 14.6789 -1.93577 0.299999
      vertex 15.0784 -2.04281 3.2
      vertex 14.6789 -1.93577 3.2
    endloop
  endfacet
  facet normal -0.258806 -0.965929 -0
    outer loop
      vertex 15.0784 -2.04281 3.2
      vertex 14.6789 -1.93577 0.299999
      vertex 15.0784 -2.04281 0.299999
    endloop
  endfacet
  facet normal 0.995194 0.0979205 0
    outer loop
      vertex 14.9487 0.783156 3.5
      vertex 14.9864 0.4 3.2
      vertex 14.9487 0.783156 0
    endloop
  endfacet
  facet normal 0.995181 0.0980567 -0.000175597
    outer loop
      vertex 14.9872 0.392418 3.5
      vertex 14.9864 0.4 3.2
      vertex 14.9487 0.783156 3.5
    endloop
  endfacet
  facet normal 0.99448 0.104931 0
    outer loop
      vertex 14.9864 0.4 3.2
      vertex 14.9872 0.392418 3.5
      vertex 14.9872 0.392418 3.2
    endloop
  endfacet
  facet normal 0.995194 0.0979205 -0
    outer loop
      vertex 14.9864 0.4 0.299999
      vertex 14.9487 0.783156 0
      vertex 14.9864 0.4 3.2
    endloop
  endfacet
  facet normal 0.99448 0.104931 -0
    outer loop
      vertex 14.9872 0.392418 0
      vertex 14.9864 0.4 0.299999
      vertex 14.9872 0.392418 0.299999
    endloop
  endfacet
  facet normal 0.995181 0.0980567 0.000175598
    outer loop
      vertex 14.9864 0.4 0.299999
      vertex 14.9872 0.392418 0
      vertex 14.9487 0.783156 0
    endloop
  endfacet
  facet normal 0.999468 0.0326009 0
    outer loop
      vertex 15 0 0.299999
      vertex 14.9872 0.392418 0
      vertex 14.9872 0.392418 0.299999
    endloop
  endfacet
  facet normal 0.999468 0.0326009 0
    outer loop
      vertex 14.9872 0.392418 0
      vertex 15 0 0.299999
      vertex 15 0 0
    endloop
  endfacet
  facet normal 0.999468 0.0326009 0
    outer loop
      vertex 15 0 3.5
      vertex 14.9872 0.392418 3.2
      vertex 14.9872 0.392418 3.5
    endloop
  endfacet
  facet normal 0.999468 0.0326009 0
    outer loop
      vertex 14.9872 0.392418 3.2
      vertex 15 0 3.5
      vertex 15 0 3.2
    endloop
  endfacet
  facet normal 0.985346 0.170566 0
    outer loop
      vertex 14.8847 1.17054 3.5
      vertex 14.886 1.16303 3.2
      vertex 14.8847 1.17054 3.2
    endloop
  endfacet
  facet normal 0.986651 0.162851 0
    outer loop
      vertex 14.886 1.16303 3.2
      vertex 14.9487 0.783156 3.5
      vertex 14.886 1.16303 0.299999
    endloop
  endfacet
  facet normal 0.986626 0.163001 0.000194915
    outer loop
      vertex 14.9487 0.783156 3.5
      vertex 14.886 1.16303 3.2
      vertex 14.8847 1.17054 3.5
    endloop
  endfacet
  facet normal 0.985346 0.170566 0
    outer loop
      vertex 14.886 1.16303 0.299999
      vertex 14.8847 1.17054 0
      vertex 14.8847 1.17054 0.299999
    endloop
  endfacet
  facet normal 0.986651 0.162851 -0
    outer loop
      vertex 14.9487 0.783156 0
      vertex 14.886 1.16303 0.299999
      vertex 14.9487 0.783156 3.5
    endloop
  endfacet
  facet normal 0.986626 0.163001 -0.000194916
    outer loop
      vertex 14.886 1.16303 0.299999
      vertex 14.9487 0.783156 0
      vertex 14.8847 1.17054 0
    endloop
  endfacet
  facet normal -0.812579 -0.582851 0
    outer loop
      vertex 4.01118 -3.33342 0
      vertex 4.01562 -3.33961 0.299999
      vertex 4.01118 -3.33342 0.299999
    endloop
  endfacet
  facet normal -0.812852 -0.582471 0
    outer loop
      vertex 4.01562 -3.33961 0.299999
      vertex 4.23988 -3.65257 0
      vertex 4.01562 -3.33961 3.2
    endloop
  endfacet
  facet normal -0.812846 -0.582478 1.16564e-05
    outer loop
      vertex 4.23988 -3.65257 0
      vertex 4.01562 -3.33961 0.299999
      vertex 4.01118 -3.33342 0
    endloop
  endfacet
  facet normal -0.812579 -0.582851 0
    outer loop
      vertex 4.01562 -3.33961 3.2
      vertex 4.01118 -3.33342 3.5
      vertex 4.01118 -3.33342 3.2
    endloop
  endfacet
  facet normal -0.812852 -0.582471 -0
    outer loop
      vertex 4.23988 -3.65257 3.5
      vertex 4.01562 -3.33961 3.2
      vertex 4.23988 -3.65257 0
    endloop
  endfacet
  facet normal -0.812846 -0.582478 -1.16564e-05
    outer loop
      vertex 4.01562 -3.33961 3.2
      vertex 4.23988 -3.65257 3.5
      vertex 4.01118 -3.33342 3.5
    endloop
  endfacet
  facet normal 0.99448 -0.104931 0
    outer loop
      vertex 14.9872 -0.392418 3.5
      vertex 14.9864 -0.4 3.2
      vertex 14.9872 -0.392418 3.2
    endloop
  endfacet
  facet normal 0.995194 -0.0979205 0
    outer loop
      vertex 14.9864 -0.4 3.2
      vertex 14.9487 -0.783156 3.5
      vertex 14.9864 -0.4 0.299999
    endloop
  endfacet
  facet normal 0.995181 -0.0980567 -0.000175597
    outer loop
      vertex 14.9487 -0.783156 3.5
      vertex 14.9864 -0.4 3.2
      vertex 14.9872 -0.392418 3.5
    endloop
  endfacet
  facet normal 0.99448 -0.104931 0
    outer loop
      vertex 14.9864 -0.4 0.299999
      vertex 14.9872 -0.392418 0
      vertex 14.9872 -0.392418 0.299999
    endloop
  endfacet
  facet normal 0.995194 -0.0979205 0
    outer loop
      vertex 14.9487 -0.783156 0
      vertex 14.9864 -0.4 0.299999
      vertex 14.9487 -0.783156 3.5
    endloop
  endfacet
  facet normal 0.995181 -0.0980567 0.000175598
    outer loop
      vertex 14.9864 -0.4 0.299999
      vertex 14.9487 -0.783156 0
      vertex 14.9872 -0.392418 0
    endloop
  endfacet
  facet normal 0.773075 -0.634315 0
    outer loop
      vertex 13.7601 -3.65257 3.5
      vertex 13.5159 -3.95019 3.2
      vertex 13.7601 -3.65257 0
    endloop
  endfacet
  facet normal 0.77298 -0.63443 0.000190524
    outer loop
      vertex 13.511 -3.95607 3.5
      vertex 13.5159 -3.95019 3.2
      vertex 13.7601 -3.65257 3.5
    endloop
  endfacet
  facet normal 0.768221 -0.640184 0
    outer loop
      vertex 13.5159 -3.95019 3.2
      vertex 13.511 -3.95607 3.5
      vertex 13.511 -3.95607 3.2
    endloop
  endfacet
  facet normal 0.773075 -0.634315 0
    outer loop
      vertex 13.5159 -3.95019 0.299999
      vertex 13.7601 -3.65257 0
      vertex 13.5159 -3.95019 3.2
    endloop
  endfacet
  facet normal 0.768221 -0.640184 0
    outer loop
      vertex 13.511 -3.95607 0
      vertex 13.5159 -3.95019 0.299999
      vertex 13.511 -3.95607 0.299999
    endloop
  endfacet
  facet normal 0.77298 -0.63443 -0.000190525
    outer loop
      vertex 13.5159 -3.95019 0.299999
      vertex 13.511 -3.95607 0
      vertex 13.7601 -3.65257 0
    endloop
  endfacet
  facet normal 0.935922 0.352208 0
    outer loop
      vertex 14.5433 2.2961 3.5
      vertex 14.6789 1.93577 3.2
      vertex 14.5433 2.2961 0
    endloop
  endfacet
  facet normal 0.935908 0.352245 -5.14742e-05
    outer loop
      vertex 14.6816 1.92864 3.5
      vertex 14.6789 1.93577 3.2
      vertex 14.5433 2.2961 3.5
    endloop
  endfacet
  facet normal 0.935192 0.35414 0
    outer loop
      vertex 14.6789 1.93577 3.2
      vertex 14.6816 1.92864 3.5
      vertex 14.6816 1.92864 3.2
    endloop
  endfacet
  facet normal 0.935922 0.352208 -0
    outer loop
      vertex 14.6789 1.93577 0.299999
      vertex 14.5433 2.2961 0
      vertex 14.6789 1.93577 3.2
    endloop
  endfacet
  facet normal 0.935192 0.35414 -0
    outer loop
      vertex 14.6816 1.92864 0
      vertex 14.6789 1.93577 0.299999
      vertex 14.6816 1.92864 0.299999
    endloop
  endfacet
  facet normal 0.935908 0.352245 5.14743e-05
    outer loop
      vertex 14.6789 1.93577 0.299999
      vertex 14.6816 1.92864 0
      vertex 14.5433 2.2961 0
    endloop
  endfacet
  facet normal 0.973909 0.226941 0
    outer loop
      vertex 14.8847 1.17054 0.299999
      vertex 14.7956 1.55291 0
      vertex 14.7956 1.55291 0.299999
    endloop
  endfacet
  facet normal 0.973909 0.226941 0
    outer loop
      vertex 14.7956 1.55291 0
      vertex 14.8847 1.17054 0.299999
      vertex 14.8847 1.17054 0
    endloop
  endfacet
  facet normal 0.973909 0.226941 0
    outer loop
      vertex 14.8847 1.17054 3.5
      vertex 14.7956 1.55291 3.2
      vertex 14.7956 1.55291 3.5
    endloop
  endfacet
  facet normal 0.973909 0.226941 0
    outer loop
      vertex 14.7956 1.55291 3.2
      vertex 14.8847 1.17054 3.5
      vertex 14.8847 1.17054 3.2
    endloop
  endfacet
  facet normal -0.935905 0.352253 0
    outer loop
      vertex 3.45672 2.2961 0
      vertex 3.3211 1.93577 0.299999
      vertex 3.45672 2.2961 3.5
    endloop
  endfacet
  facet normal -0.935908 0.352245 -1.09197e-05
    outer loop
      vertex 3.31842 1.92864 0
      vertex 3.3211 1.93577 0.299999
      vertex 3.45672 2.2961 0
    endloop
  endfacet
  facet normal -0.936059 0.351843 0
    outer loop
      vertex 3.3211 1.93577 0.299999
      vertex 3.31842 1.92864 0
      vertex 3.31842 1.92864 0.299999
    endloop
  endfacet
  facet normal -0.935905 0.352253 0
    outer loop
      vertex 3.3211 1.93577 3.2
      vertex 3.45672 2.2961 3.5
      vertex 3.3211 1.93577 0.299999
    endloop
  endfacet
  facet normal -0.936059 0.351843 0
    outer loop
      vertex 3.31842 1.92864 3.5
      vertex 3.3211 1.93577 3.2
      vertex 3.31842 1.92864 3.2
    endloop
  endfacet
  facet normal -0.935908 0.352245 1.09197e-05
    outer loop
      vertex 3.3211 1.93577 3.2
      vertex 3.31842 1.92864 3.5
      vertex 3.45672 2.2961 3.5
    endloop
  endfacet
  facet normal 0.471375 0.881933 -0
    outer loop
      vertex 12 5.19615 0
      vertex 11.6537 5.38124 0.299999
      vertex 12 5.19615 0.299999
    endloop
  endfacet
  facet normal 0.471375 0.881933 0
    outer loop
      vertex 11.6537 5.38124 0.299999
      vertex 12 5.19615 0
      vertex 11.6537 5.38124 0
    endloop
  endfacet
  facet normal 0.471375 0.881933 -0
    outer loop
      vertex 12 5.19615 3.2
      vertex 11.6537 5.38124 3.5
      vertex 12 5.19615 3.5
    endloop
  endfacet
  facet normal 0.471375 0.881933 0
    outer loop
      vertex 11.6537 5.38124 3.5
      vertex 12 5.19615 3.2
      vertex 11.6537 5.38124 3.2
    endloop
  endfacet
  facet normal 0.032728 -0.999464 0
    outer loop
      vertex 9 -6 0
      vertex 9.39242 -5.98715 0.299999
      vertex 9 -6 0.299999
    endloop
  endfacet
  facet normal 0.032728 -0.999464 0
    outer loop
      vertex 9.39242 -5.98715 0.299999
      vertex 9 -6 0
      vertex 9.39242 -5.98715 0
    endloop
  endfacet
  facet normal 0.032728 -0.999464 0
    outer loop
      vertex 9 -6 3.2
      vertex 9.39242 -5.98715 3.5
      vertex 9 -6 3.5
    endloop
  endfacet
  facet normal 0.032728 -0.999464 0
    outer loop
      vertex 9.39242 -5.98715 3.5
      vertex 9 -6 3.2
      vertex 9.39242 -5.98715 3.2
    endloop
  endfacet
  facet normal -0.634739 -0.772726 -0
    outer loop
      vertex 5.04393 -4.51104 0.299999
      vertex 5.04393 -4.51104 0
      vertex 5.04981 -4.51587 0.299999
    endloop
  endfacet
  facet normal -0.634739 -0.772726 0
    outer loop
      vertex 5.04981 -4.51587 3.2
      vertex 5.04393 -4.51104 3.5
      vertex 5.04393 -4.51104 3.2
    endloop
  endfacet
  facet normal -0.634399 -0.773005 1.11608e-05
    outer loop
      vertex 5.04393 -4.51104 3.5
      vertex 5.04981 -4.51587 3.2
      vertex 5.34743 -4.76012 3.5
    endloop
  endfacet
  facet normal -0.634393 -0.773011 0
    outer loop
      vertex 5.04981 -4.51587 0.299999
      vertex 5.34743 -4.76012 3.5
      vertex 5.04981 -4.51587 3.2
    endloop
  endfacet
  facet normal -0.634399 -0.773005 -1.11609e-05
    outer loop
      vertex 5.34743 -4.76012 0
      vertex 5.04981 -4.51587 0.299999
      vertex 5.04393 -4.51104 0
    endloop
  endfacet
  facet normal -0.634393 -0.773011 0
    outer loop
      vertex 5.04981 -4.51587 0.299999
      vertex 5.34743 -4.76012 0
      vertex 5.34743 -4.76012 3.5
    endloop
  endfacet
  facet normal 0.729867 -0.683589 0
    outer loop
      vertex 13.2426 -4.24264 3.5
      vertex 13.511 -3.95607 3.2
      vertex 13.511 -3.95607 3.5
    endloop
  endfacet
  facet normal 0.729867 -0.683589 0
    outer loop
      vertex 13.511 -3.95607 3.2
      vertex 13.2426 -4.24264 3.5
      vertex 13.2426 -4.24264 3.2
    endloop
  endfacet
  facet normal 0.729867 -0.683589 0
    outer loop
      vertex 13.2426 -4.24264 0.299999
      vertex 13.511 -3.95607 0
      vertex 13.511 -3.95607 0.299999
    endloop
  endfacet
  facet normal 0.729867 -0.683589 0
    outer loop
      vertex 13.511 -3.95607 0
      vertex 13.2426 -4.24264 0.299999
      vertex 13.2426 -4.24264 0
    endloop
  endfacet
  facet normal -0.973875 0.227085 0
    outer loop
      vertex 3.11529 1.17054 0
      vertex 3.20445 1.55291 0.299999
      vertex 3.20445 1.55291 0
    endloop
  endfacet
  facet normal -0.973875 0.227085 0
    outer loop
      vertex 3.20445 1.55291 0.299999
      vertex 3.11529 1.17054 0
      vertex 3.11529 1.17054 0.299999
    endloop
  endfacet
  facet normal -0.973875 0.227085 0
    outer loop
      vertex 3.11529 1.17054 3.2
      vertex 3.20445 1.55291 3.5
      vertex 3.20445 1.55291 3.2
    endloop
  endfacet
  facet normal -0.973875 0.227085 0
    outer loop
      vertex 3.20445 1.55291 3.5
      vertex 3.11529 1.17054 3.2
      vertex 3.11529 1.17054 3.5
    endloop
  endfacet
  facet normal 0.908113 0.418726 0
    outer loop
      vertex 14.3812 2.65373 3.5
      vertex 14.3844 2.64679 3.2
      vertex 14.3812 2.65373 3.2
    endloop
  endfacet
  facet normal 0.91086 0.412717 0
    outer loop
      vertex 14.3844 2.64679 3.2
      vertex 14.5433 2.2961 3.5
      vertex 14.3844 2.64679 0.299999
    endloop
  endfacet
  facet normal 0.910806 0.412834 0.000165049
    outer loop
      vertex 14.5433 2.2961 3.5
      vertex 14.3844 2.64679 3.2
      vertex 14.3812 2.65373 3.5
    endloop
  endfacet
  facet normal 0.908113 0.418726 0
    outer loop
      vertex 14.3844 2.64679 0.299999
      vertex 14.3812 2.65373 0
      vertex 14.3812 2.65373 0.299999
    endloop
  endfacet
  facet normal 0.91086 0.412717 -0
    outer loop
      vertex 14.5433 2.2961 0
      vertex 14.3844 2.64679 0.299999
      vertex 14.5433 2.2961 3.5
    endloop
  endfacet
  facet normal 0.910806 0.412834 -0.000165049
    outer loop
      vertex 14.3844 2.64679 0.299999
      vertex 14.5433 2.2961 0
      vertex 14.3812 2.65373 0
    endloop
  endfacet
  facet normal 0.986651 -0.162851 0
    outer loop
      vertex 14.9487 -0.783156 3.5
      vertex 14.886 -1.16303 3.2
      vertex 14.9487 -0.783156 0
    endloop
  endfacet
  facet normal 0.986626 -0.163001 0.000194915
    outer loop
      vertex 14.8847 -1.17054 3.5
      vertex 14.886 -1.16303 3.2
      vertex 14.9487 -0.783156 3.5
    endloop
  endfacet
  facet normal 0.985346 -0.170566 0
    outer loop
      vertex 14.886 -1.16303 3.2
      vertex 14.8847 -1.17054 3.5
      vertex 14.8847 -1.17054 3.2
    endloop
  endfacet
  facet normal 0.986651 -0.162851 0
    outer loop
      vertex 14.886 -1.16303 0.299999
      vertex 14.9487 -0.783156 0
      vertex 14.886 -1.16303 3.2
    endloop
  endfacet
  facet normal 0.985346 -0.170566 0
    outer loop
      vertex 14.8847 -1.17054 0
      vertex 14.886 -1.16303 0.299999
      vertex 14.8847 -1.17054 0.299999
    endloop
  endfacet
  facet normal 0.986626 -0.163001 -0.000194916
    outer loop
      vertex 14.886 -1.16303 0.299999
      vertex 14.8847 -1.17054 0
      vertex 14.9487 -0.783156 0
    endloop
  endfacet
  facet normal 0.768221 0.640184 0
    outer loop
      vertex 13.511 3.95607 3.5
      vertex 13.5159 3.95019 3.2
      vertex 13.511 3.95607 3.2
    endloop
  endfacet
  facet normal 0.773075 0.634315 0
    outer loop
      vertex 13.5159 3.95019 3.2
      vertex 13.7601 3.65257 3.5
      vertex 13.5159 3.95019 0.299999
    endloop
  endfacet
  facet normal 0.77298 0.63443 0.000190524
    outer loop
      vertex 13.7601 3.65257 3.5
      vertex 13.5159 3.95019 3.2
      vertex 13.511 3.95607 3.5
    endloop
  endfacet
  facet normal 0.768221 0.640184 0
    outer loop
      vertex 13.5159 3.95019 0.299999
      vertex 13.511 3.95607 0
      vertex 13.511 3.95607 0.299999
    endloop
  endfacet
  facet normal 0.773075 0.634315 -0
    outer loop
      vertex 13.7601 3.65257 0
      vertex 13.5159 3.95019 0.299999
      vertex 13.7601 3.65257 3.5
    endloop
  endfacet
  facet normal 0.77298 0.63443 -0.000190525
    outer loop
      vertex 13.5159 3.95019 0.299999
      vertex 13.7601 3.65257 0
      vertex 13.511 3.95607 0
    endloop
  endfacet
  facet normal 0.4142 0.910186 0
    outer loop
      vertex 11.6537 5.38124 0.299999
      vertex 11.6537 5.38124 0
      vertex 11.6468 5.38438 0.299999
    endloop
  endfacet
  facet normal 0.4142 0.910186 0
    outer loop
      vertex 11.6468 5.38438 3.2
      vertex 11.6537 5.38124 3.5
      vertex 11.6537 5.38124 3.2
    endloop
  endfacet
  facet normal 0.412736 0.910851 4.06521e-05
    outer loop
      vertex 11.6537 5.38124 3.5
      vertex 11.6468 5.38438 3.2
      vertex 11.2961 5.54328 3.5
    endloop
  endfacet
  facet normal 0.412707 0.910864 -0
    outer loop
      vertex 11.6468 5.38438 0.299999
      vertex 11.2961 5.54328 3.5
      vertex 11.6468 5.38438 3.2
    endloop
  endfacet
  facet normal 0.412736 0.910851 -4.06522e-05
    outer loop
      vertex 11.2961 5.54328 0
      vertex 11.6468 5.38438 0.299999
      vertex 11.6537 5.38124 0
    endloop
  endfacet
  facet normal 0.412707 0.910864 0
    outer loop
      vertex 11.6468 5.38438 0.299999
      vertex 11.2961 5.54328 0
      vertex 11.2961 5.54328 3.5
    endloop
  endfacet
  facet normal -0.528061 -0.849207 0
    outer loop
      vertex 5.66658 -4.98882 3.2
      vertex 6 -5.19615 3.5
      vertex 5.66658 -4.98882 3.5
    endloop
  endfacet
  facet normal -0.528061 -0.849207 -0
    outer loop
      vertex 6 -5.19615 3.5
      vertex 5.66658 -4.98882 3.2
      vertex 6 -5.19615 3.2
    endloop
  endfacet
  facet normal -0.528061 -0.849207 0
    outer loop
      vertex 5.66658 -4.98882 0
      vertex 6 -5.19615 0.299999
      vertex 5.66658 -4.98882 0.299999
    endloop
  endfacet
  facet normal -0.528061 -0.849207 -0
    outer loop
      vertex 6 -5.19615 0.299999
      vertex 5.66658 -4.98882 0
      vertex 6 -5.19615 0
    endloop
  endfacet
  facet normal 0.815066 -0.579368 0
    outer loop
      vertex 13.9888 -3.33342 3.5
      vertex 13.9844 -3.33961 3.2
      vertex 13.9888 -3.33342 3.2
    endloop
  endfacet
  facet normal 0.812802 -0.58254 0
    outer loop
      vertex 13.9844 -3.33961 3.2
      vertex 13.7601 -3.65257 3.5
      vertex 13.9844 -3.33961 0.299999
    endloop
  endfacet
  facet normal 0.812846 -0.582478 9.67231e-05
    outer loop
      vertex 13.7601 -3.65257 3.5
      vertex 13.9844 -3.33961 3.2
      vertex 13.9888 -3.33342 3.5
    endloop
  endfacet
  facet normal 0.815066 -0.579368 0
    outer loop
      vertex 13.9844 -3.33961 0.299999
      vertex 13.9888 -3.33342 0
      vertex 13.9888 -3.33342 0.299999
    endloop
  endfacet
  facet normal 0.812802 -0.58254 0
    outer loop
      vertex 13.7601 -3.65257 0
      vertex 13.9844 -3.33961 0.299999
      vertex 13.7601 -3.65257 3.5
    endloop
  endfacet
  facet normal 0.812846 -0.582478 -9.67235e-05
    outer loop
      vertex 13.9844 -3.33961 0.299999
      vertex 13.7601 -3.65257 0
      vertex 13.9888 -3.33342 0
    endloop
  endfacet
  facet normal -0.999464 -0.0327282 0
    outer loop
      vertex 3.01285 -0.392418 3.2
      vertex 3 0 3.5
      vertex 3 0 3.2
    endloop
  endfacet
  facet normal -0.999464 -0.0327282 0
    outer loop
      vertex 3 0 3.5
      vertex 3.01285 -0.392418 3.2
      vertex 3.01285 -0.392418 3.5
    endloop
  endfacet
  facet normal -0.999464 -0.0327282 0
    outer loop
      vertex 3.01285 -0.392418 0
      vertex 3 0 0.299999
      vertex 3 0 0
    endloop
  endfacet
  facet normal -0.999464 -0.0327282 0
    outer loop
      vertex 3 0 0.299999
      vertex 3.01285 -0.392418 0
      vertex 3.01285 -0.392418 0.299999
    endloop
  endfacet
  facet normal -0.936059 -0.351843 0
    outer loop
      vertex 3.31842 -1.92864 0
      vertex 3.3211 -1.93577 0.299999
      vertex 3.31842 -1.92864 0.299999
    endloop
  endfacet
  facet normal -0.935905 -0.352253 0
    outer loop
      vertex 3.3211 -1.93577 0.299999
      vertex 3.45672 -2.2961 0
      vertex 3.3211 -1.93577 3.2
    endloop
  endfacet
  facet normal -0.935908 -0.352245 -1.09197e-05
    outer loop
      vertex 3.45672 -2.2961 0
      vertex 3.3211 -1.93577 0.299999
      vertex 3.31842 -1.92864 0
    endloop
  endfacet
  facet normal -0.936059 -0.351843 0
    outer loop
      vertex 3.3211 -1.93577 3.2
      vertex 3.31842 -1.92864 3.5
      vertex 3.31842 -1.92864 3.2
    endloop
  endfacet
  facet normal -0.935905 -0.352253 -0
    outer loop
      vertex 3.45672 -2.2961 3.5
      vertex 3.3211 -1.93577 3.2
      vertex 3.45672 -2.2961 0
    endloop
  endfacet
  facet normal -0.935908 -0.352245 1.09197e-05
    outer loop
      vertex 3.3211 -1.93577 3.2
      vertex 3.45672 -2.2961 3.5
      vertex 3.31842 -1.92864 3.5
    endloop
  endfacet
  facet normal -0.973875 -0.227085 0
    outer loop
      vertex 3.20445 -1.55291 3.2
      vertex 3.11529 -1.17054 3.5
      vertex 3.11529 -1.17054 3.2
    endloop
  endfacet
  facet normal -0.973875 -0.227085 0
    outer loop
      vertex 3.11529 -1.17054 3.5
      vertex 3.20445 -1.55291 3.2
      vertex 3.20445 -1.55291 3.5
    endloop
  endfacet
  facet normal -0.973875 -0.227085 0
    outer loop
      vertex 3.20445 -1.55291 0
      vertex 3.11529 -1.17054 0.299999
      vertex 3.11529 -1.17054 0
    endloop
  endfacet
  facet normal -0.973875 -0.227085 0
    outer loop
      vertex 3.11529 -1.17054 0.299999
      vertex 3.20445 -1.55291 0
      vertex 3.20445 -1.55291 0.299999
    endloop
  endfacet
  facet normal -0.881916 -0.471406 0
    outer loop
      vertex 3.80385 -3 3.2
      vertex 3.61876 -2.65373 3.5
      vertex 3.61876 -2.65373 3.2
    endloop
  endfacet
  facet normal -0.881916 -0.471406 0
    outer loop
      vertex 3.61876 -2.65373 3.5
      vertex 3.80385 -3 3.2
      vertex 3.80385 -3 3.5
    endloop
  endfacet
  facet normal -0.881916 -0.471406 0
    outer loop
      vertex 3.80385 -3 0
      vertex 3.61876 -2.65373 0.299999
      vertex 3.61876 -2.65373 0
    endloop
  endfacet
  facet normal -0.881916 -0.471406 0
    outer loop
      vertex 3.61876 -2.65373 0.299999
      vertex 3.80385 -3 0
      vertex 3.80385 -3 0.299999
    endloop
  endfacet
  facet normal 0.227069 0.973879 -0
    outer loop
      vertex 10.5529 5.79555 0
      vertex 10.1705 5.88471 0.299999
      vertex 10.5529 5.79555 0.299999
    endloop
  endfacet
  facet normal 0.227069 0.973879 0
    outer loop
      vertex 10.1705 5.88471 0.299999
      vertex 10.5529 5.79555 0
      vertex 10.1705 5.88471 0
    endloop
  endfacet
  facet normal 0.227069 0.973879 -0
    outer loop
      vertex 10.5529 5.79555 3.2
      vertex 10.1705 5.88471 3.5
      vertex 10.5529 5.79555 3.5
    endloop
  endfacet
  facet normal 0.227069 0.973879 0
    outer loop
      vertex 10.1705 5.88471 3.5
      vertex 10.5529 5.79555 3.2
      vertex 10.1705 5.88471 3.2
    endloop
  endfacet
  facet normal -0.032728 -0.999464 0
    outer loop
      vertex 8.60758 -5.98715 3.2
      vertex 9 -6 3.5
      vertex 8.60758 -5.98715 3.5
    endloop
  endfacet
  facet normal -0.032728 -0.999464 -0
    outer loop
      vertex 9 -6 3.5
      vertex 8.60758 -5.98715 3.2
      vertex 9 -6 3.2
    endloop
  endfacet
  facet normal -0.032728 -0.999464 0
    outer loop
      vertex 8.60758 -5.98715 0
      vertex 9 -6 0.299999
      vertex 8.60758 -5.98715 0.299999
    endloop
  endfacet
  facet normal -0.032728 -0.999464 -0
    outer loop
      vertex 9 -6 0.299999
      vertex 8.60758 -5.98715 0
      vertex 9 -6 0
    endloop
  endfacet
  facet normal -0.956945 -0.29027 0
    outer loop
      vertex 3.31842 -1.92864 3.2
      vertex 3.20445 -1.55291 3.5
      vertex 3.20445 -1.55291 3.2
    endloop
  endfacet
  facet normal -0.956945 -0.29027 0
    outer loop
      vertex 3.20445 -1.55291 3.5
      vertex 3.31842 -1.92864 3.2
      vertex 3.31842 -1.92864 3.5
    endloop
  endfacet
  facet normal -0.956945 -0.29027 0
    outer loop
      vertex 3.31842 -1.92864 0
      vertex 3.20445 -1.55291 0.299999
      vertex 3.20445 -1.55291 0
    endloop
  endfacet
  facet normal -0.956945 -0.29027 0
    outer loop
      vertex 3.20445 -1.55291 0.299999
      vertex 3.31842 -1.92864 0
      vertex 3.31842 -1.92864 0.299999
    endloop
  endfacet
  facet normal -0.812852 0.582471 0
    outer loop
      vertex 4.23988 3.65257 0
      vertex 4.01562 3.33961 0.299999
      vertex 4.23988 3.65257 3.5
    endloop
  endfacet
  facet normal -0.812846 0.582478 1.16564e-05
    outer loop
      vertex 4.01118 3.33342 0
      vertex 4.01562 3.33961 0.299999
      vertex 4.23988 3.65257 0
    endloop
  endfacet
  facet normal -0.812579 0.582851 0
    outer loop
      vertex 4.01562 3.33961 0.299999
      vertex 4.01118 3.33342 0
      vertex 4.01118 3.33342 0.299999
    endloop
  endfacet
  facet normal -0.812852 0.582471 0
    outer loop
      vertex 4.01562 3.33961 3.2
      vertex 4.23988 3.65257 3.5
      vertex 4.01562 3.33961 0.299999
    endloop
  endfacet
  facet normal -0.812579 0.582851 0
    outer loop
      vertex 4.01118 3.33342 3.5
      vertex 4.01562 3.33961 3.2
      vertex 4.01118 3.33342 3.2
    endloop
  endfacet
  facet normal -0.812846 0.582478 -1.16564e-05
    outer loop
      vertex 4.01562 3.33961 3.2
      vertex 4.01118 3.33342 3.5
      vertex 4.23988 3.65257 3.5
    endloop
  endfacet
  facet normal 0.34884 -0.937182 0
    outer loop
      vertex 10.9286 -5.68158 0.299999
      vertex 10.9286 -5.68158 0
      vertex 10.9358 -5.6789 0.299999
    endloop
  endfacet
  facet normal 0.34884 -0.937182 0
    outer loop
      vertex 10.9358 -5.6789 3.2
      vertex 10.9286 -5.68158 3.5
      vertex 10.9286 -5.68158 3.2
    endloop
  endfacet
  facet normal 0.352212 -0.93592 9.21913e-05
    outer loop
      vertex 10.9286 -5.68158 3.5
      vertex 10.9358 -5.6789 3.2
      vertex 11.2961 -5.54328 3.5
    endloop
  endfacet
  facet normal 0.352279 -0.935895 0
    outer loop
      vertex 10.9358 -5.6789 0.299999
      vertex 11.2961 -5.54328 3.5
      vertex 10.9358 -5.6789 3.2
    endloop
  endfacet
  facet normal 0.352212 -0.93592 -9.21916e-05
    outer loop
      vertex 11.2961 -5.54328 0
      vertex 10.9358 -5.6789 0.299999
      vertex 10.9286 -5.68158 0
    endloop
  endfacet
  facet normal 0.352279 -0.935895 0
    outer loop
      vertex 10.9358 -5.6789 0.299999
      vertex 11.2961 -5.54328 0
      vertex 11.2961 -5.54328 3.5
    endloop
  endfacet
  facet normal -0.683589 -0.729867 0
    outer loop
      vertex 4.75736 -4.24264 3.2
      vertex 5.04393 -4.51104 3.5
      vertex 4.75736 -4.24264 3.5
    endloop
  endfacet
  facet normal -0.683589 -0.729867 -0
    outer loop
      vertex 5.04393 -4.51104 3.5
      vertex 4.75736 -4.24264 3.2
      vertex 5.04393 -4.51104 3.2
    endloop
  endfacet
  facet normal -0.683589 -0.729867 0
    outer loop
      vertex 4.75736 -4.24264 0
      vertex 5.04393 -4.51104 0.299999
      vertex 4.75736 -4.24264 0.299999
    endloop
  endfacet
  facet normal -0.683589 -0.729867 -0
    outer loop
      vertex 5.04393 -4.51104 0.299999
      vertex 4.75736 -4.24264 0
      vertex 5.04393 -4.51104 0
    endloop
  endfacet
  facet normal 0.290291 0.956938 -0
    outer loop
      vertex 10.9286 5.68158 3.2
      vertex 10.5529 5.79555 3.5
      vertex 10.9286 5.68158 3.5
    endloop
  endfacet
  facet normal 0.290291 0.956938 0
    outer loop
      vertex 10.5529 5.79555 3.5
      vertex 10.9286 5.68158 3.2
      vertex 10.5529 5.79555 3.2
    endloop
  endfacet
  facet normal 0.290291 0.956938 -0
    outer loop
      vertex 10.9286 5.68158 0
      vertex 10.5529 5.79555 0.299999
      vertex 10.9286 5.68158 0.299999
    endloop
  endfacet
  facet normal 0.290291 0.956938 0
    outer loop
      vertex 10.5529 5.79555 0.299999
      vertex 10.9286 5.68158 0
      vertex 10.5529 5.79555 0
    endloop
  endfacet
  facet normal -0.0971634 0.995268 0
    outer loop
      vertex 8.60758 5.98715 0.299999
      vertex 8.60758 5.98715 0
      vertex 8.6 5.98641 0.299999
    endloop
  endfacet
  facet normal -0.0971634 0.995268 0
    outer loop
      vertex 8.6 5.98641 3.2
      vertex 8.60758 5.98715 3.5
      vertex 8.60758 5.98715 3.2
    endloop
  endfacet
  facet normal -0.0980057 0.995186 2.14859e-05
    outer loop
      vertex 8.60758 5.98715 3.5
      vertex 8.6 5.98641 3.2
      vertex 8.21684 5.94867 3.5
    endloop
  endfacet
  facet normal -0.0980224 0.995184 0
    outer loop
      vertex 8.6 5.98641 0.299999
      vertex 8.21684 5.94867 3.5
      vertex 8.6 5.98641 3.2
    endloop
  endfacet
  facet normal -0.0980057 0.995186 -2.14859e-05
    outer loop
      vertex 8.21684 5.94867 0
      vertex 8.6 5.98641 0.299999
      vertex 8.60758 5.98715 0
    endloop
  endfacet
  facet normal -0.0980224 0.995184 0
    outer loop
      vertex 8.6 5.98641 0.299999
      vertex 8.21684 5.94867 0
      vertex 8.21684 5.94867 3.5
    endloop
  endfacet
  facet normal 0.528084 0.849192 -0
    outer loop
      vertex 12.3334 4.98882 3.2
      vertex 12 5.19615 3.5
      vertex 12.3334 4.98882 3.5
    endloop
  endfacet
  facet normal 0.528084 0.849192 0
    outer loop
      vertex 12 5.19615 3.5
      vertex 12.3334 4.98882 3.2
      vertex 12 5.19615 3.2
    endloop
  endfacet
  facet normal 0.528084 0.849192 -0
    outer loop
      vertex 12.3334 4.98882 0
      vertex 12 5.19615 0.299999
      vertex 12.3334 4.98882 0.299999
    endloop
  endfacet
  facet normal 0.528084 0.849192 0
    outer loop
      vertex 12 5.19615 0.299999
      vertex 12.3334 4.98882 0
      vertex 12 5.19615 0
    endloop
  endfacet
  facet normal 0.882011 0.471228 0
    outer loop
      vertex 14.3812 2.65373 0.299999
      vertex 14.1962 3 0
      vertex 14.1962 3 0.299999
    endloop
  endfacet
  facet normal 0.882011 0.471228 0
    outer loop
      vertex 14.1962 3 0
      vertex 14.3812 2.65373 0.299999
      vertex 14.3812 2.65373 0
    endloop
  endfacet
  facet normal 0.882011 0.471228 0
    outer loop
      vertex 14.3812 2.65373 3.5
      vertex 14.1962 3 3.2
      vertex 14.1962 3 3.5
    endloop
  endfacet
  facet normal 0.882011 0.471228 0
    outer loop
      vertex 14.1962 3 3.2
      vertex 14.3812 2.65373 3.5
      vertex 14.3812 2.65373 3.2
    endloop
  endfacet
  facet normal 0 0 -1
    outer loop
      vertex 14.9872 -0.392418 0
      vertex 14.9872 0.392418 0
      vertex 15 0 0
    endloop
  endfacet
  facet normal 0 0 -1
    outer loop
      vertex 14.9487 -0.783156 0
      vertex 14.9872 0.392418 0
      vertex 14.9872 -0.392418 0
    endloop
  endfacet
  facet normal 0 0 -1
    outer loop
      vertex 14.9487 -0.783156 0
      vertex 14.9487 0.783156 0
      vertex 14.9872 0.392418 0
    endloop
  endfacet
  facet normal 0 0 -1
    outer loop
      vertex 14.8847 -1.17054 0
      vertex 14.9487 0.783156 0
      vertex 14.9487 -0.783156 0
    endloop
  endfacet
  facet normal 0 0 -1
    outer loop
      vertex 14.8847 -1.17054 0
      vertex 14.8847 1.17054 0
      vertex 14.9487 0.783156 0
    endloop
  endfacet
  facet normal 0 0 -1
    outer loop
      vertex 14.7956 -1.55291 0
      vertex 14.8847 1.17054 0
      vertex 14.8847 -1.17054 0
    endloop
  endfacet
  facet normal 0 0 -1
    outer loop
      vertex 14.7956 -1.55291 0
      vertex 14.7956 1.55291 0
      vertex 14.8847 1.17054 0
    endloop
  endfacet
  facet normal 0 0 -1
    outer loop
      vertex 14.6816 -1.92864 0
      vertex 14.7956 1.55291 0
      vertex 14.7956 -1.55291 0
    endloop
  endfacet
  facet normal 0 0 -1
    outer loop
      vertex 14.6816 -1.92864 0
      vertex 14.6816 1.92864 0
      vertex 14.7956 1.55291 0
    endloop
  endfacet
  facet normal 0 0 -1
    outer loop
      vertex 14.5433 -2.2961 0
      vertex 14.6816 1.92864 0
      vertex 14.6816 -1.92864 0
    endloop
  endfacet
  facet normal 0 0 -1
    outer loop
      vertex 14.5433 -2.2961 0
      vertex 14.5433 2.2961 0
      vertex 14.6816 1.92864 0
    endloop
  endfacet
  facet normal 0 0 -1
    outer loop
      vertex 14.3812 -2.65373 0
      vertex 14.5433 2.2961 0
      vertex 14.5433 -2.2961 0
    endloop
  endfacet
  facet normal 0 0 -1
    outer loop
      vertex 14.3812 -2.65373 0
      vertex 14.3812 2.65373 0
      vertex 14.5433 2.2961 0
    endloop
  endfacet
  facet normal 0 0 -1
    outer loop
      vertex 14.1962 -3 0
      vertex 14.3812 2.65373 0
      vertex 14.3812 -2.65373 0
    endloop
  endfacet
  facet normal 0 0 -1
    outer loop
      vertex 14.1962 -3 0
      vertex 14.1962 3 0
      vertex 14.3812 2.65373 0
    endloop
  endfacet
  facet normal 0 0 -1
    outer loop
      vertex 13.9888 -3.33342 0
      vertex 14.1962 3 0
      vertex 14.1962 -3 0
    endloop
  endfacet
  facet normal 0 0 -1
    outer loop
      vertex 13.9888 -3.33342 0
      vertex 13.9888 3.33342 0
      vertex 14.1962 3 0
    endloop
  endfacet
  facet normal 0 0 -1
    outer loop
      vertex 13.7601 -3.65257 0
      vertex 13.9888 3.33342 0
      vertex 13.9888 -3.33342 0
    endloop
  endfacet
  facet normal 0 0 -1
    outer loop
      vertex 13.7601 -3.65257 0
      vertex 13.7601 3.65257 0
      vertex 13.9888 3.33342 0
    endloop
  endfacet
  facet normal 0 0 -1
    outer loop
      vertex 13.511 -3.95607 0
      vertex 13.7601 3.65257 0
      vertex 13.7601 -3.65257 0
    endloop
  endfacet
  facet normal 0 0 -1
    outer loop
      vertex 13.511 -3.95607 0
      vertex 13.511 3.95607 0
      vertex 13.7601 3.65257 0
    endloop
  endfacet
  facet normal 0 0 -1
    outer loop
      vertex 13.2426 -4.24264 0
      vertex 13.511 3.95607 0
      vertex 13.511 -3.95607 0
    endloop
  endfacet
  facet normal 0 0 -1
    outer loop
      vertex 13.2426 -4.24264 0
      vertex 13.2426 4.24264 0
      vertex 13.511 3.95607 0
    endloop
  endfacet
  facet normal 0 0 -1
    outer loop
      vertex 12.9561 -4.51104 0
      vertex 13.2426 4.24264 0
      vertex 13.2426 -4.24264 0
    endloop
  endfacet
  facet normal 0 0 -1
    outer loop
      vertex 12.9561 -4.51104 0
      vertex 12.9561 4.51104 0
      vertex 13.2426 4.24264 0
    endloop
  endfacet
  facet normal 0 0 -1
    outer loop
      vertex 12.6526 -4.76012 0
      vertex 12.9561 4.51104 0
      vertex 12.9561 -4.51104 0
    endloop
  endfacet
  facet normal 0 0 -1
    outer loop
      vertex 12.6526 -4.76012 0
      vertex 12.6526 4.76012 0
      vertex 12.9561 4.51104 0
    endloop
  endfacet
  facet normal 0 0 -1
    outer loop
      vertex 12.3334 -4.98882 0
      vertex 12.6526 4.76012 0
      vertex 12.6526 -4.76012 0
    endloop
  endfacet
  facet normal 0 0 -1
    outer loop
      vertex 12.3334 -4.98882 0
      vertex 12.3334 4.98882 0
      vertex 12.6526 4.76012 0
    endloop
  endfacet
  facet normal 0 0 -1
    outer loop
      vertex 12 -5.19615 0
      vertex 12.3334 4.98882 0
      vertex 12.3334 -4.98882 0
    endloop
  endfacet
  facet normal 0 0 -1
    outer loop
      vertex 12 -5.19615 0
      vertex 12 5.19615 0
      vertex 12.3334 4.98882 0
    endloop
  endfacet
  facet normal 0 0 -1
    outer loop
      vertex 11.6537 -5.38124 0
      vertex 12 5.19615 0
      vertex 12 -5.19615 0
    endloop
  endfacet
  facet normal 0 0 -1
    outer loop
      vertex 11.6537 -5.38124 0
      vertex 11.6537 5.38124 0
      vertex 12 5.19615 0
    endloop
  endfacet
  facet normal 0 0 -1
    outer loop
      vertex 11.2961 -5.54328 0
      vertex 11.6537 5.38124 0
      vertex 11.6537 -5.38124 0
    endloop
  endfacet
  facet normal 0 0 -1
    outer loop
      vertex 11.2961 -5.54328 0
      vertex 11.2961 5.54328 0
      vertex 11.6537 5.38124 0
    endloop
  endfacet
  facet normal 0 0 -1
    outer loop
      vertex 10.9286 -5.68158 0
      vertex 11.2961 5.54328 0
      vertex 11.2961 -5.54328 0
    endloop
  endfacet
  facet normal 0 0 -1
    outer loop
      vertex 10.9286 -5.68158 0
      vertex 10.9286 5.68158 0
      vertex 11.2961 5.54328 0
    endloop
  endfacet
  facet normal 0 0 -1
    outer loop
      vertex 10.5529 -5.79555 0
      vertex 10.9286 5.68158 0
      vertex 10.9286 -5.68158 0
    endloop
  endfacet
  facet normal 0 0 -1
    outer loop
      vertex 10.5529 -5.79555 0
      vertex 10.5529 5.79555 0
      vertex 10.9286 5.68158 0
    endloop
  endfacet
  facet normal 0 0 -1
    outer loop
      vertex 10.1705 -5.88471 0
      vertex 10.5529 5.79555 0
      vertex 10.5529 -5.79555 0
    endloop
  endfacet
  facet normal 0 0 -1
    outer loop
      vertex 10.1705 -5.88471 0
      vertex 10.1705 5.88471 0
      vertex 10.5529 5.79555 0
    endloop
  endfacet
  facet normal 0 0 -1
    outer loop
      vertex 9.78316 -5.94867 0
      vertex 10.1705 5.88471 0
      vertex 10.1705 -5.88471 0
    endloop
  endfacet
  facet normal 0 0 -1
    outer loop
      vertex 9.78316 -5.94867 0
      vertex 9.78316 5.94867 0
      vertex 10.1705 5.88471 0
    endloop
  endfacet
  facet normal 0 0 -1
    outer loop
      vertex 9.39242 -5.98715 0
      vertex 9.78316 5.94867 0
      vertex 9.78316 -5.94867 0
    endloop
  endfacet
  facet normal 0 0 -1
    outer loop
      vertex 9.39242 -5.98715 0
      vertex 9.39242 5.98715 0
      vertex 9.78316 5.94867 0
    endloop
  endfacet
  facet normal 0 0 -1
    outer loop
      vertex 9 -6 0
      vertex 9.39242 5.98715 0
      vertex 9.39242 -5.98715 0
    endloop
  endfacet
  facet normal 0 0 -1
    outer loop
      vertex 9 -6 0
      vertex 9 6 0
      vertex 9.39242 5.98715 0
    endloop
  endfacet
  facet normal 0 0 -1
    outer loop
      vertex 8.60758 -5.98715 0
      vertex 9 6 0
      vertex 9 -6 0
    endloop
  endfacet
  facet normal 0 0 -1
    outer loop
      vertex 8.60758 -5.98715 0
      vertex 8.60758 5.98715 0
      vertex 9 6 0
    endloop
  endfacet
  facet normal 0 0 -1
    outer loop
      vertex 8.21684 -5.94867 0
      vertex 8.60758 5.98715 0
      vertex 8.60758 -5.98715 0
    endloop
  endfacet
  facet normal 0 0 -1
    outer loop
      vertex 8.21684 -5.94867 0
      vertex 8.21684 5.94867 0
      vertex 8.60758 5.98715 0
    endloop
  endfacet
  facet normal 0 0 -1
    outer loop
      vertex 7.82946 -5.88471 0
      vertex 8.21684 5.94867 0
      vertex 8.21684 -5.94867 0
    endloop
  endfacet
  facet normal 0 0 -1
    outer loop
      vertex 7.82946 -5.88471 0
      vertex 7.82946 5.88471 0
      vertex 8.21684 5.94867 0
    endloop
  endfacet
  facet normal 0 0 -1
    outer loop
      vertex 7.44709 -5.79555 0
      vertex 7.82946 5.88471 0
      vertex 7.82946 -5.88471 0
    endloop
  endfacet
  facet normal 0 0 -1
    outer loop
      vertex 7.44709 -5.79555 0
      vertex 7.44709 5.79555 0
      vertex 7.82946 5.88471 0
    endloop
  endfacet
  facet normal 0 0 -1
    outer loop
      vertex 7.07136 -5.68158 0
      vertex 7.44709 5.79555 0
      vertex 7.44709 -5.79555 0
    endloop
  endfacet
  facet normal 0 0 -1
    outer loop
      vertex 7.07136 -5.68158 0
      vertex 7.07136 5.68158 0
      vertex 7.44709 5.79555 0
    endloop
  endfacet
  facet normal 0 0 -1
    outer loop
      vertex 6.7039 -5.54328 0
      vertex 7.07136 5.68158 0
      vertex 7.07136 -5.68158 0
    endloop
  endfacet
  facet normal 0 0 -1
    outer loop
      vertex 6.7039 -5.54328 0
      vertex 6.7039 5.54328 0
      vertex 7.07136 5.68158 0
    endloop
  endfacet
  facet normal 0 0 -1
    outer loop
      vertex 6.34627 -5.38124 0
      vertex 6.7039 5.54328 0
      vertex 6.7039 -5.54328 0
    endloop
  endfacet
  facet normal 0 0 -1
    outer loop
      vertex 6.34627 -5.38124 0
      vertex 6.34627 5.38124 0
      vertex 6.7039 5.54328 0
    endloop
  endfacet
  facet normal 0 0 -1
    outer loop
      vertex 6 -5.19615 0
      vertex 6.34627 5.38124 0
      vertex 6.34627 -5.38124 0
    endloop
  endfacet
  facet normal 0 0 -1
    outer loop
      vertex 6 -5.19615 0
      vertex 6 5.19615 0
      vertex 6.34627 5.38124 0
    endloop
  endfacet
  facet normal 0 0 -1
    outer loop
      vertex 5.66658 -4.98882 0
      vertex 6 5.19615 0
      vertex 6 -5.19615 0
    endloop
  endfacet
  facet normal 0 0 -1
    outer loop
      vertex 5.66658 -4.98882 0
      vertex 5.66658 4.98882 0
      vertex 6 5.19615 0
    endloop
  endfacet
  facet normal 0 0 -1
    outer loop
      vertex 5.34743 -4.76012 0
      vertex 5.66658 4.98882 0
      vertex 5.66658 -4.98882 0
    endloop
  endfacet
  facet normal 0 0 -1
    outer loop
      vertex 5.34743 -4.76012 0
      vertex 5.34743 4.76012 0
      vertex 5.66658 4.98882 0
    endloop
  endfacet
  facet normal 0 0 -1
    outer loop
      vertex 5.04393 -4.51104 0
      vertex 5.34743 4.76012 0
      vertex 5.34743 -4.76012 0
    endloop
  endfacet
  facet normal 0 0 -1
    outer loop
      vertex 5.04393 -4.51104 0
      vertex 5.04393 4.51104 0
      vertex 5.34743 4.76012 0
    endloop
  endfacet
  facet normal 0 0 -1
    outer loop
      vertex 4.75736 -4.24264 0
      vertex 5.04393 4.51104 0
      vertex 5.04393 -4.51104 0
    endloop
  endfacet
  facet normal 0 0 -1
    outer loop
      vertex 4.75736 -4.24264 0
      vertex 4.75736 4.24264 0
      vertex 5.04393 4.51104 0
    endloop
  endfacet
  facet normal 0 0 -1
    outer loop
      vertex 4.48896 -3.95607 0
      vertex 4.75736 4.24264 0
      vertex 4.75736 -4.24264 0
    endloop
  endfacet
  facet normal 0 0 -1
    outer loop
      vertex 4.48896 -3.95607 0
      vertex 4.48896 3.95607 0
      vertex 4.75736 4.24264 0
    endloop
  endfacet
  facet normal 0 0 -1
    outer loop
      vertex 4.23988 -3.65257 0
      vertex 4.48896 3.95607 0
      vertex 4.48896 -3.95607 0
    endloop
  endfacet
  facet normal 0 0 -1
    outer loop
      vertex 4.23988 -3.65257 0
      vertex 4.23988 3.65257 0
      vertex 4.48896 3.95607 0
    endloop
  endfacet
  facet normal 0 0 -1
    outer loop
      vertex 4.01118 -3.33342 0
      vertex 4.23988 3.65257 0
      vertex 4.23988 -3.65257 0
    endloop
  endfacet
  facet normal 0 0 -1
    outer loop
      vertex 4.01118 -3.33342 0
      vertex 4.01118 3.33342 0
      vertex 4.23988 3.65257 0
    endloop
  endfacet
  facet normal 0 0 -1
    outer loop
      vertex 3.80385 -3 0
      vertex 4.01118 3.33342 0
      vertex 4.01118 -3.33342 0
    endloop
  endfacet
  facet normal 0 0 -1
    outer loop
      vertex 3.80385 -3 0
      vertex 3.80385 3 0
      vertex 4.01118 3.33342 0
    endloop
  endfacet
  facet normal 0 0 -1
    outer loop
      vertex 3.61876 -2.65373 0
      vertex 3.80385 3 0
      vertex 3.80385 -3 0
    endloop
  endfacet
  facet normal 0 0 -1
    outer loop
      vertex 3.61876 -2.65373 0
      vertex 3.61876 2.65373 0
      vertex 3.80385 3 0
    endloop
  endfacet
  facet normal 0 0 -1
    outer loop
      vertex 3.45672 -2.2961 0
      vertex 3.61876 2.65373 0
      vertex 3.61876 -2.65373 0
    endloop
  endfacet
  facet normal 0 0 -1
    outer loop
      vertex 3.45672 -2.2961 0
      vertex 3.45672 2.2961 0
      vertex 3.61876 2.65373 0
    endloop
  endfacet
  facet normal 0 0 -1
    outer loop
      vertex 3.31842 -1.92864 0
      vertex 3.45672 2.2961 0
      vertex 3.45672 -2.2961 0
    endloop
  endfacet
  facet normal 0 0 -1
    outer loop
      vertex 3.31842 -1.92864 0
      vertex 3.31842 1.92864 0
      vertex 3.45672 2.2961 0
    endloop
  endfacet
  facet normal 0 0 -1
    outer loop
      vertex 3.20445 -1.55291 0
      vertex 3.31842 1.92864 0
      vertex 3.31842 -1.92864 0
    endloop
  endfacet
  facet normal 0 0 -1
    outer loop
      vertex 3.20445 -1.55291 0
      vertex 3.20445 1.55291 0
      vertex 3.31842 1.92864 0
    endloop
  endfacet
  facet normal 0 0 -1
    outer loop
      vertex 3.11529 -1.17054 0
      vertex 3.20445 1.55291 0
      vertex 3.20445 -1.55291 0
    endloop
  endfacet
  facet normal 0 0 -1
    outer loop
      vertex 3.11529 -1.17054 0
      vertex 3.11529 1.17054 0
      vertex 3.20445 1.55291 0
    endloop
  endfacet
  facet normal 0 0 -1
    outer loop
      vertex 3.05133 -0.783156 0
      vertex 3.11529 1.17054 0
      vertex 3.11529 -1.17054 0
    endloop
  endfacet
  facet normal 0 0 -1
    outer loop
      vertex 3.05133 -0.783156 0
      vertex 3.05133 0.783156 0
      vertex 3.11529 1.17054 0
    endloop
  endfacet
  facet normal 0 0 -1
    outer loop
      vertex 3.01285 -0.392418 0
      vertex 3.05133 0.783156 0
      vertex 3.05133 -0.783156 0
    endloop
  endfacet
  facet normal 0 0 -1
    outer loop
      vertex 3.01285 -0.392418 0
      vertex 3.01285 0.392418 0
      vertex 3.05133 0.783156 0
    endloop
  endfacet
  facet normal 0 -0 -1
    outer loop
      vertex 3.01285 0.392418 0
      vertex 3.01285 -0.392418 0
      vertex 3 0 0
    endloop
  endfacet
  facet normal -0.528061 0.849207 0
    outer loop
      vertex 6 5.19615 3.2
      vertex 5.66658 4.98882 3.5
      vertex 6 5.19615 3.5
    endloop
  endfacet
  facet normal -0.528061 0.849207 0
    outer loop
      vertex 5.66658 4.98882 3.5
      vertex 6 5.19615 3.2
      vertex 5.66658 4.98882 3.2
    endloop
  endfacet
  facet normal -0.528061 0.849207 0
    outer loop
      vertex 6 5.19615 0
      vertex 5.66658 4.98882 0.299999
      vertex 6 5.19615 0.299999
    endloop
  endfacet
  facet normal -0.528061 0.849207 0
    outer loop
      vertex 5.66658 4.98882 0.299999
      vertex 6 5.19615 0
      vertex 5.66658 4.98882 0
    endloop
  endfacet
  facet normal -0.412707 0.910864 -1.35786e-05
    outer loop
      vertex 6.7039 5.54328 3.5
      vertex 6.35321 5.38438 3.2
      vertex 6.34627 5.38124 3.5
    endloop
  endfacet
  facet normal -0.412717 0.91086 0
    outer loop
      vertex 6.7039 5.54328 3.5
      vertex 6.35321 5.38438 0.299999
      vertex 6.35321 5.38438 3.2
    endloop
  endfacet
  facet normal -0.412717 0.91086 0
    outer loop
      vertex 6.7039 5.54328 0
      vertex 6.35321 5.38438 0.299999
      vertex 6.7039 5.54328 3.5
    endloop
  endfacet
  facet normal -0.412707 0.910864 1.35787e-05
    outer loop
      vertex 6.34627 5.38124 0
      vertex 6.35321 5.38438 0.299999
      vertex 6.7039 5.54328 0
    endloop
  endfacet
  facet normal -0.41222 0.911084 0
    outer loop
      vertex 6.35321 5.38438 0.299999
      vertex 6.34627 5.38124 0
      vertex 6.34627 5.38124 0.299999
    endloop
  endfacet
  facet normal -0.41222 0.911084 0
    outer loop
      vertex 6.34627 5.38124 3.5
      vertex 6.35321 5.38438 3.2
      vertex 6.34627 5.38124 3.2
    endloop
  endfacet
  facet normal 0.582418 0.812889 5.87426e-06
    outer loop
      vertex 12.6526 4.76012 3.5
      vertex 12.3396 4.98438 3.2
      vertex 12.3334 4.98882 3.5
    endloop
  endfacet
  facet normal 0.582422 0.812887 0
    outer loop
      vertex 12.6526 4.76012 3.5
      vertex 12.3396 4.98438 0.299999
      vertex 12.3396 4.98438 3.2
    endloop
  endfacet
  facet normal 0.582422 0.812887 -0
    outer loop
      vertex 12.6526 4.76012 0
      vertex 12.3396 4.98438 0.299999
      vertex 12.6526 4.76012 3.5
    endloop
  endfacet
  facet normal 0.582418 0.812889 -5.87428e-06
    outer loop
      vertex 12.3334 4.98882 0
      vertex 12.3396 4.98438 0.299999
      vertex 12.6526 4.76012 0
    endloop
  endfacet
  facet normal 0.58223 0.813024 0
    outer loop
      vertex 12.3396 4.98438 0.299999
      vertex 12.3334 4.98882 0
      vertex 12.3334 4.98882 0.299999
    endloop
  endfacet
  facet normal 0.58223 0.813024 0
    outer loop
      vertex 12.3334 4.98882 3.5
      vertex 12.3396 4.98438 3.2
      vertex 12.3334 4.98882 3.2
    endloop
  endfacet
  facet normal 0.812802 0.58254 0
    outer loop
      vertex 13.7601 3.65257 3.5
      vertex 13.9844 3.33961 3.2
      vertex 13.7601 3.65257 0
    endloop
  endfacet
  facet normal 0.812846 0.582478 9.67231e-05
    outer loop
      vertex 13.9888 3.33342 3.5
      vertex 13.9844 3.33961 3.2
      vertex 13.7601 3.65257 3.5
    endloop
  endfacet
  facet normal 0.815066 0.579368 0
    outer loop
      vertex 13.9844 3.33961 3.2
      vertex 13.9888 3.33342 3.5
      vertex 13.9888 3.33342 3.2
    endloop
  endfacet
  facet normal 0.812802 0.58254 -0
    outer loop
      vertex 13.9844 3.33961 0.299999
      vertex 13.7601 3.65257 0
      vertex 13.9844 3.33961 3.2
    endloop
  endfacet
  facet normal 0.815066 0.579368 -0
    outer loop
      vertex 13.9888 3.33342 0
      vertex 13.9844 3.33961 0.299999
      vertex 13.9888 3.33342 0.299999
    endloop
  endfacet
  facet normal 0.812846 0.582478 -9.67235e-05
    outer loop
      vertex 13.9844 3.33961 0.299999
      vertex 13.9888 3.33342 0
      vertex 13.7601 3.65257 0
    endloop
  endfacet
  facet normal 0.729867 0.683589 0
    outer loop
      vertex 13.511 3.95607 0.299999
      vertex 13.2426 4.24264 0
      vertex 13.2426 4.24264 0.299999
    endloop
  endfacet
  facet normal 0.729867 0.683589 0
    outer loop
      vertex 13.2426 4.24264 0
      vertex 13.511 3.95607 0.299999
      vertex 13.511 3.95607 0
    endloop
  endfacet
  facet normal 0.729867 0.683589 0
    outer loop
      vertex 13.511 3.95607 3.5
      vertex 13.2426 4.24264 3.2
      vertex 13.2426 4.24264 3.5
    endloop
  endfacet
  facet normal 0.729867 0.683589 0
    outer loop
      vertex 13.2426 4.24264 3.2
      vertex 13.511 3.95607 3.5
      vertex 13.511 3.95607 3.2
    endloop
  endfacet
  facet normal -0.582851 0.812579 0
    outer loop
      vertex 5.66658 4.98882 0.299999
      vertex 5.66658 4.98882 0
      vertex 5.66039 4.98438 0.299999
    endloop
  endfacet
  facet normal -0.582851 0.812579 0
    outer loop
      vertex 5.66039 4.98438 3.2
      vertex 5.66658 4.98882 3.5
      vertex 5.66658 4.98882 3.2
    endloop
  endfacet
  facet normal -0.582478 0.812846 -1.16564e-05
    outer loop
      vertex 5.66658 4.98882 3.5
      vertex 5.66039 4.98438 3.2
      vertex 5.34743 4.76012 3.5
    endloop
  endfacet
  facet normal -0.582471 0.812852 0
    outer loop
      vertex 5.66039 4.98438 0.299999
      vertex 5.34743 4.76012 3.5
      vertex 5.66039 4.98438 3.2
    endloop
  endfacet
  facet normal -0.582478 0.812846 1.16564e-05
    outer loop
      vertex 5.34743 4.76012 0
      vertex 5.66039 4.98438 0.299999
      vertex 5.66658 4.98882 0
    endloop
  endfacet
  facet normal -0.582471 0.812852 0
    outer loop
      vertex 5.66039 4.98438 0.299999
      vertex 5.34743 4.76012 0
      vertex 5.34743 4.76012 3.5
    endloop
  endfacet
  facet normal -0.986642 -0.162902 0
    outer loop
      vertex 3.05133 -0.783156 0
      vertex 3.11405 -1.16303 0.299999
      vertex 3.05133 -0.783156 3.5
    endloop
  endfacet
  facet normal -0.986642 -0.162902 -1.40591e-07
    outer loop
      vertex 3.11529 -1.17054 0
      vertex 3.11405 -1.16303 0.299999
      vertex 3.05133 -0.783156 0
    endloop
  endfacet
  facet normal -0.986641 -0.162907 0
    outer loop
      vertex 3.11405 -1.16303 0.299999
      vertex 3.11529 -1.17054 0
      vertex 3.11529 -1.17054 0.299999
    endloop
  endfacet
  facet normal -0.986642 -0.162902 -0
    outer loop
      vertex 3.11405 -1.16303 3.2
      vertex 3.05133 -0.783156 3.5
      vertex 3.11405 -1.16303 0.299999
    endloop
  endfacet
  facet normal -0.986641 -0.162907 -0
    outer loop
      vertex 3.11529 -1.17054 3.5
      vertex 3.11405 -1.16303 3.2
      vertex 3.11529 -1.17054 3.2
    endloop
  endfacet
  facet normal -0.986642 -0.162902 1.40591e-07
    outer loop
      vertex 3.11405 -1.16303 3.2
      vertex 3.11529 -1.17054 3.5
      vertex 3.05133 -0.783156 3.5
    endloop
  endfacet
  facet normal 0.849127 -0.528189 0
    outer loop
      vertex 13.9888 -3.33342 0.299999
      vertex 14.1962 -3 0
      vertex 14.1962 -3 0.299999
    endloop
  endfacet
  facet normal 0.849127 -0.528189 0
    outer loop
      vertex 14.1962 -3 0
      vertex 13.9888 -3.33342 0.299999
      vertex 13.9888 -3.33342 0
    endloop
  endfacet
  facet normal 0.849127 -0.528189 0
    outer loop
      vertex 13.9888 -3.33342 3.5
      vertex 14.1962 -3 3.2
      vertex 14.1962 -3 3.5
    endloop
  endfacet
  facet normal 0.849127 -0.528189 0
    outer loop
      vertex 14.1962 -3 3.2
      vertex 13.9888 -3.33342 3.5
      vertex 13.9888 -3.33342 3.2
    endloop
  endfacet
  facet normal -0.91086 -0.412717 0
    outer loop
      vertex 3.45672 -2.2961 0
      vertex 3.61562 -2.64679 0.299999
      vertex 3.45672 -2.2961 3.5
    endloop
  endfacet
  facet normal -0.910864 -0.412707 1.35787e-05
    outer loop
      vertex 3.61876 -2.65373 0
      vertex 3.61562 -2.64679 0.299999
      vertex 3.45672 -2.2961 0
    endloop
  endfacet
  facet normal -0.911084 -0.41222 0
    outer loop
      vertex 3.61562 -2.64679 0.299999
      vertex 3.61876 -2.65373 0
      vertex 3.61876 -2.65373 0.299999
    endloop
  endfacet
  facet normal -0.91086 -0.412717 -0
    outer loop
      vertex 3.61562 -2.64679 3.2
      vertex 3.45672 -2.2961 3.5
      vertex 3.61562 -2.64679 0.299999
    endloop
  endfacet
  facet normal -0.911084 -0.41222 -0
    outer loop
      vertex 3.61876 -2.65373 3.5
      vertex 3.61562 -2.64679 3.2
      vertex 3.61876 -2.65373 3.2
    endloop
  endfacet
  facet normal -0.910864 -0.412707 -1.35786e-05
    outer loop
      vertex 3.61562 -2.64679 3.2
      vertex 3.61876 -2.65373 3.5
      vertex 3.45672 -2.2961 3.5
    endloop
  endfacet
  facet normal 0.956924 0.29034 0
    outer loop
      vertex 14.7956 1.55291 0.299999
      vertex 14.6816 1.92864 0
      vertex 14.6816 1.92864 0.299999
    endloop
  endfacet
  facet normal 0.956924 0.29034 0
    outer loop
      vertex 14.6816 1.92864 0
      vertex 14.7956 1.55291 0.299999
      vertex 14.7956 1.55291 0
    endloop
  endfacet
  facet normal 0.956924 0.29034 0
    outer loop
      vertex 14.7956 1.55291 3.5
      vertex 14.6816 1.92864 3.2
      vertex 14.6816 1.92864 3.5
    endloop
  endfacet
  facet normal 0.956924 0.29034 0
    outer loop
      vertex 14.6816 1.92864 3.2
      vertex 14.7956 1.55291 3.5
      vertex 14.7956 1.55291 3.2
    endloop
  endfacet
  facet normal -0.0980057 -0.995186 2.14859e-05
    outer loop
      vertex 8.21684 -5.94867 3.5
      vertex 8.6 -5.98641 3.2
      vertex 8.60758 -5.98715 3.5
    endloop
  endfacet
  facet normal -0.0980224 -0.995184 0
    outer loop
      vertex 8.21684 -5.94867 3.5
      vertex 8.6 -5.98641 0.299999
      vertex 8.6 -5.98641 3.2
    endloop
  endfacet
  facet normal -0.0980224 -0.995184 0
    outer loop
      vertex 8.21684 -5.94867 0
      vertex 8.6 -5.98641 0.299999
      vertex 8.21684 -5.94867 3.5
    endloop
  endfacet
  facet normal -0.0980057 -0.995186 -2.14859e-05
    outer loop
      vertex 8.60758 -5.98715 0
      vertex 8.6 -5.98641 0.299999
      vertex 8.21684 -5.94867 0
    endloop
  endfacet
  facet normal -0.0971634 -0.995268 0
    outer loop
      vertex 8.6 -5.98641 0.299999
      vertex 8.60758 -5.98715 0
      vertex 8.60758 -5.98715 0.299999
    endloop
  endfacet
  facet normal -0.0971634 -0.995268 -0
    outer loop
      vertex 8.60758 -5.98715 3.5
      vertex 8.6 -5.98641 3.2
      vertex 8.60758 -5.98715 3.2
    endloop
  endfacet
  facet normal 0.352212 0.93592 9.21913e-05
    outer loop
      vertex 11.2961 5.54328 3.5
      vertex 10.9358 5.6789 3.2
      vertex 10.9286 5.68158 3.5
    endloop
  endfacet
  facet normal 0.352279 0.935895 0
    outer loop
      vertex 11.2961 5.54328 3.5
      vertex 10.9358 5.6789 0.299999
      vertex 10.9358 5.6789 3.2
    endloop
  endfacet
  facet normal 0.352279 0.935895 -0
    outer loop
      vertex 11.2961 5.54328 0
      vertex 10.9358 5.6789 0.299999
      vertex 11.2961 5.54328 3.5
    endloop
  endfacet
  facet normal 0.352212 0.93592 -9.21916e-05
    outer loop
      vertex 10.9286 5.68158 0
      vertex 10.9358 5.6789 0.299999
      vertex 11.2961 5.54328 0
    endloop
  endfacet
  facet normal 0.34884 0.937182 0
    outer loop
      vertex 10.9358 5.6789 0.299999
      vertex 10.9286 5.68158 0
      vertex 10.9286 5.68158 0.299999
    endloop
  endfacet
  facet normal 0.34884 0.937182 0
    outer loop
      vertex 10.9286 5.68158 3.5
      vertex 10.9358 5.6789 3.2
      vertex 10.9286 5.68158 3.2
    endloop
  endfacet
  facet normal -0.683589 0.729867 0
    outer loop
      vertex 5.04393 4.51104 0
      vertex 4.75736 4.24264 0.299999
      vertex 5.04393 4.51104 0.299999
    endloop
  endfacet
  facet normal -0.683589 0.729867 0
    outer loop
      vertex 4.75736 4.24264 0.299999
      vertex 5.04393 4.51104 0
      vertex 4.75736 4.24264 0
    endloop
  endfacet
  facet normal -0.683589 0.729867 0
    outer loop
      vertex 5.04393 4.51104 3.2
      vertex 4.75736 4.24264 3.5
      vertex 5.04393 4.51104 3.5
    endloop
  endfacet
  facet normal -0.683589 0.729867 0
    outer loop
      vertex 4.75736 4.24264 3.5
      vertex 5.04393 4.51104 3.2
      vertex 4.75736 4.24264 3.2
    endloop
  endfacet
  facet normal 0.683678 0.729783 -0
    outer loop
      vertex 13.2426 4.24264 3.2
      vertex 12.9561 4.51104 3.5
      vertex 13.2426 4.24264 3.5
    endloop
  endfacet
  facet normal 0.683678 0.729783 0
    outer loop
      vertex 12.9561 4.51104 3.5
      vertex 13.2426 4.24264 3.2
      vertex 12.9561 4.51104 3.2
    endloop
  endfacet
  facet normal 0.683678 0.729783 -0
    outer loop
      vertex 13.2426 4.24264 0
      vertex 12.9561 4.51104 0.299999
      vertex 13.2426 4.24264 0.299999
    endloop
  endfacet
  facet normal 0.683678 0.729783 0
    outer loop
      vertex 12.9561 4.51104 0.299999
      vertex 13.2426 4.24264 0
      vertex 12.9561 4.51104 0
    endloop
  endfacet
  facet normal 0.471375 -0.881933 0
    outer loop
      vertex 11.6537 -5.38124 3.2
      vertex 12 -5.19615 3.5
      vertex 11.6537 -5.38124 3.5
    endloop
  endfacet
  facet normal 0.471375 -0.881933 0
    outer loop
      vertex 12 -5.19615 3.5
      vertex 11.6537 -5.38124 3.2
      vertex 12 -5.19615 3.2
    endloop
  endfacet
  facet normal 0.471375 -0.881933 0
    outer loop
      vertex 11.6537 -5.38124 0
      vertex 12 -5.19615 0.299999
      vertex 11.6537 -5.38124 0.299999
    endloop
  endfacet
  facet normal 0.471375 -0.881933 0
    outer loop
      vertex 12 -5.19615 0.299999
      vertex 11.6537 -5.38124 0
      vertex 12 -5.19615 0
    endloop
  endfacet
  facet normal -0.162907 -0.986641 -0
    outer loop
      vertex 7.82946 -5.88471 0.299999
      vertex 7.82946 -5.88471 0
      vertex 7.83697 -5.88595 0.299999
    endloop
  endfacet
  facet normal -0.162907 -0.986641 0
    outer loop
      vertex 7.83697 -5.88595 3.2
      vertex 7.82946 -5.88471 3.5
      vertex 7.82946 -5.88471 3.2
    endloop
  endfacet
  facet normal -0.162904 -0.986642 9.84825e-08
    outer loop
      vertex 7.82946 -5.88471 3.5
      vertex 7.83697 -5.88595 3.2
      vertex 8.21684 -5.94867 3.5
    endloop
  endfacet
  facet normal -0.162904 -0.986642 0
    outer loop
      vertex 7.83697 -5.88595 0.299999
      vertex 8.21684 -5.94867 3.5
      vertex 7.83697 -5.88595 3.2
    endloop
  endfacet
  facet normal -0.162904 -0.986642 -9.84828e-08
    outer loop
      vertex 8.21684 -5.94867 0
      vertex 7.83697 -5.88595 0.299999
      vertex 7.82946 -5.88471 0
    endloop
  endfacet
  facet normal -0.162904 -0.986642 0
    outer loop
      vertex 7.83697 -5.88595 0.299999
      vertex 8.21684 -5.94867 0
      vertex 8.21684 -5.94867 3.5
    endloop
  endfacet
  facet normal 0.032728 0.999464 -0
    outer loop
      vertex 9.39242 5.98715 0
      vertex 9 6 0.299999
      vertex 9.39242 5.98715 0.299999
    endloop
  endfacet
  facet normal 0.032728 0.999464 0
    outer loop
      vertex 9 6 0.299999
      vertex 9.39242 5.98715 0
      vertex 9 6 0
    endloop
  endfacet
  facet normal 0.032728 0.999464 -0
    outer loop
      vertex 9.39242 5.98715 3.2
      vertex 9 6 3.5
      vertex 9.39242 5.98715 3.5
    endloop
  endfacet
  facet normal 0.032728 0.999464 0
    outer loop
      vertex 9 6 3.5
      vertex 9.39242 5.98715 3.2
      vertex 9 6 3.2
    endloop
  endfacet
  facet normal -0.351843 0.936059 0
    outer loop
      vertex 7.07136 5.68158 0.299999
      vertex 7.07136 5.68158 0
      vertex 7.06423 5.6789 0.299999
    endloop
  endfacet
  facet normal -0.351843 0.936059 0
    outer loop
      vertex 7.06423 5.6789 3.2
      vertex 7.07136 5.68158 3.5
      vertex 7.07136 5.68158 3.2
    endloop
  endfacet
  facet normal -0.352245 0.935908 1.09197e-05
    outer loop
      vertex 7.07136 5.68158 3.5
      vertex 7.06423 5.6789 3.2
      vertex 6.7039 5.54328 3.5
    endloop
  endfacet
  facet normal -0.352253 0.935905 0
    outer loop
      vertex 7.06423 5.6789 0.299999
      vertex 6.7039 5.54328 3.5
      vertex 7.06423 5.6789 3.2
    endloop
  endfacet
  facet normal -0.352245 0.935908 -1.09197e-05
    outer loop
      vertex 6.7039 5.54328 0
      vertex 7.06423 5.6789 0.299999
      vertex 7.07136 5.68158 0
    endloop
  endfacet
  facet normal -0.352253 0.935905 0
    outer loop
      vertex 7.06423 5.6789 0.299999
      vertex 6.7039 5.54328 0
      vertex 6.7039 5.54328 3.5
    endloop
  endfacet
  facet normal -0.162904 0.986642 9.84825e-08
    outer loop
      vertex 8.21684 5.94867 3.5
      vertex 7.83697 5.88595 3.2
      vertex 7.82946 5.88471 3.5
    endloop
  endfacet
  facet normal -0.162904 0.986642 0
    outer loop
      vertex 8.21684 5.94867 3.5
      vertex 7.83697 5.88595 0.299999
      vertex 7.83697 5.88595 3.2
    endloop
  endfacet
  facet normal -0.162904 0.986642 0
    outer loop
      vertex 8.21684 5.94867 0
      vertex 7.83697 5.88595 0.299999
      vertex 8.21684 5.94867 3.5
    endloop
  endfacet
  facet normal -0.162904 0.986642 -9.84828e-08
    outer loop
      vertex 7.82946 5.88471 0
      vertex 7.83697 5.88595 0.299999
      vertex 8.21684 5.94867 0
    endloop
  endfacet
  facet normal -0.162907 0.986641 0
    outer loop
      vertex 7.83697 5.88595 0.299999
      vertex 7.82946 5.88471 0
      vertex 7.82946 5.88471 0.299999
    endloop
  endfacet
  facet normal -0.162907 0.986641 0
    outer loop
      vertex 7.82946 5.88471 3.5
      vertex 7.83697 5.88595 3.2
      vertex 7.82946 5.88471 3.2
    endloop
  endfacet
  facet normal 0.633452 0.773782 0
    outer loop
      vertex 12.9561 4.51104 0.299999
      vertex 12.9561 4.51104 0
      vertex 12.9502 4.51587 0.299999
    endloop
  endfacet
  facet normal 0.633452 0.773782 0
    outer loop
      vertex 12.9502 4.51587 3.2
      vertex 12.9561 4.51104 3.5
      vertex 12.9561 4.51104 3.2
    endloop
  endfacet
  facet normal 0.634399 0.773005 -3.11325e-05
    outer loop
      vertex 12.9561 4.51104 3.5
      vertex 12.9502 4.51587 3.2
      vertex 12.6526 4.76012 3.5
    endloop
  endfacet
  facet normal 0.634418 0.77299 -0
    outer loop
      vertex 12.9502 4.51587 0.299999
      vertex 12.6526 4.76012 3.5
      vertex 12.9502 4.51587 3.2
    endloop
  endfacet
  facet normal 0.634399 0.773005 3.11326e-05
    outer loop
      vertex 12.6526 4.76012 0
      vertex 12.9502 4.51587 0.299999
      vertex 12.9561 4.51104 0
    endloop
  endfacet
  facet normal 0.634418 0.77299 0
    outer loop
      vertex 12.9502 4.51587 0.299999
      vertex 12.6526 4.76012 0
      vertex 12.6526 4.76012 3.5
    endloop
  endfacet
  facet normal -0.032728 0.999464 0
    outer loop
      vertex 9 6 0
      vertex 8.60758 5.98715 0.299999
      vertex 9 6 0.299999
    endloop
  endfacet
  facet normal -0.032728 0.999464 0
    outer loop
      vertex 8.60758 5.98715 0.299999
      vertex 9 6 0
      vertex 8.60758 5.98715 0
    endloop
  endfacet
  facet normal -0.032728 0.999464 0
    outer loop
      vertex 9 6 3.2
      vertex 8.60758 5.98715 3.5
      vertex 9 6 3.5
    endloop
  endfacet
  facet normal -0.032728 0.999464 0
    outer loop
      vertex 8.60758 5.98715 3.5
      vertex 9 6 3.2
      vertex 8.60758 5.98715 3.2
    endloop
  endfacet
  facet normal -0.729867 -0.683589 0
    outer loop
      vertex 4.75736 -4.24264 0
      vertex 4.48896 -3.95607 0.299999
      vertex 4.48896 -3.95607 0
    endloop
  endfacet
  facet normal -0.729867 -0.683589 0
    outer loop
      vertex 4.48896 -3.95607 0.299999
      vertex 4.75736 -4.24264 0
      vertex 4.75736 -4.24264 0.299999
    endloop
  endfacet
  facet normal -0.729867 -0.683589 0
    outer loop
      vertex 4.75736 -4.24264 3.2
      vertex 4.48896 -3.95607 3.5
      vertex 4.48896 -3.95607 3.2
    endloop
  endfacet
  facet normal -0.729867 -0.683589 0
    outer loop
      vertex 4.48896 -3.95607 3.5
      vertex 4.75736 -4.24264 3.2
      vertex 4.75736 -4.24264 3.5
    endloop
  endfacet
  facet normal -0.29027 0.956945 0
    outer loop
      vertex 7.44709 5.79555 0
      vertex 7.07136 5.68158 0.299999
      vertex 7.44709 5.79555 0.299999
    endloop
  endfacet
  facet normal -0.29027 0.956945 0
    outer loop
      vertex 7.07136 5.68158 0.299999
      vertex 7.44709 5.79555 0
      vertex 7.07136 5.68158 0
    endloop
  endfacet
  facet normal -0.29027 0.956945 0
    outer loop
      vertex 7.44709 5.79555 3.2
      vertex 7.07136 5.68158 3.5
      vertex 7.44709 5.79555 3.5
    endloop
  endfacet
  facet normal -0.29027 0.956945 0
    outer loop
      vertex 7.07136 5.68158 3.5
      vertex 7.44709 5.79555 3.2
      vertex 7.07136 5.68158 3.2
    endloop
  endfacet
  facet normal 0.849127 0.528189 0
    outer loop
      vertex 14.1962 3 3.5
      vertex 13.9888 3.33342 3.2
      vertex 13.9888 3.33342 3.5
    endloop
  endfacet
  facet normal 0.849127 0.528189 0
    outer loop
      vertex 13.9888 3.33342 3.2
      vertex 14.1962 3 3.5
      vertex 14.1962 3 3.2
    endloop
  endfacet
  facet normal 0.849127 0.528189 0
    outer loop
      vertex 14.1962 3 0.299999
      vertex 13.9888 3.33342 0
      vertex 13.9888 3.33342 0.299999
    endloop
  endfacet
  facet normal 0.849127 0.528189 0
    outer loop
      vertex 13.9888 3.33342 0
      vertex 14.1962 3 0.299999
      vertex 14.1962 3 0
    endloop
  endfacet
  facet normal 0.882011 -0.471228 0
    outer loop
      vertex 14.1962 -3 3.5
      vertex 14.3812 -2.65373 3.2
      vertex 14.3812 -2.65373 3.5
    endloop
  endfacet
  facet normal 0.882011 -0.471228 0
    outer loop
      vertex 14.3812 -2.65373 3.2
      vertex 14.1962 -3 3.5
      vertex 14.1962 -3 3.2
    endloop
  endfacet
  facet normal 0.882011 -0.471228 0
    outer loop
      vertex 14.1962 -3 0.299999
      vertex 14.3812 -2.65373 0
      vertex 14.3812 -2.65373 0.299999
    endloop
  endfacet
  facet normal 0.882011 -0.471228 0
    outer loop
      vertex 14.3812 -2.65373 0
      vertex 14.1962 -3 0.299999
      vertex 14.1962 -3 0
    endloop
  endfacet
  facet normal -0.227085 0.973875 0
    outer loop
      vertex 7.82946 5.88471 3.2
      vertex 7.44709 5.79555 3.5
      vertex 7.82946 5.88471 3.5
    endloop
  endfacet
  facet normal -0.227085 0.973875 0
    outer loop
      vertex 7.44709 5.79555 3.5
      vertex 7.82946 5.88471 3.2
      vertex 7.44709 5.79555 3.2
    endloop
  endfacet
  facet normal -0.227085 0.973875 0
    outer loop
      vertex 7.82946 5.88471 0
      vertex 7.44709 5.79555 0.299999
      vertex 7.82946 5.88471 0.299999
    endloop
  endfacet
  facet normal -0.227085 0.973875 0
    outer loop
      vertex 7.44709 5.79555 0.299999
      vertex 7.82946 5.88471 0
      vertex 7.44709 5.79555 0
    endloop
  endfacet
  facet normal 0.91086 -0.412717 0
    outer loop
      vertex 14.5433 -2.2961 3.5
      vertex 14.3844 -2.64679 3.2
      vertex 14.5433 -2.2961 0
    endloop
  endfacet
  facet normal 0.910806 -0.412834 0.000165049
    outer loop
      vertex 14.3812 -2.65373 3.5
      vertex 14.3844 -2.64679 3.2
      vertex 14.5433 -2.2961 3.5
    endloop
  endfacet
  facet normal 0.908113 -0.418726 0
    outer loop
      vertex 14.3844 -2.64679 3.2
      vertex 14.3812 -2.65373 3.5
      vertex 14.3812 -2.65373 3.2
    endloop
  endfacet
  facet normal 0.91086 -0.412717 0
    outer loop
      vertex 14.3844 -2.64679 0.299999
      vertex 14.5433 -2.2961 0
      vertex 14.3844 -2.64679 3.2
    endloop
  endfacet
  facet normal 0.908113 -0.418726 0
    outer loop
      vertex 14.3812 -2.65373 0
      vertex 14.3844 -2.64679 0.299999
      vertex 14.3812 -2.65373 0.299999
    endloop
  endfacet
  facet normal 0.910806 -0.412834 -0.000165049
    outer loop
      vertex 14.3844 -2.64679 0.299999
      vertex 14.3812 -2.65373 0
      vertex 14.5433 -2.2961 0
    endloop
  endfacet
  facet normal 0.956924 -0.29034 0
    outer loop
      vertex 14.6816 -1.92864 3.5
      vertex 14.7956 -1.55291 3.2
      vertex 14.7956 -1.55291 3.5
    endloop
  endfacet
  facet normal 0.956924 -0.29034 0
    outer loop
      vertex 14.7956 -1.55291 3.2
      vertex 14.6816 -1.92864 3.5
      vertex 14.6816 -1.92864 3.2
    endloop
  endfacet
  facet normal 0.956924 -0.29034 0
    outer loop
      vertex 14.6816 -1.92864 0.299999
      vertex 14.7956 -1.55291 0
      vertex 14.7956 -1.55291 0.299999
    endloop
  endfacet
  facet normal 0.956924 -0.29034 0
    outer loop
      vertex 14.7956 -1.55291 0
      vertex 14.6816 -1.92864 0.299999
      vertex 14.6816 -1.92864 0
    endloop
  endfacet
  facet normal -0.881916 0.471406 0
    outer loop
      vertex 3.61876 2.65373 3.2
      vertex 3.80385 3 3.5
      vertex 3.80385 3 3.2
    endloop
  endfacet
  facet normal -0.881916 0.471406 0
    outer loop
      vertex 3.80385 3 3.5
      vertex 3.61876 2.65373 3.2
      vertex 3.61876 2.65373 3.5
    endloop
  endfacet
  facet normal -0.881916 0.471406 0
    outer loop
      vertex 3.61876 2.65373 0
      vertex 3.80385 3 0.299999
      vertex 3.80385 3 0
    endloop
  endfacet
  facet normal -0.881916 0.471406 0
    outer loop
      vertex 3.80385 3 0.299999
      vertex 3.61876 2.65373 0
      vertex 3.61876 2.65373 0.299999
    endloop
  endfacet
  facet normal -0.911084 0.41222 0
    outer loop
      vertex 3.61876 2.65373 0
      vertex 3.61562 2.64679 0.299999
      vertex 3.61876 2.65373 0.299999
    endloop
  endfacet
  facet normal -0.91086 0.412717 0
    outer loop
      vertex 3.61562 2.64679 0.299999
      vertex 3.45672 2.2961 0
      vertex 3.61562 2.64679 3.2
    endloop
  endfacet
  facet normal -0.910864 0.412707 1.35787e-05
    outer loop
      vertex 3.45672 2.2961 0
      vertex 3.61562 2.64679 0.299999
      vertex 3.61876 2.65373 0
    endloop
  endfacet
  facet normal -0.911084 0.41222 0
    outer loop
      vertex 3.61562 2.64679 3.2
      vertex 3.61876 2.65373 3.5
      vertex 3.61876 2.65373 3.2
    endloop
  endfacet
  facet normal -0.91086 0.412717 0
    outer loop
      vertex 3.45672 2.2961 3.5
      vertex 3.61562 2.64679 3.2
      vertex 3.45672 2.2961 0
    endloop
  endfacet
  facet normal -0.910864 0.412707 -1.35786e-05
    outer loop
      vertex 3.61562 2.64679 3.2
      vertex 3.45672 2.2961 3.5
      vertex 3.61876 2.65373 3.5
    endloop
  endfacet
  facet normal -0.986641 0.162907 0
    outer loop
      vertex 3.11529 1.17054 0
      vertex 3.11405 1.16303 0.299999
      vertex 3.11529 1.17054 0.299999
    endloop
  endfacet
  facet normal -0.986642 0.162902 0
    outer loop
      vertex 3.11405 1.16303 0.299999
      vertex 3.05133 0.783156 0
      vertex 3.11405 1.16303 3.2
    endloop
  endfacet
  facet normal -0.986642 0.162902 -1.40591e-07
    outer loop
      vertex 3.05133 0.783156 0
      vertex 3.11405 1.16303 0.299999
      vertex 3.11529 1.17054 0
    endloop
  endfacet
  facet normal -0.986641 0.162907 0
    outer loop
      vertex 3.11405 1.16303 3.2
      vertex 3.11529 1.17054 3.5
      vertex 3.11529 1.17054 3.2
    endloop
  endfacet
  facet normal -0.986642 0.162902 0
    outer loop
      vertex 3.05133 0.783156 3.5
      vertex 3.11405 1.16303 3.2
      vertex 3.05133 0.783156 0
    endloop
  endfacet
  facet normal -0.986642 0.162902 1.40591e-07
    outer loop
      vertex 3.11405 1.16303 3.2
      vertex 3.05133 0.783156 3.5
      vertex 3.11529 1.17054 3.5
    endloop
  endfacet
  facet normal 0.58223 -0.813024 0
    outer loop
      vertex 12.3334 -4.98882 0.299999
      vertex 12.3334 -4.98882 0
      vertex 12.3396 -4.98438 0.299999
    endloop
  endfacet
  facet normal 0.58223 -0.813024 0
    outer loop
      vertex 12.3396 -4.98438 3.2
      vertex 12.3334 -4.98882 3.5
      vertex 12.3334 -4.98882 3.2
    endloop
  endfacet
  facet normal 0.582418 -0.812889 5.87426e-06
    outer loop
      vertex 12.3334 -4.98882 3.5
      vertex 12.3396 -4.98438 3.2
      vertex 12.6526 -4.76012 3.5
    endloop
  endfacet
  facet normal 0.582422 -0.812887 0
    outer loop
      vertex 12.3396 -4.98438 0.299999
      vertex 12.6526 -4.76012 3.5
      vertex 12.3396 -4.98438 3.2
    endloop
  endfacet
  facet normal 0.582418 -0.812889 -5.87428e-06
    outer loop
      vertex 12.6526 -4.76012 0
      vertex 12.3396 -4.98438 0.299999
      vertex 12.3334 -4.98882 0
    endloop
  endfacet
  facet normal 0.582422 -0.812887 0
    outer loop
      vertex 12.3396 -4.98438 0.299999
      vertex 12.6526 -4.76012 0
      vertex 12.6526 -4.76012 3.5
    endloop
  endfacet
  facet normal 0.0980057 0.995186 2.14859e-05
    outer loop
      vertex 9.78316 5.94867 3.5
      vertex 9.4 5.98641 3.2
      vertex 9.39242 5.98715 3.5
    endloop
  endfacet
  facet normal 0.0980224 0.995184 0
    outer loop
      vertex 9.78316 5.94867 3.5
      vertex 9.4 5.98641 0.299999
      vertex 9.4 5.98641 3.2
    endloop
  endfacet
  facet normal 0.0980224 0.995184 -0
    outer loop
      vertex 9.78316 5.94867 0
      vertex 9.4 5.98641 0.299999
      vertex 9.78316 5.94867 3.5
    endloop
  endfacet
  facet normal 0.0980057 0.995186 -2.14859e-05
    outer loop
      vertex 9.39242 5.98715 0
      vertex 9.4 5.98641 0.299999
      vertex 9.78316 5.94867 0
    endloop
  endfacet
  facet normal 0.0971634 0.995268 0
    outer loop
      vertex 9.4 5.98641 0.299999
      vertex 9.39242 5.98715 0
      vertex 9.39242 5.98715 0.299999
    endloop
  endfacet
  facet normal 0.0971634 0.995268 0
    outer loop
      vertex 9.39242 5.98715 3.5
      vertex 9.4 5.98641 3.2
      vertex 9.39242 5.98715 3.2
    endloop
  endfacet
  facet normal -0.849207 -0.528061 0
    outer loop
      vertex 4.01118 -3.33342 3.2
      vertex 3.80385 -3 3.5
      vertex 3.80385 -3 3.2
    endloop
  endfacet
  facet normal -0.849207 -0.528061 0
    outer loop
      vertex 3.80385 -3 3.5
      vertex 4.01118 -3.33342 3.2
      vertex 4.01118 -3.33342 3.5
    endloop
  endfacet
  facet normal -0.849207 -0.528061 0
    outer loop
      vertex 4.01118 -3.33342 0
      vertex 3.80385 -3 0.299999
      vertex 3.80385 -3 0
    endloop
  endfacet
  facet normal -0.849207 -0.528061 0
    outer loop
      vertex 3.80385 -3 0.299999
      vertex 4.01118 -3.33342 0
      vertex 4.01118 -3.33342 0.299999
    endloop
  endfacet
  facet normal 0.16292 -0.986639 5.10802e-06
    outer loop
      vertex 9.78316 -5.94867 3.5
      vertex 10.163 -5.88595 3.2
      vertex 10.1705 -5.88471 3.5
    endloop
  endfacet
  facet normal 0.162916 -0.98664 0
    outer loop
      vertex 9.78316 -5.94867 3.5
      vertex 10.163 -5.88595 0.299999
      vertex 10.163 -5.88595 3.2
    endloop
  endfacet
  facet normal 0.162916 -0.98664 0
    outer loop
      vertex 9.78316 -5.94867 0
      vertex 10.163 -5.88595 0.299999
      vertex 9.78316 -5.94867 3.5
    endloop
  endfacet
  facet normal 0.16292 -0.986639 -5.10804e-06
    outer loop
      vertex 10.1705 -5.88471 0
      vertex 10.163 -5.88595 0.299999
      vertex 9.78316 -5.94867 0
    endloop
  endfacet
  facet normal 0.163119 -0.986606 0
    outer loop
      vertex 10.163 -5.88595 0.299999
      vertex 10.1705 -5.88471 0
      vertex 10.1705 -5.88471 0.299999
    endloop
  endfacet
  facet normal 0.163119 -0.986606 0
    outer loop
      vertex 10.1705 -5.88471 3.5
      vertex 10.163 -5.88595 3.2
      vertex 10.1705 -5.88471 3.2
    endloop
  endfacet
  facet normal 0.290291 -0.956938 0
    outer loop
      vertex 10.5529 -5.79555 0
      vertex 10.9286 -5.68158 0.299999
      vertex 10.5529 -5.79555 0.299999
    endloop
  endfacet
  facet normal 0.290291 -0.956938 0
    outer loop
      vertex 10.9286 -5.68158 0.299999
      vertex 10.5529 -5.79555 0
      vertex 10.9286 -5.68158 0
    endloop
  endfacet
  facet normal 0.290291 -0.956938 0
    outer loop
      vertex 10.5529 -5.79555 3.2
      vertex 10.9286 -5.68158 3.5
      vertex 10.5529 -5.79555 3.5
    endloop
  endfacet
  facet normal 0.290291 -0.956938 0
    outer loop
      vertex 10.9286 -5.68158 3.5
      vertex 10.5529 -5.79555 3.2
      vertex 10.9286 -5.68158 3.2
    endloop
  endfacet
  facet normal 0.528084 -0.849192 0
    outer loop
      vertex 12 -5.19615 3.2
      vertex 12.3334 -4.98882 3.5
      vertex 12 -5.19615 3.5
    endloop
  endfacet
  facet normal 0.528084 -0.849192 0
    outer loop
      vertex 12.3334 -4.98882 3.5
      vertex 12 -5.19615 3.2
      vertex 12.3334 -4.98882 3.2
    endloop
  endfacet
  facet normal 0.528084 -0.849192 0
    outer loop
      vertex 12 -5.19615 0
      vertex 12.3334 -4.98882 0.299999
      vertex 12 -5.19615 0.299999
    endloop
  endfacet
  facet normal 0.528084 -0.849192 0
    outer loop
      vertex 12.3334 -4.98882 0.299999
      vertex 12 -5.19615 0
      vertex 12.3334 -4.98882 0
    endloop
  endfacet
  facet normal -0.773011 -0.634393 0
    outer loop
      vertex 4.23988 -3.65257 0
      vertex 4.48413 -3.95019 0.299999
      vertex 4.23988 -3.65257 3.5
    endloop
  endfacet
  facet normal -0.773005 -0.634399 -1.11609e-05
    outer loop
      vertex 4.48896 -3.95607 0
      vertex 4.48413 -3.95019 0.299999
      vertex 4.23988 -3.65257 0
    endloop
  endfacet
  facet normal -0.772726 -0.634739 0
    outer loop
      vertex 4.48413 -3.95019 0.299999
      vertex 4.48896 -3.95607 0
      vertex 4.48896 -3.95607 0.299999
    endloop
  endfacet
  facet normal -0.773011 -0.634393 -0
    outer loop
      vertex 4.48413 -3.95019 3.2
      vertex 4.23988 -3.65257 3.5
      vertex 4.48413 -3.95019 0.299999
    endloop
  endfacet
  facet normal -0.772726 -0.634739 -0
    outer loop
      vertex 4.48896 -3.95607 3.5
      vertex 4.48413 -3.95019 3.2
      vertex 4.48896 -3.95607 3.2
    endloop
  endfacet
  facet normal -0.773005 -0.634399 1.11608e-05
    outer loop
      vertex 4.48413 -3.95019 3.2
      vertex 4.48896 -3.95607 3.5
      vertex 4.23988 -3.65257 3.5
    endloop
  endfacet
  facet normal -0.634399 0.773005 1.11608e-05
    outer loop
      vertex 5.34743 4.76012 3.5
      vertex 5.04981 4.51587 3.2
      vertex 5.04393 4.51104 3.5
    endloop
  endfacet
  facet normal -0.634393 0.773011 0
    outer loop
      vertex 5.34743 4.76012 3.5
      vertex 5.04981 4.51587 0.299999
      vertex 5.04981 4.51587 3.2
    endloop
  endfacet
  facet normal -0.634393 0.773011 0
    outer loop
      vertex 5.34743 4.76012 0
      vertex 5.04981 4.51587 0.299999
      vertex 5.34743 4.76012 3.5
    endloop
  endfacet
  facet normal -0.634399 0.773005 -1.11609e-05
    outer loop
      vertex 5.04393 4.51104 0
      vertex 5.04981 4.51587 0.299999
      vertex 5.34743 4.76012 0
    endloop
  endfacet
  facet normal -0.634739 0.772726 0
    outer loop
      vertex 5.04981 4.51587 0.299999
      vertex 5.04393 4.51104 0
      vertex 5.04393 4.51104 0.299999
    endloop
  endfacet
  facet normal -0.634739 0.772726 0
    outer loop
      vertex 5.04393 4.51104 3.5
      vertex 5.04981 4.51587 3.2
      vertex 5.04393 4.51104 3.2
    endloop
  endfacet
  facet normal 0.227069 -0.973879 0
    outer loop
      vertex 10.1705 -5.88471 0
      vertex 10.5529 -5.79555 0.299999
      vertex 10.1705 -5.88471 0.299999
    endloop
  endfacet
  facet normal 0.227069 -0.973879 0
    outer loop
      vertex 10.5529 -5.79555 0.299999
      vertex 10.1705 -5.88471 0
      vertex 10.5529 -5.79555 0
    endloop
  endfacet
  facet normal 0.227069 -0.973879 0
    outer loop
      vertex 10.1705 -5.88471 3.2
      vertex 10.5529 -5.79555 3.5
      vertex 10.1705 -5.88471 3.5
    endloop
  endfacet
  facet normal 0.227069 -0.973879 0
    outer loop
      vertex 10.5529 -5.79555 3.5
      vertex 10.1705 -5.88471 3.2
      vertex 10.5529 -5.79555 3.2
    endloop
  endfacet
  facet normal -0.995271 -0.097138 0
    outer loop
      vertex 3.01285 -0.392418 0
      vertex 3.01359 -0.4 0.299999
      vertex 3.01285 -0.392418 0.299999
    endloop
  endfacet
  facet normal -0.995184 -0.0980234 0
    outer loop
      vertex 3.01359 -0.4 0.299999
      vertex 3.05133 -0.783156 0
      vertex 3.01359 -0.4 3.2
    endloop
  endfacet
  facet normal -0.995186 -0.0980062 -2.2152e-05
    outer loop
      vertex 3.05133 -0.783156 0
      vertex 3.01359 -0.4 0.299999
      vertex 3.01285 -0.392418 0
    endloop
  endfacet
  facet normal -0.995271 -0.097138 0
    outer loop
      vertex 3.01359 -0.4 3.2
      vertex 3.01285 -0.392418 3.5
      vertex 3.01285 -0.392418 3.2
    endloop
  endfacet
  facet normal -0.995184 -0.0980234 -0
    outer loop
      vertex 3.05133 -0.783156 3.5
      vertex 3.01359 -0.4 3.2
      vertex 3.05133 -0.783156 0
    endloop
  endfacet
  facet normal -0.995186 -0.0980062 2.21519e-05
    outer loop
      vertex 3.01359 -0.4 3.2
      vertex 3.05133 -0.783156 3.5
      vertex 3.01285 -0.392418 3.5
    endloop
  endfacet
  facet normal -0.999464 0.0327282 0
    outer loop
      vertex 3 0 3.2
      vertex 3.01285 0.392418 3.5
      vertex 3.01285 0.392418 3.2
    endloop
  endfacet
  facet normal -0.999464 0.0327282 0
    outer loop
      vertex 3.01285 0.392418 3.5
      vertex 3 0 3.2
      vertex 3 0 3.5
    endloop
  endfacet
  facet normal -0.999464 0.0327282 0
    outer loop
      vertex 3 0 0
      vertex 3.01285 0.392418 0.299999
      vertex 3.01285 0.392418 0
    endloop
  endfacet
  facet normal -0.999464 0.0327282 0
    outer loop
      vertex 3.01285 0.392418 0.299999
      vertex 3 0 0
      vertex 3 0 0.299999
    endloop
  endfacet
  facet normal -0.352245 -0.935908 1.09197e-05
    outer loop
      vertex 6.7039 -5.54328 3.5
      vertex 7.06423 -5.6789 3.2
      vertex 7.07136 -5.68158 3.5
    endloop
  endfacet
  facet normal -0.352253 -0.935905 0
    outer loop
      vertex 6.7039 -5.54328 3.5
      vertex 7.06423 -5.6789 0.299999
      vertex 7.06423 -5.6789 3.2
    endloop
  endfacet
  facet normal -0.352253 -0.935905 0
    outer loop
      vertex 6.7039 -5.54328 0
      vertex 7.06423 -5.6789 0.299999
      vertex 6.7039 -5.54328 3.5
    endloop
  endfacet
  facet normal -0.352245 -0.935908 -1.09197e-05
    outer loop
      vertex 7.07136 -5.68158 0
      vertex 7.06423 -5.6789 0.299999
      vertex 6.7039 -5.54328 0
    endloop
  endfacet
  facet normal -0.351843 -0.936059 0
    outer loop
      vertex 7.06423 -5.6789 0.299999
      vertex 7.07136 -5.68158 0
      vertex 7.07136 -5.68158 0.299999
    endloop
  endfacet
  facet normal -0.351843 -0.936059 -0
    outer loop
      vertex 7.07136 -5.68158 3.5
      vertex 7.06423 -5.6789 3.2
      vertex 7.07136 -5.68158 3.2
    endloop
  endfacet
  facet normal 0.0971634 -0.995268 0
    outer loop
      vertex 9.39242 -5.98715 0.299999
      vertex 9.39242 -5.98715 0
      vertex 9.4 -5.98641 0.299999
    endloop
  endfacet
  facet normal 0.0971634 -0.995268 0
    outer loop
      vertex 9.4 -5.98641 3.2
      vertex 9.39242 -5.98715 3.5
      vertex 9.39242 -5.98715 3.2
    endloop
  endfacet
  facet normal 0.0980057 -0.995186 2.14859e-05
    outer loop
      vertex 9.39242 -5.98715 3.5
      vertex 9.4 -5.98641 3.2
      vertex 9.78316 -5.94867 3.5
    endloop
  endfacet
  facet normal 0.0980224 -0.995184 0
    outer loop
      vertex 9.4 -5.98641 0.299999
      vertex 9.78316 -5.94867 3.5
      vertex 9.4 -5.98641 3.2
    endloop
  endfacet
  facet normal 0.0980057 -0.995186 -2.14859e-05
    outer loop
      vertex 9.78316 -5.94867 0
      vertex 9.4 -5.98641 0.299999
      vertex 9.39242 -5.98715 0
    endloop
  endfacet
  facet normal 0.0980224 -0.995184 0
    outer loop
      vertex 9.4 -5.98641 0.299999
      vertex 9.78316 -5.94867 0
      vertex 9.78316 -5.94867 3.5
    endloop
  endfacet
  facet normal 0.634399 -0.773005 -3.11325e-05
    outer loop
      vertex 12.6526 -4.76012 3.5
      vertex 12.9502 -4.51587 3.2
      vertex 12.9561 -4.51104 3.5
    endloop
  endfacet
  facet normal 0.634418 -0.77299 0
    outer loop
      vertex 12.6526 -4.76012 3.5
      vertex 12.9502 -4.51587 0.299999
      vertex 12.9502 -4.51587 3.2
    endloop
  endfacet
  facet normal 0.634418 -0.77299 0
    outer loop
      vertex 12.6526 -4.76012 0
      vertex 12.9502 -4.51587 0.299999
      vertex 12.6526 -4.76012 3.5
    endloop
  endfacet
  facet normal 0.634399 -0.773005 3.11326e-05
    outer loop
      vertex 12.9561 -4.51104 0
      vertex 12.9502 -4.51587 0.299999
      vertex 12.6526 -4.76012 0
    endloop
  endfacet
  facet normal 0.633452 -0.773782 0
    outer loop
      vertex 12.9502 -4.51587 0.299999
      vertex 12.9561 -4.51104 0
      vertex 12.9561 -4.51104 0.299999
    endloop
  endfacet
  facet normal 0.633452 -0.773782 0
    outer loop
      vertex 12.9561 -4.51104 3.5
      vertex 12.9502 -4.51587 3.2
      vertex 12.9561 -4.51104 3.2
    endloop
  endfacet
  facet normal 0.999468 -0.0326009 0
    outer loop
      vertex 14.9872 -0.392418 3.5
      vertex 15 0 3.2
      vertex 15 0 3.5
    endloop
  endfacet
  facet normal 0.999468 -0.0326009 0
    outer loop
      vertex 15 0 3.2
      vertex 14.9872 -0.392418 3.5
      vertex 14.9872 -0.392418 3.2
    endloop
  endfacet
  facet normal 0.999468 -0.0326009 0
    outer loop
      vertex 14.9872 -0.392418 0.299999
      vertex 15 0 0
      vertex 15 0 0.299999
    endloop
  endfacet
  facet normal 0.999468 -0.0326009 0
    outer loop
      vertex 15 0 0
      vertex 14.9872 -0.392418 0.299999
      vertex 14.9872 -0.392418 0
    endloop
  endfacet
  facet normal 0.412736 -0.910851 4.06521e-05
    outer loop
      vertex 11.2961 -5.54328 3.5
      vertex 11.6468 -5.38438 3.2
      vertex 11.6537 -5.38124 3.5
    endloop
  endfacet
  facet normal 0.412707 -0.910864 0
    outer loop
      vertex 11.2961 -5.54328 3.5
      vertex 11.6468 -5.38438 0.299999
      vertex 11.6468 -5.38438 3.2
    endloop
  endfacet
  facet normal 0.412707 -0.910864 0
    outer loop
      vertex 11.2961 -5.54328 0
      vertex 11.6468 -5.38438 0.299999
      vertex 11.2961 -5.54328 3.5
    endloop
  endfacet
  facet normal 0.412736 -0.910851 -4.06522e-05
    outer loop
      vertex 11.6537 -5.38124 0
      vertex 11.6468 -5.38438 0.299999
      vertex 11.2961 -5.54328 0
    endloop
  endfacet
  facet normal 0.4142 -0.910186 0
    outer loop
      vertex 11.6468 -5.38438 0.299999
      vertex 11.6537 -5.38124 0
      vertex 11.6537 -5.38124 0.299999
    endloop
  endfacet
  facet normal 0.4142 -0.910186 0
    outer loop
      vertex 11.6537 -5.38124 3.5
      vertex 11.6468 -5.38438 3.2
      vertex 11.6537 -5.38124 3.2
    endloop
  endfacet
  facet normal 0.163119 0.986606 0
    outer loop
      vertex 10.1705 5.88471 0.299999
      vertex 10.1705 5.88471 0
      vertex 10.163 5.88595 0.299999
    endloop
  endfacet
  facet normal 0.163119 0.986606 0
    outer loop
      vertex 10.163 5.88595 3.2
      vertex 10.1705 5.88471 3.5
      vertex 10.1705 5.88471 3.2
    endloop
  endfacet
  facet normal 0.16292 0.986639 5.10802e-06
    outer loop
      vertex 10.1705 5.88471 3.5
      vertex 10.163 5.88595 3.2
      vertex 9.78316 5.94867 3.5
    endloop
  endfacet
  facet normal 0.162916 0.98664 -0
    outer loop
      vertex 10.163 5.88595 0.299999
      vertex 9.78316 5.94867 3.5
      vertex 10.163 5.88595 3.2
    endloop
  endfacet
  facet normal 0.16292 0.986639 -5.10804e-06
    outer loop
      vertex 9.78316 5.94867 0
      vertex 10.163 5.88595 0.299999
      vertex 10.1705 5.88471 0
    endloop
  endfacet
  facet normal 0.162916 0.98664 0
    outer loop
      vertex 10.163 5.88595 0.299999
      vertex 9.78316 5.94867 0
      vertex 9.78316 5.94867 3.5
    endloop
  endfacet
  facet normal -0.729867 0.683589 0
    outer loop
      vertex 4.48896 3.95607 0
      vertex 4.75736 4.24264 0.299999
      vertex 4.75736 4.24264 0
    endloop
  endfacet
  facet normal -0.729867 0.683589 0
    outer loop
      vertex 4.75736 4.24264 0.299999
      vertex 4.48896 3.95607 0
      vertex 4.48896 3.95607 0.299999
    endloop
  endfacet
  facet normal -0.729867 0.683589 0
    outer loop
      vertex 4.48896 3.95607 3.2
      vertex 4.75736 4.24264 3.5
      vertex 4.75736 4.24264 3.2
    endloop
  endfacet
  facet normal -0.729867 0.683589 0
    outer loop
      vertex 4.75736 4.24264 3.5
      vertex 4.48896 3.95607 3.2
      vertex 4.48896 3.95607 3.5
    endloop
  endfacet
  facet normal 0.973909 -0.226941 0
    outer loop
      vertex 14.7956 -1.55291 3.5
      vertex 14.8847 -1.17054 3.2
      vertex 14.8847 -1.17054 3.5
    endloop
  endfacet
  facet normal 0.973909 -0.226941 0
    outer loop
      vertex 14.8847 -1.17054 3.2
      vertex 14.7956 -1.55291 3.5
      vertex 14.7956 -1.55291 3.2
    endloop
  endfacet
  facet normal 0.973909 -0.226941 0
    outer loop
      vertex 14.7956 -1.55291 0.299999
      vertex 14.8847 -1.17054 0
      vertex 14.8847 -1.17054 0.299999
    endloop
  endfacet
  facet normal 0.973909 -0.226941 0
    outer loop
      vertex 14.8847 -1.17054 0
      vertex 14.7956 -1.55291 0.299999
      vertex 14.7956 -1.55291 0
    endloop
  endfacet
  facet normal -0.772726 0.634739 0
    outer loop
      vertex 4.48896 3.95607 0
      vertex 4.48413 3.95019 0.299999
      vertex 4.48896 3.95607 0.299999
    endloop
  endfacet
  facet normal -0.773011 0.634393 0
    outer loop
      vertex 4.48413 3.95019 0.299999
      vertex 4.23988 3.65257 0
      vertex 4.48413 3.95019 3.2
    endloop
  endfacet
  facet normal -0.773005 0.634399 -1.11609e-05
    outer loop
      vertex 4.23988 3.65257 0
      vertex 4.48413 3.95019 0.299999
      vertex 4.48896 3.95607 0
    endloop
  endfacet
  facet normal -0.772726 0.634739 0
    outer loop
      vertex 4.48413 3.95019 3.2
      vertex 4.48896 3.95607 3.5
      vertex 4.48896 3.95607 3.2
    endloop
  endfacet
  facet normal -0.773011 0.634393 0
    outer loop
      vertex 4.23988 3.65257 3.5
      vertex 4.48413 3.95019 3.2
      vertex 4.23988 3.65257 0
    endloop
  endfacet
  facet normal -0.773005 0.634399 1.11608e-05
    outer loop
      vertex 4.48413 3.95019 3.2
      vertex 4.23988 3.65257 3.5
      vertex 4.48896 3.95607 3.5
    endloop
  endfacet
  facet normal 0.683678 -0.729783 0
    outer loop
      vertex 12.9561 -4.51104 0
      vertex 13.2426 -4.24264 0.299999
      vertex 12.9561 -4.51104 0.299999
    endloop
  endfacet
  facet normal 0.683678 -0.729783 0
    outer loop
      vertex 13.2426 -4.24264 0.299999
      vertex 12.9561 -4.51104 0
      vertex 13.2426 -4.24264 0
    endloop
  endfacet
  facet normal 0.683678 -0.729783 0
    outer loop
      vertex 12.9561 -4.51104 3.2
      vertex 13.2426 -4.24264 3.5
      vertex 12.9561 -4.51104 3.5
    endloop
  endfacet
  facet normal 0.683678 -0.729783 0
    outer loop
      vertex 13.2426 -4.24264 3.5
      vertex 12.9561 -4.51104 3.2
      vertex 13.2426 -4.24264 3.2
    endloop
  endfacet
  facet normal -0.227085 -0.973875 0
    outer loop
      vertex 7.44709 -5.79555 0
      vertex 7.82946 -5.88471 0.299999
      vertex 7.44709 -5.79555 0.299999
    endloop
  endfacet
  facet normal -0.227085 -0.973875 -0
    outer loop
      vertex 7.82946 -5.88471 0.299999
      vertex 7.44709 -5.79555 0
      vertex 7.82946 -5.88471 0
    endloop
  endfacet
  facet normal -0.227085 -0.973875 0
    outer loop
      vertex 7.44709 -5.79555 3.2
      vertex 7.82946 -5.88471 3.5
      vertex 7.44709 -5.79555 3.5
    endloop
  endfacet
  facet normal -0.227085 -0.973875 -0
    outer loop
      vertex 7.82946 -5.88471 3.5
      vertex 7.44709 -5.79555 3.2
      vertex 7.82946 -5.88471 3.2
    endloop
  endfacet
  facet normal 0.935192 -0.35414 0
    outer loop
      vertex 14.6816 -1.92864 3.5
      vertex 14.6789 -1.93577 3.2
      vertex 14.6816 -1.92864 3.2
    endloop
  endfacet
  facet normal 0.935922 -0.352208 0
    outer loop
      vertex 14.6789 -1.93577 3.2
      vertex 14.5433 -2.2961 3.5
      vertex 14.6789 -1.93577 0.299999
    endloop
  endfacet
  facet normal 0.935908 -0.352245 -5.14742e-05
    outer loop
      vertex 14.5433 -2.2961 3.5
      vertex 14.6789 -1.93577 3.2
      vertex 14.6816 -1.92864 3.5
    endloop
  endfacet
  facet normal 0.935192 -0.35414 0
    outer loop
      vertex 14.6789 -1.93577 0.299999
      vertex 14.6816 -1.92864 0
      vertex 14.6816 -1.92864 0.299999
    endloop
  endfacet
  facet normal 0.935922 -0.352208 0
    outer loop
      vertex 14.5433 -2.2961 0
      vertex 14.6789 -1.93577 0.299999
      vertex 14.5433 -2.2961 3.5
    endloop
  endfacet
  facet normal 0.935908 -0.352245 5.14743e-05
    outer loop
      vertex 14.6789 -1.93577 0.299999
      vertex 14.5433 -2.2961 0
      vertex 14.6816 -1.92864 0
    endloop
  endfacet
  facet normal -0.995184 0.0980234 0
    outer loop
      vertex 3.05133 0.783156 0
      vertex 3.01359 0.4 0.299999
      vertex 3.05133 0.783156 3.5
    endloop
  endfacet
  facet normal -0.995186 0.0980062 -2.2152e-05
    outer loop
      vertex 3.01285 0.392418 0
      vertex 3.01359 0.4 0.299999
      vertex 3.05133 0.783156 0
    endloop
  endfacet
  facet normal -0.995271 0.097138 0
    outer loop
      vertex 3.01359 0.4 0.299999
      vertex 3.01285 0.392418 0
      vertex 3.01285 0.392418 0.299999
    endloop
  endfacet
  facet normal -0.995184 0.0980234 0
    outer loop
      vertex 3.01359 0.4 3.2
      vertex 3.05133 0.783156 3.5
      vertex 3.01359 0.4 0.299999
    endloop
  endfacet
  facet normal -0.995271 0.097138 0
    outer loop
      vertex 3.01285 0.392418 3.5
      vertex 3.01359 0.4 3.2
      vertex 3.01285 0.392418 3.2
    endloop
  endfacet
  facet normal -0.995186 0.0980062 2.21519e-05
    outer loop
      vertex 3.01359 0.4 3.2
      vertex 3.01285 0.392418 3.5
      vertex 3.05133 0.783156 3.5
    endloop
  endfacet
  facet normal -0.849207 0.528061 0
    outer loop
      vertex 3.80385 3 0
      vertex 4.01118 3.33342 0.299999
      vertex 4.01118 3.33342 0
    endloop
  endfacet
  facet normal -0.849207 0.528061 0
    outer loop
      vertex 4.01118 3.33342 0.299999
      vertex 3.80385 3 0
      vertex 3.80385 3 0.299999
    endloop
  endfacet
  facet normal -0.849207 0.528061 0
    outer loop
      vertex 3.80385 3 3.2
      vertex 4.01118 3.33342 3.5
      vertex 4.01118 3.33342 3.2
    endloop
  endfacet
  facet normal -0.849207 0.528061 0
    outer loop
      vertex 4.01118 3.33342 3.5
      vertex 3.80385 3 3.2
      vertex 3.80385 3 3.5
    endloop
  endfacet
  facet normal -0.29027 -0.956945 0
    outer loop
      vertex 7.07136 -5.68158 0
      vertex 7.44709 -5.79555 0.299999
      vertex 7.07136 -5.68158 0.299999
    endloop
  endfacet
  facet normal -0.29027 -0.956945 -0
    outer loop
      vertex 7.44709 -5.79555 0.299999
      vertex 7.07136 -5.68158 0
      vertex 7.44709 -5.79555 0
    endloop
  endfacet
  facet normal -0.29027 -0.956945 0
    outer loop
      vertex 7.07136 -5.68158 3.2
      vertex 7.44709 -5.79555 3.5
      vertex 7.07136 -5.68158 3.5
    endloop
  endfacet
  facet normal -0.29027 -0.956945 -0
    outer loop
      vertex 7.44709 -5.79555 3.5
      vertex 7.07136 -5.68158 3.2
      vertex 7.44709 -5.79555 3.2
    endloop
  endfacet
  facet normal -0.956945 0.29027 0
    outer loop
      vertex 3.20445 1.55291 0
      vertex 3.31842 1.92864 0.299999
      vertex 3.31842 1.92864 0
    endloop
  endfacet
  facet normal -0.956945 0.29027 0
    outer loop
      vertex 3.31842 1.92864 0.299999
      vertex 3.20445 1.55291 0
      vertex 3.20445 1.55291 0.299999
    endloop
  endfacet
  facet normal -0.956945 0.29027 0
    outer loop
      vertex 3.20445 1.55291 3.2
      vertex 3.31842 1.92864 3.5
      vertex 3.31842 1.92864 3.2
    endloop
  endfacet
  facet normal -0.956945 0.29027 0
    outer loop
      vertex 3.31842 1.92864 3.5
      vertex 3.20445 1.55291 3.2
      vertex 3.20445 1.55291 3.5
    endloop
  endfacet
  facet normal -0.471406 -0.881916 0
    outer loop
      vertex 6 -5.19615 3.2
      vertex 6.34627 -5.38124 3.5
      vertex 6 -5.19615 3.5
    endloop
  endfacet
  facet normal -0.471406 -0.881916 -0
    outer loop
      vertex 6.34627 -5.38124 3.5
      vertex 6 -5.19615 3.2
      vertex 6.34627 -5.38124 3.2
    endloop
  endfacet
  facet normal -0.471406 -0.881916 0
    outer loop
      vertex 6 -5.19615 0
      vertex 6.34627 -5.38124 0.299999
      vertex 6 -5.19615 0.299999
    endloop
  endfacet
  facet normal -0.471406 -0.881916 -0
    outer loop
      vertex 6.34627 -5.38124 0.299999
      vertex 6 -5.19615 0
      vertex 6.34627 -5.38124 0
    endloop
  endfacet
  facet normal 0 0 1
    outer loop
      vertex 11.45 0 3.5
      vertex 15 0 3.5
      vertex 14.9872 0.392418 3.5
    endloop
  endfacet
  facet normal 0 0 1
    outer loop
      vertex 11.4448 0.160237 3.5
      vertex 14.9872 0.392418 3.5
      vertex 14.9487 0.783156 3.5
    endloop
  endfacet
  facet normal 0 0 1
    outer loop
      vertex 15 0 3.5
      vertex 11.45 0 3.5
      vertex 14.9872 -0.392418 3.5
    endloop
  endfacet
  facet normal 0 0 1
    outer loop
      vertex 11.429 0.319789 3.5
      vertex 14.9487 0.783156 3.5
      vertex 14.8847 1.17054 3.5
    endloop
  endfacet
  facet normal -0 0 1
    outer loop
      vertex 11.4448 -0.160237 3.5
      vertex 14.9872 -0.392418 3.5
      vertex 11.45 0 3.5
    endloop
  endfacet
  facet normal 0 0 1
    outer loop
      vertex 11.4029 0.477971 3.5
      vertex 14.8847 1.17054 3.5
      vertex 14.7956 1.55291 3.5
    endloop
  endfacet
  facet normal 0 0 1
    outer loop
      vertex 14.9872 -0.392418 3.5
      vertex 11.4448 -0.160237 3.5
      vertex 14.9487 -0.783156 3.5
    endloop
  endfacet
  facet normal 0 0 1
    outer loop
      vertex 11.3665 0.634107 3.5
      vertex 14.7956 1.55291 3.5
      vertex 14.6816 1.92864 3.5
    endloop
  endfacet
  facet normal -0 0 1
    outer loop
      vertex 11.429 -0.319789 3.5
      vertex 14.9487 -0.783156 3.5
      vertex 11.4448 -0.160237 3.5
    endloop
  endfacet
  facet normal 0 0 1
    outer loop
      vertex 11.32 0.787526 3.5
      vertex 14.6816 1.92864 3.5
      vertex 14.5433 2.2961 3.5
    endloop
  endfacet
  facet normal 0 0 1
    outer loop
      vertex 14.9487 -0.783156 3.5
      vertex 11.429 -0.319789 3.5
      vertex 14.8847 -1.17054 3.5
    endloop
  endfacet
  facet normal 0 0 1
    outer loop
      vertex 11.2635 0.937574 3.5
      vertex 14.5433 2.2961 3.5
      vertex 14.3812 2.65373 3.5
    endloop
  endfacet
  facet normal -0 0 1
    outer loop
      vertex 11.4029 -0.477971 3.5
      vertex 14.8847 -1.17054 3.5
      vertex 11.429 -0.319789 3.5
    endloop
  endfacet
  facet normal 0 0 1
    outer loop
      vertex 11.1973 1.08361 3.5
      vertex 14.3812 2.65373 3.5
      vertex 14.1962 3 3.5
    endloop
  endfacet
  facet normal 0 0 1
    outer loop
      vertex 14.8847 -1.17054 3.5
      vertex 11.4029 -0.477971 3.5
      vertex 14.7956 -1.55291 3.5
    endloop
  endfacet
  facet normal 0 0 1
    outer loop
      vertex 11.1218 1.225 3.5
      vertex 14.1962 3 3.5
      vertex 13.9888 3.33342 3.5
    endloop
  endfacet
  facet normal -0 0 1
    outer loop
      vertex 11.3665 -0.634107 3.5
      vertex 14.7956 -1.55291 3.5
      vertex 11.4029 -0.477971 3.5
    endloop
  endfacet
  facet normal 0 0 1
    outer loop
      vertex 11.0371 1.36115 3.5
      vertex 13.9888 3.33342 3.5
      vertex 13.7601 3.65257 3.5
    endloop
  endfacet
  facet normal 0 0 1
    outer loop
      vertex 14.7956 -1.55291 3.5
      vertex 11.3665 -0.634107 3.5
      vertex 14.6816 -1.92864 3.5
    endloop
  endfacet
  facet normal 0 0 1
    outer loop
      vertex 10.9437 1.49146 3.5
      vertex 13.7601 3.65257 3.5
      vertex 13.511 3.95607 3.5
    endloop
  endfacet
  facet normal -0 0 1
    outer loop
      vertex 11.32 -0.787526 3.5
      vertex 14.6816 -1.92864 3.5
      vertex 11.3665 -0.634107 3.5
    endloop
  endfacet
  facet normal 0 0 1
    outer loop
      vertex 10.842 1.6154 3.5
      vertex 13.511 3.95607 3.5
      vertex 13.2426 4.24264 3.5
    endloop
  endfacet
  facet normal 0 0 1
    outer loop
      vertex 14.6816 -1.92864 3.5
      vertex 11.32 -0.787526 3.5
      vertex 14.5433 -2.2961 3.5
    endloop
  endfacet
  facet normal 0 0 1
    outer loop
      vertex 10.7324 1.73241 3.5
      vertex 13.2426 4.24264 3.5
      vertex 12.9561 4.51104 3.5
    endloop
  endfacet
  facet normal -0 0 1
    outer loop
      vertex 11.2635 -0.937574 3.5
      vertex 14.5433 -2.2961 3.5
      vertex 11.32 -0.787526 3.5
    endloop
  endfacet
  facet normal 0 0 1
    outer loop
      vertex 10.6154 1.84201 3.5
      vertex 12.9561 4.51104 3.5
      vertex 12.6526 4.76012 3.5
    endloop
  endfacet
  facet normal 0 0 1
    outer loop
      vertex 14.5433 -2.2961 3.5
      vertex 11.2635 -0.937574 3.5
      vertex 14.3812 -2.65373 3.5
    endloop
  endfacet
  facet normal 0 0 1
    outer loop
      vertex 10.4915 1.94372 3.5
      vertex 12.6526 4.76012 3.5
      vertex 12.3334 4.98882 3.5
    endloop
  endfacet
  facet normal -0 0 1
    outer loop
      vertex 11.1973 -1.08361 3.5
      vertex 14.3812 -2.65373 3.5
      vertex 11.2635 -0.937574 3.5
    endloop
  endfacet
  facet normal 0 0 1
    outer loop
      vertex 10.3611 2.0371 3.5
      vertex 12.3334 4.98882 3.5
      vertex 12 5.19615 3.5
    endloop
  endfacet
  facet normal 0 0 1
    outer loop
      vertex 14.3812 -2.65373 3.5
      vertex 11.1973 -1.08361 3.5
      vertex 14.1962 -3 3.5
    endloop
  endfacet
  facet normal 0 0 1
    outer loop
      vertex 10.225 2.12176 3.5
      vertex 12 5.19615 3.5
      vertex 11.6537 5.38124 3.5
    endloop
  endfacet
  facet normal -0 0 1
    outer loop
      vertex 11.1218 -1.225 3.5
      vertex 14.1962 -3 3.5
      vertex 11.1973 -1.08361 3.5
    endloop
  endfacet
  facet normal 0 0 1
    outer loop
      vertex 14.1962 -3 3.5
      vertex 11.1218 -1.225 3.5
      vertex 13.9888 -3.33342 3.5
    endloop
  endfacet
  facet normal 0 0 1
    outer loop
      vertex 14.9872 0.392418 3.5
      vertex 11.4448 0.160237 3.5
      vertex 11.45 0 3.5
    endloop
  endfacet
  facet normal 0 0 1
    outer loop
      vertex 14.9487 0.783156 3.5
      vertex 11.429 0.319789 3.5
      vertex 11.4448 0.160237 3.5
    endloop
  endfacet
  facet normal 0 0 1
    outer loop
      vertex 14.8847 1.17054 3.5
      vertex 11.4029 0.477971 3.5
      vertex 11.429 0.319789 3.5
    endloop
  endfacet
  facet normal 0 0 1
    outer loop
      vertex 14.7956 1.55291 3.5
      vertex 11.3665 0.634107 3.5
      vertex 11.4029 0.477971 3.5
    endloop
  endfacet
  facet normal 0 0 1
    outer loop
      vertex 14.6816 1.92864 3.5
      vertex 11.32 0.787526 3.5
      vertex 11.3665 0.634107 3.5
    endloop
  endfacet
  facet normal 0 0 1
    outer loop
      vertex 10.0836 2.19734 3.5
      vertex 11.6537 5.38124 3.5
      vertex 11.2961 5.54328 3.5
    endloop
  endfacet
  facet normal 0 0 1
    outer loop
      vertex 14.5433 2.2961 3.5
      vertex 11.2635 0.937574 3.5
      vertex 11.32 0.787526 3.5
    endloop
  endfacet
  facet normal 0 0 1
    outer loop
      vertex 14.3812 2.65373 3.5
      vertex 11.1973 1.08361 3.5
      vertex 11.2635 0.937574 3.5
    endloop
  endfacet
  facet normal 0 0 1
    outer loop
      vertex 14.1962 3 3.5
      vertex 11.1218 1.225 3.5
      vertex 11.1973 1.08361 3.5
    endloop
  endfacet
  facet normal 0 0 1
    outer loop
      vertex 13.9888 3.33342 3.5
      vertex 11.0371 1.36115 3.5
      vertex 11.1218 1.225 3.5
    endloop
  endfacet
  facet normal 0 0 1
    outer loop
      vertex 13.7601 3.65257 3.5
      vertex 10.9437 1.49146 3.5
      vertex 11.0371 1.36115 3.5
    endloop
  endfacet
  facet normal 0 0 1
    outer loop
      vertex 9.93757 2.2635 3.5
      vertex 11.2961 5.54328 3.5
      vertex 10.9286 5.68158 3.5
    endloop
  endfacet
  facet normal 0 0 1
    outer loop
      vertex 13.511 3.95607 3.5
      vertex 10.842 1.6154 3.5
      vertex 10.9437 1.49146 3.5
    endloop
  endfacet
  facet normal 0 0 1
    outer loop
      vertex 13.2426 4.24264 3.5
      vertex 10.7324 1.73241 3.5
      vertex 10.842 1.6154 3.5
    endloop
  endfacet
  facet normal 0 0 1
    outer loop
      vertex 12.9561 4.51104 3.5
      vertex 10.6154 1.84201 3.5
      vertex 10.7324 1.73241 3.5
    endloop
  endfacet
  facet normal 0 0 1
    outer loop
      vertex 9.78753 2.31998 3.5
      vertex 10.9286 5.68158 3.5
      vertex 10.5529 5.79555 3.5
    endloop
  endfacet
  facet normal 0 0 1
    outer loop
      vertex 12.6526 4.76012 3.5
      vertex 10.4915 1.94372 3.5
      vertex 10.6154 1.84201 3.5
    endloop
  endfacet
  facet normal 0 0 1
    outer loop
      vertex 12.3334 4.98882 3.5
      vertex 10.3611 2.0371 3.5
      vertex 10.4915 1.94372 3.5
    endloop
  endfacet
  facet normal 0 0 1
    outer loop
      vertex 12 5.19615 3.5
      vertex 10.225 2.12176 3.5
      vertex 10.3611 2.0371 3.5
    endloop
  endfacet
  facet normal 0 0 1
    outer loop
      vertex 9.63411 2.36652 3.5
      vertex 10.5529 5.79555 3.5
      vertex 10.1705 5.88471 3.5
    endloop
  endfacet
  facet normal 0 0 1
    outer loop
      vertex 11.6537 5.38124 3.5
      vertex 10.0836 2.19734 3.5
      vertex 10.225 2.12176 3.5
    endloop
  endfacet
  facet normal 0 0 1
    outer loop
      vertex 11.2961 5.54328 3.5
      vertex 9.93757 2.2635 3.5
      vertex 10.0836 2.19734 3.5
    endloop
  endfacet
  facet normal 0 0 1
    outer loop
      vertex 10.9286 5.68158 3.5
      vertex 9.78753 2.31998 3.5
      vertex 9.93757 2.2635 3.5
    endloop
  endfacet
  facet normal 0 0 1
    outer loop
      vertex 9.47797 2.40292 3.5
      vertex 10.1705 5.88471 3.5
      vertex 9.78316 5.94867 3.5
    endloop
  endfacet
  facet normal 0 0 1
    outer loop
      vertex 10.5529 5.79555 3.5
      vertex 9.63411 2.36652 3.5
      vertex 9.78753 2.31998 3.5
    endloop
  endfacet
  facet normal 0 0 1
    outer loop
      vertex 10.1705 5.88471 3.5
      vertex 9.47797 2.40292 3.5
      vertex 9.63411 2.36652 3.5
    endloop
  endfacet
  facet normal 0 0 1
    outer loop
      vertex 9.31979 2.42904 3.5
      vertex 9.78316 5.94867 3.5
      vertex 9.39242 5.98715 3.5
    endloop
  endfacet
  facet normal 0 0 1
    outer loop
      vertex 9.78316 5.94867 3.5
      vertex 9.31979 2.42904 3.5
      vertex 9.47797 2.40292 3.5
    endloop
  endfacet
  facet normal 0 0 1
    outer loop
      vertex 9.39242 5.98715 3.5
      vertex 9.16024 2.44475 3.5
      vertex 9.31979 2.42904 3.5
    endloop
  endfacet
  facet normal 0 0 1
    outer loop
      vertex 9 6 3.5
      vertex 9.16024 2.44475 3.5
      vertex 9.39242 5.98715 3.5
    endloop
  endfacet
  facet normal 0 0 1
    outer loop
      vertex 9 6 3.5
      vertex 9 2.45 3.5
      vertex 9.16024 2.44475 3.5
    endloop
  endfacet
  facet normal 0 0 1
    outer loop
      vertex 9 6 3.5
      vertex 8.83976 2.44475 3.5
      vertex 9 2.45 3.5
    endloop
  endfacet
  facet normal -0 0 1
    outer loop
      vertex 8.60758 5.98715 3.5
      vertex 8.83976 2.44475 3.5
      vertex 9 6 3.5
    endloop
  endfacet
  facet normal 0 0 1
    outer loop
      vertex 8.83976 2.44475 3.5
      vertex 8.60758 5.98715 3.5
      vertex 8.68021 2.42904 3.5
    endloop
  endfacet
  facet normal -0 0 1
    outer loop
      vertex 8.21684 5.94867 3.5
      vertex 8.68021 2.42904 3.5
      vertex 8.60758 5.98715 3.5
    endloop
  endfacet
  facet normal 0 0 1
    outer loop
      vertex 8.68021 2.42904 3.5
      vertex 8.21684 5.94867 3.5
      vertex 8.52203 2.40292 3.5
    endloop
  endfacet
  facet normal -0 0 1
    outer loop
      vertex 7.82946 5.88471 3.5
      vertex 8.52203 2.40292 3.5
      vertex 8.21684 5.94867 3.5
    endloop
  endfacet
  facet normal 0 0 1
    outer loop
      vertex 8.52203 2.40292 3.5
      vertex 7.82946 5.88471 3.5
      vertex 8.36589 2.36652 3.5
    endloop
  endfacet
  facet normal -0 0 1
    outer loop
      vertex 7.44709 5.79555 3.5
      vertex 8.36589 2.36652 3.5
      vertex 7.82946 5.88471 3.5
    endloop
  endfacet
  facet normal 0 0 1
    outer loop
      vertex 8.36589 2.36652 3.5
      vertex 7.44709 5.79555 3.5
      vertex 8.21247 2.31998 3.5
    endloop
  endfacet
  facet normal -0 0 1
    outer loop
      vertex 7.07136 5.68158 3.5
      vertex 8.21247 2.31998 3.5
      vertex 7.44709 5.79555 3.5
    endloop
  endfacet
  facet normal 0 0 1
    outer loop
      vertex 8.21247 2.31998 3.5
      vertex 7.07136 5.68158 3.5
      vertex 8.06243 2.2635 3.5
    endloop
  endfacet
  facet normal -0 0 1
    outer loop
      vertex 6.7039 5.54328 3.5
      vertex 8.06243 2.2635 3.5
      vertex 7.07136 5.68158 3.5
    endloop
  endfacet
  facet normal 0 0 1
    outer loop
      vertex 8.06243 2.2635 3.5
      vertex 6.7039 5.54328 3.5
      vertex 7.91639 2.19734 3.5
    endloop
  endfacet
  facet normal -0 0 1
    outer loop
      vertex 6.34627 5.38124 3.5
      vertex 7.91639 2.19734 3.5
      vertex 6.7039 5.54328 3.5
    endloop
  endfacet
  facet normal 0 0 1
    outer loop
      vertex 7.91639 2.19734 3.5
      vertex 6.34627 5.38124 3.5
      vertex 7.775 2.12176 3.5
    endloop
  endfacet
  facet normal -0 0 1
    outer loop
      vertex 6 5.19615 3.5
      vertex 7.775 2.12176 3.5
      vertex 6.34627 5.38124 3.5
    endloop
  endfacet
  facet normal 0 0 1
    outer loop
      vertex 7.775 2.12176 3.5
      vertex 6 5.19615 3.5
      vertex 7.63885 2.0371 3.5
    endloop
  endfacet
  facet normal -0 0 1
    outer loop
      vertex 5.66658 4.98882 3.5
      vertex 7.63885 2.0371 3.5
      vertex 6 5.19615 3.5
    endloop
  endfacet
  facet normal 0 0 1
    outer loop
      vertex 7.63885 2.0371 3.5
      vertex 5.66658 4.98882 3.5
      vertex 7.50854 1.94372 3.5
    endloop
  endfacet
  facet normal -0 0 1
    outer loop
      vertex 5.34743 4.76012 3.5
      vertex 7.50854 1.94372 3.5
      vertex 5.66658 4.98882 3.5
    endloop
  endfacet
  facet normal 0 0 1
    outer loop
      vertex 7.50854 1.94372 3.5
      vertex 5.34743 4.76012 3.5
      vertex 7.3846 1.84201 3.5
    endloop
  endfacet
  facet normal -0 0 1
    outer loop
      vertex 5.04393 4.51104 3.5
      vertex 7.3846 1.84201 3.5
      vertex 5.34743 4.76012 3.5
    endloop
  endfacet
  facet normal 0 0 1
    outer loop
      vertex 7.3846 1.84201 3.5
      vertex 5.04393 4.51104 3.5
      vertex 7.26759 1.73241 3.5
    endloop
  endfacet
  facet normal -0 0 1
    outer loop
      vertex 4.75736 4.24264 3.5
      vertex 7.26759 1.73241 3.5
      vertex 5.04393 4.51104 3.5
    endloop
  endfacet
  facet normal 0 0 1
    outer loop
      vertex 7.26759 1.73241 3.5
      vertex 4.75736 4.24264 3.5
      vertex 7.15799 1.6154 3.5
    endloop
  endfacet
  facet normal -0 0 1
    outer loop
      vertex 4.48896 3.95607 3.5
      vertex 7.15799 1.6154 3.5
      vertex 4.75736 4.24264 3.5
    endloop
  endfacet
  facet normal 0 0 1
    outer loop
      vertex 7.15799 1.6154 3.5
      vertex 4.48896 3.95607 3.5
      vertex 7.05628 1.49146 3.5
    endloop
  endfacet
  facet normal -0 0 1
    outer loop
      vertex 4.23988 3.65257 3.5
      vertex 7.05628 1.49146 3.5
      vertex 4.48896 3.95607 3.5
    endloop
  endfacet
  facet normal 0 0 1
    outer loop
      vertex 7.05628 1.49146 3.5
      vertex 4.23988 3.65257 3.5
      vertex 6.9629 1.36115 3.5
    endloop
  endfacet
  facet normal -0 0 1
    outer loop
      vertex 4.01118 3.33342 3.5
      vertex 6.9629 1.36115 3.5
      vertex 4.23988 3.65257 3.5
    endloop
  endfacet
  facet normal 0 0 1
    outer loop
      vertex 6.9629 1.36115 3.5
      vertex 4.01118 3.33342 3.5
      vertex 6.87824 1.225 3.5
    endloop
  endfacet
  facet normal -0 0 1
    outer loop
      vertex 11.0371 -1.36115 3.5
      vertex 13.9888 -3.33342 3.5
      vertex 11.1218 -1.225 3.5
    endloop
  endfacet
  facet normal 0 0 1
    outer loop
      vertex 13.9888 -3.33342 3.5
      vertex 11.0371 -1.36115 3.5
      vertex 13.7601 -3.65257 3.5
    endloop
  endfacet
  facet normal -0 0 1
    outer loop
      vertex 10.9437 -1.49146 3.5
      vertex 13.7601 -3.65257 3.5
      vertex 11.0371 -1.36115 3.5
    endloop
  endfacet
  facet normal 0 0 1
    outer loop
      vertex 13.7601 -3.65257 3.5
      vertex 10.9437 -1.49146 3.5
      vertex 13.511 -3.95607 3.5
    endloop
  endfacet
  facet normal -0 0 1
    outer loop
      vertex 10.842 -1.6154 3.5
      vertex 13.511 -3.95607 3.5
      vertex 10.9437 -1.49146 3.5
    endloop
  endfacet
  facet normal 0 0 1
    outer loop
      vertex 13.511 -3.95607 3.5
      vertex 10.842 -1.6154 3.5
      vertex 13.2426 -4.24264 3.5
    endloop
  endfacet
  facet normal -0 0 1
    outer loop
      vertex 10.7324 -1.73241 3.5
      vertex 13.2426 -4.24264 3.5
      vertex 10.842 -1.6154 3.5
    endloop
  endfacet
  facet normal 0 0 1
    outer loop
      vertex 13.2426 -4.24264 3.5
      vertex 10.7324 -1.73241 3.5
      vertex 12.9561 -4.51104 3.5
    endloop
  endfacet
  facet normal -0 0 1
    outer loop
      vertex 10.6154 -1.84201 3.5
      vertex 12.9561 -4.51104 3.5
      vertex 10.7324 -1.73241 3.5
    endloop
  endfacet
  facet normal 0 0 1
    outer loop
      vertex 12.9561 -4.51104 3.5
      vertex 10.6154 -1.84201 3.5
      vertex 12.6526 -4.76012 3.5
    endloop
  endfacet
  facet normal -0 0 1
    outer loop
      vertex 10.4915 -1.94372 3.5
      vertex 12.6526 -4.76012 3.5
      vertex 10.6154 -1.84201 3.5
    endloop
  endfacet
  facet normal 0 0 1
    outer loop
      vertex 12.6526 -4.76012 3.5
      vertex 10.4915 -1.94372 3.5
      vertex 12.3334 -4.98882 3.5
    endloop
  endfacet
  facet normal -0 0 1
    outer loop
      vertex 10.3611 -2.0371 3.5
      vertex 12.3334 -4.98882 3.5
      vertex 10.4915 -1.94372 3.5
    endloop
  endfacet
  facet normal 0 0 1
    outer loop
      vertex 12.3334 -4.98882 3.5
      vertex 10.3611 -2.0371 3.5
      vertex 12 -5.19615 3.5
    endloop
  endfacet
  facet normal -0 0 1
    outer loop
      vertex 10.225 -2.12176 3.5
      vertex 12 -5.19615 3.5
      vertex 10.3611 -2.0371 3.5
    endloop
  endfacet
  facet normal 0 0 1
    outer loop
      vertex 12 -5.19615 3.5
      vertex 10.225 -2.12176 3.5
      vertex 11.6537 -5.38124 3.5
    endloop
  endfacet
  facet normal -0 0 1
    outer loop
      vertex 10.0836 -2.19734 3.5
      vertex 11.6537 -5.38124 3.5
      vertex 10.225 -2.12176 3.5
    endloop
  endfacet
  facet normal 0 0 1
    outer loop
      vertex 11.6537 -5.38124 3.5
      vertex 10.0836 -2.19734 3.5
      vertex 11.2961 -5.54328 3.5
    endloop
  endfacet
  facet normal -0 0 1
    outer loop
      vertex 9.93757 -2.2635 3.5
      vertex 11.2961 -5.54328 3.5
      vertex 10.0836 -2.19734 3.5
    endloop
  endfacet
  facet normal 0 0 1
    outer loop
      vertex 11.2961 -5.54328 3.5
      vertex 9.93757 -2.2635 3.5
      vertex 10.9286 -5.68158 3.5
    endloop
  endfacet
  facet normal -0 0 1
    outer loop
      vertex 9.78753 -2.31998 3.5
      vertex 10.9286 -5.68158 3.5
      vertex 9.93757 -2.2635 3.5
    endloop
  endfacet
  facet normal 0 0 1
    outer loop
      vertex 10.9286 -5.68158 3.5
      vertex 9.78753 -2.31998 3.5
      vertex 10.5529 -5.79555 3.5
    endloop
  endfacet
  facet normal -0 0 1
    outer loop
      vertex 9.63411 -2.36652 3.5
      vertex 10.5529 -5.79555 3.5
      vertex 9.78753 -2.31998 3.5
    endloop
  endfacet
  facet normal 0 0 1
    outer loop
      vertex 10.5529 -5.79555 3.5
      vertex 9.63411 -2.36652 3.5
      vertex 10.1705 -5.88471 3.5
    endloop
  endfacet
  facet normal -0 0 1
    outer loop
      vertex 9.47797 -2.40292 3.5
      vertex 10.1705 -5.88471 3.5
      vertex 9.63411 -2.36652 3.5
    endloop
  endfacet
  facet normal 0 0 1
    outer loop
      vertex 10.1705 -5.88471 3.5
      vertex 9.47797 -2.40292 3.5
      vertex 9.78316 -5.94867 3.5
    endloop
  endfacet
  facet normal -0 0 1
    outer loop
      vertex 9.31979 -2.42904 3.5
      vertex 9.78316 -5.94867 3.5
      vertex 9.47797 -2.40292 3.5
    endloop
  endfacet
  facet normal 0 0 1
    outer loop
      vertex 9.78316 -5.94867 3.5
      vertex 9.31979 -2.42904 3.5
      vertex 9.39242 -5.98715 3.5
    endloop
  endfacet
  facet normal -0 0 1
    outer loop
      vertex 9.16024 -2.44475 3.5
      vertex 9.39242 -5.98715 3.5
      vertex 9.31979 -2.42904 3.5
    endloop
  endfacet
  facet normal -0 0 1
    outer loop
      vertex 9 -2.45 3.5
      vertex 9.39242 -5.98715 3.5
      vertex 9.16024 -2.44475 3.5
    endloop
  endfacet
  facet normal 0 0 1
    outer loop
      vertex 9 -2.45 3.5
      vertex 9 -6 3.5
      vertex 9.39242 -5.98715 3.5
    endloop
  endfacet
  facet normal 0 0 1
    outer loop
      vertex 8.83976 -2.44475 3.5
      vertex 9 -6 3.5
      vertex 9 -2.45 3.5
    endloop
  endfacet
  facet normal 0 0 1
    outer loop
      vertex 8.60758 -5.98715 3.5
      vertex 8.83976 -2.44475 3.5
      vertex 8.68021 -2.42904 3.5
    endloop
  endfacet
  facet normal 0 0 1
    outer loop
      vertex 8.83976 -2.44475 3.5
      vertex 8.60758 -5.98715 3.5
      vertex 9 -6 3.5
    endloop
  endfacet
  facet normal 0 0 1
    outer loop
      vertex 8.21684 -5.94867 3.5
      vertex 8.68021 -2.42904 3.5
      vertex 8.52203 -2.40292 3.5
    endloop
  endfacet
  facet normal 0 0 1
    outer loop
      vertex 7.82946 -5.88471 3.5
      vertex 8.52203 -2.40292 3.5
      vertex 8.36589 -2.36652 3.5
    endloop
  endfacet
  facet normal 0 0 1
    outer loop
      vertex 8.68021 -2.42904 3.5
      vertex 8.21684 -5.94867 3.5
      vertex 8.60758 -5.98715 3.5
    endloop
  endfacet
  facet normal 0 0 1
    outer loop
      vertex 7.44709 -5.79555 3.5
      vertex 8.36589 -2.36652 3.5
      vertex 8.21247 -2.31998 3.5
    endloop
  endfacet
  facet normal 0 0 1
    outer loop
      vertex 7.07136 -5.68158 3.5
      vertex 8.21247 -2.31998 3.5
      vertex 8.06243 -2.2635 3.5
    endloop
  endfacet
  facet normal 0 0 1
    outer loop
      vertex 6.7039 -5.54328 3.5
      vertex 8.06243 -2.2635 3.5
      vertex 7.91639 -2.19734 3.5
    endloop
  endfacet
  facet normal 0 0 1
    outer loop
      vertex 8.52203 -2.40292 3.5
      vertex 7.82946 -5.88471 3.5
      vertex 8.21684 -5.94867 3.5
    endloop
  endfacet
  facet normal 0 0 1
    outer loop
      vertex 6.34627 -5.38124 3.5
      vertex 7.91639 -2.19734 3.5
      vertex 7.775 -2.12176 3.5
    endloop
  endfacet
  facet normal 0 0 1
    outer loop
      vertex 6 -5.19615 3.5
      vertex 7.775 -2.12176 3.5
      vertex 7.63885 -2.0371 3.5
    endloop
  endfacet
  facet normal 0 0 1
    outer loop
      vertex 5.66658 -4.98882 3.5
      vertex 7.63885 -2.0371 3.5
      vertex 7.50854 -1.94372 3.5
    endloop
  endfacet
  facet normal 0 0 1
    outer loop
      vertex 8.36589 -2.36652 3.5
      vertex 7.44709 -5.79555 3.5
      vertex 7.82946 -5.88471 3.5
    endloop
  endfacet
  facet normal 0 0 1
    outer loop
      vertex 5.34743 -4.76012 3.5
      vertex 7.50854 -1.94372 3.5
      vertex 7.3846 -1.84201 3.5
    endloop
  endfacet
  facet normal 0 0 1
    outer loop
      vertex 5.04393 -4.51104 3.5
      vertex 7.3846 -1.84201 3.5
      vertex 7.26759 -1.73241 3.5
    endloop
  endfacet
  facet normal 0 0 1
    outer loop
      vertex 4.75736 -4.24264 3.5
      vertex 7.26759 -1.73241 3.5
      vertex 7.15799 -1.6154 3.5
    endloop
  endfacet
  facet normal 0 0 1
    outer loop
      vertex 8.21247 -2.31998 3.5
      vertex 7.07136 -5.68158 3.5
      vertex 7.44709 -5.79555 3.5
    endloop
  endfacet
  facet normal 0 0 1
    outer loop
      vertex 4.48896 -3.95607 3.5
      vertex 7.15799 -1.6154 3.5
      vertex 7.05628 -1.49146 3.5
    endloop
  endfacet
  facet normal 0 0 1
    outer loop
      vertex 4.23988 -3.65257 3.5
      vertex 7.05628 -1.49146 3.5
      vertex 6.9629 -1.36115 3.5
    endloop
  endfacet
  facet normal 0 0 1
    outer loop
      vertex 4.01118 -3.33342 3.5
      vertex 6.9629 -1.36115 3.5
      vertex 6.87824 -1.225 3.5
    endloop
  endfacet
  facet normal 0 0 1
    outer loop
      vertex 3.80385 -3 3.5
      vertex 6.87824 -1.225 3.5
      vertex 6.80266 -1.08361 3.5
    endloop
  endfacet
  facet normal 0 0 1
    outer loop
      vertex 3.61876 -2.65373 3.5
      vertex 6.80266 -1.08361 3.5
      vertex 6.7365 -0.937574 3.5
    endloop
  endfacet
  facet normal 0 0 1
    outer loop
      vertex 8.06243 -2.2635 3.5
      vertex 6.7039 -5.54328 3.5
      vertex 7.07136 -5.68158 3.5
    endloop
  endfacet
  facet normal 0 0 1
    outer loop
      vertex 3.45672 -2.2961 3.5
      vertex 6.7365 -0.937574 3.5
      vertex 6.68002 -0.787526 3.5
    endloop
  endfacet
  facet normal 0 0 1
    outer loop
      vertex 3.31842 -1.92864 3.5
      vertex 6.68002 -0.787526 3.5
      vertex 6.63348 -0.634107 3.5
    endloop
  endfacet
  facet normal 0 0 1
    outer loop
      vertex 3.20445 -1.55291 3.5
      vertex 6.63348 -0.634107 3.5
      vertex 6.59708 -0.477971 3.5
    endloop
  endfacet
  facet normal 0 0 1
    outer loop
      vertex 3.11529 -1.17054 3.5
      vertex 6.59708 -0.477971 3.5
      vertex 6.57096 -0.319789 3.5
    endloop
  endfacet
  facet normal 0 0 1
    outer loop
      vertex 3.05133 -0.783156 3.5
      vertex 6.57096 -0.319789 3.5
      vertex 6.55525 -0.160237 3.5
    endloop
  endfacet
  facet normal 0 0 1
    outer loop
      vertex 3.01285 -0.392418 3.5
      vertex 6.55525 -0.160237 3.5
      vertex 6.55 0 3.5
    endloop
  endfacet
  facet normal -0 0 1
    outer loop
      vertex 3.80385 3 3.5
      vertex 6.87824 1.225 3.5
      vertex 4.01118 3.33342 3.5
    endloop
  endfacet
  facet normal 0 0 1
    outer loop
      vertex 7.91639 -2.19734 3.5
      vertex 6.34627 -5.38124 3.5
      vertex 6.7039 -5.54328 3.5
    endloop
  endfacet
  facet normal 0 0 1
    outer loop
      vertex 6.87824 1.225 3.5
      vertex 3.80385 3 3.5
      vertex 6.80266 1.08361 3.5
    endloop
  endfacet
  facet normal 0 0 1
    outer loop
      vertex 7.775 -2.12176 3.5
      vertex 6 -5.19615 3.5
      vertex 6.34627 -5.38124 3.5
    endloop
  endfacet
  facet normal -0 0 1
    outer loop
      vertex 3.61876 2.65373 3.5
      vertex 6.80266 1.08361 3.5
      vertex 3.80385 3 3.5
    endloop
  endfacet
  facet normal 0 0 1
    outer loop
      vertex 7.63885 -2.0371 3.5
      vertex 5.66658 -4.98882 3.5
      vertex 6 -5.19615 3.5
    endloop
  endfacet
  facet normal 0 0 1
    outer loop
      vertex 6.80266 1.08361 3.5
      vertex 3.61876 2.65373 3.5
      vertex 6.7365 0.937574 3.5
    endloop
  endfacet
  facet normal 0 0 1
    outer loop
      vertex 7.50854 -1.94372 3.5
      vertex 5.34743 -4.76012 3.5
      vertex 5.66658 -4.98882 3.5
    endloop
  endfacet
  facet normal -0 0 1
    outer loop
      vertex 3.45672 2.2961 3.5
      vertex 6.7365 0.937574 3.5
      vertex 3.61876 2.65373 3.5
    endloop
  endfacet
  facet normal 0 0 1
    outer loop
      vertex 7.3846 -1.84201 3.5
      vertex 5.04393 -4.51104 3.5
      vertex 5.34743 -4.76012 3.5
    endloop
  endfacet
  facet normal 0 0 1
    outer loop
      vertex 6.7365 0.937574 3.5
      vertex 3.45672 2.2961 3.5
      vertex 6.68002 0.787526 3.5
    endloop
  endfacet
  facet normal 0 0 1
    outer loop
      vertex 7.26759 -1.73241 3.5
      vertex 4.75736 -4.24264 3.5
      vertex 5.04393 -4.51104 3.5
    endloop
  endfacet
  facet normal -0 0 1
    outer loop
      vertex 3.31842 1.92864 3.5
      vertex 6.68002 0.787526 3.5
      vertex 3.45672 2.2961 3.5
    endloop
  endfacet
  facet normal 0 0 1
    outer loop
      vertex 7.15799 -1.6154 3.5
      vertex 4.48896 -3.95607 3.5
      vertex 4.75736 -4.24264 3.5
    endloop
  endfacet
  facet normal 0 0 1
    outer loop
      vertex 6.68002 0.787526 3.5
      vertex 3.31842 1.92864 3.5
      vertex 6.63348 0.634107 3.5
    endloop
  endfacet
  facet normal 0 0 1
    outer loop
      vertex 7.05628 -1.49146 3.5
      vertex 4.23988 -3.65257 3.5
      vertex 4.48896 -3.95607 3.5
    endloop
  endfacet
  facet normal -0 0 1
    outer loop
      vertex 3.20445 1.55291 3.5
      vertex 6.63348 0.634107 3.5
      vertex 3.31842 1.92864 3.5
    endloop
  endfacet
  facet normal 0 0 1
    outer loop
      vertex 6.9629 -1.36115 3.5
      vertex 4.01118 -3.33342 3.5
      vertex 4.23988 -3.65257 3.5
    endloop
  endfacet
  facet normal 0 0 1
    outer loop
      vertex 6.63348 0.634107 3.5
      vertex 3.20445 1.55291 3.5
      vertex 6.59708 0.477971 3.5
    endloop
  endfacet
  facet normal 0 0 1
    outer loop
      vertex 6.87824 -1.225 3.5
      vertex 3.80385 -3 3.5
      vertex 4.01118 -3.33342 3.5
    endloop
  endfacet
  facet normal -0 0 1
    outer loop
      vertex 3.11529 1.17054 3.5
      vertex 6.59708 0.477971 3.5
      vertex 3.20445 1.55291 3.5
    endloop
  endfacet
  facet normal 0 0 1
    outer loop
      vertex 6.80266 -1.08361 3.5
      vertex 3.61876 -2.65373 3.5
      vertex 3.80385 -3 3.5
    endloop
  endfacet
  facet normal 0 0 1
    outer loop
      vertex 6.59708 0.477971 3.5
      vertex 3.11529 1.17054 3.5
      vertex 6.57096 0.319789 3.5
    endloop
  endfacet
  facet normal 0 0 1
    outer loop
      vertex 6.7365 -0.937574 3.5
      vertex 3.45672 -2.2961 3.5
      vertex 3.61876 -2.65373 3.5
    endloop
  endfacet
  facet normal -0 0 1
    outer loop
      vertex 3.05133 0.783156 3.5
      vertex 6.57096 0.319789 3.5
      vertex 3.11529 1.17054 3.5
    endloop
  endfacet
  facet normal 0 0 1
    outer loop
      vertex 6.68002 -0.787526 3.5
      vertex 3.31842 -1.92864 3.5
      vertex 3.45672 -2.2961 3.5
    endloop
  endfacet
  facet normal 0 0 1
    outer loop
      vertex 6.57096 0.319789 3.5
      vertex 3.05133 0.783156 3.5
      vertex 6.55525 0.160237 3.5
    endloop
  endfacet
  facet normal 0 0 1
    outer loop
      vertex 6.63348 -0.634107 3.5
      vertex 3.20445 -1.55291 3.5
      vertex 3.31842 -1.92864 3.5
    endloop
  endfacet
  facet normal -0 0 1
    outer loop
      vertex 3.01285 0.392418 3.5
      vertex 6.55525 0.160237 3.5
      vertex 3.05133 0.783156 3.5
    endloop
  endfacet
  facet normal 0 0 1
    outer loop
      vertex 6.59708 -0.477971 3.5
      vertex 3.11529 -1.17054 3.5
      vertex 3.20445 -1.55291 3.5
    endloop
  endfacet
  facet normal 0 0 1
    outer loop
      vertex 6.55525 0.160237 3.5
      vertex 3.01285 0.392418 3.5
      vertex 6.55 0 3.5
    endloop
  endfacet
  facet normal 0 0 1
    outer loop
      vertex 6.57096 -0.319789 3.5
      vertex 3.05133 -0.783156 3.5
      vertex 3.11529 -1.17054 3.5
    endloop
  endfacet
  facet normal 0 0 1
    outer loop
      vertex 3 0 3.5
      vertex 6.55 0 3.5
      vertex 3.01285 0.392418 3.5
    endloop
  endfacet
  facet normal 0 0 1
    outer loop
      vertex 6.55525 -0.160237 3.5
      vertex 3.01285 -0.392418 3.5
      vertex 3.05133 -0.783156 3.5
    endloop
  endfacet
  facet normal 0 0 1
    outer loop
      vertex 6.55 0 3.5
      vertex 3 0 3.5
      vertex 3.01285 -0.392418 3.5
    endloop
  endfacet
  facet normal -0.41222 -0.911084 -0
    outer loop
      vertex 6.34627 -5.38124 0.299999
      vertex 6.34627 -5.38124 0
      vertex 6.35321 -5.38438 0.299999
    endloop
  endfacet
  facet normal -0.41222 -0.911084 0
    outer loop
      vertex 6.35321 -5.38438 3.2
      vertex 6.34627 -5.38124 3.5
      vertex 6.34627 -5.38124 3.2
    endloop
  endfacet
  facet normal -0.412707 -0.910864 -1.35786e-05
    outer loop
      vertex 6.34627 -5.38124 3.5
      vertex 6.35321 -5.38438 3.2
      vertex 6.7039 -5.54328 3.5
    endloop
  endfacet
  facet normal -0.412717 -0.91086 0
    outer loop
      vertex 6.35321 -5.38438 0.299999
      vertex 6.7039 -5.54328 3.5
      vertex 6.35321 -5.38438 3.2
    endloop
  endfacet
  facet normal -0.412707 -0.910864 1.35787e-05
    outer loop
      vertex 6.7039 -5.54328 0
      vertex 6.35321 -5.38438 0.299999
      vertex 6.34627 -5.38124 0
    endloop
  endfacet
  facet normal -0.412717 -0.91086 0
    outer loop
      vertex 6.35321 -5.38438 0.299999
      vertex 6.7039 -5.54328 0
      vertex 6.7039 -5.54328 3.5
    endloop
  endfacet
  facet normal -0.471406 0.881916 0
    outer loop
      vertex 6.34627 5.38124 3.2
      vertex 6 5.19615 3.5
      vertex 6.34627 5.38124 3.5
    endloop
  endfacet
  facet normal -0.471406 0.881916 0
    outer loop
      vertex 6 5.19615 3.5
      vertex 6.34627 5.38124 3.2
      vertex 6 5.19615 3.2
    endloop
  endfacet
  facet normal -0.471406 0.881916 0
    outer loop
      vertex 6.34627 5.38124 0
      vertex 6 5.19615 0.299999
      vertex 6.34627 5.38124 0.299999
    endloop
  endfacet
  facet normal -0.471406 0.881916 0
    outer loop
      vertex 6 5.19615 0.299999
      vertex 6.34627 5.38124 0
      vertex 6 5.19615 0
    endloop
  endfacet
  facet normal -0.582478 -0.812846 -1.16564e-05
    outer loop
      vertex 5.34743 -4.76012 3.5
      vertex 5.66039 -4.98438 3.2
      vertex 5.66658 -4.98882 3.5
    endloop
  endfacet
  facet normal -0.582471 -0.812852 0
    outer loop
      vertex 5.34743 -4.76012 3.5
      vertex 5.66039 -4.98438 0.299999
      vertex 5.66039 -4.98438 3.2
    endloop
  endfacet
  facet normal -0.582471 -0.812852 0
    outer loop
      vertex 5.34743 -4.76012 0
      vertex 5.66039 -4.98438 0.299999
      vertex 5.34743 -4.76012 3.5
    endloop
  endfacet
  facet normal -0.582478 -0.812846 1.16564e-05
    outer loop
      vertex 5.66658 -4.98882 0
      vertex 5.66039 -4.98438 0.299999
      vertex 5.34743 -4.76012 0
    endloop
  endfacet
  facet normal -0.582851 -0.812579 0
    outer loop
      vertex 5.66039 -4.98438 0.299999
      vertex 5.66658 -4.98882 0
      vertex 5.66658 -4.98882 0.299999
    endloop
  endfacet
  facet normal -0.582851 -0.812579 -0
    outer loop
      vertex 5.66658 -4.98882 3.5
      vertex 5.66039 -4.98438 3.2
      vertex 5.66658 -4.98882 3.2
    endloop
  endfacet
  facet normal 0.849226 -0.52803 0
    outer loop
      vertex 7.13805 1.075 3.1
      vertex 7.21234 1.19448 1.3
      vertex 7.21234 1.19448 3.1
    endloop
  endfacet
  facet normal 0.849226 -0.52803 0
    outer loop
      vertex 7.21234 1.19448 1.3
      vertex 7.13805 1.075 3.1
      vertex 7.13805 1.075 1.3
    endloop
  endfacet
  facet normal -0.986664 -0.16277 0
    outer loop
      vertex 11.1316 0.280631 1.3
      vertex 11.1087 0.419444 3.1
      vertex 11.1087 0.419444 1.3
    endloop
  endfacet
  facet normal -0.986664 -0.16277 0
    outer loop
      vertex 11.1087 0.419444 3.1
      vertex 11.1316 0.280631 1.3
      vertex 11.1316 0.280631 3.1
    endloop
  endfacet
  facet normal -0.995178 -0.0980856 0
    outer loop
      vertex 11.1454 0.140616 1.3
      vertex 11.1316 0.280631 3.1
      vertex 11.1316 0.280631 1.3
    endloop
  endfacet
  facet normal -0.995178 -0.0980856 0
    outer loop
      vertex 11.1316 0.280631 3.1
      vertex 11.1454 0.140616 1.3
      vertex 11.1454 0.140616 3.1
    endloop
  endfacet
  facet normal -0.999465 -0.0326957 0
    outer loop
      vertex 11.15 0 1.3
      vertex 11.1454 0.140616 3.1
      vertex 11.1454 0.140616 1.3
    endloop
  endfacet
  facet normal -0.999465 -0.0326957 0
    outer loop
      vertex 11.1454 0.140616 3.1
      vertex 11.15 0 1.3
      vertex 11.15 0 3.1
    endloop
  endfacet
  facet normal -0.290288 0.956939 0
    outer loop
      vertex 9.69109 -2.0359 1.3
      vertex 9.55646 -2.07674 3.1
      vertex 9.69109 -2.0359 3.1
    endloop
  endfacet
  facet normal -0.290288 0.956939 0
    outer loop
      vertex 9.55646 -2.07674 3.1
      vertex 9.69109 -2.0359 1.3
      vertex 9.55646 -2.07674 1.3
    endloop
  endfacet
  facet normal 0.47144 0.881898 -0
    outer loop
      vertex 8.04908 -1.92828 1.3
      vertex 7.925 -1.86195 3.1
      vertex 8.04908 -1.92828 3.1
    endloop
  endfacet
  facet normal 0.47144 0.881898 0
    outer loop
      vertex 7.925 -1.86195 3.1
      vertex 8.04908 -1.92828 1.3
      vertex 7.925 -1.86195 1.3
    endloop
  endfacet
  facet normal 0.973873 -0.227092 0
    outer loop
      vertex 6.89131 0.419444 3.1
      vertex 6.92326 0.55646 1.3
      vertex 6.92326 0.55646 3.1
    endloop
  endfacet
  facet normal 0.973873 -0.227092 0
    outer loop
      vertex 6.92326 0.55646 1.3
      vertex 6.89131 0.419444 3.1
      vertex 6.89131 0.419444 1.3
    endloop
  endfacet
  facet normal -0.729792 0.683669 0
    outer loop
      vertex 10.5203 -1.52028 1.3
      vertex 10.6165 -1.41759 3.1
      vertex 10.6165 -1.41759 1.3
    endloop
  endfacet
  facet normal -0.729792 0.683669 0
    outer loop
      vertex 10.6165 -1.41759 3.1
      vertex 10.5203 -1.52028 1.3
      vertex 10.5203 -1.52028 3.1
    endloop
  endfacet
  facet normal 0.412683 0.910875 -0
    outer loop
      vertex 8.17723 -1.98634 1.3
      vertex 8.04908 -1.92828 3.1
      vertex 8.17723 -1.98634 3.1
    endloop
  endfacet
  facet normal 0.412683 0.910875 0
    outer loop
      vertex 8.04908 -1.92828 3.1
      vertex 8.17723 -1.98634 1.3
      vertex 8.04908 -1.92828 1.3
    endloop
  endfacet
  facet normal 0.47144 -0.881898 0
    outer loop
      vertex 7.925 1.86195 1.3
      vertex 8.04908 1.92828 3.1
      vertex 7.925 1.86195 3.1
    endloop
  endfacet
  facet normal 0.47144 -0.881898 0
    outer loop
      vertex 8.04908 1.92828 3.1
      vertex 7.925 1.86195 1.3
      vertex 8.04908 1.92828 1.3
    endloop
  endfacet
  facet normal 0.0326948 -0.999465 0
    outer loop
      vertex 8.85938 2.1454 1.3
      vertex 9 2.15 3.1
      vertex 8.85938 2.1454 3.1
    endloop
  endfacet
  facet normal 0.0326948 -0.999465 0
    outer loop
      vertex 9 2.15 3.1
      vertex 8.85938 2.1454 1.3
      vertex 9 2.15 1.3
    endloop
  endfacet
  facet normal -0.881987 -0.471274 0
    outer loop
      vertex 10.9283 0.95092 1.3
      vertex 10.862 1.075 3.1
      vertex 10.862 1.075 1.3
    endloop
  endfacet
  facet normal -0.881987 -0.471274 0
    outer loop
      vertex 10.862 1.075 3.1
      vertex 10.9283 0.95092 1.3
      vertex 10.9283 0.95092 3.1
    endloop
  endfacet
  facet normal -0.773181 0.634186 0
    outer loop
      vertex 10.6165 -1.41759 1.3
      vertex 10.7057 -1.30884 3.1
      vertex 10.7057 -1.30884 1.3
    endloop
  endfacet
  facet normal -0.773181 0.634186 0
    outer loop
      vertex 10.7057 -1.30884 3.1
      vertex 10.6165 -1.41759 1.3
      vertex 10.6165 -1.41759 3.1
    endloop
  endfacet
  facet normal -0.412683 0.910875 0
    outer loop
      vertex 9.95092 -1.92828 1.3
      vertex 9.82277 -1.98634 3.1
      vertex 9.95092 -1.92828 3.1
    endloop
  endfacet
  facet normal -0.412683 0.910875 0
    outer loop
      vertex 9.82277 -1.98634 3.1
      vertex 9.95092 -1.92828 1.3
      vertex 9.82277 -1.98634 1.3
    endloop
  endfacet
  facet normal -0.999465 0.0326957 0
    outer loop
      vertex 11.1454 -0.140616 1.3
      vertex 11.15 0 3.1
      vertex 11.15 0 1.3
    endloop
  endfacet
  facet normal -0.999465 0.0326957 0
    outer loop
      vertex 11.15 0 3.1
      vertex 11.1454 -0.140616 1.3
      vertex 11.1454 -0.140616 3.1
    endloop
  endfacet
  facet normal -0.0980187 -0.995185 0
    outer loop
      vertex 9.14062 2.1454 1.3
      vertex 9.28063 2.13161 3.1
      vertex 9.14062 2.1454 3.1
    endloop
  endfacet
  facet normal -0.0980187 -0.995185 -0
    outer loop
      vertex 9.28063 2.13161 3.1
      vertex 9.14062 2.1454 1.3
      vertex 9.28063 2.13161 1.3
    endloop
  endfacet
  facet normal 0.0326948 0.999465 -0
    outer loop
      vertex 9 -2.15 1.3
      vertex 8.85938 -2.1454 3.1
      vertex 9 -2.15 3.1
    endloop
  endfacet
  facet normal 0.0326948 0.999465 0
    outer loop
      vertex 8.85938 -2.1454 3.1
      vertex 9 -2.15 1.3
      vertex 8.85938 -2.1454 1.3
    endloop
  endfacet
  facet normal 0.162912 0.986641 -0
    outer loop
      vertex 8.71937 -2.13161 1.3
      vertex 8.58056 -2.10869 3.1
      vertex 8.71937 -2.13161 3.1
    endloop
  endfacet
  facet normal 0.162912 0.986641 0
    outer loop
      vertex 8.58056 -2.10869 3.1
      vertex 8.71937 -2.13161 1.3
      vertex 8.58056 -2.10869 1.3
    endloop
  endfacet
  facet normal -0.683558 0.729896 0
    outer loop
      vertex 10.5203 -1.52028 1.3
      vertex 10.4176 -1.61646 3.1
      vertex 10.5203 -1.52028 3.1
    endloop
  endfacet
  facet normal -0.683558 0.729896 0
    outer loop
      vertex 10.4176 -1.61646 3.1
      vertex 10.5203 -1.52028 1.3
      vertex 10.4176 -1.61646 1.3
    endloop
  endfacet
  facet normal 0.0980187 0.995185 -0
    outer loop
      vertex 8.85938 -2.1454 1.3
      vertex 8.71937 -2.13161 3.1
      vertex 8.85938 -2.1454 3.1
    endloop
  endfacet
  facet normal 0.0980187 0.995185 0
    outer loop
      vertex 8.71937 -2.13161 3.1
      vertex 8.85938 -2.1454 1.3
      vertex 8.71937 -2.13161 1.3
    endloop
  endfacet
  facet normal -0.352245 0.935908 0
    outer loop
      vertex 9.82277 -1.98634 1.3
      vertex 9.69109 -2.0359 3.1
      vertex 9.82277 -1.98634 3.1
    endloop
  endfacet
  facet normal -0.352245 0.935908 0
    outer loop
      vertex 9.69109 -2.0359 3.1
      vertex 9.82277 -1.98634 1.3
      vertex 9.69109 -2.0359 1.3
    endloop
  endfacet
  facet normal 0.290288 -0.956939 0
    outer loop
      vertex 8.30891 2.0359 1.3
      vertex 8.44354 2.07674 3.1
      vertex 8.30891 2.0359 3.1
    endloop
  endfacet
  facet normal 0.290288 -0.956939 0
    outer loop
      vertex 8.44354 2.07674 3.1
      vertex 8.30891 2.0359 1.3
      vertex 8.44354 2.07674 1.3
    endloop
  endfacet
  facet normal -0.582683 -0.812699 0
    outer loop
      vertex 10.1945 1.78766 1.3
      vertex 10.3088 1.70571 3.1
      vertex 10.1945 1.78766 3.1
    endloop
  endfacet
  facet normal -0.582683 -0.812699 -0
    outer loop
      vertex 10.3088 1.70571 3.1
      vertex 10.1945 1.78766 1.3
      vertex 10.3088 1.70571 1.3
    endloop
  endfacet
  facet normal -0.227086 -0.973875 0
    outer loop
      vertex 9.41944 2.10869 1.3
      vertex 9.55646 2.07674 3.1
      vertex 9.41944 2.10869 3.1
    endloop
  endfacet
  facet normal -0.227086 -0.973875 -0
    outer loop
      vertex 9.55646 2.07674 3.1
      vertex 9.41944 2.10869 1.3
      vertex 9.55646 2.07674 1.3
    endloop
  endfacet
  facet normal 0.582481 -0.812844 0
    outer loop
      vertex 7.69116 1.70571 1.3
      vertex 7.80552 1.78766 3.1
      vertex 7.69116 1.70571 3.1
    endloop
  endfacet
  facet normal 0.582481 -0.812844 0
    outer loop
      vertex 7.80552 1.78766 3.1
      vertex 7.69116 1.70571 1.3
      vertex 7.80552 1.78766 1.3
    endloop
  endfacet
  facet normal 0.52803 0.849226 -0
    outer loop
      vertex 7.925 -1.86195 1.3
      vertex 7.80552 -1.78766 3.1
      vertex 7.925 -1.86195 3.1
    endloop
  endfacet
  facet normal 0.52803 0.849226 0
    outer loop
      vertex 7.80552 -1.78766 3.1
      vertex 7.925 -1.86195 1.3
      vertex 7.80552 -1.78766 1.3
    endloop
  endfacet
  facet normal -0.412683 -0.910875 0
    outer loop
      vertex 9.82277 1.98634 1.3
      vertex 9.95092 1.92828 3.1
      vertex 9.82277 1.98634 3.1
    endloop
  endfacet
  facet normal -0.412683 -0.910875 -0
    outer loop
      vertex 9.95092 1.92828 3.1
      vertex 9.82277 1.98634 1.3
      vertex 9.95092 1.92828 1.3
    endloop
  endfacet
  facet normal 0.773006 0.634398 0
    outer loop
      vertex 7.38354 -1.41759 3.1
      vertex 7.29429 -1.30884 1.3
      vertex 7.29429 -1.30884 3.1
    endloop
  endfacet
  facet normal 0.773006 0.634398 0
    outer loop
      vertex 7.29429 -1.30884 1.3
      vertex 7.38354 -1.41759 3.1
      vertex 7.38354 -1.41759 1.3
    endloop
  endfacet
  facet normal 0.995185 0.0980152 0
    outer loop
      vertex 6.86839 -0.280631 3.1
      vertex 6.8546 -0.140616 1.3
      vertex 6.8546 -0.140616 3.1
    endloop
  endfacet
  facet normal 0.995185 0.0980152 0
    outer loop
      vertex 6.8546 -0.140616 1.3
      vertex 6.86839 -0.280631 3.1
      vertex 6.86839 -0.280631 1.3
    endloop
  endfacet
  facet normal 0.227086 -0.973875 0
    outer loop
      vertex 8.44354 2.07674 1.3
      vertex 8.58056 2.10869 3.1
      vertex 8.44354 2.07674 3.1
    endloop
  endfacet
  facet normal 0.227086 -0.973875 0
    outer loop
      vertex 8.58056 2.10869 3.1
      vertex 8.44354 2.07674 1.3
      vertex 8.58056 2.10869 1.3
    endloop
  endfacet
  facet normal -0.0326948 0.999465 0
    outer loop
      vertex 9.14062 -2.1454 1.3
      vertex 9 -2.15 3.1
      vertex 9.14062 -2.1454 3.1
    endloop
  endfacet
  facet normal -0.0326948 0.999465 0
    outer loop
      vertex 9 -2.15 3.1
      vertex 9.14062 -2.1454 1.3
      vertex 9 -2.15 1.3
    endloop
  endfacet
  facet normal 0.634398 -0.773006 0
    outer loop
      vertex 7.58241 1.61646 1.3
      vertex 7.69116 1.70571 3.1
      vertex 7.58241 1.61646 3.1
    endloop
  endfacet
  facet normal 0.634398 -0.773006 0
    outer loop
      vertex 7.69116 1.70571 3.1
      vertex 7.58241 1.61646 1.3
      vertex 7.69116 1.70571 1.3
    endloop
  endfacet
  facet normal -0.911036 0.412327 0
    outer loop
      vertex 10.9283 -0.95092 1.3
      vertex 10.9863 -0.822769 3.1
      vertex 10.9863 -0.822769 1.3
    endloop
  endfacet
  facet normal -0.911036 0.412327 0
    outer loop
      vertex 10.9863 -0.822769 3.1
      vertex 10.9283 -0.95092 1.3
      vertex 10.9283 -0.95092 3.1
    endloop
  endfacet
  facet normal -0.812676 -0.582716 0
    outer loop
      vertex 10.7877 1.19448 1.3
      vertex 10.7057 1.30884 3.1
      vertex 10.7057 1.30884 1.3
    endloop
  endfacet
  facet normal -0.812676 -0.582716 0
    outer loop
      vertex 10.7057 1.30884 3.1
      vertex 10.7877 1.19448 1.3
      vertex 10.7877 1.19448 3.1
    endloop
  endfacet
  facet normal -0.957021 -0.290019 0
    outer loop
      vertex 11.0767 0.55646 1.3
      vertex 11.0359 0.691094 3.1
      vertex 11.0359 0.691094 1.3
    endloop
  endfacet
  facet normal -0.957021 -0.290019 0
    outer loop
      vertex 11.0359 0.691094 3.1
      vertex 11.0767 0.55646 1.3
      vertex 11.0767 0.55646 3.1
    endloop
  endfacet
  facet normal 0.910876 -0.412681 0
    outer loop
      vertex 7.01366 0.822769 3.1
      vertex 7.07172 0.95092 1.3
      vertex 7.07172 0.95092 3.1
    endloop
  endfacet
  facet normal 0.910876 -0.412681 0
    outer loop
      vertex 7.07172 0.95092 1.3
      vertex 7.01366 0.822769 3.1
      vertex 7.01366 0.822769 1.3
    endloop
  endfacet
  facet normal -0.527966 0.849266 0
    outer loop
      vertex 10.1945 -1.78766 1.3
      vertex 10.075 -1.86195 3.1
      vertex 10.1945 -1.78766 3.1
    endloop
  endfacet
  facet normal -0.527966 0.849266 0
    outer loop
      vertex 10.075 -1.86195 3.1
      vertex 10.1945 -1.78766 1.3
      vertex 10.075 -1.86195 1.3
    endloop
  endfacet
  facet normal 0.910876 0.412681 0
    outer loop
      vertex 7.07172 -0.95092 3.1
      vertex 7.01366 -0.822769 1.3
      vertex 7.01366 -0.822769 3.1
    endloop
  endfacet
  facet normal 0.910876 0.412681 0
    outer loop
      vertex 7.01366 -0.822769 1.3
      vertex 7.07172 -0.95092 3.1
      vertex 7.07172 -0.95092 1.3
    endloop
  endfacet
  facet normal 0.412683 -0.910875 0
    outer loop
      vertex 8.04908 1.92828 1.3
      vertex 8.17723 1.98634 3.1
      vertex 8.04908 1.92828 3.1
    endloop
  endfacet
  facet normal 0.412683 -0.910875 0
    outer loop
      vertex 8.17723 1.98634 3.1
      vertex 8.04908 1.92828 1.3
      vertex 8.17723 1.98634 1.3
    endloop
  endfacet
  facet normal -0.227086 0.973875 0
    outer loop
      vertex 9.55646 -2.07674 1.3
      vertex 9.41944 -2.10869 3.1
      vertex 9.55646 -2.07674 3.1
    endloop
  endfacet
  facet normal -0.227086 0.973875 0
    outer loop
      vertex 9.41944 -2.10869 3.1
      vertex 9.55646 -2.07674 1.3
      vertex 9.41944 -2.10869 1.3
    endloop
  endfacet
  facet normal -0.634224 -0.773149 0
    outer loop
      vertex 10.3088 1.70571 1.3
      vertex 10.4176 1.61646 3.1
      vertex 10.3088 1.70571 3.1
    endloop
  endfacet
  facet normal -0.634224 -0.773149 -0
    outer loop
      vertex 10.4176 1.61646 3.1
      vertex 10.3088 1.70571 1.3
      vertex 10.4176 1.61646 1.3
    endloop
  endfacet
  facet normal 0.986641 -0.162908 0
    outer loop
      vertex 6.86839 0.280631 3.1
      vertex 6.89131 0.419444 1.3
      vertex 6.89131 0.419444 3.1
    endloop
  endfacet
  facet normal 0.986641 -0.162908 0
    outer loop
      vertex 6.89131 0.419444 1.3
      vertex 6.86839 0.280631 3.1
      vertex 6.86839 0.280631 1.3
    endloop
  endfacet
  facet normal 0.729863 -0.683594 0
    outer loop
      vertex 7.38354 1.41759 3.1
      vertex 7.47972 1.52028 1.3
      vertex 7.47972 1.52028 3.1
    endloop
  endfacet
  facet normal 0.729863 -0.683594 0
    outer loop
      vertex 7.47972 1.52028 1.3
      vertex 7.38354 1.41759 3.1
      vertex 7.38354 1.41759 1.3
    endloop
  endfacet
  facet normal -0.162912 -0.986641 0
    outer loop
      vertex 9.28063 2.13161 1.3
      vertex 9.41944 2.10869 3.1
      vertex 9.28063 2.13161 3.1
    endloop
  endfacet
  facet normal -0.162912 -0.986641 -0
    outer loop
      vertex 9.41944 2.10869 3.1
      vertex 9.28063 2.13161 1.3
      vertex 9.41944 2.10869 1.3
    endloop
  endfacet
  facet normal 0.683594 -0.729863 0
    outer loop
      vertex 7.47972 1.52028 1.3
      vertex 7.58241 1.61646 3.1
      vertex 7.47972 1.52028 3.1
    endloop
  endfacet
  facet normal 0.683594 -0.729863 0
    outer loop
      vertex 7.58241 1.61646 3.1
      vertex 7.47972 1.52028 1.3
      vertex 7.58241 1.61646 1.3
    endloop
  endfacet
  facet normal -0.973795 -0.227429 0
    outer loop
      vertex 11.1087 0.419444 1.3
      vertex 11.0767 0.55646 3.1
      vertex 11.0767 0.55646 1.3
    endloop
  endfacet
  facet normal -0.973795 -0.227429 0
    outer loop
      vertex 11.0767 0.55646 3.1
      vertex 11.1087 0.419444 1.3
      vertex 11.1087 0.419444 3.1
    endloop
  endfacet
  facet normal -0.957021 0.290019 0
    outer loop
      vertex 11.0359 -0.691094 1.3
      vertex 11.0767 -0.55646 3.1
      vertex 11.0767 -0.55646 1.3
    endloop
  endfacet
  facet normal -0.957021 0.290019 0
    outer loop
      vertex 11.0767 -0.55646 3.1
      vertex 11.0359 -0.691094 1.3
      vertex 11.0359 -0.691094 3.1
    endloop
  endfacet
  facet normal 0.935903 -0.352257 0
    outer loop
      vertex 6.9641 0.691094 3.1
      vertex 7.01366 0.822769 1.3
      vertex 7.01366 0.822769 3.1
    endloop
  endfacet
  facet normal 0.935903 -0.352257 0
    outer loop
      vertex 7.01366 0.822769 1.3
      vertex 6.9641 0.691094 3.1
      vertex 6.9641 0.691094 1.3
    endloop
  endfacet
  facet normal 0.352245 -0.935908 0
    outer loop
      vertex 8.17723 1.98634 1.3
      vertex 8.30891 2.0359 3.1
      vertex 8.17723 1.98634 3.1
    endloop
  endfacet
  facet normal 0.352245 -0.935908 0
    outer loop
      vertex 8.30891 2.0359 3.1
      vertex 8.17723 1.98634 1.3
      vertex 8.30891 2.0359 1.3
    endloop
  endfacet
  facet normal -0.995178 0.0980856 0
    outer loop
      vertex 11.1316 -0.280631 1.3
      vertex 11.1454 -0.140616 3.1
      vertex 11.1454 -0.140616 1.3
    endloop
  endfacet
  facet normal -0.995178 0.0980856 0
    outer loop
      vertex 11.1454 -0.140616 3.1
      vertex 11.1316 -0.280631 1.3
      vertex 11.1316 -0.280631 3.1
    endloop
  endfacet
  facet normal -0.634224 0.773149 0
    outer loop
      vertex 10.4176 -1.61646 1.3
      vertex 10.3088 -1.70571 3.1
      vertex 10.4176 -1.61646 3.1
    endloop
  endfacet
  facet normal -0.634224 0.773149 0
    outer loop
      vertex 10.3088 -1.70571 3.1
      vertex 10.4176 -1.61646 1.3
      vertex 10.3088 -1.70571 1.3
    endloop
  endfacet
  facet normal -0.729792 -0.683669 0
    outer loop
      vertex 10.6165 1.41759 1.3
      vertex 10.5203 1.52028 3.1
      vertex 10.5203 1.52028 1.3
    endloop
  endfacet
  facet normal -0.729792 -0.683669 0
    outer loop
      vertex 10.5203 1.52028 3.1
      vertex 10.6165 1.41759 1.3
      vertex 10.6165 1.41759 3.1
    endloop
  endfacet
  facet normal -0.0980187 0.995185 0
    outer loop
      vertex 9.28063 -2.13161 1.3
      vertex 9.14062 -2.1454 3.1
      vertex 9.28063 -2.13161 3.1
    endloop
  endfacet
  facet normal -0.0980187 0.995185 0
    outer loop
      vertex 9.14062 -2.1454 3.1
      vertex 9.28063 -2.13161 1.3
      vertex 9.14062 -2.1454 1.3
    endloop
  endfacet
  facet normal -0.290288 -0.956939 0
    outer loop
      vertex 9.55646 2.07674 1.3
      vertex 9.69109 2.0359 3.1
      vertex 9.55646 2.07674 3.1
    endloop
  endfacet
  facet normal -0.290288 -0.956939 -0
    outer loop
      vertex 9.69109 2.0359 3.1
      vertex 9.55646 2.07674 1.3
      vertex 9.69109 2.0359 1.3
    endloop
  endfacet
  facet normal -0.911036 -0.412327 0
    outer loop
      vertex 10.9863 0.822769 1.3
      vertex 10.9283 0.95092 3.1
      vertex 10.9283 0.95092 1.3
    endloop
  endfacet
  facet normal -0.911036 -0.412327 0
    outer loop
      vertex 10.9283 0.95092 3.1
      vertex 10.9863 0.822769 1.3
      vertex 10.9863 0.822769 3.1
    endloop
  endfacet
  facet normal 0.812844 -0.582481 0
    outer loop
      vertex 7.21234 1.19448 3.1
      vertex 7.29429 1.30884 1.3
      vertex 7.29429 1.30884 3.1
    endloop
  endfacet
  facet normal 0.812844 -0.582481 0
    outer loop
      vertex 7.29429 1.30884 1.3
      vertex 7.21234 1.19448 3.1
      vertex 7.21234 1.19448 1.3
    endloop
  endfacet
  facet normal 0.881898 -0.47144 0
    outer loop
      vertex 7.07172 0.95092 3.1
      vertex 7.13805 1.075 1.3
      vertex 7.13805 1.075 3.1
    endloop
  endfacet
  facet normal 0.881898 -0.47144 0
    outer loop
      vertex 7.13805 1.075 1.3
      vertex 7.07172 0.95092 3.1
      vertex 7.07172 0.95092 1.3
    endloop
  endfacet
  facet normal -0.93581 -0.352506 0
    outer loop
      vertex 11.0359 0.691094 1.3
      vertex 10.9863 0.822769 3.1
      vertex 10.9863 0.822769 1.3
    endloop
  endfacet
  facet normal -0.93581 -0.352506 0
    outer loop
      vertex 10.9863 0.822769 3.1
      vertex 11.0359 0.691094 1.3
      vertex 11.0359 0.691094 3.1
    endloop
  endfacet
  facet normal -0.973795 0.227429 0
    outer loop
      vertex 11.0767 -0.55646 1.3
      vertex 11.1087 -0.419444 3.1
      vertex 11.1087 -0.419444 1.3
    endloop
  endfacet
  facet normal -0.973795 0.227429 0
    outer loop
      vertex 11.1087 -0.419444 3.1
      vertex 11.0767 -0.55646 1.3
      vertex 11.0767 -0.55646 3.1
    endloop
  endfacet
  facet normal 0.162912 -0.986641 0
    outer loop
      vertex 8.58056 2.10869 1.3
      vertex 8.71937 2.13161 3.1
      vertex 8.58056 2.10869 3.1
    endloop
  endfacet
  facet normal 0.162912 -0.986641 0
    outer loop
      vertex 8.71937 2.13161 3.1
      vertex 8.58056 2.10869 1.3
      vertex 8.71937 2.13161 1.3
    endloop
  endfacet
  facet normal 0.849226 0.52803 0
    outer loop
      vertex 7.21234 -1.19448 3.1
      vertex 7.13805 -1.075 1.3
      vertex 7.13805 -1.075 3.1
    endloop
  endfacet
  facet normal 0.849226 0.52803 0
    outer loop
      vertex 7.13805 -1.075 1.3
      vertex 7.21234 -1.19448 3.1
      vertex 7.21234 -1.19448 1.3
    endloop
  endfacet
  facet normal 0.812844 0.582481 0
    outer loop
      vertex 7.29429 -1.30884 3.1
      vertex 7.21234 -1.19448 1.3
      vertex 7.21234 -1.19448 3.1
    endloop
  endfacet
  facet normal 0.812844 0.582481 0
    outer loop
      vertex 7.21234 -1.19448 1.3
      vertex 7.29429 -1.30884 3.1
      vertex 7.29429 -1.30884 1.3
    endloop
  endfacet
  facet normal -0.0326948 -0.999465 0
    outer loop
      vertex 9 2.15 1.3
      vertex 9.14062 2.1454 3.1
      vertex 9 2.15 3.1
    endloop
  endfacet
  facet normal -0.0326948 -0.999465 -0
    outer loop
      vertex 9.14062 2.1454 3.1
      vertex 9 2.15 1.3
      vertex 9.14062 2.1454 1.3
    endloop
  endfacet
  facet normal 0.973873 0.227092 0
    outer loop
      vertex 6.92326 -0.55646 3.1
      vertex 6.89131 -0.419444 1.3
      vertex 6.89131 -0.419444 3.1
    endloop
  endfacet
  facet normal 0.973873 0.227092 0
    outer loop
      vertex 6.89131 -0.419444 1.3
      vertex 6.92326 -0.55646 3.1
      vertex 6.92326 -0.55646 1.3
    endloop
  endfacet
  facet normal -0.812676 0.582716 0
    outer loop
      vertex 10.7057 -1.30884 1.3
      vertex 10.7877 -1.19448 3.1
      vertex 10.7877 -1.19448 1.3
    endloop
  endfacet
  facet normal -0.812676 0.582716 0
    outer loop
      vertex 10.7877 -1.19448 3.1
      vertex 10.7057 -1.30884 1.3
      vertex 10.7057 -1.30884 3.1
    endloop
  endfacet
  facet normal 0.634398 0.773006 -0
    outer loop
      vertex 7.69116 -1.70571 1.3
      vertex 7.58241 -1.61646 3.1
      vertex 7.69116 -1.70571 3.1
    endloop
  endfacet
  facet normal 0.634398 0.773006 0
    outer loop
      vertex 7.58241 -1.61646 3.1
      vertex 7.69116 -1.70571 1.3
      vertex 7.58241 -1.61646 1.3
    endloop
  endfacet
  facet normal 0.935903 0.352257 0
    outer loop
      vertex 7.01366 -0.822769 3.1
      vertex 6.9641 -0.691094 1.3
      vertex 6.9641 -0.691094 3.1
    endloop
  endfacet
  facet normal 0.935903 0.352257 0
    outer loop
      vertex 6.9641 -0.691094 1.3
      vertex 7.01366 -0.822769 3.1
      vertex 7.01366 -0.822769 1.3
    endloop
  endfacet
  facet normal -0.773181 -0.634186 0
    outer loop
      vertex 10.7057 1.30884 1.3
      vertex 10.6165 1.41759 3.1
      vertex 10.6165 1.41759 1.3
    endloop
  endfacet
  facet normal -0.773181 -0.634186 0
    outer loop
      vertex 10.6165 1.41759 3.1
      vertex 10.7057 1.30884 1.3
      vertex 10.7057 1.30884 3.1
    endloop
  endfacet
  facet normal 0.986641 0.162908 0
    outer loop
      vertex 6.89131 -0.419444 3.1
      vertex 6.86839 -0.280631 1.3
      vertex 6.86839 -0.280631 3.1
    endloop
  endfacet
  facet normal 0.986641 0.162908 0
    outer loop
      vertex 6.86839 -0.280631 1.3
      vertex 6.89131 -0.419444 3.1
      vertex 6.89131 -0.419444 1.3
    endloop
  endfacet
  facet normal -0.849194 -0.528081 0
    outer loop
      vertex 10.862 1.075 1.3
      vertex 10.7877 1.19448 3.1
      vertex 10.7877 1.19448 1.3
    endloop
  endfacet
  facet normal -0.849194 -0.528081 0
    outer loop
      vertex 10.7877 1.19448 3.1
      vertex 10.862 1.075 1.3
      vertex 10.862 1.075 3.1
    endloop
  endfacet
  facet normal 0.227086 0.973875 -0
    outer loop
      vertex 8.58056 -2.10869 1.3
      vertex 8.44354 -2.07674 3.1
      vertex 8.58056 -2.10869 3.1
    endloop
  endfacet
  facet normal 0.227086 0.973875 0
    outer loop
      vertex 8.44354 -2.07674 3.1
      vertex 8.58056 -2.10869 1.3
      vertex 8.44354 -2.07674 1.3
    endloop
  endfacet
  facet normal -0.582683 0.812699 0
    outer loop
      vertex 10.3088 -1.70571 1.3
      vertex 10.1945 -1.78766 3.1
      vertex 10.3088 -1.70571 3.1
    endloop
  endfacet
  facet normal -0.582683 0.812699 0
    outer loop
      vertex 10.1945 -1.78766 3.1
      vertex 10.3088 -1.70571 1.3
      vertex 10.1945 -1.78766 1.3
    endloop
  endfacet
  facet normal -0.527966 -0.849266 0
    outer loop
      vertex 10.075 1.86195 1.3
      vertex 10.1945 1.78766 3.1
      vertex 10.075 1.86195 3.1
    endloop
  endfacet
  facet normal -0.527966 -0.849266 -0
    outer loop
      vertex 10.1945 1.78766 3.1
      vertex 10.075 1.86195 1.3
      vertex 10.1945 1.78766 1.3
    endloop
  endfacet
  facet normal -0.849194 0.528081 0
    outer loop
      vertex 10.7877 -1.19448 1.3
      vertex 10.862 -1.075 3.1
      vertex 10.862 -1.075 1.3
    endloop
  endfacet
  facet normal -0.849194 0.528081 0
    outer loop
      vertex 10.862 -1.075 3.1
      vertex 10.7877 -1.19448 1.3
      vertex 10.7877 -1.19448 3.1
    endloop
  endfacet
  facet normal -0.93581 0.352506 0
    outer loop
      vertex 10.9863 -0.822769 1.3
      vertex 11.0359 -0.691094 3.1
      vertex 11.0359 -0.691094 1.3
    endloop
  endfacet
  facet normal -0.93581 0.352506 0
    outer loop
      vertex 11.0359 -0.691094 3.1
      vertex 10.9863 -0.822769 1.3
      vertex 10.9863 -0.822769 3.1
    endloop
  endfacet
  facet normal -0.881987 0.471274 0
    outer loop
      vertex 10.862 -1.075 1.3
      vertex 10.9283 -0.95092 3.1
      vertex 10.9283 -0.95092 1.3
    endloop
  endfacet
  facet normal -0.881987 0.471274 0
    outer loop
      vertex 10.9283 -0.95092 3.1
      vertex 10.862 -1.075 1.3
      vertex 10.862 -1.075 3.1
    endloop
  endfacet
  facet normal 0.0980187 -0.995185 0
    outer loop
      vertex 8.71937 2.13161 1.3
      vertex 8.85938 2.1454 3.1
      vertex 8.71937 2.13161 3.1
    endloop
  endfacet
  facet normal 0.0980187 -0.995185 0
    outer loop
      vertex 8.85938 2.1454 3.1
      vertex 8.71937 2.13161 1.3
      vertex 8.85938 2.1454 1.3
    endloop
  endfacet
  facet normal -0.47144 -0.881898 0
    outer loop
      vertex 9.95092 1.92828 1.3
      vertex 10.075 1.86195 3.1
      vertex 9.95092 1.92828 3.1
    endloop
  endfacet
  facet normal -0.47144 -0.881898 -0
    outer loop
      vertex 10.075 1.86195 3.1
      vertex 9.95092 1.92828 1.3
      vertex 10.075 1.86195 1.3
    endloop
  endfacet
  facet normal 0.956942 0.29028 0
    outer loop
      vertex 6.9641 -0.691094 3.1
      vertex 6.92326 -0.55646 1.3
      vertex 6.92326 -0.55646 3.1
    endloop
  endfacet
  facet normal 0.956942 0.29028 0
    outer loop
      vertex 6.92326 -0.55646 1.3
      vertex 6.9641 -0.691094 3.1
      vertex 6.9641 -0.691094 1.3
    endloop
  endfacet
  facet normal -0.986664 0.16277 0
    outer loop
      vertex 11.1087 -0.419444 1.3
      vertex 11.1316 -0.280631 3.1
      vertex 11.1316 -0.280631 1.3
    endloop
  endfacet
  facet normal -0.986664 0.16277 0
    outer loop
      vertex 11.1316 -0.280631 3.1
      vertex 11.1087 -0.419444 1.3
      vertex 11.1087 -0.419444 3.1
    endloop
  endfacet
  facet normal 0.773006 -0.634398 0
    outer loop
      vertex 7.29429 1.30884 3.1
      vertex 7.38354 1.41759 1.3
      vertex 7.38354 1.41759 3.1
    endloop
  endfacet
  facet normal 0.773006 -0.634398 0
    outer loop
      vertex 7.38354 1.41759 1.3
      vertex 7.29429 1.30884 3.1
      vertex 7.29429 1.30884 1.3
    endloop
  endfacet
  facet normal 0.999465 0.0326957 0
    outer loop
      vertex 6.8546 -0.140616 3.1
      vertex 6.85 0 1.3
      vertex 6.85 0 3.1
    endloop
  endfacet
  facet normal 0.999465 0.0326957 0
    outer loop
      vertex 6.85 0 1.3
      vertex 6.8546 -0.140616 3.1
      vertex 6.8546 -0.140616 1.3
    endloop
  endfacet
  facet normal -0.47144 0.881898 0
    outer loop
      vertex 10.075 -1.86195 1.3
      vertex 9.95092 -1.92828 3.1
      vertex 10.075 -1.86195 3.1
    endloop
  endfacet
  facet normal -0.47144 0.881898 0
    outer loop
      vertex 9.95092 -1.92828 3.1
      vertex 10.075 -1.86195 1.3
      vertex 9.95092 -1.92828 1.3
    endloop
  endfacet
  facet normal 0.729863 0.683594 0
    outer loop
      vertex 7.47972 -1.52028 3.1
      vertex 7.38354 -1.41759 1.3
      vertex 7.38354 -1.41759 3.1
    endloop
  endfacet
  facet normal 0.729863 0.683594 0
    outer loop
      vertex 7.38354 -1.41759 1.3
      vertex 7.47972 -1.52028 3.1
      vertex 7.47972 -1.52028 1.3
    endloop
  endfacet
  facet normal -0.162912 0.986641 0
    outer loop
      vertex 9.41944 -2.10869 1.3
      vertex 9.28063 -2.13161 3.1
      vertex 9.41944 -2.10869 3.1
    endloop
  endfacet
  facet normal -0.162912 0.986641 0
    outer loop
      vertex 9.28063 -2.13161 3.1
      vertex 9.41944 -2.10869 1.3
      vertex 9.28063 -2.13161 1.3
    endloop
  endfacet
  facet normal 0.999465 -0.0326957 0
    outer loop
      vertex 6.85 0 3.1
      vertex 6.8546 0.140616 1.3
      vertex 6.8546 0.140616 3.1
    endloop
  endfacet
  facet normal 0.999465 -0.0326957 0
    outer loop
      vertex 6.8546 0.140616 1.3
      vertex 6.85 0 3.1
      vertex 6.85 0 1.3
    endloop
  endfacet
  facet normal -0.683558 -0.729896 0
    outer loop
      vertex 10.4176 1.61646 1.3
      vertex 10.5203 1.52028 3.1
      vertex 10.4176 1.61646 3.1
    endloop
  endfacet
  facet normal -0.683558 -0.729896 -0
    outer loop
      vertex 10.5203 1.52028 3.1
      vertex 10.4176 1.61646 1.3
      vertex 10.5203 1.52028 1.3
    endloop
  endfacet
  facet normal 0.995185 -0.0980152 0
    outer loop
      vertex 6.8546 0.140616 3.1
      vertex 6.86839 0.280631 1.3
      vertex 6.86839 0.280631 3.1
    endloop
  endfacet
  facet normal 0.995185 -0.0980152 0
    outer loop
      vertex 6.86839 0.280631 1.3
      vertex 6.8546 0.140616 3.1
      vertex 6.8546 0.140616 1.3
    endloop
  endfacet
  facet normal 0.582481 0.812844 -0
    outer loop
      vertex 7.80552 -1.78766 1.3
      vertex 7.69116 -1.70571 3.1
      vertex 7.80552 -1.78766 3.1
    endloop
  endfacet
  facet normal 0.582481 0.812844 0
    outer loop
      vertex 7.69116 -1.70571 3.1
      vertex 7.80552 -1.78766 1.3
      vertex 7.69116 -1.70571 1.3
    endloop
  endfacet
  facet normal 0.956942 -0.29028 0
    outer loop
      vertex 6.92326 0.55646 3.1
      vertex 6.9641 0.691094 1.3
      vertex 6.9641 0.691094 3.1
    endloop
  endfacet
  facet normal 0.956942 -0.29028 0
    outer loop
      vertex 6.9641 0.691094 1.3
      vertex 6.92326 0.55646 3.1
      vertex 6.92326 0.55646 1.3
    endloop
  endfacet
  facet normal 0.683594 0.729863 -0
    outer loop
      vertex 7.58241 -1.61646 1.3
      vertex 7.47972 -1.52028 3.1
      vertex 7.58241 -1.61646 3.1
    endloop
  endfacet
  facet normal 0.683594 0.729863 0
    outer loop
      vertex 7.47972 -1.52028 3.1
      vertex 7.58241 -1.61646 1.3
      vertex 7.47972 -1.52028 1.3
    endloop
  endfacet
  facet normal -0.352245 -0.935908 0
    outer loop
      vertex 9.69109 2.0359 1.3
      vertex 9.82277 1.98634 3.1
      vertex 9.69109 2.0359 3.1
    endloop
  endfacet
  facet normal -0.352245 -0.935908 -0
    outer loop
      vertex 9.82277 1.98634 3.1
      vertex 9.69109 2.0359 1.3
      vertex 9.82277 1.98634 1.3
    endloop
  endfacet
  facet normal 0 0 1
    outer loop
      vertex 11.1454 0.140616 1.3
      vertex 11.1454 -0.140616 1.3
      vertex 11.15 0 1.3
    endloop
  endfacet
  facet normal 0 0 1
    outer loop
      vertex 11.1316 0.280631 1.3
      vertex 11.1454 -0.140616 1.3
      vertex 11.1454 0.140616 1.3
    endloop
  endfacet
  facet normal 0 0 1
    outer loop
      vertex 11.1316 0.280631 1.3
      vertex 11.1316 -0.280631 1.3
      vertex 11.1454 -0.140616 1.3
    endloop
  endfacet
  facet normal 0 0 1
    outer loop
      vertex 11.1087 0.419444 1.3
      vertex 11.1316 -0.280631 1.3
      vertex 11.1316 0.280631 1.3
    endloop
  endfacet
  facet normal 0 0 1
    outer loop
      vertex 11.1087 0.419444 1.3
      vertex 11.1087 -0.419444 1.3
      vertex 11.1316 -0.280631 1.3
    endloop
  endfacet
  facet normal 0 0 1
    outer loop
      vertex 11.0767 0.55646 1.3
      vertex 11.1087 -0.419444 1.3
      vertex 11.1087 0.419444 1.3
    endloop
  endfacet
  facet normal 0 0 1
    outer loop
      vertex 11.0767 0.55646 1.3
      vertex 11.0767 -0.55646 1.3
      vertex 11.1087 -0.419444 1.3
    endloop
  endfacet
  facet normal 0 0 1
    outer loop
      vertex 11.0359 0.691094 1.3
      vertex 11.0767 -0.55646 1.3
      vertex 11.0767 0.55646 1.3
    endloop
  endfacet
  facet normal 0 0 1
    outer loop
      vertex 11.0359 0.691094 1.3
      vertex 11.0359 -0.691094 1.3
      vertex 11.0767 -0.55646 1.3
    endloop
  endfacet
  facet normal 0 0 1
    outer loop
      vertex 10.9863 0.822769 1.3
      vertex 11.0359 -0.691094 1.3
      vertex 11.0359 0.691094 1.3
    endloop
  endfacet
  facet normal 0 0 1
    outer loop
      vertex 10.9863 0.822769 1.3
      vertex 10.9863 -0.822769 1.3
      vertex 11.0359 -0.691094 1.3
    endloop
  endfacet
  facet normal 0 0 1
    outer loop
      vertex 10.9283 0.95092 1.3
      vertex 10.9863 -0.822769 1.3
      vertex 10.9863 0.822769 1.3
    endloop
  endfacet
  facet normal 0 0 1
    outer loop
      vertex 10.9283 0.95092 1.3
      vertex 10.9283 -0.95092 1.3
      vertex 10.9863 -0.822769 1.3
    endloop
  endfacet
  facet normal 0 0 1
    outer loop
      vertex 10.862 1.075 1.3
      vertex 10.9283 -0.95092 1.3
      vertex 10.9283 0.95092 1.3
    endloop
  endfacet
  facet normal 0 0 1
    outer loop
      vertex 10.862 1.075 1.3
      vertex 10.862 -1.075 1.3
      vertex 10.9283 -0.95092 1.3
    endloop
  endfacet
  facet normal 0 0 1
    outer loop
      vertex 10.7877 1.19448 1.3
      vertex 10.862 -1.075 1.3
      vertex 10.862 1.075 1.3
    endloop
  endfacet
  facet normal 0 0 1
    outer loop
      vertex 10.7877 1.19448 1.3
      vertex 10.7877 -1.19448 1.3
      vertex 10.862 -1.075 1.3
    endloop
  endfacet
  facet normal 0 0 1
    outer loop
      vertex 10.7057 1.30884 1.3
      vertex 10.7877 -1.19448 1.3
      vertex 10.7877 1.19448 1.3
    endloop
  endfacet
  facet normal 0 0 1
    outer loop
      vertex 10.7057 1.30884 1.3
      vertex 10.7057 -1.30884 1.3
      vertex 10.7877 -1.19448 1.3
    endloop
  endfacet
  facet normal 0 0 1
    outer loop
      vertex 10.6165 1.41759 1.3
      vertex 10.7057 -1.30884 1.3
      vertex 10.7057 1.30884 1.3
    endloop
  endfacet
  facet normal 0 0 1
    outer loop
      vertex 10.6165 1.41759 1.3
      vertex 10.6165 -1.41759 1.3
      vertex 10.7057 -1.30884 1.3
    endloop
  endfacet
  facet normal 0 0 1
    outer loop
      vertex 10.5203 1.52028 1.3
      vertex 10.6165 -1.41759 1.3
      vertex 10.6165 1.41759 1.3
    endloop
  endfacet
  facet normal 0 0 1
    outer loop
      vertex 10.5203 1.52028 1.3
      vertex 10.5203 -1.52028 1.3
      vertex 10.6165 -1.41759 1.3
    endloop
  endfacet
  facet normal 0 0 1
    outer loop
      vertex 10.4176 1.61646 1.3
      vertex 10.5203 -1.52028 1.3
      vertex 10.5203 1.52028 1.3
    endloop
  endfacet
  facet normal 0 0 1
    outer loop
      vertex 10.4176 1.61646 1.3
      vertex 10.4176 -1.61646 1.3
      vertex 10.5203 -1.52028 1.3
    endloop
  endfacet
  facet normal 0 0 1
    outer loop
      vertex 10.3088 1.70571 1.3
      vertex 10.4176 -1.61646 1.3
      vertex 10.4176 1.61646 1.3
    endloop
  endfacet
  facet normal 0 0 1
    outer loop
      vertex 10.3088 1.70571 1.3
      vertex 10.3088 -1.70571 1.3
      vertex 10.4176 -1.61646 1.3
    endloop
  endfacet
  facet normal 0 0 1
    outer loop
      vertex 10.1945 1.78766 1.3
      vertex 10.3088 -1.70571 1.3
      vertex 10.3088 1.70571 1.3
    endloop
  endfacet
  facet normal 0 0 1
    outer loop
      vertex 10.1945 1.78766 1.3
      vertex 10.1945 -1.78766 1.3
      vertex 10.3088 -1.70571 1.3
    endloop
  endfacet
  facet normal 0 0 1
    outer loop
      vertex 10.075 1.86195 1.3
      vertex 10.1945 -1.78766 1.3
      vertex 10.1945 1.78766 1.3
    endloop
  endfacet
  facet normal 0 0 1
    outer loop
      vertex 10.075 1.86195 1.3
      vertex 10.075 -1.86195 1.3
      vertex 10.1945 -1.78766 1.3
    endloop
  endfacet
  facet normal 0 0 1
    outer loop
      vertex 9.95092 1.92828 1.3
      vertex 10.075 -1.86195 1.3
      vertex 10.075 1.86195 1.3
    endloop
  endfacet
  facet normal 0 0 1
    outer loop
      vertex 9.95092 1.92828 1.3
      vertex 9.95092 -1.92828 1.3
      vertex 10.075 -1.86195 1.3
    endloop
  endfacet
  facet normal 0 0 1
    outer loop
      vertex 9.82277 1.98634 1.3
      vertex 9.95092 -1.92828 1.3
      vertex 9.95092 1.92828 1.3
    endloop
  endfacet
  facet normal 0 0 1
    outer loop
      vertex 9.82277 1.98634 1.3
      vertex 9.82277 -1.98634 1.3
      vertex 9.95092 -1.92828 1.3
    endloop
  endfacet
  facet normal 0 0 1
    outer loop
      vertex 9.69109 2.0359 1.3
      vertex 9.82277 -1.98634 1.3
      vertex 9.82277 1.98634 1.3
    endloop
  endfacet
  facet normal 0 0 1
    outer loop
      vertex 9.69109 2.0359 1.3
      vertex 9.69109 -2.0359 1.3
      vertex 9.82277 -1.98634 1.3
    endloop
  endfacet
  facet normal 0 0 1
    outer loop
      vertex 9.55646 2.07674 1.3
      vertex 9.69109 -2.0359 1.3
      vertex 9.69109 2.0359 1.3
    endloop
  endfacet
  facet normal 0 0 1
    outer loop
      vertex 9.55646 2.07674 1.3
      vertex 9.55646 -2.07674 1.3
      vertex 9.69109 -2.0359 1.3
    endloop
  endfacet
  facet normal 0 0 1
    outer loop
      vertex 9.41944 2.10869 1.3
      vertex 9.55646 -2.07674 1.3
      vertex 9.55646 2.07674 1.3
    endloop
  endfacet
  facet normal 0 0 1
    outer loop
      vertex 9.41944 2.10869 1.3
      vertex 9.41944 -2.10869 1.3
      vertex 9.55646 -2.07674 1.3
    endloop
  endfacet
  facet normal 0 0 1
    outer loop
      vertex 9.28063 2.13161 1.3
      vertex 9.41944 -2.10869 1.3
      vertex 9.41944 2.10869 1.3
    endloop
  endfacet
  facet normal 0 0 1
    outer loop
      vertex 9.28063 2.13161 1.3
      vertex 9.28063 -2.13161 1.3
      vertex 9.41944 -2.10869 1.3
    endloop
  endfacet
  facet normal 0 0 1
    outer loop
      vertex 9.14062 2.1454 1.3
      vertex 9.28063 -2.13161 1.3
      vertex 9.28063 2.13161 1.3
    endloop
  endfacet
  facet normal 0 0 1
    outer loop
      vertex 9.14062 2.1454 1.3
      vertex 9.14062 -2.1454 1.3
      vertex 9.28063 -2.13161 1.3
    endloop
  endfacet
  facet normal 0 0 1
    outer loop
      vertex 9 2.15 1.3
      vertex 9.14062 -2.1454 1.3
      vertex 9.14062 2.1454 1.3
    endloop
  endfacet
  facet normal 0 0 1
    outer loop
      vertex 9 2.15 1.3
      vertex 9 -2.15 1.3
      vertex 9.14062 -2.1454 1.3
    endloop
  endfacet
  facet normal -0 0 1
    outer loop
      vertex 8.85938 2.1454 1.3
      vertex 9 -2.15 1.3
      vertex 9 2.15 1.3
    endloop
  endfacet
  facet normal 0 0 1
    outer loop
      vertex 8.85938 2.1454 1.3
      vertex 8.85938 -2.1454 1.3
      vertex 9 -2.15 1.3
    endloop
  endfacet
  facet normal -0 0 1
    outer loop
      vertex 8.71937 2.13161 1.3
      vertex 8.85938 -2.1454 1.3
      vertex 8.85938 2.1454 1.3
    endloop
  endfacet
  facet normal 0 0 1
    outer loop
      vertex 8.71937 2.13161 1.3
      vertex 8.71937 -2.13161 1.3
      vertex 8.85938 -2.1454 1.3
    endloop
  endfacet
  facet normal -0 0 1
    outer loop
      vertex 8.58056 2.10869 1.3
      vertex 8.71937 -2.13161 1.3
      vertex 8.71937 2.13161 1.3
    endloop
  endfacet
  facet normal 0 0 1
    outer loop
      vertex 8.58056 2.10869 1.3
      vertex 8.58056 -2.10869 1.3
      vertex 8.71937 -2.13161 1.3
    endloop
  endfacet
  facet normal -0 0 1
    outer loop
      vertex 8.44354 2.07674 1.3
      vertex 8.58056 -2.10869 1.3
      vertex 8.58056 2.10869 1.3
    endloop
  endfacet
  facet normal 0 0 1
    outer loop
      vertex 8.44354 2.07674 1.3
      vertex 8.44354 -2.07674 1.3
      vertex 8.58056 -2.10869 1.3
    endloop
  endfacet
  facet normal -0 0 1
    outer loop
      vertex 8.30891 2.0359 1.3
      vertex 8.44354 -2.07674 1.3
      vertex 8.44354 2.07674 1.3
    endloop
  endfacet
  facet normal 0 0 1
    outer loop
      vertex 8.30891 2.0359 1.3
      vertex 8.30891 -2.0359 1.3
      vertex 8.44354 -2.07674 1.3
    endloop
  endfacet
  facet normal -0 0 1
    outer loop
      vertex 8.17723 1.98634 1.3
      vertex 8.30891 -2.0359 1.3
      vertex 8.30891 2.0359 1.3
    endloop
  endfacet
  facet normal 0 0 1
    outer loop
      vertex 8.17723 1.98634 1.3
      vertex 8.17723 -1.98634 1.3
      vertex 8.30891 -2.0359 1.3
    endloop
  endfacet
  facet normal -0 0 1
    outer loop
      vertex 8.04908 1.92828 1.3
      vertex 8.17723 -1.98634 1.3
      vertex 8.17723 1.98634 1.3
    endloop
  endfacet
  facet normal 0 0 1
    outer loop
      vertex 8.04908 1.92828 1.3
      vertex 8.04908 -1.92828 1.3
      vertex 8.17723 -1.98634 1.3
    endloop
  endfacet
  facet normal -0 0 1
    outer loop
      vertex 7.925 1.86195 1.3
      vertex 8.04908 -1.92828 1.3
      vertex 8.04908 1.92828 1.3
    endloop
  endfacet
  facet normal 0 0 1
    outer loop
      vertex 7.925 1.86195 1.3
      vertex 7.925 -1.86195 1.3
      vertex 8.04908 -1.92828 1.3
    endloop
  endfacet
  facet normal -0 0 1
    outer loop
      vertex 7.80552 1.78766 1.3
      vertex 7.925 -1.86195 1.3
      vertex 7.925 1.86195 1.3
    endloop
  endfacet
  facet normal 0 0 1
    outer loop
      vertex 7.80552 1.78766 1.3
      vertex 7.80552 -1.78766 1.3
      vertex 7.925 -1.86195 1.3
    endloop
  endfacet
  facet normal -0 0 1
    outer loop
      vertex 7.69116 1.70571 1.3
      vertex 7.80552 -1.78766 1.3
      vertex 7.80552 1.78766 1.3
    endloop
  endfacet
  facet normal 0 0 1
    outer loop
      vertex 7.69116 1.70571 1.3
      vertex 7.69116 -1.70571 1.3
      vertex 7.80552 -1.78766 1.3
    endloop
  endfacet
  facet normal -0 0 1
    outer loop
      vertex 7.58241 1.61646 1.3
      vertex 7.69116 -1.70571 1.3
      vertex 7.69116 1.70571 1.3
    endloop
  endfacet
  facet normal 0 0 1
    outer loop
      vertex 7.58241 1.61646 1.3
      vertex 7.58241 -1.61646 1.3
      vertex 7.69116 -1.70571 1.3
    endloop
  endfacet
  facet normal -0 0 1
    outer loop
      vertex 7.47972 1.52028 1.3
      vertex 7.58241 -1.61646 1.3
      vertex 7.58241 1.61646 1.3
    endloop
  endfacet
  facet normal 0 0 1
    outer loop
      vertex 7.47972 1.52028 1.3
      vertex 7.47972 -1.52028 1.3
      vertex 7.58241 -1.61646 1.3
    endloop
  endfacet
  facet normal -0 0 1
    outer loop
      vertex 7.38354 1.41759 1.3
      vertex 7.47972 -1.52028 1.3
      vertex 7.47972 1.52028 1.3
    endloop
  endfacet
  facet normal 0 0 1
    outer loop
      vertex 7.38354 1.41759 1.3
      vertex 7.38354 -1.41759 1.3
      vertex 7.47972 -1.52028 1.3
    endloop
  endfacet
  facet normal -0 0 1
    outer loop
      vertex 7.29429 1.30884 1.3
      vertex 7.38354 -1.41759 1.3
      vertex 7.38354 1.41759 1.3
    endloop
  endfacet
  facet normal 0 0 1
    outer loop
      vertex 7.29429 1.30884 1.3
      vertex 7.29429 -1.30884 1.3
      vertex 7.38354 -1.41759 1.3
    endloop
  endfacet
  facet normal -0 0 1
    outer loop
      vertex 7.21234 1.19448 1.3
      vertex 7.29429 -1.30884 1.3
      vertex 7.29429 1.30884 1.3
    endloop
  endfacet
  facet normal 0 0 1
    outer loop
      vertex 7.21234 1.19448 1.3
      vertex 7.21234 -1.19448 1.3
      vertex 7.29429 -1.30884 1.3
    endloop
  endfacet
  facet normal -0 0 1
    outer loop
      vertex 7.13805 1.075 1.3
      vertex 7.21234 -1.19448 1.3
      vertex 7.21234 1.19448 1.3
    endloop
  endfacet
  facet normal 0 0 1
    outer loop
      vertex 7.13805 1.075 1.3
      vertex 7.13805 -1.075 1.3
      vertex 7.21234 -1.19448 1.3
    endloop
  endfacet
  facet normal -0 0 1
    outer loop
      vertex 7.07172 0.95092 1.3
      vertex 7.13805 -1.075 1.3
      vertex 7.13805 1.075 1.3
    endloop
  endfacet
  facet normal 0 0 1
    outer loop
      vertex 7.07172 0.95092 1.3
      vertex 7.07172 -0.95092 1.3
      vertex 7.13805 -1.075 1.3
    endloop
  endfacet
  facet normal -0 0 1
    outer loop
      vertex 7.01366 0.822769 1.3
      vertex 7.07172 -0.95092 1.3
      vertex 7.07172 0.95092 1.3
    endloop
  endfacet
  facet normal 0 0 1
    outer loop
      vertex 7.01366 0.822769 1.3
      vertex 7.01366 -0.822769 1.3
      vertex 7.07172 -0.95092 1.3
    endloop
  endfacet
  facet normal -0 0 1
    outer loop
      vertex 6.9641 0.691094 1.3
      vertex 7.01366 -0.822769 1.3
      vertex 7.01366 0.822769 1.3
    endloop
  endfacet
  facet normal 0 0 1
    outer loop
      vertex 6.9641 0.691094 1.3
      vertex 6.9641 -0.691094 1.3
      vertex 7.01366 -0.822769 1.3
    endloop
  endfacet
  facet normal -0 0 1
    outer loop
      vertex 6.92326 0.55646 1.3
      vertex 6.9641 -0.691094 1.3
      vertex 6.9641 0.691094 1.3
    endloop
  endfacet
  facet normal 0 0 1
    outer loop
      vertex 6.92326 0.55646 1.3
      vertex 6.92326 -0.55646 1.3
      vertex 6.9641 -0.691094 1.3
    endloop
  endfacet
  facet normal -0 0 1
    outer loop
      vertex 6.89131 0.419444 1.3
      vertex 6.92326 -0.55646 1.3
      vertex 6.92326 0.55646 1.3
    endloop
  endfacet
  facet normal 0 0 1
    outer loop
      vertex 6.89131 0.419444 1.3
      vertex 6.89131 -0.419444 1.3
      vertex 6.92326 -0.55646 1.3
    endloop
  endfacet
  facet normal -0 0 1
    outer loop
      vertex 6.86839 0.280631 1.3
      vertex 6.89131 -0.419444 1.3
      vertex 6.89131 0.419444 1.3
    endloop
  endfacet
  facet normal 0 0 1
    outer loop
      vertex 6.86839 0.280631 1.3
      vertex 6.86839 -0.280631 1.3
      vertex 6.89131 -0.419444 1.3
    endloop
  endfacet
  facet normal -0 0 1
    outer loop
      vertex 6.8546 0.140616 1.3
      vertex 6.86839 -0.280631 1.3
      vertex 6.86839 0.280631 1.3
    endloop
  endfacet
  facet normal 0 0 1
    outer loop
      vertex 6.8546 0.140616 1.3
      vertex 6.8546 -0.140616 1.3
      vertex 6.86839 -0.280631 1.3
    endloop
  endfacet
  facet normal 0 -0 1
    outer loop
      vertex 6.8546 -0.140616 1.3
      vertex 6.8546 0.140616 1.3
      vertex 6.85 0 1.3
    endloop
  endfacet
  facet normal 0.52803 -0.849226 0
    outer loop
      vertex 7.80552 1.78766 1.3
      vertex 7.925 1.86195 3.1
      vertex 7.80552 1.78766 3.1
    endloop
  endfacet
  facet normal 0.52803 -0.849226 0
    outer loop
      vertex 7.925 1.86195 3.1
      vertex 7.80552 1.78766 1.3
      vertex 7.925 1.86195 1.3
    endloop
  endfacet
  facet normal 0.290288 0.956939 -0
    outer loop
      vertex 8.44354 -2.07674 1.3
      vertex 8.30891 -2.0359 3.1
      vertex 8.44354 -2.07674 3.1
    endloop
  endfacet
  facet normal 0.290288 0.956939 0
    outer loop
      vertex 8.30891 -2.0359 3.1
      vertex 8.44354 -2.07674 1.3
      vertex 8.30891 -2.0359 1.3
    endloop
  endfacet
  facet normal 0.352245 0.935908 -0
    outer loop
      vertex 8.30891 -2.0359 1.3
      vertex 8.17723 -1.98634 3.1
      vertex 8.30891 -2.0359 3.1
    endloop
  endfacet
  facet normal 0.352245 0.935908 0
    outer loop
      vertex 8.17723 -1.98634 3.1
      vertex 8.30891 -2.0359 1.3
      vertex 8.17723 -1.98634 1.3
    endloop
  endfacet
  facet normal 0.881898 0.47144 0
    outer loop
      vertex 7.13805 -1.075 3.1
      vertex 7.07172 -0.95092 1.3
      vertex 7.07172 -0.95092 3.1
    endloop
  endfacet
  facet normal 0.881898 0.47144 0
    outer loop
      vertex 7.07172 -0.95092 1.3
      vertex 7.13805 -1.075 3.1
      vertex 7.13805 -1.075 1.3
    endloop
  endfacet
  facet normal -0.799726 -0.0261616 0.599795
    outer loop
      vertex 11.15 0 3.1
      vertex 11.45 0 3.5
      vertex 11.1454 0.140616 3.1
    endloop
  endfacet
  facet normal -0.650295 -0.466283 0.599747
    outer loop
      vertex 10.7877 1.19448 3.1
      vertex 11.0371 1.36115 3.5
      vertex 10.7057 1.30884 3.1
    endloop
  endfacet
  facet normal -0.78951 0.130269 0.599753
    outer loop
      vertex 11.4029 -0.477971 3.5
      vertex 11.429 -0.319789 3.5
      vertex 11.1316 -0.280631 3.1
    endloop
  endfacet
  facet normal 0.281849 -0.748867 0.599799
    outer loop
      vertex 8.30891 2.0359 3.1
      vertex 8.21247 2.31998 3.5
      vertex 8.17723 1.98634 3.1
    endloop
  endfacet
  facet normal -0.377227 -0.705659 0.599788
    outer loop
      vertex 10.075 1.86195 3.1
      vertex 10.0836 2.19734 3.5
      vertex 9.95092 1.92828 3.1
    endloop
  endfacet
  facet normal -0.748795 0.281956 0.59984
    outer loop
      vertex 11.2635 -0.937574 3.5
      vertex 11.32 -0.787526 3.5
      vertex 10.9863 -0.822769 3.1
    endloop
  endfacet
  facet normal 0.422504 0.67951 0.599797
    outer loop
      vertex 7.925 -1.86195 3.1
      vertex 7.80552 -1.78766 3.1
      vertex 7.775 -2.12176 3.5
    endloop
  endfacet
  facet normal -0.232274 0.765696 0.599799
    outer loop
      vertex 9.63411 -2.36652 3.5
      vertex 9.78753 -2.31998 3.5
      vertex 9.55646 -2.07674 3.1
    endloop
  endfacet
  facet normal 0.466077 0.650401 0.599792
    outer loop
      vertex 7.63885 -2.0371 3.5
      vertex 7.69116 -1.70571 3.1
      vertex 7.50854 -1.94372 3.5
    endloop
  endfacet
  facet normal -0.0262019 0.799732 0.599785
    outer loop
      vertex 9.16024 -2.44475 3.5
      vertex 9.14062 -2.1454 3.1
      vertex 9 -2.45 3.5
    endloop
  endfacet
  facet normal -0.748777 0.282053 0.599816
    outer loop
      vertex 11.32 -0.787526 3.5
      vertex 11.0359 -0.691094 3.1
      vertex 10.9863 -0.822769 3.1
    endloop
  endfacet
  facet normal 0.679502 -0.422524 0.599792
    outer loop
      vertex 7.21234 1.19448 3.1
      vertex 6.9629 1.36115 3.5
      vertex 6.87824 1.225 3.5
    endloop
  endfacet
  facet normal -0.232274 -0.765696 0.599799
    outer loop
      vertex 9.69109 2.0359 3.1
      vertex 9.78753 2.31998 3.5
      vertex 9.55646 2.07674 3.1
    endloop
  endfacet
  facet normal 0.0784079 -0.796307 0.59979
    outer loop
      vertex 8.71937 2.13161 3.1
      vertex 8.83976 2.44475 3.5
      vertex 8.68021 2.42904 3.5
    endloop
  endfacet
  facet normal -0.705769 0.377115 0.599728
    outer loop
      vertex 11.1973 -1.08361 3.5
      vertex 10.9283 -0.95092 3.1
      vertex 10.862 -1.075 3.1
    endloop
  endfacet
  facet normal -0.281895 -0.748859 0.599788
    outer loop
      vertex 9.82277 1.98634 3.1
      vertex 9.93757 2.2635 3.5
      vertex 9.78753 2.31998 3.5
    endloop
  endfacet
  facet normal 0.583982 -0.546999 0.599798
    outer loop
      vertex 7.38354 1.41759 3.1
      vertex 7.26759 1.73241 3.5
      vertex 7.15799 1.6154 3.5
    endloop
  endfacet
  facet normal -0.330212 0.728844 0.599788
    outer loop
      vertex 10.0836 -2.19734 3.5
      vertex 9.95092 -1.92828 3.1
      vertex 9.82277 -1.98634 3.1
    endloop
  endfacet
  facet normal 0.0262019 0.799732 0.599785
    outer loop
      vertex 9 -2.45 3.5
      vertex 8.85938 -2.1454 3.1
      vertex 8.83976 -2.44475 3.5
    endloop
  endfacet
  facet normal -0.0784308 0.796309 0.599784
    outer loop
      vertex 9.16024 -2.44475 3.5
      vertex 9.28063 -2.13161 3.1
      vertex 9.14062 -2.1454 3.1
    endloop
  endfacet
  facet normal 0.330211 -0.728841 0.599794
    outer loop
      vertex 8.04908 1.92828 3.1
      vertex 8.17723 1.98634 3.1
      vertex 7.91639 2.19734 3.5
    endloop
  endfacet
  facet normal -0.130363 0.789466 0.59979
    outer loop
      vertex 9.31979 -2.42904 3.5
      vertex 9.47797 -2.40292 3.5
      vertex 9.28063 -2.13161 3.1
    endloop
  endfacet
  facet normal 0.78947 -0.130353 0.599787
    outer loop
      vertex 6.86839 0.280631 3.1
      vertex 6.89131 0.419444 3.1
      vertex 6.59708 0.477971 3.5
    endloop
  endfacet
  facet normal 0.0261609 -0.799726 0.599795
    outer loop
      vertex 9 2.15 3.1
      vertex 9 2.45 3.5
      vertex 8.85938 2.1454 3.1
    endloop
  endfacet
  facet normal -0.466261 0.65032 0.599737
    outer loop
      vertex 10.3611 -2.0371 3.5
      vertex 10.3088 -1.70571 3.1
      vertex 10.1945 -1.78766 3.1
    endloop
  endfacet
  facet normal -0.765748 0.232055 0.599817
    outer loop
      vertex 11.32 -0.787526 3.5
      vertex 11.0767 -0.55646 3.1
      vertex 11.0359 -0.691094 3.1
    endloop
  endfacet
  facet normal -0.0784079 0.796307 0.59979
    outer loop
      vertex 9.31979 -2.42904 3.5
      vertex 9.28063 -2.13161 3.1
      vertex 9.16024 -2.44475 3.5
    endloop
  endfacet
  facet normal -0.705837 0.376906 0.599781
    outer loop
      vertex 11.1218 -1.225 3.5
      vertex 11.1973 -1.08361 3.5
      vertex 10.862 -1.075 3.1
    endloop
  endfacet
  facet normal -0.0784079 -0.796307 0.59979
    outer loop
      vertex 9.28063 2.13161 3.1
      vertex 9.31979 2.42904 3.5
      vertex 9.16024 2.44475 3.5
    endloop
  endfacet
  facet normal -0.779222 -0.181987 0.599745
    outer loop
      vertex 11.1087 0.419444 3.1
      vertex 11.4029 0.477971 3.5
      vertex 11.0767 0.55646 3.1
    endloop
  endfacet
  facet normal 0.0262019 -0.799732 0.599785
    outer loop
      vertex 8.85938 2.1454 3.1
      vertex 9 2.45 3.5
      vertex 8.83976 2.44475 3.5
    endloop
  endfacet
  facet normal 0.748862 -0.281881 0.59979
    outer loop
      vertex 7.01366 0.822769 3.1
      vertex 6.7365 0.937574 3.5
      vertex 6.68002 0.787526 3.5
    endloop
  endfacet
  facet normal 0.37721 0.70566 0.599797
    outer loop
      vertex 7.91639 -2.19734 3.5
      vertex 7.925 -1.86195 3.1
      vertex 7.775 -2.12176 3.5
    endloop
  endfacet
  facet normal -0.46584 0.65052 0.599848
    outer loop
      vertex 10.3611 -2.0371 3.5
      vertex 10.4915 -1.94372 3.5
      vertex 10.3088 -1.70571 3.1
    endloop
  endfacet
  facet normal -0.130363 -0.789466 0.59979
    outer loop
      vertex 9.47797 2.40292 3.5
      vertex 9.31979 2.42904 3.5
      vertex 9.28063 2.13161 3.1
    endloop
  endfacet
  facet normal 0.618541 -0.507599 0.599792
    outer loop
      vertex 7.29429 1.30884 3.1
      vertex 7.15799 1.6154 3.5
      vertex 7.05628 1.49146 3.5
    endloop
  endfacet
  facet normal 0.546999 0.583982 0.599798
    outer loop
      vertex 7.3846 -1.84201 3.5
      vertex 7.58241 -1.61646 3.1
      vertex 7.26759 -1.73241 3.5
    endloop
  endfacet
  facet normal -0.181705 -0.779255 0.599788
    outer loop
      vertex 9.55646 2.07674 3.1
      vertex 9.47797 2.40292 3.5
      vertex 9.41944 2.10869 3.1
    endloop
  endfacet
  facet normal -0.789518 0.130247 0.599748
    outer loop
      vertex 11.4029 -0.477971 3.5
      vertex 11.1316 -0.280631 3.1
      vertex 11.1087 -0.419444 3.1
    endloop
  endfacet
  facet normal -0.779222 0.181987 0.599745
    outer loop
      vertex 11.4029 -0.477971 3.5
      vertex 11.1087 -0.419444 3.1
      vertex 11.0767 -0.55646 3.1
    endloop
  endfacet
  facet normal 0.7657 -0.232268 0.599796
    outer loop
      vertex 6.92326 0.55646 3.1
      vertex 6.9641 0.691094 3.1
      vertex 6.68002 0.787526 3.5
    endloop
  endfacet
  facet normal -0.679492 -0.42255 0.599786
    outer loop
      vertex 10.862 1.075 3.1
      vertex 11.1218 1.225 3.5
      vertex 10.7877 1.19448 3.1
    endloop
  endfacet
  facet normal -0.181664 -0.779257 0.599798
    outer loop
      vertex 9.55646 2.07674 3.1
      vertex 9.63411 2.36652 3.5
      vertex 9.47797 2.40292 3.5
    endloop
  endfacet
  facet normal -0.466261 -0.65032 0.599737
    outer loop
      vertex 10.3088 1.70571 3.1
      vertex 10.3611 2.0371 3.5
      vertex 10.1945 1.78766 3.1
    endloop
  endfacet
  facet normal -0.130355 -0.789469 0.599788
    outer loop
      vertex 9.41944 2.10869 3.1
      vertex 9.47797 2.40292 3.5
      vertex 9.28063 2.13161 3.1
    endloop
  endfacet
  facet normal 0.7657 0.232268 0.599796
    outer loop
      vertex 6.9641 -0.691094 3.1
      vertex 6.92326 -0.55646 3.1
      vertex 6.68002 -0.787526 3.5
    endloop
  endfacet
  facet normal -0.507667 -0.618424 0.599855
    outer loop
      vertex 10.6154 1.84201 3.5
      vertex 10.4915 1.94372 3.5
      vertex 10.3088 1.70571 3.1
    endloop
  endfacet
  facet normal 0.232274 -0.765696 0.599799
    outer loop
      vertex 8.30891 2.0359 3.1
      vertex 8.44354 2.07674 3.1
      vertex 8.21247 2.31998 3.5
    endloop
  endfacet
  facet normal -0.547029 0.583963 0.599788
    outer loop
      vertex 10.6154 -1.84201 3.5
      vertex 10.7324 -1.73241 3.5
      vertex 10.4176 -1.61646 3.1
    endloop
  endfacet
  facet normal -0.789518 -0.130247 0.599748
    outer loop
      vertex 11.1316 0.280631 3.1
      vertex 11.4029 0.477971 3.5
      vertex 11.1087 0.419444 3.1
    endloop
  endfacet
  facet normal -0.799695 -0.0259517 0.599845
    outer loop
      vertex 11.45 0 3.5
      vertex 11.4448 0.160237 3.5
      vertex 11.1454 0.140616 3.1
    endloop
  endfacet
  facet normal 0.799732 0.0262024 0.599785
    outer loop
      vertex 6.55525 -0.160237 3.5
      vertex 6.8546 -0.140616 3.1
      vertex 6.55 0 3.5
    endloop
  endfacet
  facet normal -0.799695 0.0259517 0.599845
    outer loop
      vertex 11.4448 -0.160237 3.5
      vertex 11.45 0 3.5
      vertex 11.1454 -0.140616 3.1
    endloop
  endfacet
  facet normal -0.37719 -0.705671 0.599797
    outer loop
      vertex 10.225 2.12176 3.5
      vertex 10.0836 2.19734 3.5
      vertex 10.075 1.86195 3.1
    endloop
  endfacet
  facet normal -0.728744 0.330349 0.599834
    outer loop
      vertex 11.1973 -1.08361 3.5
      vertex 11.2635 -0.937574 3.5
      vertex 10.9863 -0.822769 3.1
    endloop
  endfacet
  facet normal 0.466076 0.650402 0.599793
    outer loop
      vertex 7.80552 -1.78766 3.1
      vertex 7.69116 -1.70571 3.1
      vertex 7.63885 -2.0371 3.5
    endloop
  endfacet
  facet normal 0.181664 -0.779257 0.599798
    outer loop
      vertex 8.44354 2.07674 3.1
      vertex 8.52203 2.40292 3.5
      vertex 8.36589 2.36652 3.5
    endloop
  endfacet
  facet normal -0.546967 -0.584046 0.599764
    outer loop
      vertex 10.5203 1.52028 3.1
      vertex 10.7324 1.73241 3.5
      vertex 10.4176 1.61646 3.1
    endloop
  endfacet
  facet normal 0.728849 -0.330197 0.59979
    outer loop
      vertex 7.01366 0.822769 3.1
      vertex 6.80266 1.08361 3.5
      vertex 6.7365 0.937574 3.5
    endloop
  endfacet
  facet normal 0.377225 0.705655 0.599794
    outer loop
      vertex 8.04908 -1.92828 3.1
      vertex 7.925 -1.86195 3.1
      vertex 7.91639 -2.19734 3.5
    endloop
  endfacet
  facet normal -0.799726 0.0261616 0.599795
    outer loop
      vertex 11.45 0 3.5
      vertex 11.15 0 3.1
      vertex 11.1454 -0.140616 3.1
    endloop
  endfacet
  facet normal 0.67951 -0.422504 0.599797
    outer loop
      vertex 7.13805 1.075 3.1
      vertex 7.21234 1.19448 3.1
      vertex 6.87824 1.225 3.5
    endloop
  endfacet
  facet normal 0.650401 -0.466077 0.599792
    outer loop
      vertex 7.29429 1.30884 3.1
      vertex 7.05628 1.49146 3.5
      vertex 6.9629 1.36115 3.5
    endloop
  endfacet
  facet normal -0.779238 -0.181664 0.599822
    outer loop
      vertex 11.4029 0.477971 3.5
      vertex 11.3665 0.634107 3.5
      vertex 11.0767 0.55646 3.1
    endloop
  endfacet
  facet normal -0.46584 -0.65052 0.599848
    outer loop
      vertex 10.4915 1.94372 3.5
      vertex 10.3611 2.0371 3.5
      vertex 10.3088 1.70571 3.1
    endloop
  endfacet
  facet normal -0.422453 -0.679541 0.599798
    outer loop
      vertex 10.1945 1.78766 3.1
      vertex 10.225 2.12176 3.5
      vertex 10.075 1.86195 3.1
    endloop
  endfacet
  facet normal 0.232274 0.765696 0.599799
    outer loop
      vertex 8.36589 -2.36652 3.5
      vertex 8.44354 -2.07674 3.1
      vertex 8.21247 -2.31998 3.5
    endloop
  endfacet
  facet normal 0.78947 0.130353 0.599787
    outer loop
      vertex 6.89131 -0.419444 3.1
      vertex 6.86839 -0.280631 3.1
      vertex 6.59708 -0.477971 3.5
    endloop
  endfacet
  facet normal -0.583963 0.547056 0.599764
    outer loop
      vertex 10.7324 -1.73241 3.5
      vertex 10.6165 -1.41759 3.1
      vertex 10.5203 -1.52028 3.1
    endloop
  endfacet
  facet normal 0.705655 0.377225 0.599794
    outer loop
      vertex 7.13805 -1.075 3.1
      vertex 7.07172 -0.95092 3.1
      vertex 6.80266 -1.08361 3.5
    endloop
  endfacet
  facet normal -0.281849 -0.748867 0.599799
    outer loop
      vertex 9.82277 1.98634 3.1
      vertex 9.78753 2.31998 3.5
      vertex 9.69109 2.0359 3.1
    endloop
  endfacet
  facet normal 0.779256 -0.181668 0.599797
    outer loop
      vertex 6.92326 0.55646 3.1
      vertex 6.63348 0.634107 3.5
      vertex 6.59708 0.477971 3.5
    endloop
  endfacet
  facet normal 0.765696 -0.232276 0.599798
    outer loop
      vertex 6.92326 0.55646 3.1
      vertex 6.68002 0.787526 3.5
      vertex 6.63348 0.634107 3.5
    endloop
  endfacet
  facet normal -0.422453 0.679541 0.599798
    outer loop
      vertex 10.225 -2.12176 3.5
      vertex 10.1945 -1.78766 3.1
      vertex 10.075 -1.86195 3.1
    endloop
  endfacet
  facet normal -0.584007 -0.547023 0.599751
    outer loop
      vertex 10.842 1.6154 3.5
      vertex 10.7324 1.73241 3.5
      vertex 10.6165 1.41759 3.1
    endloop
  endfacet
  facet normal 0.37721 -0.70566 0.599797
    outer loop
      vertex 7.925 1.86195 3.1
      vertex 7.91639 2.19734 3.5
      vertex 7.775 2.12176 3.5
    endloop
  endfacet
  facet normal -0.181664 0.779257 0.599798
    outer loop
      vertex 9.63411 -2.36652 3.5
      vertex 9.55646 -2.07674 3.1
      vertex 9.47797 -2.40292 3.5
    endloop
  endfacet
  facet normal 0.466077 -0.650401 0.599792
    outer loop
      vertex 7.69116 1.70571 3.1
      vertex 7.63885 2.0371 3.5
      vertex 7.50854 1.94372 3.5
    endloop
  endfacet
  facet normal 0.422524 0.679502 0.599792
    outer loop
      vertex 7.775 -2.12176 3.5
      vertex 7.80552 -1.78766 3.1
      vertex 7.63885 -2.0371 3.5
    endloop
  endfacet
  facet normal -0.779238 0.181664 0.599822
    outer loop
      vertex 11.3665 -0.634107 3.5
      vertex 11.4029 -0.477971 3.5
      vertex 11.0767 -0.55646 3.1
    endloop
  endfacet
  facet normal 0.422504 -0.67951 0.599797
    outer loop
      vertex 7.80552 1.78766 3.1
      vertex 7.925 1.86195 3.1
      vertex 7.775 2.12176 3.5
    endloop
  endfacet
  facet normal 0.0784308 0.796309 0.599784
    outer loop
      vertex 8.83976 -2.44475 3.5
      vertex 8.85938 -2.1454 3.1
      vertex 8.71937 -2.13161 3.1
    endloop
  endfacet
  facet normal -0.796256 0.0784797 0.599847
    outer loop
      vertex 11.4448 -0.160237 3.5
      vertex 11.1454 -0.140616 3.1
      vertex 11.1316 -0.280631 3.1
    endloop
  endfacet
  facet normal -0.0261609 0.799726 0.599795
    outer loop
      vertex 9.14062 -2.1454 3.1
      vertex 9 -2.15 3.1
      vertex 9 -2.45 3.5
    endloop
  endfacet
  facet normal 0.232274 -0.765696 0.599799
    outer loop
      vertex 8.44354 2.07674 3.1
      vertex 8.36589 2.36652 3.5
      vertex 8.21247 2.31998 3.5
    endloop
  endfacet
  facet normal 0.618522 0.507615 0.599798
    outer loop
      vertex 7.38354 -1.41759 3.1
      vertex 7.29429 -1.30884 3.1
      vertex 7.15799 -1.6154 3.5
    endloop
  endfacet
  facet normal -0.330209 0.728846 0.599788
    outer loop
      vertex 9.93757 -2.2635 3.5
      vertex 10.0836 -2.19734 3.5
      vertex 9.82277 -1.98634 3.1
    endloop
  endfacet
  facet normal -0.330209 -0.728846 0.599788
    outer loop
      vertex 10.0836 2.19734 3.5
      vertex 9.93757 2.2635 3.5
      vertex 9.82277 1.98634 3.1
    endloop
  endfacet
  facet normal -0.78951 -0.130269 0.599753
    outer loop
      vertex 11.429 0.319789 3.5
      vertex 11.4029 0.477971 3.5
      vertex 11.1316 0.280631 3.1
    endloop
  endfacet
  facet normal 0.779256 0.181668 0.599797
    outer loop
      vertex 6.63348 -0.634107 3.5
      vertex 6.92326 -0.55646 3.1
      vertex 6.59708 -0.477971 3.5
    endloop
  endfacet
  facet normal -0.729021 0.329948 0.599719
    outer loop
      vertex 11.1973 -1.08361 3.5
      vertex 10.9863 -0.822769 3.1
      vertex 10.9283 -0.95092 3.1
    endloop
  endfacet
  facet normal 0.507599 -0.618541 0.599792
    outer loop
      vertex 7.69116 1.70571 3.1
      vertex 7.50854 1.94372 3.5
      vertex 7.3846 1.84201 3.5
    endloop
  endfacet
  facet normal 0.0784079 0.796307 0.59979
    outer loop
      vertex 8.83976 -2.44475 3.5
      vertex 8.71937 -2.13161 3.1
      vertex 8.68021 -2.42904 3.5
    endloop
  endfacet
  facet normal 0.789467 0.130362 0.59979
    outer loop
      vertex 6.59708 -0.477971 3.5
      vertex 6.86839 -0.280631 3.1
      vertex 6.57096 -0.319789 3.5
    endloop
  endfacet
  facet normal 0.584005 0.546982 0.599791
    outer loop
      vertex 7.47972 -1.52028 3.1
      vertex 7.38354 -1.41759 3.1
      vertex 7.26759 -1.73241 3.5
    endloop
  endfacet
  facet normal 0.779254 -0.18171 0.599787
    outer loop
      vertex 6.89131 0.419444 3.1
      vertex 6.92326 0.55646 3.1
      vertex 6.59708 0.477971 3.5
    endloop
  endfacet
  facet normal 0.33019 0.728854 0.599788
    outer loop
      vertex 8.06243 -2.2635 3.5
      vertex 8.17723 -1.98634 3.1
      vertex 7.91639 -2.19734 3.5
    endloop
  endfacet
  facet normal -0.0261609 -0.799726 0.599795
    outer loop
      vertex 9.14062 2.1454 3.1
      vertex 9 2.45 3.5
      vertex 9 2.15 3.1
    endloop
  endfacet
  facet normal -0.281849 0.748867 0.599799
    outer loop
      vertex 9.78753 -2.31998 3.5
      vertex 9.82277 -1.98634 3.1
      vertex 9.69109 -2.0359 3.1
    endloop
  endfacet
  facet normal 0.796307 -0.0784069 0.59979
    outer loop
      vertex 6.86839 0.280631 3.1
      vertex 6.57096 0.319789 3.5
      vertex 6.55525 0.160237 3.5
    endloop
  endfacet
  facet normal 0.281895 -0.748859 0.599788
    outer loop
      vertex 8.17723 1.98634 3.1
      vertex 8.21247 2.31998 3.5
      vertex 8.06243 2.2635 3.5
    endloop
  endfacet
  facet normal -0.650359 -0.466147 0.599783
    outer loop
      vertex 11.0371 1.36115 3.5
      vertex 10.9437 1.49146 3.5
      vertex 10.7057 1.30884 3.1
    endloop
  endfacet
  facet normal -0.748795 -0.281956 0.59984
    outer loop
      vertex 11.32 0.787526 3.5
      vertex 11.2635 0.937574 3.5
      vertex 10.9863 0.822769 3.1
    endloop
  endfacet
  facet normal -0.181705 0.779255 0.599788
    outer loop
      vertex 9.47797 -2.40292 3.5
      vertex 9.55646 -2.07674 3.1
      vertex 9.41944 -2.10869 3.1
    endloop
  endfacet
  facet normal 0.546982 0.584005 0.599791
    outer loop
      vertex 7.58241 -1.61646 3.1
      vertex 7.47972 -1.52028 3.1
      vertex 7.26759 -1.73241 3.5
    endloop
  endfacet
  facet normal -0.130355 0.789469 0.599788
    outer loop
      vertex 9.47797 -2.40292 3.5
      vertex 9.41944 -2.10869 3.1
      vertex 9.28063 -2.13161 3.1
    endloop
  endfacet
  facet normal -0.650359 0.466147 0.599783
    outer loop
      vertex 10.9437 -1.49146 3.5
      vertex 11.0371 -1.36115 3.5
      vertex 10.7057 -1.30884 3.1
    endloop
  endfacet
  facet normal 0.33019 -0.728854 0.599788
    outer loop
      vertex 8.17723 1.98634 3.1
      vertex 8.06243 2.2635 3.5
      vertex 7.91639 2.19734 3.5
    endloop
  endfacet
  facet normal 0.130355 0.789469 0.599788
    outer loop
      vertex 8.71937 -2.13161 3.1
      vertex 8.58056 -2.10869 3.1
      vertex 8.52203 -2.40292 3.5
    endloop
  endfacet
  facet normal 0.748866 -0.281859 0.599795
    outer loop
      vertex 6.9641 0.691094 3.1
      vertex 7.01366 0.822769 3.1
      vertex 6.68002 0.787526 3.5
    endloop
  endfacet
  facet normal 0.789467 -0.130362 0.59979
    outer loop
      vertex 6.86839 0.280631 3.1
      vertex 6.59708 0.477971 3.5
      vertex 6.57096 0.319789 3.5
    endloop
  endfacet
  facet normal 0.546999 -0.583982 0.599798
    outer loop
      vertex 7.58241 1.61646 3.1
      vertex 7.3846 1.84201 3.5
      vertex 7.26759 1.73241 3.5
    endloop
  endfacet
  facet normal 0.618522 -0.507615 0.599798
    outer loop
      vertex 7.29429 1.30884 3.1
      vertex 7.38354 1.41759 3.1
      vertex 7.15799 1.6154 3.5
    endloop
  endfacet
  facet normal 0.281849 0.748867 0.599799
    outer loop
      vertex 8.21247 -2.31998 3.5
      vertex 8.30891 -2.0359 3.1
      vertex 8.17723 -1.98634 3.1
    endloop
  endfacet
  facet normal 0.281895 0.748859 0.599788
    outer loop
      vertex 8.21247 -2.31998 3.5
      vertex 8.17723 -1.98634 3.1
      vertex 8.06243 -2.2635 3.5
    endloop
  endfacet
  facet normal -0.507667 0.618424 0.599855
    outer loop
      vertex 10.4915 -1.94372 3.5
      vertex 10.6154 -1.84201 3.5
      vertex 10.3088 -1.70571 3.1
    endloop
  endfacet
  facet normal -0.422654 0.679461 0.599747
    outer loop
      vertex 10.225 -2.12176 3.5
      vertex 10.3611 -2.0371 3.5
      vertex 10.1945 -1.78766 3.1
    endloop
  endfacet
  facet normal -0.37719 0.705671 0.599797
    outer loop
      vertex 10.0836 -2.19734 3.5
      vertex 10.225 -2.12176 3.5
      vertex 10.075 -1.86195 3.1
    endloop
  endfacet
  facet normal 0.779254 0.18171 0.599787
    outer loop
      vertex 6.92326 -0.55646 3.1
      vertex 6.89131 -0.419444 3.1
      vertex 6.59708 -0.477971 3.5
    endloop
  endfacet
  facet normal 0.799726 -0.0261616 0.599795
    outer loop
      vertex 6.85 0 3.1
      vertex 6.8546 0.140616 3.1
      vertex 6.55 0 3.5
    endloop
  endfacet
  facet normal 0.679502 0.422524 0.599792
    outer loop
      vertex 6.9629 -1.36115 3.5
      vertex 7.21234 -1.19448 3.1
      vertex 6.87824 -1.225 3.5
    endloop
  endfacet
  facet normal 0.330211 0.728841 0.599794
    outer loop
      vertex 8.17723 -1.98634 3.1
      vertex 8.04908 -1.92828 3.1
      vertex 7.91639 -2.19734 3.5
    endloop
  endfacet
  facet normal 0.705655 -0.377225 0.599794
    outer loop
      vertex 7.07172 0.95092 3.1
      vertex 7.13805 1.075 3.1
      vertex 6.80266 1.08361 3.5
    endloop
  endfacet
  facet normal -0.281895 0.748859 0.599788
    outer loop
      vertex 9.93757 -2.2635 3.5
      vertex 9.82277 -1.98634 3.1
      vertex 9.78753 -2.31998 3.5
    endloop
  endfacet
  facet normal -0.765732 0.232087 0.599825
    outer loop
      vertex 11.32 -0.787526 3.5
      vertex 11.3665 -0.634107 3.5
      vertex 11.0767 -0.55646 3.1
    endloop
  endfacet
  facet normal -0.796286 -0.0788541 0.599758
    outer loop
      vertex 11.4448 0.160237 3.5
      vertex 11.429 0.319789 3.5
      vertex 11.1316 0.280631 3.1
    endloop
  endfacet
  facet normal -0.796256 -0.0784797 0.599847
    outer loop
      vertex 11.1454 0.140616 3.1
      vertex 11.4448 0.160237 3.5
      vertex 11.1316 0.280631 3.1
    endloop
  endfacet
  facet normal -0.0262019 -0.799732 0.599785
    outer loop
      vertex 9.14062 2.1454 3.1
      vertex 9.16024 2.44475 3.5
      vertex 9 2.45 3.5
    endloop
  endfacet
  facet normal 0.799726 0.0261616 0.599795
    outer loop
      vertex 6.8546 -0.140616 3.1
      vertex 6.85 0 3.1
      vertex 6.55 0 3.5
    endloop
  endfacet
  facet normal -0.796286 0.0788541 0.599758
    outer loop
      vertex 11.429 -0.319789 3.5
      vertex 11.4448 -0.160237 3.5
      vertex 11.1316 -0.280631 3.1
    endloop
  endfacet
  facet normal -0.583963 -0.547056 0.599764
    outer loop
      vertex 10.6165 1.41759 3.1
      vertex 10.7324 1.73241 3.5
      vertex 10.5203 1.52028 3.1
    endloop
  endfacet
  facet normal -0.618571 -0.507574 0.599782
    outer loop
      vertex 10.9437 1.49146 3.5
      vertex 10.842 1.6154 3.5
      vertex 10.7057 1.30884 3.1
    endloop
  endfacet
  facet normal -0.232274 -0.765696 0.599799
    outer loop
      vertex 9.78753 2.31998 3.5
      vertex 9.63411 2.36652 3.5
      vertex 9.55646 2.07674 3.1
    endloop
  endfacet
  facet normal 0.650402 -0.466076 0.599793
    outer loop
      vertex 7.21234 1.19448 3.1
      vertex 7.29429 1.30884 3.1
      vertex 6.9629 1.36115 3.5
    endloop
  endfacet
  facet normal 0.466076 -0.650402 0.599793
    outer loop
      vertex 7.69116 1.70571 3.1
      vertex 7.80552 1.78766 3.1
      vertex 7.63885 2.0371 3.5
    endloop
  endfacet
  facet normal 0.546982 -0.584005 0.599791
    outer loop
      vertex 7.47972 1.52028 3.1
      vertex 7.58241 1.61646 3.1
      vertex 7.26759 1.73241 3.5
    endloop
  endfacet
  facet normal 0.507599 0.618541 0.599792
    outer loop
      vertex 7.50854 -1.94372 3.5
      vertex 7.69116 -1.70571 3.1
      vertex 7.3846 -1.84201 3.5
    endloop
  endfacet
  facet normal -0.618571 0.507574 0.599782
    outer loop
      vertex 10.842 -1.6154 3.5
      vertex 10.9437 -1.49146 3.5
      vertex 10.7057 -1.30884 3.1
    endloop
  endfacet
  facet normal -0.650295 0.466283 0.599747
    outer loop
      vertex 11.0371 -1.36115 3.5
      vertex 10.7877 -1.19448 3.1
      vertex 10.7057 -1.30884 3.1
    endloop
  endfacet
  facet normal 0.796309 0.078428 0.599785
    outer loop
      vertex 6.86839 -0.280631 3.1
      vertex 6.8546 -0.140616 3.1
      vertex 6.55525 -0.160237 3.5
    endloop
  endfacet
  facet normal -0.547029 -0.583963 0.599788
    outer loop
      vertex 10.7324 1.73241 3.5
      vertex 10.6154 1.84201 3.5
      vertex 10.4176 1.61646 3.1
    endloop
  endfacet
  facet normal 0.130363 -0.789466 0.59979
    outer loop
      vertex 8.71937 2.13161 3.1
      vertex 8.68021 2.42904 3.5
      vertex 8.52203 2.40292 3.5
    endloop
  endfacet
  facet normal 0.728842 -0.330208 0.599794
    outer loop
      vertex 7.01366 0.822769 3.1
      vertex 7.07172 0.95092 3.1
      vertex 6.80266 1.08361 3.5
    endloop
  endfacet
  facet normal 0.0784308 -0.796309 0.599784
    outer loop
      vertex 8.85938 2.1454 3.1
      vertex 8.83976 2.44475 3.5
      vertex 8.71937 2.13161 3.1
    endloop
  endfacet
  facet normal 0.181664 0.779257 0.599798
    outer loop
      vertex 8.52203 -2.40292 3.5
      vertex 8.44354 -2.07674 3.1
      vertex 8.36589 -2.36652 3.5
    endloop
  endfacet
  facet normal -0.0784308 -0.796309 0.599784
    outer loop
      vertex 9.28063 2.13161 3.1
      vertex 9.16024 2.44475 3.5
      vertex 9.14062 2.1454 3.1
    endloop
  endfacet
  facet normal 0.799732 -0.0262024 0.599785
    outer loop
      vertex 6.8546 0.140616 3.1
      vertex 6.55525 0.160237 3.5
      vertex 6.55 0 3.5
    endloop
  endfacet
  facet normal 0.796309 -0.078428 0.599785
    outer loop
      vertex 6.8546 0.140616 3.1
      vertex 6.86839 0.280631 3.1
      vertex 6.55525 0.160237 3.5
    endloop
  endfacet
  facet normal 0.422524 -0.679502 0.599792
    outer loop
      vertex 7.80552 1.78766 3.1
      vertex 7.775 2.12176 3.5
      vertex 7.63885 2.0371 3.5
    endloop
  endfacet
  facet normal 0.728842 0.330208 0.599794
    outer loop
      vertex 7.07172 -0.95092 3.1
      vertex 7.01366 -0.822769 3.1
      vertex 6.80266 -1.08361 3.5
    endloop
  endfacet
  facet normal -0.728744 -0.330349 0.599834
    outer loop
      vertex 11.2635 0.937574 3.5
      vertex 11.1973 1.08361 3.5
      vertex 10.9863 0.822769 3.1
    endloop
  endfacet
  facet normal -0.748777 -0.282053 0.599816
    outer loop
      vertex 11.0359 0.691094 3.1
      vertex 11.32 0.787526 3.5
      vertex 10.9863 0.822769 3.1
    endloop
  endfacet
  facet normal 0.70566 -0.37721 0.599797
    outer loop
      vertex 7.13805 1.075 3.1
      vertex 6.87824 1.225 3.5
      vertex 6.80266 1.08361 3.5
    endloop
  endfacet
  facet normal 0.130363 0.789466 0.59979
    outer loop
      vertex 8.68021 -2.42904 3.5
      vertex 8.71937 -2.13161 3.1
      vertex 8.52203 -2.40292 3.5
    endloop
  endfacet
  facet normal -0.330212 -0.728844 0.599788
    outer loop
      vertex 9.95092 1.92828 3.1
      vertex 10.0836 2.19734 3.5
      vertex 9.82277 1.98634 3.1
    endloop
  endfacet
  facet normal -0.618693 0.50747 0.599745
    outer loop
      vertex 10.842 -1.6154 3.5
      vertex 10.7057 -1.30884 3.1
      vertex 10.6165 -1.41759 3.1
    endloop
  endfacet
  facet normal -0.765748 -0.232055 0.599817
    outer loop
      vertex 11.0767 0.55646 3.1
      vertex 11.32 0.787526 3.5
      vertex 11.0359 0.691094 3.1
    endloop
  endfacet
  facet normal -0.765732 -0.232087 0.599825
    outer loop
      vertex 11.3665 0.634107 3.5
      vertex 11.32 0.787526 3.5
      vertex 11.0767 0.55646 3.1
    endloop
  endfacet
  facet normal -0.679438 -0.422684 0.599752
    outer loop
      vertex 11.1218 1.225 3.5
      vertex 11.0371 1.36115 3.5
      vertex 10.7877 1.19448 3.1
    endloop
  endfacet
  facet normal -0.546967 0.584046 0.599764
    outer loop
      vertex 10.7324 -1.73241 3.5
      vertex 10.5203 -1.52028 3.1
      vertex 10.4176 -1.61646 3.1
    endloop
  endfacet
  facet normal -0.507481 0.618643 0.599787
    outer loop
      vertex 10.6154 -1.84201 3.5
      vertex 10.4176 -1.61646 3.1
      vertex 10.3088 -1.70571 3.1
    endloop
  endfacet
  facet normal 0.0261609 0.799726 0.599795
    outer loop
      vertex 9 -2.45 3.5
      vertex 9 -2.15 3.1
      vertex 8.85938 -2.1454 3.1
    endloop
  endfacet
  facet normal 0.650401 0.466077 0.599792
    outer loop
      vertex 7.05628 -1.49146 3.5
      vertex 7.29429 -1.30884 3.1
      vertex 6.9629 -1.36115 3.5
    endloop
  endfacet
  facet normal -0.679438 0.422684 0.599752
    outer loop
      vertex 11.0371 -1.36115 3.5
      vertex 11.1218 -1.225 3.5
      vertex 10.7877 -1.19448 3.1
    endloop
  endfacet
  facet normal -0.679492 0.42255 0.599786
    outer loop
      vertex 11.1218 -1.225 3.5
      vertex 10.862 -1.075 3.1
      vertex 10.7877 -1.19448 3.1
    endloop
  endfacet
  facet normal -0.232274 0.765696 0.599799
    outer loop
      vertex 9.78753 -2.31998 3.5
      vertex 9.69109 -2.0359 3.1
      vertex 9.55646 -2.07674 3.1
    endloop
  endfacet
  facet normal -0.705769 -0.377115 0.599728
    outer loop
      vertex 10.9283 0.95092 3.1
      vertex 11.1973 1.08361 3.5
      vertex 10.862 1.075 3.1
    endloop
  endfacet
  facet normal 0.583982 0.546999 0.599798
    outer loop
      vertex 7.26759 -1.73241 3.5
      vertex 7.38354 -1.41759 3.1
      vertex 7.15799 -1.6154 3.5
    endloop
  endfacet
  facet normal 0.584005 -0.546982 0.599791
    outer loop
      vertex 7.38354 1.41759 3.1
      vertex 7.47972 1.52028 3.1
      vertex 7.26759 1.73241 3.5
    endloop
  endfacet
  facet normal -0.584007 0.547023 0.599751
    outer loop
      vertex 10.7324 -1.73241 3.5
      vertex 10.842 -1.6154 3.5
      vertex 10.6165 -1.41759 3.1
    endloop
  endfacet
  facet normal 0.507615 -0.618522 0.599798
    outer loop
      vertex 7.58241 1.61646 3.1
      vertex 7.69116 1.70571 3.1
      vertex 7.3846 1.84201 3.5
    endloop
  endfacet
  facet normal 0.130355 -0.789469 0.599788
    outer loop
      vertex 8.58056 2.10869 3.1
      vertex 8.71937 2.13161 3.1
      vertex 8.52203 2.40292 3.5
    endloop
  endfacet
  facet normal 0.728849 0.330197 0.59979
    outer loop
      vertex 6.80266 -1.08361 3.5
      vertex 7.01366 -0.822769 3.1
      vertex 6.7365 -0.937574 3.5
    endloop
  endfacet
  facet normal 0.748862 0.281881 0.59979
    outer loop
      vertex 6.7365 -0.937574 3.5
      vertex 7.01366 -0.822769 3.1
      vertex 6.68002 -0.787526 3.5
    endloop
  endfacet
  facet normal -0.377227 0.705659 0.599788
    outer loop
      vertex 10.0836 -2.19734 3.5
      vertex 10.075 -1.86195 3.1
      vertex 9.95092 -1.92828 3.1
    endloop
  endfacet
  facet normal 0.181705 -0.779255 0.599788
    outer loop
      vertex 8.58056 2.10869 3.1
      vertex 8.52203 2.40292 3.5
      vertex 8.44354 2.07674 3.1
    endloop
  endfacet
  facet normal 0.765696 0.232276 0.599798
    outer loop
      vertex 6.68002 -0.787526 3.5
      vertex 6.92326 -0.55646 3.1
      vertex 6.63348 -0.634107 3.5
    endloop
  endfacet
  facet normal 0.70566 0.37721 0.599797
    outer loop
      vertex 6.87824 -1.225 3.5
      vertex 7.13805 -1.075 3.1
      vertex 6.80266 -1.08361 3.5
    endloop
  endfacet
  facet normal 0.618541 0.507599 0.599792
    outer loop
      vertex 7.15799 -1.6154 3.5
      vertex 7.29429 -1.30884 3.1
      vertex 7.05628 -1.49146 3.5
    endloop
  endfacet
  facet normal 0.232274 0.765696 0.599799
    outer loop
      vertex 8.44354 -2.07674 3.1
      vertex 8.30891 -2.0359 3.1
      vertex 8.21247 -2.31998 3.5
    endloop
  endfacet
  facet normal -0.618693 -0.50747 0.599745
    outer loop
      vertex 10.7057 1.30884 3.1
      vertex 10.842 1.6154 3.5
      vertex 10.6165 1.41759 3.1
    endloop
  endfacet
  facet normal -0.507481 -0.618643 0.599787
    outer loop
      vertex 10.4176 1.61646 3.1
      vertex 10.6154 1.84201 3.5
      vertex 10.3088 1.70571 3.1
    endloop
  endfacet
  facet normal 0.650402 0.466076 0.599793
    outer loop
      vertex 7.29429 -1.30884 3.1
      vertex 7.21234 -1.19448 3.1
      vertex 6.9629 -1.36115 3.5
    endloop
  endfacet
  facet normal 0.507615 0.618522 0.599798
    outer loop
      vertex 7.69116 -1.70571 3.1
      vertex 7.58241 -1.61646 3.1
      vertex 7.3846 -1.84201 3.5
    endloop
  endfacet
  facet normal -0.422654 -0.679461 0.599747
    outer loop
      vertex 10.3611 2.0371 3.5
      vertex 10.225 2.12176 3.5
      vertex 10.1945 1.78766 3.1
    endloop
  endfacet
  facet normal 0.67951 0.422504 0.599797
    outer loop
      vertex 7.21234 -1.19448 3.1
      vertex 7.13805 -1.075 3.1
      vertex 6.87824 -1.225 3.5
    endloop
  endfacet
  facet normal -0.705837 -0.376906 0.599781
    outer loop
      vertex 11.1973 1.08361 3.5
      vertex 11.1218 1.225 3.5
      vertex 10.862 1.075 3.1
    endloop
  endfacet
  facet normal 0.377225 -0.705655 0.599794
    outer loop
      vertex 7.925 1.86195 3.1
      vertex 8.04908 1.92828 3.1
      vertex 7.91639 2.19734 3.5
    endloop
  endfacet
  facet normal -0.729021 -0.329948 0.599719
    outer loop
      vertex 10.9863 0.822769 3.1
      vertex 11.1973 1.08361 3.5
      vertex 10.9283 0.95092 3.1
    endloop
  endfacet
  facet normal 0.181705 0.779255 0.599788
    outer loop
      vertex 8.52203 -2.40292 3.5
      vertex 8.58056 -2.10869 3.1
      vertex 8.44354 -2.07674 3.1
    endloop
  endfacet
  facet normal 0.748866 0.281859 0.599795
    outer loop
      vertex 7.01366 -0.822769 3.1
      vertex 6.9641 -0.691094 3.1
      vertex 6.68002 -0.787526 3.5
    endloop
  endfacet
  facet normal 0.796307 0.0784069 0.59979
    outer loop
      vertex 6.57096 -0.319789 3.5
      vertex 6.86839 -0.280631 3.1
      vertex 6.55525 -0.160237 3.5
    endloop
  endfacet
endsolid OpenSCAD_Model
