solid OpenSCAD_Model
  facet normal 1 -0 0
    outer loop
      vertex 6 0 3.2
      vertex 6 0.4 0.299999
      vertex 6 0.4 3.2
    endloop
  endfacet
  facet normal 1 0 0
    outer loop
      vertex 6 0 3.2
      vertex 6 0 0.299999
      vertex 6 0.4 0.299999
    endloop
  endfacet
  facet normal 1 -0 0
    outer loop
      vertex 6 -0.4 3.2
      vertex 6 0 0.299999
      vertex 6 0 3.2
    endloop
  endfacet
  facet normal 1 0 0
    outer loop
      vertex 6 0 0.299999
      vertex 6 -0.4 3.2
      vertex 6 -0.4 0.299999
    endloop
  endfacet
  facet normal 0 0 1
    outer loop
      vertex 6 0.4 3.2
      vertex 5.98715 0.392418 3.2
      vertex 6 0 3.2
    endloop
  endfacet
  facet normal 0 -0 1
    outer loop
      vertex 5.98715 0.392418 3.2
      vertex 6 0.4 3.2
      vertex 5.98641 0.4 3.2
    endloop
  endfacet
  facet normal -0 0 1
    outer loop
      vertex 5.98715 -0.392418 3.2
      vertex 6 -0.4 3.2
      vertex 6 0 3.2
    endloop
  endfacet
  facet normal 0 0 1
    outer loop
      vertex 6 -0.4 3.2
      vertex 5.98715 -0.392418 3.2
      vertex 5.98641 -0.4 3.2
    endloop
  endfacet
  facet normal 0 0 -1
    outer loop
      vertex 5.98715 0.392418 0.299999
      vertex 6 0.4 0.299999
      vertex 6 0 0.299999
    endloop
  endfacet
  facet normal -0 0 -1
    outer loop
      vertex 6 0.4 0.299999
      vertex 5.98715 0.392418 0.299999
      vertex 5.98641 0.4 0.299999
    endloop
  endfacet
  facet normal 0 0 -1
    outer loop
      vertex 6 -0.4 0.299999
      vertex 5.98715 -0.392418 0.299999
      vertex 6 0 0.299999
    endloop
  endfacet
  facet normal 0 -0 -1
    outer loop
      vertex 5.98715 -0.392418 0.299999
      vertex 6 -0.4 0.299999
      vertex 5.98641 -0.4 0.299999
    endloop
  endfacet
  facet normal 0 1 -0
    outer loop
      vertex 6 0.4 0.299999
      vertex 5.98641 0.4 3.2
      vertex 6 0.4 3.2
    endloop
  endfacet
  facet normal 0 1 0
    outer loop
      vertex 5.98641 0.4 3.2
      vertex 6 0.4 0.299999
      vertex 5.98641 0.4 0.299999
    endloop
  endfacet
  facet normal 0 -1 0
    outer loop
      vertex 5.98641 -0.4 0.299999
      vertex 6 -0.4 3.2
      vertex 5.98641 -0.4 3.2
    endloop
  endfacet
  facet normal 0 -1 -0
    outer loop
      vertex 6 -0.4 3.2
      vertex 5.98641 -0.4 0.299999
      vertex 6 -0.4 0.299999
    endloop
  endfacet
  facet normal 0 0 1
    outer loop
      vertex 5.89908 1.16654 3.2
      vertex 5.88471 1.17054 3.2
      vertex 5.88595 1.16302 3.2
    endloop
  endfacet
  facet normal 0 0 1
    outer loop
      vertex 5.89908 1.16654 3.2
      vertex 5.79555 1.55291 3.2
      vertex 5.88471 1.17054 3.2
    endloop
  endfacet
  facet normal 0 0 1
    outer loop
      vertex 5.69203 1.93928 3.2
      vertex 5.79555 1.55291 3.2
      vertex 5.89908 1.16654 3.2
    endloop
  endfacet
  facet normal 0 0 1
    outer loop
      vertex 5.69203 1.93928 3.2
      vertex 5.68158 1.92864 3.2
      vertex 5.79555 1.55291 3.2
    endloop
  endfacet
  facet normal 0 -0 1
    outer loop
      vertex 5.68158 1.92864 3.2
      vertex 5.69203 1.93928 3.2
      vertex 5.6789 1.93577 3.2
    endloop
  endfacet
  facet normal -0.258258 0.966076 0
    outer loop
      vertex 5.69203 1.93928 0.299999
      vertex 5.6789 1.93577 3.2
      vertex 5.69203 1.93928 3.2
    endloop
  endfacet
  facet normal -0.258258 0.966076 0
    outer loop
      vertex 5.6789 1.93577 3.2
      vertex 5.69203 1.93928 0.299999
      vertex 5.6789 1.93577 0.299999
    endloop
  endfacet
  facet normal 0 0 -1
    outer loop
      vertex 5.88471 1.17054 0.299999
      vertex 5.89908 1.16654 0.299999
      vertex 5.88595 1.16302 0.299999
    endloop
  endfacet
  facet normal 0 0 -1
    outer loop
      vertex 5.79555 1.55291 0.299999
      vertex 5.89908 1.16654 0.299999
      vertex 5.88471 1.17054 0.299999
    endloop
  endfacet
  facet normal 0 0 -1
    outer loop
      vertex 5.79555 1.55291 0.299999
      vertex 5.69203 1.93928 0.299999
      vertex 5.89908 1.16654 0.299999
    endloop
  endfacet
  facet normal 0 0 -1
    outer loop
      vertex 5.68158 1.92864 0.299999
      vertex 5.69203 1.93928 0.299999
      vertex 5.79555 1.55291 0.299999
    endloop
  endfacet
  facet normal 0 0 -1
    outer loop
      vertex 5.69203 1.93928 0.299999
      vertex 5.68158 1.92864 0.299999
      vertex 5.6789 1.93577 0.299999
    endloop
  endfacet
  facet normal 0.258944 -0.965892 0
    outer loop
      vertex 5.88595 1.16302 0.299999
      vertex 5.89908 1.16654 3.2
      vertex 5.88595 1.16302 3.2
    endloop
  endfacet
  facet normal 0.258944 -0.965892 0
    outer loop
      vertex 5.89908 1.16654 3.2
      vertex 5.88595 1.16302 0.299999
      vertex 5.89908 1.16654 0.299999
    endloop
  endfacet
  facet normal 0.965927 0.258813 0
    outer loop
      vertex 5.89908 1.16654 3.2
      vertex 5.69203 1.93928 0.299999
      vertex 5.69203 1.93928 3.2
    endloop
  endfacet
  facet normal 0.965927 0.258813 0
    outer loop
      vertex 5.69203 1.93928 0.299999
      vertex 5.89908 1.16654 3.2
      vertex 5.89908 1.16654 0.299999
    endloop
  endfacet
  facet normal 0 0 1
    outer loop
      vertex 4.99615 3.34641 3.2
      vertex 4.98882 3.33342 3.2
      vertex 5.19615 3.00001 3.2
    endloop
  endfacet
  facet normal 0 -0 1
    outer loop
      vertex 4.98882 3.33342 3.2
      vertex 4.99615 3.34641 3.2
      vertex 4.98438 3.33961 3.2
    endloop
  endfacet
  facet normal 0 0 1
    outer loop
      vertex 5.39615 2.65359 3.2
      vertex 5.38124 2.65373 3.2
      vertex 5.38438 2.64679 3.2
    endloop
  endfacet
  facet normal -0 -0 1
    outer loop
      vertex 5.38124 2.65373 3.2
      vertex 5.39615 2.65359 3.2
      vertex 5.19616 2.99999 3.2
    endloop
  endfacet
  facet normal -0.500253 0.865879 0
    outer loop
      vertex 4.99615 3.34641 0.299999
      vertex 4.98438 3.33961 3.2
      vertex 4.99615 3.34641 3.2
    endloop
  endfacet
  facet normal -0.500253 0.865879 0
    outer loop
      vertex 4.98438 3.33961 3.2
      vertex 4.99615 3.34641 0.299999
      vertex 4.98438 3.33961 0.299999
    endloop
  endfacet
  facet normal 0 0 -1
    outer loop
      vertex 4.98882 3.33342 0.299999
      vertex 4.99615 3.34641 0.299999
      vertex 5.19615 3.00001 0.299999
    endloop
  endfacet
  facet normal 0 0 -1
    outer loop
      vertex 4.99615 3.34641 0.299999
      vertex 4.98882 3.33342 0.299999
      vertex 4.98438 3.33961 0.299999
    endloop
  endfacet
  facet normal 0 0 -1
    outer loop
      vertex 5.38124 2.65373 0.299999
      vertex 5.39615 2.65359 0.299999
      vertex 5.38438 2.64679 0.299999
    endloop
  endfacet
  facet normal 0 0 -1
    outer loop
      vertex 5.39615 2.65359 0.299999
      vertex 5.38124 2.65373 0.299999
      vertex 5.19616 2.99999 0.299999
    endloop
  endfacet
  facet normal 0.500253 -0.865879 0
    outer loop
      vertex 5.38438 2.64679 0.299999
      vertex 5.39615 2.65359 3.2
      vertex 5.38438 2.64679 3.2
    endloop
  endfacet
  facet normal 0.500253 -0.865879 0
    outer loop
      vertex 5.39615 2.65359 3.2
      vertex 5.38438 2.64679 0.299999
      vertex 5.39615 2.65359 0.299999
    endloop
  endfacet
  facet normal 0.866019 0.500011 0
    outer loop
      vertex 5.19615 3.00001 3.2
      vertex 4.99615 3.34641 0.299999
      vertex 4.99615 3.34641 3.2
    endloop
  endfacet
  facet normal 0.866019 0.500011 0
    outer loop
      vertex 4.99615 3.34641 0.299999
      vertex 5.19615 3.00001 3.2
      vertex 5.19615 3.00001 0.299999
    endloop
  endfacet
  facet normal 0.86603 0.499992 0
    outer loop
      vertex 5.39615 2.65359 3.2
      vertex 5.19616 2.99999 0.299999
      vertex 5.19616 2.99999 3.2
    endloop
  endfacet
  facet normal 0.86603 0.499992 0
    outer loop
      vertex 5.19616 2.99999 0.299999
      vertex 5.39615 2.65359 3.2
      vertex 5.39615 2.65359 0.299999
    endloop
  endfacet
  facet normal 0 0 1
    outer loop
      vertex 3.9598 4.52548 3.2
      vertex 3.95607 4.51104 3.2
      vertex 4.24264 4.24264 3.2
    endloop
  endfacet
  facet normal 0 -0 1
    outer loop
      vertex 3.95607 4.51104 3.2
      vertex 3.9598 4.52548 3.2
      vertex 3.95019 4.51587 3.2
    endloop
  endfacet
  facet normal 0 0 1
    outer loop
      vertex 4.52548 3.9598 3.2
      vertex 4.51104 3.95607 3.2
      vertex 4.51587 3.95019 3.2
    endloop
  endfacet
  facet normal 0 -0 1
    outer loop
      vertex 4.51104 3.95607 3.2
      vertex 4.52548 3.9598 3.2
      vertex 4.24264 4.24264 3.2
    endloop
  endfacet
  facet normal -0.707107 0.707107 0
    outer loop
      vertex 3.9598 4.52548 0.299999
      vertex 3.95019 4.51587 3.2
      vertex 3.9598 4.52548 3.2
    endloop
  endfacet
  facet normal -0.707107 0.707107 0
    outer loop
      vertex 3.95019 4.51587 3.2
      vertex 3.9598 4.52548 0.299999
      vertex 3.95019 4.51587 0.299999
    endloop
  endfacet
  facet normal 0 0 -1
    outer loop
      vertex 3.95607 4.51104 0.299999
      vertex 3.9598 4.52548 0.299999
      vertex 4.24264 4.24264 0.299999
    endloop
  endfacet
  facet normal 0 0 -1
    outer loop
      vertex 3.9598 4.52548 0.299999
      vertex 3.95607 4.51104 0.299999
      vertex 3.95019 4.51587 0.299999
    endloop
  endfacet
  facet normal 0 0 -1
    outer loop
      vertex 4.51104 3.95607 0.299999
      vertex 4.52548 3.9598 0.299999
      vertex 4.51587 3.95019 0.299999
    endloop
  endfacet
  facet normal -0 0 -1
    outer loop
      vertex 4.52548 3.9598 0.299999
      vertex 4.51104 3.95607 0.299999
      vertex 4.24264 4.24264 0.299999
    endloop
  endfacet
  facet normal 0.707107 -0.707107 0
    outer loop
      vertex 4.51587 3.95019 3.2
      vertex 4.52548 3.9598 0.299999
      vertex 4.52548 3.9598 3.2
    endloop
  endfacet
  facet normal 0.707107 -0.707107 0
    outer loop
      vertex 4.52548 3.9598 0.299999
      vertex 4.51587 3.95019 3.2
      vertex 4.51587 3.95019 0.299999
    endloop
  endfacet
  facet normal 0.707107 0.707107 0
    outer loop
      vertex 4.24264 4.24264 3.2
      vertex 3.9598 4.52548 0.299999
      vertex 3.9598 4.52548 3.2
    endloop
  endfacet
  facet normal 0.707107 0.707107 0
    outer loop
      vertex 4.24264 4.24264 3.2
      vertex 4.24264 4.24264 0.299999
      vertex 3.9598 4.52548 0.299999
    endloop
  endfacet
  facet normal 0.707107 0.707107 0
    outer loop
      vertex 4.52548 3.9598 3.2
      vertex 4.24264 4.24264 0.299999
      vertex 4.24264 4.24264 3.2
    endloop
  endfacet
  facet normal 0.707107 0.707107 0
    outer loop
      vertex 4.24264 4.24264 0.299999
      vertex 4.52548 3.9598 3.2
      vertex 4.52548 3.9598 0.299999
    endloop
  endfacet
  facet normal 0 0 1
    outer loop
      vertex 2.65359 5.39615 3.2
      vertex 2.65373 5.38124 3.2
      vertex 2.99999 5.19616 3.2
    endloop
  endfacet
  facet normal 0 0 1
    outer loop
      vertex 2.65373 5.38124 3.2
      vertex 2.65359 5.39615 3.2
      vertex 2.64679 5.38438 3.2
    endloop
  endfacet
  facet normal 0 0 1
    outer loop
      vertex 3.34641 4.99615 3.2
      vertex 3.33342 4.98882 3.2
      vertex 3.33961 4.98438 3.2
    endloop
  endfacet
  facet normal 0 -0 1
    outer loop
      vertex 3.33342 4.98882 3.2
      vertex 3.34641 4.99615 3.2
      vertex 3.00001 5.19615 3.2
    endloop
  endfacet
  facet normal -0.865879 0.500253 0
    outer loop
      vertex 2.64679 5.38438 0.299999
      vertex 2.65359 5.39615 3.2
      vertex 2.65359 5.39615 0.299999
    endloop
  endfacet
  facet normal -0.865879 0.500253 0
    outer loop
      vertex 2.65359 5.39615 3.2
      vertex 2.64679 5.38438 0.299999
      vertex 2.64679 5.38438 3.2
    endloop
  endfacet
  facet normal 0 0 -1
    outer loop
      vertex 2.65373 5.38124 0.299999
      vertex 2.65359 5.39615 0.299999
      vertex 2.99999 5.19616 0.299999
    endloop
  endfacet
  facet normal 0 -0 -1
    outer loop
      vertex 2.65359 5.39615 0.299999
      vertex 2.65373 5.38124 0.299999
      vertex 2.64679 5.38438 0.299999
    endloop
  endfacet
  facet normal 0 0 -1
    outer loop
      vertex 3.33342 4.98882 0.299999
      vertex 3.34641 4.99615 0.299999
      vertex 3.33961 4.98438 0.299999
    endloop
  endfacet
  facet normal -0 0 -1
    outer loop
      vertex 3.34641 4.99615 0.299999
      vertex 3.33342 4.98882 0.299999
      vertex 3.00001 5.19615 0.299999
    endloop
  endfacet
  facet normal 0.865879 -0.500253 0
    outer loop
      vertex 3.33961 4.98438 3.2
      vertex 3.34641 4.99615 0.299999
      vertex 3.34641 4.99615 3.2
    endloop
  endfacet
  facet normal 0.865879 -0.500253 0
    outer loop
      vertex 3.34641 4.99615 0.299999
      vertex 3.33961 4.98438 3.2
      vertex 3.33961 4.98438 0.299999
    endloop
  endfacet
  facet normal 0.499992 0.86603 -0
    outer loop
      vertex 2.99999 5.19616 0.299999
      vertex 2.65359 5.39615 3.2
      vertex 2.99999 5.19616 3.2
    endloop
  endfacet
  facet normal 0.499992 0.86603 0
    outer loop
      vertex 2.65359 5.39615 3.2
      vertex 2.99999 5.19616 0.299999
      vertex 2.65359 5.39615 0.299999
    endloop
  endfacet
  facet normal 0.500011 0.866019 -0
    outer loop
      vertex 3.34641 4.99615 0.299999
      vertex 3.00001 5.19615 3.2
      vertex 3.34641 4.99615 3.2
    endloop
  endfacet
  facet normal 0.500011 0.866019 0
    outer loop
      vertex 3.00001 5.19615 3.2
      vertex 3.34641 4.99615 0.299999
      vertex 3.00001 5.19615 0.299999
    endloop
  endfacet
  facet normal 0 0 1
    outer loop
      vertex 1.93928 5.69203 3.2
      vertex 1.92864 5.68158 3.2
      vertex 1.93577 5.6789 3.2
    endloop
  endfacet
  facet normal 0 0 1
    outer loop
      vertex 1.93928 5.69203 3.2
      vertex 1.55291 5.79555 3.2
      vertex 1.92864 5.68158 3.2
    endloop
  endfacet
  facet normal 0 0 1
    outer loop
      vertex 1.16654 5.89908 3.2
      vertex 1.55291 5.79555 3.2
      vertex 1.93928 5.69203 3.2
    endloop
  endfacet
  facet normal 0 0 1
    outer loop
      vertex 1.16654 5.89908 3.2
      vertex 1.17054 5.88471 3.2
      vertex 1.55291 5.79555 3.2
    endloop
  endfacet
  facet normal 0 0 1
    outer loop
      vertex 1.17054 5.88471 3.2
      vertex 1.16654 5.89908 3.2
      vertex 1.16302 5.88595 3.2
    endloop
  endfacet
  facet normal -0.965892 0.258944 0
    outer loop
      vertex 1.16302 5.88595 0.299999
      vertex 1.16654 5.89908 3.2
      vertex 1.16654 5.89908 0.299999
    endloop
  endfacet
  facet normal -0.965892 0.258944 0
    outer loop
      vertex 1.16654 5.89908 3.2
      vertex 1.16302 5.88595 0.299999
      vertex 1.16302 5.88595 3.2
    endloop
  endfacet
  facet normal 0 0 -1
    outer loop
      vertex 1.92864 5.68158 0.299999
      vertex 1.93928 5.69203 0.299999
      vertex 1.93577 5.6789 0.299999
    endloop
  endfacet
  facet normal 0 0 -1
    outer loop
      vertex 1.55291 5.79555 0.299999
      vertex 1.93928 5.69203 0.299999
      vertex 1.92864 5.68158 0.299999
    endloop
  endfacet
  facet normal 0 0 -1
    outer loop
      vertex 1.55291 5.79555 0.299999
      vertex 1.16654 5.89908 0.299999
      vertex 1.93928 5.69203 0.299999
    endloop
  endfacet
  facet normal 0 0 -1
    outer loop
      vertex 1.17054 5.88471 0.299999
      vertex 1.16654 5.89908 0.299999
      vertex 1.55291 5.79555 0.299999
    endloop
  endfacet
  facet normal 0 -0 -1
    outer loop
      vertex 1.16654 5.89908 0.299999
      vertex 1.17054 5.88471 0.299999
      vertex 1.16302 5.88595 0.299999
    endloop
  endfacet
  facet normal 0.966076 -0.258258 0
    outer loop
      vertex 1.93577 5.6789 3.2
      vertex 1.93928 5.69203 0.299999
      vertex 1.93928 5.69203 3.2
    endloop
  endfacet
  facet normal 0.966076 -0.258258 0
    outer loop
      vertex 1.93928 5.69203 0.299999
      vertex 1.93577 5.6789 3.2
      vertex 1.93577 5.6789 0.299999
    endloop
  endfacet
  facet normal 0.258813 0.965927 -0
    outer loop
      vertex 1.93928 5.69203 0.299999
      vertex 1.16654 5.89908 3.2
      vertex 1.93928 5.69203 3.2
    endloop
  endfacet
  facet normal 0.258813 0.965927 0
    outer loop
      vertex 1.16654 5.89908 3.2
      vertex 1.93928 5.69203 0.299999
      vertex 1.16654 5.89908 0.299999
    endloop
  endfacet
  facet normal -0 0 1
    outer loop
      vertex -0.4 6 3.2
      vertex -0.392418 5.98715 3.2
      vertex 0 6 3.2
    endloop
  endfacet
  facet normal 0 0 1
    outer loop
      vertex -0.392418 5.98715 3.2
      vertex -0.4 6 3.2
      vertex -0.4 5.98641 3.2
    endloop
  endfacet
  facet normal 0 0 1
    outer loop
      vertex 0.4 6 3.2
      vertex 0.392418 5.98715 3.2
      vertex 0.4 5.98641 3.2
    endloop
  endfacet
  facet normal 0 -0 1
    outer loop
      vertex 0.392418 5.98715 3.2
      vertex 0.4 6 3.2
      vertex 0 6 3.2
    endloop
  endfacet
  facet normal -1 0 0
    outer loop
      vertex -0.4 5.98641 0.299999
      vertex -0.4 6 3.2
      vertex -0.4 6 0.299999
    endloop
  endfacet
  facet normal -1 -0 0
    outer loop
      vertex -0.4 6 3.2
      vertex -0.4 5.98641 0.299999
      vertex -0.4 5.98641 3.2
    endloop
  endfacet
  facet normal 0 0 -1
    outer loop
      vertex -0.392418 5.98715 0.299999
      vertex -0.4 6 0.299999
      vertex 0 6 0.299999
    endloop
  endfacet
  facet normal 0 0 -1
    outer loop
      vertex -0.4 6 0.299999
      vertex -0.392418 5.98715 0.299999
      vertex -0.4 5.98641 0.299999
    endloop
  endfacet
  facet normal 0 0 -1
    outer loop
      vertex 0.392418 5.98715 0.299999
      vertex 0.4 6 0.299999
      vertex 0.4 5.98641 0.299999
    endloop
  endfacet
  facet normal -0 0 -1
    outer loop
      vertex 0.4 6 0.299999
      vertex 0.392418 5.98715 0.299999
      vertex 0 6 0.299999
    endloop
  endfacet
  facet normal 1 -0 0
    outer loop
      vertex 0.4 5.98641 3.2
      vertex 0.4 6 0.299999
      vertex 0.4 6 3.2
    endloop
  endfacet
  facet normal 1 0 0
    outer loop
      vertex 0.4 6 0.299999
      vertex 0.4 5.98641 3.2
      vertex 0.4 5.98641 0.299999
    endloop
  endfacet
  facet normal 0 1 0
    outer loop
      vertex 0 6 0.299999
      vertex 0 6 3.2
      vertex 0.4 6 3.2
    endloop
  endfacet
  facet normal 0 1 0
    outer loop
      vertex 0 6 0.299999
      vertex 0.4 6 3.2
      vertex 0.4 6 0.299999
    endloop
  endfacet
  facet normal 0 1 0
    outer loop
      vertex 0 6 3.2
      vertex 0 6 0.299999
      vertex -0.4 6 3.2
    endloop
  endfacet
  facet normal 0 1 0
    outer loop
      vertex -0.4 6 3.2
      vertex 0 6 0.299999
      vertex -0.4 6 0.299999
    endloop
  endfacet
  facet normal 0 0 1
    outer loop
      vertex -1.16654 5.89908 3.2
      vertex -1.17054 5.88471 3.2
      vertex -1.16302 5.88595 3.2
    endloop
  endfacet
  facet normal 0 0 1
    outer loop
      vertex -1.16654 5.89908 3.2
      vertex -1.55291 5.79555 3.2
      vertex -1.17054 5.88471 3.2
    endloop
  endfacet
  facet normal 0 0 1
    outer loop
      vertex -1.92864 5.68158 3.2
      vertex -1.93928 5.69203 3.2
      vertex -1.93577 5.6789 3.2
    endloop
  endfacet
  facet normal 0 0 1
    outer loop
      vertex -1.55291 5.79555 3.2
      vertex -1.93928 5.69203 3.2
      vertex -1.92864 5.68158 3.2
    endloop
  endfacet
  facet normal 0 0 1
    outer loop
      vertex -1.93928 5.69203 3.2
      vertex -1.55291 5.79555 3.2
      vertex -1.16654 5.89908 3.2
    endloop
  endfacet
  facet normal -0.966076 -0.258258 0
    outer loop
      vertex -1.93577 5.6789 0.299999
      vertex -1.93928 5.69203 3.2
      vertex -1.93928 5.69203 0.299999
    endloop
  endfacet
  facet normal -0.966076 -0.258258 0
    outer loop
      vertex -1.93928 5.69203 3.2
      vertex -1.93577 5.6789 0.299999
      vertex -1.93577 5.6789 3.2
    endloop
  endfacet
  facet normal 0 0 -1
    outer loop
      vertex -1.17054 5.88471 0.299999
      vertex -1.16654 5.89908 0.299999
      vertex -1.16302 5.88595 0.299999
    endloop
  endfacet
  facet normal 0 0 -1
    outer loop
      vertex -1.55291 5.79555 0.299999
      vertex -1.16654 5.89908 0.299999
      vertex -1.17054 5.88471 0.299999
    endloop
  endfacet
  facet normal -0 0 -1
    outer loop
      vertex -1.55291 5.79555 0.299999
      vertex -1.93928 5.69203 0.299999
      vertex -1.16654 5.89908 0.299999
    endloop
  endfacet
  facet normal 0 0 -1
    outer loop
      vertex -1.92864 5.68158 0.299999
      vertex -1.93928 5.69203 0.299999
      vertex -1.55291 5.79555 0.299999
    endloop
  endfacet
  facet normal 0 0 -1
    outer loop
      vertex -1.93928 5.69203 0.299999
      vertex -1.92864 5.68158 0.299999
      vertex -1.93577 5.6789 0.299999
    endloop
  endfacet
  facet normal 0.965892 0.258944 0
    outer loop
      vertex -1.16302 5.88595 3.2
      vertex -1.16654 5.89908 0.299999
      vertex -1.16654 5.89908 3.2
    endloop
  endfacet
  facet normal 0.965892 0.258944 0
    outer loop
      vertex -1.16654 5.89908 0.299999
      vertex -1.16302 5.88595 3.2
      vertex -1.16302 5.88595 0.299999
    endloop
  endfacet
  facet normal -0.258813 0.965927 0
    outer loop
      vertex -1.16654 5.89908 0.299999
      vertex -1.93928 5.69203 3.2
      vertex -1.16654 5.89908 3.2
    endloop
  endfacet
  facet normal -0.258813 0.965927 0
    outer loop
      vertex -1.93928 5.69203 3.2
      vertex -1.16654 5.89908 0.299999
      vertex -1.93928 5.69203 0.299999
    endloop
  endfacet
  facet normal 0 0 1
    outer loop
      vertex -3.33342 4.98882 3.2
      vertex -3.34641 4.99615 3.2
      vertex -3.33961 4.98438 3.2
    endloop
  endfacet
  facet normal -0 0 1
    outer loop
      vertex -3.34641 4.99615 3.2
      vertex -3.33342 4.98882 3.2
      vertex -3.00001 5.19615 3.2
    endloop
  endfacet
  facet normal 0 0 1
    outer loop
      vertex -2.65359 5.39615 3.2
      vertex -2.65373 5.38124 3.2
      vertex -2.64679 5.38438 3.2
    endloop
  endfacet
  facet normal 0 -0 1
    outer loop
      vertex -2.65373 5.38124 3.2
      vertex -2.65359 5.39615 3.2
      vertex -2.99999 5.19616 3.2
    endloop
  endfacet
  facet normal -0.865879 -0.500253 0
    outer loop
      vertex -3.33961 4.98438 0.299999
      vertex -3.34641 4.99615 3.2
      vertex -3.34641 4.99615 0.299999
    endloop
  endfacet
  facet normal -0.865879 -0.500253 0
    outer loop
      vertex -3.34641 4.99615 3.2
      vertex -3.33961 4.98438 0.299999
      vertex -3.33961 4.98438 3.2
    endloop
  endfacet
  facet normal 0 0 -1
    outer loop
      vertex -3.33342 4.98882 0.299999
      vertex -3.34641 4.99615 0.299999
      vertex -3.00001 5.19615 0.299999
    endloop
  endfacet
  facet normal 0 0 -1
    outer loop
      vertex -3.34641 4.99615 0.299999
      vertex -3.33342 4.98882 0.299999
      vertex -3.33961 4.98438 0.299999
    endloop
  endfacet
  facet normal 0 0 -1
    outer loop
      vertex -2.65373 5.38124 0.299999
      vertex -2.65359 5.39615 0.299999
      vertex -2.64679 5.38438 0.299999
    endloop
  endfacet
  facet normal 0 0 -1
    outer loop
      vertex -2.65359 5.39615 0.299999
      vertex -2.65373 5.38124 0.299999
      vertex -2.99999 5.19616 0.299999
    endloop
  endfacet
  facet normal 0.865879 0.500253 0
    outer loop
      vertex -2.64679 5.38438 3.2
      vertex -2.65359 5.39615 0.299999
      vertex -2.65359 5.39615 3.2
    endloop
  endfacet
  facet normal 0.865879 0.500253 0
    outer loop
      vertex -2.65359 5.39615 0.299999
      vertex -2.64679 5.38438 3.2
      vertex -2.64679 5.38438 0.299999
    endloop
  endfacet
  facet normal -0.500011 0.866019 0
    outer loop
      vertex -3.00001 5.19615 0.299999
      vertex -3.34641 4.99615 3.2
      vertex -3.00001 5.19615 3.2
    endloop
  endfacet
  facet normal -0.500011 0.866019 0
    outer loop
      vertex -3.34641 4.99615 3.2
      vertex -3.00001 5.19615 0.299999
      vertex -3.34641 4.99615 0.299999
    endloop
  endfacet
  facet normal -0.499992 0.86603 0
    outer loop
      vertex -2.65359 5.39615 0.299999
      vertex -2.99999 5.19616 3.2
      vertex -2.65359 5.39615 3.2
    endloop
  endfacet
  facet normal -0.499992 0.86603 0
    outer loop
      vertex -2.99999 5.19616 3.2
      vertex -2.65359 5.39615 0.299999
      vertex -2.99999 5.19616 0.299999
    endloop
  endfacet
  facet normal 0 0 1
    outer loop
      vertex -4.51104 3.95607 3.2
      vertex -4.52548 3.9598 3.2
      vertex -4.51587 3.95019 3.2
    endloop
  endfacet
  facet normal -0 0 1
    outer loop
      vertex -4.52548 3.9598 3.2
      vertex -4.51104 3.95607 3.2
      vertex -4.24264 4.24264 3.2
    endloop
  endfacet
  facet normal 0 0 1
    outer loop
      vertex -3.9598 4.52548 3.2
      vertex -3.95607 4.51104 3.2
      vertex -3.95019 4.51587 3.2
    endloop
  endfacet
  facet normal 0 0 1
    outer loop
      vertex -3.95607 4.51104 3.2
      vertex -3.9598 4.52548 3.2
      vertex -4.24264 4.24264 3.2
    endloop
  endfacet
  facet normal -0.707107 -0.707107 0
    outer loop
      vertex -4.51587 3.95019 0.299999
      vertex -4.52548 3.9598 3.2
      vertex -4.52548 3.9598 0.299999
    endloop
  endfacet
  facet normal -0.707107 -0.707107 0
    outer loop
      vertex -4.52548 3.9598 3.2
      vertex -4.51587 3.95019 0.299999
      vertex -4.51587 3.95019 3.2
    endloop
  endfacet
  facet normal 0 0 -1
    outer loop
      vertex -4.51104 3.95607 0.299999
      vertex -4.52548 3.9598 0.299999
      vertex -4.24264 4.24264 0.299999
    endloop
  endfacet
  facet normal 0 0 -1
    outer loop
      vertex -4.52548 3.9598 0.299999
      vertex -4.51104 3.95607 0.299999
      vertex -4.51587 3.95019 0.299999
    endloop
  endfacet
  facet normal 0 0 -1
    outer loop
      vertex -3.95607 4.51104 0.299999
      vertex -3.9598 4.52548 0.299999
      vertex -3.95019 4.51587 0.299999
    endloop
  endfacet
  facet normal 0 -0 -1
    outer loop
      vertex -3.9598 4.52548 0.299999
      vertex -3.95607 4.51104 0.299999
      vertex -4.24264 4.24264 0.299999
    endloop
  endfacet
  facet normal 0.707107 0.707107 -0
    outer loop
      vertex -3.95019 4.51587 0.299999
      vertex -3.9598 4.52548 3.2
      vertex -3.95019 4.51587 3.2
    endloop
  endfacet
  facet normal 0.707107 0.707107 0
    outer loop
      vertex -3.9598 4.52548 3.2
      vertex -3.95019 4.51587 0.299999
      vertex -3.9598 4.52548 0.299999
    endloop
  endfacet
  facet normal -0.707107 0.707107 0
    outer loop
      vertex -4.24264 4.24264 0.299999
      vertex -3.9598 4.52548 3.2
      vertex -3.9598 4.52548 0.299999
    endloop
  endfacet
  facet normal -0.707107 0.707107 0
    outer loop
      vertex -4.24264 4.24264 0.299999
      vertex -4.24264 4.24264 3.2
      vertex -3.9598 4.52548 3.2
    endloop
  endfacet
  facet normal -0.707107 0.707107 0
    outer loop
      vertex -4.52548 3.9598 0.299999
      vertex -4.24264 4.24264 3.2
      vertex -4.24264 4.24264 0.299999
    endloop
  endfacet
  facet normal -0.707107 0.707107 0
    outer loop
      vertex -4.24264 4.24264 3.2
      vertex -4.52548 3.9598 0.299999
      vertex -4.52548 3.9598 3.2
    endloop
  endfacet
  facet normal 0 0 1
    outer loop
      vertex -5.38124 2.65373 3.2
      vertex -5.39615 2.65359 3.2
      vertex -5.38438 2.64679 3.2
    endloop
  endfacet
  facet normal 0 0 1
    outer loop
      vertex -5.39615 2.65359 3.2
      vertex -5.38124 2.65373 3.2
      vertex -5.19616 2.99999 3.2
    endloop
  endfacet
  facet normal 0 0 1
    outer loop
      vertex -4.99615 3.34641 3.2
      vertex -4.98882 3.33342 3.2
      vertex -4.98438 3.33961 3.2
    endloop
  endfacet
  facet normal 0 0 1
    outer loop
      vertex -4.98882 3.33342 3.2
      vertex -4.99615 3.34641 3.2
      vertex -5.19615 3.00001 3.2
    endloop
  endfacet
  facet normal -0.500253 -0.865879 0
    outer loop
      vertex -5.39615 2.65359 0.299999
      vertex -5.38438 2.64679 3.2
      vertex -5.39615 2.65359 3.2
    endloop
  endfacet
  facet normal -0.500253 -0.865879 -0
    outer loop
      vertex -5.38438 2.64679 3.2
      vertex -5.39615 2.65359 0.299999
      vertex -5.38438 2.64679 0.299999
    endloop
  endfacet
  facet normal -0 0 -1
    outer loop
      vertex -5.38124 2.65373 0.299999
      vertex -5.39615 2.65359 0.299999
      vertex -5.19616 2.99999 0.299999
    endloop
  endfacet
  facet normal 0 0 -1
    outer loop
      vertex -5.39615 2.65359 0.299999
      vertex -5.38124 2.65373 0.299999
      vertex -5.38438 2.64679 0.299999
    endloop
  endfacet
  facet normal 0 0 -1
    outer loop
      vertex -4.98882 3.33342 0.299999
      vertex -4.99615 3.34641 0.299999
      vertex -4.98438 3.33961 0.299999
    endloop
  endfacet
  facet normal 0 -0 -1
    outer loop
      vertex -4.99615 3.34641 0.299999
      vertex -4.98882 3.33342 0.299999
      vertex -5.19615 3.00001 0.299999
    endloop
  endfacet
  facet normal 0.500253 0.865879 -0
    outer loop
      vertex -4.98438 3.33961 0.299999
      vertex -4.99615 3.34641 3.2
      vertex -4.98438 3.33961 3.2
    endloop
  endfacet
  facet normal 0.500253 0.865879 0
    outer loop
      vertex -4.99615 3.34641 3.2
      vertex -4.98438 3.33961 0.299999
      vertex -4.99615 3.34641 0.299999
    endloop
  endfacet
  facet normal -0.86603 0.499992 0
    outer loop
      vertex -5.39615 2.65359 0.299999
      vertex -5.19616 2.99999 3.2
      vertex -5.19616 2.99999 0.299999
    endloop
  endfacet
  facet normal -0.86603 0.499992 0
    outer loop
      vertex -5.19616 2.99999 3.2
      vertex -5.39615 2.65359 0.299999
      vertex -5.39615 2.65359 3.2
    endloop
  endfacet
  facet normal -0.866019 0.500011 0
    outer loop
      vertex -5.19615 3.00001 0.299999
      vertex -4.99615 3.34641 3.2
      vertex -4.99615 3.34641 0.299999
    endloop
  endfacet
  facet normal -0.866019 0.500011 0
    outer loop
      vertex -4.99615 3.34641 3.2
      vertex -5.19615 3.00001 0.299999
      vertex -5.19615 3.00001 3.2
    endloop
  endfacet
  facet normal 0 0 1
    outer loop
      vertex -5.69203 1.93928 3.2
      vertex -5.68158 1.92864 3.2
      vertex -5.6789 1.93577 3.2
    endloop
  endfacet
  facet normal 0 0 1
    outer loop
      vertex -5.69203 1.93928 3.2
      vertex -5.79555 1.55291 3.2
      vertex -5.68158 1.92864 3.2
    endloop
  endfacet
  facet normal 0 0 1
    outer loop
      vertex -5.88471 1.17054 3.2
      vertex -5.89908 1.16654 3.2
      vertex -5.88595 1.16302 3.2
    endloop
  endfacet
  facet normal 0 0 1
    outer loop
      vertex -5.79555 1.55291 3.2
      vertex -5.89908 1.16654 3.2
      vertex -5.88471 1.17054 3.2
    endloop
  endfacet
  facet normal 0 0 1
    outer loop
      vertex -5.89908 1.16654 3.2
      vertex -5.79555 1.55291 3.2
      vertex -5.69203 1.93928 3.2
    endloop
  endfacet
  facet normal -0.258944 -0.965892 0
    outer loop
      vertex -5.89908 1.16654 0.299999
      vertex -5.88595 1.16302 3.2
      vertex -5.89908 1.16654 3.2
    endloop
  endfacet
  facet normal -0.258944 -0.965892 -0
    outer loop
      vertex -5.88595 1.16302 3.2
      vertex -5.89908 1.16654 0.299999
      vertex -5.88595 1.16302 0.299999
    endloop
  endfacet
  facet normal 0 0 -1
    outer loop
      vertex -5.68158 1.92864 0.299999
      vertex -5.69203 1.93928 0.299999
      vertex -5.6789 1.93577 0.299999
    endloop
  endfacet
  facet normal 0 0 -1
    outer loop
      vertex -5.79555 1.55291 0.299999
      vertex -5.69203 1.93928 0.299999
      vertex -5.68158 1.92864 0.299999
    endloop
  endfacet
  facet normal -0 0 -1
    outer loop
      vertex -5.79555 1.55291 0.299999
      vertex -5.89908 1.16654 0.299999
      vertex -5.69203 1.93928 0.299999
    endloop
  endfacet
  facet normal -0 0 -1
    outer loop
      vertex -5.88471 1.17054 0.299999
      vertex -5.89908 1.16654 0.299999
      vertex -5.79555 1.55291 0.299999
    endloop
  endfacet
  facet normal 0 0 -1
    outer loop
      vertex -5.89908 1.16654 0.299999
      vertex -5.88471 1.17054 0.299999
      vertex -5.88595 1.16302 0.299999
    endloop
  endfacet
  facet normal 0.258258 0.966076 -0
    outer loop
      vertex -5.6789 1.93577 0.299999
      vertex -5.69203 1.93928 3.2
      vertex -5.6789 1.93577 3.2
    endloop
  endfacet
  facet normal 0.258258 0.966076 0
    outer loop
      vertex -5.69203 1.93928 3.2
      vertex -5.6789 1.93577 0.299999
      vertex -5.69203 1.93928 0.299999
    endloop
  endfacet
  facet normal -0.965927 0.258813 0
    outer loop
      vertex -5.89908 1.16654 0.299999
      vertex -5.69203 1.93928 3.2
      vertex -5.69203 1.93928 0.299999
    endloop
  endfacet
  facet normal -0.965927 0.258813 0
    outer loop
      vertex -5.69203 1.93928 3.2
      vertex -5.89908 1.16654 0.299999
      vertex -5.89908 1.16654 3.2
    endloop
  endfacet
  facet normal 0 0 1
    outer loop
      vertex -5.98715 -0.392418 3.2
      vertex -6 -0.4 3.2
      vertex -5.98641 -0.4 3.2
    endloop
  endfacet
  facet normal 0 0 1
    outer loop
      vertex -6 -0.4 3.2
      vertex -5.98715 -0.392418 3.2
      vertex -6 0 3.2
    endloop
  endfacet
  facet normal -0 0 1
    outer loop
      vertex -6 0.4 3.2
      vertex -5.98715 0.392418 3.2
      vertex -5.98641 0.4 3.2
    endloop
  endfacet
  facet normal 0 0 1
    outer loop
      vertex -5.98715 0.392418 3.2
      vertex -6 0.4 3.2
      vertex -6 0 3.2
    endloop
  endfacet
  facet normal 0 0 -1
    outer loop
      vertex -6 -0.4 0.299999
      vertex -5.98715 -0.392418 0.299999
      vertex -5.98641 -0.4 0.299999
    endloop
  endfacet
  facet normal -0 0 -1
    outer loop
      vertex -5.98715 -0.392418 0.299999
      vertex -6 -0.4 0.299999
      vertex -6 0 0.299999
    endloop
  endfacet
  facet normal 0 0 -1
    outer loop
      vertex -5.98715 0.392418 0.299999
      vertex -6 0.4 0.299999
      vertex -5.98641 0.4 0.299999
    endloop
  endfacet
  facet normal 0 0 -1
    outer loop
      vertex -6 0.4 0.299999
      vertex -5.98715 0.392418 0.299999
      vertex -6 0 0.299999
    endloop
  endfacet
  facet normal 0 1 -0
    outer loop
      vertex -5.98641 0.4 0.299999
      vertex -6 0.4 3.2
      vertex -5.98641 0.4 3.2
    endloop
  endfacet
  facet normal 0 1 0
    outer loop
      vertex -6 0.4 3.2
      vertex -5.98641 0.4 0.299999
      vertex -6 0.4 0.299999
    endloop
  endfacet
  facet normal 0 -1 0
    outer loop
      vertex -6 -0.4 0.299999
      vertex -5.98641 -0.4 3.2
      vertex -6 -0.4 3.2
    endloop
  endfacet
  facet normal 0 -1 -0
    outer loop
      vertex -5.98641 -0.4 3.2
      vertex -6 -0.4 0.299999
      vertex -5.98641 -0.4 0.299999
    endloop
  endfacet
  facet normal -1 0 0
    outer loop
      vertex -6 0 0.299999
      vertex -6 0.4 3.2
      vertex -6 0.4 0.299999
    endloop
  endfacet
  facet normal -1 0 0
    outer loop
      vertex -6 0 0.299999
      vertex -6 0 3.2
      vertex -6 0.4 3.2
    endloop
  endfacet
  facet normal -1 0 0
    outer loop
      vertex -6 -0.4 0.299999
      vertex -6 0 3.2
      vertex -6 0 0.299999
    endloop
  endfacet
  facet normal -1 -0 0
    outer loop
      vertex -6 0 3.2
      vertex -6 -0.4 0.299999
      vertex -6 -0.4 3.2
    endloop
  endfacet
  facet normal -0.965927 -0.258813 0
    outer loop
      vertex -5.69203 -1.93928 0.299999
      vertex -5.89908 -1.16654 3.2
      vertex -5.89908 -1.16654 0.299999
    endloop
  endfacet
  facet normal -0.965927 -0.258813 0
    outer loop
      vertex -5.89908 -1.16654 3.2
      vertex -5.69203 -1.93928 0.299999
      vertex -5.69203 -1.93928 3.2
    endloop
  endfacet
  facet normal 0 0 1
    outer loop
      vertex -5.68158 -1.92864 3.2
      vertex -5.69203 -1.93928 3.2
      vertex -5.6789 -1.93577 3.2
    endloop
  endfacet
  facet normal 0 0 1
    outer loop
      vertex -5.79555 -1.55291 3.2
      vertex -5.69203 -1.93928 3.2
      vertex -5.68158 -1.92864 3.2
    endloop
  endfacet
  facet normal 0 0 1
    outer loop
      vertex -5.79555 -1.55291 3.2
      vertex -5.89908 -1.16654 3.2
      vertex -5.69203 -1.93928 3.2
    endloop
  endfacet
  facet normal 0 0 1
    outer loop
      vertex -5.88471 -1.17054 3.2
      vertex -5.89908 -1.16654 3.2
      vertex -5.79555 -1.55291 3.2
    endloop
  endfacet
  facet normal -0 0 1
    outer loop
      vertex -5.89908 -1.16654 3.2
      vertex -5.88471 -1.17054 3.2
      vertex -5.88595 -1.16302 3.2
    endloop
  endfacet
  facet normal 0 0 -1
    outer loop
      vertex -5.69203 -1.93928 0.299999
      vertex -5.68158 -1.92864 0.299999
      vertex -5.6789 -1.93577 0.299999
    endloop
  endfacet
  facet normal 0 0 -1
    outer loop
      vertex -5.69203 -1.93928 0.299999
      vertex -5.79555 -1.55291 0.299999
      vertex -5.68158 -1.92864 0.299999
    endloop
  endfacet
  facet normal 0 0 -1
    outer loop
      vertex -5.88471 -1.17054 0.299999
      vertex -5.89908 -1.16654 0.299999
      vertex -5.88595 -1.16302 0.299999
    endloop
  endfacet
  facet normal 0 0 -1
    outer loop
      vertex -5.79555 -1.55291 0.299999
      vertex -5.89908 -1.16654 0.299999
      vertex -5.88471 -1.17054 0.299999
    endloop
  endfacet
  facet normal 0 0 -1
    outer loop
      vertex -5.89908 -1.16654 0.299999
      vertex -5.79555 -1.55291 0.299999
      vertex -5.69203 -1.93928 0.299999
    endloop
  endfacet
  facet normal 0.258258 -0.966076 0
    outer loop
      vertex -5.69203 -1.93928 0.299999
      vertex -5.6789 -1.93577 3.2
      vertex -5.69203 -1.93928 3.2
    endloop
  endfacet
  facet normal 0.258258 -0.966076 0
    outer loop
      vertex -5.6789 -1.93577 3.2
      vertex -5.69203 -1.93928 0.299999
      vertex -5.6789 -1.93577 0.299999
    endloop
  endfacet
  facet normal -0.258944 0.965892 0
    outer loop
      vertex -5.88595 -1.16302 0.299999
      vertex -5.89908 -1.16654 3.2
      vertex -5.88595 -1.16302 3.2
    endloop
  endfacet
  facet normal -0.258944 0.965892 0
    outer loop
      vertex -5.89908 -1.16654 3.2
      vertex -5.88595 -1.16302 0.299999
      vertex -5.89908 -1.16654 0.299999
    endloop
  endfacet
  facet normal -0.866019 -0.500011 0
    outer loop
      vertex -4.99615 -3.34641 0.299999
      vertex -5.19615 -3.00001 3.2
      vertex -5.19615 -3.00001 0.299999
    endloop
  endfacet
  facet normal -0.866019 -0.500011 0
    outer loop
      vertex -5.19615 -3.00001 3.2
      vertex -4.99615 -3.34641 0.299999
      vertex -4.99615 -3.34641 3.2
    endloop
  endfacet
  facet normal -0.86603 -0.499992 0
    outer loop
      vertex -5.19616 -2.99999 0.299999
      vertex -5.39615 -2.65359 3.2
      vertex -5.39615 -2.65359 0.299999
    endloop
  endfacet
  facet normal -0.86603 -0.499992 0
    outer loop
      vertex -5.39615 -2.65359 3.2
      vertex -5.19616 -2.99999 0.299999
      vertex -5.19616 -2.99999 3.2
    endloop
  endfacet
  facet normal 0 0 1
    outer loop
      vertex -4.98882 -3.33342 3.2
      vertex -4.99615 -3.34641 3.2
      vertex -4.98438 -3.33961 3.2
    endloop
  endfacet
  facet normal 0 -0 1
    outer loop
      vertex -4.99615 -3.34641 3.2
      vertex -4.98882 -3.33342 3.2
      vertex -5.19615 -3.00001 3.2
    endloop
  endfacet
  facet normal 0 0 1
    outer loop
      vertex -5.38124 -2.65373 3.2
      vertex -5.39615 -2.65359 3.2
      vertex -5.19616 -2.99999 3.2
    endloop
  endfacet
  facet normal -0 0 1
    outer loop
      vertex -5.39615 -2.65359 3.2
      vertex -5.38124 -2.65373 3.2
      vertex -5.38438 -2.64679 3.2
    endloop
  endfacet
  facet normal 0 0 -1
    outer loop
      vertex -4.99615 -3.34641 0.299999
      vertex -4.98882 -3.33342 0.299999
      vertex -4.98438 -3.33961 0.299999
    endloop
  endfacet
  facet normal -0 0 -1
    outer loop
      vertex -4.98882 -3.33342 0.299999
      vertex -4.99615 -3.34641 0.299999
      vertex -5.19615 -3.00001 0.299999
    endloop
  endfacet
  facet normal 0 0 -1
    outer loop
      vertex -5.38124 -2.65373 0.299999
      vertex -5.39615 -2.65359 0.299999
      vertex -5.38438 -2.64679 0.299999
    endloop
  endfacet
  facet normal 0 0 -1
    outer loop
      vertex -5.39615 -2.65359 0.299999
      vertex -5.38124 -2.65373 0.299999
      vertex -5.19616 -2.99999 0.299999
    endloop
  endfacet
  facet normal 0.500253 -0.865879 0
    outer loop
      vertex -4.99615 -3.34641 0.299999
      vertex -4.98438 -3.33961 3.2
      vertex -4.99615 -3.34641 3.2
    endloop
  endfacet
  facet normal 0.500253 -0.865879 0
    outer loop
      vertex -4.98438 -3.33961 3.2
      vertex -4.99615 -3.34641 0.299999
      vertex -4.98438 -3.33961 0.299999
    endloop
  endfacet
  facet normal -0.500253 0.865879 0
    outer loop
      vertex -5.38438 -2.64679 0.299999
      vertex -5.39615 -2.65359 3.2
      vertex -5.38438 -2.64679 3.2
    endloop
  endfacet
  facet normal -0.500253 0.865879 0
    outer loop
      vertex -5.39615 -2.65359 3.2
      vertex -5.38438 -2.64679 0.299999
      vertex -5.39615 -2.65359 0.299999
    endloop
  endfacet
  facet normal -0.707107 -0.707107 0
    outer loop
      vertex -4.24264 -4.24264 0.299999
      vertex -4.52548 -3.9598 3.2
      vertex -4.52548 -3.9598 0.299999
    endloop
  endfacet
  facet normal -0.707107 -0.707107 0
    outer loop
      vertex -4.24264 -4.24264 0.299999
      vertex -4.24264 -4.24264 3.2
      vertex -4.52548 -3.9598 3.2
    endloop
  endfacet
  facet normal -0.707107 -0.707107 0
    outer loop
      vertex -3.9598 -4.52548 0.299999
      vertex -4.24264 -4.24264 3.2
      vertex -4.24264 -4.24264 0.299999
    endloop
  endfacet
  facet normal -0.707107 -0.707107 0
    outer loop
      vertex -4.24264 -4.24264 3.2
      vertex -3.9598 -4.52548 0.299999
      vertex -3.9598 -4.52548 3.2
    endloop
  endfacet
  facet normal 0 0 1
    outer loop
      vertex -3.95607 -4.51104 3.2
      vertex -3.9598 -4.52548 3.2
      vertex -3.95019 -4.51587 3.2
    endloop
  endfacet
  facet normal 0 -0 1
    outer loop
      vertex -3.9598 -4.52548 3.2
      vertex -3.95607 -4.51104 3.2
      vertex -4.24264 -4.24264 3.2
    endloop
  endfacet
  facet normal 0 0 1
    outer loop
      vertex -4.51104 -3.95607 3.2
      vertex -4.52548 -3.9598 3.2
      vertex -4.24264 -4.24264 3.2
    endloop
  endfacet
  facet normal 0 0 1
    outer loop
      vertex -4.52548 -3.9598 3.2
      vertex -4.51104 -3.95607 3.2
      vertex -4.51587 -3.95019 3.2
    endloop
  endfacet
  facet normal 0 0 -1
    outer loop
      vertex -3.9598 -4.52548 0.299999
      vertex -3.95607 -4.51104 0.299999
      vertex -3.95019 -4.51587 0.299999
    endloop
  endfacet
  facet normal -0 0 -1
    outer loop
      vertex -3.95607 -4.51104 0.299999
      vertex -3.9598 -4.52548 0.299999
      vertex -4.24264 -4.24264 0.299999
    endloop
  endfacet
  facet normal -0 0 -1
    outer loop
      vertex -4.51104 -3.95607 0.299999
      vertex -4.52548 -3.9598 0.299999
      vertex -4.51587 -3.95019 0.299999
    endloop
  endfacet
  facet normal 0 0 -1
    outer loop
      vertex -4.52548 -3.9598 0.299999
      vertex -4.51104 -3.95607 0.299999
      vertex -4.24264 -4.24264 0.299999
    endloop
  endfacet
  facet normal -0.707107 0.707107 0
    outer loop
      vertex -4.52548 -3.9598 0.299999
      vertex -4.51587 -3.95019 3.2
      vertex -4.51587 -3.95019 0.299999
    endloop
  endfacet
  facet normal -0.707107 0.707107 0
    outer loop
      vertex -4.51587 -3.95019 3.2
      vertex -4.52548 -3.9598 0.299999
      vertex -4.52548 -3.9598 3.2
    endloop
  endfacet
  facet normal 0.707107 -0.707107 0
    outer loop
      vertex -3.9598 -4.52548 0.299999
      vertex -3.95019 -4.51587 3.2
      vertex -3.9598 -4.52548 3.2
    endloop
  endfacet
  facet normal 0.707107 -0.707107 0
    outer loop
      vertex -3.95019 -4.51587 3.2
      vertex -3.9598 -4.52548 0.299999
      vertex -3.95019 -4.51587 0.299999
    endloop
  endfacet
  facet normal -0.499992 -0.86603 0
    outer loop
      vertex -2.99999 -5.19616 0.299999
      vertex -2.65359 -5.39615 3.2
      vertex -2.99999 -5.19616 3.2
    endloop
  endfacet
  facet normal -0.499992 -0.86603 -0
    outer loop
      vertex -2.65359 -5.39615 3.2
      vertex -2.99999 -5.19616 0.299999
      vertex -2.65359 -5.39615 0.299999
    endloop
  endfacet
  facet normal -0.500011 -0.866019 0
    outer loop
      vertex -3.34641 -4.99615 0.299999
      vertex -3.00001 -5.19615 3.2
      vertex -3.34641 -4.99615 3.2
    endloop
  endfacet
  facet normal -0.500011 -0.866019 -0
    outer loop
      vertex -3.00001 -5.19615 3.2
      vertex -3.34641 -4.99615 0.299999
      vertex -3.00001 -5.19615 0.299999
    endloop
  endfacet
  facet normal 0 0 1
    outer loop
      vertex -2.65373 -5.38124 3.2
      vertex -2.65359 -5.39615 3.2
      vertex -2.64679 -5.38438 3.2
    endloop
  endfacet
  facet normal 0 0 1
    outer loop
      vertex -2.65359 -5.39615 3.2
      vertex -2.65373 -5.38124 3.2
      vertex -2.99999 -5.19616 3.2
    endloop
  endfacet
  facet normal 0 0 1
    outer loop
      vertex -3.33342 -4.98882 3.2
      vertex -3.34641 -4.99615 3.2
      vertex -3.00001 -5.19615 3.2
    endloop
  endfacet
  facet normal 0 0 1
    outer loop
      vertex -3.34641 -4.99615 3.2
      vertex -3.33342 -4.98882 3.2
      vertex -3.33961 -4.98438 3.2
    endloop
  endfacet
  facet normal 0 0 -1
    outer loop
      vertex -2.65359 -5.39615 0.299999
      vertex -2.65373 -5.38124 0.299999
      vertex -2.64679 -5.38438 0.299999
    endloop
  endfacet
  facet normal -0 -0 -1
    outer loop
      vertex -2.65373 -5.38124 0.299999
      vertex -2.65359 -5.39615 0.299999
      vertex -2.99999 -5.19616 0.299999
    endloop
  endfacet
  facet normal -0 0 -1
    outer loop
      vertex -3.33342 -4.98882 0.299999
      vertex -3.34641 -4.99615 0.299999
      vertex -3.33961 -4.98438 0.299999
    endloop
  endfacet
  facet normal 0 0 -1
    outer loop
      vertex -3.34641 -4.99615 0.299999
      vertex -3.33342 -4.98882 0.299999
      vertex -3.00001 -5.19615 0.299999
    endloop
  endfacet
  facet normal -0.865879 0.500253 0
    outer loop
      vertex -3.34641 -4.99615 0.299999
      vertex -3.33961 -4.98438 3.2
      vertex -3.33961 -4.98438 0.299999
    endloop
  endfacet
  facet normal -0.865879 0.500253 0
    outer loop
      vertex -3.33961 -4.98438 3.2
      vertex -3.34641 -4.99615 0.299999
      vertex -3.34641 -4.99615 3.2
    endloop
  endfacet
  facet normal 0.865879 -0.500253 0
    outer loop
      vertex -2.65359 -5.39615 3.2
      vertex -2.64679 -5.38438 0.299999
      vertex -2.64679 -5.38438 3.2
    endloop
  endfacet
  facet normal 0.865879 -0.500253 0
    outer loop
      vertex -2.64679 -5.38438 0.299999
      vertex -2.65359 -5.39615 3.2
      vertex -2.65359 -5.39615 0.299999
    endloop
  endfacet
  facet normal -0.258813 -0.965927 0
    outer loop
      vertex -1.93928 -5.69203 0.299999
      vertex -1.16654 -5.89908 3.2
      vertex -1.93928 -5.69203 3.2
    endloop
  endfacet
  facet normal -0.258813 -0.965927 -0
    outer loop
      vertex -1.16654 -5.89908 3.2
      vertex -1.93928 -5.69203 0.299999
      vertex -1.16654 -5.89908 0.299999
    endloop
  endfacet
  facet normal 0 0 1
    outer loop
      vertex -1.17054 -5.88471 3.2
      vertex -1.16654 -5.89908 3.2
      vertex -1.16302 -5.88595 3.2
    endloop
  endfacet
  facet normal 0 0 1
    outer loop
      vertex -1.55291 -5.79555 3.2
      vertex -1.16654 -5.89908 3.2
      vertex -1.17054 -5.88471 3.2
    endloop
  endfacet
  facet normal 0 0 1
    outer loop
      vertex -1.55291 -5.79555 3.2
      vertex -1.93928 -5.69203 3.2
      vertex -1.16654 -5.89908 3.2
    endloop
  endfacet
  facet normal 0 0 1
    outer loop
      vertex -1.92864 -5.68158 3.2
      vertex -1.93928 -5.69203 3.2
      vertex -1.55291 -5.79555 3.2
    endloop
  endfacet
  facet normal 0 0 1
    outer loop
      vertex -1.93928 -5.69203 3.2
      vertex -1.92864 -5.68158 3.2
      vertex -1.93577 -5.6789 3.2
    endloop
  endfacet
  facet normal 0 0 -1
    outer loop
      vertex -1.16654 -5.89908 0.299999
      vertex -1.17054 -5.88471 0.299999
      vertex -1.16302 -5.88595 0.299999
    endloop
  endfacet
  facet normal 0 0 -1
    outer loop
      vertex -1.16654 -5.89908 0.299999
      vertex -1.55291 -5.79555 0.299999
      vertex -1.17054 -5.88471 0.299999
    endloop
  endfacet
  facet normal -0 0 -1
    outer loop
      vertex -1.92864 -5.68158 0.299999
      vertex -1.93928 -5.69203 0.299999
      vertex -1.93577 -5.6789 0.299999
    endloop
  endfacet
  facet normal 0 0 -1
    outer loop
      vertex -1.55291 -5.79555 0.299999
      vertex -1.93928 -5.69203 0.299999
      vertex -1.92864 -5.68158 0.299999
    endloop
  endfacet
  facet normal 0 0 -1
    outer loop
      vertex -1.93928 -5.69203 0.299999
      vertex -1.55291 -5.79555 0.299999
      vertex -1.16654 -5.89908 0.299999
    endloop
  endfacet
  facet normal -0.966076 0.258258 0
    outer loop
      vertex -1.93928 -5.69203 0.299999
      vertex -1.93577 -5.6789 3.2
      vertex -1.93577 -5.6789 0.299999
    endloop
  endfacet
  facet normal -0.966076 0.258258 0
    outer loop
      vertex -1.93577 -5.6789 3.2
      vertex -1.93928 -5.69203 0.299999
      vertex -1.93928 -5.69203 3.2
    endloop
  endfacet
  facet normal 0.965892 -0.258944 0
    outer loop
      vertex -1.16654 -5.89908 3.2
      vertex -1.16302 -5.88595 0.299999
      vertex -1.16302 -5.88595 3.2
    endloop
  endfacet
  facet normal 0.965892 -0.258944 0
    outer loop
      vertex -1.16302 -5.88595 0.299999
      vertex -1.16654 -5.89908 3.2
      vertex -1.16654 -5.89908 0.299999
    endloop
  endfacet
  facet normal 0 -1 0
    outer loop
      vertex 0 -6 0.299999
      vertex 0 -6 3.2
      vertex -0.4 -6 3.2
    endloop
  endfacet
  facet normal 0 -1 0
    outer loop
      vertex 0 -6 0.299999
      vertex -0.4 -6 3.2
      vertex -0.4 -6 0.299999
    endloop
  endfacet
  facet normal 0 -1 0
    outer loop
      vertex 0 -6 3.2
      vertex 0 -6 0.299999
      vertex 0.4 -6 3.2
    endloop
  endfacet
  facet normal 0 -1 -0
    outer loop
      vertex 0.4 -6 3.2
      vertex 0 -6 0.299999
      vertex 0.4 -6 0.299999
    endloop
  endfacet
  facet normal -0 0 1
    outer loop
      vertex 0.392418 -5.98715 3.2
      vertex 0.4 -6 3.2
      vertex 0.4 -5.98641 3.2
    endloop
  endfacet
  facet normal 0 0 1
    outer loop
      vertex 0.4 -6 3.2
      vertex 0.392418 -5.98715 3.2
      vertex 0 -6 3.2
    endloop
  endfacet
  facet normal 0 0 1
    outer loop
      vertex -0.392418 -5.98715 3.2
      vertex -0.4 -6 3.2
      vertex 0 -6 3.2
    endloop
  endfacet
  facet normal 0 0 1
    outer loop
      vertex -0.4 -6 3.2
      vertex -0.392418 -5.98715 3.2
      vertex -0.4 -5.98641 3.2
    endloop
  endfacet
  facet normal 0 0 -1
    outer loop
      vertex 0.4 -6 0.299999
      vertex 0.392418 -5.98715 0.299999
      vertex 0.4 -5.98641 0.299999
    endloop
  endfacet
  facet normal 0 -0 -1
    outer loop
      vertex 0.392418 -5.98715 0.299999
      vertex 0.4 -6 0.299999
      vertex 0 -6 0.299999
    endloop
  endfacet
  facet normal 0 0 -1
    outer loop
      vertex -0.4 -6 0.299999
      vertex -0.392418 -5.98715 0.299999
      vertex 0 -6 0.299999
    endloop
  endfacet
  facet normal -0 0 -1
    outer loop
      vertex -0.392418 -5.98715 0.299999
      vertex -0.4 -6 0.299999
      vertex -0.4 -5.98641 0.299999
    endloop
  endfacet
  facet normal 1 -0 0
    outer loop
      vertex 0.4 -6 3.2
      vertex 0.4 -5.98641 0.299999
      vertex 0.4 -5.98641 3.2
    endloop
  endfacet
  facet normal 1 0 0
    outer loop
      vertex 0.4 -5.98641 0.299999
      vertex 0.4 -6 3.2
      vertex 0.4 -6 0.299999
    endloop
  endfacet
  facet normal -1 0 0
    outer loop
      vertex -0.4 -6 0.299999
      vertex -0.4 -5.98641 3.2
      vertex -0.4 -5.98641 0.299999
    endloop
  endfacet
  facet normal -1 -0 0
    outer loop
      vertex -0.4 -5.98641 3.2
      vertex -0.4 -6 0.299999
      vertex -0.4 -6 3.2
    endloop
  endfacet
  facet normal 0.258813 -0.965927 0
    outer loop
      vertex 1.16654 -5.89908 0.299999
      vertex 1.93928 -5.69203 3.2
      vertex 1.16654 -5.89908 3.2
    endloop
  endfacet
  facet normal 0.258813 -0.965927 0
    outer loop
      vertex 1.93928 -5.69203 3.2
      vertex 1.16654 -5.89908 0.299999
      vertex 1.93928 -5.69203 0.299999
    endloop
  endfacet
  facet normal -0 0 1
    outer loop
      vertex 1.92864 -5.68158 3.2
      vertex 1.93928 -5.69203 3.2
      vertex 1.93577 -5.6789 3.2
    endloop
  endfacet
  facet normal 0 0 1
    outer loop
      vertex 1.55291 -5.79555 3.2
      vertex 1.93928 -5.69203 3.2
      vertex 1.92864 -5.68158 3.2
    endloop
  endfacet
  facet normal -0 0 1
    outer loop
      vertex 1.55291 -5.79555 3.2
      vertex 1.16654 -5.89908 3.2
      vertex 1.93928 -5.69203 3.2
    endloop
  endfacet
  facet normal -0 0 1
    outer loop
      vertex 1.17054 -5.88471 3.2
      vertex 1.16654 -5.89908 3.2
      vertex 1.55291 -5.79555 3.2
    endloop
  endfacet
  facet normal 0 -0 1
    outer loop
      vertex 1.16654 -5.89908 3.2
      vertex 1.17054 -5.88471 3.2
      vertex 1.16302 -5.88595 3.2
    endloop
  endfacet
  facet normal 0 0 -1
    outer loop
      vertex 1.93928 -5.69203 0.299999
      vertex 1.92864 -5.68158 0.299999
      vertex 1.93577 -5.6789 0.299999
    endloop
  endfacet
  facet normal -0 0 -1
    outer loop
      vertex 1.93928 -5.69203 0.299999
      vertex 1.55291 -5.79555 0.299999
      vertex 1.92864 -5.68158 0.299999
    endloop
  endfacet
  facet normal 0 0 -1
    outer loop
      vertex 1.16654 -5.89908 0.299999
      vertex 1.55291 -5.79555 0.299999
      vertex 1.93928 -5.69203 0.299999
    endloop
  endfacet
  facet normal 0 0 -1
    outer loop
      vertex 1.16654 -5.89908 0.299999
      vertex 1.17054 -5.88471 0.299999
      vertex 1.55291 -5.79555 0.299999
    endloop
  endfacet
  facet normal 0 0 -1
    outer loop
      vertex 1.17054 -5.88471 0.299999
      vertex 1.16654 -5.89908 0.299999
      vertex 1.16302 -5.88595 0.299999
    endloop
  endfacet
  facet normal 0.966076 0.258258 0
    outer loop
      vertex 1.93928 -5.69203 3.2
      vertex 1.93577 -5.6789 0.299999
      vertex 1.93577 -5.6789 3.2
    endloop
  endfacet
  facet normal 0.966076 0.258258 0
    outer loop
      vertex 1.93577 -5.6789 0.299999
      vertex 1.93928 -5.69203 3.2
      vertex 1.93928 -5.69203 0.299999
    endloop
  endfacet
  facet normal -0.965892 -0.258944 0
    outer loop
      vertex 1.16654 -5.89908 0.299999
      vertex 1.16302 -5.88595 3.2
      vertex 1.16302 -5.88595 0.299999
    endloop
  endfacet
  facet normal -0.965892 -0.258944 0
    outer loop
      vertex 1.16302 -5.88595 3.2
      vertex 1.16654 -5.89908 0.299999
      vertex 1.16654 -5.89908 3.2
    endloop
  endfacet
  facet normal 0.500011 -0.866019 0
    outer loop
      vertex 3.00001 -5.19615 0.299999
      vertex 3.34641 -4.99615 3.2
      vertex 3.00001 -5.19615 3.2
    endloop
  endfacet
  facet normal 0.500011 -0.866019 0
    outer loop
      vertex 3.34641 -4.99615 3.2
      vertex 3.00001 -5.19615 0.299999
      vertex 3.34641 -4.99615 0.299999
    endloop
  endfacet
  facet normal 0.499992 -0.86603 0
    outer loop
      vertex 2.65359 -5.39615 0.299999
      vertex 2.99999 -5.19616 3.2
      vertex 2.65359 -5.39615 3.2
    endloop
  endfacet
  facet normal 0.499992 -0.86603 0
    outer loop
      vertex 2.99999 -5.19616 3.2
      vertex 2.65359 -5.39615 0.299999
      vertex 2.99999 -5.19616 0.299999
    endloop
  endfacet
  facet normal -0 0 1
    outer loop
      vertex 3.33342 -4.98882 3.2
      vertex 3.34641 -4.99615 3.2
      vertex 3.33961 -4.98438 3.2
    endloop
  endfacet
  facet normal 0 0 1
    outer loop
      vertex 3.34641 -4.99615 3.2
      vertex 3.33342 -4.98882 3.2
      vertex 3.00001 -5.19615 3.2
    endloop
  endfacet
  facet normal -0 0 1
    outer loop
      vertex 2.65373 -5.38124 3.2
      vertex 2.65359 -5.39615 3.2
      vertex 2.99999 -5.19616 3.2
    endloop
  endfacet
  facet normal 0 -0 1
    outer loop
      vertex 2.65359 -5.39615 3.2
      vertex 2.65373 -5.38124 3.2
      vertex 2.64679 -5.38438 3.2
    endloop
  endfacet
  facet normal 0 0 -1
    outer loop
      vertex 3.34641 -4.99615 0.299999
      vertex 3.33342 -4.98882 0.299999
      vertex 3.33961 -4.98438 0.299999
    endloop
  endfacet
  facet normal 0 -0 -1
    outer loop
      vertex 3.33342 -4.98882 0.299999
      vertex 3.34641 -4.99615 0.299999
      vertex 3.00001 -5.19615 0.299999
    endloop
  endfacet
  facet normal 0 0 -1
    outer loop
      vertex 2.65359 -5.39615 0.299999
      vertex 2.65373 -5.38124 0.299999
      vertex 2.99999 -5.19616 0.299999
    endloop
  endfacet
  facet normal 0 0 -1
    outer loop
      vertex 2.65373 -5.38124 0.299999
      vertex 2.65359 -5.39615 0.299999
      vertex 2.64679 -5.38438 0.299999
    endloop
  endfacet
  facet normal 0.865879 0.500253 0
    outer loop
      vertex 3.34641 -4.99615 3.2
      vertex 3.33961 -4.98438 0.299999
      vertex 3.33961 -4.98438 3.2
    endloop
  endfacet
  facet normal 0.865879 0.500253 0
    outer loop
      vertex 3.33961 -4.98438 0.299999
      vertex 3.34641 -4.99615 3.2
      vertex 3.34641 -4.99615 0.299999
    endloop
  endfacet
  facet normal -0.865879 -0.500253 0
    outer loop
      vertex 2.65359 -5.39615 0.299999
      vertex 2.64679 -5.38438 3.2
      vertex 2.64679 -5.38438 0.299999
    endloop
  endfacet
  facet normal -0.865879 -0.500253 0
    outer loop
      vertex 2.64679 -5.38438 3.2
      vertex 2.65359 -5.39615 0.299999
      vertex 2.65359 -5.39615 3.2
    endloop
  endfacet
  facet normal 0.707107 -0.707107 0
    outer loop
      vertex 4.24264 -4.24264 3.2
      vertex 4.52548 -3.9598 0.299999
      vertex 4.52548 -3.9598 3.2
    endloop
  endfacet
  facet normal 0.707107 -0.707107 0
    outer loop
      vertex 4.24264 -4.24264 3.2
      vertex 4.24264 -4.24264 0.299999
      vertex 4.52548 -3.9598 0.299999
    endloop
  endfacet
  facet normal 0.707107 -0.707107 0
    outer loop
      vertex 3.9598 -4.52548 3.2
      vertex 4.24264 -4.24264 0.299999
      vertex 4.24264 -4.24264 3.2
    endloop
  endfacet
  facet normal 0.707107 -0.707107 0
    outer loop
      vertex 4.24264 -4.24264 0.299999
      vertex 3.9598 -4.52548 3.2
      vertex 3.9598 -4.52548 0.299999
    endloop
  endfacet
  facet normal -0 0 1
    outer loop
      vertex 4.51104 -3.95607 3.2
      vertex 4.52548 -3.9598 3.2
      vertex 4.51587 -3.95019 3.2
    endloop
  endfacet
  facet normal 0 0 1
    outer loop
      vertex 4.52548 -3.9598 3.2
      vertex 4.51104 -3.95607 3.2
      vertex 4.24264 -4.24264 3.2
    endloop
  endfacet
  facet normal -0 0 1
    outer loop
      vertex 3.95607 -4.51104 3.2
      vertex 3.9598 -4.52548 3.2
      vertex 4.24264 -4.24264 3.2
    endloop
  endfacet
  facet normal 0 0 1
    outer loop
      vertex 3.9598 -4.52548 3.2
      vertex 3.95607 -4.51104 3.2
      vertex 3.95019 -4.51587 3.2
    endloop
  endfacet
  facet normal 0 0 -1
    outer loop
      vertex 4.52548 -3.9598 0.299999
      vertex 4.51104 -3.95607 0.299999
      vertex 4.51587 -3.95019 0.299999
    endloop
  endfacet
  facet normal 0 -0 -1
    outer loop
      vertex 4.51104 -3.95607 0.299999
      vertex 4.52548 -3.9598 0.299999
      vertex 4.24264 -4.24264 0.299999
    endloop
  endfacet
  facet normal 0 0 -1
    outer loop
      vertex 3.9598 -4.52548 0.299999
      vertex 3.95607 -4.51104 0.299999
      vertex 4.24264 -4.24264 0.299999
    endloop
  endfacet
  facet normal 0 -0 -1
    outer loop
      vertex 3.95607 -4.51104 0.299999
      vertex 3.9598 -4.52548 0.299999
      vertex 3.95019 -4.51587 0.299999
    endloop
  endfacet
  facet normal 0.707107 0.707107 0
    outer loop
      vertex 4.52548 -3.9598 3.2
      vertex 4.51587 -3.95019 0.299999
      vertex 4.51587 -3.95019 3.2
    endloop
  endfacet
  facet normal 0.707107 0.707107 0
    outer loop
      vertex 4.51587 -3.95019 0.299999
      vertex 4.52548 -3.9598 3.2
      vertex 4.52548 -3.9598 0.299999
    endloop
  endfacet
  facet normal -0.707107 -0.707107 0
    outer loop
      vertex 3.95019 -4.51587 0.299999
      vertex 3.9598 -4.52548 3.2
      vertex 3.95019 -4.51587 3.2
    endloop
  endfacet
  facet normal -0.707107 -0.707107 -0
    outer loop
      vertex 3.9598 -4.52548 3.2
      vertex 3.95019 -4.51587 0.299999
      vertex 3.9598 -4.52548 0.299999
    endloop
  endfacet
  facet normal 0.86603 -0.499992 0
    outer loop
      vertex 5.19616 -2.99999 3.2
      vertex 5.39615 -2.65359 0.299999
      vertex 5.39615 -2.65359 3.2
    endloop
  endfacet
  facet normal 0.86603 -0.499992 0
    outer loop
      vertex 5.39615 -2.65359 0.299999
      vertex 5.19616 -2.99999 3.2
      vertex 5.19616 -2.99999 0.299999
    endloop
  endfacet
  facet normal 0.866019 -0.500011 0
    outer loop
      vertex 4.99615 -3.34641 3.2
      vertex 5.19615 -3.00001 0.299999
      vertex 5.19615 -3.00001 3.2
    endloop
  endfacet
  facet normal 0.866019 -0.500011 0
    outer loop
      vertex 5.19615 -3.00001 0.299999
      vertex 4.99615 -3.34641 3.2
      vertex 4.99615 -3.34641 0.299999
    endloop
  endfacet
  facet normal 0 0 1
    outer loop
      vertex 5.38124 -2.65373 3.2
      vertex 5.39615 -2.65359 3.2
      vertex 5.38438 -2.64679 3.2
    endloop
  endfacet
  facet normal 0 0 1
    outer loop
      vertex 5.39615 -2.65359 3.2
      vertex 5.38124 -2.65373 3.2
      vertex 5.19616 -2.99999 3.2
    endloop
  endfacet
  facet normal -0 0 1
    outer loop
      vertex 4.98882 -3.33342 3.2
      vertex 4.99615 -3.34641 3.2
      vertex 5.19615 -3.00001 3.2
    endloop
  endfacet
  facet normal 0 0 1
    outer loop
      vertex 4.99615 -3.34641 3.2
      vertex 4.98882 -3.33342 3.2
      vertex 4.98438 -3.33961 3.2
    endloop
  endfacet
  facet normal -0 0 -1
    outer loop
      vertex 5.39615 -2.65359 0.299999
      vertex 5.38124 -2.65373 0.299999
      vertex 5.38438 -2.64679 0.299999
    endloop
  endfacet
  facet normal 0 -0 -1
    outer loop
      vertex 5.38124 -2.65373 0.299999
      vertex 5.39615 -2.65359 0.299999
      vertex 5.19616 -2.99999 0.299999
    endloop
  endfacet
  facet normal 0 0 -1
    outer loop
      vertex 4.99615 -3.34641 0.299999
      vertex 4.98882 -3.33342 0.299999
      vertex 5.19615 -3.00001 0.299999
    endloop
  endfacet
  facet normal 0 -0 -1
    outer loop
      vertex 4.98882 -3.33342 0.299999
      vertex 4.99615 -3.34641 0.299999
      vertex 4.98438 -3.33961 0.299999
    endloop
  endfacet
  facet normal 0.500253 0.865879 -0
    outer loop
      vertex 5.39615 -2.65359 0.299999
      vertex 5.38438 -2.64679 3.2
      vertex 5.39615 -2.65359 3.2
    endloop
  endfacet
  facet normal 0.500253 0.865879 0
    outer loop
      vertex 5.38438 -2.64679 3.2
      vertex 5.39615 -2.65359 0.299999
      vertex 5.38438 -2.64679 0.299999
    endloop
  endfacet
  facet normal -0.500253 -0.865879 0
    outer loop
      vertex 4.98438 -3.33961 0.299999
      vertex 4.99615 -3.34641 3.2
      vertex 4.98438 -3.33961 3.2
    endloop
  endfacet
  facet normal -0.500253 -0.865879 -0
    outer loop
      vertex 4.99615 -3.34641 3.2
      vertex 4.98438 -3.33961 0.299999
      vertex 4.99615 -3.34641 0.299999
    endloop
  endfacet
  facet normal 0.965927 -0.258813 0
    outer loop
      vertex 5.69203 -1.93928 3.2
      vertex 5.89908 -1.16654 0.299999
      vertex 5.89908 -1.16654 3.2
    endloop
  endfacet
  facet normal 0.965927 -0.258813 0
    outer loop
      vertex 5.89908 -1.16654 0.299999
      vertex 5.69203 -1.93928 3.2
      vertex 5.69203 -1.93928 0.299999
    endloop
  endfacet
  facet normal 0 0 1
    outer loop
      vertex 5.88471 -1.17054 3.2
      vertex 5.89908 -1.16654 3.2
      vertex 5.88595 -1.16302 3.2
    endloop
  endfacet
  facet normal 0 0 1
    outer loop
      vertex 5.79555 -1.55291 3.2
      vertex 5.89908 -1.16654 3.2
      vertex 5.88471 -1.17054 3.2
    endloop
  endfacet
  facet normal -0 0 1
    outer loop
      vertex 5.79555 -1.55291 3.2
      vertex 5.69203 -1.93928 3.2
      vertex 5.89908 -1.16654 3.2
    endloop
  endfacet
  facet normal -0 0 1
    outer loop
      vertex 5.68158 -1.92864 3.2
      vertex 5.69203 -1.93928 3.2
      vertex 5.79555 -1.55291 3.2
    endloop
  endfacet
  facet normal 0 0 1
    outer loop
      vertex 5.69203 -1.93928 3.2
      vertex 5.68158 -1.92864 3.2
      vertex 5.6789 -1.93577 3.2
    endloop
  endfacet
  facet normal -0 0 -1
    outer loop
      vertex 5.89908 -1.16654 0.299999
      vertex 5.88471 -1.17054 0.299999
      vertex 5.88595 -1.16302 0.299999
    endloop
  endfacet
  facet normal 0 0 -1
    outer loop
      vertex 5.89908 -1.16654 0.299999
      vertex 5.79555 -1.55291 0.299999
      vertex 5.88471 -1.17054 0.299999
    endloop
  endfacet
  facet normal 0 0 -1
    outer loop
      vertex 5.69203 -1.93928 0.299999
      vertex 5.79555 -1.55291 0.299999
      vertex 5.89908 -1.16654 0.299999
    endloop
  endfacet
  facet normal 0 0 -1
    outer loop
      vertex 5.69203 -1.93928 0.299999
      vertex 5.68158 -1.92864 0.299999
      vertex 5.79555 -1.55291 0.299999
    endloop
  endfacet
  facet normal 0 -0 -1
    outer loop
      vertex 5.68158 -1.92864 0.299999
      vertex 5.69203 -1.93928 0.299999
      vertex 5.6789 -1.93577 0.299999
    endloop
  endfacet
  facet normal 0.258944 0.965892 -0
    outer loop
      vertex 5.89908 -1.16654 0.299999
      vertex 5.88595 -1.16302 3.2
      vertex 5.89908 -1.16654 3.2
    endloop
  endfacet
  facet normal 0.258944 0.965892 0
    outer loop
      vertex 5.88595 -1.16302 3.2
      vertex 5.89908 -1.16654 0.299999
      vertex 5.88595 -1.16302 0.299999
    endloop
  endfacet
  facet normal -0.258258 -0.966076 0
    outer loop
      vertex 5.6789 -1.93577 0.299999
      vertex 5.69203 -1.93928 3.2
      vertex 5.6789 -1.93577 3.2
    endloop
  endfacet
  facet normal -0.258258 -0.966076 -0
    outer loop
      vertex 5.69203 -1.93928 3.2
      vertex 5.6789 -1.93577 0.299999
      vertex 5.69203 -1.93928 0.299999
    endloop
  endfacet
  facet normal 0.995184 0.0980234 0
    outer loop
      vertex 5.94867 0.783156 3.5
      vertex 5.98641 0.4 3.2
      vertex 5.94867 0.783156 0
    endloop
  endfacet
  facet normal 0.995186 0.0980062 2.21519e-05
    outer loop
      vertex 5.98715 0.392418 3.5
      vertex 5.98641 0.4 3.2
      vertex 5.94867 0.783156 3.5
    endloop
  endfacet
  facet normal 0.995271 0.097138 0
    outer loop
      vertex 5.98641 0.4 3.2
      vertex 5.98715 0.392418 3.5
      vertex 5.98715 0.392418 3.2
    endloop
  endfacet
  facet normal 0.995184 0.0980234 -0
    outer loop
      vertex 5.98641 0.4 0.299999
      vertex 5.94867 0.783156 0
      vertex 5.98641 0.4 3.2
    endloop
  endfacet
  facet normal 0.995271 0.097138 -0
    outer loop
      vertex 5.98715 0.392418 0
      vertex 5.98641 0.4 0.299999
      vertex 5.98715 0.392418 0.299999
    endloop
  endfacet
  facet normal 0.995186 0.0980062 -2.2152e-05
    outer loop
      vertex 5.98641 0.4 0.299999
      vertex 5.98715 0.392418 0
      vertex 5.94867 0.783156 0
    endloop
  endfacet
  facet normal 0.999464 0.0327282 0
    outer loop
      vertex 6 0 0.299999
      vertex 5.98715 0.392418 0
      vertex 5.98715 0.392418 0.299999
    endloop
  endfacet
  facet normal 0.999464 0.0327282 0
    outer loop
      vertex 5.98715 0.392418 0
      vertex 6 0 0.299999
      vertex 6 0 0
    endloop
  endfacet
  facet normal 0.999464 0.0327282 0
    outer loop
      vertex 6 0 3.5
      vertex 5.98715 0.392418 3.2
      vertex 5.98715 0.392418 3.5
    endloop
  endfacet
  facet normal 0.999464 0.0327282 0
    outer loop
      vertex 5.98715 0.392418 3.2
      vertex 6 0 3.5
      vertex 6 0 3.2
    endloop
  endfacet
  facet normal 0.986676 0.162697 0
    outer loop
      vertex 5.88471 1.17054 3.5
      vertex 5.88595 1.16302 3.2
      vertex 5.88471 1.17054 3.2
    endloop
  endfacet
  facet normal 0.986642 0.162906 0
    outer loop
      vertex 5.88595 1.16302 3.2
      vertex 5.94867 0.783156 3.5
      vertex 5.88595 1.16302 0.299999
    endloop
  endfacet
  facet normal 0.986642 0.162902 -5.28948e-06
    outer loop
      vertex 5.94867 0.783156 3.5
      vertex 5.88595 1.16302 3.2
      vertex 5.88471 1.17054 3.5
    endloop
  endfacet
  facet normal 0.986676 0.162697 0
    outer loop
      vertex 5.88595 1.16302 0.299999
      vertex 5.88471 1.17054 0
      vertex 5.88471 1.17054 0.299999
    endloop
  endfacet
  facet normal 0.986642 0.162906 -0
    outer loop
      vertex 5.94867 0.783156 0
      vertex 5.88595 1.16302 0.299999
      vertex 5.94867 0.783156 3.5
    endloop
  endfacet
  facet normal 0.986642 0.162902 5.28949e-06
    outer loop
      vertex 5.88595 1.16302 0.299999
      vertex 5.94867 0.783156 0
      vertex 5.88471 1.17054 0
    endloop
  endfacet
  facet normal -0.812579 -0.582851 0
    outer loop
      vertex -4.98882 -3.33342 0
      vertex -4.98438 -3.33961 0.299999
      vertex -4.98882 -3.33342 0.299999
    endloop
  endfacet
  facet normal -0.812852 -0.582471 0
    outer loop
      vertex -4.98438 -3.33961 0.299999
      vertex -4.76012 -3.65257 0
      vertex -4.98438 -3.33961 3.2
    endloop
  endfacet
  facet normal -0.812846 -0.582478 1.16564e-05
    outer loop
      vertex -4.76012 -3.65257 0
      vertex -4.98438 -3.33961 0.299999
      vertex -4.98882 -3.33342 0
    endloop
  endfacet
  facet normal -0.812579 -0.582851 0
    outer loop
      vertex -4.98438 -3.33961 3.2
      vertex -4.98882 -3.33342 3.5
      vertex -4.98882 -3.33342 3.2
    endloop
  endfacet
  facet normal -0.812852 -0.582471 -0
    outer loop
      vertex -4.76012 -3.65257 3.5
      vertex -4.98438 -3.33961 3.2
      vertex -4.76012 -3.65257 0
    endloop
  endfacet
  facet normal -0.812846 -0.582478 -1.16564e-05
    outer loop
      vertex -4.98438 -3.33961 3.2
      vertex -4.76012 -3.65257 3.5
      vertex -4.98882 -3.33342 3.5
    endloop
  endfacet
  facet normal 0.995271 -0.097138 0
    outer loop
      vertex 5.98715 -0.392418 3.5
      vertex 5.98641 -0.4 3.2
      vertex 5.98715 -0.392418 3.2
    endloop
  endfacet
  facet normal 0.995184 -0.0980234 0
    outer loop
      vertex 5.98641 -0.4 3.2
      vertex 5.94867 -0.783156 3.5
      vertex 5.98641 -0.4 0.299999
    endloop
  endfacet
  facet normal 0.995186 -0.0980062 2.21519e-05
    outer loop
      vertex 5.94867 -0.783156 3.5
      vertex 5.98641 -0.4 3.2
      vertex 5.98715 -0.392418 3.5
    endloop
  endfacet
  facet normal 0.995271 -0.097138 0
    outer loop
      vertex 5.98641 -0.4 0.299999
      vertex 5.98715 -0.392418 0
      vertex 5.98715 -0.392418 0.299999
    endloop
  endfacet
  facet normal 0.995184 -0.0980234 0
    outer loop
      vertex 5.94867 -0.783156 0
      vertex 5.98641 -0.4 0.299999
      vertex 5.94867 -0.783156 3.5
    endloop
  endfacet
  facet normal 0.995186 -0.0980062 -2.2152e-05
    outer loop
      vertex 5.98641 -0.4 0.299999
      vertex 5.94867 -0.783156 0
      vertex 5.98715 -0.392418 0
    endloop
  endfacet
  facet normal 0.935905 0.352253 0
    outer loop
      vertex 5.54328 2.2961 3.5
      vertex 5.6789 1.93577 3.2
      vertex 5.54328 2.2961 0
    endloop
  endfacet
  facet normal 0.935908 0.352245 1.09197e-05
    outer loop
      vertex 5.68158 1.92864 3.5
      vertex 5.6789 1.93577 3.2
      vertex 5.54328 2.2961 3.5
    endloop
  endfacet
  facet normal 0.936059 0.351843 0
    outer loop
      vertex 5.6789 1.93577 3.2
      vertex 5.68158 1.92864 3.5
      vertex 5.68158 1.92864 3.2
    endloop
  endfacet
  facet normal 0.935905 0.352253 -0
    outer loop
      vertex 5.6789 1.93577 0.299999
      vertex 5.54328 2.2961 0
      vertex 5.6789 1.93577 3.2
    endloop
  endfacet
  facet normal 0.936059 0.351843 -0
    outer loop
      vertex 5.68158 1.92864 0
      vertex 5.6789 1.93577 0.299999
      vertex 5.68158 1.92864 0.299999
    endloop
  endfacet
  facet normal 0.935908 0.352245 -1.09197e-05
    outer loop
      vertex 5.6789 1.93577 0.299999
      vertex 5.68158 1.92864 0
      vertex 5.54328 2.2961 0
    endloop
  endfacet
  facet normal 0.973875 0.227085 0
    outer loop
      vertex 5.88471 1.17054 0.299999
      vertex 5.79555 1.55291 0
      vertex 5.79555 1.55291 0.299999
    endloop
  endfacet
  facet normal 0.973875 0.227085 0
    outer loop
      vertex 5.79555 1.55291 0
      vertex 5.88471 1.17054 0.299999
      vertex 5.88471 1.17054 0
    endloop
  endfacet
  facet normal 0.973875 0.227085 0
    outer loop
      vertex 5.88471 1.17054 3.5
      vertex 5.79555 1.55291 3.2
      vertex 5.79555 1.55291 3.5
    endloop
  endfacet
  facet normal 0.973875 0.227085 0
    outer loop
      vertex 5.79555 1.55291 3.2
      vertex 5.88471 1.17054 3.5
      vertex 5.88471 1.17054 3.2
    endloop
  endfacet
  facet normal -0.935905 0.352253 0
    outer loop
      vertex -5.54328 2.2961 0
      vertex -5.6789 1.93577 0.299999
      vertex -5.54328 2.2961 3.5
    endloop
  endfacet
  facet normal -0.935908 0.352245 -1.09197e-05
    outer loop
      vertex -5.68158 1.92864 0
      vertex -5.6789 1.93577 0.299999
      vertex -5.54328 2.2961 0
    endloop
  endfacet
  facet normal -0.936059 0.351843 0
    outer loop
      vertex -5.6789 1.93577 0.299999
      vertex -5.68158 1.92864 0
      vertex -5.68158 1.92864 0.299999
    endloop
  endfacet
  facet normal -0.935905 0.352253 0
    outer loop
      vertex -5.6789 1.93577 3.2
      vertex -5.54328 2.2961 3.5
      vertex -5.6789 1.93577 0.299999
    endloop
  endfacet
  facet normal -0.936059 0.351843 0
    outer loop
      vertex -5.68158 1.92864 3.5
      vertex -5.6789 1.93577 3.2
      vertex -5.68158 1.92864 3.2
    endloop
  endfacet
  facet normal -0.935908 0.352245 1.09197e-05
    outer loop
      vertex -5.6789 1.93577 3.2
      vertex -5.68158 1.92864 3.5
      vertex -5.54328 2.2961 3.5
    endloop
  endfacet
  facet normal 0.471406 0.881916 1.36837e-05
    outer loop
      vertex 3 5.19615 3.5
      vertex 2.99999 5.19616 3.2
      vertex 2.65373 5.38124 3.5
    endloop
  endfacet
  facet normal 0.707107 0.707107 0
    outer loop
      vertex 3 5.19615 3.5
      vertex 2.99999 5.19616 0.299999
      vertex 2.99999 5.19616 3.2
    endloop
  endfacet
  facet normal 0.707107 0.707107 -0
    outer loop
      vertex 3 5.19615 0
      vertex 2.99999 5.19616 0.299999
      vertex 3 5.19615 3.5
    endloop
  endfacet
  facet normal 0.471397 0.881921 -1.36842e-05
    outer loop
      vertex 3 5.19615 0
      vertex 2.65373 5.38124 0.299999
      vertex 2.99999 5.19616 0.299999
    endloop
  endfacet
  facet normal 0.471406 0.881916 0
    outer loop
      vertex 2.65373 5.38124 0.299999
      vertex 3 5.19615 0
      vertex 2.65373 5.38124 0
    endloop
  endfacet
  facet normal 0.471397 0.881921 0
    outer loop
      vertex 2.65373 5.38124 3.5
      vertex 2.99999 5.19616 3.2
      vertex 2.65373 5.38124 3.2
    endloop
  endfacet
  facet normal 0.0327282 -0.999464 0
    outer loop
      vertex 0 -6 0
      vertex 0.392418 -5.98715 0.299999
      vertex 0 -6 0.299999
    endloop
  endfacet
  facet normal 0.0327282 -0.999464 0
    outer loop
      vertex 0.392418 -5.98715 0.299999
      vertex 0 -6 0
      vertex 0.392418 -5.98715 0
    endloop
  endfacet
  facet normal 0.0327282 -0.999464 0
    outer loop
      vertex 0 -6 3.2
      vertex 0.392418 -5.98715 3.5
      vertex 0 -6 3.5
    endloop
  endfacet
  facet normal 0.0327282 -0.999464 0
    outer loop
      vertex 0.392418 -5.98715 3.5
      vertex 0 -6 3.2
      vertex 0.392418 -5.98715 3.2
    endloop
  endfacet
  facet normal -0.634739 -0.772726 -0
    outer loop
      vertex -3.95607 -4.51104 0.299999
      vertex -3.95607 -4.51104 0
      vertex -3.95019 -4.51587 0.299999
    endloop
  endfacet
  facet normal -0.634739 -0.772726 0
    outer loop
      vertex -3.95019 -4.51587 3.2
      vertex -3.95607 -4.51104 3.5
      vertex -3.95607 -4.51104 3.2
    endloop
  endfacet
  facet normal -0.634399 -0.773005 1.11608e-05
    outer loop
      vertex -3.95607 -4.51104 3.5
      vertex -3.95019 -4.51587 3.2
      vertex -3.65257 -4.76012 3.5
    endloop
  endfacet
  facet normal -0.634393 -0.773011 0
    outer loop
      vertex -3.95019 -4.51587 0.299999
      vertex -3.65257 -4.76012 3.5
      vertex -3.95019 -4.51587 3.2
    endloop
  endfacet
  facet normal -0.634399 -0.773005 -1.11609e-05
    outer loop
      vertex -3.65257 -4.76012 0
      vertex -3.95019 -4.51587 0.299999
      vertex -3.95607 -4.51104 0
    endloop
  endfacet
  facet normal -0.634393 -0.773011 0
    outer loop
      vertex -3.95019 -4.51587 0.299999
      vertex -3.65257 -4.76012 0
      vertex -3.65257 -4.76012 3.5
    endloop
  endfacet
  facet normal 0.729867 -0.683589 0
    outer loop
      vertex 4.24264 -4.24264 3.5
      vertex 4.51104 -3.95607 3.2
      vertex 4.51104 -3.95607 3.5
    endloop
  endfacet
  facet normal 0.729867 -0.683589 0
    outer loop
      vertex 4.51104 -3.95607 3.2
      vertex 4.24264 -4.24264 3.5
      vertex 4.24264 -4.24264 3.2
    endloop
  endfacet
  facet normal 0.729867 -0.683589 0
    outer loop
      vertex 4.24264 -4.24264 0.299999
      vertex 4.51104 -3.95607 0
      vertex 4.51104 -3.95607 0.299999
    endloop
  endfacet
  facet normal 0.729867 -0.683589 0
    outer loop
      vertex 4.51104 -3.95607 0
      vertex 4.24264 -4.24264 0.299999
      vertex 4.24264 -4.24264 0
    endloop
  endfacet
  facet normal -0.973875 0.227085 0
    outer loop
      vertex -5.88471 1.17054 0
      vertex -5.79555 1.55291 0.299999
      vertex -5.79555 1.55291 0
    endloop
  endfacet
  facet normal -0.973875 0.227085 0
    outer loop
      vertex -5.79555 1.55291 0.299999
      vertex -5.88471 1.17054 0
      vertex -5.88471 1.17054 0.299999
    endloop
  endfacet
  facet normal -0.973875 0.227085 0
    outer loop
      vertex -5.88471 1.17054 3.2
      vertex -5.79555 1.55291 3.5
      vertex -5.79555 1.55291 3.2
    endloop
  endfacet
  facet normal -0.973875 0.227085 0
    outer loop
      vertex -5.79555 1.55291 3.5
      vertex -5.88471 1.17054 3.2
      vertex -5.88471 1.17054 3.5
    endloop
  endfacet
  facet normal 0.911084 0.41222 0
    outer loop
      vertex 5.38124 2.65373 3.5
      vertex 5.38438 2.64679 3.2
      vertex 5.38124 2.65373 3.2
    endloop
  endfacet
  facet normal 0.91086 0.412717 0
    outer loop
      vertex 5.38438 2.64679 3.2
      vertex 5.54328 2.2961 3.5
      vertex 5.38438 2.64679 0.299999
    endloop
  endfacet
  facet normal 0.910864 0.412707 -1.35786e-05
    outer loop
      vertex 5.54328 2.2961 3.5
      vertex 5.38438 2.64679 3.2
      vertex 5.38124 2.65373 3.5
    endloop
  endfacet
  facet normal 0.911084 0.41222 0
    outer loop
      vertex 5.38438 2.64679 0.299999
      vertex 5.38124 2.65373 0
      vertex 5.38124 2.65373 0.299999
    endloop
  endfacet
  facet normal 0.91086 0.412717 -0
    outer loop
      vertex 5.54328 2.2961 0
      vertex 5.38438 2.64679 0.299999
      vertex 5.54328 2.2961 3.5
    endloop
  endfacet
  facet normal 0.910864 0.412707 1.35787e-05
    outer loop
      vertex 5.38438 2.64679 0.299999
      vertex 5.54328 2.2961 0
      vertex 5.38124 2.65373 0
    endloop
  endfacet
  facet normal 0.986642 -0.162906 0
    outer loop
      vertex 5.94867 -0.783156 3.5
      vertex 5.88595 -1.16302 3.2
      vertex 5.94867 -0.783156 0
    endloop
  endfacet
  facet normal 0.986642 -0.162902 -5.28948e-06
    outer loop
      vertex 5.88471 -1.17054 3.5
      vertex 5.88595 -1.16302 3.2
      vertex 5.94867 -0.783156 3.5
    endloop
  endfacet
  facet normal 0.986676 -0.162697 0
    outer loop
      vertex 5.88595 -1.16302 3.2
      vertex 5.88471 -1.17054 3.5
      vertex 5.88471 -1.17054 3.2
    endloop
  endfacet
  facet normal 0.986642 -0.162906 0
    outer loop
      vertex 5.88595 -1.16302 0.299999
      vertex 5.94867 -0.783156 0
      vertex 5.88595 -1.16302 3.2
    endloop
  endfacet
  facet normal 0.986676 -0.162697 0
    outer loop
      vertex 5.88471 -1.17054 0
      vertex 5.88595 -1.16302 0.299999
      vertex 5.88471 -1.17054 0.299999
    endloop
  endfacet
  facet normal 0.986642 -0.162902 5.28949e-06
    outer loop
      vertex 5.88595 -1.16302 0.299999
      vertex 5.88471 -1.17054 0
      vertex 5.94867 -0.783156 0
    endloop
  endfacet
  facet normal 0.772726 0.634739 0
    outer loop
      vertex 4.51104 3.95607 3.5
      vertex 4.51587 3.95019 3.2
      vertex 4.51104 3.95607 3.2
    endloop
  endfacet
  facet normal 0.773011 0.634393 0
    outer loop
      vertex 4.51587 3.95019 3.2
      vertex 4.76012 3.65257 3.5
      vertex 4.51587 3.95019 0.299999
    endloop
  endfacet
  facet normal 0.773005 0.634399 1.11608e-05
    outer loop
      vertex 4.76012 3.65257 3.5
      vertex 4.51587 3.95019 3.2
      vertex 4.51104 3.95607 3.5
    endloop
  endfacet
  facet normal 0.772726 0.634739 0
    outer loop
      vertex 4.51587 3.95019 0.299999
      vertex 4.51104 3.95607 0
      vertex 4.51104 3.95607 0.299999
    endloop
  endfacet
  facet normal 0.773011 0.634393 -0
    outer loop
      vertex 4.76012 3.65257 0
      vertex 4.51587 3.95019 0.299999
      vertex 4.76012 3.65257 3.5
    endloop
  endfacet
  facet normal 0.773005 0.634399 -1.11609e-05
    outer loop
      vertex 4.51587 3.95019 0.299999
      vertex 4.76012 3.65257 0
      vertex 4.51104 3.95607 0
    endloop
  endfacet
  facet normal 0.41222 0.911084 0
    outer loop
      vertex 2.65373 5.38124 0.299999
      vertex 2.65373 5.38124 0
      vertex 2.64679 5.38438 0.299999
    endloop
  endfacet
  facet normal 0.41222 0.911084 0
    outer loop
      vertex 2.64679 5.38438 3.2
      vertex 2.65373 5.38124 3.5
      vertex 2.65373 5.38124 3.2
    endloop
  endfacet
  facet normal 0.412707 0.910864 -1.35786e-05
    outer loop
      vertex 2.65373 5.38124 3.5
      vertex 2.64679 5.38438 3.2
      vertex 2.2961 5.54328 3.5
    endloop
  endfacet
  facet normal 0.412717 0.91086 -0
    outer loop
      vertex 2.64679 5.38438 0.299999
      vertex 2.2961 5.54328 3.5
      vertex 2.64679 5.38438 3.2
    endloop
  endfacet
  facet normal 0.412707 0.910864 1.35787e-05
    outer loop
      vertex 2.2961 5.54328 0
      vertex 2.64679 5.38438 0.299999
      vertex 2.65373 5.38124 0
    endloop
  endfacet
  facet normal 0.412717 0.91086 0
    outer loop
      vertex 2.64679 5.38438 0.299999
      vertex 2.2961 5.54328 0
      vertex 2.2961 5.54328 3.5
    endloop
  endfacet
  facet normal -0.528072 -0.8492 -0
    outer loop
      vertex -3.33342 -4.98882 0.299999
      vertex -3.33342 -4.98882 0
      vertex -3.00001 -5.19615 0.299999
    endloop
  endfacet
  facet normal -0.528061 -0.849207 0
    outer loop
      vertex -3.33342 -4.98882 3.2
      vertex -3 -5.19615 3.5
      vertex -3.33342 -4.98882 3.5
    endloop
  endfacet
  facet normal -0.528072 -0.8492 1.76024e-05
    outer loop
      vertex -3.00001 -5.19615 3.2
      vertex -3 -5.19615 3.5
      vertex -3.33342 -4.98882 3.2
    endloop
  endfacet
  facet normal 0 -1 0
    outer loop
      vertex -3.00001 -5.19615 0.299999
      vertex -3 -5.19615 3.5
      vertex -3.00001 -5.19615 3.2
    endloop
  endfacet
  facet normal 0 -1 0
    outer loop
      vertex -3.00001 -5.19615 0.299999
      vertex -3 -5.19615 0
      vertex -3 -5.19615 3.5
    endloop
  endfacet
  facet normal -0.528061 -0.849207 -1.76021e-05
    outer loop
      vertex -3 -5.19615 0
      vertex -3.00001 -5.19615 0.299999
      vertex -3.33342 -4.98882 0
    endloop
  endfacet
  facet normal 0.812579 -0.582851 0
    outer loop
      vertex 4.98882 -3.33342 3.5
      vertex 4.98438 -3.33961 3.2
      vertex 4.98882 -3.33342 3.2
    endloop
  endfacet
  facet normal 0.812852 -0.582471 0
    outer loop
      vertex 4.98438 -3.33961 3.2
      vertex 4.76012 -3.65257 3.5
      vertex 4.98438 -3.33961 0.299999
    endloop
  endfacet
  facet normal 0.812846 -0.582478 -1.16564e-05
    outer loop
      vertex 4.76012 -3.65257 3.5
      vertex 4.98438 -3.33961 3.2
      vertex 4.98882 -3.33342 3.5
    endloop
  endfacet
  facet normal 0.812579 -0.582851 0
    outer loop
      vertex 4.98438 -3.33961 0.299999
      vertex 4.98882 -3.33342 0
      vertex 4.98882 -3.33342 0.299999
    endloop
  endfacet
  facet normal 0.812852 -0.582471 0
    outer loop
      vertex 4.76012 -3.65257 0
      vertex 4.98438 -3.33961 0.299999
      vertex 4.76012 -3.65257 3.5
    endloop
  endfacet
  facet normal 0.812846 -0.582478 1.16564e-05
    outer loop
      vertex 4.98438 -3.33961 0.299999
      vertex 4.76012 -3.65257 0
      vertex 4.98882 -3.33342 0
    endloop
  endfacet
  facet normal -0.999464 -0.0327282 0
    outer loop
      vertex -5.98715 -0.392418 3.2
      vertex -6 0 3.5
      vertex -6 0 3.2
    endloop
  endfacet
  facet normal -0.999464 -0.0327282 0
    outer loop
      vertex -6 0 3.5
      vertex -5.98715 -0.392418 3.2
      vertex -5.98715 -0.392418 3.5
    endloop
  endfacet
  facet normal -0.999464 -0.0327282 0
    outer loop
      vertex -5.98715 -0.392418 0
      vertex -6 0 0.299999
      vertex -6 0 0
    endloop
  endfacet
  facet normal -0.999464 -0.0327282 0
    outer loop
      vertex -6 0 0.299999
      vertex -5.98715 -0.392418 0
      vertex -5.98715 -0.392418 0.299999
    endloop
  endfacet
  facet normal -0.936059 -0.351843 0
    outer loop
      vertex -5.68158 -1.92864 0
      vertex -5.6789 -1.93577 0.299999
      vertex -5.68158 -1.92864 0.299999
    endloop
  endfacet
  facet normal -0.935905 -0.352253 0
    outer loop
      vertex -5.6789 -1.93577 0.299999
      vertex -5.54328 -2.2961 0
      vertex -5.6789 -1.93577 3.2
    endloop
  endfacet
  facet normal -0.935908 -0.352245 -1.09197e-05
    outer loop
      vertex -5.54328 -2.2961 0
      vertex -5.6789 -1.93577 0.299999
      vertex -5.68158 -1.92864 0
    endloop
  endfacet
  facet normal -0.936059 -0.351843 0
    outer loop
      vertex -5.6789 -1.93577 3.2
      vertex -5.68158 -1.92864 3.5
      vertex -5.68158 -1.92864 3.2
    endloop
  endfacet
  facet normal -0.935905 -0.352253 -0
    outer loop
      vertex -5.54328 -2.2961 3.5
      vertex -5.6789 -1.93577 3.2
      vertex -5.54328 -2.2961 0
    endloop
  endfacet
  facet normal -0.935908 -0.352245 1.09197e-05
    outer loop
      vertex -5.6789 -1.93577 3.2
      vertex -5.54328 -2.2961 3.5
      vertex -5.68158 -1.92864 3.5
    endloop
  endfacet
  facet normal -0.973875 -0.227085 0
    outer loop
      vertex -5.79555 -1.55291 3.2
      vertex -5.88471 -1.17054 3.5
      vertex -5.88471 -1.17054 3.2
    endloop
  endfacet
  facet normal -0.973875 -0.227085 0
    outer loop
      vertex -5.88471 -1.17054 3.5
      vertex -5.79555 -1.55291 3.2
      vertex -5.79555 -1.55291 3.5
    endloop
  endfacet
  facet normal -0.973875 -0.227085 0
    outer loop
      vertex -5.79555 -1.55291 0
      vertex -5.88471 -1.17054 0.299999
      vertex -5.88471 -1.17054 0
    endloop
  endfacet
  facet normal -0.973875 -0.227085 0
    outer loop
      vertex -5.88471 -1.17054 0.299999
      vertex -5.79555 -1.55291 0
      vertex -5.79555 -1.55291 0.299999
    endloop
  endfacet
  facet normal -0.881921 -0.471397 0
    outer loop
      vertex -5.38124 -2.65373 0
      vertex -5.19616 -2.99999 0.299999
      vertex -5.38124 -2.65373 0.299999
    endloop
  endfacet
  facet normal -0.707107 -0.707107 0
    outer loop
      vertex -5.19616 -2.99999 0.299999
      vertex -5.19615 -3 0
      vertex -5.19616 -2.99999 3.2
    endloop
  endfacet
  facet normal -0.881916 -0.471406 -1.36837e-05
    outer loop
      vertex -5.19615 -3 0
      vertex -5.19616 -2.99999 0.299999
      vertex -5.38124 -2.65373 0
    endloop
  endfacet
  facet normal -0.881921 -0.471397 0
    outer loop
      vertex -5.19616 -2.99999 3.2
      vertex -5.38124 -2.65373 3.5
      vertex -5.38124 -2.65373 3.2
    endloop
  endfacet
  facet normal -0.881916 -0.471406 1.36837e-05
    outer loop
      vertex -5.19616 -2.99999 3.2
      vertex -5.19615 -3 3.5
      vertex -5.38124 -2.65373 3.5
    endloop
  endfacet
  facet normal -0.707107 -0.707107 -0
    outer loop
      vertex -5.19615 -3 3.5
      vertex -5.19616 -2.99999 3.2
      vertex -5.19615 -3 0
    endloop
  endfacet
  facet normal 0.227085 0.973875 -0
    outer loop
      vertex 1.55291 5.79555 0
      vertex 1.17054 5.88471 0.299999
      vertex 1.55291 5.79555 0.299999
    endloop
  endfacet
  facet normal 0.227085 0.973875 0
    outer loop
      vertex 1.17054 5.88471 0.299999
      vertex 1.55291 5.79555 0
      vertex 1.17054 5.88471 0
    endloop
  endfacet
  facet normal 0.227085 0.973875 -0
    outer loop
      vertex 1.55291 5.79555 3.2
      vertex 1.17054 5.88471 3.5
      vertex 1.55291 5.79555 3.5
    endloop
  endfacet
  facet normal 0.227085 0.973875 0
    outer loop
      vertex 1.17054 5.88471 3.5
      vertex 1.55291 5.79555 3.2
      vertex 1.17054 5.88471 3.2
    endloop
  endfacet
  facet normal -0.0327282 -0.999464 0
    outer loop
      vertex -0.392418 -5.98715 3.2
      vertex 0 -6 3.5
      vertex -0.392418 -5.98715 3.5
    endloop
  endfacet
  facet normal -0.0327282 -0.999464 -0
    outer loop
      vertex 0 -6 3.5
      vertex -0.392418 -5.98715 3.2
      vertex 0 -6 3.2
    endloop
  endfacet
  facet normal -0.0327282 -0.999464 0
    outer loop
      vertex -0.392418 -5.98715 0
      vertex 0 -6 0.299999
      vertex -0.392418 -5.98715 0.299999
    endloop
  endfacet
  facet normal -0.0327282 -0.999464 -0
    outer loop
      vertex 0 -6 0.299999
      vertex -0.392418 -5.98715 0
      vertex 0 -6 0
    endloop
  endfacet
  facet normal -0.956945 -0.29027 0
    outer loop
      vertex -5.68158 -1.92864 3.2
      vertex -5.79555 -1.55291 3.5
      vertex -5.79555 -1.55291 3.2
    endloop
  endfacet
  facet normal -0.956945 -0.29027 0
    outer loop
      vertex -5.79555 -1.55291 3.5
      vertex -5.68158 -1.92864 3.2
      vertex -5.68158 -1.92864 3.5
    endloop
  endfacet
  facet normal -0.956945 -0.29027 0
    outer loop
      vertex -5.68158 -1.92864 0
      vertex -5.79555 -1.55291 0.299999
      vertex -5.79555 -1.55291 0
    endloop
  endfacet
  facet normal -0.956945 -0.29027 0
    outer loop
      vertex -5.79555 -1.55291 0.299999
      vertex -5.68158 -1.92864 0
      vertex -5.68158 -1.92864 0.299999
    endloop
  endfacet
  facet normal -0.812852 0.582471 0
    outer loop
      vertex -4.76012 3.65257 0
      vertex -4.98438 3.33961 0.299999
      vertex -4.76012 3.65257 3.5
    endloop
  endfacet
  facet normal -0.812846 0.582478 1.16564e-05
    outer loop
      vertex -4.98882 3.33342 0
      vertex -4.98438 3.33961 0.299999
      vertex -4.76012 3.65257 0
    endloop
  endfacet
  facet normal -0.812579 0.582851 0
    outer loop
      vertex -4.98438 3.33961 0.299999
      vertex -4.98882 3.33342 0
      vertex -4.98882 3.33342 0.299999
    endloop
  endfacet
  facet normal -0.812852 0.582471 0
    outer loop
      vertex -4.98438 3.33961 3.2
      vertex -4.76012 3.65257 3.5
      vertex -4.98438 3.33961 0.299999
    endloop
  endfacet
  facet normal -0.812579 0.582851 0
    outer loop
      vertex -4.98882 3.33342 3.5
      vertex -4.98438 3.33961 3.2
      vertex -4.98882 3.33342 3.2
    endloop
  endfacet
  facet normal -0.812846 0.582478 -1.16564e-05
    outer loop
      vertex -4.98438 3.33961 3.2
      vertex -4.98882 3.33342 3.5
      vertex -4.76012 3.65257 3.5
    endloop
  endfacet
  facet normal 0.351843 -0.936059 0
    outer loop
      vertex 1.92864 -5.68158 0.299999
      vertex 1.92864 -5.68158 0
      vertex 1.93577 -5.6789 0.299999
    endloop
  endfacet
  facet normal 0.351843 -0.936059 0
    outer loop
      vertex 1.93577 -5.6789 3.2
      vertex 1.92864 -5.68158 3.5
      vertex 1.92864 -5.68158 3.2
    endloop
  endfacet
  facet normal 0.352245 -0.935908 1.09197e-05
    outer loop
      vertex 1.92864 -5.68158 3.5
      vertex 1.93577 -5.6789 3.2
      vertex 2.2961 -5.54328 3.5
    endloop
  endfacet
  facet normal 0.352253 -0.935905 0
    outer loop
      vertex 1.93577 -5.6789 0.299999
      vertex 2.2961 -5.54328 3.5
      vertex 1.93577 -5.6789 3.2
    endloop
  endfacet
  facet normal 0.352245 -0.935908 -1.09197e-05
    outer loop
      vertex 2.2961 -5.54328 0
      vertex 1.93577 -5.6789 0.299999
      vertex 1.92864 -5.68158 0
    endloop
  endfacet
  facet normal 0.352253 -0.935905 0
    outer loop
      vertex 1.93577 -5.6789 0.299999
      vertex 2.2961 -5.54328 0
      vertex 2.2961 -5.54328 3.5
    endloop
  endfacet
  facet normal -0.683589 -0.729867 0
    outer loop
      vertex -4.24264 -4.24264 3.2
      vertex -3.95607 -4.51104 3.5
      vertex -4.24264 -4.24264 3.5
    endloop
  endfacet
  facet normal -0.683589 -0.729867 -0
    outer loop
      vertex -3.95607 -4.51104 3.5
      vertex -4.24264 -4.24264 3.2
      vertex -3.95607 -4.51104 3.2
    endloop
  endfacet
  facet normal -0.683589 -0.729867 0
    outer loop
      vertex -4.24264 -4.24264 0
      vertex -3.95607 -4.51104 0.299999
      vertex -4.24264 -4.24264 0.299999
    endloop
  endfacet
  facet normal -0.683589 -0.729867 -0
    outer loop
      vertex -3.95607 -4.51104 0.299999
      vertex -4.24264 -4.24264 0
      vertex -3.95607 -4.51104 0
    endloop
  endfacet
  facet normal 0.29027 0.956945 -0
    outer loop
      vertex 1.92864 5.68158 3.2
      vertex 1.55291 5.79555 3.5
      vertex 1.92864 5.68158 3.5
    endloop
  endfacet
  facet normal 0.29027 0.956945 0
    outer loop
      vertex 1.55291 5.79555 3.5
      vertex 1.92864 5.68158 3.2
      vertex 1.55291 5.79555 3.2
    endloop
  endfacet
  facet normal 0.29027 0.956945 -0
    outer loop
      vertex 1.92864 5.68158 0
      vertex 1.55291 5.79555 0.299999
      vertex 1.92864 5.68158 0.299999
    endloop
  endfacet
  facet normal 0.29027 0.956945 0
    outer loop
      vertex 1.55291 5.79555 0.299999
      vertex 1.92864 5.68158 0
      vertex 1.55291 5.79555 0
    endloop
  endfacet
  facet normal -0.097138 0.995271 0
    outer loop
      vertex -0.392418 5.98715 0.299999
      vertex -0.392418 5.98715 0
      vertex -0.4 5.98641 0.299999
    endloop
  endfacet
  facet normal -0.097138 0.995271 0
    outer loop
      vertex -0.4 5.98641 3.2
      vertex -0.392418 5.98715 3.5
      vertex -0.392418 5.98715 3.2
    endloop
  endfacet
  facet normal -0.0980062 0.995186 2.21519e-05
    outer loop
      vertex -0.392418 5.98715 3.5
      vertex -0.4 5.98641 3.2
      vertex -0.783156 5.94867 3.5
    endloop
  endfacet
  facet normal -0.0980234 0.995184 0
    outer loop
      vertex -0.4 5.98641 0.299999
      vertex -0.783156 5.94867 3.5
      vertex -0.4 5.98641 3.2
    endloop
  endfacet
  facet normal -0.0980062 0.995186 -2.2152e-05
    outer loop
      vertex -0.783156 5.94867 0
      vertex -0.4 5.98641 0.299999
      vertex -0.392418 5.98715 0
    endloop
  endfacet
  facet normal -0.0980234 0.995184 0
    outer loop
      vertex -0.4 5.98641 0.299999
      vertex -0.783156 5.94867 0
      vertex -0.783156 5.94867 3.5
    endloop
  endfacet
  facet normal 0.528072 0.8492 0
    outer loop
      vertex 3.33342 4.98882 0.299999
      vertex 3.33342 4.98882 0
      vertex 3.00001 5.19615 0.299999
    endloop
  endfacet
  facet normal 0.528061 0.849207 -0
    outer loop
      vertex 3.33342 4.98882 3.2
      vertex 3 5.19615 3.5
      vertex 3.33342 4.98882 3.5
    endloop
  endfacet
  facet normal 0.528072 0.8492 1.76024e-05
    outer loop
      vertex 3.00001 5.19615 3.2
      vertex 3 5.19615 3.5
      vertex 3.33342 4.98882 3.2
    endloop
  endfacet
  facet normal 0 1 -0
    outer loop
      vertex 3.00001 5.19615 0.299999
      vertex 3 5.19615 3.5
      vertex 3.00001 5.19615 3.2
    endloop
  endfacet
  facet normal 0 1 0
    outer loop
      vertex 3.00001 5.19615 0.299999
      vertex 3 5.19615 0
      vertex 3 5.19615 3.5
    endloop
  endfacet
  facet normal 0.528061 0.849207 -1.76021e-05
    outer loop
      vertex 3 5.19615 0
      vertex 3.00001 5.19615 0.299999
      vertex 3.33342 4.98882 0
    endloop
  endfacet
  facet normal 0.707107 0.707107 0
    outer loop
      vertex 5.19615 3 3.5
      vertex 5.19616 2.99999 3.2
      vertex 5.19615 3 0
    endloop
  endfacet
  facet normal 0.881916 0.471406 1.36837e-05
    outer loop
      vertex 5.38124 2.65373 3.5
      vertex 5.19616 2.99999 3.2
      vertex 5.19615 3 3.5
    endloop
  endfacet
  facet normal 0.881921 0.471397 0
    outer loop
      vertex 5.19616 2.99999 3.2
      vertex 5.38124 2.65373 3.5
      vertex 5.38124 2.65373 3.2
    endloop
  endfacet
  facet normal 0.707107 0.707107 -0
    outer loop
      vertex 5.19616 2.99999 0.299999
      vertex 5.19615 3 0
      vertex 5.19616 2.99999 3.2
    endloop
  endfacet
  facet normal 0.881921 0.471397 -1.36842e-05
    outer loop
      vertex 5.38124 2.65373 0.299999
      vertex 5.19615 3 0
      vertex 5.19616 2.99999 0.299999
    endloop
  endfacet
  facet normal 0.881916 0.471406 0
    outer loop
      vertex 5.19615 3 0
      vertex 5.38124 2.65373 0.299999
      vertex 5.38124 2.65373 0
    endloop
  endfacet
  facet normal 0 0 -1
    outer loop
      vertex 5.98715 -0.392418 0
      vertex 5.98715 0.392418 0
      vertex 6 0 0
    endloop
  endfacet
  facet normal 0 0 -1
    outer loop
      vertex 5.94867 -0.783156 0
      vertex 5.98715 0.392418 0
      vertex 5.98715 -0.392418 0
    endloop
  endfacet
  facet normal 0 0 -1
    outer loop
      vertex 5.94867 -0.783156 0
      vertex 5.94867 0.783156 0
      vertex 5.98715 0.392418 0
    endloop
  endfacet
  facet normal 0 0 -1
    outer loop
      vertex 5.88471 -1.17054 0
      vertex 5.94867 0.783156 0
      vertex 5.94867 -0.783156 0
    endloop
  endfacet
  facet normal 0 0 -1
    outer loop
      vertex 5.88471 -1.17054 0
      vertex 5.88471 1.17054 0
      vertex 5.94867 0.783156 0
    endloop
  endfacet
  facet normal 0 0 -1
    outer loop
      vertex 5.79555 -1.55291 0
      vertex 5.88471 1.17054 0
      vertex 5.88471 -1.17054 0
    endloop
  endfacet
  facet normal 0 0 -1
    outer loop
      vertex 5.79555 -1.55291 0
      vertex 5.79555 1.55291 0
      vertex 5.88471 1.17054 0
    endloop
  endfacet
  facet normal 0 0 -1
    outer loop
      vertex 5.68158 -1.92864 0
      vertex 5.79555 1.55291 0
      vertex 5.79555 -1.55291 0
    endloop
  endfacet
  facet normal 0 0 -1
    outer loop
      vertex 5.68158 -1.92864 0
      vertex 5.68158 1.92864 0
      vertex 5.79555 1.55291 0
    endloop
  endfacet
  facet normal 0 0 -1
    outer loop
      vertex 5.54328 -2.2961 0
      vertex 5.68158 1.92864 0
      vertex 5.68158 -1.92864 0
    endloop
  endfacet
  facet normal 0 0 -1
    outer loop
      vertex 5.54328 -2.2961 0
      vertex 5.54328 2.2961 0
      vertex 5.68158 1.92864 0
    endloop
  endfacet
  facet normal 0 0 -1
    outer loop
      vertex 5.38124 -2.65373 0
      vertex 5.54328 2.2961 0
      vertex 5.54328 -2.2961 0
    endloop
  endfacet
  facet normal 0 0 -1
    outer loop
      vertex 5.38124 -2.65373 0
      vertex 5.38124 2.65373 0
      vertex 5.54328 2.2961 0
    endloop
  endfacet
  facet normal 0 0 -1
    outer loop
      vertex 5.19615 -3 0
      vertex 5.38124 2.65373 0
      vertex 5.38124 -2.65373 0
    endloop
  endfacet
  facet normal 0 0 -1
    outer loop
      vertex 5.19615 -3 0
      vertex 5.19615 3 0
      vertex 5.38124 2.65373 0
    endloop
  endfacet
  facet normal 0 0 -1
    outer loop
      vertex 4.98882 -3.33342 0
      vertex 5.19615 3 0
      vertex 5.19615 -3 0
    endloop
  endfacet
  facet normal 0 0 -1
    outer loop
      vertex 4.98882 -3.33342 0
      vertex 4.98882 3.33342 0
      vertex 5.19615 3 0
    endloop
  endfacet
  facet normal 0 0 -1
    outer loop
      vertex 4.76012 -3.65257 0
      vertex 4.98882 3.33342 0
      vertex 4.98882 -3.33342 0
    endloop
  endfacet
  facet normal 0 0 -1
    outer loop
      vertex 4.76012 -3.65257 0
      vertex 4.76012 3.65257 0
      vertex 4.98882 3.33342 0
    endloop
  endfacet
  facet normal 0 0 -1
    outer loop
      vertex 4.51104 -3.95607 0
      vertex 4.76012 3.65257 0
      vertex 4.76012 -3.65257 0
    endloop
  endfacet
  facet normal 0 0 -1
    outer loop
      vertex 4.51104 -3.95607 0
      vertex 4.51104 3.95607 0
      vertex 4.76012 3.65257 0
    endloop
  endfacet
  facet normal 0 0 -1
    outer loop
      vertex 4.24264 -4.24264 0
      vertex 4.51104 3.95607 0
      vertex 4.51104 -3.95607 0
    endloop
  endfacet
  facet normal 0 0 -1
    outer loop
      vertex 4.24264 -4.24264 0
      vertex 4.24264 4.24264 0
      vertex 4.51104 3.95607 0
    endloop
  endfacet
  facet normal 0 0 -1
    outer loop
      vertex 3.95607 -4.51104 0
      vertex 4.24264 4.24264 0
      vertex 4.24264 -4.24264 0
    endloop
  endfacet
  facet normal 0 0 -1
    outer loop
      vertex 3.95607 -4.51104 0
      vertex 3.95607 4.51104 0
      vertex 4.24264 4.24264 0
    endloop
  endfacet
  facet normal 0 0 -1
    outer loop
      vertex 3.65257 -4.76012 0
      vertex 3.95607 4.51104 0
      vertex 3.95607 -4.51104 0
    endloop
  endfacet
  facet normal 0 0 -1
    outer loop
      vertex 3.65257 -4.76012 0
      vertex 3.65257 4.76012 0
      vertex 3.95607 4.51104 0
    endloop
  endfacet
  facet normal 0 0 -1
    outer loop
      vertex 3.33342 -4.98882 0
      vertex 3.65257 4.76012 0
      vertex 3.65257 -4.76012 0
    endloop
  endfacet
  facet normal 0 0 -1
    outer loop
      vertex 3.33342 -4.98882 0
      vertex 3.33342 4.98882 0
      vertex 3.65257 4.76012 0
    endloop
  endfacet
  facet normal 0 0 -1
    outer loop
      vertex 3 -5.19615 0
      vertex 3.33342 4.98882 0
      vertex 3.33342 -4.98882 0
    endloop
  endfacet
  facet normal 0 0 -1
    outer loop
      vertex 3 -5.19615 0
      vertex 3 5.19615 0
      vertex 3.33342 4.98882 0
    endloop
  endfacet
  facet normal 0 0 -1
    outer loop
      vertex 2.65373 -5.38124 0
      vertex 3 5.19615 0
      vertex 3 -5.19615 0
    endloop
  endfacet
  facet normal 0 0 -1
    outer loop
      vertex 2.65373 -5.38124 0
      vertex 2.65373 5.38124 0
      vertex 3 5.19615 0
    endloop
  endfacet
  facet normal 0 0 -1
    outer loop
      vertex 2.2961 -5.54328 0
      vertex 2.65373 5.38124 0
      vertex 2.65373 -5.38124 0
    endloop
  endfacet
  facet normal 0 0 -1
    outer loop
      vertex 2.2961 -5.54328 0
      vertex 2.2961 5.54328 0
      vertex 2.65373 5.38124 0
    endloop
  endfacet
  facet normal 0 0 -1
    outer loop
      vertex 1.92864 -5.68158 0
      vertex 2.2961 5.54328 0
      vertex 2.2961 -5.54328 0
    endloop
  endfacet
  facet normal 0 0 -1
    outer loop
      vertex 1.92864 -5.68158 0
      vertex 1.92864 5.68158 0
      vertex 2.2961 5.54328 0
    endloop
  endfacet
  facet normal 0 0 -1
    outer loop
      vertex 1.55291 -5.79555 0
      vertex 1.92864 5.68158 0
      vertex 1.92864 -5.68158 0
    endloop
  endfacet
  facet normal 0 0 -1
    outer loop
      vertex 1.55291 -5.79555 0
      vertex 1.55291 5.79555 0
      vertex 1.92864 5.68158 0
    endloop
  endfacet
  facet normal 0 0 -1
    outer loop
      vertex 1.17054 -5.88471 0
      vertex 1.55291 5.79555 0
      vertex 1.55291 -5.79555 0
    endloop
  endfacet
  facet normal 0 0 -1
    outer loop
      vertex 1.17054 -5.88471 0
      vertex 1.17054 5.88471 0
      vertex 1.55291 5.79555 0
    endloop
  endfacet
  facet normal 0 0 -1
    outer loop
      vertex 0.783156 -5.94867 0
      vertex 1.17054 5.88471 0
      vertex 1.17054 -5.88471 0
    endloop
  endfacet
  facet normal 0 0 -1
    outer loop
      vertex 0.783156 -5.94867 0
      vertex 0.783156 5.94867 0
      vertex 1.17054 5.88471 0
    endloop
  endfacet
  facet normal 0 0 -1
    outer loop
      vertex 0.392418 -5.98715 0
      vertex 0.783156 5.94867 0
      vertex 0.783156 -5.94867 0
    endloop
  endfacet
  facet normal 0 0 -1
    outer loop
      vertex 0.392418 -5.98715 0
      vertex 0.392418 5.98715 0
      vertex 0.783156 5.94867 0
    endloop
  endfacet
  facet normal 0 0 -1
    outer loop
      vertex 0 -6 0
      vertex 0.392418 5.98715 0
      vertex 0.392418 -5.98715 0
    endloop
  endfacet
  facet normal 0 0 -1
    outer loop
      vertex 0 -6 0
      vertex 0 6 0
      vertex 0.392418 5.98715 0
    endloop
  endfacet
  facet normal 0 0 -1
    outer loop
      vertex -0.392418 -5.98715 0
      vertex 0 6 0
      vertex 0 -6 0
    endloop
  endfacet
  facet normal 0 0 -1
    outer loop
      vertex -0.392418 -5.98715 0
      vertex -0.392418 5.98715 0
      vertex 0 6 0
    endloop
  endfacet
  facet normal 0 0 -1
    outer loop
      vertex -0.783156 -5.94867 0
      vertex -0.392418 5.98715 0
      vertex -0.392418 -5.98715 0
    endloop
  endfacet
  facet normal 0 0 -1
    outer loop
      vertex -0.783156 -5.94867 0
      vertex -0.783156 5.94867 0
      vertex -0.392418 5.98715 0
    endloop
  endfacet
  facet normal 0 0 -1
    outer loop
      vertex -1.17054 -5.88471 0
      vertex -0.783156 5.94867 0
      vertex -0.783156 -5.94867 0
    endloop
  endfacet
  facet normal 0 0 -1
    outer loop
      vertex -1.17054 -5.88471 0
      vertex -1.17054 5.88471 0
      vertex -0.783156 5.94867 0
    endloop
  endfacet
  facet normal 0 0 -1
    outer loop
      vertex -1.55291 -5.79555 0
      vertex -1.17054 5.88471 0
      vertex -1.17054 -5.88471 0
    endloop
  endfacet
  facet normal 0 0 -1
    outer loop
      vertex -1.55291 -5.79555 0
      vertex -1.55291 5.79555 0
      vertex -1.17054 5.88471 0
    endloop
  endfacet
  facet normal 0 0 -1
    outer loop
      vertex -1.92864 -5.68158 0
      vertex -1.55291 5.79555 0
      vertex -1.55291 -5.79555 0
    endloop
  endfacet
  facet normal 0 0 -1
    outer loop
      vertex -1.92864 -5.68158 0
      vertex -1.92864 5.68158 0
      vertex -1.55291 5.79555 0
    endloop
  endfacet
  facet normal 0 0 -1
    outer loop
      vertex -2.2961 -5.54328 0
      vertex -1.92864 5.68158 0
      vertex -1.92864 -5.68158 0
    endloop
  endfacet
  facet normal 0 0 -1
    outer loop
      vertex -2.2961 -5.54328 0
      vertex -2.2961 5.54328 0
      vertex -1.92864 5.68158 0
    endloop
  endfacet
  facet normal 0 0 -1
    outer loop
      vertex -2.65373 -5.38124 0
      vertex -2.2961 5.54328 0
      vertex -2.2961 -5.54328 0
    endloop
  endfacet
  facet normal 0 0 -1
    outer loop
      vertex -2.65373 -5.38124 0
      vertex -2.65373 5.38124 0
      vertex -2.2961 5.54328 0
    endloop
  endfacet
  facet normal 0 0 -1
    outer loop
      vertex -3 -5.19615 0
      vertex -2.65373 5.38124 0
      vertex -2.65373 -5.38124 0
    endloop
  endfacet
  facet normal 0 0 -1
    outer loop
      vertex -3 -5.19615 0
      vertex -3 5.19615 0
      vertex -2.65373 5.38124 0
    endloop
  endfacet
  facet normal 0 0 -1
    outer loop
      vertex -3.33342 -4.98882 0
      vertex -3 5.19615 0
      vertex -3 -5.19615 0
    endloop
  endfacet
  facet normal 0 0 -1
    outer loop
      vertex -3.33342 -4.98882 0
      vertex -3.33342 4.98882 0
      vertex -3 5.19615 0
    endloop
  endfacet
  facet normal 0 0 -1
    outer loop
      vertex -3.65257 -4.76012 0
      vertex -3.33342 4.98882 0
      vertex -3.33342 -4.98882 0
    endloop
  endfacet
  facet normal 0 0 -1
    outer loop
      vertex -3.65257 -4.76012 0
      vertex -3.65257 4.76012 0
      vertex -3.33342 4.98882 0
    endloop
  endfacet
  facet normal 0 0 -1
    outer loop
      vertex -3.95607 -4.51104 0
      vertex -3.65257 4.76012 0
      vertex -3.65257 -4.76012 0
    endloop
  endfacet
  facet normal 0 0 -1
    outer loop
      vertex -3.95607 -4.51104 0
      vertex -3.95607 4.51104 0
      vertex -3.65257 4.76012 0
    endloop
  endfacet
  facet normal 0 0 -1
    outer loop
      vertex -4.24264 -4.24264 0
      vertex -3.95607 4.51104 0
      vertex -3.95607 -4.51104 0
    endloop
  endfacet
  facet normal 0 0 -1
    outer loop
      vertex -4.24264 -4.24264 0
      vertex -4.24264 4.24264 0
      vertex -3.95607 4.51104 0
    endloop
  endfacet
  facet normal 0 0 -1
    outer loop
      vertex -4.51104 -3.95607 0
      vertex -4.24264 4.24264 0
      vertex -4.24264 -4.24264 0
    endloop
  endfacet
  facet normal 0 0 -1
    outer loop
      vertex -4.51104 -3.95607 0
      vertex -4.51104 3.95607 0
      vertex -4.24264 4.24264 0
    endloop
  endfacet
  facet normal 0 0 -1
    outer loop
      vertex -4.76012 -3.65257 0
      vertex -4.51104 3.95607 0
      vertex -4.51104 -3.95607 0
    endloop
  endfacet
  facet normal 0 0 -1
    outer loop
      vertex -4.76012 -3.65257 0
      vertex -4.76012 3.65257 0
      vertex -4.51104 3.95607 0
    endloop
  endfacet
  facet normal 0 0 -1
    outer loop
      vertex -4.98882 -3.33342 0
      vertex -4.76012 3.65257 0
      vertex -4.76012 -3.65257 0
    endloop
  endfacet
  facet normal 0 0 -1
    outer loop
      vertex -4.98882 -3.33342 0
      vertex -4.98882 3.33342 0
      vertex -4.76012 3.65257 0
    endloop
  endfacet
  facet normal 0 0 -1
    outer loop
      vertex -5.19615 -3 0
      vertex -4.98882 3.33342 0
      vertex -4.98882 -3.33342 0
    endloop
  endfacet
  facet normal 0 0 -1
    outer loop
      vertex -5.19615 -3 0
      vertex -5.19615 3 0
      vertex -4.98882 3.33342 0
    endloop
  endfacet
  facet normal 0 0 -1
    outer loop
      vertex -5.38124 -2.65373 0
      vertex -5.19615 3 0
      vertex -5.19615 -3 0
    endloop
  endfacet
  facet normal 0 0 -1
    outer loop
      vertex -5.38124 -2.65373 0
      vertex -5.38124 2.65373 0
      vertex -5.19615 3 0
    endloop
  endfacet
  facet normal 0 0 -1
    outer loop
      vertex -5.54328 -2.2961 0
      vertex -5.38124 2.65373 0
      vertex -5.38124 -2.65373 0
    endloop
  endfacet
  facet normal 0 0 -1
    outer loop
      vertex -5.54328 -2.2961 0
      vertex -5.54328 2.2961 0
      vertex -5.38124 2.65373 0
    endloop
  endfacet
  facet normal 0 0 -1
    outer loop
      vertex -5.68158 -1.92864 0
      vertex -5.54328 2.2961 0
      vertex -5.54328 -2.2961 0
    endloop
  endfacet
  facet normal 0 0 -1
    outer loop
      vertex -5.68158 -1.92864 0
      vertex -5.68158 1.92864 0
      vertex -5.54328 2.2961 0
    endloop
  endfacet
  facet normal 0 0 -1
    outer loop
      vertex -5.79555 -1.55291 0
      vertex -5.68158 1.92864 0
      vertex -5.68158 -1.92864 0
    endloop
  endfacet
  facet normal 0 0 -1
    outer loop
      vertex -5.79555 -1.55291 0
      vertex -5.79555 1.55291 0
      vertex -5.68158 1.92864 0
    endloop
  endfacet
  facet normal 0 0 -1
    outer loop
      vertex -5.88471 -1.17054 0
      vertex -5.79555 1.55291 0
      vertex -5.79555 -1.55291 0
    endloop
  endfacet
  facet normal 0 0 -1
    outer loop
      vertex -5.88471 -1.17054 0
      vertex -5.88471 1.17054 0
      vertex -5.79555 1.55291 0
    endloop
  endfacet
  facet normal 0 0 -1
    outer loop
      vertex -5.94867 -0.783156 0
      vertex -5.88471 1.17054 0
      vertex -5.88471 -1.17054 0
    endloop
  endfacet
  facet normal 0 0 -1
    outer loop
      vertex -5.94867 -0.783156 0
      vertex -5.94867 0.783156 0
      vertex -5.88471 1.17054 0
    endloop
  endfacet
  facet normal 0 0 -1
    outer loop
      vertex -5.98715 -0.392418 0
      vertex -5.94867 0.783156 0
      vertex -5.94867 -0.783156 0
    endloop
  endfacet
  facet normal 0 0 -1
    outer loop
      vertex -5.98715 -0.392418 0
      vertex -5.98715 0.392418 0
      vertex -5.94867 0.783156 0
    endloop
  endfacet
  facet normal 0 -0 -1
    outer loop
      vertex -5.98715 0.392418 0
      vertex -5.98715 -0.392418 0
      vertex -6 0 0
    endloop
  endfacet
  facet normal -0.528061 0.849207 1.7602e-05
    outer loop
      vertex -3 5.19615 3.5
      vertex -3.00001 5.19615 3.2
      vertex -3.33342 4.98882 3.5
    endloop
  endfacet
  facet normal 0 1 0
    outer loop
      vertex -3 5.19615 3.5
      vertex -3.00001 5.19615 0.299999
      vertex -3.00001 5.19615 3.2
    endloop
  endfacet
  facet normal 0 1 -0
    outer loop
      vertex -3 5.19615 0
      vertex -3.00001 5.19615 0.299999
      vertex -3 5.19615 3.5
    endloop
  endfacet
  facet normal -0.528072 0.8492 -1.76025e-05
    outer loop
      vertex -3 5.19615 0
      vertex -3.33342 4.98882 0.299999
      vertex -3.00001 5.19615 0.299999
    endloop
  endfacet
  facet normal -0.528061 0.849207 0
    outer loop
      vertex -3.33342 4.98882 0.299999
      vertex -3 5.19615 0
      vertex -3.33342 4.98882 0
    endloop
  endfacet
  facet normal -0.528072 0.8492 0
    outer loop
      vertex -3.33342 4.98882 3.5
      vertex -3.00001 5.19615 3.2
      vertex -3.33342 4.98882 3.2
    endloop
  endfacet
  facet normal -0.412707 0.910864 -1.35786e-05
    outer loop
      vertex -2.2961 5.54328 3.5
      vertex -2.64679 5.38438 3.2
      vertex -2.65373 5.38124 3.5
    endloop
  endfacet
  facet normal -0.412717 0.91086 0
    outer loop
      vertex -2.2961 5.54328 3.5
      vertex -2.64679 5.38438 0.299999
      vertex -2.64679 5.38438 3.2
    endloop
  endfacet
  facet normal -0.412717 0.91086 0
    outer loop
      vertex -2.2961 5.54328 0
      vertex -2.64679 5.38438 0.299999
      vertex -2.2961 5.54328 3.5
    endloop
  endfacet
  facet normal -0.412707 0.910864 1.35787e-05
    outer loop
      vertex -2.65373 5.38124 0
      vertex -2.64679 5.38438 0.299999
      vertex -2.2961 5.54328 0
    endloop
  endfacet
  facet normal -0.41222 0.911084 0
    outer loop
      vertex -2.64679 5.38438 0.299999
      vertex -2.65373 5.38124 0
      vertex -2.65373 5.38124 0.299999
    endloop
  endfacet
  facet normal -0.41222 0.911084 0
    outer loop
      vertex -2.65373 5.38124 3.5
      vertex -2.64679 5.38438 3.2
      vertex -2.65373 5.38124 3.2
    endloop
  endfacet
  facet normal 0.582478 0.812846 -1.16564e-05
    outer loop
      vertex 3.65257 4.76012 3.5
      vertex 3.33961 4.98438 3.2
      vertex 3.33342 4.98882 3.5
    endloop
  endfacet
  facet normal 0.582471 0.812852 0
    outer loop
      vertex 3.65257 4.76012 3.5
      vertex 3.33961 4.98438 0.299999
      vertex 3.33961 4.98438 3.2
    endloop
  endfacet
  facet normal 0.582471 0.812852 -0
    outer loop
      vertex 3.65257 4.76012 0
      vertex 3.33961 4.98438 0.299999
      vertex 3.65257 4.76012 3.5
    endloop
  endfacet
  facet normal 0.582478 0.812846 1.16564e-05
    outer loop
      vertex 3.33342 4.98882 0
      vertex 3.33961 4.98438 0.299999
      vertex 3.65257 4.76012 0
    endloop
  endfacet
  facet normal 0.582851 0.812579 0
    outer loop
      vertex 3.33961 4.98438 0.299999
      vertex 3.33342 4.98882 0
      vertex 3.33342 4.98882 0.299999
    endloop
  endfacet
  facet normal 0.582851 0.812579 0
    outer loop
      vertex 3.33342 4.98882 3.5
      vertex 3.33961 4.98438 3.2
      vertex 3.33342 4.98882 3.2
    endloop
  endfacet
  facet normal 0.812852 0.582471 0
    outer loop
      vertex 4.76012 3.65257 3.5
      vertex 4.98438 3.33961 3.2
      vertex 4.76012 3.65257 0
    endloop
  endfacet
  facet normal 0.812846 0.582478 -1.16564e-05
    outer loop
      vertex 4.98882 3.33342 3.5
      vertex 4.98438 3.33961 3.2
      vertex 4.76012 3.65257 3.5
    endloop
  endfacet
  facet normal 0.812579 0.582851 0
    outer loop
      vertex 4.98438 3.33961 3.2
      vertex 4.98882 3.33342 3.5
      vertex 4.98882 3.33342 3.2
    endloop
  endfacet
  facet normal 0.812852 0.582471 -0
    outer loop
      vertex 4.98438 3.33961 0.299999
      vertex 4.76012 3.65257 0
      vertex 4.98438 3.33961 3.2
    endloop
  endfacet
  facet normal 0.812579 0.582851 -0
    outer loop
      vertex 4.98882 3.33342 0
      vertex 4.98438 3.33961 0.299999
      vertex 4.98882 3.33342 0.299999
    endloop
  endfacet
  facet normal 0.812846 0.582478 1.16564e-05
    outer loop
      vertex 4.98438 3.33961 0.299999
      vertex 4.98882 3.33342 0
      vertex 4.76012 3.65257 0
    endloop
  endfacet
  facet normal 0.729867 0.683589 0
    outer loop
      vertex 4.51104 3.95607 0.299999
      vertex 4.24264 4.24264 0
      vertex 4.24264 4.24264 0.299999
    endloop
  endfacet
  facet normal 0.729867 0.683589 0
    outer loop
      vertex 4.24264 4.24264 0
      vertex 4.51104 3.95607 0.299999
      vertex 4.51104 3.95607 0
    endloop
  endfacet
  facet normal 0.729867 0.683589 0
    outer loop
      vertex 4.51104 3.95607 3.5
      vertex 4.24264 4.24264 3.2
      vertex 4.24264 4.24264 3.5
    endloop
  endfacet
  facet normal 0.729867 0.683589 0
    outer loop
      vertex 4.24264 4.24264 3.2
      vertex 4.51104 3.95607 3.5
      vertex 4.51104 3.95607 3.2
    endloop
  endfacet
  facet normal -0.582851 0.812579 0
    outer loop
      vertex -3.33342 4.98882 0.299999
      vertex -3.33342 4.98882 0
      vertex -3.33961 4.98438 0.299999
    endloop
  endfacet
  facet normal -0.582851 0.812579 0
    outer loop
      vertex -3.33961 4.98438 3.2
      vertex -3.33342 4.98882 3.5
      vertex -3.33342 4.98882 3.2
    endloop
  endfacet
  facet normal -0.582478 0.812846 -1.16564e-05
    outer loop
      vertex -3.33342 4.98882 3.5
      vertex -3.33961 4.98438 3.2
      vertex -3.65257 4.76012 3.5
    endloop
  endfacet
  facet normal -0.582471 0.812852 0
    outer loop
      vertex -3.33961 4.98438 0.299999
      vertex -3.65257 4.76012 3.5
      vertex -3.33961 4.98438 3.2
    endloop
  endfacet
  facet normal -0.582478 0.812846 1.16564e-05
    outer loop
      vertex -3.65257 4.76012 0
      vertex -3.33961 4.98438 0.299999
      vertex -3.33342 4.98882 0
    endloop
  endfacet
  facet normal -0.582471 0.812852 0
    outer loop
      vertex -3.33961 4.98438 0.299999
      vertex -3.65257 4.76012 0
      vertex -3.65257 4.76012 3.5
    endloop
  endfacet
  facet normal -0.986642 -0.162906 0
    outer loop
      vertex -5.94867 -0.783156 0
      vertex -5.88595 -1.16302 0.299999
      vertex -5.94867 -0.783156 3.5
    endloop
  endfacet
  facet normal -0.986642 -0.162902 5.28949e-06
    outer loop
      vertex -5.88471 -1.17054 0
      vertex -5.88595 -1.16302 0.299999
      vertex -5.94867 -0.783156 0
    endloop
  endfacet
  facet normal -0.986676 -0.162697 0
    outer loop
      vertex -5.88595 -1.16302 0.299999
      vertex -5.88471 -1.17054 0
      vertex -5.88471 -1.17054 0.299999
    endloop
  endfacet
  facet normal -0.986642 -0.162906 -0
    outer loop
      vertex -5.88595 -1.16302 3.2
      vertex -5.94867 -0.783156 3.5
      vertex -5.88595 -1.16302 0.299999
    endloop
  endfacet
  facet normal -0.986676 -0.162697 -0
    outer loop
      vertex -5.88471 -1.17054 3.5
      vertex -5.88595 -1.16302 3.2
      vertex -5.88471 -1.17054 3.2
    endloop
  endfacet
  facet normal -0.986642 -0.162902 -5.28948e-06
    outer loop
      vertex -5.88595 -1.16302 3.2
      vertex -5.88471 -1.17054 3.5
      vertex -5.94867 -0.783156 3.5
    endloop
  endfacet
  facet normal 1 0 0
    outer loop
      vertex 5.19615 -3 3.5
      vertex 5.19615 -3.00001 3.2
      vertex 5.19615 -3 0
    endloop
  endfacet
  facet normal 0.849207 -0.528061 1.7602e-05
    outer loop
      vertex 4.98882 -3.33342 3.5
      vertex 5.19615 -3.00001 3.2
      vertex 5.19615 -3 3.5
    endloop
  endfacet
  facet normal 0.8492 -0.528072 0
    outer loop
      vertex 5.19615 -3.00001 3.2
      vertex 4.98882 -3.33342 3.5
      vertex 4.98882 -3.33342 3.2
    endloop
  endfacet
  facet normal 1 -0 0
    outer loop
      vertex 5.19615 -3.00001 0.299999
      vertex 5.19615 -3 0
      vertex 5.19615 -3.00001 3.2
    endloop
  endfacet
  facet normal 0.8492 -0.528072 -1.76025e-05
    outer loop
      vertex 4.98882 -3.33342 0.299999
      vertex 5.19615 -3 0
      vertex 5.19615 -3.00001 0.299999
    endloop
  endfacet
  facet normal 0.849207 -0.528061 0
    outer loop
      vertex 5.19615 -3 0
      vertex 4.98882 -3.33342 0.299999
      vertex 4.98882 -3.33342 0
    endloop
  endfacet
  facet normal -0.91086 -0.412717 0
    outer loop
      vertex -5.54328 -2.2961 0
      vertex -5.38438 -2.64679 0.299999
      vertex -5.54328 -2.2961 3.5
    endloop
  endfacet
  facet normal -0.910864 -0.412707 1.35787e-05
    outer loop
      vertex -5.38124 -2.65373 0
      vertex -5.38438 -2.64679 0.299999
      vertex -5.54328 -2.2961 0
    endloop
  endfacet
  facet normal -0.911084 -0.41222 0
    outer loop
      vertex -5.38438 -2.64679 0.299999
      vertex -5.38124 -2.65373 0
      vertex -5.38124 -2.65373 0.299999
    endloop
  endfacet
  facet normal -0.91086 -0.412717 -0
    outer loop
      vertex -5.38438 -2.64679 3.2
      vertex -5.54328 -2.2961 3.5
      vertex -5.38438 -2.64679 0.299999
    endloop
  endfacet
  facet normal -0.911084 -0.41222 -0
    outer loop
      vertex -5.38124 -2.65373 3.5
      vertex -5.38438 -2.64679 3.2
      vertex -5.38124 -2.65373 3.2
    endloop
  endfacet
  facet normal -0.910864 -0.412707 -1.35786e-05
    outer loop
      vertex -5.38438 -2.64679 3.2
      vertex -5.38124 -2.65373 3.5
      vertex -5.54328 -2.2961 3.5
    endloop
  endfacet
  facet normal 0.956945 0.29027 0
    outer loop
      vertex 5.79555 1.55291 0.299999
      vertex 5.68158 1.92864 0
      vertex 5.68158 1.92864 0.299999
    endloop
  endfacet
  facet normal 0.956945 0.29027 0
    outer loop
      vertex 5.68158 1.92864 0
      vertex 5.79555 1.55291 0.299999
      vertex 5.79555 1.55291 0
    endloop
  endfacet
  facet normal 0.956945 0.29027 0
    outer loop
      vertex 5.79555 1.55291 3.5
      vertex 5.68158 1.92864 3.2
      vertex 5.68158 1.92864 3.5
    endloop
  endfacet
  facet normal 0.956945 0.29027 0
    outer loop
      vertex 5.68158 1.92864 3.2
      vertex 5.79555 1.55291 3.5
      vertex 5.79555 1.55291 3.2
    endloop
  endfacet
  facet normal -0.0980062 -0.995186 2.21519e-05
    outer loop
      vertex -0.783156 -5.94867 3.5
      vertex -0.4 -5.98641 3.2
      vertex -0.392418 -5.98715 3.5
    endloop
  endfacet
  facet normal -0.0980234 -0.995184 0
    outer loop
      vertex -0.783156 -5.94867 3.5
      vertex -0.4 -5.98641 0.299999
      vertex -0.4 -5.98641 3.2
    endloop
  endfacet
  facet normal -0.0980234 -0.995184 0
    outer loop
      vertex -0.783156 -5.94867 0
      vertex -0.4 -5.98641 0.299999
      vertex -0.783156 -5.94867 3.5
    endloop
  endfacet
  facet normal -0.0980062 -0.995186 -2.2152e-05
    outer loop
      vertex -0.392418 -5.98715 0
      vertex -0.4 -5.98641 0.299999
      vertex -0.783156 -5.94867 0
    endloop
  endfacet
  facet normal -0.097138 -0.995271 0
    outer loop
      vertex -0.4 -5.98641 0.299999
      vertex -0.392418 -5.98715 0
      vertex -0.392418 -5.98715 0.299999
    endloop
  endfacet
  facet normal -0.097138 -0.995271 -0
    outer loop
      vertex -0.392418 -5.98715 3.5
      vertex -0.4 -5.98641 3.2
      vertex -0.392418 -5.98715 3.2
    endloop
  endfacet
  facet normal 0.352245 0.935908 1.09197e-05
    outer loop
      vertex 2.2961 5.54328 3.5
      vertex 1.93577 5.6789 3.2
      vertex 1.92864 5.68158 3.5
    endloop
  endfacet
  facet normal 0.352253 0.935905 0
    outer loop
      vertex 2.2961 5.54328 3.5
      vertex 1.93577 5.6789 0.299999
      vertex 1.93577 5.6789 3.2
    endloop
  endfacet
  facet normal 0.352253 0.935905 -0
    outer loop
      vertex 2.2961 5.54328 0
      vertex 1.93577 5.6789 0.299999
      vertex 2.2961 5.54328 3.5
    endloop
  endfacet
  facet normal 0.352245 0.935908 -1.09197e-05
    outer loop
      vertex 1.92864 5.68158 0
      vertex 1.93577 5.6789 0.299999
      vertex 2.2961 5.54328 0
    endloop
  endfacet
  facet normal 0.351843 0.936059 0
    outer loop
      vertex 1.93577 5.6789 0.299999
      vertex 1.92864 5.68158 0
      vertex 1.92864 5.68158 0.299999
    endloop
  endfacet
  facet normal 0.351843 0.936059 0
    outer loop
      vertex 1.92864 5.68158 3.5
      vertex 1.93577 5.6789 3.2
      vertex 1.92864 5.68158 3.2
    endloop
  endfacet
  facet normal -0.683589 0.729867 0
    outer loop
      vertex -3.95607 4.51104 0
      vertex -4.24264 4.24264 0.299999
      vertex -3.95607 4.51104 0.299999
    endloop
  endfacet
  facet normal -0.683589 0.729867 0
    outer loop
      vertex -4.24264 4.24264 0.299999
      vertex -3.95607 4.51104 0
      vertex -4.24264 4.24264 0
    endloop
  endfacet
  facet normal -0.683589 0.729867 0
    outer loop
      vertex -3.95607 4.51104 3.2
      vertex -4.24264 4.24264 3.5
      vertex -3.95607 4.51104 3.5
    endloop
  endfacet
  facet normal -0.683589 0.729867 0
    outer loop
      vertex -4.24264 4.24264 3.5
      vertex -3.95607 4.51104 3.2
      vertex -4.24264 4.24264 3.2
    endloop
  endfacet
  facet normal 0.683589 0.729867 -0
    outer loop
      vertex 4.24264 4.24264 3.2
      vertex 3.95607 4.51104 3.5
      vertex 4.24264 4.24264 3.5
    endloop
  endfacet
  facet normal 0.683589 0.729867 0
    outer loop
      vertex 3.95607 4.51104 3.5
      vertex 4.24264 4.24264 3.2
      vertex 3.95607 4.51104 3.2
    endloop
  endfacet
  facet normal 0.683589 0.729867 -0
    outer loop
      vertex 4.24264 4.24264 0
      vertex 3.95607 4.51104 0.299999
      vertex 4.24264 4.24264 0.299999
    endloop
  endfacet
  facet normal 0.683589 0.729867 0
    outer loop
      vertex 3.95607 4.51104 0.299999
      vertex 4.24264 4.24264 0
      vertex 3.95607 4.51104 0
    endloop
  endfacet
  facet normal 0.471397 -0.881921 0
    outer loop
      vertex 2.65373 -5.38124 0.299999
      vertex 2.65373 -5.38124 0
      vertex 2.99999 -5.19616 0.299999
    endloop
  endfacet
  facet normal 0.471406 -0.881916 0
    outer loop
      vertex 2.65373 -5.38124 3.2
      vertex 3 -5.19615 3.5
      vertex 2.65373 -5.38124 3.5
    endloop
  endfacet
  facet normal 0.471397 -0.881921 1.36841e-05
    outer loop
      vertex 2.99999 -5.19616 3.2
      vertex 3 -5.19615 3.5
      vertex 2.65373 -5.38124 3.2
    endloop
  endfacet
  facet normal 0.707107 -0.707107 0
    outer loop
      vertex 2.99999 -5.19616 0.299999
      vertex 3 -5.19615 3.5
      vertex 2.99999 -5.19616 3.2
    endloop
  endfacet
  facet normal 0.707107 -0.707107 0
    outer loop
      vertex 2.99999 -5.19616 0.299999
      vertex 3 -5.19615 0
      vertex 3 -5.19615 3.5
    endloop
  endfacet
  facet normal 0.471406 -0.881916 -1.36837e-05
    outer loop
      vertex 3 -5.19615 0
      vertex 2.99999 -5.19616 0.299999
      vertex 2.65373 -5.38124 0
    endloop
  endfacet
  facet normal -0.162697 -0.986676 -0
    outer loop
      vertex -1.17054 -5.88471 0.299999
      vertex -1.17054 -5.88471 0
      vertex -1.16302 -5.88595 0.299999
    endloop
  endfacet
  facet normal -0.162697 -0.986676 0
    outer loop
      vertex -1.16302 -5.88595 3.2
      vertex -1.17054 -5.88471 3.5
      vertex -1.17054 -5.88471 3.2
    endloop
  endfacet
  facet normal -0.162902 -0.986642 -5.28948e-06
    outer loop
      vertex -1.17054 -5.88471 3.5
      vertex -1.16302 -5.88595 3.2
      vertex -0.783156 -5.94867 3.5
    endloop
  endfacet
  facet normal -0.162906 -0.986642 0
    outer loop
      vertex -1.16302 -5.88595 0.299999
      vertex -0.783156 -5.94867 3.5
      vertex -1.16302 -5.88595 3.2
    endloop
  endfacet
  facet normal -0.162902 -0.986642 5.28949e-06
    outer loop
      vertex -0.783156 -5.94867 0
      vertex -1.16302 -5.88595 0.299999
      vertex -1.17054 -5.88471 0
    endloop
  endfacet
  facet normal -0.162906 -0.986642 0
    outer loop
      vertex -1.16302 -5.88595 0.299999
      vertex -0.783156 -5.94867 0
      vertex -0.783156 -5.94867 3.5
    endloop
  endfacet
  facet normal 0.0327282 0.999464 -0
    outer loop
      vertex 0.392418 5.98715 0
      vertex 0 6 0.299999
      vertex 0.392418 5.98715 0.299999
    endloop
  endfacet
  facet normal 0.0327282 0.999464 0
    outer loop
      vertex 0 6 0.299999
      vertex 0.392418 5.98715 0
      vertex 0 6 0
    endloop
  endfacet
  facet normal 0.0327282 0.999464 -0
    outer loop
      vertex 0.392418 5.98715 3.2
      vertex 0 6 3.5
      vertex 0.392418 5.98715 3.5
    endloop
  endfacet
  facet normal 0.0327282 0.999464 0
    outer loop
      vertex 0 6 3.5
      vertex 0.392418 5.98715 3.2
      vertex 0 6 3.2
    endloop
  endfacet
  facet normal -0.351843 0.936059 0
    outer loop
      vertex -1.92864 5.68158 0.299999
      vertex -1.92864 5.68158 0
      vertex -1.93577 5.6789 0.299999
    endloop
  endfacet
  facet normal -0.351843 0.936059 0
    outer loop
      vertex -1.93577 5.6789 3.2
      vertex -1.92864 5.68158 3.5
      vertex -1.92864 5.68158 3.2
    endloop
  endfacet
  facet normal -0.352245 0.935908 1.09197e-05
    outer loop
      vertex -1.92864 5.68158 3.5
      vertex -1.93577 5.6789 3.2
      vertex -2.2961 5.54328 3.5
    endloop
  endfacet
  facet normal -0.352253 0.935905 0
    outer loop
      vertex -1.93577 5.6789 0.299999
      vertex -2.2961 5.54328 3.5
      vertex -1.93577 5.6789 3.2
    endloop
  endfacet
  facet normal -0.352245 0.935908 -1.09197e-05
    outer loop
      vertex -2.2961 5.54328 0
      vertex -1.93577 5.6789 0.299999
      vertex -1.92864 5.68158 0
    endloop
  endfacet
  facet normal -0.352253 0.935905 0
    outer loop
      vertex -1.93577 5.6789 0.299999
      vertex -2.2961 5.54328 0
      vertex -2.2961 5.54328 3.5
    endloop
  endfacet
  facet normal -0.162902 0.986642 -5.28948e-06
    outer loop
      vertex -0.783156 5.94867 3.5
      vertex -1.16302 5.88595 3.2
      vertex -1.17054 5.88471 3.5
    endloop
  endfacet
  facet normal -0.162906 0.986642 0
    outer loop
      vertex -0.783156 5.94867 3.5
      vertex -1.16302 5.88595 0.299999
      vertex -1.16302 5.88595 3.2
    endloop
  endfacet
  facet normal -0.162906 0.986642 0
    outer loop
      vertex -0.783156 5.94867 0
      vertex -1.16302 5.88595 0.299999
      vertex -0.783156 5.94867 3.5
    endloop
  endfacet
  facet normal -0.162902 0.986642 5.28949e-06
    outer loop
      vertex -1.17054 5.88471 0
      vertex -1.16302 5.88595 0.299999
      vertex -0.783156 5.94867 0
    endloop
  endfacet
  facet normal -0.162697 0.986676 0
    outer loop
      vertex -1.16302 5.88595 0.299999
      vertex -1.17054 5.88471 0
      vertex -1.17054 5.88471 0.299999
    endloop
  endfacet
  facet normal -0.162697 0.986676 0
    outer loop
      vertex -1.17054 5.88471 3.5
      vertex -1.16302 5.88595 3.2
      vertex -1.17054 5.88471 3.2
    endloop
  endfacet
  facet normal 0.773011 -0.634393 0
    outer loop
      vertex 4.76012 -3.65257 3.5
      vertex 4.51587 -3.95019 3.2
      vertex 4.76012 -3.65257 0
    endloop
  endfacet
  facet normal 0.773005 -0.634399 1.11608e-05
    outer loop
      vertex 4.51104 -3.95607 3.5
      vertex 4.51587 -3.95019 3.2
      vertex 4.76012 -3.65257 3.5
    endloop
  endfacet
  facet normal 0.772726 -0.634739 0
    outer loop
      vertex 4.51587 -3.95019 3.2
      vertex 4.51104 -3.95607 3.5
      vertex 4.51104 -3.95607 3.2
    endloop
  endfacet
  facet normal 0.773011 -0.634393 0
    outer loop
      vertex 4.51587 -3.95019 0.299999
      vertex 4.76012 -3.65257 0
      vertex 4.51587 -3.95019 3.2
    endloop
  endfacet
  facet normal 0.772726 -0.634739 0
    outer loop
      vertex 4.51104 -3.95607 0
      vertex 4.51587 -3.95019 0.299999
      vertex 4.51104 -3.95607 0.299999
    endloop
  endfacet
  facet normal 0.773005 -0.634399 -1.11609e-05
    outer loop
      vertex 4.51587 -3.95019 0.299999
      vertex 4.51104 -3.95607 0
      vertex 4.76012 -3.65257 0
    endloop
  endfacet
  facet normal 0.634739 0.772726 0
    outer loop
      vertex 3.95607 4.51104 0.299999
      vertex 3.95607 4.51104 0
      vertex 3.95019 4.51587 0.299999
    endloop
  endfacet
  facet normal 0.634739 0.772726 0
    outer loop
      vertex 3.95019 4.51587 3.2
      vertex 3.95607 4.51104 3.5
      vertex 3.95607 4.51104 3.2
    endloop
  endfacet
  facet normal 0.634399 0.773005 1.11608e-05
    outer loop
      vertex 3.95607 4.51104 3.5
      vertex 3.95019 4.51587 3.2
      vertex 3.65257 4.76012 3.5
    endloop
  endfacet
  facet normal 0.634393 0.773011 -0
    outer loop
      vertex 3.95019 4.51587 0.299999
      vertex 3.65257 4.76012 3.5
      vertex 3.95019 4.51587 3.2
    endloop
  endfacet
  facet normal 0.634399 0.773005 -1.11609e-05
    outer loop
      vertex 3.65257 4.76012 0
      vertex 3.95019 4.51587 0.299999
      vertex 3.95607 4.51104 0
    endloop
  endfacet
  facet normal 0.634393 0.773011 0
    outer loop
      vertex 3.95019 4.51587 0.299999
      vertex 3.65257 4.76012 0
      vertex 3.65257 4.76012 3.5
    endloop
  endfacet
  facet normal -0.0327282 0.999464 0
    outer loop
      vertex 0 6 0
      vertex -0.392418 5.98715 0.299999
      vertex 0 6 0.299999
    endloop
  endfacet
  facet normal -0.0327282 0.999464 0
    outer loop
      vertex -0.392418 5.98715 0.299999
      vertex 0 6 0
      vertex -0.392418 5.98715 0
    endloop
  endfacet
  facet normal -0.0327282 0.999464 0
    outer loop
      vertex 0 6 3.2
      vertex -0.392418 5.98715 3.5
      vertex 0 6 3.5
    endloop
  endfacet
  facet normal -0.0327282 0.999464 0
    outer loop
      vertex -0.392418 5.98715 3.5
      vertex 0 6 3.2
      vertex -0.392418 5.98715 3.2
    endloop
  endfacet
  facet normal -0.729867 -0.683589 0
    outer loop
      vertex -4.24264 -4.24264 0
      vertex -4.51104 -3.95607 0.299999
      vertex -4.51104 -3.95607 0
    endloop
  endfacet
  facet normal -0.729867 -0.683589 0
    outer loop
      vertex -4.51104 -3.95607 0.299999
      vertex -4.24264 -4.24264 0
      vertex -4.24264 -4.24264 0.299999
    endloop
  endfacet
  facet normal -0.729867 -0.683589 0
    outer loop
      vertex -4.24264 -4.24264 3.2
      vertex -4.51104 -3.95607 3.5
      vertex -4.51104 -3.95607 3.2
    endloop
  endfacet
  facet normal -0.729867 -0.683589 0
    outer loop
      vertex -4.51104 -3.95607 3.5
      vertex -4.24264 -4.24264 3.2
      vertex -4.24264 -4.24264 3.5
    endloop
  endfacet
  facet normal -0.29027 0.956945 0
    outer loop
      vertex -1.55291 5.79555 0
      vertex -1.92864 5.68158 0.299999
      vertex -1.55291 5.79555 0.299999
    endloop
  endfacet
  facet normal -0.29027 0.956945 0
    outer loop
      vertex -1.92864 5.68158 0.299999
      vertex -1.55291 5.79555 0
      vertex -1.92864 5.68158 0
    endloop
  endfacet
  facet normal -0.29027 0.956945 0
    outer loop
      vertex -1.55291 5.79555 3.2
      vertex -1.92864 5.68158 3.5
      vertex -1.55291 5.79555 3.5
    endloop
  endfacet
  facet normal -0.29027 0.956945 0
    outer loop
      vertex -1.92864 5.68158 3.5
      vertex -1.55291 5.79555 3.2
      vertex -1.92864 5.68158 3.2
    endloop
  endfacet
  facet normal 0.8492 0.528072 0
    outer loop
      vertex 4.98882 3.33342 3.5
      vertex 5.19615 3.00001 3.2
      vertex 4.98882 3.33342 3.2
    endloop
  endfacet
  facet normal 1 0 0
    outer loop
      vertex 5.19615 3.00001 3.2
      vertex 5.19615 3 3.5
      vertex 5.19615 3.00001 0.299999
    endloop
  endfacet
  facet normal 0.849207 0.528061 1.7602e-05
    outer loop
      vertex 5.19615 3 3.5
      vertex 5.19615 3.00001 3.2
      vertex 4.98882 3.33342 3.5
    endloop
  endfacet
  facet normal 0.8492 0.528072 0
    outer loop
      vertex 5.19615 3.00001 0.299999
      vertex 4.98882 3.33342 0
      vertex 4.98882 3.33342 0.299999
    endloop
  endfacet
  facet normal 0.849207 0.528061 -1.76021e-05
    outer loop
      vertex 5.19615 3.00001 0.299999
      vertex 5.19615 3 0
      vertex 4.98882 3.33342 0
    endloop
  endfacet
  facet normal 1 0 0
    outer loop
      vertex 5.19615 3 0
      vertex 5.19615 3.00001 0.299999
      vertex 5.19615 3 3.5
    endloop
  endfacet
  facet normal 0.881921 -0.471397 0
    outer loop
      vertex 5.38124 -2.65373 3.5
      vertex 5.19616 -2.99999 3.2
      vertex 5.38124 -2.65373 3.2
    endloop
  endfacet
  facet normal 0.707107 -0.707107 0
    outer loop
      vertex 5.19616 -2.99999 3.2
      vertex 5.19615 -3 3.5
      vertex 5.19616 -2.99999 0.299999
    endloop
  endfacet
  facet normal 0.881916 -0.471406 1.36837e-05
    outer loop
      vertex 5.19615 -3 3.5
      vertex 5.19616 -2.99999 3.2
      vertex 5.38124 -2.65373 3.5
    endloop
  endfacet
  facet normal 0.881921 -0.471397 0
    outer loop
      vertex 5.19616 -2.99999 0.299999
      vertex 5.38124 -2.65373 0
      vertex 5.38124 -2.65373 0.299999
    endloop
  endfacet
  facet normal 0.881916 -0.471406 -1.36837e-05
    outer loop
      vertex 5.19616 -2.99999 0.299999
      vertex 5.19615 -3 0
      vertex 5.38124 -2.65373 0
    endloop
  endfacet
  facet normal 0.707107 -0.707107 0
    outer loop
      vertex 5.19615 -3 0
      vertex 5.19616 -2.99999 0.299999
      vertex 5.19615 -3 3.5
    endloop
  endfacet
  facet normal -0.227085 0.973875 0
    outer loop
      vertex -1.17054 5.88471 3.2
      vertex -1.55291 5.79555 3.5
      vertex -1.17054 5.88471 3.5
    endloop
  endfacet
  facet normal -0.227085 0.973875 0
    outer loop
      vertex -1.55291 5.79555 3.5
      vertex -1.17054 5.88471 3.2
      vertex -1.55291 5.79555 3.2
    endloop
  endfacet
  facet normal -0.227085 0.973875 0
    outer loop
      vertex -1.17054 5.88471 0
      vertex -1.55291 5.79555 0.299999
      vertex -1.17054 5.88471 0.299999
    endloop
  endfacet
  facet normal -0.227085 0.973875 0
    outer loop
      vertex -1.55291 5.79555 0.299999
      vertex -1.17054 5.88471 0
      vertex -1.55291 5.79555 0
    endloop
  endfacet
  facet normal 0.91086 -0.412717 0
    outer loop
      vertex 5.54328 -2.2961 3.5
      vertex 5.38438 -2.64679 3.2
      vertex 5.54328 -2.2961 0
    endloop
  endfacet
  facet normal 0.910864 -0.412707 -1.35786e-05
    outer loop
      vertex 5.38124 -2.65373 3.5
      vertex 5.38438 -2.64679 3.2
      vertex 5.54328 -2.2961 3.5
    endloop
  endfacet
  facet normal 0.911084 -0.41222 0
    outer loop
      vertex 5.38438 -2.64679 3.2
      vertex 5.38124 -2.65373 3.5
      vertex 5.38124 -2.65373 3.2
    endloop
  endfacet
  facet normal 0.91086 -0.412717 0
    outer loop
      vertex 5.38438 -2.64679 0.299999
      vertex 5.54328 -2.2961 0
      vertex 5.38438 -2.64679 3.2
    endloop
  endfacet
  facet normal 0.911084 -0.41222 0
    outer loop
      vertex 5.38124 -2.65373 0
      vertex 5.38438 -2.64679 0.299999
      vertex 5.38124 -2.65373 0.299999
    endloop
  endfacet
  facet normal 0.910864 -0.412707 1.35787e-05
    outer loop
      vertex 5.38438 -2.64679 0.299999
      vertex 5.38124 -2.65373 0
      vertex 5.54328 -2.2961 0
    endloop
  endfacet
  facet normal 0.956945 -0.29027 0
    outer loop
      vertex 5.68158 -1.92864 3.5
      vertex 5.79555 -1.55291 3.2
      vertex 5.79555 -1.55291 3.5
    endloop
  endfacet
  facet normal 0.956945 -0.29027 0
    outer loop
      vertex 5.79555 -1.55291 3.2
      vertex 5.68158 -1.92864 3.5
      vertex 5.68158 -1.92864 3.2
    endloop
  endfacet
  facet normal 0.956945 -0.29027 0
    outer loop
      vertex 5.68158 -1.92864 0.299999
      vertex 5.79555 -1.55291 0
      vertex 5.79555 -1.55291 0.299999
    endloop
  endfacet
  facet normal 0.956945 -0.29027 0
    outer loop
      vertex 5.79555 -1.55291 0
      vertex 5.68158 -1.92864 0.299999
      vertex 5.68158 -1.92864 0
    endloop
  endfacet
  facet normal -0.707107 0.707107 0
    outer loop
      vertex -5.19615 3 0
      vertex -5.19616 2.99999 0.299999
      vertex -5.19615 3 3.5
    endloop
  endfacet
  facet normal -0.881916 0.471406 -1.36837e-05
    outer loop
      vertex -5.38124 2.65373 0
      vertex -5.19616 2.99999 0.299999
      vertex -5.19615 3 0
    endloop
  endfacet
  facet normal -0.881921 0.471397 0
    outer loop
      vertex -5.19616 2.99999 0.299999
      vertex -5.38124 2.65373 0
      vertex -5.38124 2.65373 0.299999
    endloop
  endfacet
  facet normal -0.707107 0.707107 0
    outer loop
      vertex -5.19616 2.99999 3.2
      vertex -5.19615 3 3.5
      vertex -5.19616 2.99999 0.299999
    endloop
  endfacet
  facet normal -0.881921 0.471397 1.36841e-05
    outer loop
      vertex -5.38124 2.65373 3.2
      vertex -5.19615 3 3.5
      vertex -5.19616 2.99999 3.2
    endloop
  endfacet
  facet normal -0.881916 0.471406 0
    outer loop
      vertex -5.19615 3 3.5
      vertex -5.38124 2.65373 3.2
      vertex -5.38124 2.65373 3.5
    endloop
  endfacet
  facet normal -0.911084 0.41222 0
    outer loop
      vertex -5.38124 2.65373 0
      vertex -5.38438 2.64679 0.299999
      vertex -5.38124 2.65373 0.299999
    endloop
  endfacet
  facet normal -0.91086 0.412717 0
    outer loop
      vertex -5.38438 2.64679 0.299999
      vertex -5.54328 2.2961 0
      vertex -5.38438 2.64679 3.2
    endloop
  endfacet
  facet normal -0.910864 0.412707 1.35787e-05
    outer loop
      vertex -5.54328 2.2961 0
      vertex -5.38438 2.64679 0.299999
      vertex -5.38124 2.65373 0
    endloop
  endfacet
  facet normal -0.911084 0.41222 0
    outer loop
      vertex -5.38438 2.64679 3.2
      vertex -5.38124 2.65373 3.5
      vertex -5.38124 2.65373 3.2
    endloop
  endfacet
  facet normal -0.91086 0.412717 0
    outer loop
      vertex -5.54328 2.2961 3.5
      vertex -5.38438 2.64679 3.2
      vertex -5.54328 2.2961 0
    endloop
  endfacet
  facet normal -0.910864 0.412707 -1.35786e-05
    outer loop
      vertex -5.38438 2.64679 3.2
      vertex -5.54328 2.2961 3.5
      vertex -5.38124 2.65373 3.5
    endloop
  endfacet
  facet normal -0.986676 0.162697 0
    outer loop
      vertex -5.88471 1.17054 0
      vertex -5.88595 1.16302 0.299999
      vertex -5.88471 1.17054 0.299999
    endloop
  endfacet
  facet normal -0.986642 0.162906 0
    outer loop
      vertex -5.88595 1.16302 0.299999
      vertex -5.94867 0.783156 0
      vertex -5.88595 1.16302 3.2
    endloop
  endfacet
  facet normal -0.986642 0.162902 5.28949e-06
    outer loop
      vertex -5.94867 0.783156 0
      vertex -5.88595 1.16302 0.299999
      vertex -5.88471 1.17054 0
    endloop
  endfacet
  facet normal -0.986676 0.162697 0
    outer loop
      vertex -5.88595 1.16302 3.2
      vertex -5.88471 1.17054 3.5
      vertex -5.88471 1.17054 3.2
    endloop
  endfacet
  facet normal -0.986642 0.162906 0
    outer loop
      vertex -5.94867 0.783156 3.5
      vertex -5.88595 1.16302 3.2
      vertex -5.94867 0.783156 0
    endloop
  endfacet
  facet normal -0.986642 0.162902 -5.28948e-06
    outer loop
      vertex -5.88595 1.16302 3.2
      vertex -5.94867 0.783156 3.5
      vertex -5.88471 1.17054 3.5
    endloop
  endfacet
  facet normal 0.582851 -0.812579 0
    outer loop
      vertex 3.33342 -4.98882 0.299999
      vertex 3.33342 -4.98882 0
      vertex 3.33961 -4.98438 0.299999
    endloop
  endfacet
  facet normal 0.582851 -0.812579 0
    outer loop
      vertex 3.33961 -4.98438 3.2
      vertex 3.33342 -4.98882 3.5
      vertex 3.33342 -4.98882 3.2
    endloop
  endfacet
  facet normal 0.582478 -0.812846 -1.16564e-05
    outer loop
      vertex 3.33342 -4.98882 3.5
      vertex 3.33961 -4.98438 3.2
      vertex 3.65257 -4.76012 3.5
    endloop
  endfacet
  facet normal 0.582471 -0.812852 0
    outer loop
      vertex 3.33961 -4.98438 0.299999
      vertex 3.65257 -4.76012 3.5
      vertex 3.33961 -4.98438 3.2
    endloop
  endfacet
  facet normal 0.582478 -0.812846 1.16564e-05
    outer loop
      vertex 3.65257 -4.76012 0
      vertex 3.33961 -4.98438 0.299999
      vertex 3.33342 -4.98882 0
    endloop
  endfacet
  facet normal 0.582471 -0.812852 0
    outer loop
      vertex 3.33961 -4.98438 0.299999
      vertex 3.65257 -4.76012 0
      vertex 3.65257 -4.76012 3.5
    endloop
  endfacet
  facet normal 0.0980062 0.995186 2.21519e-05
    outer loop
      vertex 0.783156 5.94867 3.5
      vertex 0.4 5.98641 3.2
      vertex 0.392418 5.98715 3.5
    endloop
  endfacet
  facet normal 0.0980234 0.995184 0
    outer loop
      vertex 0.783156 5.94867 3.5
      vertex 0.4 5.98641 0.299999
      vertex 0.4 5.98641 3.2
    endloop
  endfacet
  facet normal 0.0980234 0.995184 -0
    outer loop
      vertex 0.783156 5.94867 0
      vertex 0.4 5.98641 0.299999
      vertex 0.783156 5.94867 3.5
    endloop
  endfacet
  facet normal 0.0980062 0.995186 -2.2152e-05
    outer loop
      vertex 0.392418 5.98715 0
      vertex 0.4 5.98641 0.299999
      vertex 0.783156 5.94867 0
    endloop
  endfacet
  facet normal 0.097138 0.995271 0
    outer loop
      vertex 0.4 5.98641 0.299999
      vertex 0.392418 5.98715 0
      vertex 0.392418 5.98715 0.299999
    endloop
  endfacet
  facet normal 0.097138 0.995271 0
    outer loop
      vertex 0.392418 5.98715 3.5
      vertex 0.4 5.98641 3.2
      vertex 0.392418 5.98715 3.2
    endloop
  endfacet
  facet normal -1 0 0
    outer loop
      vertex -5.19615 -3 0
      vertex -5.19615 -3.00001 0.299999
      vertex -5.19615 -3 3.5
    endloop
  endfacet
  facet normal -0.849207 -0.528061 -1.76021e-05
    outer loop
      vertex -4.98882 -3.33342 0
      vertex -5.19615 -3.00001 0.299999
      vertex -5.19615 -3 0
    endloop
  endfacet
  facet normal -0.8492 -0.528072 0
    outer loop
      vertex -5.19615 -3.00001 0.299999
      vertex -4.98882 -3.33342 0
      vertex -4.98882 -3.33342 0.299999
    endloop
  endfacet
  facet normal -1 0 0
    outer loop
      vertex -5.19615 -3.00001 3.2
      vertex -5.19615 -3 3.5
      vertex -5.19615 -3.00001 0.299999
    endloop
  endfacet
  facet normal -0.8492 -0.528072 1.76024e-05
    outer loop
      vertex -4.98882 -3.33342 3.2
      vertex -5.19615 -3 3.5
      vertex -5.19615 -3.00001 3.2
    endloop
  endfacet
  facet normal -0.849207 -0.528061 0
    outer loop
      vertex -5.19615 -3 3.5
      vertex -4.98882 -3.33342 3.2
      vertex -4.98882 -3.33342 3.5
    endloop
  endfacet
  facet normal 0.162902 -0.986642 -5.28948e-06
    outer loop
      vertex 0.783156 -5.94867 3.5
      vertex 1.16302 -5.88595 3.2
      vertex 1.17054 -5.88471 3.5
    endloop
  endfacet
  facet normal 0.162906 -0.986642 0
    outer loop
      vertex 0.783156 -5.94867 3.5
      vertex 1.16302 -5.88595 0.299999
      vertex 1.16302 -5.88595 3.2
    endloop
  endfacet
  facet normal 0.162906 -0.986642 0
    outer loop
      vertex 0.783156 -5.94867 0
      vertex 1.16302 -5.88595 0.299999
      vertex 0.783156 -5.94867 3.5
    endloop
  endfacet
  facet normal 0.162902 -0.986642 5.28949e-06
    outer loop
      vertex 1.17054 -5.88471 0
      vertex 1.16302 -5.88595 0.299999
      vertex 0.783156 -5.94867 0
    endloop
  endfacet
  facet normal 0.162697 -0.986676 0
    outer loop
      vertex 1.16302 -5.88595 0.299999
      vertex 1.17054 -5.88471 0
      vertex 1.17054 -5.88471 0.299999
    endloop
  endfacet
  facet normal 0.162697 -0.986676 0
    outer loop
      vertex 1.17054 -5.88471 3.5
      vertex 1.16302 -5.88595 3.2
      vertex 1.17054 -5.88471 3.2
    endloop
  endfacet
  facet normal 0.29027 -0.956945 0
    outer loop
      vertex 1.55291 -5.79555 0
      vertex 1.92864 -5.68158 0.299999
      vertex 1.55291 -5.79555 0.299999
    endloop
  endfacet
  facet normal 0.29027 -0.956945 0
    outer loop
      vertex 1.92864 -5.68158 0.299999
      vertex 1.55291 -5.79555 0
      vertex 1.92864 -5.68158 0
    endloop
  endfacet
  facet normal 0.29027 -0.956945 0
    outer loop
      vertex 1.55291 -5.79555 3.2
      vertex 1.92864 -5.68158 3.5
      vertex 1.55291 -5.79555 3.5
    endloop
  endfacet
  facet normal 0.29027 -0.956945 0
    outer loop
      vertex 1.92864 -5.68158 3.5
      vertex 1.55291 -5.79555 3.2
      vertex 1.92864 -5.68158 3.2
    endloop
  endfacet
  facet normal 0.528061 -0.849207 1.7602e-05
    outer loop
      vertex 3 -5.19615 3.5
      vertex 3.00001 -5.19615 3.2
      vertex 3.33342 -4.98882 3.5
    endloop
  endfacet
  facet normal 0 -1 0
    outer loop
      vertex 3 -5.19615 3.5
      vertex 3.00001 -5.19615 0.299999
      vertex 3.00001 -5.19615 3.2
    endloop
  endfacet
  facet normal 0 -1 0
    outer loop
      vertex 3 -5.19615 0
      vertex 3.00001 -5.19615 0.299999
      vertex 3 -5.19615 3.5
    endloop
  endfacet
  facet normal 0.528072 -0.8492 -1.76025e-05
    outer loop
      vertex 3 -5.19615 0
      vertex 3.33342 -4.98882 0.299999
      vertex 3.00001 -5.19615 0.299999
    endloop
  endfacet
  facet normal 0.528061 -0.849207 0
    outer loop
      vertex 3.33342 -4.98882 0.299999
      vertex 3 -5.19615 0
      vertex 3.33342 -4.98882 0
    endloop
  endfacet
  facet normal 0.528072 -0.8492 0
    outer loop
      vertex 3.33342 -4.98882 3.5
      vertex 3.00001 -5.19615 3.2
      vertex 3.33342 -4.98882 3.2
    endloop
  endfacet
  facet normal -0.773011 -0.634393 0
    outer loop
      vertex -4.76012 -3.65257 0
      vertex -4.51587 -3.95019 0.299999
      vertex -4.76012 -3.65257 3.5
    endloop
  endfacet
  facet normal -0.773005 -0.634399 -1.11609e-05
    outer loop
      vertex -4.51104 -3.95607 0
      vertex -4.51587 -3.95019 0.299999
      vertex -4.76012 -3.65257 0
    endloop
  endfacet
  facet normal -0.772726 -0.634739 0
    outer loop
      vertex -4.51587 -3.95019 0.299999
      vertex -4.51104 -3.95607 0
      vertex -4.51104 -3.95607 0.299999
    endloop
  endfacet
  facet normal -0.773011 -0.634393 -0
    outer loop
      vertex -4.51587 -3.95019 3.2
      vertex -4.76012 -3.65257 3.5
      vertex -4.51587 -3.95019 0.299999
    endloop
  endfacet
  facet normal -0.772726 -0.634739 -0
    outer loop
      vertex -4.51104 -3.95607 3.5
      vertex -4.51587 -3.95019 3.2
      vertex -4.51104 -3.95607 3.2
    endloop
  endfacet
  facet normal -0.773005 -0.634399 1.11608e-05
    outer loop
      vertex -4.51587 -3.95019 3.2
      vertex -4.51104 -3.95607 3.5
      vertex -4.76012 -3.65257 3.5
    endloop
  endfacet
  facet normal -0.634399 0.773005 1.11608e-05
    outer loop
      vertex -3.65257 4.76012 3.5
      vertex -3.95019 4.51587 3.2
      vertex -3.95607 4.51104 3.5
    endloop
  endfacet
  facet normal -0.634393 0.773011 0
    outer loop
      vertex -3.65257 4.76012 3.5
      vertex -3.95019 4.51587 0.299999
      vertex -3.95019 4.51587 3.2
    endloop
  endfacet
  facet normal -0.634393 0.773011 0
    outer loop
      vertex -3.65257 4.76012 0
      vertex -3.95019 4.51587 0.299999
      vertex -3.65257 4.76012 3.5
    endloop
  endfacet
  facet normal -0.634399 0.773005 -1.11609e-05
    outer loop
      vertex -3.95607 4.51104 0
      vertex -3.95019 4.51587 0.299999
      vertex -3.65257 4.76012 0
    endloop
  endfacet
  facet normal -0.634739 0.772726 0
    outer loop
      vertex -3.95019 4.51587 0.299999
      vertex -3.95607 4.51104 0
      vertex -3.95607 4.51104 0.299999
    endloop
  endfacet
  facet normal -0.634739 0.772726 0
    outer loop
      vertex -3.95607 4.51104 3.5
      vertex -3.95019 4.51587 3.2
      vertex -3.95607 4.51104 3.2
    endloop
  endfacet
  facet normal 0.227085 -0.973875 0
    outer loop
      vertex 1.17054 -5.88471 0
      vertex 1.55291 -5.79555 0.299999
      vertex 1.17054 -5.88471 0.299999
    endloop
  endfacet
  facet normal 0.227085 -0.973875 0
    outer loop
      vertex 1.55291 -5.79555 0.299999
      vertex 1.17054 -5.88471 0
      vertex 1.55291 -5.79555 0
    endloop
  endfacet
  facet normal 0.227085 -0.973875 0
    outer loop
      vertex 1.17054 -5.88471 3.2
      vertex 1.55291 -5.79555 3.5
      vertex 1.17054 -5.88471 3.5
    endloop
  endfacet
  facet normal 0.227085 -0.973875 0
    outer loop
      vertex 1.55291 -5.79555 3.5
      vertex 1.17054 -5.88471 3.2
      vertex 1.55291 -5.79555 3.2
    endloop
  endfacet
  facet normal -0.995271 -0.097138 0
    outer loop
      vertex -5.98715 -0.392418 0
      vertex -5.98641 -0.4 0.299999
      vertex -5.98715 -0.392418 0.299999
    endloop
  endfacet
  facet normal -0.995184 -0.0980234 0
    outer loop
      vertex -5.98641 -0.4 0.299999
      vertex -5.94867 -0.783156 0
      vertex -5.98641 -0.4 3.2
    endloop
  endfacet
  facet normal -0.995186 -0.0980062 -2.2152e-05
    outer loop
      vertex -5.94867 -0.783156 0
      vertex -5.98641 -0.4 0.299999
      vertex -5.98715 -0.392418 0
    endloop
  endfacet
  facet normal -0.995271 -0.097138 0
    outer loop
      vertex -5.98641 -0.4 3.2
      vertex -5.98715 -0.392418 3.5
      vertex -5.98715 -0.392418 3.2
    endloop
  endfacet
  facet normal -0.995184 -0.0980234 -0
    outer loop
      vertex -5.94867 -0.783156 3.5
      vertex -5.98641 -0.4 3.2
      vertex -5.94867 -0.783156 0
    endloop
  endfacet
  facet normal -0.995186 -0.0980062 2.21519e-05
    outer loop
      vertex -5.98641 -0.4 3.2
      vertex -5.94867 -0.783156 3.5
      vertex -5.98715 -0.392418 3.5
    endloop
  endfacet
  facet normal -0.999464 0.0327282 0
    outer loop
      vertex -6 0 3.2
      vertex -5.98715 0.392418 3.5
      vertex -5.98715 0.392418 3.2
    endloop
  endfacet
  facet normal -0.999464 0.0327282 0
    outer loop
      vertex -5.98715 0.392418 3.5
      vertex -6 0 3.2
      vertex -6 0 3.5
    endloop
  endfacet
  facet normal -0.999464 0.0327282 0
    outer loop
      vertex -6 0 0
      vertex -5.98715 0.392418 0.299999
      vertex -5.98715 0.392418 0
    endloop
  endfacet
  facet normal -0.999464 0.0327282 0
    outer loop
      vertex -5.98715 0.392418 0.299999
      vertex -6 0 0
      vertex -6 0 0.299999
    endloop
  endfacet
  facet normal -0.352245 -0.935908 1.09197e-05
    outer loop
      vertex -2.2961 -5.54328 3.5
      vertex -1.93577 -5.6789 3.2
      vertex -1.92864 -5.68158 3.5
    endloop
  endfacet
  facet normal -0.352253 -0.935905 0
    outer loop
      vertex -2.2961 -5.54328 3.5
      vertex -1.93577 -5.6789 0.299999
      vertex -1.93577 -5.6789 3.2
    endloop
  endfacet
  facet normal -0.352253 -0.935905 0
    outer loop
      vertex -2.2961 -5.54328 0
      vertex -1.93577 -5.6789 0.299999
      vertex -2.2961 -5.54328 3.5
    endloop
  endfacet
  facet normal -0.352245 -0.935908 -1.09197e-05
    outer loop
      vertex -1.92864 -5.68158 0
      vertex -1.93577 -5.6789 0.299999
      vertex -2.2961 -5.54328 0
    endloop
  endfacet
  facet normal -0.351843 -0.936059 0
    outer loop
      vertex -1.93577 -5.6789 0.299999
      vertex -1.92864 -5.68158 0
      vertex -1.92864 -5.68158 0.299999
    endloop
  endfacet
  facet normal -0.351843 -0.936059 -0
    outer loop
      vertex -1.92864 -5.68158 3.5
      vertex -1.93577 -5.6789 3.2
      vertex -1.92864 -5.68158 3.2
    endloop
  endfacet
  facet normal 0.097138 -0.995271 0
    outer loop
      vertex 0.392418 -5.98715 0.299999
      vertex 0.392418 -5.98715 0
      vertex 0.4 -5.98641 0.299999
    endloop
  endfacet
  facet normal 0.097138 -0.995271 0
    outer loop
      vertex 0.4 -5.98641 3.2
      vertex 0.392418 -5.98715 3.5
      vertex 0.392418 -5.98715 3.2
    endloop
  endfacet
  facet normal 0.0980062 -0.995186 2.21519e-05
    outer loop
      vertex 0.392418 -5.98715 3.5
      vertex 0.4 -5.98641 3.2
      vertex 0.783156 -5.94867 3.5
    endloop
  endfacet
  facet normal 0.0980234 -0.995184 0
    outer loop
      vertex 0.4 -5.98641 0.299999
      vertex 0.783156 -5.94867 3.5
      vertex 0.4 -5.98641 3.2
    endloop
  endfacet
  facet normal 0.0980062 -0.995186 -2.2152e-05
    outer loop
      vertex 0.783156 -5.94867 0
      vertex 0.4 -5.98641 0.299999
      vertex 0.392418 -5.98715 0
    endloop
  endfacet
  facet normal 0.0980234 -0.995184 0
    outer loop
      vertex 0.4 -5.98641 0.299999
      vertex 0.783156 -5.94867 0
      vertex 0.783156 -5.94867 3.5
    endloop
  endfacet
  facet normal 0.634399 -0.773005 1.11608e-05
    outer loop
      vertex 3.65257 -4.76012 3.5
      vertex 3.95019 -4.51587 3.2
      vertex 3.95607 -4.51104 3.5
    endloop
  endfacet
  facet normal 0.634393 -0.773011 0
    outer loop
      vertex 3.65257 -4.76012 3.5
      vertex 3.95019 -4.51587 0.299999
      vertex 3.95019 -4.51587 3.2
    endloop
  endfacet
  facet normal 0.634393 -0.773011 0
    outer loop
      vertex 3.65257 -4.76012 0
      vertex 3.95019 -4.51587 0.299999
      vertex 3.65257 -4.76012 3.5
    endloop
  endfacet
  facet normal 0.634399 -0.773005 -1.11609e-05
    outer loop
      vertex 3.95607 -4.51104 0
      vertex 3.95019 -4.51587 0.299999
      vertex 3.65257 -4.76012 0
    endloop
  endfacet
  facet normal 0.634739 -0.772726 0
    outer loop
      vertex 3.95019 -4.51587 0.299999
      vertex 3.95607 -4.51104 0
      vertex 3.95607 -4.51104 0.299999
    endloop
  endfacet
  facet normal 0.634739 -0.772726 0
    outer loop
      vertex 3.95607 -4.51104 3.5
      vertex 3.95019 -4.51587 3.2
      vertex 3.95607 -4.51104 3.2
    endloop
  endfacet
  facet normal 0.999464 -0.0327282 0
    outer loop
      vertex 5.98715 -0.392418 3.5
      vertex 6 0 3.2
      vertex 6 0 3.5
    endloop
  endfacet
  facet normal 0.999464 -0.0327282 0
    outer loop
      vertex 6 0 3.2
      vertex 5.98715 -0.392418 3.5
      vertex 5.98715 -0.392418 3.2
    endloop
  endfacet
  facet normal 0.999464 -0.0327282 0
    outer loop
      vertex 5.98715 -0.392418 0.299999
      vertex 6 0 0
      vertex 6 0 0.299999
    endloop
  endfacet
  facet normal 0.999464 -0.0327282 0
    outer loop
      vertex 6 0 0
      vertex 5.98715 -0.392418 0.299999
      vertex 5.98715 -0.392418 0
    endloop
  endfacet
  facet normal 0.412707 -0.910864 -1.35786e-05
    outer loop
      vertex 2.2961 -5.54328 3.5
      vertex 2.64679 -5.38438 3.2
      vertex 2.65373 -5.38124 3.5
    endloop
  endfacet
  facet normal 0.412717 -0.91086 0
    outer loop
      vertex 2.2961 -5.54328 3.5
      vertex 2.64679 -5.38438 0.299999
      vertex 2.64679 -5.38438 3.2
    endloop
  endfacet
  facet normal 0.412717 -0.91086 0
    outer loop
      vertex 2.2961 -5.54328 0
      vertex 2.64679 -5.38438 0.299999
      vertex 2.2961 -5.54328 3.5
    endloop
  endfacet
  facet normal 0.412707 -0.910864 1.35787e-05
    outer loop
      vertex 2.65373 -5.38124 0
      vertex 2.64679 -5.38438 0.299999
      vertex 2.2961 -5.54328 0
    endloop
  endfacet
  facet normal 0.41222 -0.911084 0
    outer loop
      vertex 2.64679 -5.38438 0.299999
      vertex 2.65373 -5.38124 0
      vertex 2.65373 -5.38124 0.299999
    endloop
  endfacet
  facet normal 0.41222 -0.911084 0
    outer loop
      vertex 2.65373 -5.38124 3.5
      vertex 2.64679 -5.38438 3.2
      vertex 2.65373 -5.38124 3.2
    endloop
  endfacet
  facet normal 0.162697 0.986676 0
    outer loop
      vertex 1.17054 5.88471 0.299999
      vertex 1.17054 5.88471 0
      vertex 1.16302 5.88595 0.299999
    endloop
  endfacet
  facet normal 0.162697 0.986676 0
    outer loop
      vertex 1.16302 5.88595 3.2
      vertex 1.17054 5.88471 3.5
      vertex 1.17054 5.88471 3.2
    endloop
  endfacet
  facet normal 0.162902 0.986642 -5.28948e-06
    outer loop
      vertex 1.17054 5.88471 3.5
      vertex 1.16302 5.88595 3.2
      vertex 0.783156 5.94867 3.5
    endloop
  endfacet
  facet normal 0.162906 0.986642 -0
    outer loop
      vertex 1.16302 5.88595 0.299999
      vertex 0.783156 5.94867 3.5
      vertex 1.16302 5.88595 3.2
    endloop
  endfacet
  facet normal 0.162902 0.986642 5.28949e-06
    outer loop
      vertex 0.783156 5.94867 0
      vertex 1.16302 5.88595 0.299999
      vertex 1.17054 5.88471 0
    endloop
  endfacet
  facet normal 0.162906 0.986642 0
    outer loop
      vertex 1.16302 5.88595 0.299999
      vertex 0.783156 5.94867 0
      vertex 0.783156 5.94867 3.5
    endloop
  endfacet
  facet normal -0.729867 0.683589 0
    outer loop
      vertex -4.51104 3.95607 0
      vertex -4.24264 4.24264 0.299999
      vertex -4.24264 4.24264 0
    endloop
  endfacet
  facet normal -0.729867 0.683589 0
    outer loop
      vertex -4.24264 4.24264 0.299999
      vertex -4.51104 3.95607 0
      vertex -4.51104 3.95607 0.299999
    endloop
  endfacet
  facet normal -0.729867 0.683589 0
    outer loop
      vertex -4.51104 3.95607 3.2
      vertex -4.24264 4.24264 3.5
      vertex -4.24264 4.24264 3.2
    endloop
  endfacet
  facet normal -0.729867 0.683589 0
    outer loop
      vertex -4.24264 4.24264 3.5
      vertex -4.51104 3.95607 3.2
      vertex -4.51104 3.95607 3.5
    endloop
  endfacet
  facet normal 0.973875 -0.227085 0
    outer loop
      vertex 5.79555 -1.55291 3.5
      vertex 5.88471 -1.17054 3.2
      vertex 5.88471 -1.17054 3.5
    endloop
  endfacet
  facet normal 0.973875 -0.227085 0
    outer loop
      vertex 5.88471 -1.17054 3.2
      vertex 5.79555 -1.55291 3.5
      vertex 5.79555 -1.55291 3.2
    endloop
  endfacet
  facet normal 0.973875 -0.227085 0
    outer loop
      vertex 5.79555 -1.55291 0.299999
      vertex 5.88471 -1.17054 0
      vertex 5.88471 -1.17054 0.299999
    endloop
  endfacet
  facet normal 0.973875 -0.227085 0
    outer loop
      vertex 5.88471 -1.17054 0
      vertex 5.79555 -1.55291 0.299999
      vertex 5.79555 -1.55291 0
    endloop
  endfacet
  facet normal -0.772726 0.634739 0
    outer loop
      vertex -4.51104 3.95607 0
      vertex -4.51587 3.95019 0.299999
      vertex -4.51104 3.95607 0.299999
    endloop
  endfacet
  facet normal -0.773011 0.634393 0
    outer loop
      vertex -4.51587 3.95019 0.299999
      vertex -4.76012 3.65257 0
      vertex -4.51587 3.95019 3.2
    endloop
  endfacet
  facet normal -0.773005 0.634399 -1.11609e-05
    outer loop
      vertex -4.76012 3.65257 0
      vertex -4.51587 3.95019 0.299999
      vertex -4.51104 3.95607 0
    endloop
  endfacet
  facet normal -0.772726 0.634739 0
    outer loop
      vertex -4.51587 3.95019 3.2
      vertex -4.51104 3.95607 3.5
      vertex -4.51104 3.95607 3.2
    endloop
  endfacet
  facet normal -0.773011 0.634393 0
    outer loop
      vertex -4.76012 3.65257 3.5
      vertex -4.51587 3.95019 3.2
      vertex -4.76012 3.65257 0
    endloop
  endfacet
  facet normal -0.773005 0.634399 1.11608e-05
    outer loop
      vertex -4.51587 3.95019 3.2
      vertex -4.76012 3.65257 3.5
      vertex -4.51104 3.95607 3.5
    endloop
  endfacet
  facet normal 0.683589 -0.729867 0
    outer loop
      vertex 3.95607 -4.51104 0
      vertex 4.24264 -4.24264 0.299999
      vertex 3.95607 -4.51104 0.299999
    endloop
  endfacet
  facet normal 0.683589 -0.729867 0
    outer loop
      vertex 4.24264 -4.24264 0.299999
      vertex 3.95607 -4.51104 0
      vertex 4.24264 -4.24264 0
    endloop
  endfacet
  facet normal 0.683589 -0.729867 0
    outer loop
      vertex 3.95607 -4.51104 3.2
      vertex 4.24264 -4.24264 3.5
      vertex 3.95607 -4.51104 3.5
    endloop
  endfacet
  facet normal 0.683589 -0.729867 0
    outer loop
      vertex 4.24264 -4.24264 3.5
      vertex 3.95607 -4.51104 3.2
      vertex 4.24264 -4.24264 3.2
    endloop
  endfacet
  facet normal -0.227085 -0.973875 0
    outer loop
      vertex -1.55291 -5.79555 0
      vertex -1.17054 -5.88471 0.299999
      vertex -1.55291 -5.79555 0.299999
    endloop
  endfacet
  facet normal -0.227085 -0.973875 -0
    outer loop
      vertex -1.17054 -5.88471 0.299999
      vertex -1.55291 -5.79555 0
      vertex -1.17054 -5.88471 0
    endloop
  endfacet
  facet normal -0.227085 -0.973875 0
    outer loop
      vertex -1.55291 -5.79555 3.2
      vertex -1.17054 -5.88471 3.5
      vertex -1.55291 -5.79555 3.5
    endloop
  endfacet
  facet normal -0.227085 -0.973875 -0
    outer loop
      vertex -1.17054 -5.88471 3.5
      vertex -1.55291 -5.79555 3.2
      vertex -1.17054 -5.88471 3.2
    endloop
  endfacet
  facet normal 0.936059 -0.351843 0
    outer loop
      vertex 5.68158 -1.92864 3.5
      vertex 5.6789 -1.93577 3.2
      vertex 5.68158 -1.92864 3.2
    endloop
  endfacet
  facet normal 0.935905 -0.352253 0
    outer loop
      vertex 5.6789 -1.93577 3.2
      vertex 5.54328 -2.2961 3.5
      vertex 5.6789 -1.93577 0.299999
    endloop
  endfacet
  facet normal 0.935908 -0.352245 1.09197e-05
    outer loop
      vertex 5.54328 -2.2961 3.5
      vertex 5.6789 -1.93577 3.2
      vertex 5.68158 -1.92864 3.5
    endloop
  endfacet
  facet normal 0.936059 -0.351843 0
    outer loop
      vertex 5.6789 -1.93577 0.299999
      vertex 5.68158 -1.92864 0
      vertex 5.68158 -1.92864 0.299999
    endloop
  endfacet
  facet normal 0.935905 -0.352253 0
    outer loop
      vertex 5.54328 -2.2961 0
      vertex 5.6789 -1.93577 0.299999
      vertex 5.54328 -2.2961 3.5
    endloop
  endfacet
  facet normal 0.935908 -0.352245 -1.09197e-05
    outer loop
      vertex 5.6789 -1.93577 0.299999
      vertex 5.54328 -2.2961 0
      vertex 5.68158 -1.92864 0
    endloop
  endfacet
  facet normal -0.995184 0.0980234 0
    outer loop
      vertex -5.94867 0.783156 0
      vertex -5.98641 0.4 0.299999
      vertex -5.94867 0.783156 3.5
    endloop
  endfacet
  facet normal -0.995186 0.0980062 -2.2152e-05
    outer loop
      vertex -5.98715 0.392418 0
      vertex -5.98641 0.4 0.299999
      vertex -5.94867 0.783156 0
    endloop
  endfacet
  facet normal -0.995271 0.097138 0
    outer loop
      vertex -5.98641 0.4 0.299999
      vertex -5.98715 0.392418 0
      vertex -5.98715 0.392418 0.299999
    endloop
  endfacet
  facet normal -0.995184 0.0980234 0
    outer loop
      vertex -5.98641 0.4 3.2
      vertex -5.94867 0.783156 3.5
      vertex -5.98641 0.4 0.299999
    endloop
  endfacet
  facet normal -0.995271 0.097138 0
    outer loop
      vertex -5.98715 0.392418 3.5
      vertex -5.98641 0.4 3.2
      vertex -5.98715 0.392418 3.2
    endloop
  endfacet
  facet normal -0.995186 0.0980062 2.21519e-05
    outer loop
      vertex -5.98641 0.4 3.2
      vertex -5.98715 0.392418 3.5
      vertex -5.94867 0.783156 3.5
    endloop
  endfacet
  facet normal -0.8492 0.528072 0
    outer loop
      vertex -4.98882 3.33342 0
      vertex -5.19615 3.00001 0.299999
      vertex -4.98882 3.33342 0.299999
    endloop
  endfacet
  facet normal -1 -0 0
    outer loop
      vertex -5.19615 3.00001 0.299999
      vertex -5.19615 3 0
      vertex -5.19615 3.00001 3.2
    endloop
  endfacet
  facet normal -0.849207 0.528061 -1.76021e-05
    outer loop
      vertex -5.19615 3 0
      vertex -5.19615 3.00001 0.299999
      vertex -4.98882 3.33342 0
    endloop
  endfacet
  facet normal -0.8492 0.528072 0
    outer loop
      vertex -5.19615 3.00001 3.2
      vertex -4.98882 3.33342 3.5
      vertex -4.98882 3.33342 3.2
    endloop
  endfacet
  facet normal -0.849207 0.528061 1.7602e-05
    outer loop
      vertex -5.19615 3.00001 3.2
      vertex -5.19615 3 3.5
      vertex -4.98882 3.33342 3.5
    endloop
  endfacet
  facet normal -1 0 0
    outer loop
      vertex -5.19615 3 3.5
      vertex -5.19615 3.00001 3.2
      vertex -5.19615 3 0
    endloop
  endfacet
  facet normal -0.29027 -0.956945 0
    outer loop
      vertex -1.92864 -5.68158 0
      vertex -1.55291 -5.79555 0.299999
      vertex -1.92864 -5.68158 0.299999
    endloop
  endfacet
  facet normal -0.29027 -0.956945 -0
    outer loop
      vertex -1.55291 -5.79555 0.299999
      vertex -1.92864 -5.68158 0
      vertex -1.55291 -5.79555 0
    endloop
  endfacet
  facet normal -0.29027 -0.956945 0
    outer loop
      vertex -1.92864 -5.68158 3.2
      vertex -1.55291 -5.79555 3.5
      vertex -1.92864 -5.68158 3.5
    endloop
  endfacet
  facet normal -0.29027 -0.956945 -0
    outer loop
      vertex -1.55291 -5.79555 3.5
      vertex -1.92864 -5.68158 3.2
      vertex -1.55291 -5.79555 3.2
    endloop
  endfacet
  facet normal -0.956945 0.29027 0
    outer loop
      vertex -5.79555 1.55291 0
      vertex -5.68158 1.92864 0.299999
      vertex -5.68158 1.92864 0
    endloop
  endfacet
  facet normal -0.956945 0.29027 0
    outer loop
      vertex -5.68158 1.92864 0.299999
      vertex -5.79555 1.55291 0
      vertex -5.79555 1.55291 0.299999
    endloop
  endfacet
  facet normal -0.956945 0.29027 0
    outer loop
      vertex -5.79555 1.55291 3.2
      vertex -5.68158 1.92864 3.5
      vertex -5.68158 1.92864 3.2
    endloop
  endfacet
  facet normal -0.956945 0.29027 0
    outer loop
      vertex -5.68158 1.92864 3.5
      vertex -5.79555 1.55291 3.2
      vertex -5.79555 1.55291 3.5
    endloop
  endfacet
  facet normal -0.471406 -0.881916 1.36837e-05
    outer loop
      vertex -3 -5.19615 3.5
      vertex -2.99999 -5.19616 3.2
      vertex -2.65373 -5.38124 3.5
    endloop
  endfacet
  facet normal -0.707107 -0.707107 0
    outer loop
      vertex -3 -5.19615 3.5
      vertex -2.99999 -5.19616 0.299999
      vertex -2.99999 -5.19616 3.2
    endloop
  endfacet
  facet normal -0.707107 -0.707107 0
    outer loop
      vertex -3 -5.19615 0
      vertex -2.99999 -5.19616 0.299999
      vertex -3 -5.19615 3.5
    endloop
  endfacet
  facet normal -0.471397 -0.881921 -1.36842e-05
    outer loop
      vertex -3 -5.19615 0
      vertex -2.65373 -5.38124 0.299999
      vertex -2.99999 -5.19616 0.299999
    endloop
  endfacet
  facet normal -0.471406 -0.881916 -0
    outer loop
      vertex -2.65373 -5.38124 0.299999
      vertex -3 -5.19615 0
      vertex -2.65373 -5.38124 0
    endloop
  endfacet
  facet normal -0.471397 -0.881921 -0
    outer loop
      vertex -2.65373 -5.38124 3.5
      vertex -2.99999 -5.19616 3.2
      vertex -2.65373 -5.38124 3.2
    endloop
  endfacet
  facet normal 0 0 1
    outer loop
      vertex 3.375 0 3.5
      vertex 6 0 3.5
      vertex 5.98715 0.392418 3.5
    endloop
  endfacet
  facet normal 0 0 1
    outer loop
      vertex 3.36777 0.220736 3.5
      vertex 5.98715 0.392418 3.5
      vertex 5.94867 0.783156 3.5
    endloop
  endfacet
  facet normal 0 0 1
    outer loop
      vertex 6 0 3.5
      vertex 3.375 0 3.5
      vertex 5.98715 -0.392418 3.5
    endloop
  endfacet
  facet normal 0 0 1
    outer loop
      vertex 3.34613 0.440525 3.5
      vertex 5.94867 0.783156 3.5
      vertex 5.88471 1.17054 3.5
    endloop
  endfacet
  facet normal -0 0 1
    outer loop
      vertex 3.36777 -0.220736 3.5
      vertex 5.98715 -0.392418 3.5
      vertex 3.375 0 3.5
    endloop
  endfacet
  facet normal 0 0 1
    outer loop
      vertex 3.31015 0.658429 3.5
      vertex 5.88471 1.17054 3.5
      vertex 5.79555 1.55291 3.5
    endloop
  endfacet
  facet normal 0 0 1
    outer loop
      vertex 5.98715 -0.392418 3.5
      vertex 3.36777 -0.220736 3.5
      vertex 5.94867 -0.783156 3.5
    endloop
  endfacet
  facet normal 0 0 1
    outer loop
      vertex 3.26 0.873514 3.5
      vertex 5.79555 1.55291 3.5
      vertex 5.68158 1.92864 3.5
    endloop
  endfacet
  facet normal -0 0 1
    outer loop
      vertex 3.34613 -0.440525 3.5
      vertex 5.94867 -0.783156 3.5
      vertex 3.36777 -0.220736 3.5
    endloop
  endfacet
  facet normal 0 0 1
    outer loop
      vertex 3.19589 1.08486 3.5
      vertex 5.68158 1.92864 3.5
      vertex 5.54328 2.2961 3.5
    endloop
  endfacet
  facet normal 0 0 1
    outer loop
      vertex 5.94867 -0.783156 3.5
      vertex 3.34613 -0.440525 3.5
      vertex 5.88471 -1.17054 3.5
    endloop
  endfacet
  facet normal 0 0 1
    outer loop
      vertex 3.11809 1.29156 3.5
      vertex 5.54328 2.2961 3.5
      vertex 5.38124 2.65373 3.5
    endloop
  endfacet
  facet normal -0 0 1
    outer loop
      vertex 3.31015 -0.658429 3.5
      vertex 5.88471 -1.17054 3.5
      vertex 3.34613 -0.440525 3.5
    endloop
  endfacet
  facet normal 0 0 1
    outer loop
      vertex 3.02695 1.49272 3.5
      vertex 5.38124 2.65373 3.5
      vertex 5.19615 3 3.5
    endloop
  endfacet
  facet normal 0 0 1
    outer loop
      vertex 5.88471 -1.17054 3.5
      vertex 3.31015 -0.658429 3.5
      vertex 5.79555 -1.55291 3.5
    endloop
  endfacet
  facet normal 0 0 1
    outer loop
      vertex 2.92284 1.6875 3.5
      vertex 5.19615 3 3.5
      vertex 4.98882 3.33342 3.5
    endloop
  endfacet
  facet normal -0 0 1
    outer loop
      vertex 3.26 -0.873514 3.5
      vertex 5.79555 -1.55291 3.5
      vertex 3.31015 -0.658429 3.5
    endloop
  endfacet
  facet normal 0 0 1
    outer loop
      vertex 2.80621 1.87505 3.5
      vertex 4.98882 3.33342 3.5
      vertex 4.76012 3.65257 3.5
    endloop
  endfacet
  facet normal 0 0 1
    outer loop
      vertex 5.79555 -1.55291 3.5
      vertex 3.26 -0.873514 3.5
      vertex 5.68158 -1.92864 3.5
    endloop
  endfacet
  facet normal 0 0 1
    outer loop
      vertex 2.67757 2.05457 3.5
      vertex 4.76012 3.65257 3.5
      vertex 4.51104 3.95607 3.5
    endloop
  endfacet
  facet normal -0 0 1
    outer loop
      vertex 3.19589 -1.08486 3.5
      vertex 5.68158 -1.92864 3.5
      vertex 3.26 -0.873514 3.5
    endloop
  endfacet
  facet normal 0 0 1
    outer loop
      vertex 2.53746 2.22529 3.5
      vertex 4.51104 3.95607 3.5
      vertex 4.24264 4.24264 3.5
    endloop
  endfacet
  facet normal 0 0 1
    outer loop
      vertex 5.68158 -1.92864 3.5
      vertex 3.19589 -1.08486 3.5
      vertex 5.54328 -2.2961 3.5
    endloop
  endfacet
  facet normal 0 0 1
    outer loop
      vertex 2.38649 2.38649 3.5
      vertex 4.24264 4.24264 3.5
      vertex 3.95607 4.51104 3.5
    endloop
  endfacet
  facet normal -0 0 1
    outer loop
      vertex 3.11809 -1.29156 3.5
      vertex 5.54328 -2.2961 3.5
      vertex 3.19589 -1.08486 3.5
    endloop
  endfacet
  facet normal 0 0 1
    outer loop
      vertex 2.22529 2.53746 3.5
      vertex 3.95607 4.51104 3.5
      vertex 3.65257 4.76012 3.5
    endloop
  endfacet
  facet normal 0 0 1
    outer loop
      vertex 5.54328 -2.2961 3.5
      vertex 3.11809 -1.29156 3.5
      vertex 5.38124 -2.65373 3.5
    endloop
  endfacet
  facet normal -0 0 1
    outer loop
      vertex 3.02695 -1.49272 3.5
      vertex 5.38124 -2.65373 3.5
      vertex 3.11809 -1.29156 3.5
    endloop
  endfacet
  facet normal 0 0 1
    outer loop
      vertex 5.98715 0.392418 3.5
      vertex 3.36777 0.220736 3.5
      vertex 3.375 0 3.5
    endloop
  endfacet
  facet normal 0 0 1
    outer loop
      vertex 5.94867 0.783156 3.5
      vertex 3.34613 0.440525 3.5
      vertex 3.36777 0.220736 3.5
    endloop
  endfacet
  facet normal 0 0 1
    outer loop
      vertex 2.05457 2.67757 3.5
      vertex 3.65257 4.76012 3.5
      vertex 3.33342 4.98882 3.5
    endloop
  endfacet
  facet normal 0 0 1
    outer loop
      vertex 5.88471 1.17054 3.5
      vertex 3.31015 0.658429 3.5
      vertex 3.34613 0.440525 3.5
    endloop
  endfacet
  facet normal 0 0 1
    outer loop
      vertex 5.79555 1.55291 3.5
      vertex 3.26 0.873514 3.5
      vertex 3.31015 0.658429 3.5
    endloop
  endfacet
  facet normal 0 0 1
    outer loop
      vertex 5.68158 1.92864 3.5
      vertex 3.19589 1.08486 3.5
      vertex 3.26 0.873514 3.5
    endloop
  endfacet
  facet normal 0 0 1
    outer loop
      vertex 5.54328 2.2961 3.5
      vertex 3.11809 1.29156 3.5
      vertex 3.19589 1.08486 3.5
    endloop
  endfacet
  facet normal 0 0 1
    outer loop
      vertex 5.38124 2.65373 3.5
      vertex 3.02695 1.49272 3.5
      vertex 3.11809 1.29156 3.5
    endloop
  endfacet
  facet normal 0 0 1
    outer loop
      vertex 1.87505 2.80621 3.5
      vertex 3.33342 4.98882 3.5
      vertex 3 5.19615 3.5
    endloop
  endfacet
  facet normal 0 0 1
    outer loop
      vertex 5.19615 3 3.5
      vertex 2.92284 1.6875 3.5
      vertex 3.02695 1.49272 3.5
    endloop
  endfacet
  facet normal 0 0 1
    outer loop
      vertex 4.98882 3.33342 3.5
      vertex 2.80621 1.87505 3.5
      vertex 2.92284 1.6875 3.5
    endloop
  endfacet
  facet normal 0 0 1
    outer loop
      vertex 4.76012 3.65257 3.5
      vertex 2.67757 2.05457 3.5
      vertex 2.80621 1.87505 3.5
    endloop
  endfacet
  facet normal 0 0 1
    outer loop
      vertex 1.6875 2.92284 3.5
      vertex 3 5.19615 3.5
      vertex 2.65373 5.38124 3.5
    endloop
  endfacet
  facet normal 0 0 1
    outer loop
      vertex 4.51104 3.95607 3.5
      vertex 2.53746 2.22529 3.5
      vertex 2.67757 2.05457 3.5
    endloop
  endfacet
  facet normal 0 0 1
    outer loop
      vertex 4.24264 4.24264 3.5
      vertex 2.38649 2.38649 3.5
      vertex 2.53746 2.22529 3.5
    endloop
  endfacet
  facet normal 0 0 1
    outer loop
      vertex 1.49272 3.02695 3.5
      vertex 2.65373 5.38124 3.5
      vertex 2.2961 5.54328 3.5
    endloop
  endfacet
  facet normal 0 0 1
    outer loop
      vertex 3.95607 4.51104 3.5
      vertex 2.22529 2.53746 3.5
      vertex 2.38649 2.38649 3.5
    endloop
  endfacet
  facet normal 0 0 1
    outer loop
      vertex 3.65257 4.76012 3.5
      vertex 2.05457 2.67757 3.5
      vertex 2.22529 2.53746 3.5
    endloop
  endfacet
  facet normal 0 0 1
    outer loop
      vertex 1.29156 3.11809 3.5
      vertex 2.2961 5.54328 3.5
      vertex 1.92864 5.68158 3.5
    endloop
  endfacet
  facet normal 0 0 1
    outer loop
      vertex 3.33342 4.98882 3.5
      vertex 1.87505 2.80621 3.5
      vertex 2.05457 2.67757 3.5
    endloop
  endfacet
  facet normal 0 0 1
    outer loop
      vertex 3 5.19615 3.5
      vertex 1.6875 2.92284 3.5
      vertex 1.87505 2.80621 3.5
    endloop
  endfacet
  facet normal 0 0 1
    outer loop
      vertex 1.08486 3.19589 3.5
      vertex 1.92864 5.68158 3.5
      vertex 1.55291 5.79555 3.5
    endloop
  endfacet
  facet normal 0 0 1
    outer loop
      vertex 2.65373 5.38124 3.5
      vertex 1.49272 3.02695 3.5
      vertex 1.6875 2.92284 3.5
    endloop
  endfacet
  facet normal 0 0 1
    outer loop
      vertex 2.2961 5.54328 3.5
      vertex 1.29156 3.11809 3.5
      vertex 1.49272 3.02695 3.5
    endloop
  endfacet
  facet normal 0 0 1
    outer loop
      vertex 0.873514 3.26 3.5
      vertex 1.55291 5.79555 3.5
      vertex 1.17054 5.88471 3.5
    endloop
  endfacet
  facet normal 0 0 1
    outer loop
      vertex 1.92864 5.68158 3.5
      vertex 1.08486 3.19589 3.5
      vertex 1.29156 3.11809 3.5
    endloop
  endfacet
  facet normal 0 0 1
    outer loop
      vertex 1.55291 5.79555 3.5
      vertex 0.873514 3.26 3.5
      vertex 1.08486 3.19589 3.5
    endloop
  endfacet
  facet normal 0 0 1
    outer loop
      vertex 0.658429 3.31015 3.5
      vertex 1.17054 5.88471 3.5
      vertex 0.783156 5.94867 3.5
    endloop
  endfacet
  facet normal 0 0 1
    outer loop
      vertex 1.17054 5.88471 3.5
      vertex 0.658429 3.31015 3.5
      vertex 0.873514 3.26 3.5
    endloop
  endfacet
  facet normal 0 0 1
    outer loop
      vertex 0.783156 5.94867 3.5
      vertex 0.440525 3.34613 3.5
      vertex 0.658429 3.31015 3.5
    endloop
  endfacet
  facet normal 0 0 1
    outer loop
      vertex 0.392418 5.98715 3.5
      vertex 0.440525 3.34613 3.5
      vertex 0.783156 5.94867 3.5
    endloop
  endfacet
  facet normal 0 0 1
    outer loop
      vertex 0.392418 5.98715 3.5
      vertex 0.220736 3.36777 3.5
      vertex 0.440525 3.34613 3.5
    endloop
  endfacet
  facet normal 0 0 1
    outer loop
      vertex 0 6 3.5
      vertex 0.220736 3.36777 3.5
      vertex 0.392418 5.98715 3.5
    endloop
  endfacet
  facet normal 0 0 1
    outer loop
      vertex 0 6 3.5
      vertex 0 3.375 3.5
      vertex 0.220736 3.36777 3.5
    endloop
  endfacet
  facet normal 0 0 1
    outer loop
      vertex 0 6 3.5
      vertex -0.220736 3.36777 3.5
      vertex 0 3.375 3.5
    endloop
  endfacet
  facet normal -0 0 1
    outer loop
      vertex -0.392418 5.98715 3.5
      vertex -0.220736 3.36777 3.5
      vertex 0 6 3.5
    endloop
  endfacet
  facet normal 0 0 1
    outer loop
      vertex -0.392418 5.98715 3.5
      vertex -0.440525 3.34613 3.5
      vertex -0.220736 3.36777 3.5
    endloop
  endfacet
  facet normal -0 0 1
    outer loop
      vertex -0.783156 5.94867 3.5
      vertex -0.440525 3.34613 3.5
      vertex -0.392418 5.98715 3.5
    endloop
  endfacet
  facet normal 0 0 1
    outer loop
      vertex -0.440525 3.34613 3.5
      vertex -0.783156 5.94867 3.5
      vertex -0.658429 3.31015 3.5
    endloop
  endfacet
  facet normal -0 0 1
    outer loop
      vertex -1.17054 5.88471 3.5
      vertex -0.658429 3.31015 3.5
      vertex -0.783156 5.94867 3.5
    endloop
  endfacet
  facet normal 0 0 1
    outer loop
      vertex -0.658429 3.31015 3.5
      vertex -1.17054 5.88471 3.5
      vertex -0.873514 3.26 3.5
    endloop
  endfacet
  facet normal -0 0 1
    outer loop
      vertex -1.55291 5.79555 3.5
      vertex -0.873514 3.26 3.5
      vertex -1.17054 5.88471 3.5
    endloop
  endfacet
  facet normal 0 0 1
    outer loop
      vertex -0.873514 3.26 3.5
      vertex -1.55291 5.79555 3.5
      vertex -1.08486 3.19589 3.5
    endloop
  endfacet
  facet normal -0 0 1
    outer loop
      vertex -1.92864 5.68158 3.5
      vertex -1.08486 3.19589 3.5
      vertex -1.55291 5.79555 3.5
    endloop
  endfacet
  facet normal 0 0 1
    outer loop
      vertex -1.08486 3.19589 3.5
      vertex -1.92864 5.68158 3.5
      vertex -1.29156 3.11809 3.5
    endloop
  endfacet
  facet normal -0 0 1
    outer loop
      vertex -2.2961 5.54328 3.5
      vertex -1.29156 3.11809 3.5
      vertex -1.92864 5.68158 3.5
    endloop
  endfacet
  facet normal 0 0 1
    outer loop
      vertex -1.29156 3.11809 3.5
      vertex -2.2961 5.54328 3.5
      vertex -1.49272 3.02695 3.5
    endloop
  endfacet
  facet normal -0 0 1
    outer loop
      vertex -2.65373 5.38124 3.5
      vertex -1.49272 3.02695 3.5
      vertex -2.2961 5.54328 3.5
    endloop
  endfacet
  facet normal 0 0 1
    outer loop
      vertex -1.49272 3.02695 3.5
      vertex -2.65373 5.38124 3.5
      vertex -1.6875 2.92284 3.5
    endloop
  endfacet
  facet normal -0 0 1
    outer loop
      vertex -3 5.19615 3.5
      vertex -1.6875 2.92284 3.5
      vertex -2.65373 5.38124 3.5
    endloop
  endfacet
  facet normal 0 0 1
    outer loop
      vertex -1.6875 2.92284 3.5
      vertex -3 5.19615 3.5
      vertex -1.87505 2.80621 3.5
    endloop
  endfacet
  facet normal -0 0 1
    outer loop
      vertex -3.33342 4.98882 3.5
      vertex -1.87505 2.80621 3.5
      vertex -3 5.19615 3.5
    endloop
  endfacet
  facet normal 0 0 1
    outer loop
      vertex -1.87505 2.80621 3.5
      vertex -3.33342 4.98882 3.5
      vertex -2.05457 2.67757 3.5
    endloop
  endfacet
  facet normal -0 0 1
    outer loop
      vertex -3.65257 4.76012 3.5
      vertex -2.05457 2.67757 3.5
      vertex -3.33342 4.98882 3.5
    endloop
  endfacet
  facet normal 0 0 1
    outer loop
      vertex -2.05457 2.67757 3.5
      vertex -3.65257 4.76012 3.5
      vertex -2.22529 2.53746 3.5
    endloop
  endfacet
  facet normal -0 0 1
    outer loop
      vertex -3.95607 4.51104 3.5
      vertex -2.22529 2.53746 3.5
      vertex -3.65257 4.76012 3.5
    endloop
  endfacet
  facet normal 0 0 1
    outer loop
      vertex -2.22529 2.53746 3.5
      vertex -3.95607 4.51104 3.5
      vertex -2.38649 2.38649 3.5
    endloop
  endfacet
  facet normal -0 0 1
    outer loop
      vertex -4.24264 4.24264 3.5
      vertex -2.38649 2.38649 3.5
      vertex -3.95607 4.51104 3.5
    endloop
  endfacet
  facet normal 0 0 1
    outer loop
      vertex -2.38649 2.38649 3.5
      vertex -4.24264 4.24264 3.5
      vertex -2.53746 2.22529 3.5
    endloop
  endfacet
  facet normal -0 0 1
    outer loop
      vertex -4.51104 3.95607 3.5
      vertex -2.53746 2.22529 3.5
      vertex -4.24264 4.24264 3.5
    endloop
  endfacet
  facet normal 0 0 1
    outer loop
      vertex -2.53746 2.22529 3.5
      vertex -4.51104 3.95607 3.5
      vertex -2.67757 2.05457 3.5
    endloop
  endfacet
  facet normal -0 0 1
    outer loop
      vertex -4.76012 3.65257 3.5
      vertex -2.67757 2.05457 3.5
      vertex -4.51104 3.95607 3.5
    endloop
  endfacet
  facet normal 0 0 1
    outer loop
      vertex -2.67757 2.05457 3.5
      vertex -4.76012 3.65257 3.5
      vertex -2.80621 1.87505 3.5
    endloop
  endfacet
  facet normal -0 0 1
    outer loop
      vertex -4.98882 3.33342 3.5
      vertex -2.80621 1.87505 3.5
      vertex -4.76012 3.65257 3.5
    endloop
  endfacet
  facet normal 0 0 1
    outer loop
      vertex -2.80621 1.87505 3.5
      vertex -4.98882 3.33342 3.5
      vertex -2.92284 1.6875 3.5
    endloop
  endfacet
  facet normal -0 0 1
    outer loop
      vertex -5.19615 3 3.5
      vertex -2.92284 1.6875 3.5
      vertex -4.98882 3.33342 3.5
    endloop
  endfacet
  facet normal 0 0 1
    outer loop
      vertex -2.92284 1.6875 3.5
      vertex -5.19615 3 3.5
      vertex -3.02695 1.49272 3.5
    endloop
  endfacet
  facet normal -0 0 1
    outer loop
      vertex -5.38124 2.65373 3.5
      vertex -3.02695 1.49272 3.5
      vertex -5.19615 3 3.5
    endloop
  endfacet
  facet normal 0 0 1
    outer loop
      vertex 5.38124 -2.65373 3.5
      vertex 3.02695 -1.49272 3.5
      vertex 5.19615 -3 3.5
    endloop
  endfacet
  facet normal -0 0 1
    outer loop
      vertex 2.92284 -1.6875 3.5
      vertex 5.19615 -3 3.5
      vertex 3.02695 -1.49272 3.5
    endloop
  endfacet
  facet normal 0 0 1
    outer loop
      vertex 5.19615 -3 3.5
      vertex 2.92284 -1.6875 3.5
      vertex 4.98882 -3.33342 3.5
    endloop
  endfacet
  facet normal -0 0 1
    outer loop
      vertex 2.80621 -1.87505 3.5
      vertex 4.98882 -3.33342 3.5
      vertex 2.92284 -1.6875 3.5
    endloop
  endfacet
  facet normal 0 0 1
    outer loop
      vertex 4.98882 -3.33342 3.5
      vertex 2.80621 -1.87505 3.5
      vertex 4.76012 -3.65257 3.5
    endloop
  endfacet
  facet normal -0 0 1
    outer loop
      vertex 2.67757 -2.05457 3.5
      vertex 4.76012 -3.65257 3.5
      vertex 2.80621 -1.87505 3.5
    endloop
  endfacet
  facet normal 0 0 1
    outer loop
      vertex 4.76012 -3.65257 3.5
      vertex 2.67757 -2.05457 3.5
      vertex 4.51104 -3.95607 3.5
    endloop
  endfacet
  facet normal -0 0 1
    outer loop
      vertex 2.53746 -2.22529 3.5
      vertex 4.51104 -3.95607 3.5
      vertex 2.67757 -2.05457 3.5
    endloop
  endfacet
  facet normal 0 0 1
    outer loop
      vertex 4.51104 -3.95607 3.5
      vertex 2.53746 -2.22529 3.5
      vertex 4.24264 -4.24264 3.5
    endloop
  endfacet
  facet normal -0 0 1
    outer loop
      vertex 2.38649 -2.38649 3.5
      vertex 4.24264 -4.24264 3.5
      vertex 2.53746 -2.22529 3.5
    endloop
  endfacet
  facet normal 0 0 1
    outer loop
      vertex 4.24264 -4.24264 3.5
      vertex 2.38649 -2.38649 3.5
      vertex 3.95607 -4.51104 3.5
    endloop
  endfacet
  facet normal -0 0 1
    outer loop
      vertex 2.22529 -2.53746 3.5
      vertex 3.95607 -4.51104 3.5
      vertex 2.38649 -2.38649 3.5
    endloop
  endfacet
  facet normal 0 0 1
    outer loop
      vertex 3.95607 -4.51104 3.5
      vertex 2.22529 -2.53746 3.5
      vertex 3.65257 -4.76012 3.5
    endloop
  endfacet
  facet normal -0 0 1
    outer loop
      vertex 2.05457 -2.67757 3.5
      vertex 3.65257 -4.76012 3.5
      vertex 2.22529 -2.53746 3.5
    endloop
  endfacet
  facet normal 0 0 1
    outer loop
      vertex 3.65257 -4.76012 3.5
      vertex 2.05457 -2.67757 3.5
      vertex 3.33342 -4.98882 3.5
    endloop
  endfacet
  facet normal -0 0 1
    outer loop
      vertex 1.87505 -2.80621 3.5
      vertex 3.33342 -4.98882 3.5
      vertex 2.05457 -2.67757 3.5
    endloop
  endfacet
  facet normal 0 0 1
    outer loop
      vertex 3.33342 -4.98882 3.5
      vertex 1.87505 -2.80621 3.5
      vertex 3 -5.19615 3.5
    endloop
  endfacet
  facet normal -0 0 1
    outer loop
      vertex 1.6875 -2.92284 3.5
      vertex 3 -5.19615 3.5
      vertex 1.87505 -2.80621 3.5
    endloop
  endfacet
  facet normal 0 0 1
    outer loop
      vertex 3 -5.19615 3.5
      vertex 1.6875 -2.92284 3.5
      vertex 2.65373 -5.38124 3.5
    endloop
  endfacet
  facet normal -0 0 1
    outer loop
      vertex 1.49272 -3.02695 3.5
      vertex 2.65373 -5.38124 3.5
      vertex 1.6875 -2.92284 3.5
    endloop
  endfacet
  facet normal 0 0 1
    outer loop
      vertex 2.65373 -5.38124 3.5
      vertex 1.49272 -3.02695 3.5
      vertex 2.2961 -5.54328 3.5
    endloop
  endfacet
  facet normal -0 0 1
    outer loop
      vertex 1.29156 -3.11809 3.5
      vertex 2.2961 -5.54328 3.5
      vertex 1.49272 -3.02695 3.5
    endloop
  endfacet
  facet normal 0 0 1
    outer loop
      vertex 2.2961 -5.54328 3.5
      vertex 1.29156 -3.11809 3.5
      vertex 1.92864 -5.68158 3.5
    endloop
  endfacet
  facet normal -0 0 1
    outer loop
      vertex 1.08486 -3.19589 3.5
      vertex 1.92864 -5.68158 3.5
      vertex 1.29156 -3.11809 3.5
    endloop
  endfacet
  facet normal 0 0 1
    outer loop
      vertex 1.92864 -5.68158 3.5
      vertex 1.08486 -3.19589 3.5
      vertex 1.55291 -5.79555 3.5
    endloop
  endfacet
  facet normal -0 0 1
    outer loop
      vertex 0.873514 -3.26 3.5
      vertex 1.55291 -5.79555 3.5
      vertex 1.08486 -3.19589 3.5
    endloop
  endfacet
  facet normal 0 0 1
    outer loop
      vertex 1.55291 -5.79555 3.5
      vertex 0.873514 -3.26 3.5
      vertex 1.17054 -5.88471 3.5
    endloop
  endfacet
  facet normal -0 0 1
    outer loop
      vertex 0.658429 -3.31015 3.5
      vertex 1.17054 -5.88471 3.5
      vertex 0.873514 -3.26 3.5
    endloop
  endfacet
  facet normal 0 0 1
    outer loop
      vertex 1.17054 -5.88471 3.5
      vertex 0.658429 -3.31015 3.5
      vertex 0.783156 -5.94867 3.5
    endloop
  endfacet
  facet normal -0 0 1
    outer loop
      vertex 0.440525 -3.34613 3.5
      vertex 0.783156 -5.94867 3.5
      vertex 0.658429 -3.31015 3.5
    endloop
  endfacet
  facet normal 0 0 1
    outer loop
      vertex 0.440525 -3.34613 3.5
      vertex 0.392418 -5.98715 3.5
      vertex 0.783156 -5.94867 3.5
    endloop
  endfacet
  facet normal -0 0 1
    outer loop
      vertex 0.220736 -3.36777 3.5
      vertex 0.392418 -5.98715 3.5
      vertex 0.440525 -3.34613 3.5
    endloop
  endfacet
  facet normal -0 0 1
    outer loop
      vertex 0 -3.375 3.5
      vertex 0.392418 -5.98715 3.5
      vertex 0.220736 -3.36777 3.5
    endloop
  endfacet
  facet normal 0 0 1
    outer loop
      vertex 0 -3.375 3.5
      vertex 0 -6 3.5
      vertex 0.392418 -5.98715 3.5
    endloop
  endfacet
  facet normal 0 0 1
    outer loop
      vertex -0.220736 -3.36777 3.5
      vertex 0 -6 3.5
      vertex 0 -3.375 3.5
    endloop
  endfacet
  facet normal 0 0 1
    outer loop
      vertex -0.220736 -3.36777 3.5
      vertex -0.392418 -5.98715 3.5
      vertex 0 -6 3.5
    endloop
  endfacet
  facet normal 0 0 1
    outer loop
      vertex -0.440525 -3.34613 3.5
      vertex -0.392418 -5.98715 3.5
      vertex -0.220736 -3.36777 3.5
    endloop
  endfacet
  facet normal 0 0 1
    outer loop
      vertex -0.783156 -5.94867 3.5
      vertex -0.440525 -3.34613 3.5
      vertex -0.658429 -3.31015 3.5
    endloop
  endfacet
  facet normal 0 0 1
    outer loop
      vertex -0.440525 -3.34613 3.5
      vertex -0.783156 -5.94867 3.5
      vertex -0.392418 -5.98715 3.5
    endloop
  endfacet
  facet normal 0 0 1
    outer loop
      vertex -1.17054 -5.88471 3.5
      vertex -0.658429 -3.31015 3.5
      vertex -0.873514 -3.26 3.5
    endloop
  endfacet
  facet normal 0 0 1
    outer loop
      vertex -1.55291 -5.79555 3.5
      vertex -0.873514 -3.26 3.5
      vertex -1.08486 -3.19589 3.5
    endloop
  endfacet
  facet normal 0 0 1
    outer loop
      vertex -0.658429 -3.31015 3.5
      vertex -1.17054 -5.88471 3.5
      vertex -0.783156 -5.94867 3.5
    endloop
  endfacet
  facet normal 0 0 1
    outer loop
      vertex -1.92864 -5.68158 3.5
      vertex -1.08486 -3.19589 3.5
      vertex -1.29156 -3.11809 3.5
    endloop
  endfacet
  facet normal 0 0 1
    outer loop
      vertex -2.2961 -5.54328 3.5
      vertex -1.29156 -3.11809 3.5
      vertex -1.49272 -3.02695 3.5
    endloop
  endfacet
  facet normal 0 0 1
    outer loop
      vertex -0.873514 -3.26 3.5
      vertex -1.55291 -5.79555 3.5
      vertex -1.17054 -5.88471 3.5
    endloop
  endfacet
  facet normal 0 0 1
    outer loop
      vertex -2.65373 -5.38124 3.5
      vertex -1.49272 -3.02695 3.5
      vertex -1.6875 -2.92284 3.5
    endloop
  endfacet
  facet normal 0 0 1
    outer loop
      vertex -3 -5.19615 3.5
      vertex -1.6875 -2.92284 3.5
      vertex -1.87505 -2.80621 3.5
    endloop
  endfacet
  facet normal 0 0 1
    outer loop
      vertex -1.08486 -3.19589 3.5
      vertex -1.92864 -5.68158 3.5
      vertex -1.55291 -5.79555 3.5
    endloop
  endfacet
  facet normal 0 0 1
    outer loop
      vertex -3.33342 -4.98882 3.5
      vertex -1.87505 -2.80621 3.5
      vertex -2.05457 -2.67757 3.5
    endloop
  endfacet
  facet normal 0 0 1
    outer loop
      vertex -3.65257 -4.76012 3.5
      vertex -2.05457 -2.67757 3.5
      vertex -2.22529 -2.53746 3.5
    endloop
  endfacet
  facet normal 0 0 1
    outer loop
      vertex -1.29156 -3.11809 3.5
      vertex -2.2961 -5.54328 3.5
      vertex -1.92864 -5.68158 3.5
    endloop
  endfacet
  facet normal 0 0 1
    outer loop
      vertex -3.95607 -4.51104 3.5
      vertex -2.22529 -2.53746 3.5
      vertex -2.38649 -2.38649 3.5
    endloop
  endfacet
  facet normal 0 0 1
    outer loop
      vertex -4.24264 -4.24264 3.5
      vertex -2.38649 -2.38649 3.5
      vertex -2.53746 -2.22529 3.5
    endloop
  endfacet
  facet normal 0 0 1
    outer loop
      vertex -1.49272 -3.02695 3.5
      vertex -2.65373 -5.38124 3.5
      vertex -2.2961 -5.54328 3.5
    endloop
  endfacet
  facet normal 0 0 1
    outer loop
      vertex -4.51104 -3.95607 3.5
      vertex -2.53746 -2.22529 3.5
      vertex -2.67757 -2.05457 3.5
    endloop
  endfacet
  facet normal 0 0 1
    outer loop
      vertex -4.76012 -3.65257 3.5
      vertex -2.67757 -2.05457 3.5
      vertex -2.80621 -1.87505 3.5
    endloop
  endfacet
  facet normal 0 0 1
    outer loop
      vertex -4.98882 -3.33342 3.5
      vertex -2.80621 -1.87505 3.5
      vertex -2.92284 -1.6875 3.5
    endloop
  endfacet
  facet normal 0 0 1
    outer loop
      vertex -1.6875 -2.92284 3.5
      vertex -3 -5.19615 3.5
      vertex -2.65373 -5.38124 3.5
    endloop
  endfacet
  facet normal 0 0 1
    outer loop
      vertex -5.19615 -3 3.5
      vertex -2.92284 -1.6875 3.5
      vertex -3.02695 -1.49272 3.5
    endloop
  endfacet
  facet normal 0 0 1
    outer loop
      vertex -5.38124 -2.65373 3.5
      vertex -3.02695 -1.49272 3.5
      vertex -3.11809 -1.29156 3.5
    endloop
  endfacet
  facet normal 0 0 1
    outer loop
      vertex -5.54328 -2.2961 3.5
      vertex -3.11809 -1.29156 3.5
      vertex -3.19589 -1.08486 3.5
    endloop
  endfacet
  facet normal 0 0 1
    outer loop
      vertex -5.68158 -1.92864 3.5
      vertex -3.19589 -1.08486 3.5
      vertex -3.26 -0.873514 3.5
    endloop
  endfacet
  facet normal 0 0 1
    outer loop
      vertex -5.79555 -1.55291 3.5
      vertex -3.26 -0.873514 3.5
      vertex -3.31015 -0.658429 3.5
    endloop
  endfacet
  facet normal 0 0 1
    outer loop
      vertex -1.87505 -2.80621 3.5
      vertex -3.33342 -4.98882 3.5
      vertex -3 -5.19615 3.5
    endloop
  endfacet
  facet normal 0 0 1
    outer loop
      vertex -5.88471 -1.17054 3.5
      vertex -3.31015 -0.658429 3.5
      vertex -3.34613 -0.440525 3.5
    endloop
  endfacet
  facet normal 0 0 1
    outer loop
      vertex -5.94867 -0.783156 3.5
      vertex -3.34613 -0.440525 3.5
      vertex -3.36777 -0.220736 3.5
    endloop
  endfacet
  facet normal 0 0 1
    outer loop
      vertex -5.98715 -0.392418 3.5
      vertex -3.36777 -0.220736 3.5
      vertex -3.375 0 3.5
    endloop
  endfacet
  facet normal 0 0 1
    outer loop
      vertex -3.02695 1.49272 3.5
      vertex -5.38124 2.65373 3.5
      vertex -3.11809 1.29156 3.5
    endloop
  endfacet
  facet normal 0 0 1
    outer loop
      vertex -2.05457 -2.67757 3.5
      vertex -3.65257 -4.76012 3.5
      vertex -3.33342 -4.98882 3.5
    endloop
  endfacet
  facet normal -0 0 1
    outer loop
      vertex -5.54328 2.2961 3.5
      vertex -3.11809 1.29156 3.5
      vertex -5.38124 2.65373 3.5
    endloop
  endfacet
  facet normal 0 0 1
    outer loop
      vertex -2.22529 -2.53746 3.5
      vertex -3.95607 -4.51104 3.5
      vertex -3.65257 -4.76012 3.5
    endloop
  endfacet
  facet normal 0 0 1
    outer loop
      vertex -3.11809 1.29156 3.5
      vertex -5.54328 2.2961 3.5
      vertex -3.19589 1.08486 3.5
    endloop
  endfacet
  facet normal 0 0 1
    outer loop
      vertex -2.38649 -2.38649 3.5
      vertex -4.24264 -4.24264 3.5
      vertex -3.95607 -4.51104 3.5
    endloop
  endfacet
  facet normal -0 0 1
    outer loop
      vertex -5.68158 1.92864 3.5
      vertex -3.19589 1.08486 3.5
      vertex -5.54328 2.2961 3.5
    endloop
  endfacet
  facet normal 0 0 1
    outer loop
      vertex -2.53746 -2.22529 3.5
      vertex -4.51104 -3.95607 3.5
      vertex -4.24264 -4.24264 3.5
    endloop
  endfacet
  facet normal 0 0 1
    outer loop
      vertex -3.19589 1.08486 3.5
      vertex -5.68158 1.92864 3.5
      vertex -3.26 0.873514 3.5
    endloop
  endfacet
  facet normal 0 0 1
    outer loop
      vertex -2.67757 -2.05457 3.5
      vertex -4.76012 -3.65257 3.5
      vertex -4.51104 -3.95607 3.5
    endloop
  endfacet
  facet normal -0 0 1
    outer loop
      vertex -5.79555 1.55291 3.5
      vertex -3.26 0.873514 3.5
      vertex -5.68158 1.92864 3.5
    endloop
  endfacet
  facet normal 0 0 1
    outer loop
      vertex -2.80621 -1.87505 3.5
      vertex -4.98882 -3.33342 3.5
      vertex -4.76012 -3.65257 3.5
    endloop
  endfacet
  facet normal 0 0 1
    outer loop
      vertex -3.26 0.873514 3.5
      vertex -5.79555 1.55291 3.5
      vertex -3.31015 0.658429 3.5
    endloop
  endfacet
  facet normal 0 0 1
    outer loop
      vertex -2.92284 -1.6875 3.5
      vertex -5.19615 -3 3.5
      vertex -4.98882 -3.33342 3.5
    endloop
  endfacet
  facet normal -0 0 1
    outer loop
      vertex -5.88471 1.17054 3.5
      vertex -3.31015 0.658429 3.5
      vertex -5.79555 1.55291 3.5
    endloop
  endfacet
  facet normal 0 0 1
    outer loop
      vertex -3.02695 -1.49272 3.5
      vertex -5.38124 -2.65373 3.5
      vertex -5.19615 -3 3.5
    endloop
  endfacet
  facet normal 0 0 1
    outer loop
      vertex -3.31015 0.658429 3.5
      vertex -5.88471 1.17054 3.5
      vertex -3.34613 0.440525 3.5
    endloop
  endfacet
  facet normal 0 0 1
    outer loop
      vertex -3.11809 -1.29156 3.5
      vertex -5.54328 -2.2961 3.5
      vertex -5.38124 -2.65373 3.5
    endloop
  endfacet
  facet normal -0 0 1
    outer loop
      vertex -5.94867 0.783156 3.5
      vertex -3.34613 0.440525 3.5
      vertex -5.88471 1.17054 3.5
    endloop
  endfacet
  facet normal 0 0 1
    outer loop
      vertex -3.19589 -1.08486 3.5
      vertex -5.68158 -1.92864 3.5
      vertex -5.54328 -2.2961 3.5
    endloop
  endfacet
  facet normal 0 0 1
    outer loop
      vertex -3.34613 0.440525 3.5
      vertex -5.94867 0.783156 3.5
      vertex -3.36777 0.220736 3.5
    endloop
  endfacet
  facet normal 0 0 1
    outer loop
      vertex -3.26 -0.873514 3.5
      vertex -5.79555 -1.55291 3.5
      vertex -5.68158 -1.92864 3.5
    endloop
  endfacet
  facet normal -0 0 1
    outer loop
      vertex -5.98715 0.392418 3.5
      vertex -3.36777 0.220736 3.5
      vertex -5.94867 0.783156 3.5
    endloop
  endfacet
  facet normal 0 0 1
    outer loop
      vertex -3.31015 -0.658429 3.5
      vertex -5.88471 -1.17054 3.5
      vertex -5.79555 -1.55291 3.5
    endloop
  endfacet
  facet normal 0 0 1
    outer loop
      vertex -3.36777 0.220736 3.5
      vertex -5.98715 0.392418 3.5
      vertex -3.375 0 3.5
    endloop
  endfacet
  facet normal 0 0 1
    outer loop
      vertex -3.34613 -0.440525 3.5
      vertex -5.94867 -0.783156 3.5
      vertex -5.88471 -1.17054 3.5
    endloop
  endfacet
  facet normal 0 0 1
    outer loop
      vertex -6 0 3.5
      vertex -3.375 0 3.5
      vertex -5.98715 0.392418 3.5
    endloop
  endfacet
  facet normal 0 0 1
    outer loop
      vertex -3.36777 -0.220736 3.5
      vertex -5.98715 -0.392418 3.5
      vertex -5.94867 -0.783156 3.5
    endloop
  endfacet
  facet normal 0 0 1
    outer loop
      vertex -3.375 0 3.5
      vertex -6 0 3.5
      vertex -5.98715 -0.392418 3.5
    endloop
  endfacet
  facet normal -0.41222 -0.911084 -0
    outer loop
      vertex -2.65373 -5.38124 0.299999
      vertex -2.65373 -5.38124 0
      vertex -2.64679 -5.38438 0.299999
    endloop
  endfacet
  facet normal -0.41222 -0.911084 0
    outer loop
      vertex -2.64679 -5.38438 3.2
      vertex -2.65373 -5.38124 3.5
      vertex -2.65373 -5.38124 3.2
    endloop
  endfacet
  facet normal -0.412707 -0.910864 -1.35786e-05
    outer loop
      vertex -2.65373 -5.38124 3.5
      vertex -2.64679 -5.38438 3.2
      vertex -2.2961 -5.54328 3.5
    endloop
  endfacet
  facet normal -0.412717 -0.91086 0
    outer loop
      vertex -2.64679 -5.38438 0.299999
      vertex -2.2961 -5.54328 3.5
      vertex -2.64679 -5.38438 3.2
    endloop
  endfacet
  facet normal -0.412707 -0.910864 1.35787e-05
    outer loop
      vertex -2.2961 -5.54328 0
      vertex -2.64679 -5.38438 0.299999
      vertex -2.65373 -5.38124 0
    endloop
  endfacet
  facet normal -0.412717 -0.91086 0
    outer loop
      vertex -2.64679 -5.38438 0.299999
      vertex -2.2961 -5.54328 0
      vertex -2.2961 -5.54328 3.5
    endloop
  endfacet
  facet normal -0.471397 0.881921 0
    outer loop
      vertex -2.65373 5.38124 0.299999
      vertex -2.65373 5.38124 0
      vertex -2.99999 5.19616 0.299999
    endloop
  endfacet
  facet normal -0.471406 0.881916 0
    outer loop
      vertex -2.65373 5.38124 3.2
      vertex -3 5.19615 3.5
      vertex -2.65373 5.38124 3.5
    endloop
  endfacet
  facet normal -0.471397 0.881921 1.36841e-05
    outer loop
      vertex -2.99999 5.19616 3.2
      vertex -3 5.19615 3.5
      vertex -2.65373 5.38124 3.2
    endloop
  endfacet
  facet normal -0.707107 0.707107 0
    outer loop
      vertex -2.99999 5.19616 0.299999
      vertex -3 5.19615 3.5
      vertex -2.99999 5.19616 3.2
    endloop
  endfacet
  facet normal -0.707107 0.707107 0
    outer loop
      vertex -2.99999 5.19616 0.299999
      vertex -3 5.19615 0
      vertex -3 5.19615 3.5
    endloop
  endfacet
  facet normal -0.471406 0.881916 -1.36837e-05
    outer loop
      vertex -3 5.19615 0
      vertex -2.99999 5.19616 0.299999
      vertex -2.65373 5.38124 0
    endloop
  endfacet
  facet normal -0.582478 -0.812846 -1.16564e-05
    outer loop
      vertex -3.65257 -4.76012 3.5
      vertex -3.33961 -4.98438 3.2
      vertex -3.33342 -4.98882 3.5
    endloop
  endfacet
  facet normal -0.582471 -0.812852 0
    outer loop
      vertex -3.65257 -4.76012 3.5
      vertex -3.33961 -4.98438 0.299999
      vertex -3.33961 -4.98438 3.2
    endloop
  endfacet
  facet normal -0.582471 -0.812852 0
    outer loop
      vertex -3.65257 -4.76012 0
      vertex -3.33961 -4.98438 0.299999
      vertex -3.65257 -4.76012 3.5
    endloop
  endfacet
  facet normal -0.582478 -0.812846 1.16564e-05
    outer loop
      vertex -3.33342 -4.98882 0
      vertex -3.33961 -4.98438 0.299999
      vertex -3.65257 -4.76012 0
    endloop
  endfacet
  facet normal -0.582851 -0.812579 0
    outer loop
      vertex -3.33961 -4.98438 0.299999
      vertex -3.33342 -4.98882 0
      vertex -3.33342 -4.98882 0.299999
    endloop
  endfacet
  facet normal -0.582851 -0.812579 -0
    outer loop
      vertex -3.33342 -4.98882 3.5
      vertex -3.33961 -4.98438 3.2
      vertex -3.33342 -4.98882 3.2
    endloop
  endfacet
  facet normal 0.995181 -0.0980506 0
    outer loop
      vertex -3.06842 0.201114 3.1
      vertex -3.04869 0.401367 0.799999
      vertex -3.04869 0.401367 3.1
    endloop
  endfacet
  facet normal 0.995181 -0.0980506 0
    outer loop
      vertex -3.04869 0.401367 0.799999
      vertex -3.06842 0.201114 3.1
      vertex -3.06842 0.201114 0.799999
    endloop
  endfacet
  facet normal -0.995181 -0.0980506 0
    outer loop
      vertex 3.06842 0.201114 0.799999
      vertex 3.04869 0.401367 3.1
      vertex 3.04869 0.401367 0.799999
    endloop
  endfacet
  facet normal -0.995181 -0.0980506 0
    outer loop
      vertex 3.04869 0.401367 3.1
      vertex 3.06842 0.201114 0.799999
      vertex 3.06842 0.201114 3.1
    endloop
  endfacet
  facet normal -0.999465 -0.0327003 0
    outer loop
      vertex 3.075 0 0.799999
      vertex 3.06842 0.201114 3.1
      vertex 3.06842 0.201114 0.799999
    endloop
  endfacet
  facet normal -0.999465 -0.0327003 0
    outer loop
      vertex 3.06842 0.201114 3.1
      vertex 3.075 0 0.799999
      vertex 3.075 0 3.1
    endloop
  endfacet
  facet normal -0.849202 -0.528068 0
    outer loop
      vertex 2.66303 1.5375 0.799999
      vertex 2.55677 1.70838 3.1
      vertex 2.55677 1.70838 0.799999
    endloop
  endfacet
  facet normal -0.849202 -0.528068 0
    outer loop
      vertex 2.55677 1.70838 3.1
      vertex 2.66303 1.5375 0.799999
      vertex 2.66303 1.5375 3.1
    endloop
  endfacet
  facet normal -0.986642 0.162904 0
    outer loop
      vertex 3.01591 -0.599902 0.799999
      vertex 3.04869 -0.401367 3.1
      vertex 3.04869 -0.401367 0.799999
    endloop
  endfacet
  facet normal -0.986642 0.162904 0
    outer loop
      vertex 3.04869 -0.401367 3.1
      vertex 3.01591 -0.599902 0.799999
      vertex 3.01591 -0.599902 3.1
    endloop
  endfacet
  facet normal -0.528068 0.849202 0
    outer loop
      vertex 1.70838 -2.55677 0.799999
      vertex 1.5375 -2.66303 3.1
      vertex 1.70838 -2.55677 3.1
    endloop
  endfacet
  facet normal -0.528068 0.849202 0
    outer loop
      vertex 1.5375 -2.66303 3.1
      vertex 1.70838 -2.55677 0.799999
      vertex 1.5375 -2.66303 0.799999
    endloop
  endfacet
  facet normal 0.582493 -0.812836 0
    outer loop
      vertex -1.87194 2.43956 0.799999
      vertex -1.70838 2.55677 3.1
      vertex -1.87194 2.43956 3.1
    endloop
  endfacet
  facet normal 0.582493 -0.812836 0
    outer loop
      vertex -1.70838 2.55677 3.1
      vertex -1.87194 2.43956 0.799999
      vertex -1.70838 2.55677 0.799999
    endloop
  endfacet
  facet normal -0.910859 0.412717 0
    outer loop
      vertex 2.75788 -1.36004 0.799999
      vertex 2.84093 -1.17675 3.1
      vertex 2.84093 -1.17675 0.799999
    endloop
  endfacet
  facet normal -0.910859 0.412717 0
    outer loop
      vertex 2.84093 -1.17675 3.1
      vertex 2.75788 -1.36004 0.799999
      vertex 2.75788 -1.36004 3.1
    endloop
  endfacet
  facet normal -0.88193 0.47138 0
    outer loop
      vertex 2.66303 -1.5375 0.799999
      vertex 2.75788 -1.36004 3.1
      vertex 2.75788 -1.36004 0.799999
    endloop
  endfacet
  facet normal -0.88193 0.47138 0
    outer loop
      vertex 2.75788 -1.36004 3.1
      vertex 2.66303 -1.5375 0.799999
      vertex 2.66303 -1.5375 3.1
    endloop
  endfacet
  facet normal 0.97388 0.227063 0
    outer loop
      vertex -2.97022 -0.795868 3.1
      vertex -3.01591 -0.599902 0.799999
      vertex -3.01591 -0.599902 3.1
    endloop
  endfacet
  facet normal 0.97388 0.227063 0
    outer loop
      vertex -3.01591 -0.599902 0.799999
      vertex -2.97022 -0.795868 3.1
      vertex -2.97022 -0.795868 0.799999
    endloop
  endfacet
  facet normal -0.812836 -0.582493 0
    outer loop
      vertex 2.55677 1.70838 0.799999
      vertex 2.43956 1.87194 3.1
      vertex 2.43956 1.87194 0.799999
    endloop
  endfacet
  facet normal -0.812836 -0.582493 0
    outer loop
      vertex 2.43956 1.87194 3.1
      vertex 2.55677 1.70838 0.799999
      vertex 2.55677 1.70838 3.1
    endloop
  endfacet
  facet normal -0.162904 0.986642 0
    outer loop
      vertex 0.599902 -3.01591 0.799999
      vertex 0.401367 -3.04869 3.1
      vertex 0.599902 -3.01591 3.1
    endloop
  endfacet
  facet normal -0.162904 0.986642 0
    outer loop
      vertex 0.401367 -3.04869 3.1
      vertex 0.599902 -3.01591 0.799999
      vertex 0.401367 -3.04869 0.799999
    endloop
  endfacet
  facet normal -0.634374 0.773027 0
    outer loop
      vertex 2.02749 -2.31191 0.799999
      vertex 1.87194 -2.43956 3.1
      vertex 2.02749 -2.31191 3.1
    endloop
  endfacet
  facet normal -0.634374 0.773027 0
    outer loop
      vertex 1.87194 -2.43956 3.1
      vertex 2.02749 -2.31191 0.799999
      vertex 1.87194 -2.43956 0.799999
    endloop
  endfacet
  facet normal -0.97388 -0.227063 0
    outer loop
      vertex 3.01591 0.599902 0.799999
      vertex 2.97022 0.795868 3.1
      vertex 2.97022 0.795868 0.799999
    endloop
  endfacet
  facet normal -0.97388 -0.227063 0
    outer loop
      vertex 2.97022 0.795868 3.1
      vertex 3.01591 0.599902 0.799999
      vertex 3.01591 0.599902 3.1
    endloop
  endfacet
  facet normal 0.352249 -0.935906 0
    outer loop
      vertex -1.17675 2.84093 0.799999
      vertex -0.988426 2.91181 3.1
      vertex -1.17675 2.84093 3.1
    endloop
  endfacet
  facet normal 0.352249 -0.935906 0
    outer loop
      vertex -0.988426 2.91181 3.1
      vertex -1.17675 2.84093 0.799999
      vertex -0.988426 2.91181 0.799999
    endloop
  endfacet
  facet normal -0.910859 -0.412717 0
    outer loop
      vertex 2.84093 1.17675 0.799999
      vertex 2.75788 1.36004 3.1
      vertex 2.75788 1.36004 0.799999
    endloop
  endfacet
  facet normal -0.910859 -0.412717 0
    outer loop
      vertex 2.75788 1.36004 3.1
      vertex 2.84093 1.17675 0.799999
      vertex 2.84093 1.17675 3.1
    endloop
  endfacet
  facet normal -0.528068 -0.849202 0
    outer loop
      vertex 1.5375 2.66303 0.799999
      vertex 1.70838 2.55677 3.1
      vertex 1.5375 2.66303 3.1
    endloop
  endfacet
  facet normal -0.528068 -0.849202 -0
    outer loop
      vertex 1.70838 2.55677 3.1
      vertex 1.5375 2.66303 0.799999
      vertex 1.70838 2.55677 0.799999
    endloop
  endfacet
  facet normal 0.935906 0.352249 0
    outer loop
      vertex -2.84093 -1.17675 3.1
      vertex -2.91181 -0.988426 0.799999
      vertex -2.91181 -0.988426 3.1
    endloop
  endfacet
  facet normal 0.935906 0.352249 0
    outer loop
      vertex -2.91181 -0.988426 0.799999
      vertex -2.84093 -1.17675 3.1
      vertex -2.84093 -1.17675 0.799999
    endloop
  endfacet
  facet normal 0.729838 0.68362 0
    outer loop
      vertex -2.17435 -2.17435 3.1
      vertex -2.31191 -2.02749 0.799999
      vertex -2.31191 -2.02749 3.1
    endloop
  endfacet
  facet normal 0.729838 0.68362 0
    outer loop
      vertex -2.31191 -2.02749 0.799999
      vertex -2.17435 -2.17435 3.1
      vertex -2.17435 -2.17435 0.799999
    endloop
  endfacet
  facet normal 0.227063 -0.97388 0
    outer loop
      vertex -0.795868 2.97022 0.799999
      vertex -0.599902 3.01591 3.1
      vertex -0.795868 2.97022 3.1
    endloop
  endfacet
  facet normal 0.227063 -0.97388 0
    outer loop
      vertex -0.599902 3.01591 3.1
      vertex -0.795868 2.97022 0.799999
      vertex -0.599902 3.01591 0.799999
    endloop
  endfacet
  facet normal -0.0327003 0.999465 0
    outer loop
      vertex 0.201114 -3.06842 0.799999
      vertex 0 -3.075 3.1
      vertex 0.201114 -3.06842 3.1
    endloop
  endfacet
  facet normal -0.0327003 0.999465 0
    outer loop
      vertex 0 -3.075 3.1
      vertex 0.201114 -3.06842 0.799999
      vertex 0 -3.075 0.799999
    endloop
  endfacet
  facet normal -0.729838 -0.68362 0
    outer loop
      vertex 2.31191 2.02749 0.799999
      vertex 2.17435 2.17435 3.1
      vertex 2.17435 2.17435 0.799999
    endloop
  endfacet
  facet normal -0.729838 -0.68362 0
    outer loop
      vertex 2.17435 2.17435 3.1
      vertex 2.31191 2.02749 0.799999
      vertex 2.31191 2.02749 3.1
    endloop
  endfacet
  facet normal 0.352249 0.935906 -0
    outer loop
      vertex -0.988426 -2.91181 0.799999
      vertex -1.17675 -2.84093 3.1
      vertex -0.988426 -2.91181 3.1
    endloop
  endfacet
  facet normal 0.352249 0.935906 0
    outer loop
      vertex -1.17675 -2.84093 3.1
      vertex -0.988426 -2.91181 0.799999
      vertex -1.17675 -2.84093 0.799999
    endloop
  endfacet
  facet normal -0.352249 -0.935906 0
    outer loop
      vertex 0.988426 2.91181 0.799999
      vertex 1.17675 2.84093 3.1
      vertex 0.988426 2.91181 3.1
    endloop
  endfacet
  facet normal -0.352249 -0.935906 -0
    outer loop
      vertex 1.17675 2.84093 3.1
      vertex 0.988426 2.91181 0.799999
      vertex 1.17675 2.84093 0.799999
    endloop
  endfacet
  facet normal 0.849202 0.528068 0
    outer loop
      vertex -2.55677 -1.70838 3.1
      vertex -2.66303 -1.5375 0.799999
      vertex -2.66303 -1.5375 3.1
    endloop
  endfacet
  facet normal 0.849202 0.528068 0
    outer loop
      vertex -2.66303 -1.5375 0.799999
      vertex -2.55677 -1.70838 3.1
      vertex -2.55677 -1.70838 0.799999
    endloop
  endfacet
  facet normal -0.956943 0.290276 0
    outer loop
      vertex 2.91181 -0.988426 0.799999
      vertex 2.97022 -0.795868 3.1
      vertex 2.97022 -0.795868 0.799999
    endloop
  endfacet
  facet normal -0.956943 0.290276 0
    outer loop
      vertex 2.97022 -0.795868 3.1
      vertex 2.91181 -0.988426 0.799999
      vertex 2.91181 -0.988426 3.1
    endloop
  endfacet
  facet normal 0.68362 -0.729838 0
    outer loop
      vertex -2.17435 2.17435 0.799999
      vertex -2.02749 2.31191 3.1
      vertex -2.17435 2.17435 3.1
    endloop
  endfacet
  facet normal 0.68362 -0.729838 0
    outer loop
      vertex -2.02749 2.31191 3.1
      vertex -2.17435 2.17435 0.799999
      vertex -2.02749 2.31191 0.799999
    endloop
  endfacet
  facet normal 0.0327003 0.999465 -0
    outer loop
      vertex 0 -3.075 0.799999
      vertex -0.201114 -3.06842 3.1
      vertex 0 -3.075 3.1
    endloop
  endfacet
  facet normal 0.0327003 0.999465 0
    outer loop
      vertex -0.201114 -3.06842 3.1
      vertex 0 -3.075 0.799999
      vertex -0.201114 -3.06842 0.799999
    endloop
  endfacet
  facet normal -0.0980506 0.995181 0
    outer loop
      vertex 0.401367 -3.04869 0.799999
      vertex 0.201114 -3.06842 3.1
      vertex 0.401367 -3.04869 3.1
    endloop
  endfacet
  facet normal -0.0980506 0.995181 0
    outer loop
      vertex 0.201114 -3.06842 3.1
      vertex 0.401367 -3.04869 0.799999
      vertex 0.201114 -3.06842 0.799999
    endloop
  endfacet
  facet normal 0.0980506 -0.995181 0
    outer loop
      vertex -0.401367 3.04869 0.799999
      vertex -0.201114 3.06842 3.1
      vertex -0.401367 3.04869 3.1
    endloop
  endfacet
  facet normal 0.0980506 -0.995181 0
    outer loop
      vertex -0.201114 3.06842 3.1
      vertex -0.401367 3.04869 0.799999
      vertex -0.201114 3.06842 0.799999
    endloop
  endfacet
  facet normal 0.162904 -0.986642 0
    outer loop
      vertex -0.599902 3.01591 0.799999
      vertex -0.401367 3.04869 3.1
      vertex -0.599902 3.01591 3.1
    endloop
  endfacet
  facet normal 0.162904 -0.986642 0
    outer loop
      vertex -0.401367 3.04869 3.1
      vertex -0.599902 3.01591 0.799999
      vertex -0.401367 3.04869 0.799999
    endloop
  endfacet
  facet normal -0.773027 -0.634374 0
    outer loop
      vertex 2.43956 1.87194 0.799999
      vertex 2.31191 2.02749 3.1
      vertex 2.31191 2.02749 0.799999
    endloop
  endfacet
  facet normal -0.773027 -0.634374 0
    outer loop
      vertex 2.31191 2.02749 3.1
      vertex 2.43956 1.87194 0.799999
      vertex 2.43956 1.87194 3.1
    endloop
  endfacet
  facet normal 0.88193 0.47138 0
    outer loop
      vertex -2.66303 -1.5375 3.1
      vertex -2.75788 -1.36004 0.799999
      vertex -2.75788 -1.36004 3.1
    endloop
  endfacet
  facet normal 0.88193 0.47138 0
    outer loop
      vertex -2.75788 -1.36004 0.799999
      vertex -2.66303 -1.5375 3.1
      vertex -2.66303 -1.5375 0.799999
    endloop
  endfacet
  facet normal 0.910859 0.412717 0
    outer loop
      vertex -2.75788 -1.36004 3.1
      vertex -2.84093 -1.17675 0.799999
      vertex -2.84093 -1.17675 3.1
    endloop
  endfacet
  facet normal 0.910859 0.412717 0
    outer loop
      vertex -2.84093 -1.17675 0.799999
      vertex -2.75788 -1.36004 3.1
      vertex -2.75788 -1.36004 0.799999
    endloop
  endfacet
  facet normal 0.68362 0.729838 -0
    outer loop
      vertex -2.02749 -2.31191 0.799999
      vertex -2.17435 -2.17435 3.1
      vertex -2.02749 -2.31191 3.1
    endloop
  endfacet
  facet normal 0.68362 0.729838 0
    outer loop
      vertex -2.17435 -2.17435 3.1
      vertex -2.02749 -2.31191 0.799999
      vertex -2.17435 -2.17435 0.799999
    endloop
  endfacet
  facet normal -0.999465 0.0327003 0
    outer loop
      vertex 3.06842 -0.201114 0.799999
      vertex 3.075 0 3.1
      vertex 3.075 0 0.799999
    endloop
  endfacet
  facet normal -0.999465 0.0327003 0
    outer loop
      vertex 3.075 0 3.1
      vertex 3.06842 -0.201114 0.799999
      vertex 3.06842 -0.201114 3.1
    endloop
  endfacet
  facet normal -0.956943 -0.290276 0
    outer loop
      vertex 2.97022 0.795868 0.799999
      vertex 2.91181 0.988426 3.1
      vertex 2.91181 0.988426 0.799999
    endloop
  endfacet
  facet normal -0.956943 -0.290276 0
    outer loop
      vertex 2.91181 0.988426 3.1
      vertex 2.97022 0.795868 0.799999
      vertex 2.97022 0.795868 3.1
    endloop
  endfacet
  facet normal -0.849202 0.528068 0
    outer loop
      vertex 2.55677 -1.70838 0.799999
      vertex 2.66303 -1.5375 3.1
      vertex 2.66303 -1.5375 0.799999
    endloop
  endfacet
  facet normal -0.849202 0.528068 0
    outer loop
      vertex 2.66303 -1.5375 3.1
      vertex 2.55677 -1.70838 0.799999
      vertex 2.55677 -1.70838 3.1
    endloop
  endfacet
  facet normal -0.773027 0.634374 0
    outer loop
      vertex 2.31191 -2.02749 0.799999
      vertex 2.43956 -1.87194 3.1
      vertex 2.43956 -1.87194 0.799999
    endloop
  endfacet
  facet normal -0.773027 0.634374 0
    outer loop
      vertex 2.43956 -1.87194 3.1
      vertex 2.31191 -2.02749 0.799999
      vertex 2.31191 -2.02749 3.1
    endloop
  endfacet
  facet normal -0.729838 0.68362 0
    outer loop
      vertex 2.17435 -2.17435 0.799999
      vertex 2.31191 -2.02749 3.1
      vertex 2.31191 -2.02749 0.799999
    endloop
  endfacet
  facet normal -0.729838 0.68362 0
    outer loop
      vertex 2.31191 -2.02749 3.1
      vertex 2.17435 -2.17435 0.799999
      vertex 2.17435 -2.17435 3.1
    endloop
  endfacet
  facet normal 0.956943 0.290276 0
    outer loop
      vertex -2.91181 -0.988426 3.1
      vertex -2.97022 -0.795868 0.799999
      vertex -2.97022 -0.795868 3.1
    endloop
  endfacet
  facet normal 0.956943 0.290276 0
    outer loop
      vertex -2.97022 -0.795868 0.799999
      vertex -2.91181 -0.988426 3.1
      vertex -2.91181 -0.988426 0.799999
    endloop
  endfacet
  facet normal 0.773027 0.634374 0
    outer loop
      vertex -2.31191 -2.02749 3.1
      vertex -2.43956 -1.87194 0.799999
      vertex -2.43956 -1.87194 3.1
    endloop
  endfacet
  facet normal 0.773027 0.634374 0
    outer loop
      vertex -2.43956 -1.87194 0.799999
      vertex -2.31191 -2.02749 3.1
      vertex -2.31191 -2.02749 0.799999
    endloop
  endfacet
  facet normal 0.995181 0.0980506 0
    outer loop
      vertex -3.04869 -0.401367 3.1
      vertex -3.06842 -0.201114 0.799999
      vertex -3.06842 -0.201114 3.1
    endloop
  endfacet
  facet normal 0.995181 0.0980506 0
    outer loop
      vertex -3.06842 -0.201114 0.799999
      vertex -3.04869 -0.401367 3.1
      vertex -3.04869 -0.401367 0.799999
    endloop
  endfacet
  facet normal 0.162904 0.986642 -0
    outer loop
      vertex -0.401367 -3.04869 0.799999
      vertex -0.599902 -3.01591 3.1
      vertex -0.401367 -3.04869 3.1
    endloop
  endfacet
  facet normal 0.162904 0.986642 0
    outer loop
      vertex -0.599902 -3.01591 3.1
      vertex -0.401367 -3.04869 0.799999
      vertex -0.599902 -3.01591 0.799999
    endloop
  endfacet
  facet normal 0.986642 -0.162904 0
    outer loop
      vertex -3.04869 0.401367 3.1
      vertex -3.01591 0.599902 0.799999
      vertex -3.01591 0.599902 3.1
    endloop
  endfacet
  facet normal 0.986642 -0.162904 0
    outer loop
      vertex -3.01591 0.599902 0.799999
      vertex -3.04869 0.401367 3.1
      vertex -3.04869 0.401367 0.799999
    endloop
  endfacet
  facet normal -0.812836 0.582493 0
    outer loop
      vertex 2.43956 -1.87194 0.799999
      vertex 2.55677 -1.70838 3.1
      vertex 2.55677 -1.70838 0.799999
    endloop
  endfacet
  facet normal -0.812836 0.582493 0
    outer loop
      vertex 2.55677 -1.70838 3.1
      vertex 2.43956 -1.87194 0.799999
      vertex 2.43956 -1.87194 3.1
    endloop
  endfacet
  facet normal 0.986642 0.162904 0
    outer loop
      vertex -3.01591 -0.599902 3.1
      vertex -3.04869 -0.401367 0.799999
      vertex -3.04869 -0.401367 3.1
    endloop
  endfacet
  facet normal 0.986642 0.162904 0
    outer loop
      vertex -3.04869 -0.401367 0.799999
      vertex -3.01591 -0.599902 3.1
      vertex -3.01591 -0.599902 0.799999
    endloop
  endfacet
  facet normal -0.88193 -0.47138 0
    outer loop
      vertex 2.75788 1.36004 0.799999
      vertex 2.66303 1.5375 3.1
      vertex 2.66303 1.5375 0.799999
    endloop
  endfacet
  facet normal -0.88193 -0.47138 0
    outer loop
      vertex 2.66303 1.5375 3.1
      vertex 2.75788 1.36004 0.799999
      vertex 2.75788 1.36004 3.1
    endloop
  endfacet
  facet normal 0.290276 -0.956943 0
    outer loop
      vertex -0.988426 2.91181 0.799999
      vertex -0.795868 2.97022 3.1
      vertex -0.988426 2.91181 3.1
    endloop
  endfacet
  facet normal 0.290276 -0.956943 0
    outer loop
      vertex -0.795868 2.97022 3.1
      vertex -0.988426 2.91181 0.799999
      vertex -0.795868 2.97022 0.799999
    endloop
  endfacet
  facet normal -0.352249 0.935906 0
    outer loop
      vertex 1.17675 -2.84093 0.799999
      vertex 0.988426 -2.91181 3.1
      vertex 1.17675 -2.84093 3.1
    endloop
  endfacet
  facet normal -0.352249 0.935906 0
    outer loop
      vertex 0.988426 -2.91181 3.1
      vertex 1.17675 -2.84093 0.799999
      vertex 0.988426 -2.91181 0.799999
    endloop
  endfacet
  facet normal -0.68362 -0.729838 0
    outer loop
      vertex 2.02749 2.31191 0.799999
      vertex 2.17435 2.17435 3.1
      vertex 2.02749 2.31191 3.1
    endloop
  endfacet
  facet normal -0.68362 -0.729838 -0
    outer loop
      vertex 2.17435 2.17435 3.1
      vertex 2.02749 2.31191 0.799999
      vertex 2.17435 2.17435 0.799999
    endloop
  endfacet
  facet normal -0.290276 -0.956943 0
    outer loop
      vertex 0.795868 2.97022 0.799999
      vertex 0.988426 2.91181 3.1
      vertex 0.795868 2.97022 3.1
    endloop
  endfacet
  facet normal -0.290276 -0.956943 -0
    outer loop
      vertex 0.988426 2.91181 3.1
      vertex 0.795868 2.97022 0.799999
      vertex 0.988426 2.91181 0.799999
    endloop
  endfacet
  facet normal 0.999465 -0.0327003 0
    outer loop
      vertex -3.075 0 3.1
      vertex -3.06842 0.201114 0.799999
      vertex -3.06842 0.201114 3.1
    endloop
  endfacet
  facet normal 0.999465 -0.0327003 0
    outer loop
      vertex -3.06842 0.201114 0.799999
      vertex -3.075 0 3.1
      vertex -3.075 0 0.799999
    endloop
  endfacet
  facet normal -0.227063 0.97388 0
    outer loop
      vertex 0.795868 -2.97022 0.799999
      vertex 0.599902 -3.01591 3.1
      vertex 0.795868 -2.97022 3.1
    endloop
  endfacet
  facet normal -0.227063 0.97388 0
    outer loop
      vertex 0.599902 -3.01591 3.1
      vertex 0.795868 -2.97022 0.799999
      vertex 0.599902 -3.01591 0.799999
    endloop
  endfacet
  facet normal 0.812836 0.582493 0
    outer loop
      vertex -2.43956 -1.87194 3.1
      vertex -2.55677 -1.70838 0.799999
      vertex -2.55677 -1.70838 3.1
    endloop
  endfacet
  facet normal 0.812836 0.582493 0
    outer loop
      vertex -2.55677 -1.70838 0.799999
      vertex -2.43956 -1.87194 3.1
      vertex -2.43956 -1.87194 0.799999
    endloop
  endfacet
  facet normal 0.849202 -0.528068 0
    outer loop
      vertex -2.66303 1.5375 3.1
      vertex -2.55677 1.70838 0.799999
      vertex -2.55677 1.70838 3.1
    endloop
  endfacet
  facet normal 0.849202 -0.528068 0
    outer loop
      vertex -2.55677 1.70838 0.799999
      vertex -2.66303 1.5375 3.1
      vertex -2.66303 1.5375 0.799999
    endloop
  endfacet
  facet normal -0.47138 0.88193 0
    outer loop
      vertex 1.5375 -2.66303 0.799999
      vertex 1.36004 -2.75788 3.1
      vertex 1.5375 -2.66303 3.1
    endloop
  endfacet
  facet normal -0.47138 0.88193 0
    outer loop
      vertex 1.36004 -2.75788 3.1
      vertex 1.5375 -2.66303 0.799999
      vertex 1.36004 -2.75788 0.799999
    endloop
  endfacet
  facet normal 0.227063 0.97388 -0
    outer loop
      vertex -0.599902 -3.01591 0.799999
      vertex -0.795868 -2.97022 3.1
      vertex -0.599902 -3.01591 3.1
    endloop
  endfacet
  facet normal 0.227063 0.97388 0
    outer loop
      vertex -0.795868 -2.97022 3.1
      vertex -0.599902 -3.01591 0.799999
      vertex -0.795868 -2.97022 0.799999
    endloop
  endfacet
  facet normal -0.0980506 -0.995181 0
    outer loop
      vertex 0.201114 3.06842 0.799999
      vertex 0.401367 3.04869 3.1
      vertex 0.201114 3.06842 3.1
    endloop
  endfacet
  facet normal -0.0980506 -0.995181 -0
    outer loop
      vertex 0.401367 3.04869 3.1
      vertex 0.201114 3.06842 0.799999
      vertex 0.401367 3.04869 0.799999
    endloop
  endfacet
  facet normal -0.0327003 -0.999465 0
    outer loop
      vertex 0 3.075 0.799999
      vertex 0.201114 3.06842 3.1
      vertex 0 3.075 3.1
    endloop
  endfacet
  facet normal -0.0327003 -0.999465 -0
    outer loop
      vertex 0.201114 3.06842 3.1
      vertex 0 3.075 0.799999
      vertex 0.201114 3.06842 0.799999
    endloop
  endfacet
  facet normal -0.97388 0.227063 0
    outer loop
      vertex 2.97022 -0.795868 0.799999
      vertex 3.01591 -0.599902 3.1
      vertex 3.01591 -0.599902 0.799999
    endloop
  endfacet
  facet normal -0.97388 0.227063 0
    outer loop
      vertex 3.01591 -0.599902 3.1
      vertex 2.97022 -0.795868 0.799999
      vertex 2.97022 -0.795868 3.1
    endloop
  endfacet
  facet normal -0.935906 0.352249 0
    outer loop
      vertex 2.84093 -1.17675 0.799999
      vertex 2.91181 -0.988426 3.1
      vertex 2.91181 -0.988426 0.799999
    endloop
  endfacet
  facet normal -0.935906 0.352249 0
    outer loop
      vertex 2.91181 -0.988426 3.1
      vertex 2.84093 -1.17675 0.799999
      vertex 2.84093 -1.17675 3.1
    endloop
  endfacet
  facet normal -0.995181 0.0980506 0
    outer loop
      vertex 3.04869 -0.401367 0.799999
      vertex 3.06842 -0.201114 3.1
      vertex 3.06842 -0.201114 0.799999
    endloop
  endfacet
  facet normal -0.995181 0.0980506 0
    outer loop
      vertex 3.06842 -0.201114 3.1
      vertex 3.04869 -0.401367 0.799999
      vertex 3.04869 -0.401367 3.1
    endloop
  endfacet
  facet normal -0.582493 -0.812836 0
    outer loop
      vertex 1.70838 2.55677 0.799999
      vertex 1.87194 2.43956 3.1
      vertex 1.70838 2.55677 3.1
    endloop
  endfacet
  facet normal -0.582493 -0.812836 -0
    outer loop
      vertex 1.87194 2.43956 3.1
      vertex 1.70838 2.55677 0.799999
      vertex 1.87194 2.43956 0.799999
    endloop
  endfacet
  facet normal 0.935906 -0.352249 0
    outer loop
      vertex -2.91181 0.988426 3.1
      vertex -2.84093 1.17675 0.799999
      vertex -2.84093 1.17675 3.1
    endloop
  endfacet
  facet normal 0.935906 -0.352249 0
    outer loop
      vertex -2.84093 1.17675 0.799999
      vertex -2.91181 0.988426 3.1
      vertex -2.91181 0.988426 0.799999
    endloop
  endfacet
  facet normal -0.935906 -0.352249 0
    outer loop
      vertex 2.91181 0.988426 0.799999
      vertex 2.84093 1.17675 3.1
      vertex 2.84093 1.17675 0.799999
    endloop
  endfacet
  facet normal -0.935906 -0.352249 0
    outer loop
      vertex 2.84093 1.17675 3.1
      vertex 2.91181 0.988426 0.799999
      vertex 2.91181 0.988426 3.1
    endloop
  endfacet
  facet normal 0.910859 -0.412717 0
    outer loop
      vertex -2.84093 1.17675 3.1
      vertex -2.75788 1.36004 0.799999
      vertex -2.75788 1.36004 3.1
    endloop
  endfacet
  facet normal 0.910859 -0.412717 0
    outer loop
      vertex -2.75788 1.36004 0.799999
      vertex -2.84093 1.17675 3.1
      vertex -2.84093 1.17675 0.799999
    endloop
  endfacet
  facet normal -0.634374 -0.773027 0
    outer loop
      vertex 1.87194 2.43956 0.799999
      vertex 2.02749 2.31191 3.1
      vertex 1.87194 2.43956 3.1
    endloop
  endfacet
  facet normal -0.634374 -0.773027 -0
    outer loop
      vertex 2.02749 2.31191 3.1
      vertex 1.87194 2.43956 0.799999
      vertex 2.02749 2.31191 0.799999
    endloop
  endfacet
  facet normal -0.47138 -0.88193 0
    outer loop
      vertex 1.36004 2.75788 0.799999
      vertex 1.5375 2.66303 3.1
      vertex 1.36004 2.75788 3.1
    endloop
  endfacet
  facet normal -0.47138 -0.88193 -0
    outer loop
      vertex 1.5375 2.66303 3.1
      vertex 1.36004 2.75788 0.799999
      vertex 1.5375 2.66303 0.799999
    endloop
  endfacet
  facet normal -0.986642 -0.162904 0
    outer loop
      vertex 3.04869 0.401367 0.799999
      vertex 3.01591 0.599902 3.1
      vertex 3.01591 0.599902 0.799999
    endloop
  endfacet
  facet normal -0.986642 -0.162904 0
    outer loop
      vertex 3.01591 0.599902 3.1
      vertex 3.04869 0.401367 0.799999
      vertex 3.04869 0.401367 3.1
    endloop
  endfacet
  facet normal 0.729838 -0.68362 0
    outer loop
      vertex -2.31191 2.02749 3.1
      vertex -2.17435 2.17435 0.799999
      vertex -2.17435 2.17435 3.1
    endloop
  endfacet
  facet normal 0.729838 -0.68362 0
    outer loop
      vertex -2.17435 2.17435 0.799999
      vertex -2.31191 2.02749 3.1
      vertex -2.31191 2.02749 0.799999
    endloop
  endfacet
  facet normal 0.528068 0.849202 -0
    outer loop
      vertex -1.5375 -2.66303 0.799999
      vertex -1.70838 -2.55677 3.1
      vertex -1.5375 -2.66303 3.1
    endloop
  endfacet
  facet normal 0.528068 0.849202 0
    outer loop
      vertex -1.70838 -2.55677 3.1
      vertex -1.5375 -2.66303 0.799999
      vertex -1.70838 -2.55677 0.799999
    endloop
  endfacet
  facet normal 0.0980506 0.995181 -0
    outer loop
      vertex -0.201114 -3.06842 0.799999
      vertex -0.401367 -3.04869 3.1
      vertex -0.201114 -3.06842 3.1
    endloop
  endfacet
  facet normal 0.0980506 0.995181 0
    outer loop
      vertex -0.401367 -3.04869 3.1
      vertex -0.201114 -3.06842 0.799999
      vertex -0.401367 -3.04869 0.799999
    endloop
  endfacet
  facet normal -0.412717 0.910859 0
    outer loop
      vertex 1.36004 -2.75788 0.799999
      vertex 1.17675 -2.84093 3.1
      vertex 1.36004 -2.75788 3.1
    endloop
  endfacet
  facet normal -0.412717 0.910859 0
    outer loop
      vertex 1.17675 -2.84093 3.1
      vertex 1.36004 -2.75788 0.799999
      vertex 1.17675 -2.84093 0.799999
    endloop
  endfacet
  facet normal -0.290276 0.956943 0
    outer loop
      vertex 0.988426 -2.91181 0.799999
      vertex 0.795868 -2.97022 3.1
      vertex 0.988426 -2.91181 3.1
    endloop
  endfacet
  facet normal -0.290276 0.956943 0
    outer loop
      vertex 0.795868 -2.97022 3.1
      vertex 0.988426 -2.91181 0.799999
      vertex 0.795868 -2.97022 0.799999
    endloop
  endfacet
  facet normal 0.0327003 -0.999465 0
    outer loop
      vertex -0.201114 3.06842 0.799999
      vertex 0 3.075 3.1
      vertex -0.201114 3.06842 3.1
    endloop
  endfacet
  facet normal 0.0327003 -0.999465 0
    outer loop
      vertex 0 3.075 3.1
      vertex -0.201114 3.06842 0.799999
      vertex 0 3.075 0.799999
    endloop
  endfacet
  facet normal 0.528068 -0.849202 0
    outer loop
      vertex -1.70838 2.55677 0.799999
      vertex -1.5375 2.66303 3.1
      vertex -1.70838 2.55677 3.1
    endloop
  endfacet
  facet normal 0.528068 -0.849202 0
    outer loop
      vertex -1.5375 2.66303 3.1
      vertex -1.70838 2.55677 0.799999
      vertex -1.5375 2.66303 0.799999
    endloop
  endfacet
  facet normal 0.634374 0.773027 -0
    outer loop
      vertex -1.87194 -2.43956 0.799999
      vertex -2.02749 -2.31191 3.1
      vertex -1.87194 -2.43956 3.1
    endloop
  endfacet
  facet normal 0.634374 0.773027 0
    outer loop
      vertex -2.02749 -2.31191 3.1
      vertex -1.87194 -2.43956 0.799999
      vertex -2.02749 -2.31191 0.799999
    endloop
  endfacet
  facet normal 0.290276 0.956943 -0
    outer loop
      vertex -0.795868 -2.97022 0.799999
      vertex -0.988426 -2.91181 3.1
      vertex -0.795868 -2.97022 3.1
    endloop
  endfacet
  facet normal 0.290276 0.956943 0
    outer loop
      vertex -0.988426 -2.91181 3.1
      vertex -0.795868 -2.97022 0.799999
      vertex -0.988426 -2.91181 0.799999
    endloop
  endfacet
  facet normal 0.999465 0.0327003 0
    outer loop
      vertex -3.06842 -0.201114 3.1
      vertex -3.075 0 0.799999
      vertex -3.075 0 3.1
    endloop
  endfacet
  facet normal 0.999465 0.0327003 0
    outer loop
      vertex -3.075 0 0.799999
      vertex -3.06842 -0.201114 3.1
      vertex -3.06842 -0.201114 0.799999
    endloop
  endfacet
  facet normal 0.812836 -0.582493 0
    outer loop
      vertex -2.55677 1.70838 3.1
      vertex -2.43956 1.87194 0.799999
      vertex -2.43956 1.87194 3.1
    endloop
  endfacet
  facet normal 0.812836 -0.582493 0
    outer loop
      vertex -2.43956 1.87194 0.799999
      vertex -2.55677 1.70838 3.1
      vertex -2.55677 1.70838 0.799999
    endloop
  endfacet
  facet normal -0.412717 -0.910859 0
    outer loop
      vertex 1.17675 2.84093 0.799999
      vertex 1.36004 2.75788 3.1
      vertex 1.17675 2.84093 3.1
    endloop
  endfacet
  facet normal -0.412717 -0.910859 -0
    outer loop
      vertex 1.36004 2.75788 3.1
      vertex 1.17675 2.84093 0.799999
      vertex 1.36004 2.75788 0.799999
    endloop
  endfacet
  facet normal 0.773027 -0.634374 0
    outer loop
      vertex -2.43956 1.87194 3.1
      vertex -2.31191 2.02749 0.799999
      vertex -2.31191 2.02749 3.1
    endloop
  endfacet
  facet normal 0.773027 -0.634374 0
    outer loop
      vertex -2.31191 2.02749 0.799999
      vertex -2.43956 1.87194 3.1
      vertex -2.43956 1.87194 0.799999
    endloop
  endfacet
  facet normal 0.412717 -0.910859 0
    outer loop
      vertex -1.36004 2.75788 0.799999
      vertex -1.17675 2.84093 3.1
      vertex -1.36004 2.75788 3.1
    endloop
  endfacet
  facet normal 0.412717 -0.910859 0
    outer loop
      vertex -1.17675 2.84093 3.1
      vertex -1.36004 2.75788 0.799999
      vertex -1.17675 2.84093 0.799999
    endloop
  endfacet
  facet normal -0.68362 0.729838 0
    outer loop
      vertex 2.17435 -2.17435 0.799999
      vertex 2.02749 -2.31191 3.1
      vertex 2.17435 -2.17435 3.1
    endloop
  endfacet
  facet normal -0.68362 0.729838 0
    outer loop
      vertex 2.02749 -2.31191 3.1
      vertex 2.17435 -2.17435 0.799999
      vertex 2.02749 -2.31191 0.799999
    endloop
  endfacet
  facet normal 0.97388 -0.227063 0
    outer loop
      vertex -3.01591 0.599902 3.1
      vertex -2.97022 0.795868 0.799999
      vertex -2.97022 0.795868 3.1
    endloop
  endfacet
  facet normal 0.97388 -0.227063 0
    outer loop
      vertex -2.97022 0.795868 0.799999
      vertex -3.01591 0.599902 3.1
      vertex -3.01591 0.599902 0.799999
    endloop
  endfacet
  facet normal 0.956943 -0.290276 0
    outer loop
      vertex -2.97022 0.795868 3.1
      vertex -2.91181 0.988426 0.799999
      vertex -2.91181 0.988426 3.1
    endloop
  endfacet
  facet normal 0.956943 -0.290276 0
    outer loop
      vertex -2.91181 0.988426 0.799999
      vertex -2.97022 0.795868 3.1
      vertex -2.97022 0.795868 0.799999
    endloop
  endfacet
  facet normal 0.634374 -0.773027 0
    outer loop
      vertex -2.02749 2.31191 0.799999
      vertex -1.87194 2.43956 3.1
      vertex -2.02749 2.31191 3.1
    endloop
  endfacet
  facet normal 0.634374 -0.773027 0
    outer loop
      vertex -1.87194 2.43956 3.1
      vertex -2.02749 2.31191 0.799999
      vertex -1.87194 2.43956 0.799999
    endloop
  endfacet
  facet normal 0.88193 -0.47138 0
    outer loop
      vertex -2.75788 1.36004 3.1
      vertex -2.66303 1.5375 0.799999
      vertex -2.66303 1.5375 3.1
    endloop
  endfacet
  facet normal 0.88193 -0.47138 0
    outer loop
      vertex -2.66303 1.5375 0.799999
      vertex -2.75788 1.36004 3.1
      vertex -2.75788 1.36004 0.799999
    endloop
  endfacet
  facet normal -0.227063 -0.97388 0
    outer loop
      vertex 0.599902 3.01591 0.799999
      vertex 0.795868 2.97022 3.1
      vertex 0.599902 3.01591 3.1
    endloop
  endfacet
  facet normal -0.227063 -0.97388 -0
    outer loop
      vertex 0.795868 2.97022 3.1
      vertex 0.599902 3.01591 0.799999
      vertex 0.795868 2.97022 0.799999
    endloop
  endfacet
  facet normal -0.162904 -0.986642 0
    outer loop
      vertex 0.401367 3.04869 0.799999
      vertex 0.599902 3.01591 3.1
      vertex 0.401367 3.04869 3.1
    endloop
  endfacet
  facet normal -0.162904 -0.986642 -0
    outer loop
      vertex 0.599902 3.01591 3.1
      vertex 0.401367 3.04869 0.799999
      vertex 0.599902 3.01591 0.799999
    endloop
  endfacet
  facet normal 0.412717 0.910859 -0
    outer loop
      vertex -1.17675 -2.84093 0.799999
      vertex -1.36004 -2.75788 3.1
      vertex -1.17675 -2.84093 3.1
    endloop
  endfacet
  facet normal 0.412717 0.910859 0
    outer loop
      vertex -1.36004 -2.75788 3.1
      vertex -1.17675 -2.84093 0.799999
      vertex -1.36004 -2.75788 0.799999
    endloop
  endfacet
  facet normal 0.47138 -0.88193 0
    outer loop
      vertex -1.5375 2.66303 0.799999
      vertex -1.36004 2.75788 3.1
      vertex -1.5375 2.66303 3.1
    endloop
  endfacet
  facet normal 0.47138 -0.88193 0
    outer loop
      vertex -1.36004 2.75788 3.1
      vertex -1.5375 2.66303 0.799999
      vertex -1.36004 2.75788 0.799999
    endloop
  endfacet
  facet normal 0.582493 0.812836 -0
    outer loop
      vertex -1.70838 -2.55677 0.799999
      vertex -1.87194 -2.43956 3.1
      vertex -1.70838 -2.55677 3.1
    endloop
  endfacet
  facet normal 0.582493 0.812836 0
    outer loop
      vertex -1.87194 -2.43956 3.1
      vertex -1.70838 -2.55677 0.799999
      vertex -1.87194 -2.43956 0.799999
    endloop
  endfacet
  facet normal -0.582493 0.812836 0
    outer loop
      vertex 1.87194 -2.43956 0.799999
      vertex 1.70838 -2.55677 3.1
      vertex 1.87194 -2.43956 3.1
    endloop
  endfacet
  facet normal -0.582493 0.812836 0
    outer loop
      vertex 1.70838 -2.55677 3.1
      vertex 1.87194 -2.43956 0.799999
      vertex 1.70838 -2.55677 0.799999
    endloop
  endfacet
  facet normal 0 0 1
    outer loop
      vertex 3.06842 0.201114 0.799999
      vertex 3.06842 -0.201114 0.799999
      vertex 3.075 0 0.799999
    endloop
  endfacet
  facet normal 0 0 1
    outer loop
      vertex 3.04869 0.401367 0.799999
      vertex 3.06842 -0.201114 0.799999
      vertex 3.06842 0.201114 0.799999
    endloop
  endfacet
  facet normal 0 0 1
    outer loop
      vertex 3.04869 0.401367 0.799999
      vertex 3.04869 -0.401367 0.799999
      vertex 3.06842 -0.201114 0.799999
    endloop
  endfacet
  facet normal 0 0 1
    outer loop
      vertex 3.01591 0.599902 0.799999
      vertex 3.04869 -0.401367 0.799999
      vertex 3.04869 0.401367 0.799999
    endloop
  endfacet
  facet normal 0 0 1
    outer loop
      vertex 3.01591 0.599902 0.799999
      vertex 3.01591 -0.599902 0.799999
      vertex 3.04869 -0.401367 0.799999
    endloop
  endfacet
  facet normal 0 0 1
    outer loop
      vertex 2.97022 0.795868 0.799999
      vertex 3.01591 -0.599902 0.799999
      vertex 3.01591 0.599902 0.799999
    endloop
  endfacet
  facet normal 0 0 1
    outer loop
      vertex 2.97022 0.795868 0.799999
      vertex 2.97022 -0.795868 0.799999
      vertex 3.01591 -0.599902 0.799999
    endloop
  endfacet
  facet normal 0 0 1
    outer loop
      vertex 2.91181 0.988426 0.799999
      vertex 2.97022 -0.795868 0.799999
      vertex 2.97022 0.795868 0.799999
    endloop
  endfacet
  facet normal 0 0 1
    outer loop
      vertex 2.91181 0.988426 0.799999
      vertex 2.91181 -0.988426 0.799999
      vertex 2.97022 -0.795868 0.799999
    endloop
  endfacet
  facet normal 0 0 1
    outer loop
      vertex 2.84093 1.17675 0.799999
      vertex 2.91181 -0.988426 0.799999
      vertex 2.91181 0.988426 0.799999
    endloop
  endfacet
  facet normal 0 0 1
    outer loop
      vertex 2.84093 1.17675 0.799999
      vertex 2.84093 -1.17675 0.799999
      vertex 2.91181 -0.988426 0.799999
    endloop
  endfacet
  facet normal 0 0 1
    outer loop
      vertex 2.75788 1.36004 0.799999
      vertex 2.84093 -1.17675 0.799999
      vertex 2.84093 1.17675 0.799999
    endloop
  endfacet
  facet normal 0 0 1
    outer loop
      vertex 2.75788 1.36004 0.799999
      vertex 2.75788 -1.36004 0.799999
      vertex 2.84093 -1.17675 0.799999
    endloop
  endfacet
  facet normal 0 0 1
    outer loop
      vertex 2.66303 1.5375 0.799999
      vertex 2.75788 -1.36004 0.799999
      vertex 2.75788 1.36004 0.799999
    endloop
  endfacet
  facet normal 0 0 1
    outer loop
      vertex 2.66303 1.5375 0.799999
      vertex 2.66303 -1.5375 0.799999
      vertex 2.75788 -1.36004 0.799999
    endloop
  endfacet
  facet normal 0 0 1
    outer loop
      vertex 2.55677 1.70838 0.799999
      vertex 2.66303 -1.5375 0.799999
      vertex 2.66303 1.5375 0.799999
    endloop
  endfacet
  facet normal 0 0 1
    outer loop
      vertex 2.55677 1.70838 0.799999
      vertex 2.55677 -1.70838 0.799999
      vertex 2.66303 -1.5375 0.799999
    endloop
  endfacet
  facet normal 0 0 1
    outer loop
      vertex 2.43956 1.87194 0.799999
      vertex 2.55677 -1.70838 0.799999
      vertex 2.55677 1.70838 0.799999
    endloop
  endfacet
  facet normal 0 0 1
    outer loop
      vertex 2.43956 1.87194 0.799999
      vertex 2.43956 -1.87194 0.799999
      vertex 2.55677 -1.70838 0.799999
    endloop
  endfacet
  facet normal 0 0 1
    outer loop
      vertex 2.31191 2.02749 0.799999
      vertex 2.43956 -1.87194 0.799999
      vertex 2.43956 1.87194 0.799999
    endloop
  endfacet
  facet normal 0 0 1
    outer loop
      vertex 2.31191 2.02749 0.799999
      vertex 2.31191 -2.02749 0.799999
      vertex 2.43956 -1.87194 0.799999
    endloop
  endfacet
  facet normal 0 0 1
    outer loop
      vertex 2.17435 2.17435 0.799999
      vertex 2.31191 -2.02749 0.799999
      vertex 2.31191 2.02749 0.799999
    endloop
  endfacet
  facet normal 0 0 1
    outer loop
      vertex 2.17435 2.17435 0.799999
      vertex 2.17435 -2.17435 0.799999
      vertex 2.31191 -2.02749 0.799999
    endloop
  endfacet
  facet normal 0 0 1
    outer loop
      vertex 2.02749 2.31191 0.799999
      vertex 2.17435 -2.17435 0.799999
      vertex 2.17435 2.17435 0.799999
    endloop
  endfacet
  facet normal 0 0 1
    outer loop
      vertex 2.02749 2.31191 0.799999
      vertex 2.02749 -2.31191 0.799999
      vertex 2.17435 -2.17435 0.799999
    endloop
  endfacet
  facet normal 0 0 1
    outer loop
      vertex 1.87194 2.43956 0.799999
      vertex 2.02749 -2.31191 0.799999
      vertex 2.02749 2.31191 0.799999
    endloop
  endfacet
  facet normal 0 0 1
    outer loop
      vertex 1.87194 2.43956 0.799999
      vertex 1.87194 -2.43956 0.799999
      vertex 2.02749 -2.31191 0.799999
    endloop
  endfacet
  facet normal 0 0 1
    outer loop
      vertex 1.70838 2.55677 0.799999
      vertex 1.87194 -2.43956 0.799999
      vertex 1.87194 2.43956 0.799999
    endloop
  endfacet
  facet normal 0 0 1
    outer loop
      vertex 1.70838 2.55677 0.799999
      vertex 1.70838 -2.55677 0.799999
      vertex 1.87194 -2.43956 0.799999
    endloop
  endfacet
  facet normal 0 0 1
    outer loop
      vertex 1.5375 2.66303 0.799999
      vertex 1.70838 -2.55677 0.799999
      vertex 1.70838 2.55677 0.799999
    endloop
  endfacet
  facet normal 0 0 1
    outer loop
      vertex 1.5375 2.66303 0.799999
      vertex 1.5375 -2.66303 0.799999
      vertex 1.70838 -2.55677 0.799999
    endloop
  endfacet
  facet normal 0 0 1
    outer loop
      vertex 1.36004 2.75788 0.799999
      vertex 1.5375 -2.66303 0.799999
      vertex 1.5375 2.66303 0.799999
    endloop
  endfacet
  facet normal 0 0 1
    outer loop
      vertex 1.36004 2.75788 0.799999
      vertex 1.36004 -2.75788 0.799999
      vertex 1.5375 -2.66303 0.799999
    endloop
  endfacet
  facet normal 0 0 1
    outer loop
      vertex 1.17675 2.84093 0.799999
      vertex 1.36004 -2.75788 0.799999
      vertex 1.36004 2.75788 0.799999
    endloop
  endfacet
  facet normal 0 0 1
    outer loop
      vertex 1.17675 2.84093 0.799999
      vertex 1.17675 -2.84093 0.799999
      vertex 1.36004 -2.75788 0.799999
    endloop
  endfacet
  facet normal 0 0 1
    outer loop
      vertex 0.988426 2.91181 0.799999
      vertex 1.17675 -2.84093 0.799999
      vertex 1.17675 2.84093 0.799999
    endloop
  endfacet
  facet normal 0 0 1
    outer loop
      vertex 0.988426 2.91181 0.799999
      vertex 0.988426 -2.91181 0.799999
      vertex 1.17675 -2.84093 0.799999
    endloop
  endfacet
  facet normal 0 0 1
    outer loop
      vertex 0.795868 2.97022 0.799999
      vertex 0.988426 -2.91181 0.799999
      vertex 0.988426 2.91181 0.799999
    endloop
  endfacet
  facet normal 0 0 1
    outer loop
      vertex 0.795868 2.97022 0.799999
      vertex 0.795868 -2.97022 0.799999
      vertex 0.988426 -2.91181 0.799999
    endloop
  endfacet
  facet normal 0 0 1
    outer loop
      vertex 0.599902 3.01591 0.799999
      vertex 0.795868 -2.97022 0.799999
      vertex 0.795868 2.97022 0.799999
    endloop
  endfacet
  facet normal 0 0 1
    outer loop
      vertex 0.599902 3.01591 0.799999
      vertex 0.599902 -3.01591 0.799999
      vertex 0.795868 -2.97022 0.799999
    endloop
  endfacet
  facet normal 0 0 1
    outer loop
      vertex 0.401367 3.04869 0.799999
      vertex 0.599902 -3.01591 0.799999
      vertex 0.599902 3.01591 0.799999
    endloop
  endfacet
  facet normal 0 0 1
    outer loop
      vertex 0.401367 3.04869 0.799999
      vertex 0.401367 -3.04869 0.799999
      vertex 0.599902 -3.01591 0.799999
    endloop
  endfacet
  facet normal 0 0 1
    outer loop
      vertex 0.201114 3.06842 0.799999
      vertex 0.401367 -3.04869 0.799999
      vertex 0.401367 3.04869 0.799999
    endloop
  endfacet
  facet normal 0 0 1
    outer loop
      vertex 0.201114 3.06842 0.799999
      vertex 0.201114 -3.06842 0.799999
      vertex 0.401367 -3.04869 0.799999
    endloop
  endfacet
  facet normal 0 0 1
    outer loop
      vertex 0 3.075 0.799999
      vertex 0.201114 -3.06842 0.799999
      vertex 0.201114 3.06842 0.799999
    endloop
  endfacet
  facet normal 0 0 1
    outer loop
      vertex 0 3.075 0.799999
      vertex 0 -3.075 0.799999
      vertex 0.201114 -3.06842 0.799999
    endloop
  endfacet
  facet normal -0 0 1
    outer loop
      vertex -0.201114 3.06842 0.799999
      vertex 0 -3.075 0.799999
      vertex 0 3.075 0.799999
    endloop
  endfacet
  facet normal 0 0 1
    outer loop
      vertex -0.201114 3.06842 0.799999
      vertex -0.201114 -3.06842 0.799999
      vertex 0 -3.075 0.799999
    endloop
  endfacet
  facet normal -0 0 1
    outer loop
      vertex -0.401367 3.04869 0.799999
      vertex -0.201114 -3.06842 0.799999
      vertex -0.201114 3.06842 0.799999
    endloop
  endfacet
  facet normal 0 0 1
    outer loop
      vertex -0.401367 3.04869 0.799999
      vertex -0.401367 -3.04869 0.799999
      vertex -0.201114 -3.06842 0.799999
    endloop
  endfacet
  facet normal -0 0 1
    outer loop
      vertex -0.599902 3.01591 0.799999
      vertex -0.401367 -3.04869 0.799999
      vertex -0.401367 3.04869 0.799999
    endloop
  endfacet
  facet normal 0 0 1
    outer loop
      vertex -0.599902 3.01591 0.799999
      vertex -0.599902 -3.01591 0.799999
      vertex -0.401367 -3.04869 0.799999
    endloop
  endfacet
  facet normal -0 0 1
    outer loop
      vertex -0.795868 2.97022 0.799999
      vertex -0.599902 -3.01591 0.799999
      vertex -0.599902 3.01591 0.799999
    endloop
  endfacet
  facet normal 0 0 1
    outer loop
      vertex -0.795868 2.97022 0.799999
      vertex -0.795868 -2.97022 0.799999
      vertex -0.599902 -3.01591 0.799999
    endloop
  endfacet
  facet normal -0 0 1
    outer loop
      vertex -0.988426 2.91181 0.799999
      vertex -0.795868 -2.97022 0.799999
      vertex -0.795868 2.97022 0.799999
    endloop
  endfacet
  facet normal 0 0 1
    outer loop
      vertex -0.988426 2.91181 0.799999
      vertex -0.988426 -2.91181 0.799999
      vertex -0.795868 -2.97022 0.799999
    endloop
  endfacet
  facet normal -0 0 1
    outer loop
      vertex -1.17675 2.84093 0.799999
      vertex -0.988426 -2.91181 0.799999
      vertex -0.988426 2.91181 0.799999
    endloop
  endfacet
  facet normal 0 0 1
    outer loop
      vertex -1.17675 2.84093 0.799999
      vertex -1.17675 -2.84093 0.799999
      vertex -0.988426 -2.91181 0.799999
    endloop
  endfacet
  facet normal -0 0 1
    outer loop
      vertex -1.36004 2.75788 0.799999
      vertex -1.17675 -2.84093 0.799999
      vertex -1.17675 2.84093 0.799999
    endloop
  endfacet
  facet normal 0 0 1
    outer loop
      vertex -1.36004 2.75788 0.799999
      vertex -1.36004 -2.75788 0.799999
      vertex -1.17675 -2.84093 0.799999
    endloop
  endfacet
  facet normal -0 0 1
    outer loop
      vertex -1.5375 2.66303 0.799999
      vertex -1.36004 -2.75788 0.799999
      vertex -1.36004 2.75788 0.799999
    endloop
  endfacet
  facet normal 0 0 1
    outer loop
      vertex -1.5375 2.66303 0.799999
      vertex -1.5375 -2.66303 0.799999
      vertex -1.36004 -2.75788 0.799999
    endloop
  endfacet
  facet normal -0 0 1
    outer loop
      vertex -1.70838 2.55677 0.799999
      vertex -1.5375 -2.66303 0.799999
      vertex -1.5375 2.66303 0.799999
    endloop
  endfacet
  facet normal 0 0 1
    outer loop
      vertex -1.70838 2.55677 0.799999
      vertex -1.70838 -2.55677 0.799999
      vertex -1.5375 -2.66303 0.799999
    endloop
  endfacet
  facet normal -0 0 1
    outer loop
      vertex -1.87194 2.43956 0.799999
      vertex -1.70838 -2.55677 0.799999
      vertex -1.70838 2.55677 0.799999
    endloop
  endfacet
  facet normal 0 0 1
    outer loop
      vertex -1.87194 2.43956 0.799999
      vertex -1.87194 -2.43956 0.799999
      vertex -1.70838 -2.55677 0.799999
    endloop
  endfacet
  facet normal -0 0 1
    outer loop
      vertex -2.02749 2.31191 0.799999
      vertex -1.87194 -2.43956 0.799999
      vertex -1.87194 2.43956 0.799999
    endloop
  endfacet
  facet normal 0 0 1
    outer loop
      vertex -2.02749 2.31191 0.799999
      vertex -2.02749 -2.31191 0.799999
      vertex -1.87194 -2.43956 0.799999
    endloop
  endfacet
  facet normal -0 0 1
    outer loop
      vertex -2.17435 2.17435 0.799999
      vertex -2.02749 -2.31191 0.799999
      vertex -2.02749 2.31191 0.799999
    endloop
  endfacet
  facet normal 0 0 1
    outer loop
      vertex -2.17435 2.17435 0.799999
      vertex -2.17435 -2.17435 0.799999
      vertex -2.02749 -2.31191 0.799999
    endloop
  endfacet
  facet normal -0 0 1
    outer loop
      vertex -2.31191 2.02749 0.799999
      vertex -2.17435 -2.17435 0.799999
      vertex -2.17435 2.17435 0.799999
    endloop
  endfacet
  facet normal 0 0 1
    outer loop
      vertex -2.31191 2.02749 0.799999
      vertex -2.31191 -2.02749 0.799999
      vertex -2.17435 -2.17435 0.799999
    endloop
  endfacet
  facet normal -0 0 1
    outer loop
      vertex -2.43956 1.87194 0.799999
      vertex -2.31191 -2.02749 0.799999
      vertex -2.31191 2.02749 0.799999
    endloop
  endfacet
  facet normal 0 0 1
    outer loop
      vertex -2.43956 1.87194 0.799999
      vertex -2.43956 -1.87194 0.799999
      vertex -2.31191 -2.02749 0.799999
    endloop
  endfacet
  facet normal -0 0 1
    outer loop
      vertex -2.55677 1.70838 0.799999
      vertex -2.43956 -1.87194 0.799999
      vertex -2.43956 1.87194 0.799999
    endloop
  endfacet
  facet normal 0 0 1
    outer loop
      vertex -2.55677 1.70838 0.799999
      vertex -2.55677 -1.70838 0.799999
      vertex -2.43956 -1.87194 0.799999
    endloop
  endfacet
  facet normal -0 0 1
    outer loop
      vertex -2.66303 1.5375 0.799999
      vertex -2.55677 -1.70838 0.799999
      vertex -2.55677 1.70838 0.799999
    endloop
  endfacet
  facet normal 0 0 1
    outer loop
      vertex -2.66303 1.5375 0.799999
      vertex -2.66303 -1.5375 0.799999
      vertex -2.55677 -1.70838 0.799999
    endloop
  endfacet
  facet normal -0 0 1
    outer loop
      vertex -2.75788 1.36004 0.799999
      vertex -2.66303 -1.5375 0.799999
      vertex -2.66303 1.5375 0.799999
    endloop
  endfacet
  facet normal 0 0 1
    outer loop
      vertex -2.75788 1.36004 0.799999
      vertex -2.75788 -1.36004 0.799999
      vertex -2.66303 -1.5375 0.799999
    endloop
  endfacet
  facet normal -0 0 1
    outer loop
      vertex -2.84093 1.17675 0.799999
      vertex -2.75788 -1.36004 0.799999
      vertex -2.75788 1.36004 0.799999
    endloop
  endfacet
  facet normal 0 0 1
    outer loop
      vertex -2.84093 1.17675 0.799999
      vertex -2.84093 -1.17675 0.799999
      vertex -2.75788 -1.36004 0.799999
    endloop
  endfacet
  facet normal -0 0 1
    outer loop
      vertex -2.91181 0.988426 0.799999
      vertex -2.84093 -1.17675 0.799999
      vertex -2.84093 1.17675 0.799999
    endloop
  endfacet
  facet normal 0 0 1
    outer loop
      vertex -2.91181 0.988426 0.799999
      vertex -2.91181 -0.988426 0.799999
      vertex -2.84093 -1.17675 0.799999
    endloop
  endfacet
  facet normal -0 0 1
    outer loop
      vertex -2.97022 0.795868 0.799999
      vertex -2.91181 -0.988426 0.799999
      vertex -2.91181 0.988426 0.799999
    endloop
  endfacet
  facet normal 0 0 1
    outer loop
      vertex -2.97022 0.795868 0.799999
      vertex -2.97022 -0.795868 0.799999
      vertex -2.91181 -0.988426 0.799999
    endloop
  endfacet
  facet normal -0 0 1
    outer loop
      vertex -3.01591 0.599902 0.799999
      vertex -2.97022 -0.795868 0.799999
      vertex -2.97022 0.795868 0.799999
    endloop
  endfacet
  facet normal 0 0 1
    outer loop
      vertex -3.01591 0.599902 0.799999
      vertex -3.01591 -0.599902 0.799999
      vertex -2.97022 -0.795868 0.799999
    endloop
  endfacet
  facet normal -0 0 1
    outer loop
      vertex -3.04869 0.401367 0.799999
      vertex -3.01591 -0.599902 0.799999
      vertex -3.01591 0.599902 0.799999
    endloop
  endfacet
  facet normal 0 0 1
    outer loop
      vertex -3.04869 0.401367 0.799999
      vertex -3.04869 -0.401367 0.799999
      vertex -3.01591 -0.599902 0.799999
    endloop
  endfacet
  facet normal -0 0 1
    outer loop
      vertex -3.06842 0.201114 0.799999
      vertex -3.04869 -0.401367 0.799999
      vertex -3.04869 0.401367 0.799999
    endloop
  endfacet
  facet normal 0 0 1
    outer loop
      vertex -3.06842 0.201114 0.799999
      vertex -3.06842 -0.201114 0.799999
      vertex -3.04869 -0.401367 0.799999
    endloop
  endfacet
  facet normal 0 -0 1
    outer loop
      vertex -3.06842 -0.201114 0.799999
      vertex -3.06842 0.201114 0.799999
      vertex -3.075 0 0.799999
    endloop
  endfacet
  facet normal 0.47138 0.88193 -0
    outer loop
      vertex -1.36004 -2.75788 0.799999
      vertex -1.5375 -2.66303 3.1
      vertex -1.36004 -2.75788 3.1
    endloop
  endfacet
  facet normal 0.47138 0.88193 0
    outer loop
      vertex -1.5375 -2.66303 3.1
      vertex -1.36004 -2.75788 0.799999
      vertex -1.5375 -2.66303 0.799999
    endloop
  endfacet
  facet normal -0.799726 -0.0261652 0.599795
    outer loop
      vertex 3.075 0 3.1
      vertex 3.375 0 3.5
      vertex 3.06842 0.201114 3.1
    endloop
  endfacet
  facet normal -0.748863 0.281865 0.599796
    outer loop
      vertex 3.11809 -1.29156 3.5
      vertex 3.19589 -1.08486 3.5
      vertex 2.91181 -0.988426 3.1
    endloop
  endfacet
  facet normal 0.618537 -0.507594 0.5998
    outer loop
      vertex -2.43956 1.87194 3.1
      vertex -2.31191 2.02749 3.1
      vertex -2.67757 2.05457 3.5
    endloop
  endfacet
  facet normal -0.330217 -0.728839 0.599793
    outer loop
      vertex 1.49272 3.02695 3.5
      vertex 1.29156 3.11809 3.5
      vertex 1.17675 2.84093 3.1
    endloop
  endfacet
  facet normal 0.789459 0.130354 0.599802
    outer loop
      vertex -3.31015 -0.658429 3.5
      vertex -3.04869 -0.401367 3.1
      vertex -3.34613 -0.440525 3.5
    endloop
  endfacet
  facet normal 0.0261945 -0.799732 0.599785
    outer loop
      vertex -0.201114 3.06842 3.1
      vertex 0 3.375 3.5
      vertex -0.220736 3.36777 3.5
    endloop
  endfacet
  facet normal -0.7657 0.232265 0.599797
    outer loop
      vertex 3.26 -0.873514 3.5
      vertex 2.97022 -0.795868 3.1
      vertex 2.91181 -0.988426 3.1
    endloop
  endfacet
  facet normal -0.618524 0.507623 0.59979
    outer loop
      vertex 2.53746 -2.22529 3.5
      vertex 2.67757 -2.05457 3.5
      vertex 2.31191 -2.02749 3.1
    endloop
  endfacet
  facet normal 0.618524 -0.507623 0.59979
    outer loop
      vertex -2.31191 2.02749 3.1
      vertex -2.53746 2.22529 3.5
      vertex -2.67757 2.05457 3.5
    endloop
  endfacet
  facet normal -0.130348 -0.789462 0.5998
    outer loop
      vertex 0.599902 3.01591 3.1
      vertex 0.658429 3.31015 3.5
      vertex 0.401367 3.04869 3.1
    endloop
  endfacet
  facet normal 0.0261945 0.799732 0.599785
    outer loop
      vertex 0 -3.375 3.5
      vertex -0.201114 -3.06842 3.1
      vertex -0.220736 -3.36777 3.5
    endloop
  endfacet
  facet normal 0.789459 -0.130354 0.599802
    outer loop
      vertex -3.04869 0.401367 3.1
      vertex -3.31015 0.658429 3.5
      vertex -3.34613 0.440525 3.5
    endloop
  endfacet
  facet normal -0.789462 0.130348 0.5998
    outer loop
      vertex 3.31015 -0.658429 3.5
      vertex 3.04869 -0.401367 3.1
      vertex 3.01591 -0.599902 3.1
    endloop
  endfacet
  facet normal -0.796298 -0.078402 0.599802
    outer loop
      vertex 3.36777 0.220736 3.5
      vertex 3.34613 0.440525 3.5
      vertex 3.04869 0.401367 3.1
    endloop
  endfacet
  facet normal -0.281865 0.748863 0.599796
    outer loop
      vertex 1.08486 -3.19589 3.5
      vertex 1.29156 -3.11809 3.5
      vertex 0.988426 -2.91181 3.1
    endloop
  endfacet
  facet normal -0.650391 -0.466082 0.5998
    outer loop
      vertex 2.55677 1.70838 3.1
      vertex 2.67757 2.05457 3.5
      vertex 2.43956 1.87194 3.1
    endloop
  endfacet
  facet normal -0.748871 0.281855 0.599792
    outer loop
      vertex 3.11809 -1.29156 3.5
      vertex 2.91181 -0.988426 3.1
      vertex 2.84093 -1.17675 3.1
    endloop
  endfacet
  facet normal -0.799726 0.0261652 0.599795
    outer loop
      vertex 3.375 0 3.5
      vertex 3.075 0 3.1
      vertex 3.06842 -0.201114 3.1
    endloop
  endfacet
  facet normal -0.705673 0.377182 0.5998
    outer loop
      vertex 2.92284 -1.6875 3.5
      vertex 3.02695 -1.49272 3.5
      vertex 2.75788 -1.36004 3.1
    endloop
  endfacet
  facet normal -0.078402 0.796298 0.599802
    outer loop
      vertex 0.440525 -3.34613 3.5
      vertex 0.401367 -3.04869 3.1
      vertex 0.220736 -3.36777 3.5
    endloop
  endfacet
  facet normal -0.422535 0.679491 0.599797
    outer loop
      vertex 1.6875 -2.92284 3.5
      vertex 1.70838 -2.55677 3.1
      vertex 1.5375 -2.66303 3.1
    endloop
  endfacet
  facet normal -0.789459 0.130354 0.599802
    outer loop
      vertex 3.31015 -0.658429 3.5
      vertex 3.34613 -0.440525 3.5
      vertex 3.04869 -0.401367 3.1
    endloop
  endfacet
  facet normal 0.546962 0.584025 0.59979
    outer loop
      vertex -2.22529 -2.53746 3.5
      vertex -2.02749 -2.31191 3.1
      vertex -2.38649 -2.38649 3.5
    endloop
  endfacet
  facet normal 0.77925 -0.181684 0.5998
    outer loop
      vertex -3.01591 0.599902 3.1
      vertex -2.97022 0.795868 3.1
      vertex -3.31015 0.658429 3.5
    endloop
  endfacet
  facet normal -0.679487 0.422547 0.599793
    outer loop
      vertex 2.80621 -1.87505 3.5
      vertex 2.92284 -1.6875 3.5
      vertex 2.55677 -1.70838 3.1
    endloop
  endfacet
  facet normal -0.728824 0.330235 0.599801
    outer loop
      vertex 3.02695 -1.49272 3.5
      vertex 2.84093 -1.17675 3.1
      vertex 2.75788 -1.36004 3.1
    endloop
  endfacet
  facet normal -0.789459 -0.130354 0.599802
    outer loop
      vertex 3.34613 0.440525 3.5
      vertex 3.31015 0.658429 3.5
      vertex 3.04869 0.401367 3.1
    endloop
  endfacet
  facet normal 0.330217 -0.728839 0.599793
    outer loop
      vertex -1.17675 2.84093 3.1
      vertex -1.29156 3.11809 3.5
      vertex -1.49272 3.02695 3.5
    endloop
  endfacet
  facet normal 0.078402 -0.796298 0.599802
    outer loop
      vertex -0.401367 3.04869 3.1
      vertex -0.220736 3.36777 3.5
      vertex -0.440525 3.34613 3.5
    endloop
  endfacet
  facet normal 0.130348 0.789462 0.5998
    outer loop
      vertex -0.401367 -3.04869 3.1
      vertex -0.599902 -3.01591 3.1
      vertex -0.658429 -3.31015 3.5
    endloop
  endfacet
  facet normal 0.377176 -0.705679 0.599797
    outer loop
      vertex -1.5375 2.66303 3.1
      vertex -1.36004 2.75788 3.1
      vertex -1.6875 2.92284 3.5
    endloop
  endfacet
  facet normal -0.583975 0.546994 0.599809
    outer loop
      vertex 2.38649 -2.38649 3.5
      vertex 2.31191 -2.02749 3.1
      vertex 2.17435 -2.17435 3.1
    endloop
  endfacet
  facet normal 0.232265 -0.7657 0.599797
    outer loop
      vertex -0.795868 2.97022 3.1
      vertex -0.873514 3.26 3.5
      vertex -0.988426 2.91181 3.1
    endloop
  endfacet
  facet normal 0.546994 0.583975 0.599809
    outer loop
      vertex -2.02749 -2.31191 3.1
      vertex -2.17435 -2.17435 3.1
      vertex -2.38649 -2.38649 3.5
    endloop
  endfacet
  facet normal 0.377182 -0.705673 0.5998
    outer loop
      vertex -1.36004 2.75788 3.1
      vertex -1.49272 3.02695 3.5
      vertex -1.6875 2.92284 3.5
    endloop
  endfacet
  facet normal 0.618537 0.507594 0.5998
    outer loop
      vertex -2.31191 -2.02749 3.1
      vertex -2.43956 -1.87194 3.1
      vertex -2.67757 -2.05457 3.5
    endloop
  endfacet
  facet normal 0.507594 -0.618537 0.5998
    outer loop
      vertex -2.02749 2.31191 3.1
      vertex -1.87194 2.43956 3.1
      vertex -2.05457 2.67757 3.5
    endloop
  endfacet
  facet normal 0.583975 0.546994 0.599809
    outer loop
      vertex -2.17435 -2.17435 3.1
      vertex -2.31191 -2.02749 3.1
      vertex -2.38649 -2.38649 3.5
    endloop
  endfacet
  facet normal 0.281865 -0.748863 0.599796
    outer loop
      vertex -0.988426 2.91181 3.1
      vertex -1.08486 3.19589 3.5
      vertex -1.29156 3.11809 3.5
    endloop
  endfacet
  facet normal -0.232265 -0.7657 0.599797
    outer loop
      vertex 0.988426 2.91181 3.1
      vertex 0.873514 3.26 3.5
      vertex 0.795868 2.97022 3.1
    endloop
  endfacet
  facet normal 0.181693 -0.77925 0.599797
    outer loop
      vertex -0.795868 2.97022 3.1
      vertex -0.658429 3.31015 3.5
      vertex -0.873514 3.26 3.5
    endloop
  endfacet
  facet normal -0.679491 0.422535 0.599797
    outer loop
      vertex 2.92284 -1.6875 3.5
      vertex 2.66303 -1.5375 3.1
      vertex 2.55677 -1.70838 3.1
    endloop
  endfacet
  facet normal 0.7657 -0.232265 0.599797
    outer loop
      vertex -2.97022 0.795868 3.1
      vertex -2.91181 0.988426 3.1
      vertex -3.26 0.873514 3.5
    endloop
  endfacet
  facet normal 0.330235 -0.728824 0.599801
    outer loop
      vertex -1.36004 2.75788 3.1
      vertex -1.17675 2.84093 3.1
      vertex -1.49272 3.02695 3.5
    endloop
  endfacet
  facet normal -0.181693 -0.77925 0.599797
    outer loop
      vertex 0.795868 2.97022 3.1
      vertex 0.873514 3.26 3.5
      vertex 0.658429 3.31015 3.5
    endloop
  endfacet
  facet normal 0.422547 -0.679487 0.599793
    outer loop
      vertex -1.70838 2.55677 3.1
      vertex -1.6875 2.92284 3.5
      vertex -1.87505 2.80621 3.5
    endloop
  endfacet
  facet normal -0.796298 0.078402 0.599802
    outer loop
      vertex 3.34613 -0.440525 3.5
      vertex 3.36777 -0.220736 3.5
      vertex 3.04869 -0.401367 3.1
    endloop
  endfacet
  facet normal -0.507623 0.618524 0.59979
    outer loop
      vertex 2.05457 -2.67757 3.5
      vertex 2.22529 -2.53746 3.5
      vertex 2.02749 -2.31191 3.1
    endloop
  endfacet
  facet normal 0.377176 0.705679 0.599797
    outer loop
      vertex -1.36004 -2.75788 3.1
      vertex -1.5375 -2.66303 3.1
      vertex -1.6875 -2.92284 3.5
    endloop
  endfacet
  facet normal -0.705679 -0.377176 0.599797
    outer loop
      vertex 2.75788 1.36004 3.1
      vertex 2.92284 1.6875 3.5
      vertex 2.66303 1.5375 3.1
    endloop
  endfacet
  facet normal 0.796298 -0.078402 0.599802
    outer loop
      vertex -3.04869 0.401367 3.1
      vertex -3.34613 0.440525 3.5
      vertex -3.36777 0.220736 3.5
    endloop
  endfacet
  facet normal 0.705679 -0.377176 0.599797
    outer loop
      vertex -2.75788 1.36004 3.1
      vertex -2.66303 1.5375 3.1
      vertex -2.92284 1.6875 3.5
    endloop
  endfacet
  facet normal -0.0261945 -0.799732 0.599785
    outer loop
      vertex 0.201114 3.06842 3.1
      vertex 0.220736 3.36777 3.5
      vertex 0 3.375 3.5
    endloop
  endfacet
  facet normal 0.281855 -0.748871 0.599792
    outer loop
      vertex -1.17675 2.84093 3.1
      vertex -0.988426 2.91181 3.1
      vertex -1.29156 3.11809 3.5
    endloop
  endfacet
  facet normal 0.422535 0.679491 0.599797
    outer loop
      vertex -1.6875 -2.92284 3.5
      vertex -1.5375 -2.66303 3.1
      vertex -1.70838 -2.55677 3.1
    endloop
  endfacet
  facet normal 0.77925 0.181693 0.599797
    outer loop
      vertex -3.26 -0.873514 3.5
      vertex -2.97022 -0.795868 3.1
      vertex -3.31015 -0.658429 3.5
    endloop
  endfacet
  facet normal -0.130354 0.789459 0.599802
    outer loop
      vertex 0.440525 -3.34613 3.5
      vertex 0.658429 -3.31015 3.5
      vertex 0.401367 -3.04869 3.1
    endloop
  endfacet
  facet normal -0.546994 -0.583975 0.599809
    outer loop
      vertex 2.17435 2.17435 3.1
      vertex 2.38649 2.38649 3.5
      vertex 2.02749 2.31191 3.1
    endloop
  endfacet
  facet normal 0.232268 -0.7657 0.599796
    outer loop
      vertex -0.988426 2.91181 3.1
      vertex -0.873514 3.26 3.5
      vertex -1.08486 3.19589 3.5
    endloop
  endfacet
  facet normal -0.281855 0.748871 0.599792
    outer loop
      vertex 1.29156 -3.11809 3.5
      vertex 1.17675 -2.84093 3.1
      vertex 0.988426 -2.91181 3.1
    endloop
  endfacet
  facet normal 0.799732 -0.0261945 0.599785
    outer loop
      vertex -3.06842 0.201114 3.1
      vertex -3.36777 0.220736 3.5
      vertex -3.375 0 3.5
    endloop
  endfacet
  facet normal -0.77925 -0.181693 0.599797
    outer loop
      vertex 3.31015 0.658429 3.5
      vertex 3.26 0.873514 3.5
      vertex 2.97022 0.795868 3.1
    endloop
  endfacet
  facet normal -0.507594 0.618537 0.5998
    outer loop
      vertex 2.05457 -2.67757 3.5
      vertex 2.02749 -2.31191 3.1
      vertex 1.87194 -2.43956 3.1
    endloop
  endfacet
  facet normal -0.77925 -0.181684 0.5998
    outer loop
      vertex 3.01591 0.599902 3.1
      vertex 3.31015 0.658429 3.5
      vertex 2.97022 0.795868 3.1
    endloop
  endfacet
  facet normal 0.584025 -0.546962 0.59979
    outer loop
      vertex -2.31191 2.02749 3.1
      vertex -2.38649 2.38649 3.5
      vertex -2.53746 2.22529 3.5
    endloop
  endfacet
  facet normal -0.748863 -0.281865 0.599796
    outer loop
      vertex 3.19589 1.08486 3.5
      vertex 3.11809 1.29156 3.5
      vertex 2.91181 0.988426 3.1
    endloop
  endfacet
  facet normal 0.232265 0.7657 0.599797
    outer loop
      vertex -0.873514 -3.26 3.5
      vertex -0.795868 -2.97022 3.1
      vertex -0.988426 -2.91181 3.1
    endloop
  endfacet
  facet normal -0.799732 -0.0261945 0.599785
    outer loop
      vertex 3.375 0 3.5
      vertex 3.36777 0.220736 3.5
      vertex 3.06842 0.201114 3.1
    endloop
  endfacet
  facet normal -0.618537 -0.507594 0.5998
    outer loop
      vertex 2.43956 1.87194 3.1
      vertex 2.67757 2.05457 3.5
      vertex 2.31191 2.02749 3.1
    endloop
  endfacet
  facet normal 0.7657 -0.232268 0.599796
    outer loop
      vertex -2.91181 0.988426 3.1
      vertex -3.19589 1.08486 3.5
      vertex -3.26 0.873514 3.5
    endloop
  endfacet
  facet normal -0.77925 0.181684 0.5998
    outer loop
      vertex 3.31015 -0.658429 3.5
      vertex 3.01591 -0.599902 3.1
      vertex 2.97022 -0.795868 3.1
    endloop
  endfacet
  facet normal 0.507623 -0.618524 0.59979
    outer loop
      vertex -2.02749 2.31191 3.1
      vertex -2.05457 2.67757 3.5
      vertex -2.22529 2.53746 3.5
    endloop
  endfacet
  facet normal 0.422535 -0.679491 0.599797
    outer loop
      vertex -1.5375 2.66303 3.1
      vertex -1.6875 2.92284 3.5
      vertex -1.70838 2.55677 3.1
    endloop
  endfacet
  facet normal 0.078402 0.796298 0.599802
    outer loop
      vertex -0.220736 -3.36777 3.5
      vertex -0.401367 -3.04869 3.1
      vertex -0.440525 -3.34613 3.5
    endloop
  endfacet
  facet normal -0.232268 0.7657 0.599796
    outer loop
      vertex 1.08486 -3.19589 3.5
      vertex 0.988426 -2.91181 3.1
      vertex 0.873514 -3.26 3.5
    endloop
  endfacet
  facet normal 0.799732 0.0261945 0.599785
    outer loop
      vertex -3.36777 -0.220736 3.5
      vertex -3.06842 -0.201114 3.1
      vertex -3.375 0 3.5
    endloop
  endfacet
  facet normal -0.650407 0.466067 0.599793
    outer loop
      vertex 2.67757 -2.05457 3.5
      vertex 2.80621 -1.87505 3.5
      vertex 2.55677 -1.70838 3.1
    endloop
  endfacet
  facet normal -0.77925 0.181693 0.599797
    outer loop
      vertex 3.26 -0.873514 3.5
      vertex 3.31015 -0.658429 3.5
      vertex 2.97022 -0.795868 3.1
    endloop
  endfacet
  facet normal 0.748863 -0.281865 0.599796
    outer loop
      vertex -2.91181 0.988426 3.1
      vertex -3.11809 1.29156 3.5
      vertex -3.19589 1.08486 3.5
    endloop
  endfacet
  facet normal -0.377176 -0.705679 0.599797
    outer loop
      vertex 1.5375 2.66303 3.1
      vertex 1.6875 2.92284 3.5
      vertex 1.36004 2.75788 3.1
    endloop
  endfacet
  facet normal 0.466067 -0.650407 0.599793
    outer loop
      vertex -1.70838 2.55677 3.1
      vertex -1.87505 2.80621 3.5
      vertex -2.05457 2.67757 3.5
    endloop
  endfacet
  facet normal -0.728824 -0.330235 0.599801
    outer loop
      vertex 2.84093 1.17675 3.1
      vertex 3.02695 1.49272 3.5
      vertex 2.75788 1.36004 3.1
    endloop
  endfacet
  facet normal 0.789462 -0.130348 0.5998
    outer loop
      vertex -3.04869 0.401367 3.1
      vertex -3.01591 0.599902 3.1
      vertex -3.31015 0.658429 3.5
    endloop
  endfacet
  facet normal -0.796306 -0.0784564 0.599784
    outer loop
      vertex 3.06842 0.201114 3.1
      vertex 3.36777 0.220736 3.5
      vertex 3.04869 0.401367 3.1
    endloop
  endfacet
  facet normal 0.705673 -0.377182 0.5998
    outer loop
      vertex -2.75788 1.36004 3.1
      vertex -2.92284 1.6875 3.5
      vertex -3.02695 1.49272 3.5
    endloop
  endfacet
  facet normal 0.181693 0.77925 0.599797
    outer loop
      vertex -0.658429 -3.31015 3.5
      vertex -0.795868 -2.97022 3.1
      vertex -0.873514 -3.26 3.5
    endloop
  endfacet
  facet normal 0.77925 -0.181693 0.599797
    outer loop
      vertex -2.97022 0.795868 3.1
      vertex -3.26 0.873514 3.5
      vertex -3.31015 0.658429 3.5
    endloop
  endfacet
  facet normal -0.7657 -0.232268 0.599796
    outer loop
      vertex 3.26 0.873514 3.5
      vertex 3.19589 1.08486 3.5
      vertex 2.91181 0.988426 3.1
    endloop
  endfacet
  facet normal -0.507594 -0.618537 0.5998
    outer loop
      vertex 2.02749 2.31191 3.1
      vertex 2.05457 2.67757 3.5
      vertex 1.87194 2.43956 3.1
    endloop
  endfacet
  facet normal 0.650391 -0.466082 0.5998
    outer loop
      vertex -2.55677 1.70838 3.1
      vertex -2.43956 1.87194 3.1
      vertex -2.67757 2.05457 3.5
    endloop
  endfacet
  facet normal -0.618537 0.507594 0.5998
    outer loop
      vertex 2.67757 -2.05457 3.5
      vertex 2.43956 -1.87194 3.1
      vertex 2.31191 -2.02749 3.1
    endloop
  endfacet
  facet normal -0.130354 -0.789459 0.599802
    outer loop
      vertex 0.658429 3.31015 3.5
      vertex 0.440525 3.34613 3.5
      vertex 0.401367 3.04869 3.1
    endloop
  endfacet
  facet normal -0.466067 0.650407 0.599793
    outer loop
      vertex 1.87505 -2.80621 3.5
      vertex 2.05457 -2.67757 3.5
      vertex 1.70838 -2.55677 3.1
    endloop
  endfacet
  facet normal -0.422547 0.679487 0.599793
    outer loop
      vertex 1.87505 -2.80621 3.5
      vertex 1.70838 -2.55677 3.1
      vertex 1.6875 -2.92284 3.5
    endloop
  endfacet
  facet normal 0.130348 -0.789462 0.5998
    outer loop
      vertex -0.599902 3.01591 3.1
      vertex -0.401367 3.04869 3.1
      vertex -0.658429 3.31015 3.5
    endloop
  endfacet
  facet normal -0.377176 0.705679 0.599797
    outer loop
      vertex 1.6875 -2.92284 3.5
      vertex 1.5375 -2.66303 3.1
      vertex 1.36004 -2.75788 3.1
    endloop
  endfacet
  facet normal -0.330235 -0.728824 0.599801
    outer loop
      vertex 1.36004 2.75788 3.1
      vertex 1.49272 3.02695 3.5
      vertex 1.17675 2.84093 3.1
    endloop
  endfacet
  facet normal 0.546962 -0.584025 0.59979
    outer loop
      vertex -2.02749 2.31191 3.1
      vertex -2.22529 2.53746 3.5
      vertex -2.38649 2.38649 3.5
    endloop
  endfacet
  facet normal -0.7657 -0.232265 0.599797
    outer loop
      vertex 2.97022 0.795868 3.1
      vertex 3.26 0.873514 3.5
      vertex 2.91181 0.988426 3.1
    endloop
  endfacet
  facet normal -0.679491 -0.422535 0.599797
    outer loop
      vertex 2.66303 1.5375 3.1
      vertex 2.92284 1.6875 3.5
      vertex 2.55677 1.70838 3.1
    endloop
  endfacet
  facet normal -0.181684 -0.77925 0.5998
    outer loop
      vertex 0.795868 2.97022 3.1
      vertex 0.658429 3.31015 3.5
      vertex 0.599902 3.01591 3.1
    endloop
  endfacet
  facet normal 0.650391 0.466082 0.5998
    outer loop
      vertex -2.43956 -1.87194 3.1
      vertex -2.55677 -1.70838 3.1
      vertex -2.67757 -2.05457 3.5
    endloop
  endfacet
  facet normal 0.181684 0.77925 0.5998
    outer loop
      vertex -0.658429 -3.31015 3.5
      vertex -0.599902 -3.01591 3.1
      vertex -0.795868 -2.97022 3.1
    endloop
  endfacet
  facet normal -0.728839 -0.330217 0.599793
    outer loop
      vertex 3.11809 1.29156 3.5
      vertex 3.02695 1.49272 3.5
      vertex 2.84093 1.17675 3.1
    endloop
  endfacet
  facet normal 0.232268 0.7657 0.599796
    outer loop
      vertex -0.873514 -3.26 3.5
      vertex -0.988426 -2.91181 3.1
      vertex -1.08486 -3.19589 3.5
    endloop
  endfacet
  facet normal 0.789462 0.130348 0.5998
    outer loop
      vertex -3.01591 -0.599902 3.1
      vertex -3.04869 -0.401367 3.1
      vertex -3.31015 -0.658429 3.5
    endloop
  endfacet
  facet normal 0.650407 0.466067 0.599793
    outer loop
      vertex -2.67757 -2.05457 3.5
      vertex -2.55677 -1.70838 3.1
      vertex -2.80621 -1.87505 3.5
    endloop
  endfacet
  facet normal 0.796306 -0.0784564 0.599784
    outer loop
      vertex -3.06842 0.201114 3.1
      vertex -3.04869 0.401367 3.1
      vertex -3.36777 0.220736 3.5
    endloop
  endfacet
  facet normal 0.799726 -0.0261652 0.599795
    outer loop
      vertex -3.075 0 3.1
      vertex -3.06842 0.201114 3.1
      vertex -3.375 0 3.5
    endloop
  endfacet
  facet normal -0.7657 0.232268 0.599796
    outer loop
      vertex 3.19589 -1.08486 3.5
      vertex 3.26 -0.873514 3.5
      vertex 2.91181 -0.988426 3.1
    endloop
  endfacet
  facet normal 0.679491 0.422535 0.599797
    outer loop
      vertex -2.55677 -1.70838 3.1
      vertex -2.66303 -1.5375 3.1
      vertex -2.92284 -1.6875 3.5
    endloop
  endfacet
  facet normal -0.078402 -0.796298 0.599802
    outer loop
      vertex 0.401367 3.04869 3.1
      vertex 0.440525 3.34613 3.5
      vertex 0.220736 3.36777 3.5
    endloop
  endfacet
  facet normal -0.377182 -0.705673 0.5998
    outer loop
      vertex 1.6875 2.92284 3.5
      vertex 1.49272 3.02695 3.5
      vertex 1.36004 2.75788 3.1
    endloop
  endfacet
  facet normal 0.728824 0.330235 0.599801
    outer loop
      vertex -2.75788 -1.36004 3.1
      vertex -2.84093 -1.17675 3.1
      vertex -3.02695 -1.49272 3.5
    endloop
  endfacet
  facet normal -0.584025 0.546962 0.59979
    outer loop
      vertex 2.38649 -2.38649 3.5
      vertex 2.53746 -2.22529 3.5
      vertex 2.31191 -2.02749 3.1
    endloop
  endfacet
  facet normal -0.583975 -0.546994 0.599809
    outer loop
      vertex 2.31191 2.02749 3.1
      vertex 2.38649 2.38649 3.5
      vertex 2.17435 2.17435 3.1
    endloop
  endfacet
  facet normal 0.796298 0.078402 0.599802
    outer loop
      vertex -3.34613 -0.440525 3.5
      vertex -3.04869 -0.401367 3.1
      vertex -3.36777 -0.220736 3.5
    endloop
  endfacet
  facet normal 0.181684 -0.77925 0.5998
    outer loop
      vertex -0.599902 3.01591 3.1
      vertex -0.658429 3.31015 3.5
      vertex -0.795868 2.97022 3.1
    endloop
  endfacet
  facet normal 0.507594 0.618537 0.5998
    outer loop
      vertex -1.87194 -2.43956 3.1
      vertex -2.02749 -2.31191 3.1
      vertex -2.05457 -2.67757 3.5
    endloop
  endfacet
  facet normal -0.789462 -0.130348 0.5998
    outer loop
      vertex 3.04869 0.401367 3.1
      vertex 3.31015 0.658429 3.5
      vertex 3.01591 0.599902 3.1
    endloop
  endfacet
  facet normal -0.748871 -0.281855 0.599792
    outer loop
      vertex 2.91181 0.988426 3.1
      vertex 3.11809 1.29156 3.5
      vertex 2.84093 1.17675 3.1
    endloop
  endfacet
  facet normal 0.728839 -0.330217 0.599793
    outer loop
      vertex -2.84093 1.17675 3.1
      vertex -3.02695 1.49272 3.5
      vertex -3.11809 1.29156 3.5
    endloop
  endfacet
  facet normal 0.77925 0.181684 0.5998
    outer loop
      vertex -2.97022 -0.795868 3.1
      vertex -3.01591 -0.599902 3.1
      vertex -3.31015 -0.658429 3.5
    endloop
  endfacet
  facet normal -0.799732 0.0261945 0.599785
    outer loop
      vertex 3.36777 -0.220736 3.5
      vertex 3.375 0 3.5
      vertex 3.06842 -0.201114 3.1
    endloop
  endfacet
  facet normal -0.796306 0.0784564 0.599784
    outer loop
      vertex 3.36777 -0.220736 3.5
      vertex 3.06842 -0.201114 3.1
      vertex 3.04869 -0.401367 3.1
    endloop
  endfacet
  facet normal -0.728839 0.330217 0.599793
    outer loop
      vertex 3.02695 -1.49272 3.5
      vertex 3.11809 -1.29156 3.5
      vertex 2.84093 -1.17675 3.1
    endloop
  endfacet
  facet normal -0.130348 0.789462 0.5998
    outer loop
      vertex 0.658429 -3.31015 3.5
      vertex 0.599902 -3.01591 3.1
      vertex 0.401367 -3.04869 3.1
    endloop
  endfacet
  facet normal -0.546994 0.583975 0.599809
    outer loop
      vertex 2.38649 -2.38649 3.5
      vertex 2.17435 -2.17435 3.1
      vertex 2.02749 -2.31191 3.1
    endloop
  endfacet
  facet normal -0.546962 0.584025 0.59979
    outer loop
      vertex 2.22529 -2.53746 3.5
      vertex 2.38649 -2.38649 3.5
      vertex 2.02749 -2.31191 3.1
    endloop
  endfacet
  facet normal -0.466067 -0.650407 0.599793
    outer loop
      vertex 2.05457 2.67757 3.5
      vertex 1.87505 2.80621 3.5
      vertex 1.70838 2.55677 3.1
    endloop
  endfacet
  facet normal 0.466082 0.650391 0.5998
    outer loop
      vertex -1.70838 -2.55677 3.1
      vertex -1.87194 -2.43956 3.1
      vertex -2.05457 -2.67757 3.5
    endloop
  endfacet
  facet normal 0.584025 0.546962 0.59979
    outer loop
      vertex -2.38649 -2.38649 3.5
      vertex -2.31191 -2.02749 3.1
      vertex -2.53746 -2.22529 3.5
    endloop
  endfacet
  facet normal 0.679487 -0.422547 0.599793
    outer loop
      vertex -2.55677 1.70838 3.1
      vertex -2.80621 1.87505 3.5
      vertex -2.92284 1.6875 3.5
    endloop
  endfacet
  facet normal -0.0261945 0.799732 0.599785
    outer loop
      vertex 0.220736 -3.36777 3.5
      vertex 0.201114 -3.06842 3.1
      vertex 0 -3.375 3.5
    endloop
  endfacet
  facet normal 0.748863 0.281865 0.599796
    outer loop
      vertex -3.11809 -1.29156 3.5
      vertex -2.91181 -0.988426 3.1
      vertex -3.19589 -1.08486 3.5
    endloop
  endfacet
  facet normal -0.330235 0.728824 0.599801
    outer loop
      vertex 1.49272 -3.02695 3.5
      vertex 1.36004 -2.75788 3.1
      vertex 1.17675 -2.84093 3.1
    endloop
  endfacet
  facet normal -0.0261652 0.799726 0.599795
    outer loop
      vertex 0.201114 -3.06842 3.1
      vertex 0 -3.075 3.1
      vertex 0 -3.375 3.5
    endloop
  endfacet
  facet normal -0.377182 0.705673 0.5998
    outer loop
      vertex 1.49272 -3.02695 3.5
      vertex 1.6875 -2.92284 3.5
      vertex 1.36004 -2.75788 3.1
    endloop
  endfacet
  facet normal 0.679487 0.422547 0.599793
    outer loop
      vertex -2.80621 -1.87505 3.5
      vertex -2.55677 -1.70838 3.1
      vertex -2.92284 -1.6875 3.5
    endloop
  endfacet
  facet normal 0.507623 0.618524 0.59979
    outer loop
      vertex -2.05457 -2.67757 3.5
      vertex -2.02749 -2.31191 3.1
      vertex -2.22529 -2.53746 3.5
    endloop
  endfacet
  facet normal 0.650407 -0.466067 0.599793
    outer loop
      vertex -2.55677 1.70838 3.1
      vertex -2.67757 2.05457 3.5
      vertex -2.80621 1.87505 3.5
    endloop
  endfacet
  facet normal 0.546994 -0.583975 0.599809
    outer loop
      vertex -2.17435 2.17435 3.1
      vertex -2.02749 2.31191 3.1
      vertex -2.38649 2.38649 3.5
    endloop
  endfacet
  facet normal -0.705679 0.377176 0.599797
    outer loop
      vertex 2.92284 -1.6875 3.5
      vertex 2.75788 -1.36004 3.1
      vertex 2.66303 -1.5375 3.1
    endloop
  endfacet
  facet normal 0.728839 0.330217 0.599793
    outer loop
      vertex -3.02695 -1.49272 3.5
      vertex -2.84093 -1.17675 3.1
      vertex -3.11809 -1.29156 3.5
    endloop
  endfacet
  facet normal 0.466067 0.650407 0.599793
    outer loop
      vertex -1.87505 -2.80621 3.5
      vertex -1.70838 -2.55677 3.1
      vertex -2.05457 -2.67757 3.5
    endloop
  endfacet
  facet normal 0.422547 0.679487 0.599793
    outer loop
      vertex -1.6875 -2.92284 3.5
      vertex -1.70838 -2.55677 3.1
      vertex -1.87505 -2.80621 3.5
    endloop
  endfacet
  facet normal 0.679491 -0.422535 0.599797
    outer loop
      vertex -2.66303 1.5375 3.1
      vertex -2.55677 1.70838 3.1
      vertex -2.92284 1.6875 3.5
    endloop
  endfacet
  facet normal -0.330217 0.728839 0.599793
    outer loop
      vertex 1.29156 -3.11809 3.5
      vertex 1.49272 -3.02695 3.5
      vertex 1.17675 -2.84093 3.1
    endloop
  endfacet
  facet normal 0.281855 0.748871 0.599792
    outer loop
      vertex -0.988426 -2.91181 3.1
      vertex -1.17675 -2.84093 3.1
      vertex -1.29156 -3.11809 3.5
    endloop
  endfacet
  facet normal 0.799726 0.0261652 0.599795
    outer loop
      vertex -3.06842 -0.201114 3.1
      vertex -3.075 0 3.1
      vertex -3.375 0 3.5
    endloop
  endfacet
  facet normal -0.422535 -0.679491 0.599797
    outer loop
      vertex 1.70838 2.55677 3.1
      vertex 1.6875 2.92284 3.5
      vertex 1.5375 2.66303 3.1
    endloop
  endfacet
  facet normal 0.0261652 -0.799726 0.599795
    outer loop
      vertex 0 3.075 3.1
      vertex 0 3.375 3.5
      vertex -0.201114 3.06842 3.1
    endloop
  endfacet
  facet normal 0.796306 0.0784564 0.599784
    outer loop
      vertex -3.04869 -0.401367 3.1
      vertex -3.06842 -0.201114 3.1
      vertex -3.36777 -0.220736 3.5
    endloop
  endfacet
  facet normal 0.748871 -0.281855 0.599792
    outer loop
      vertex -2.91181 0.988426 3.1
      vertex -2.84093 1.17675 3.1
      vertex -3.11809 1.29156 3.5
    endloop
  endfacet
  facet normal 0.0784564 0.796306 0.599784
    outer loop
      vertex -0.220736 -3.36777 3.5
      vertex -0.201114 -3.06842 3.1
      vertex -0.401367 -3.04869 3.1
    endloop
  endfacet
  facet normal -0.281855 -0.748871 0.599792
    outer loop
      vertex 1.17675 2.84093 3.1
      vertex 1.29156 3.11809 3.5
      vertex 0.988426 2.91181 3.1
    endloop
  endfacet
  facet normal 0.705673 0.377182 0.5998
    outer loop
      vertex -2.92284 -1.6875 3.5
      vertex -2.75788 -1.36004 3.1
      vertex -3.02695 -1.49272 3.5
    endloop
  endfacet
  facet normal -0.0261652 -0.799726 0.599795
    outer loop
      vertex 0.201114 3.06842 3.1
      vertex 0 3.375 3.5
      vertex 0 3.075 3.1
    endloop
  endfacet
  facet normal -0.0784564 -0.796306 0.599784
    outer loop
      vertex 0.401367 3.04869 3.1
      vertex 0.220736 3.36777 3.5
      vertex 0.201114 3.06842 3.1
    endloop
  endfacet
  facet normal -0.281865 -0.748863 0.599796
    outer loop
      vertex 1.29156 3.11809 3.5
      vertex 1.08486 3.19589 3.5
      vertex 0.988426 2.91181 3.1
    endloop
  endfacet
  facet normal -0.232268 -0.7657 0.599796
    outer loop
      vertex 0.988426 2.91181 3.1
      vertex 1.08486 3.19589 3.5
      vertex 0.873514 3.26 3.5
    endloop
  endfacet
  facet normal 0.618524 0.507623 0.59979
    outer loop
      vertex -2.53746 -2.22529 3.5
      vertex -2.31191 -2.02749 3.1
      vertex -2.67757 -2.05457 3.5
    endloop
  endfacet
  facet normal -0.0784564 0.796306 0.599784
    outer loop
      vertex 0.220736 -3.36777 3.5
      vertex 0.401367 -3.04869 3.1
      vertex 0.201114 -3.06842 3.1
    endloop
  endfacet
  facet normal 0.7657 0.232268 0.599796
    outer loop
      vertex -3.19589 -1.08486 3.5
      vertex -2.91181 -0.988426 3.1
      vertex -3.26 -0.873514 3.5
    endloop
  endfacet
  facet normal 0.281865 0.748863 0.599796
    outer loop
      vertex -1.08486 -3.19589 3.5
      vertex -0.988426 -2.91181 3.1
      vertex -1.29156 -3.11809 3.5
    endloop
  endfacet
  facet normal -0.584025 -0.546962 0.59979
    outer loop
      vertex 2.53746 2.22529 3.5
      vertex 2.38649 2.38649 3.5
      vertex 2.31191 2.02749 3.1
    endloop
  endfacet
  facet normal -0.618524 -0.507623 0.59979
    outer loop
      vertex 2.67757 2.05457 3.5
      vertex 2.53746 2.22529 3.5
      vertex 2.31191 2.02749 3.1
    endloop
  endfacet
  facet normal 0.466082 -0.650391 0.5998
    outer loop
      vertex -1.87194 2.43956 3.1
      vertex -1.70838 2.55677 3.1
      vertex -2.05457 2.67757 3.5
    endloop
  endfacet
  facet normal 0.705679 0.377176 0.599797
    outer loop
      vertex -2.66303 -1.5375 3.1
      vertex -2.75788 -1.36004 3.1
      vertex -2.92284 -1.6875 3.5
    endloop
  endfacet
  facet normal 0.728824 -0.330235 0.599801
    outer loop
      vertex -2.84093 1.17675 3.1
      vertex -2.75788 1.36004 3.1
      vertex -3.02695 1.49272 3.5
    endloop
  endfacet
  facet normal -0.422547 -0.679487 0.599793
    outer loop
      vertex 1.70838 2.55677 3.1
      vertex 1.87505 2.80621 3.5
      vertex 1.6875 2.92284 3.5
    endloop
  endfacet
  facet normal -0.650407 -0.466067 0.599793
    outer loop
      vertex 2.80621 1.87505 3.5
      vertex 2.67757 2.05457 3.5
      vertex 2.55677 1.70838 3.1
    endloop
  endfacet
  facet normal -0.679487 -0.422547 0.599793
    outer loop
      vertex 2.92284 1.6875 3.5
      vertex 2.80621 1.87505 3.5
      vertex 2.55677 1.70838 3.1
    endloop
  endfacet
  facet normal 0.7657 0.232265 0.599797
    outer loop
      vertex -2.91181 -0.988426 3.1
      vertex -2.97022 -0.795868 3.1
      vertex -3.26 -0.873514 3.5
    endloop
  endfacet
  facet normal 0.583975 -0.546994 0.599809
    outer loop
      vertex -2.31191 2.02749 3.1
      vertex -2.17435 2.17435 3.1
      vertex -2.38649 2.38649 3.5
    endloop
  endfacet
  facet normal -0.232265 0.7657 0.599797
    outer loop
      vertex 0.873514 -3.26 3.5
      vertex 0.988426 -2.91181 3.1
      vertex 0.795868 -2.97022 3.1
    endloop
  endfacet
  facet normal -0.181684 0.77925 0.5998
    outer loop
      vertex 0.658429 -3.31015 3.5
      vertex 0.795868 -2.97022 3.1
      vertex 0.599902 -3.01591 3.1
    endloop
  endfacet
  facet normal -0.466082 0.650391 0.5998
    outer loop
      vertex 2.05457 -2.67757 3.5
      vertex 1.87194 -2.43956 3.1
      vertex 1.70838 -2.55677 3.1
    endloop
  endfacet
  facet normal -0.181693 0.77925 0.599797
    outer loop
      vertex 0.873514 -3.26 3.5
      vertex 0.795868 -2.97022 3.1
      vertex 0.658429 -3.31015 3.5
    endloop
  endfacet
  facet normal 0.748871 0.281855 0.599792
    outer loop
      vertex -2.84093 -1.17675 3.1
      vertex -2.91181 -0.988426 3.1
      vertex -3.11809 -1.29156 3.5
    endloop
  endfacet
  facet normal -0.507623 -0.618524 0.59979
    outer loop
      vertex 2.22529 2.53746 3.5
      vertex 2.05457 2.67757 3.5
      vertex 2.02749 2.31191 3.1
    endloop
  endfacet
  facet normal -0.546962 -0.584025 0.59979
    outer loop
      vertex 2.38649 2.38649 3.5
      vertex 2.22529 2.53746 3.5
      vertex 2.02749 2.31191 3.1
    endloop
  endfacet
  facet normal 0.130354 0.789459 0.599802
    outer loop
      vertex -0.440525 -3.34613 3.5
      vertex -0.401367 -3.04869 3.1
      vertex -0.658429 -3.31015 3.5
    endloop
  endfacet
  facet normal 0.0784564 -0.796306 0.599784
    outer loop
      vertex -0.201114 3.06842 3.1
      vertex -0.220736 3.36777 3.5
      vertex -0.401367 3.04869 3.1
    endloop
  endfacet
  facet normal 0.130354 -0.789459 0.599802
    outer loop
      vertex -0.401367 3.04869 3.1
      vertex -0.440525 3.34613 3.5
      vertex -0.658429 3.31015 3.5
    endloop
  endfacet
  facet normal 0.330217 0.728839 0.599793
    outer loop
      vertex -1.29156 -3.11809 3.5
      vertex -1.17675 -2.84093 3.1
      vertex -1.49272 -3.02695 3.5
    endloop
  endfacet
  facet normal -0.705673 -0.377182 0.5998
    outer loop
      vertex 3.02695 1.49272 3.5
      vertex 2.92284 1.6875 3.5
      vertex 2.75788 1.36004 3.1
    endloop
  endfacet
  facet normal 0.377182 0.705673 0.5998
    outer loop
      vertex -1.49272 -3.02695 3.5
      vertex -1.36004 -2.75788 3.1
      vertex -1.6875 -2.92284 3.5
    endloop
  endfacet
  facet normal 0.330235 0.728824 0.599801
    outer loop
      vertex -1.17675 -2.84093 3.1
      vertex -1.36004 -2.75788 3.1
      vertex -1.49272 -3.02695 3.5
    endloop
  endfacet
  facet normal -0.650391 0.466082 0.5998
    outer loop
      vertex 2.67757 -2.05457 3.5
      vertex 2.55677 -1.70838 3.1
      vertex 2.43956 -1.87194 3.1
    endloop
  endfacet
  facet normal 0.0261652 0.799726 0.599795
    outer loop
      vertex 0 -3.375 3.5
      vertex 0 -3.075 3.1
      vertex -0.201114 -3.06842 3.1
    endloop
  endfacet
  facet normal -0.466082 -0.650391 0.5998
    outer loop
      vertex 1.87194 2.43956 3.1
      vertex 2.05457 2.67757 3.5
      vertex 1.70838 2.55677 3.1
    endloop
  endfacet
endsolid OpenSCAD_Model
