solid OpenSCAD_Model
  facet normal -0.321438 0 0.946931
    outer loop
      vertex -2.48744 -8.5 36.0052
      vertex -1.68232 -12 36.2785
      vertex -1.68232 -8.5 36.2785
    endloop
  endfacet
  facet normal -0.321438 0 0.946931
    outer loop
      vertex -1.68232 -12 36.2785
      vertex -2.48744 -8.5 36.0052
      vertex -2.48744 -12 36.0052
    endloop
  endfacet
  facet normal 0 0 -1
    outer loop
      vertex 5 -12 3.99
      vertex 6.5 -8.5 3.99
      vertex 6.5 -12 3.99
    endloop
  endfacet
  facet normal -0 0 -1
    outer loop
      vertex 6.5 -8.5 3.99
      vertex 5 -12 3.99
      vertex 5 -8.5 3.99
    endloop
  endfacet
  facet normal -1 0 0
    outer loop
      vertex -6.5 -12 4
      vertex -6.5 -8.5 30
      vertex -6.5 -8.5 4
    endloop
  endfacet
  facet normal -1 -0 0
    outer loop
      vertex -6.5 -8.5 30
      vertex -6.5 -12 4
      vertex -6.5 -12 30
    endloop
  endfacet
  facet normal -0.659347 0 0.751839
    outer loop
      vertex -4.59619 -8.5 34.5962
      vertex -3.95695 -12 35.1568
      vertex -3.95695 -8.5 35.1568
    endloop
  endfacet
  facet normal -0.659347 0 0.751839
    outer loop
      vertex -3.95695 -12 35.1568
      vertex -4.59619 -8.5 34.5962
      vertex -4.59619 -12 34.5962
    endloop
  endfacet
  facet normal 0.321438 0 0.946931
    outer loop
      vertex 1.68232 -8.5 36.2785
      vertex 2.48744 -12 36.0052
      vertex 2.48744 -8.5 36.0052
    endloop
  endfacet
  facet normal 0.321438 0 0.946931
    outer loop
      vertex 2.48744 -12 36.0052
      vertex 1.68232 -8.5 36.2785
      vertex 1.68232 -12 36.2785
    endloop
  endfacet
  facet normal 0.980786 -0 0.195087
    outer loop
      vertex 6.27852 -12 31.6823
      vertex 6.44439 -8.5 30.8484
      vertex 6.27852 -8.5 31.6823
    endloop
  endfacet
  facet normal 0.980786 0 0.195087
    outer loop
      vertex 6.44439 -8.5 30.8484
      vertex 6.27852 -12 31.6823
      vertex 6.44439 -12 30.8484
    endloop
  endfacet
  facet normal -0.555596 0 0.831453
    outer loop
      vertex -3.95695 -8.5 35.1568
      vertex -3.25 -12 35.6292
      vertex -3.25 -8.5 35.6292
    endloop
  endfacet
  facet normal -0.555596 0 0.831453
    outer loop
      vertex -3.25 -12 35.6292
      vertex -3.95695 -8.5 35.1568
      vertex -3.95695 -12 35.1568
    endloop
  endfacet
  facet normal -0.896879 0 0.442277
    outer loop
      vertex -6.00522 -12 32.4874
      vertex -5.62916 -8.5 33.25
      vertex -6.00522 -8.5 32.4874
    endloop
  endfacet
  facet normal -0.896879 0 0.442277
    outer loop
      vertex -5.62916 -8.5 33.25
      vertex -6.00522 -12 32.4874
      vertex -5.62916 -12 33.25
    endloop
  endfacet
  facet normal 1 -0 0
    outer loop
      vertex 6.5 -12 30
      vertex 6.5 -8.5 3.99
      vertex 6.5 -8.5 30
    endloop
  endfacet
  facet normal 1 0 0
    outer loop
      vertex 6.5 -8.5 3.99
      vertex 6.5 -12 30
      vertex 6.5 -12 3.99
    endloop
  endfacet
  facet normal -0.946928 0 0.321445
    outer loop
      vertex -6.27852 -12 31.6823
      vertex -6.00522 -8.5 32.4874
      vertex -6.27852 -8.5 31.6823
    endloop
  endfacet
  facet normal -0.946928 0 0.321445
    outer loop
      vertex -6.00522 -8.5 32.4874
      vertex -6.27852 -12 31.6823
      vertex -6.00522 -12 32.4874
    endloop
  endfacet
  facet normal 0.195121 0 0.980779
    outer loop
      vertex 0.84842 -8.5 36.4444
      vertex 1.68232 -12 36.2785
      vertex 1.68232 -8.5 36.2785
    endloop
  endfacet
  facet normal 0.195121 0 0.980779
    outer loop
      vertex 1.68232 -12 36.2785
      vertex 0.84842 -8.5 36.4444
      vertex 0.84842 -12 36.4444
    endloop
  endfacet
  facet normal -0.997859 0 0.0654066
    outer loop
      vertex -6.5 -12 30
      vertex -6.44439 -8.5 30.8484
      vertex -6.5 -8.5 30
    endloop
  endfacet
  facet normal -0.997859 0 0.0654066
    outer loop
      vertex -6.44439 -8.5 30.8484
      vertex -6.5 -12 30
      vertex -6.44439 -12 30.8484
    endloop
  endfacet
  facet normal -0.831456 0 0.55559
    outer loop
      vertex -5.62916 -12 33.25
      vertex -5.1568 -8.5 33.9569
      vertex -5.62916 -8.5 33.25
    endloop
  endfacet
  facet normal -0.831456 0 0.55559
    outer loop
      vertex -5.1568 -8.5 33.9569
      vertex -5.62916 -12 33.25
      vertex -5.1568 -12 33.9569
    endloop
  endfacet
  facet normal -0.0653933 0 0.99786
    outer loop
      vertex -0.84842 -8.5 36.4444
      vertex 0 -12 36.5
      vertex 0 -8.5 36.5
    endloop
  endfacet
  facet normal -0.0653933 0 0.99786
    outer loop
      vertex 0 -12 36.5
      vertex -0.84842 -8.5 36.4444
      vertex -0.84842 -12 36.4444
    endloop
  endfacet
  facet normal 0.946928 -0 0.321445
    outer loop
      vertex 6.00522 -12 32.4874
      vertex 6.27852 -8.5 31.6823
      vertex 6.00522 -8.5 32.4874
    endloop
  endfacet
  facet normal 0.946928 0 0.321445
    outer loop
      vertex 6.27852 -8.5 31.6823
      vertex 6.00522 -12 32.4874
      vertex 6.27852 -12 31.6823
    endloop
  endfacet
  facet normal -0.980786 0 0.195087
    outer loop
      vertex -6.44439 -12 30.8484
      vertex -6.27852 -8.5 31.6823
      vertex -6.44439 -8.5 30.8484
    endloop
  endfacet
  facet normal -0.980786 0 0.195087
    outer loop
      vertex -6.27852 -8.5 31.6823
      vertex -6.44439 -12 30.8484
      vertex -6.27852 -12 31.6823
    endloop
  endfacet
  facet normal 0.997859 -0 0.0654066
    outer loop
      vertex 6.44439 -12 30.8484
      vertex 6.5 -8.5 30
      vertex 6.44439 -8.5 30.8484
    endloop
  endfacet
  facet normal 0.997859 0 0.0654066
    outer loop
      vertex 6.5 -8.5 30
      vertex 6.44439 -12 30.8484
      vertex 6.5 -12 30
    endloop
  endfacet
  facet normal 0.555596 0 0.831453
    outer loop
      vertex 3.25 -8.5 35.6292
      vertex 3.95695 -12 35.1568
      vertex 3.95695 -8.5 35.1568
    endloop
  endfacet
  facet normal 0.555596 0 0.831453
    outer loop
      vertex 3.95695 -12 35.1568
      vertex 3.25 -8.5 35.6292
      vertex 3.25 -12 35.6292
    endloop
  endfacet
  facet normal 0.896879 -0 0.442277
    outer loop
      vertex 5.62916 -12 33.25
      vertex 6.00522 -8.5 32.4874
      vertex 5.62916 -8.5 33.25
    endloop
  endfacet
  facet normal 0.896879 0 0.442277
    outer loop
      vertex 6.00522 -8.5 32.4874
      vertex 5.62916 -12 33.25
      vertex 6.00522 -12 32.4874
    endloop
  endfacet
  facet normal -0.195121 0 0.980779
    outer loop
      vertex -1.68232 -8.5 36.2785
      vertex -0.84842 -12 36.4444
      vertex -0.84842 -8.5 36.4444
    endloop
  endfacet
  facet normal -0.195121 0 0.980779
    outer loop
      vertex -0.84842 -12 36.4444
      vertex -1.68232 -8.5 36.2785
      vertex -1.68232 -12 36.2785
    endloop
  endfacet
  facet normal -0.751864 0 0.659319
    outer loop
      vertex -5.1568 -12 33.9569
      vertex -4.59619 -8.5 34.5962
      vertex -5.1568 -8.5 33.9569
    endloop
  endfacet
  facet normal -0.751864 0 0.659319
    outer loop
      vertex -4.59619 -8.5 34.5962
      vertex -5.1568 -12 33.9569
      vertex -4.59619 -12 34.5962
    endloop
  endfacet
  facet normal 0.831456 -0 0.55559
    outer loop
      vertex 5.1568 -12 33.9569
      vertex 5.62916 -8.5 33.25
      vertex 5.1568 -8.5 33.9569
    endloop
  endfacet
  facet normal 0.831456 0 0.55559
    outer loop
      vertex 5.62916 -8.5 33.25
      vertex 5.1568 -12 33.9569
      vertex 5.62916 -12 33.25
    endloop
  endfacet
  facet normal 0.659347 0 0.751839
    outer loop
      vertex 3.95695 -8.5 35.1568
      vertex 4.59619 -12 34.5962
      vertex 4.59619 -8.5 34.5962
    endloop
  endfacet
  facet normal 0.659347 0 0.751839
    outer loop
      vertex 4.59619 -12 34.5962
      vertex 3.95695 -8.5 35.1568
      vertex 3.95695 -12 35.1568
    endloop
  endfacet
  facet normal 0.0653933 0 0.99786
    outer loop
      vertex 0 -8.5 36.5
      vertex 0.84842 -12 36.4444
      vertex 0.84842 -8.5 36.4444
    endloop
  endfacet
  facet normal 0.0653933 0 0.99786
    outer loop
      vertex 0.84842 -12 36.4444
      vertex 0 -8.5 36.5
      vertex 0 -12 36.5
    endloop
  endfacet
  facet normal -0.442239 0 0.896897
    outer loop
      vertex -3.25 -8.5 35.6292
      vertex -2.48744 -12 36.0052
      vertex -2.48744 -8.5 36.0052
    endloop
  endfacet
  facet normal -0.442239 0 0.896897
    outer loop
      vertex -2.48744 -12 36.0052
      vertex -3.25 -8.5 35.6292
      vertex -3.25 -12 35.6292
    endloop
  endfacet
  facet normal 0.751864 -0 0.659319
    outer loop
      vertex 4.59619 -12 34.5962
      vertex 5.1568 -8.5 33.9569
      vertex 4.59619 -8.5 34.5962
    endloop
  endfacet
  facet normal 0.751864 0 0.659319
    outer loop
      vertex 5.1568 -8.5 33.9569
      vertex 4.59619 -12 34.5962
      vertex 5.1568 -12 33.9569
    endloop
  endfacet
  facet normal 0.442239 0 0.896897
    outer loop
      vertex 2.48744 -8.5 36.0052
      vertex 3.25 -12 35.6292
      vertex 3.25 -8.5 35.6292
    endloop
  endfacet
  facet normal 0.442239 0 0.896897
    outer loop
      vertex 3.25 -12 35.6292
      vertex 2.48744 -8.5 36.0052
      vertex 2.48744 -12 36.0052
    endloop
  endfacet
  facet normal 0 -1 0
    outer loop
      vertex 0 -12 31.7
      vertex 0 -12 36.5
      vertex -0.84842 -12 36.4444
    endloop
  endfacet
  facet normal 0 -1 0
    outer loop
      vertex -0.221894 -12 31.6855
      vertex -0.84842 -12 36.4444
      vertex -1.68232 -12 36.2785
    endloop
  endfacet
  facet normal 0 -1 0
    outer loop
      vertex 0 -12 36.5
      vertex 0 -12 31.7
      vertex 0.84842 -12 36.4444
    endloop
  endfacet
  facet normal 0 -1 0
    outer loop
      vertex -0.439992 -12 31.6421
      vertex -1.68232 -12 36.2785
      vertex -2.48744 -12 36.0052
    endloop
  endfacet
  facet normal 0 -1 0
    outer loop
      vertex 0.221894 -12 31.6855
      vertex 0.84842 -12 36.4444
      vertex 0 -12 31.7
    endloop
  endfacet
  facet normal 0 -1 0
    outer loop
      vertex -0.650561 -12 31.5706
      vertex -2.48744 -12 36.0052
      vertex -3.25 -12 35.6292
    endloop
  endfacet
  facet normal 0 -1 -0
    outer loop
      vertex 0.84842 -12 36.4444
      vertex 0.221894 -12 31.6855
      vertex 1.68232 -12 36.2785
    endloop
  endfacet
  facet normal 0 -1 0
    outer loop
      vertex -0.849999 -12 31.4722
      vertex -3.25 -12 35.6292
      vertex -3.95695 -12 35.1568
    endloop
  endfacet
  facet normal 0 -1 0
    outer loop
      vertex 0.439992 -12 31.6421
      vertex 1.68232 -12 36.2785
      vertex 0.221894 -12 31.6855
    endloop
  endfacet
  facet normal 0 -1 0
    outer loop
      vertex -1.03489 -12 31.3487
      vertex -3.95695 -12 35.1568
      vertex -4.59619 -12 34.5962
    endloop
  endfacet
  facet normal 0 -1 -0
    outer loop
      vertex 1.68232 -12 36.2785
      vertex 0.439992 -12 31.6421
      vertex 2.48744 -12 36.0052
    endloop
  endfacet
  facet normal 0 -1 0
    outer loop
      vertex -1.20208 -12 31.2021
      vertex -4.59619 -12 34.5962
      vertex -5.1568 -12 33.9569
    endloop
  endfacet
  facet normal 0 -1 0
    outer loop
      vertex 0.650561 -12 31.5706
      vertex 2.48744 -12 36.0052
      vertex 0.439992 -12 31.6421
    endloop
  endfacet
  facet normal 0 -1 0
    outer loop
      vertex -1.3487 -12 31.0349
      vertex -5.1568 -12 33.9569
      vertex -5.62916 -12 33.25
    endloop
  endfacet
  facet normal 0 -1 -0
    outer loop
      vertex 2.48744 -12 36.0052
      vertex 0.650561 -12 31.5706
      vertex 3.25 -12 35.6292
    endloop
  endfacet
  facet normal 0 -1 0
    outer loop
      vertex -1.47224 -12 30.85
      vertex -5.62916 -12 33.25
      vertex -6.00522 -12 32.4874
    endloop
  endfacet
  facet normal 0 -1 0
    outer loop
      vertex 0.849999 -12 31.4722
      vertex 3.25 -12 35.6292
      vertex 0.650561 -12 31.5706
    endloop
  endfacet
  facet normal 0 -1 -0
    outer loop
      vertex 3.25 -12 35.6292
      vertex 0.849999 -12 31.4722
      vertex 3.95695 -12 35.1568
    endloop
  endfacet
  facet normal 0 -1 0
    outer loop
      vertex -0.84842 -12 36.4444
      vertex -0.221894 -12 31.6855
      vertex 0 -12 31.7
    endloop
  endfacet
  facet normal 0 -1 0
    outer loop
      vertex -1.57059 -12 30.6506
      vertex -6.00522 -12 32.4874
      vertex -6.27852 -12 31.6823
    endloop
  endfacet
  facet normal 0 -1 0
    outer loop
      vertex -1.68232 -12 36.2785
      vertex -0.439992 -12 31.6421
      vertex -0.221894 -12 31.6855
    endloop
  endfacet
  facet normal 0 -1 0
    outer loop
      vertex -2.48744 -12 36.0052
      vertex -0.650561 -12 31.5706
      vertex -0.439992 -12 31.6421
    endloop
  endfacet
  facet normal 0 -1 0
    outer loop
      vertex -3.25 -12 35.6292
      vertex -0.849999 -12 31.4722
      vertex -0.650561 -12 31.5706
    endloop
  endfacet
  facet normal 0 -1 0
    outer loop
      vertex -3.95695 -12 35.1568
      vertex -1.03489 -12 31.3487
      vertex -0.849999 -12 31.4722
    endloop
  endfacet
  facet normal 0 -1 0
    outer loop
      vertex -4.59619 -12 34.5962
      vertex -1.20208 -12 31.2021
      vertex -1.03489 -12 31.3487
    endloop
  endfacet
  facet normal 0 -1 0
    outer loop
      vertex -5.1568 -12 33.9569
      vertex -1.3487 -12 31.0349
      vertex -1.20208 -12 31.2021
    endloop
  endfacet
  facet normal 0 -1 0
    outer loop
      vertex -5.62916 -12 33.25
      vertex -1.47224 -12 30.85
      vertex -1.3487 -12 31.0349
    endloop
  endfacet
  facet normal 0 -1 0
    outer loop
      vertex -1.64207 -12 30.44
      vertex -6.27852 -12 31.6823
      vertex -6.44439 -12 30.8484
    endloop
  endfacet
  facet normal 0 -1 0
    outer loop
      vertex -6.00522 -12 32.4874
      vertex -1.57059 -12 30.6506
      vertex -1.47224 -12 30.85
    endloop
  endfacet
  facet normal 0 -1 0
    outer loop
      vertex -6.27852 -12 31.6823
      vertex -1.64207 -12 30.44
      vertex -1.57059 -12 30.6506
    endloop
  endfacet
  facet normal 0 -1 0
    outer loop
      vertex -6.44439 -12 30.8484
      vertex -1.68546 -12 30.2219
      vertex -1.64207 -12 30.44
    endloop
  endfacet
  facet normal 0 -1 0
    outer loop
      vertex -6.5 -12 30
      vertex -1.68546 -12 30.2219
      vertex -6.44439 -12 30.8484
    endloop
  endfacet
  facet normal 0 -1 0
    outer loop
      vertex -6.5 -12 30
      vertex -1.7 -12 30
      vertex -1.68546 -12 30.2219
    endloop
  endfacet
  facet normal 0 -1 0
    outer loop
      vertex -6.5 -12 30
      vertex -1.68546 -12 29.7781
      vertex -1.7 -12 30
    endloop
  endfacet
  facet normal 0 -1 0
    outer loop
      vertex -6.5 -12 30
      vertex -1.64207 -12 29.56
      vertex -1.68546 -12 29.7781
    endloop
  endfacet
  facet normal 0 -1 0
    outer loop
      vertex -6.5 -12 30
      vertex -1.57059 -12 29.3494
      vertex -1.64207 -12 29.56
    endloop
  endfacet
  facet normal 0 -1 0
    outer loop
      vertex -6.5 -12 30
      vertex -1.47224 -12 29.15
      vertex -1.57059 -12 29.3494
    endloop
  endfacet
  facet normal 0 -1 0
    outer loop
      vertex -6.5 -12 30
      vertex -1.3487 -12 28.9651
      vertex -1.47224 -12 29.15
    endloop
  endfacet
  facet normal 0 -1 0
    outer loop
      vertex -6.5 -12 30
      vertex -1.20208 -12 28.7979
      vertex -1.3487 -12 28.9651
    endloop
  endfacet
  facet normal 0 -1 0
    outer loop
      vertex -6.5 -12 30
      vertex -1.03489 -12 28.6513
      vertex -1.20208 -12 28.7979
    endloop
  endfacet
  facet normal 0 -1 0
    outer loop
      vertex -6.5 -12 30
      vertex -0.849999 -12 28.5278
      vertex -1.03489 -12 28.6513
    endloop
  endfacet
  facet normal 0 -1 0
    outer loop
      vertex -6.5 -12 4
      vertex -0.849999 -12 28.5278
      vertex -6.5 -12 30
    endloop
  endfacet
  facet normal 0 -1 -0
    outer loop
      vertex -0.849999 -12 28.5278
      vertex -6.5 -12 4
      vertex -0.650561 -12 28.4294
    endloop
  endfacet
  facet normal 0 -1 -0
    outer loop
      vertex -0.221894 -12 28.3145
      vertex -6.5 -12 4
      vertex 0 -12 28.3
    endloop
  endfacet
  facet normal 0 -1 -0
    outer loop
      vertex -0.439992 -12 28.3579
      vertex -6.5 -12 4
      vertex -0.221894 -12 28.3145
    endloop
  endfacet
  facet normal 0 -1 -0
    outer loop
      vertex -0.650561 -12 28.4294
      vertex -6.5 -12 4
      vertex -0.439992 -12 28.3579
    endloop
  endfacet
  facet normal 0 -1 0
    outer loop
      vertex 1.03489 -12 31.3487
      vertex 3.95695 -12 35.1568
      vertex 0.849999 -12 31.4722
    endloop
  endfacet
  facet normal 0 -1 -0
    outer loop
      vertex 3.95695 -12 35.1568
      vertex 1.03489 -12 31.3487
      vertex 4.59619 -12 34.5962
    endloop
  endfacet
  facet normal 0 -1 0
    outer loop
      vertex 1.20208 -12 31.2021
      vertex 4.59619 -12 34.5962
      vertex 1.03489 -12 31.3487
    endloop
  endfacet
  facet normal 0 -1 -0
    outer loop
      vertex 4.59619 -12 34.5962
      vertex 1.20208 -12 31.2021
      vertex 5.1568 -12 33.9569
    endloop
  endfacet
  facet normal 0 -1 0
    outer loop
      vertex 1.3487 -12 31.0349
      vertex 5.1568 -12 33.9569
      vertex 1.20208 -12 31.2021
    endloop
  endfacet
  facet normal 0 -1 -0
    outer loop
      vertex 5.1568 -12 33.9569
      vertex 1.3487 -12 31.0349
      vertex 5.62916 -12 33.25
    endloop
  endfacet
  facet normal 0 -1 0
    outer loop
      vertex 1.47224 -12 30.85
      vertex 5.62916 -12 33.25
      vertex 1.3487 -12 31.0349
    endloop
  endfacet
  facet normal 0 -1 -0
    outer loop
      vertex 5.62916 -12 33.25
      vertex 1.47224 -12 30.85
      vertex 6.00522 -12 32.4874
    endloop
  endfacet
  facet normal 0 -1 0
    outer loop
      vertex 1.57059 -12 30.6506
      vertex 6.00522 -12 32.4874
      vertex 1.47224 -12 30.85
    endloop
  endfacet
  facet normal 0 -1 -0
    outer loop
      vertex 6.00522 -12 32.4874
      vertex 1.57059 -12 30.6506
      vertex 6.27852 -12 31.6823
    endloop
  endfacet
  facet normal 0 -1 0
    outer loop
      vertex 1.64207 -12 30.44
      vertex 6.27852 -12 31.6823
      vertex 1.57059 -12 30.6506
    endloop
  endfacet
  facet normal 0 -1 -0
    outer loop
      vertex 6.27852 -12 31.6823
      vertex 1.64207 -12 30.44
      vertex 6.44439 -12 30.8484
    endloop
  endfacet
  facet normal 0 -1 0
    outer loop
      vertex 1.68546 -12 30.2219
      vertex 6.44439 -12 30.8484
      vertex 1.64207 -12 30.44
    endloop
  endfacet
  facet normal 0 -1 0
    outer loop
      vertex 1.7 -12 30
      vertex 6.44439 -12 30.8484
      vertex 1.68546 -12 30.2219
    endloop
  endfacet
  facet normal 0 -1 0
    outer loop
      vertex 1.7 -12 30
      vertex 6.5 -12 30
      vertex 6.44439 -12 30.8484
    endloop
  endfacet
  facet normal 0 -1 0
    outer loop
      vertex 1.68546 -12 29.7781
      vertex 6.5 -12 30
      vertex 1.7 -12 30
    endloop
  endfacet
  facet normal 0 -1 0
    outer loop
      vertex 1.64207 -12 29.56
      vertex 6.5 -12 30
      vertex 1.68546 -12 29.7781
    endloop
  endfacet
  facet normal 0 -1 0
    outer loop
      vertex 1.57059 -12 29.3494
      vertex 6.5 -12 30
      vertex 1.64207 -12 29.56
    endloop
  endfacet
  facet normal 0 -1 0
    outer loop
      vertex 1.47224 -12 29.15
      vertex 6.5 -12 30
      vertex 1.57059 -12 29.3494
    endloop
  endfacet
  facet normal 0 -1 0
    outer loop
      vertex 1.3487 -12 28.9651
      vertex 6.5 -12 30
      vertex 1.47224 -12 29.15
    endloop
  endfacet
  facet normal 0 -1 0
    outer loop
      vertex 1.20208 -12 28.7979
      vertex 6.5 -12 30
      vertex 1.3487 -12 28.9651
    endloop
  endfacet
  facet normal 0 -1 0
    outer loop
      vertex 1.03489 -12 28.6513
      vertex 6.5 -12 30
      vertex 1.20208 -12 28.7979
    endloop
  endfacet
  facet normal 0 -1 0
    outer loop
      vertex 0.849999 -12 28.5278
      vertex 6.5 -12 30
      vertex 1.03489 -12 28.6513
    endloop
  endfacet
  facet normal 0 -1 0
    outer loop
      vertex 6.5 -12 3.99
      vertex 0.849999 -12 28.5278
      vertex 0.650561 -12 28.4294
    endloop
  endfacet
  facet normal 0 -1 0
    outer loop
      vertex 5 -12 4
      vertex 0.650561 -12 28.4294
      vertex 0.439992 -12 28.3579
    endloop
  endfacet
  facet normal 0 -1 0
    outer loop
      vertex 5 -12 4
      vertex 0 -12 28.3
      vertex -6.5 -12 4
    endloop
  endfacet
  facet normal 0 -1 0
    outer loop
      vertex 0 -12 28.3
      vertex 5 -12 4
      vertex 0.221894 -12 28.3145
    endloop
  endfacet
  facet normal 0 -1 0
    outer loop
      vertex 0.221894 -12 28.3145
      vertex 5 -12 4
      vertex 0.439992 -12 28.3579
    endloop
  endfacet
  facet normal 0 -1 0
    outer loop
      vertex 0.650561 -12 28.4294
      vertex 5 -12 4
      vertex 6.5 -12 3.99
    endloop
  endfacet
  facet normal 0 -1 0
    outer loop
      vertex 6.5 -12 3.99
      vertex 5 -12 4
      vertex 5 -12 3.99
    endloop
  endfacet
  facet normal 0 -1 0
    outer loop
      vertex 0.849999 -12 28.5278
      vertex 6.5 -12 3.99
      vertex 6.5 -12 30
    endloop
  endfacet
  facet normal 0 1 0
    outer loop
      vertex 0 -8.5 31.7
      vertex 0 -8.5 36.5
      vertex 0.84842 -8.5 36.4444
    endloop
  endfacet
  facet normal 0 1 0
    outer loop
      vertex 0.221894 -8.5 31.6855
      vertex 0.84842 -8.5 36.4444
      vertex 1.68232 -8.5 36.2785
    endloop
  endfacet
  facet normal 0 1 0
    outer loop
      vertex 0 -8.5 36.5
      vertex 0 -8.5 31.7
      vertex -0.84842 -8.5 36.4444
    endloop
  endfacet
  facet normal 0 1 0
    outer loop
      vertex 0.439992 -8.5 31.6421
      vertex 1.68232 -8.5 36.2785
      vertex 2.48744 -8.5 36.0052
    endloop
  endfacet
  facet normal 0 1 -0
    outer loop
      vertex -0.221894 -8.5 31.6855
      vertex -0.84842 -8.5 36.4444
      vertex 0 -8.5 31.7
    endloop
  endfacet
  facet normal 0 1 0
    outer loop
      vertex 0.650561 -8.5 31.5706
      vertex 2.48744 -8.5 36.0052
      vertex 3.25 -8.5 35.6292
    endloop
  endfacet
  facet normal 0 1 0
    outer loop
      vertex -0.84842 -8.5 36.4444
      vertex -0.221894 -8.5 31.6855
      vertex -1.68232 -8.5 36.2785
    endloop
  endfacet
  facet normal 0 1 0
    outer loop
      vertex 0.849999 -8.5 31.4722
      vertex 3.25 -8.5 35.6292
      vertex 3.95695 -8.5 35.1568
    endloop
  endfacet
  facet normal 0 1 -0
    outer loop
      vertex -0.439992 -8.5 31.6421
      vertex -1.68232 -8.5 36.2785
      vertex -0.221894 -8.5 31.6855
    endloop
  endfacet
  facet normal 0 1 0
    outer loop
      vertex 1.03489 -8.5 31.3487
      vertex 3.95695 -8.5 35.1568
      vertex 4.59619 -8.5 34.5962
    endloop
  endfacet
  facet normal 0 1 0
    outer loop
      vertex -1.68232 -8.5 36.2785
      vertex -0.439992 -8.5 31.6421
      vertex -2.48744 -8.5 36.0052
    endloop
  endfacet
  facet normal 0 1 0
    outer loop
      vertex 1.20208 -8.5 31.2021
      vertex 4.59619 -8.5 34.5962
      vertex 5.1568 -8.5 33.9569
    endloop
  endfacet
  facet normal 0 1 -0
    outer loop
      vertex -0.650561 -8.5 31.5706
      vertex -2.48744 -8.5 36.0052
      vertex -0.439992 -8.5 31.6421
    endloop
  endfacet
  facet normal 0 1 0
    outer loop
      vertex 1.3487 -8.5 31.0349
      vertex 5.1568 -8.5 33.9569
      vertex 5.62916 -8.5 33.25
    endloop
  endfacet
  facet normal 0 1 0
    outer loop
      vertex -2.48744 -8.5 36.0052
      vertex -0.650561 -8.5 31.5706
      vertex -3.25 -8.5 35.6292
    endloop
  endfacet
  facet normal 0 1 0
    outer loop
      vertex 1.47224 -8.5 30.85
      vertex 5.62916 -8.5 33.25
      vertex 6.00522 -8.5 32.4874
    endloop
  endfacet
  facet normal 0 1 -0
    outer loop
      vertex -0.849999 -8.5 31.4722
      vertex -3.25 -8.5 35.6292
      vertex -0.650561 -8.5 31.5706
    endloop
  endfacet
  facet normal 0 1 0
    outer loop
      vertex -3.25 -8.5 35.6292
      vertex -0.849999 -8.5 31.4722
      vertex -3.95695 -8.5 35.1568
    endloop
  endfacet
  facet normal 0 1 0
    outer loop
      vertex 0.84842 -8.5 36.4444
      vertex 0.221894 -8.5 31.6855
      vertex 0 -8.5 31.7
    endloop
  endfacet
  facet normal 0 1 0
    outer loop
      vertex 1.57059 -8.5 30.6506
      vertex 6.00522 -8.5 32.4874
      vertex 6.27852 -8.5 31.6823
    endloop
  endfacet
  facet normal 0 1 0
    outer loop
      vertex 1.68232 -8.5 36.2785
      vertex 0.439992 -8.5 31.6421
      vertex 0.221894 -8.5 31.6855
    endloop
  endfacet
  facet normal 0 1 0
    outer loop
      vertex 2.48744 -8.5 36.0052
      vertex 0.650561 -8.5 31.5706
      vertex 0.439992 -8.5 31.6421
    endloop
  endfacet
  facet normal 0 1 0
    outer loop
      vertex 3.25 -8.5 35.6292
      vertex 0.849999 -8.5 31.4722
      vertex 0.650561 -8.5 31.5706
    endloop
  endfacet
  facet normal 0 1 0
    outer loop
      vertex 3.95695 -8.5 35.1568
      vertex 1.03489 -8.5 31.3487
      vertex 0.849999 -8.5 31.4722
    endloop
  endfacet
  facet normal 0 1 0
    outer loop
      vertex 4.59619 -8.5 34.5962
      vertex 1.20208 -8.5 31.2021
      vertex 1.03489 -8.5 31.3487
    endloop
  endfacet
  facet normal 0 1 0
    outer loop
      vertex 5.1568 -8.5 33.9569
      vertex 1.3487 -8.5 31.0349
      vertex 1.20208 -8.5 31.2021
    endloop
  endfacet
  facet normal 0 1 0
    outer loop
      vertex 5.62916 -8.5 33.25
      vertex 1.47224 -8.5 30.85
      vertex 1.3487 -8.5 31.0349
    endloop
  endfacet
  facet normal 0 1 0
    outer loop
      vertex 1.64207 -8.5 30.44
      vertex 6.27852 -8.5 31.6823
      vertex 6.44439 -8.5 30.8484
    endloop
  endfacet
  facet normal 0 1 0
    outer loop
      vertex 6.00522 -8.5 32.4874
      vertex 1.57059 -8.5 30.6506
      vertex 1.47224 -8.5 30.85
    endloop
  endfacet
  facet normal 0 1 0
    outer loop
      vertex 6.27852 -8.5 31.6823
      vertex 1.64207 -8.5 30.44
      vertex 1.57059 -8.5 30.6506
    endloop
  endfacet
  facet normal 0 1 0
    outer loop
      vertex 6.44439 -8.5 30.8484
      vertex 1.68546 -8.5 30.2219
      vertex 1.64207 -8.5 30.44
    endloop
  endfacet
  facet normal 0 1 0
    outer loop
      vertex 6.5 -8.5 30
      vertex 1.68546 -8.5 30.2219
      vertex 6.44439 -8.5 30.8484
    endloop
  endfacet
  facet normal 0 1 0
    outer loop
      vertex 6.5 -8.5 30
      vertex 1.7 -8.5 30
      vertex 1.68546 -8.5 30.2219
    endloop
  endfacet
  facet normal 0 1 0
    outer loop
      vertex 6.5 -8.5 30
      vertex 1.68546 -8.5 29.7781
      vertex 1.7 -8.5 30
    endloop
  endfacet
  facet normal 0 1 0
    outer loop
      vertex 6.5 -8.5 30
      vertex 1.64207 -8.5 29.56
      vertex 1.68546 -8.5 29.7781
    endloop
  endfacet
  facet normal 0 1 0
    outer loop
      vertex 6.5 -8.5 30
      vertex 1.57059 -8.5 29.3494
      vertex 1.64207 -8.5 29.56
    endloop
  endfacet
  facet normal 0 1 0
    outer loop
      vertex 6.5 -8.5 30
      vertex 1.47224 -8.5 29.15
      vertex 1.57059 -8.5 29.3494
    endloop
  endfacet
  facet normal 0 1 0
    outer loop
      vertex 6.5 -8.5 30
      vertex 1.3487 -8.5 28.9651
      vertex 1.47224 -8.5 29.15
    endloop
  endfacet
  facet normal 0 1 0
    outer loop
      vertex 6.5 -8.5 30
      vertex 1.20208 -8.5 28.7979
      vertex 1.3487 -8.5 28.9651
    endloop
  endfacet
  facet normal 0 1 0
    outer loop
      vertex 6.5 -8.5 30
      vertex 1.03489 -8.5 28.6513
      vertex 1.20208 -8.5 28.7979
    endloop
  endfacet
  facet normal 0 1 0
    outer loop
      vertex 6.5 -8.5 30
      vertex 0.849999 -8.5 28.5278
      vertex 1.03489 -8.5 28.6513
    endloop
  endfacet
  facet normal 0 1 -0
    outer loop
      vertex 6.5 -8.5 3.99
      vertex 0.849999 -8.5 28.5278
      vertex 6.5 -8.5 30
    endloop
  endfacet
  facet normal 0 1 0
    outer loop
      vertex 0.849999 -8.5 28.5278
      vertex 6.5 -8.5 3.99
      vertex 0.650561 -8.5 28.4294
    endloop
  endfacet
  facet normal 0 1 0
    outer loop
      vertex 0.221894 -8.5 28.3145
      vertex 5 -8.5 4
      vertex 0 -8.5 28.3
    endloop
  endfacet
  facet normal 0 1 0
    outer loop
      vertex 0.439992 -8.5 28.3579
      vertex 5 -8.5 4
      vertex 0.221894 -8.5 28.3145
    endloop
  endfacet
  facet normal -0 1 -0
    outer loop
      vertex 5 -8.5 4
      vertex 0.650561 -8.5 28.4294
      vertex 6.5 -8.5 3.99
    endloop
  endfacet
  facet normal 0 1 0
    outer loop
      vertex 0.650561 -8.5 28.4294
      vertex 5 -8.5 4
      vertex 0.439992 -8.5 28.3579
    endloop
  endfacet
  facet normal 0 1 0
    outer loop
      vertex 5 -8.5 4
      vertex 6.5 -8.5 3.99
      vertex 5 -8.5 3.99
    endloop
  endfacet
  facet normal 0 1 -0
    outer loop
      vertex -1.03489 -8.5 31.3487
      vertex -3.95695 -8.5 35.1568
      vertex -0.849999 -8.5 31.4722
    endloop
  endfacet
  facet normal 0 1 0
    outer loop
      vertex -3.95695 -8.5 35.1568
      vertex -1.03489 -8.5 31.3487
      vertex -4.59619 -8.5 34.5962
    endloop
  endfacet
  facet normal 0 1 -0
    outer loop
      vertex -1.20208 -8.5 31.2021
      vertex -4.59619 -8.5 34.5962
      vertex -1.03489 -8.5 31.3487
    endloop
  endfacet
  facet normal 0 1 0
    outer loop
      vertex -4.59619 -8.5 34.5962
      vertex -1.20208 -8.5 31.2021
      vertex -5.1568 -8.5 33.9569
    endloop
  endfacet
  facet normal 0 1 -0
    outer loop
      vertex -1.3487 -8.5 31.0349
      vertex -5.1568 -8.5 33.9569
      vertex -1.20208 -8.5 31.2021
    endloop
  endfacet
  facet normal 0 1 0
    outer loop
      vertex -5.1568 -8.5 33.9569
      vertex -1.3487 -8.5 31.0349
      vertex -5.62916 -8.5 33.25
    endloop
  endfacet
  facet normal 0 1 -0
    outer loop
      vertex -1.47224 -8.5 30.85
      vertex -5.62916 -8.5 33.25
      vertex -1.3487 -8.5 31.0349
    endloop
  endfacet
  facet normal 0 1 0
    outer loop
      vertex -5.62916 -8.5 33.25
      vertex -1.47224 -8.5 30.85
      vertex -6.00522 -8.5 32.4874
    endloop
  endfacet
  facet normal 0 1 -0
    outer loop
      vertex -1.57059 -8.5 30.6506
      vertex -6.00522 -8.5 32.4874
      vertex -1.47224 -8.5 30.85
    endloop
  endfacet
  facet normal 0 1 0
    outer loop
      vertex -6.00522 -8.5 32.4874
      vertex -1.57059 -8.5 30.6506
      vertex -6.27852 -8.5 31.6823
    endloop
  endfacet
  facet normal 0 1 -0
    outer loop
      vertex -1.64207 -8.5 30.44
      vertex -6.27852 -8.5 31.6823
      vertex -1.57059 -8.5 30.6506
    endloop
  endfacet
  facet normal 0 1 0
    outer loop
      vertex -6.27852 -8.5 31.6823
      vertex -1.64207 -8.5 30.44
      vertex -6.44439 -8.5 30.8484
    endloop
  endfacet
  facet normal 0 1 -0
    outer loop
      vertex -1.68546 -8.5 30.2219
      vertex -6.44439 -8.5 30.8484
      vertex -1.64207 -8.5 30.44
    endloop
  endfacet
  facet normal 0 1 -0
    outer loop
      vertex -1.7 -8.5 30
      vertex -6.44439 -8.5 30.8484
      vertex -1.68546 -8.5 30.2219
    endloop
  endfacet
  facet normal 0 1 0
    outer loop
      vertex -1.7 -8.5 30
      vertex -6.5 -8.5 30
      vertex -6.44439 -8.5 30.8484
    endloop
  endfacet
  facet normal 0 1 0
    outer loop
      vertex -1.68546 -8.5 29.7781
      vertex -6.5 -8.5 30
      vertex -1.7 -8.5 30
    endloop
  endfacet
  facet normal 0 1 0
    outer loop
      vertex -1.64207 -8.5 29.56
      vertex -6.5 -8.5 30
      vertex -1.68546 -8.5 29.7781
    endloop
  endfacet
  facet normal 0 1 0
    outer loop
      vertex -1.57059 -8.5 29.3494
      vertex -6.5 -8.5 30
      vertex -1.64207 -8.5 29.56
    endloop
  endfacet
  facet normal 0 1 0
    outer loop
      vertex -1.47224 -8.5 29.15
      vertex -6.5 -8.5 30
      vertex -1.57059 -8.5 29.3494
    endloop
  endfacet
  facet normal 0 1 0
    outer loop
      vertex -1.3487 -8.5 28.9651
      vertex -6.5 -8.5 30
      vertex -1.47224 -8.5 29.15
    endloop
  endfacet
  facet normal 0 1 0
    outer loop
      vertex -1.20208 -8.5 28.7979
      vertex -6.5 -8.5 30
      vertex -1.3487 -8.5 28.9651
    endloop
  endfacet
  facet normal 0 1 0
    outer loop
      vertex -1.03489 -8.5 28.6513
      vertex -6.5 -8.5 30
      vertex -1.20208 -8.5 28.7979
    endloop
  endfacet
  facet normal 0 1 0
    outer loop
      vertex -0.849999 -8.5 28.5278
      vertex -6.5 -8.5 30
      vertex -1.03489 -8.5 28.6513
    endloop
  endfacet
  facet normal 0 1 0
    outer loop
      vertex -6.5 -8.5 4
      vertex -0.849999 -8.5 28.5278
      vertex -0.650561 -8.5 28.4294
    endloop
  endfacet
  facet normal 0 1 0
    outer loop
      vertex -6.5 -8.5 4
      vertex -0.650561 -8.5 28.4294
      vertex -0.439992 -8.5 28.3579
    endloop
  endfacet
  facet normal 0 1 0
    outer loop
      vertex -6.5 -8.5 4
      vertex 0 -8.5 28.3
      vertex 5 -8.5 4
    endloop
  endfacet
  facet normal 0 1 0
    outer loop
      vertex 0 -8.5 28.3
      vertex -6.5 -8.5 4
      vertex -0.221894 -8.5 28.3145
    endloop
  endfacet
  facet normal 0 1 0
    outer loop
      vertex -0.221894 -8.5 28.3145
      vertex -6.5 -8.5 4
      vertex -0.439992 -8.5 28.3579
    endloop
  endfacet
  facet normal 0 1 0
    outer loop
      vertex -0.849999 -8.5 28.5278
      vertex -6.5 -8.5 4
      vertex -6.5 -8.5 30
    endloop
  endfacet
  facet normal -0.321438 0 0.946931
    outer loop
      vertex -2.48744 12 36.0052
      vertex -1.68232 8.5 36.2785
      vertex -1.68232 12 36.2785
    endloop
  endfacet
  facet normal -0.321438 0 0.946931
    outer loop
      vertex -1.68232 8.5 36.2785
      vertex -2.48744 12 36.0052
      vertex -2.48744 8.5 36.0052
    endloop
  endfacet
  facet normal 0 0 -1
    outer loop
      vertex 5 8.5 3.99
      vertex 6.5 12 3.99
      vertex 6.5 8.5 3.99
    endloop
  endfacet
  facet normal -0 0 -1
    outer loop
      vertex 6.5 12 3.99
      vertex 5 8.5 3.99
      vertex 5 12 3.99
    endloop
  endfacet
  facet normal -1 0 0
    outer loop
      vertex -6.5 8.5 4
      vertex -6.5 12 30
      vertex -6.5 12 4
    endloop
  endfacet
  facet normal -1 -0 0
    outer loop
      vertex -6.5 12 30
      vertex -6.5 8.5 4
      vertex -6.5 8.5 30
    endloop
  endfacet
  facet normal -0.659347 0 0.751839
    outer loop
      vertex -4.59619 12 34.5962
      vertex -3.95695 8.5 35.1568
      vertex -3.95695 12 35.1568
    endloop
  endfacet
  facet normal -0.659347 0 0.751839
    outer loop
      vertex -3.95695 8.5 35.1568
      vertex -4.59619 12 34.5962
      vertex -4.59619 8.5 34.5962
    endloop
  endfacet
  facet normal 0.321438 0 0.946931
    outer loop
      vertex 1.68232 12 36.2785
      vertex 2.48744 8.5 36.0052
      vertex 2.48744 12 36.0052
    endloop
  endfacet
  facet normal 0.321438 0 0.946931
    outer loop
      vertex 2.48744 8.5 36.0052
      vertex 1.68232 12 36.2785
      vertex 1.68232 8.5 36.2785
    endloop
  endfacet
  facet normal 0.980786 -0 0.195087
    outer loop
      vertex 6.27852 8.5 31.6823
      vertex 6.44439 12 30.8484
      vertex 6.27852 12 31.6823
    endloop
  endfacet
  facet normal 0.980786 0 0.195087
    outer loop
      vertex 6.44439 12 30.8484
      vertex 6.27852 8.5 31.6823
      vertex 6.44439 8.5 30.8484
    endloop
  endfacet
  facet normal -0.555596 0 0.831453
    outer loop
      vertex -3.95695 12 35.1568
      vertex -3.25 8.5 35.6292
      vertex -3.25 12 35.6292
    endloop
  endfacet
  facet normal -0.555596 0 0.831453
    outer loop
      vertex -3.25 8.5 35.6292
      vertex -3.95695 12 35.1568
      vertex -3.95695 8.5 35.1568
    endloop
  endfacet
  facet normal -0.896879 0 0.442277
    outer loop
      vertex -6.00522 8.5 32.4874
      vertex -5.62916 12 33.25
      vertex -6.00522 12 32.4874
    endloop
  endfacet
  facet normal -0.896879 0 0.442277
    outer loop
      vertex -5.62916 12 33.25
      vertex -6.00522 8.5 32.4874
      vertex -5.62916 8.5 33.25
    endloop
  endfacet
  facet normal 1 -0 0
    outer loop
      vertex 6.5 8.5 30
      vertex 6.5 12 3.99
      vertex 6.5 12 30
    endloop
  endfacet
  facet normal 1 0 0
    outer loop
      vertex 6.5 12 3.99
      vertex 6.5 8.5 30
      vertex 6.5 8.5 3.99
    endloop
  endfacet
  facet normal -0.946928 0 0.321445
    outer loop
      vertex -6.27852 8.5 31.6823
      vertex -6.00522 12 32.4874
      vertex -6.27852 12 31.6823
    endloop
  endfacet
  facet normal -0.946928 0 0.321445
    outer loop
      vertex -6.00522 12 32.4874
      vertex -6.27852 8.5 31.6823
      vertex -6.00522 8.5 32.4874
    endloop
  endfacet
  facet normal 0.751864 -0 0.659319
    outer loop
      vertex 4.59619 8.5 34.5962
      vertex 5.1568 12 33.9569
      vertex 4.59619 12 34.5962
    endloop
  endfacet
  facet normal 0.751864 0 0.659319
    outer loop
      vertex 5.1568 12 33.9569
      vertex 4.59619 8.5 34.5962
      vertex 5.1568 8.5 33.9569
    endloop
  endfacet
  facet normal 0.195121 0 0.980779
    outer loop
      vertex 0.84842 12 36.4444
      vertex 1.68232 8.5 36.2785
      vertex 1.68232 12 36.2785
    endloop
  endfacet
  facet normal 0.195121 0 0.980779
    outer loop
      vertex 1.68232 8.5 36.2785
      vertex 0.84842 12 36.4444
      vertex 0.84842 8.5 36.4444
    endloop
  endfacet
  facet normal -0.997859 0 0.0654066
    outer loop
      vertex -6.5 8.5 30
      vertex -6.44439 12 30.8484
      vertex -6.5 12 30
    endloop
  endfacet
  facet normal -0.997859 0 0.0654066
    outer loop
      vertex -6.44439 12 30.8484
      vertex -6.5 8.5 30
      vertex -6.44439 8.5 30.8484
    endloop
  endfacet
  facet normal -0.831456 0 0.55559
    outer loop
      vertex -5.62916 8.5 33.25
      vertex -5.1568 12 33.9569
      vertex -5.62916 12 33.25
    endloop
  endfacet
  facet normal -0.831456 0 0.55559
    outer loop
      vertex -5.1568 12 33.9569
      vertex -5.62916 8.5 33.25
      vertex -5.1568 8.5 33.9569
    endloop
  endfacet
  facet normal -0.0653933 0 0.99786
    outer loop
      vertex -0.84842 12 36.4444
      vertex 0 8.5 36.5
      vertex 0 12 36.5
    endloop
  endfacet
  facet normal -0.0653933 0 0.99786
    outer loop
      vertex 0 8.5 36.5
      vertex -0.84842 12 36.4444
      vertex -0.84842 8.5 36.4444
    endloop
  endfacet
  facet normal 0.946928 -0 0.321445
    outer loop
      vertex 6.00522 8.5 32.4874
      vertex 6.27852 12 31.6823
      vertex 6.00522 12 32.4874
    endloop
  endfacet
  facet normal 0.946928 0 0.321445
    outer loop
      vertex 6.27852 12 31.6823
      vertex 6.00522 8.5 32.4874
      vertex 6.27852 8.5 31.6823
    endloop
  endfacet
  facet normal -0.980786 0 0.195087
    outer loop
      vertex -6.44439 8.5 30.8484
      vertex -6.27852 12 31.6823
      vertex -6.44439 12 30.8484
    endloop
  endfacet
  facet normal -0.980786 0 0.195087
    outer loop
      vertex -6.27852 12 31.6823
      vertex -6.44439 8.5 30.8484
      vertex -6.27852 8.5 31.6823
    endloop
  endfacet
  facet normal 0.997859 -0 0.0654066
    outer loop
      vertex 6.44439 8.5 30.8484
      vertex 6.5 12 30
      vertex 6.44439 12 30.8484
    endloop
  endfacet
  facet normal 0.997859 0 0.0654066
    outer loop
      vertex 6.5 12 30
      vertex 6.44439 8.5 30.8484
      vertex 6.5 8.5 30
    endloop
  endfacet
  facet normal 0.555596 0 0.831453
    outer loop
      vertex 3.25 12 35.6292
      vertex 3.95695 8.5 35.1568
      vertex 3.95695 12 35.1568
    endloop
  endfacet
  facet normal 0.555596 0 0.831453
    outer loop
      vertex 3.95695 8.5 35.1568
      vertex 3.25 12 35.6292
      vertex 3.25 8.5 35.6292
    endloop
  endfacet
  facet normal 0.896879 -0 0.442277
    outer loop
      vertex 5.62916 8.5 33.25
      vertex 6.00522 12 32.4874
      vertex 5.62916 12 33.25
    endloop
  endfacet
  facet normal 0.896879 0 0.442277
    outer loop
      vertex 6.00522 12 32.4874
      vertex 5.62916 8.5 33.25
      vertex 6.00522 8.5 32.4874
    endloop
  endfacet
  facet normal -0.195121 0 0.980779
    outer loop
      vertex -1.68232 12 36.2785
      vertex -0.84842 8.5 36.4444
      vertex -0.84842 12 36.4444
    endloop
  endfacet
  facet normal -0.195121 0 0.980779
    outer loop
      vertex -0.84842 8.5 36.4444
      vertex -1.68232 12 36.2785
      vertex -1.68232 8.5 36.2785
    endloop
  endfacet
  facet normal -0.751864 0 0.659319
    outer loop
      vertex -5.1568 8.5 33.9569
      vertex -4.59619 12 34.5962
      vertex -5.1568 12 33.9569
    endloop
  endfacet
  facet normal -0.751864 0 0.659319
    outer loop
      vertex -4.59619 12 34.5962
      vertex -5.1568 8.5 33.9569
      vertex -4.59619 8.5 34.5962
    endloop
  endfacet
  facet normal 0.831456 -0 0.55559
    outer loop
      vertex 5.1568 8.5 33.9569
      vertex 5.62916 12 33.25
      vertex 5.1568 12 33.9569
    endloop
  endfacet
  facet normal 0.831456 0 0.55559
    outer loop
      vertex 5.62916 12 33.25
      vertex 5.1568 8.5 33.9569
      vertex 5.62916 8.5 33.25
    endloop
  endfacet
  facet normal 0.659347 0 0.751839
    outer loop
      vertex 3.95695 12 35.1568
      vertex 4.59619 8.5 34.5962
      vertex 4.59619 12 34.5962
    endloop
  endfacet
  facet normal 0.659347 0 0.751839
    outer loop
      vertex 4.59619 8.5 34.5962
      vertex 3.95695 12 35.1568
      vertex 3.95695 8.5 35.1568
    endloop
  endfacet
  facet normal 0.0653933 0 0.99786
    outer loop
      vertex 0 12 36.5
      vertex 0.84842 8.5 36.4444
      vertex 0.84842 12 36.4444
    endloop
  endfacet
  facet normal 0.0653933 0 0.99786
    outer loop
      vertex 0.84842 8.5 36.4444
      vertex 0 12 36.5
      vertex 0 8.5 36.5
    endloop
  endfacet
  facet normal -0.442239 0 0.896897
    outer loop
      vertex -3.25 12 35.6292
      vertex -2.48744 8.5 36.0052
      vertex -2.48744 12 36.0052
    endloop
  endfacet
  facet normal -0.442239 0 0.896897
    outer loop
      vertex -2.48744 8.5 36.0052
      vertex -3.25 12 35.6292
      vertex -3.25 8.5 35.6292
    endloop
  endfacet
  facet normal 0.442239 0 0.896897
    outer loop
      vertex 2.48744 12 36.0052
      vertex 3.25 8.5 35.6292
      vertex 3.25 12 35.6292
    endloop
  endfacet
  facet normal 0.442239 0 0.896897
    outer loop
      vertex 3.25 8.5 35.6292
      vertex 2.48744 12 36.0052
      vertex 2.48744 8.5 36.0052
    endloop
  endfacet
  facet normal 0 -1 0
    outer loop
      vertex 0 8.5 31.7
      vertex 0 8.5 36.5
      vertex -0.84842 8.5 36.4444
    endloop
  endfacet
  facet normal 0 -1 0
    outer loop
      vertex -0.221894 8.5 31.6855
      vertex -0.84842 8.5 36.4444
      vertex -1.68232 8.5 36.2785
    endloop
  endfacet
  facet normal 0 -1 0
    outer loop
      vertex 0 8.5 36.5
      vertex 0 8.5 31.7
      vertex 0.84842 8.5 36.4444
    endloop
  endfacet
  facet normal 0 -1 0
    outer loop
      vertex -0.439992 8.5 31.6421
      vertex -1.68232 8.5 36.2785
      vertex -2.48744 8.5 36.0052
    endloop
  endfacet
  facet normal 0 -1 0
    outer loop
      vertex 0.221894 8.5 31.6855
      vertex 0.84842 8.5 36.4444
      vertex 0 8.5 31.7
    endloop
  endfacet
  facet normal 0 -1 0
    outer loop
      vertex -0.650561 8.5 31.5706
      vertex -2.48744 8.5 36.0052
      vertex -3.25 8.5 35.6292
    endloop
  endfacet
  facet normal 0 -1 -0
    outer loop
      vertex 0.84842 8.5 36.4444
      vertex 0.221894 8.5 31.6855
      vertex 1.68232 8.5 36.2785
    endloop
  endfacet
  facet normal 0 -1 0
    outer loop
      vertex -0.849999 8.5 31.4722
      vertex -3.25 8.5 35.6292
      vertex -3.95695 8.5 35.1568
    endloop
  endfacet
  facet normal 0 -1 0
    outer loop
      vertex 0.439992 8.5 31.6421
      vertex 1.68232 8.5 36.2785
      vertex 0.221894 8.5 31.6855
    endloop
  endfacet
  facet normal 0 -1 0
    outer loop
      vertex -1.03489 8.5 31.3487
      vertex -3.95695 8.5 35.1568
      vertex -4.59619 8.5 34.5962
    endloop
  endfacet
  facet normal 0 -1 -0
    outer loop
      vertex 1.68232 8.5 36.2785
      vertex 0.439992 8.5 31.6421
      vertex 2.48744 8.5 36.0052
    endloop
  endfacet
  facet normal 0 -1 0
    outer loop
      vertex -1.20208 8.5 31.2021
      vertex -4.59619 8.5 34.5962
      vertex -5.1568 8.5 33.9569
    endloop
  endfacet
  facet normal 0 -1 0
    outer loop
      vertex 0.650561 8.5 31.5706
      vertex 2.48744 8.5 36.0052
      vertex 0.439992 8.5 31.6421
    endloop
  endfacet
  facet normal 0 -1 0
    outer loop
      vertex -1.3487 8.5 31.0349
      vertex -5.1568 8.5 33.9569
      vertex -5.62916 8.5 33.25
    endloop
  endfacet
  facet normal 0 -1 -0
    outer loop
      vertex 2.48744 8.5 36.0052
      vertex 0.650561 8.5 31.5706
      vertex 3.25 8.5 35.6292
    endloop
  endfacet
  facet normal 0 -1 0
    outer loop
      vertex -1.47224 8.5 30.85
      vertex -5.62916 8.5 33.25
      vertex -6.00522 8.5 32.4874
    endloop
  endfacet
  facet normal 0 -1 0
    outer loop
      vertex 0.849999 8.5 31.4722
      vertex 3.25 8.5 35.6292
      vertex 0.650561 8.5 31.5706
    endloop
  endfacet
  facet normal 0 -1 -0
    outer loop
      vertex 3.25 8.5 35.6292
      vertex 0.849999 8.5 31.4722
      vertex 3.95695 8.5 35.1568
    endloop
  endfacet
  facet normal 0 -1 0
    outer loop
      vertex -0.84842 8.5 36.4444
      vertex -0.221894 8.5 31.6855
      vertex 0 8.5 31.7
    endloop
  endfacet
  facet normal 0 -1 0
    outer loop
      vertex -1.57059 8.5 30.6506
      vertex -6.00522 8.5 32.4874
      vertex -6.27852 8.5 31.6823
    endloop
  endfacet
  facet normal 0 -1 0
    outer loop
      vertex -1.68232 8.5 36.2785
      vertex -0.439992 8.5 31.6421
      vertex -0.221894 8.5 31.6855
    endloop
  endfacet
  facet normal 0 -1 0
    outer loop
      vertex -2.48744 8.5 36.0052
      vertex -0.650561 8.5 31.5706
      vertex -0.439992 8.5 31.6421
    endloop
  endfacet
  facet normal 0 -1 0
    outer loop
      vertex -3.25 8.5 35.6292
      vertex -0.849999 8.5 31.4722
      vertex -0.650561 8.5 31.5706
    endloop
  endfacet
  facet normal 0 -1 0
    outer loop
      vertex -3.95695 8.5 35.1568
      vertex -1.03489 8.5 31.3487
      vertex -0.849999 8.5 31.4722
    endloop
  endfacet
  facet normal 0 -1 0
    outer loop
      vertex -4.59619 8.5 34.5962
      vertex -1.20208 8.5 31.2021
      vertex -1.03489 8.5 31.3487
    endloop
  endfacet
  facet normal 0 -1 0
    outer loop
      vertex -5.1568 8.5 33.9569
      vertex -1.3487 8.5 31.0349
      vertex -1.20208 8.5 31.2021
    endloop
  endfacet
  facet normal 0 -1 0
    outer loop
      vertex -5.62916 8.5 33.25
      vertex -1.47224 8.5 30.85
      vertex -1.3487 8.5 31.0349
    endloop
  endfacet
  facet normal 0 -1 0
    outer loop
      vertex -1.64207 8.5 30.44
      vertex -6.27852 8.5 31.6823
      vertex -6.44439 8.5 30.8484
    endloop
  endfacet
  facet normal 0 -1 0
    outer loop
      vertex -6.00522 8.5 32.4874
      vertex -1.57059 8.5 30.6506
      vertex -1.47224 8.5 30.85
    endloop
  endfacet
  facet normal 0 -1 0
    outer loop
      vertex -6.27852 8.5 31.6823
      vertex -1.64207 8.5 30.44
      vertex -1.57059 8.5 30.6506
    endloop
  endfacet
  facet normal 0 -1 0
    outer loop
      vertex -6.44439 8.5 30.8484
      vertex -1.68546 8.5 30.2219
      vertex -1.64207 8.5 30.44
    endloop
  endfacet
  facet normal 0 -1 0
    outer loop
      vertex -6.5 8.5 30
      vertex -1.68546 8.5 30.2219
      vertex -6.44439 8.5 30.8484
    endloop
  endfacet
  facet normal 0 -1 0
    outer loop
      vertex -6.5 8.5 30
      vertex -1.7 8.5 30
      vertex -1.68546 8.5 30.2219
    endloop
  endfacet
  facet normal 0 -1 0
    outer loop
      vertex -6.5 8.5 30
      vertex -1.68546 8.5 29.7781
      vertex -1.7 8.5 30
    endloop
  endfacet
  facet normal 0 -1 0
    outer loop
      vertex -6.5 8.5 30
      vertex -1.64207 8.5 29.56
      vertex -1.68546 8.5 29.7781
    endloop
  endfacet
  facet normal 0 -1 0
    outer loop
      vertex -6.5 8.5 30
      vertex -1.57059 8.5 29.3494
      vertex -1.64207 8.5 29.56
    endloop
  endfacet
  facet normal 0 -1 0
    outer loop
      vertex -6.5 8.5 30
      vertex -1.47224 8.5 29.15
      vertex -1.57059 8.5 29.3494
    endloop
  endfacet
  facet normal 0 -1 0
    outer loop
      vertex -6.5 8.5 30
      vertex -1.3487 8.5 28.9651
      vertex -1.47224 8.5 29.15
    endloop
  endfacet
  facet normal 0 -1 0
    outer loop
      vertex -6.5 8.5 30
      vertex -1.20208 8.5 28.7979
      vertex -1.3487 8.5 28.9651
    endloop
  endfacet
  facet normal 0 -1 0
    outer loop
      vertex -6.5 8.5 30
      vertex -1.03489 8.5 28.6513
      vertex -1.20208 8.5 28.7979
    endloop
  endfacet
  facet normal 0 -1 0
    outer loop
      vertex -6.5 8.5 30
      vertex -0.849999 8.5 28.5278
      vertex -1.03489 8.5 28.6513
    endloop
  endfacet
  facet normal 0 -1 0
    outer loop
      vertex -6.5 8.5 4
      vertex -0.849999 8.5 28.5278
      vertex -6.5 8.5 30
    endloop
  endfacet
  facet normal 0 -1 -0
    outer loop
      vertex -0.849999 8.5 28.5278
      vertex -6.5 8.5 4
      vertex -0.650561 8.5 28.4294
    endloop
  endfacet
  facet normal 0 -1 -0
    outer loop
      vertex -0.221894 8.5 28.3145
      vertex -6.5 8.5 4
      vertex 0 8.5 28.3
    endloop
  endfacet
  facet normal 0 -1 -0
    outer loop
      vertex -0.439992 8.5 28.3579
      vertex -6.5 8.5 4
      vertex -0.221894 8.5 28.3145
    endloop
  endfacet
  facet normal 0 -1 -0
    outer loop
      vertex -0.650561 8.5 28.4294
      vertex -6.5 8.5 4
      vertex -0.439992 8.5 28.3579
    endloop
  endfacet
  facet normal 0 -1 0
    outer loop
      vertex 1.03489 8.5 31.3487
      vertex 3.95695 8.5 35.1568
      vertex 0.849999 8.5 31.4722
    endloop
  endfacet
  facet normal 0 -1 -0
    outer loop
      vertex 3.95695 8.5 35.1568
      vertex 1.03489 8.5 31.3487
      vertex 4.59619 8.5 34.5962
    endloop
  endfacet
  facet normal 0 -1 0
    outer loop
      vertex 1.20208 8.5 31.2021
      vertex 4.59619 8.5 34.5962
      vertex 1.03489 8.5 31.3487
    endloop
  endfacet
  facet normal 0 -1 -0
    outer loop
      vertex 4.59619 8.5 34.5962
      vertex 1.20208 8.5 31.2021
      vertex 5.1568 8.5 33.9569
    endloop
  endfacet
  facet normal 0 -1 0
    outer loop
      vertex 1.3487 8.5 31.0349
      vertex 5.1568 8.5 33.9569
      vertex 1.20208 8.5 31.2021
    endloop
  endfacet
  facet normal 0 -1 -0
    outer loop
      vertex 5.1568 8.5 33.9569
      vertex 1.3487 8.5 31.0349
      vertex 5.62916 8.5 33.25
    endloop
  endfacet
  facet normal 0 -1 0
    outer loop
      vertex 1.47224 8.5 30.85
      vertex 5.62916 8.5 33.25
      vertex 1.3487 8.5 31.0349
    endloop
  endfacet
  facet normal 0 -1 -0
    outer loop
      vertex 5.62916 8.5 33.25
      vertex 1.47224 8.5 30.85
      vertex 6.00522 8.5 32.4874
    endloop
  endfacet
  facet normal 0 -1 0
    outer loop
      vertex 1.57059 8.5 30.6506
      vertex 6.00522 8.5 32.4874
      vertex 1.47224 8.5 30.85
    endloop
  endfacet
  facet normal 0 -1 -0
    outer loop
      vertex 6.00522 8.5 32.4874
      vertex 1.57059 8.5 30.6506
      vertex 6.27852 8.5 31.6823
    endloop
  endfacet
  facet normal 0 -1 0
    outer loop
      vertex 1.64207 8.5 30.44
      vertex 6.27852 8.5 31.6823
      vertex 1.57059 8.5 30.6506
    endloop
  endfacet
  facet normal 0 -1 -0
    outer loop
      vertex 6.27852 8.5 31.6823
      vertex 1.64207 8.5 30.44
      vertex 6.44439 8.5 30.8484
    endloop
  endfacet
  facet normal 0 -1 0
    outer loop
      vertex 1.68546 8.5 30.2219
      vertex 6.44439 8.5 30.8484
      vertex 1.64207 8.5 30.44
    endloop
  endfacet
  facet normal 0 -1 0
    outer loop
      vertex 1.7 8.5 30
      vertex 6.44439 8.5 30.8484
      vertex 1.68546 8.5 30.2219
    endloop
  endfacet
  facet normal 0 -1 0
    outer loop
      vertex 1.7 8.5 30
      vertex 6.5 8.5 30
      vertex 6.44439 8.5 30.8484
    endloop
  endfacet
  facet normal 0 -1 0
    outer loop
      vertex 1.68546 8.5 29.7781
      vertex 6.5 8.5 30
      vertex 1.7 8.5 30
    endloop
  endfacet
  facet normal 0 -1 0
    outer loop
      vertex 1.64207 8.5 29.56
      vertex 6.5 8.5 30
      vertex 1.68546 8.5 29.7781
    endloop
  endfacet
  facet normal 0 -1 0
    outer loop
      vertex 1.57059 8.5 29.3494
      vertex 6.5 8.5 30
      vertex 1.64207 8.5 29.56
    endloop
  endfacet
  facet normal 0 -1 0
    outer loop
      vertex 1.47224 8.5 29.15
      vertex 6.5 8.5 30
      vertex 1.57059 8.5 29.3494
    endloop
  endfacet
  facet normal 0 -1 0
    outer loop
      vertex 1.3487 8.5 28.9651
      vertex 6.5 8.5 30
      vertex 1.47224 8.5 29.15
    endloop
  endfacet
  facet normal 0 -1 0
    outer loop
      vertex 1.20208 8.5 28.7979
      vertex 6.5 8.5 30
      vertex 1.3487 8.5 28.9651
    endloop
  endfacet
  facet normal 0 -1 0
    outer loop
      vertex 1.03489 8.5 28.6513
      vertex 6.5 8.5 30
      vertex 1.20208 8.5 28.7979
    endloop
  endfacet
  facet normal 0 -1 0
    outer loop
      vertex 0.849999 8.5 28.5278
      vertex 6.5 8.5 30
      vertex 1.03489 8.5 28.6513
    endloop
  endfacet
  facet normal 0 -1 0
    outer loop
      vertex 6.5 8.5 3.99
      vertex 0.849999 8.5 28.5278
      vertex 0.650561 8.5 28.4294
    endloop
  endfacet
  facet normal 0 -1 0
    outer loop
      vertex 5 8.5 4
      vertex 0.650561 8.5 28.4294
      vertex 0.439992 8.5 28.3579
    endloop
  endfacet
  facet normal 0 -1 0
    outer loop
      vertex 5 8.5 4
      vertex 0 8.5 28.3
      vertex -6.5 8.5 4
    endloop
  endfacet
  facet normal 0 -1 0
    outer loop
      vertex 0 8.5 28.3
      vertex 5 8.5 4
      vertex 0.221894 8.5 28.3145
    endloop
  endfacet
  facet normal 0 -1 0
    outer loop
      vertex 0.221894 8.5 28.3145
      vertex 5 8.5 4
      vertex 0.439992 8.5 28.3579
    endloop
  endfacet
  facet normal 0 -1 0
    outer loop
      vertex 0.650561 8.5 28.4294
      vertex 5 8.5 4
      vertex 6.5 8.5 3.99
    endloop
  endfacet
  facet normal 0 -1 0
    outer loop
      vertex 6.5 8.5 3.99
      vertex 5 8.5 4
      vertex 5 8.5 3.99
    endloop
  endfacet
  facet normal 0 -1 0
    outer loop
      vertex 0.849999 8.5 28.5278
      vertex 6.5 8.5 3.99
      vertex 6.5 8.5 30
    endloop
  endfacet
  facet normal 0 1 0
    outer loop
      vertex 0 12 31.7
      vertex 0 12 36.5
      vertex 0.84842 12 36.4444
    endloop
  endfacet
  facet normal 0 1 0
    outer loop
      vertex 0.221894 12 31.6855
      vertex 0.84842 12 36.4444
      vertex 1.68232 12 36.2785
    endloop
  endfacet
  facet normal 0 1 0
    outer loop
      vertex 0 12 36.5
      vertex 0 12 31.7
      vertex -0.84842 12 36.4444
    endloop
  endfacet
  facet normal 0 1 0
    outer loop
      vertex 0.439992 12 31.6421
      vertex 1.68232 12 36.2785
      vertex 2.48744 12 36.0052
    endloop
  endfacet
  facet normal 0 1 -0
    outer loop
      vertex -0.221894 12 31.6855
      vertex -0.84842 12 36.4444
      vertex 0 12 31.7
    endloop
  endfacet
  facet normal 0 1 0
    outer loop
      vertex 0.650561 12 31.5706
      vertex 2.48744 12 36.0052
      vertex 3.25 12 35.6292
    endloop
  endfacet
  facet normal 0 1 0
    outer loop
      vertex -0.84842 12 36.4444
      vertex -0.221894 12 31.6855
      vertex -1.68232 12 36.2785
    endloop
  endfacet
  facet normal 0 1 0
    outer loop
      vertex 0.849999 12 31.4722
      vertex 3.25 12 35.6292
      vertex 3.95695 12 35.1568
    endloop
  endfacet
  facet normal 0 1 -0
    outer loop
      vertex -0.439992 12 31.6421
      vertex -1.68232 12 36.2785
      vertex -0.221894 12 31.6855
    endloop
  endfacet
  facet normal 0 1 0
    outer loop
      vertex 1.03489 12 31.3487
      vertex 3.95695 12 35.1568
      vertex 4.59619 12 34.5962
    endloop
  endfacet
  facet normal 0 1 0
    outer loop
      vertex -1.68232 12 36.2785
      vertex -0.439992 12 31.6421
      vertex -2.48744 12 36.0052
    endloop
  endfacet
  facet normal 0 1 0
    outer loop
      vertex 1.20208 12 31.2021
      vertex 4.59619 12 34.5962
      vertex 5.1568 12 33.9569
    endloop
  endfacet
  facet normal 0 1 -0
    outer loop
      vertex -0.650561 12 31.5706
      vertex -2.48744 12 36.0052
      vertex -0.439992 12 31.6421
    endloop
  endfacet
  facet normal 0 1 0
    outer loop
      vertex 1.3487 12 31.0349
      vertex 5.1568 12 33.9569
      vertex 5.62916 12 33.25
    endloop
  endfacet
  facet normal 0 1 0
    outer loop
      vertex -2.48744 12 36.0052
      vertex -0.650561 12 31.5706
      vertex -3.25 12 35.6292
    endloop
  endfacet
  facet normal 0 1 0
    outer loop
      vertex 1.47224 12 30.85
      vertex 5.62916 12 33.25
      vertex 6.00522 12 32.4874
    endloop
  endfacet
  facet normal 0 1 -0
    outer loop
      vertex -0.849999 12 31.4722
      vertex -3.25 12 35.6292
      vertex -0.650561 12 31.5706
    endloop
  endfacet
  facet normal 0 1 0
    outer loop
      vertex -3.25 12 35.6292
      vertex -0.849999 12 31.4722
      vertex -3.95695 12 35.1568
    endloop
  endfacet
  facet normal 0 1 0
    outer loop
      vertex 0.84842 12 36.4444
      vertex 0.221894 12 31.6855
      vertex 0 12 31.7
    endloop
  endfacet
  facet normal 0 1 0
    outer loop
      vertex 1.57059 12 30.6506
      vertex 6.00522 12 32.4874
      vertex 6.27852 12 31.6823
    endloop
  endfacet
  facet normal 0 1 0
    outer loop
      vertex 1.68232 12 36.2785
      vertex 0.439992 12 31.6421
      vertex 0.221894 12 31.6855
    endloop
  endfacet
  facet normal 0 1 0
    outer loop
      vertex 2.48744 12 36.0052
      vertex 0.650561 12 31.5706
      vertex 0.439992 12 31.6421
    endloop
  endfacet
  facet normal 0 1 0
    outer loop
      vertex 3.25 12 35.6292
      vertex 0.849999 12 31.4722
      vertex 0.650561 12 31.5706
    endloop
  endfacet
  facet normal 0 1 0
    outer loop
      vertex 3.95695 12 35.1568
      vertex 1.03489 12 31.3487
      vertex 0.849999 12 31.4722
    endloop
  endfacet
  facet normal 0 1 0
    outer loop
      vertex 4.59619 12 34.5962
      vertex 1.20208 12 31.2021
      vertex 1.03489 12 31.3487
    endloop
  endfacet
  facet normal 0 1 0
    outer loop
      vertex 5.1568 12 33.9569
      vertex 1.3487 12 31.0349
      vertex 1.20208 12 31.2021
    endloop
  endfacet
  facet normal 0 1 0
    outer loop
      vertex 5.62916 12 33.25
      vertex 1.47224 12 30.85
      vertex 1.3487 12 31.0349
    endloop
  endfacet
  facet normal 0 1 0
    outer loop
      vertex 1.64207 12 30.44
      vertex 6.27852 12 31.6823
      vertex 6.44439 12 30.8484
    endloop
  endfacet
  facet normal 0 1 0
    outer loop
      vertex 6.00522 12 32.4874
      vertex 1.57059 12 30.6506
      vertex 1.47224 12 30.85
    endloop
  endfacet
  facet normal 0 1 0
    outer loop
      vertex 6.27852 12 31.6823
      vertex 1.64207 12 30.44
      vertex 1.57059 12 30.6506
    endloop
  endfacet
  facet normal 0 1 0
    outer loop
      vertex 6.44439 12 30.8484
      vertex 1.68546 12 30.2219
      vertex 1.64207 12 30.44
    endloop
  endfacet
  facet normal 0 1 0
    outer loop
      vertex 6.5 12 30
      vertex 1.68546 12 30.2219
      vertex 6.44439 12 30.8484
    endloop
  endfacet
  facet normal 0 1 0
    outer loop
      vertex 6.5 12 30
      vertex 1.7 12 30
      vertex 1.68546 12 30.2219
    endloop
  endfacet
  facet normal 0 1 0
    outer loop
      vertex 6.5 12 30
      vertex 1.68546 12 29.7781
      vertex 1.7 12 30
    endloop
  endfacet
  facet normal 0 1 0
    outer loop
      vertex 6.5 12 30
      vertex 1.64207 12 29.56
      vertex 1.68546 12 29.7781
    endloop
  endfacet
  facet normal 0 1 0
    outer loop
      vertex 6.5 12 30
      vertex 1.57059 12 29.3494
      vertex 1.64207 12 29.56
    endloop
  endfacet
  facet normal 0 1 0
    outer loop
      vertex 6.5 12 30
      vertex 1.47224 12 29.15
      vertex 1.57059 12 29.3494
    endloop
  endfacet
  facet normal 0 1 0
    outer loop
      vertex 6.5 12 30
      vertex 1.3487 12 28.9651
      vertex 1.47224 12 29.15
    endloop
  endfacet
  facet normal 0 1 0
    outer loop
      vertex 6.5 12 30
      vertex 1.20208 12 28.7979
      vertex 1.3487 12 28.9651
    endloop
  endfacet
  facet normal 0 1 0
    outer loop
      vertex 6.5 12 30
      vertex 1.03489 12 28.6513
      vertex 1.20208 12 28.7979
    endloop
  endfacet
  facet normal 0 1 0
    outer loop
      vertex 6.5 12 30
      vertex 0.849999 12 28.5278
      vertex 1.03489 12 28.6513
    endloop
  endfacet
  facet normal 0 1 -0
    outer loop
      vertex 6.5 12 3.99
      vertex 0.849999 12 28.5278
      vertex 6.5 12 30
    endloop
  endfacet
  facet normal 0 1 0
    outer loop
      vertex 0.849999 12 28.5278
      vertex 6.5 12 3.99
      vertex 0.650561 12 28.4294
    endloop
  endfacet
  facet normal 0 1 0
    outer loop
      vertex 0.221894 12 28.3145
      vertex 5 12 4
      vertex 0 12 28.3
    endloop
  endfacet
  facet normal 0 1 0
    outer loop
      vertex 0.439992 12 28.3579
      vertex 5 12 4
      vertex 0.221894 12 28.3145
    endloop
  endfacet
  facet normal -0 1 -0
    outer loop
      vertex 5 12 4
      vertex 0.650561 12 28.4294
      vertex 6.5 12 3.99
    endloop
  endfacet
  facet normal 0 1 0
    outer loop
      vertex 0.650561 12 28.4294
      vertex 5 12 4
      vertex 0.439992 12 28.3579
    endloop
  endfacet
  facet normal 0 1 0
    outer loop
      vertex 5 12 4
      vertex 6.5 12 3.99
      vertex 5 12 3.99
    endloop
  endfacet
  facet normal 0 1 -0
    outer loop
      vertex -1.03489 12 31.3487
      vertex -3.95695 12 35.1568
      vertex -0.849999 12 31.4722
    endloop
  endfacet
  facet normal 0 1 0
    outer loop
      vertex -3.95695 12 35.1568
      vertex -1.03489 12 31.3487
      vertex -4.59619 12 34.5962
    endloop
  endfacet
  facet normal 0 1 -0
    outer loop
      vertex -1.20208 12 31.2021
      vertex -4.59619 12 34.5962
      vertex -1.03489 12 31.3487
    endloop
  endfacet
  facet normal 0 1 0
    outer loop
      vertex -4.59619 12 34.5962
      vertex -1.20208 12 31.2021
      vertex -5.1568 12 33.9569
    endloop
  endfacet
  facet normal 0 1 -0
    outer loop
      vertex -1.3487 12 31.0349
      vertex -5.1568 12 33.9569
      vertex -1.20208 12 31.2021
    endloop
  endfacet
  facet normal 0 1 0
    outer loop
      vertex -5.1568 12 33.9569
      vertex -1.3487 12 31.0349
      vertex -5.62916 12 33.25
    endloop
  endfacet
  facet normal 0 1 -0
    outer loop
      vertex -1.47224 12 30.85
      vertex -5.62916 12 33.25
      vertex -1.3487 12 31.0349
    endloop
  endfacet
  facet normal 0 1 0
    outer loop
      vertex -5.62916 12 33.25
      vertex -1.47224 12 30.85
      vertex -6.00522 12 32.4874
    endloop
  endfacet
  facet normal 0 1 -0
    outer loop
      vertex -1.57059 12 30.6506
      vertex -6.00522 12 32.4874
      vertex -1.47224 12 30.85
    endloop
  endfacet
  facet normal 0 1 0
    outer loop
      vertex -6.00522 12 32.4874
      vertex -1.57059 12 30.6506
      vertex -6.27852 12 31.6823
    endloop
  endfacet
  facet normal 0 1 -0
    outer loop
      vertex -1.64207 12 30.44
      vertex -6.27852 12 31.6823
      vertex -1.57059 12 30.6506
    endloop
  endfacet
  facet normal 0 1 0
    outer loop
      vertex -6.27852 12 31.6823
      vertex -1.64207 12 30.44
      vertex -6.44439 12 30.8484
    endloop
  endfacet
  facet normal 0 1 -0
    outer loop
      vertex -1.68546 12 30.2219
      vertex -6.44439 12 30.8484
      vertex -1.64207 12 30.44
    endloop
  endfacet
  facet normal 0 1 -0
    outer loop
      vertex -1.7 12 30
      vertex -6.44439 12 30.8484
      vertex -1.68546 12 30.2219
    endloop
  endfacet
  facet normal 0 1 0
    outer loop
      vertex -1.7 12 30
      vertex -6.5 12 30
      vertex -6.44439 12 30.8484
    endloop
  endfacet
  facet normal 0 1 0
    outer loop
      vertex -1.68546 12 29.7781
      vertex -6.5 12 30
      vertex -1.7 12 30
    endloop
  endfacet
  facet normal 0 1 0
    outer loop
      vertex -1.64207 12 29.56
      vertex -6.5 12 30
      vertex -1.68546 12 29.7781
    endloop
  endfacet
  facet normal 0 1 0
    outer loop
      vertex -1.57059 12 29.3494
      vertex -6.5 12 30
      vertex -1.64207 12 29.56
    endloop
  endfacet
  facet normal 0 1 0
    outer loop
      vertex -1.47224 12 29.15
      vertex -6.5 12 30
      vertex -1.57059 12 29.3494
    endloop
  endfacet
  facet normal 0 1 0
    outer loop
      vertex -1.3487 12 28.9651
      vertex -6.5 12 30
      vertex -1.47224 12 29.15
    endloop
  endfacet
  facet normal 0 1 0
    outer loop
      vertex -1.20208 12 28.7979
      vertex -6.5 12 30
      vertex -1.3487 12 28.9651
    endloop
  endfacet
  facet normal 0 1 0
    outer loop
      vertex -1.03489 12 28.6513
      vertex -6.5 12 30
      vertex -1.20208 12 28.7979
    endloop
  endfacet
  facet normal 0 1 0
    outer loop
      vertex -0.849999 12 28.5278
      vertex -6.5 12 30
      vertex -1.03489 12 28.6513
    endloop
  endfacet
  facet normal 0 1 0
    outer loop
      vertex -6.5 12 4
      vertex -0.849999 12 28.5278
      vertex -0.650561 12 28.4294
    endloop
  endfacet
  facet normal 0 1 0
    outer loop
      vertex -6.5 12 4
      vertex -0.650561 12 28.4294
      vertex -0.439992 12 28.3579
    endloop
  endfacet
  facet normal 0 1 0
    outer loop
      vertex -6.5 12 4
      vertex 0 12 28.3
      vertex 5 12 4
    endloop
  endfacet
  facet normal 0 1 0
    outer loop
      vertex 0 12 28.3
      vertex -6.5 12 4
      vertex -0.221894 12 28.3145
    endloop
  endfacet
  facet normal 0 1 0
    outer loop
      vertex -0.221894 12 28.3145
      vertex -6.5 12 4
      vertex -0.439992 12 28.3579
    endloop
  endfacet
  facet normal 0 1 0
    outer loop
      vertex -0.849999 12 28.5278
      vertex -6.5 12 4
      vertex -6.5 12 30
    endloop
  endfacet
  facet normal 1 0 0
    outer loop
      vertex 5 -12 4
      vertex 5 -15 4
      vertex 5 -12 3.99
    endloop
  endfacet
  facet normal 1 0 0
    outer loop
      vertex 5 8.5 4
      vertex 5 -8.5 4
      vertex 5 8.5 3.99
    endloop
  endfacet
  facet normal 1 0 0
    outer loop
      vertex 5 12 3.99
      vertex 5 15 4
      vertex 5 12 4
    endloop
  endfacet
  facet normal 1 0 0
    outer loop
      vertex 5 15 4
      vertex 5 12 3.99
      vertex 5 15 0
    endloop
  endfacet
  facet normal 1 -0 0
    outer loop
      vertex 5 8.5 3.99
      vertex 5 15 0
      vertex 5 12 3.99
    endloop
  endfacet
  facet normal 1 0 0
    outer loop
      vertex 5 -8.5 3.99
      vertex 5 8.5 3.99
      vertex 5 -8.5 4
    endloop
  endfacet
  facet normal 1 0 0
    outer loop
      vertex 5 8.5 3.99
      vertex 5 -8.5 3.99
      vertex 5 15 0
    endloop
  endfacet
  facet normal 1 0 0
    outer loop
      vertex 5 -15 0
      vertex 5 -8.5 3.99
      vertex 5 -12 3.99
    endloop
  endfacet
  facet normal 1 0 0
    outer loop
      vertex 5 -15 0
      vertex 5 -12 3.99
      vertex 5 -15 4
    endloop
  endfacet
  facet normal 1 0 0
    outer loop
      vertex 5 -8.5 3.99
      vertex 5 -15 0
      vertex 5 15 0
    endloop
  endfacet
  facet normal 0 0 1
    outer loop
      vertex 5 15 4
      vertex -6.5 12 4
      vertex 5 12 4
    endloop
  endfacet
  facet normal 0 0 1
    outer loop
      vertex -11.8541 3.18755 4
      vertex -6.5 8.5 4
      vertex -6.5 12 4
    endloop
  endfacet
  facet normal 0 0 1
    outer loop
      vertex -6.5 8.5 4
      vertex -7.7 0 4
      vertex -6.5 -8.5 4
    endloop
  endfacet
  facet normal -0 0 1
    outer loop
      vertex -7.72823 -0.430736 4
      vertex -6.5 -8.5 4
      vertex -7.7 0 4
    endloop
  endfacet
  facet normal 0 0 1
    outer loop
      vertex -6.5 8.5 4
      vertex -7.72823 0.430736 4
      vertex -7.7 0 4
    endloop
  endfacet
  facet normal 0 0 1
    outer loop
      vertex -6.5 8.5 4
      vertex -7.81245 0.854102 4
      vertex -7.72823 0.430736 4
    endloop
  endfacet
  facet normal 0 0 1
    outer loop
      vertex -6.5 8.5 4
      vertex -7.9512 1.26285 4
      vertex -7.81245 0.854102 4
    endloop
  endfacet
  facet normal 0 0 1
    outer loop
      vertex -6.5 8.5 4
      vertex -8.14212 1.65 4
      vertex -7.9512 1.26285 4
    endloop
  endfacet
  facet normal 0 0 1
    outer loop
      vertex -6.5 8.5 4
      vertex -8.38193 2.00891 4
      vertex -8.14212 1.65 4
    endloop
  endfacet
  facet normal 0 0 1
    outer loop
      vertex -6.5 8.5 4
      vertex -8.66655 2.33345 4
      vertex -8.38193 2.00891 4
    endloop
  endfacet
  facet normal 0 0 1
    outer loop
      vertex -6.5 8.5 4
      vertex -8.99109 2.61807 4
      vertex -8.66655 2.33345 4
    endloop
  endfacet
  facet normal 0 0 1
    outer loop
      vertex -6.5 8.5 4
      vertex -9.35 2.85788 4
      vertex -8.99109 2.61807 4
    endloop
  endfacet
  facet normal 0 0 1
    outer loop
      vertex -6.5 8.5 4
      vertex -9.73715 3.0488 4
      vertex -9.35 2.85788 4
    endloop
  endfacet
  facet normal 0 0 1
    outer loop
      vertex -6.5 8.5 4
      vertex -10.1459 3.18755 4
      vertex -9.73715 3.0488 4
    endloop
  endfacet
  facet normal 0 0 1
    outer loop
      vertex -6.5 8.5 4
      vertex -10.5693 3.27177 4
      vertex -10.1459 3.18755 4
    endloop
  endfacet
  facet normal 0 0 1
    outer loop
      vertex -6.5 8.5 4
      vertex -11 3.3 4
      vertex -10.5693 3.27177 4
    endloop
  endfacet
  facet normal 0 0 1
    outer loop
      vertex -6.5 8.5 4
      vertex -11.4307 3.27177 4
      vertex -11 3.3 4
    endloop
  endfacet
  facet normal 0 0 1
    outer loop
      vertex -6.5 8.5 4
      vertex -11.8541 3.18755 4
      vertex -11.4307 3.27177 4
    endloop
  endfacet
  facet normal 0 0 1
    outer loop
      vertex -6.5 12 4
      vertex -12.2629 3.0488 4
      vertex -11.8541 3.18755 4
    endloop
  endfacet
  facet normal 0 0 1
    outer loop
      vertex -6.5 12 4
      vertex -12.65 2.85788 4
      vertex -12.2629 3.0488 4
    endloop
  endfacet
  facet normal 0 0 1
    outer loop
      vertex -25.35 2.85788 4
      vertex -12.65 2.85788 4
      vertex -6.5 12 4
    endloop
  endfacet
  facet normal 0 0 1
    outer loop
      vertex -12.65 2.85788 4
      vertex -25.35 2.85788 4
      vertex -13.0089 2.61807 4
    endloop
  endfacet
  facet normal 0 -0 1
    outer loop
      vertex -24.9911 2.61807 4
      vertex -13.0089 2.61807 4
      vertex -25.35 2.85788 4
    endloop
  endfacet
  facet normal 0 0 1
    outer loop
      vertex -14.2718 0.430736 4
      vertex -23.7 0 4
      vertex -14.3 0 4
    endloop
  endfacet
  facet normal 0 0 1
    outer loop
      vertex -23.7282 0.430736 4
      vertex -14.2718 0.430736 4
      vertex -14.1876 0.854102 4
    endloop
  endfacet
  facet normal 0 0 1
    outer loop
      vertex -23.8124 0.854102 4
      vertex -14.1876 0.854102 4
      vertex -14.0488 1.26285 4
    endloop
  endfacet
  facet normal 0 0 1
    outer loop
      vertex -23.9512 1.26285 4
      vertex -14.0488 1.26285 4
      vertex -13.8579 1.65 4
    endloop
  endfacet
  facet normal 0 0 1
    outer loop
      vertex -24.1421 1.65 4
      vertex -13.8579 1.65 4
      vertex -13.6181 2.00891 4
    endloop
  endfacet
  facet normal 0 0 1
    outer loop
      vertex -13.0089 2.61807 4
      vertex -24.9911 2.61807 4
      vertex -13.3335 2.33345 4
    endloop
  endfacet
  facet normal 0 0 1
    outer loop
      vertex -14.2718 0.430736 4
      vertex -23.7282 0.430736 4
      vertex -23.7 0 4
    endloop
  endfacet
  facet normal 0 0 1
    outer loop
      vertex -14.1876 0.854102 4
      vertex -23.8124 0.854102 4
      vertex -23.7282 0.430736 4
    endloop
  endfacet
  facet normal 0 0 1
    outer loop
      vertex -14.0488 1.26285 4
      vertex -23.9512 1.26285 4
      vertex -23.8124 0.854102 4
    endloop
  endfacet
  facet normal 0 0 1
    outer loop
      vertex -13.8579 1.65 4
      vertex -24.1421 1.65 4
      vertex -23.9512 1.26285 4
    endloop
  endfacet
  facet normal 0 0 1
    outer loop
      vertex -13.6181 2.00891 4
      vertex -24.3819 2.00891 4
      vertex -24.1421 1.65 4
    endloop
  endfacet
  facet normal 0 0 1
    outer loop
      vertex -13.6181 2.00891 4
      vertex -24.6665 2.33345 4
      vertex -24.3819 2.00891 4
    endloop
  endfacet
  facet normal 0 0 1
    outer loop
      vertex -13.3335 2.33345 4
      vertex -24.6665 2.33345 4
      vertex -13.6181 2.00891 4
    endloop
  endfacet
  facet normal 0 -0 1
    outer loop
      vertex -24.6665 2.33345 4
      vertex -13.3335 2.33345 4
      vertex -24.9911 2.61807 4
    endloop
  endfacet
  facet normal 0 0 1
    outer loop
      vertex -6.5 12 4
      vertex -25.7371 3.0488 4
      vertex -25.35 2.85788 4
    endloop
  endfacet
  facet normal 0 0 1
    outer loop
      vertex -34 15 4
      vertex -25.7371 3.0488 4
      vertex -6.5 12 4
    endloop
  endfacet
  facet normal 0 0 1
    outer loop
      vertex -25.7371 3.0488 4
      vertex -34 15 4
      vertex -26.1459 3.18755 4
    endloop
  endfacet
  facet normal 0 0 1
    outer loop
      vertex -26.1459 3.18755 4
      vertex -34 15 4
      vertex -26.5693 3.27177 4
    endloop
  endfacet
  facet normal 0 0 1
    outer loop
      vertex -26.5693 3.27177 4
      vertex -34 15 4
      vertex -27 3.3 4
    endloop
  endfacet
  facet normal 0 0 1
    outer loop
      vertex -27 3.3 4
      vertex -34 15 4
      vertex -27.4307 3.27177 4
    endloop
  endfacet
  facet normal 0 0 1
    outer loop
      vertex -27.4307 3.27177 4
      vertex -34 15 4
      vertex -27.8541 3.18755 4
    endloop
  endfacet
  facet normal 0 0 1
    outer loop
      vertex -30.2718 0.430736 4
      vertex -34 15 4
      vertex -30.3 0 4
    endloop
  endfacet
  facet normal 0 0 1
    outer loop
      vertex -30.1876 0.854102 4
      vertex -34 15 4
      vertex -30.2718 0.430736 4
    endloop
  endfacet
  facet normal 0 0 1
    outer loop
      vertex -30.0488 1.26285 4
      vertex -34 15 4
      vertex -30.1876 0.854102 4
    endloop
  endfacet
  facet normal 0 0 1
    outer loop
      vertex -29.8579 1.65 4
      vertex -34 15 4
      vertex -30.0488 1.26285 4
    endloop
  endfacet
  facet normal 0 0 1
    outer loop
      vertex -29.6181 2.00891 4
      vertex -34 15 4
      vertex -29.8579 1.65 4
    endloop
  endfacet
  facet normal 0 0 1
    outer loop
      vertex -29.3335 2.33345 4
      vertex -34 15 4
      vertex -29.6181 2.00891 4
    endloop
  endfacet
  facet normal 0 0 1
    outer loop
      vertex -29.0089 2.61807 4
      vertex -34 15 4
      vertex -29.3335 2.33345 4
    endloop
  endfacet
  facet normal 0 0 1
    outer loop
      vertex -28.65 2.85788 4
      vertex -34 15 4
      vertex -29.0089 2.61807 4
    endloop
  endfacet
  facet normal 0 0 1
    outer loop
      vertex -28.2629 3.0488 4
      vertex -34 15 4
      vertex -28.65 2.85788 4
    endloop
  endfacet
  facet normal 0 0 1
    outer loop
      vertex -27.8541 3.18755 4
      vertex -34 15 4
      vertex -28.2629 3.0488 4
    endloop
  endfacet
  facet normal -0 0 1
    outer loop
      vertex -34 15 4
      vertex -6.5 12 4
      vertex 5 15 4
    endloop
  endfacet
  facet normal -0 0 1
    outer loop
      vertex -6.5 8.5 4
      vertex 5 -8.5 4
      vertex 5 8.5 4
    endloop
  endfacet
  facet normal 0 0 1
    outer loop
      vertex 5 -8.5 4
      vertex -6.5 8.5 4
      vertex -6.5 -8.5 4
    endloop
  endfacet
  facet normal -0 0 1
    outer loop
      vertex -6.5 -12 4
      vertex 5 -15 4
      vertex 5 -12 4
    endloop
  endfacet
  facet normal -0 0 1
    outer loop
      vertex -7.81245 -0.854102 4
      vertex -6.5 -8.5 4
      vertex -7.72823 -0.430736 4
    endloop
  endfacet
  facet normal -0 0 1
    outer loop
      vertex -7.9512 -1.26285 4
      vertex -6.5 -8.5 4
      vertex -7.81245 -0.854102 4
    endloop
  endfacet
  facet normal -0 0 1
    outer loop
      vertex -8.14212 -1.65 4
      vertex -6.5 -8.5 4
      vertex -7.9512 -1.26285 4
    endloop
  endfacet
  facet normal -0 0 1
    outer loop
      vertex -8.38193 -2.00891 4
      vertex -6.5 -8.5 4
      vertex -8.14212 -1.65 4
    endloop
  endfacet
  facet normal -0 0 1
    outer loop
      vertex -8.66655 -2.33345 4
      vertex -6.5 -8.5 4
      vertex -8.38193 -2.00891 4
    endloop
  endfacet
  facet normal -0 0 1
    outer loop
      vertex -8.99109 -2.61807 4
      vertex -6.5 -8.5 4
      vertex -8.66655 -2.33345 4
    endloop
  endfacet
  facet normal -0 0 1
    outer loop
      vertex -9.35 -2.85788 4
      vertex -6.5 -8.5 4
      vertex -8.99109 -2.61807 4
    endloop
  endfacet
  facet normal -0 0 1
    outer loop
      vertex -9.73715 -3.0488 4
      vertex -6.5 -8.5 4
      vertex -9.35 -2.85788 4
    endloop
  endfacet
  facet normal -0 0 1
    outer loop
      vertex -10.1459 -3.18755 4
      vertex -6.5 -8.5 4
      vertex -9.73715 -3.0488 4
    endloop
  endfacet
  facet normal -0 0 1
    outer loop
      vertex -10.5693 -3.27177 4
      vertex -6.5 -8.5 4
      vertex -10.1459 -3.18755 4
    endloop
  endfacet
  facet normal -0 0 1
    outer loop
      vertex -11 -3.3 4
      vertex -6.5 -8.5 4
      vertex -10.5693 -3.27177 4
    endloop
  endfacet
  facet normal 0 0 1
    outer loop
      vertex -11.4307 -3.27177 4
      vertex -6.5 -8.5 4
      vertex -11 -3.3 4
    endloop
  endfacet
  facet normal 0 0 1
    outer loop
      vertex -11.8541 -3.18755 4
      vertex -6.5 -8.5 4
      vertex -11.4307 -3.27177 4
    endloop
  endfacet
  facet normal 0 0 1
    outer loop
      vertex -6.5 -8.5 4
      vertex -11.8541 -3.18755 4
      vertex -6.5 -12 4
    endloop
  endfacet
  facet normal 0 0 1
    outer loop
      vertex -12.2629 -3.0488 4
      vertex -6.5 -12 4
      vertex -11.8541 -3.18755 4
    endloop
  endfacet
  facet normal 0 0 1
    outer loop
      vertex -12.65 -2.85788 4
      vertex -6.5 -12 4
      vertex -12.2629 -3.0488 4
    endloop
  endfacet
  facet normal 0 0 1
    outer loop
      vertex -25.35 -2.85788 4
      vertex -12.65 -2.85788 4
      vertex -13.0089 -2.61807 4
    endloop
  endfacet
  facet normal 0 0 1
    outer loop
      vertex -24.9911 -2.61807 4
      vertex -13.0089 -2.61807 4
      vertex -13.3335 -2.33345 4
    endloop
  endfacet
  facet normal 0 0 1
    outer loop
      vertex -24.6665 -2.33345 4
      vertex -13.3335 -2.33345 4
      vertex -13.6181 -2.00891 4
    endloop
  endfacet
  facet normal -0 0 1
    outer loop
      vertex -23.7 0 4
      vertex -14.2718 -0.430736 4
      vertex -14.3 0 4
    endloop
  endfacet
  facet normal 0 0 1
    outer loop
      vertex -23.7282 -0.430736 4
      vertex -14.2718 -0.430736 4
      vertex -23.7 0 4
    endloop
  endfacet
  facet normal 0 0 1
    outer loop
      vertex -14.2718 -0.430736 4
      vertex -23.7282 -0.430736 4
      vertex -14.1876 -0.854102 4
    endloop
  endfacet
  facet normal 0 0 1
    outer loop
      vertex -23.8124 -0.854102 4
      vertex -14.1876 -0.854102 4
      vertex -23.7282 -0.430736 4
    endloop
  endfacet
  facet normal 0 0 1
    outer loop
      vertex -14.1876 -0.854102 4
      vertex -23.8124 -0.854102 4
      vertex -14.0488 -1.26285 4
    endloop
  endfacet
  facet normal 0 0 1
    outer loop
      vertex -23.9512 -1.26285 4
      vertex -14.0488 -1.26285 4
      vertex -23.8124 -0.854102 4
    endloop
  endfacet
  facet normal 0 0 1
    outer loop
      vertex -14.0488 -1.26285 4
      vertex -23.9512 -1.26285 4
      vertex -13.8579 -1.65 4
    endloop
  endfacet
  facet normal 0 0 1
    outer loop
      vertex -24.1421 -1.65 4
      vertex -13.8579 -1.65 4
      vertex -23.9512 -1.26285 4
    endloop
  endfacet
  facet normal 0 0 1
    outer loop
      vertex -13.8579 -1.65 4
      vertex -24.1421 -1.65 4
      vertex -13.6181 -2.00891 4
    endloop
  endfacet
  facet normal 0 0 1
    outer loop
      vertex -24.3819 -2.00891 4
      vertex -13.6181 -2.00891 4
      vertex -24.1421 -1.65 4
    endloop
  endfacet
  facet normal 0 0 1
    outer loop
      vertex -24.6665 -2.33345 4
      vertex -13.6181 -2.00891 4
      vertex -24.3819 -2.00891 4
    endloop
  endfacet
  facet normal 0 0 1
    outer loop
      vertex -13.3335 -2.33345 4
      vertex -24.6665 -2.33345 4
      vertex -24.9911 -2.61807 4
    endloop
  endfacet
  facet normal 0 0 1
    outer loop
      vertex -13.0089 -2.61807 4
      vertex -24.9911 -2.61807 4
      vertex -25.35 -2.85788 4
    endloop
  endfacet
  facet normal 0 0 1
    outer loop
      vertex -12.65 -2.85788 4
      vertex -25.35 -2.85788 4
      vertex -6.5 -12 4
    endloop
  endfacet
  facet normal -0 0 1
    outer loop
      vertex -25.7371 -3.0488 4
      vertex -6.5 -12 4
      vertex -25.35 -2.85788 4
    endloop
  endfacet
  facet normal 0 0 1
    outer loop
      vertex -34 -15 4
      vertex -25.7371 -3.0488 4
      vertex -26.1459 -3.18755 4
    endloop
  endfacet
  facet normal 0 0 1
    outer loop
      vertex -34 -15 4
      vertex -26.1459 -3.18755 4
      vertex -26.5693 -3.27177 4
    endloop
  endfacet
  facet normal 0 0 1
    outer loop
      vertex -34 -15 4
      vertex -26.5693 -3.27177 4
      vertex -27 -3.3 4
    endloop
  endfacet
  facet normal 0 0 1
    outer loop
      vertex -34 -15 4
      vertex -27 -3.3 4
      vertex -27.4307 -3.27177 4
    endloop
  endfacet
  facet normal 0 0 1
    outer loop
      vertex -34 -15 4
      vertex -27.4307 -3.27177 4
      vertex -27.8541 -3.18755 4
    endloop
  endfacet
  facet normal 0 0 1
    outer loop
      vertex -34 -15 4
      vertex -27.8541 -3.18755 4
      vertex -28.2629 -3.0488 4
    endloop
  endfacet
  facet normal 0 0 1
    outer loop
      vertex -34 -15 4
      vertex -30.3 0 4
      vertex -34 15 4
    endloop
  endfacet
  facet normal 0 0 1
    outer loop
      vertex -30.3 0 4
      vertex -34 -15 4
      vertex -30.2718 -0.430736 4
    endloop
  endfacet
  facet normal 0 0 1
    outer loop
      vertex -6.5 -12 4
      vertex -34 -15 4
      vertex 5 -15 4
    endloop
  endfacet
  facet normal 0 0 1
    outer loop
      vertex -25.7371 -3.0488 4
      vertex -34 -15 4
      vertex -6.5 -12 4
    endloop
  endfacet
  facet normal 0 0 1
    outer loop
      vertex -28.65 -2.85788 4
      vertex -34 -15 4
      vertex -28.2629 -3.0488 4
    endloop
  endfacet
  facet normal 0 0 1
    outer loop
      vertex -29.0089 -2.61807 4
      vertex -34 -15 4
      vertex -28.65 -2.85788 4
    endloop
  endfacet
  facet normal 0 0 1
    outer loop
      vertex -29.3335 -2.33345 4
      vertex -34 -15 4
      vertex -29.0089 -2.61807 4
    endloop
  endfacet
  facet normal 0 0 1
    outer loop
      vertex -29.6181 -2.00891 4
      vertex -34 -15 4
      vertex -29.3335 -2.33345 4
    endloop
  endfacet
  facet normal 0 0 1
    outer loop
      vertex -29.8579 -1.65 4
      vertex -34 -15 4
      vertex -29.6181 -2.00891 4
    endloop
  endfacet
  facet normal 0 0 1
    outer loop
      vertex -30.0488 -1.26285 4
      vertex -34 -15 4
      vertex -29.8579 -1.65 4
    endloop
  endfacet
  facet normal 0 0 1
    outer loop
      vertex -30.1876 -0.854102 4
      vertex -34 -15 4
      vertex -30.0488 -1.26285 4
    endloop
  endfacet
  facet normal 0 0 1
    outer loop
      vertex -30.2718 -0.430736 4
      vertex -34 -15 4
      vertex -30.1876 -0.854102 4
    endloop
  endfacet
  facet normal 0 0 -1
    outer loop
      vertex 5 -15 0
      vertex -9.3 0 0
      vertex 5 15 0
    endloop
  endfacet
  facet normal 0 0 -1
    outer loop
      vertex 5 -15 0
      vertex -9.31454 -0.221894 0
      vertex -9.3 0 0
    endloop
  endfacet
  facet normal 0 0 -1
    outer loop
      vertex 5 -15 0
      vertex -9.35793 -0.439992 0
      vertex -9.31454 -0.221894 0
    endloop
  endfacet
  facet normal 0 0 -1
    outer loop
      vertex 5 -15 0
      vertex -9.42941 -0.650561 0
      vertex -9.35793 -0.439992 0
    endloop
  endfacet
  facet normal 0 0 -1
    outer loop
      vertex 5 -15 0
      vertex -9.52776 -0.849999 0
      vertex -9.42941 -0.650561 0
    endloop
  endfacet
  facet normal 0 0 -1
    outer loop
      vertex 5 -15 0
      vertex -9.6513 -1.03489 0
      vertex -9.52776 -0.849999 0
    endloop
  endfacet
  facet normal 0 0 -1
    outer loop
      vertex 5 -15 0
      vertex -9.79792 -1.20208 0
      vertex -9.6513 -1.03489 0
    endloop
  endfacet
  facet normal 0 0 -1
    outer loop
      vertex 5 -15 0
      vertex -9.96511 -1.3487 0
      vertex -9.79792 -1.20208 0
    endloop
  endfacet
  facet normal 0 0 -1
    outer loop
      vertex 5 -15 0
      vertex -10.15 -1.47224 0
      vertex -9.96511 -1.3487 0
    endloop
  endfacet
  facet normal 0 0 -1
    outer loop
      vertex 5 -15 0
      vertex -10.3494 -1.57059 0
      vertex -10.15 -1.47224 0
    endloop
  endfacet
  facet normal 0 0 -1
    outer loop
      vertex 5 -15 0
      vertex -10.56 -1.64207 0
      vertex -10.3494 -1.57059 0
    endloop
  endfacet
  facet normal 0 0 -1
    outer loop
      vertex 5 -15 0
      vertex -10.7781 -1.68546 0
      vertex -10.56 -1.64207 0
    endloop
  endfacet
  facet normal 0 0 -1
    outer loop
      vertex 5 -15 0
      vertex -11 -1.7 0
      vertex -10.7781 -1.68546 0
    endloop
  endfacet
  facet normal 0 0 -1
    outer loop
      vertex 5 -15 0
      vertex -11.2219 -1.68546 0
      vertex -11 -1.7 0
    endloop
  endfacet
  facet normal 0 0 -1
    outer loop
      vertex -34 -15 0
      vertex -11.2219 -1.68546 0
      vertex 5 -15 0
    endloop
  endfacet
  facet normal -0 0 -1
    outer loop
      vertex -11.2219 -1.68546 0
      vertex -34 -15 0
      vertex -11.44 -1.64207 0
    endloop
  endfacet
  facet normal -0 0 -1
    outer loop
      vertex -11.44 -1.64207 0
      vertex -34 -15 0
      vertex -11.6506 -1.57059 0
    endloop
  endfacet
  facet normal -0 0 -1
    outer loop
      vertex -11.6506 -1.57059 0
      vertex -34 -15 0
      vertex -11.85 -1.47224 0
    endloop
  endfacet
  facet normal 0 0 -1
    outer loop
      vertex -12.6855 -0.221894 0
      vertex -25.3 0 0
      vertex -12.7 0 0
    endloop
  endfacet
  facet normal 0 0 -1
    outer loop
      vertex -25.3145 -0.221894 0
      vertex -12.6855 -0.221894 0
      vertex -12.6421 -0.439992 0
    endloop
  endfacet
  facet normal 0 0 -1
    outer loop
      vertex -25.3579 -0.439992 0
      vertex -12.6421 -0.439992 0
      vertex -12.5706 -0.650561 0
    endloop
  endfacet
  facet normal 0 0 -1
    outer loop
      vertex -25.4294 -0.650561 0
      vertex -12.5706 -0.650561 0
      vertex -12.4722 -0.849999 0
    endloop
  endfacet
  facet normal 0 0 -1
    outer loop
      vertex -25.5278 -0.849999 0
      vertex -12.4722 -0.849999 0
      vertex -12.3487 -1.03489 0
    endloop
  endfacet
  facet normal 0 0 -1
    outer loop
      vertex -25.6513 -1.03489 0
      vertex -12.3487 -1.03489 0
      vertex -12.2021 -1.20208 0
    endloop
  endfacet
  facet normal 0 0 -1
    outer loop
      vertex -25.7979 -1.20208 0
      vertex -12.2021 -1.20208 0
      vertex -12.0349 -1.3487 0
    endloop
  endfacet
  facet normal 0 -0 -1
    outer loop
      vertex -26.15 -1.47224 0
      vertex -11.85 -1.47224 0
      vertex -34 -15 0
    endloop
  endfacet
  facet normal 0 0 -1
    outer loop
      vertex -12.6855 -0.221894 0
      vertex -25.3145 -0.221894 0
      vertex -25.3 0 0
    endloop
  endfacet
  facet normal 0 0 -1
    outer loop
      vertex -12.6421 -0.439992 0
      vertex -25.3579 -0.439992 0
      vertex -25.3145 -0.221894 0
    endloop
  endfacet
  facet normal 0 0 -1
    outer loop
      vertex -12.5706 -0.650561 0
      vertex -25.4294 -0.650561 0
      vertex -25.3579 -0.439992 0
    endloop
  endfacet
  facet normal 0 0 -1
    outer loop
      vertex -12.4722 -0.849999 0
      vertex -25.5278 -0.849999 0
      vertex -25.4294 -0.650561 0
    endloop
  endfacet
  facet normal 0 0 -1
    outer loop
      vertex -12.3487 -1.03489 0
      vertex -25.6513 -1.03489 0
      vertex -25.5278 -0.849999 0
    endloop
  endfacet
  facet normal 0 0 -1
    outer loop
      vertex -12.2021 -1.20208 0
      vertex -25.7979 -1.20208 0
      vertex -25.6513 -1.03489 0
    endloop
  endfacet
  facet normal 0 0 -1
    outer loop
      vertex -12.0349 -1.3487 0
      vertex -25.9651 -1.3487 0
      vertex -25.7979 -1.20208 0
    endloop
  endfacet
  facet normal 0 0 -1
    outer loop
      vertex -11.85 -1.47224 0
      vertex -26.15 -1.47224 0
      vertex -12.0349 -1.3487 0
    endloop
  endfacet
  facet normal -0 0 -1
    outer loop
      vertex -12.0349 -1.3487 0
      vertex -26.15 -1.47224 0
      vertex -25.9651 -1.3487 0
    endloop
  endfacet
  facet normal 0 0 -1
    outer loop
      vertex -26.15 -1.47224 0
      vertex -34 -15 0
      vertex -26.3494 -1.57059 0
    endloop
  endfacet
  facet normal 0 0 -1
    outer loop
      vertex -26.3494 -1.57059 0
      vertex -34 -15 0
      vertex -26.56 -1.64207 0
    endloop
  endfacet
  facet normal 0 0 -1
    outer loop
      vertex -26.56 -1.64207 0
      vertex -34 -15 0
      vertex -26.7781 -1.68546 0
    endloop
  endfacet
  facet normal 0 0 -1
    outer loop
      vertex -26.7781 -1.68546 0
      vertex -34 -15 0
      vertex -27 -1.7 0
    endloop
  endfacet
  facet normal -0 0 -1
    outer loop
      vertex -27 -1.7 0
      vertex -34 -15 0
      vertex -27.2219 -1.68546 0
    endloop
  endfacet
  facet normal -0 0 -1
    outer loop
      vertex -27.2219 -1.68546 0
      vertex -34 -15 0
      vertex -27.44 -1.64207 0
    endloop
  endfacet
  facet normal -0 0 -1
    outer loop
      vertex -28.6855 -0.221894 0
      vertex -34 -15 0
      vertex -28.7 0 0
    endloop
  endfacet
  facet normal -0 0 -1
    outer loop
      vertex -28.6421 -0.439992 0
      vertex -34 -15 0
      vertex -28.6855 -0.221894 0
    endloop
  endfacet
  facet normal -0 0 -1
    outer loop
      vertex -28.5706 -0.650561 0
      vertex -34 -15 0
      vertex -28.6421 -0.439992 0
    endloop
  endfacet
  facet normal -0 0 -1
    outer loop
      vertex -28.4722 -0.849999 0
      vertex -34 -15 0
      vertex -28.5706 -0.650561 0
    endloop
  endfacet
  facet normal -0 0 -1
    outer loop
      vertex -28.3487 -1.03489 0
      vertex -34 -15 0
      vertex -28.4722 -0.849999 0
    endloop
  endfacet
  facet normal -0 0 -1
    outer loop
      vertex -28.2021 -1.20208 0
      vertex -34 -15 0
      vertex -28.3487 -1.03489 0
    endloop
  endfacet
  facet normal -0 0 -1
    outer loop
      vertex -28.0349 -1.3487 0
      vertex -34 -15 0
      vertex -28.2021 -1.20208 0
    endloop
  endfacet
  facet normal -0 0 -1
    outer loop
      vertex -27.85 -1.47224 0
      vertex -34 -15 0
      vertex -28.0349 -1.3487 0
    endloop
  endfacet
  facet normal -0 0 -1
    outer loop
      vertex -27.6506 -1.57059 0
      vertex -34 -15 0
      vertex -27.85 -1.47224 0
    endloop
  endfacet
  facet normal -0 0 -1
    outer loop
      vertex -27.44 -1.64207 0
      vertex -34 -15 0
      vertex -27.6506 -1.57059 0
    endloop
  endfacet
  facet normal 0 0 -1
    outer loop
      vertex -9.31454 0.221894 0
      vertex 5 15 0
      vertex -9.3 0 0
    endloop
  endfacet
  facet normal 0 0 -1
    outer loop
      vertex -9.35793 0.439992 0
      vertex 5 15 0
      vertex -9.31454 0.221894 0
    endloop
  endfacet
  facet normal 0 0 -1
    outer loop
      vertex -9.42941 0.650561 0
      vertex 5 15 0
      vertex -9.35793 0.439992 0
    endloop
  endfacet
  facet normal 0 0 -1
    outer loop
      vertex -9.52776 0.849999 0
      vertex 5 15 0
      vertex -9.42941 0.650561 0
    endloop
  endfacet
  facet normal 0 0 -1
    outer loop
      vertex -9.6513 1.03489 0
      vertex 5 15 0
      vertex -9.52776 0.849999 0
    endloop
  endfacet
  facet normal 0 0 -1
    outer loop
      vertex -9.79792 1.20208 0
      vertex 5 15 0
      vertex -9.6513 1.03489 0
    endloop
  endfacet
  facet normal 0 0 -1
    outer loop
      vertex -9.96511 1.3487 0
      vertex 5 15 0
      vertex -9.79792 1.20208 0
    endloop
  endfacet
  facet normal 0 0 -1
    outer loop
      vertex -10.15 1.47224 0
      vertex 5 15 0
      vertex -9.96511 1.3487 0
    endloop
  endfacet
  facet normal 0 0 -1
    outer loop
      vertex -10.3494 1.57059 0
      vertex 5 15 0
      vertex -10.15 1.47224 0
    endloop
  endfacet
  facet normal 0 0 -1
    outer loop
      vertex -10.56 1.64207 0
      vertex 5 15 0
      vertex -10.3494 1.57059 0
    endloop
  endfacet
  facet normal 0 0 -1
    outer loop
      vertex -10.7781 1.68546 0
      vertex 5 15 0
      vertex -10.56 1.64207 0
    endloop
  endfacet
  facet normal 0 0 -1
    outer loop
      vertex -11 1.7 0
      vertex 5 15 0
      vertex -10.7781 1.68546 0
    endloop
  endfacet
  facet normal 0 0 -1
    outer loop
      vertex -11.2219 1.68546 0
      vertex 5 15 0
      vertex -11 1.7 0
    endloop
  endfacet
  facet normal 0 0 -1
    outer loop
      vertex -34 15 0
      vertex -11.2219 1.68546 0
      vertex -11.44 1.64207 0
    endloop
  endfacet
  facet normal 0 0 -1
    outer loop
      vertex -34 15 0
      vertex -11.44 1.64207 0
      vertex -11.6506 1.57059 0
    endloop
  endfacet
  facet normal 0 0 -1
    outer loop
      vertex -34 15 0
      vertex -11.6506 1.57059 0
      vertex -11.85 1.47224 0
    endloop
  endfacet
  facet normal 0 0 -1
    outer loop
      vertex -26.15 1.47224 0
      vertex -11.85 1.47224 0
      vertex -12.0349 1.3487 0
    endloop
  endfacet
  facet normal 0 0 -1
    outer loop
      vertex -25.3 0 0
      vertex -12.6855 0.221894 0
      vertex -12.7 0 0
    endloop
  endfacet
  facet normal 0 0 -1
    outer loop
      vertex -25.3145 0.221894 0
      vertex -12.6855 0.221894 0
      vertex -25.3 0 0
    endloop
  endfacet
  facet normal 0 0 -1
    outer loop
      vertex -12.6855 0.221894 0
      vertex -25.3145 0.221894 0
      vertex -12.6421 0.439992 0
    endloop
  endfacet
  facet normal 0 0 -1
    outer loop
      vertex -25.3579 0.439992 0
      vertex -12.6421 0.439992 0
      vertex -25.3145 0.221894 0
    endloop
  endfacet
  facet normal 0 0 -1
    outer loop
      vertex -12.6421 0.439992 0
      vertex -25.3579 0.439992 0
      vertex -12.5706 0.650561 0
    endloop
  endfacet
  facet normal 0 0 -1
    outer loop
      vertex -25.4294 0.650561 0
      vertex -12.5706 0.650561 0
      vertex -25.3579 0.439992 0
    endloop
  endfacet
  facet normal 0 0 -1
    outer loop
      vertex -12.5706 0.650561 0
      vertex -25.4294 0.650561 0
      vertex -12.4722 0.849999 0
    endloop
  endfacet
  facet normal 0 0 -1
    outer loop
      vertex -25.5278 0.849999 0
      vertex -12.4722 0.849999 0
      vertex -25.4294 0.650561 0
    endloop
  endfacet
  facet normal 0 0 -1
    outer loop
      vertex -12.4722 0.849999 0
      vertex -25.5278 0.849999 0
      vertex -12.3487 1.03489 0
    endloop
  endfacet
  facet normal 0 0 -1
    outer loop
      vertex -25.6513 1.03489 0
      vertex -12.3487 1.03489 0
      vertex -25.5278 0.849999 0
    endloop
  endfacet
  facet normal 0 0 -1
    outer loop
      vertex -12.3487 1.03489 0
      vertex -25.6513 1.03489 0
      vertex -12.2021 1.20208 0
    endloop
  endfacet
  facet normal 0 0 -1
    outer loop
      vertex -25.7979 1.20208 0
      vertex -12.2021 1.20208 0
      vertex -25.6513 1.03489 0
    endloop
  endfacet
  facet normal 0 0 -1
    outer loop
      vertex -12.2021 1.20208 0
      vertex -25.7979 1.20208 0
      vertex -12.0349 1.3487 0
    endloop
  endfacet
  facet normal 0 0 -1
    outer loop
      vertex -25.9651 1.3487 0
      vertex -12.0349 1.3487 0
      vertex -25.7979 1.20208 0
    endloop
  endfacet
  facet normal 0 0 -1
    outer loop
      vertex -26.15 1.47224 0
      vertex -12.0349 1.3487 0
      vertex -25.9651 1.3487 0
    endloop
  endfacet
  facet normal 0 0 -1
    outer loop
      vertex -11.85 1.47224 0
      vertex -26.15 1.47224 0
      vertex -34 15 0
    endloop
  endfacet
  facet normal 0 0 -1
    outer loop
      vertex -34 15 0
      vertex -26.15 1.47224 0
      vertex -26.3494 1.57059 0
    endloop
  endfacet
  facet normal 0 0 -1
    outer loop
      vertex -34 15 0
      vertex -26.3494 1.57059 0
      vertex -26.56 1.64207 0
    endloop
  endfacet
  facet normal 0 0 -1
    outer loop
      vertex -34 15 0
      vertex -26.56 1.64207 0
      vertex -26.7781 1.68546 0
    endloop
  endfacet
  facet normal 0 0 -1
    outer loop
      vertex -34 15 0
      vertex -26.7781 1.68546 0
      vertex -27 1.7 0
    endloop
  endfacet
  facet normal 0 0 -1
    outer loop
      vertex -34 15 0
      vertex -27 1.7 0
      vertex -27.2219 1.68546 0
    endloop
  endfacet
  facet normal 0 0 -1
    outer loop
      vertex -34 15 0
      vertex -27.2219 1.68546 0
      vertex -27.44 1.64207 0
    endloop
  endfacet
  facet normal 0 0 -1
    outer loop
      vertex -34 15 0
      vertex -27.44 1.64207 0
      vertex -27.6506 1.57059 0
    endloop
  endfacet
  facet normal 0 0 -1
    outer loop
      vertex -34 15 0
      vertex -28.7 0 0
      vertex -34 -15 0
    endloop
  endfacet
  facet normal 0 0 -1
    outer loop
      vertex -28.7 0 0
      vertex -34 15 0
      vertex -28.6855 0.221894 0
    endloop
  endfacet
  facet normal 0 0 -1
    outer loop
      vertex -28.6855 0.221894 0
      vertex -34 15 0
      vertex -28.6421 0.439992 0
    endloop
  endfacet
  facet normal 0 0 -1
    outer loop
      vertex -11.2219 1.68546 0
      vertex -34 15 0
      vertex 5 15 0
    endloop
  endfacet
  facet normal 0 0 -1
    outer loop
      vertex -27.85 1.47224 0
      vertex -34 15 0
      vertex -27.6506 1.57059 0
    endloop
  endfacet
  facet normal 0 0 -1
    outer loop
      vertex -28.0349 1.3487 0
      vertex -34 15 0
      vertex -27.85 1.47224 0
    endloop
  endfacet
  facet normal 0 0 -1
    outer loop
      vertex -28.2021 1.20208 0
      vertex -34 15 0
      vertex -28.0349 1.3487 0
    endloop
  endfacet
  facet normal 0 0 -1
    outer loop
      vertex -28.3487 1.03489 0
      vertex -34 15 0
      vertex -28.2021 1.20208 0
    endloop
  endfacet
  facet normal 0 0 -1
    outer loop
      vertex -28.4722 0.849999 0
      vertex -34 15 0
      vertex -28.3487 1.03489 0
    endloop
  endfacet
  facet normal 0 0 -1
    outer loop
      vertex -28.5706 0.650561 0
      vertex -34 15 0
      vertex -28.4722 0.849999 0
    endloop
  endfacet
  facet normal 0 0 -1
    outer loop
      vertex -28.6421 0.439992 0
      vertex -34 15 0
      vertex -28.5706 0.650561 0
    endloop
  endfacet
  facet normal -1 0 0
    outer loop
      vertex -34 -15 0
      vertex -34 15 4
      vertex -34 15 0
    endloop
  endfacet
  facet normal -1 -0 0
    outer loop
      vertex -34 15 4
      vertex -34 -15 0
      vertex -34 -15 4
    endloop
  endfacet
  facet normal 0 1 -0
    outer loop
      vertex 5 15 0
      vertex -34 15 4
      vertex 5 15 4
    endloop
  endfacet
  facet normal 0 1 0
    outer loop
      vertex -34 15 4
      vertex 5 15 0
      vertex -34 15 0
    endloop
  endfacet
  facet normal 0 -1 0
    outer loop
      vertex -34 -15 0
      vertex 5 -15 4
      vertex -34 -15 4
    endloop
  endfacet
  facet normal 0 -1 -0
    outer loop
      vertex 5 -15 4
      vertex -34 -15 0
      vertex 5 -15 0
    endloop
  endfacet
  facet normal -0.980779 -0.195123 0
    outer loop
      vertex -9.31454 0.221894 0
      vertex -9.35793 0.439992 2.4
      vertex -9.35793 0.439992 0
    endloop
  endfacet
  facet normal -0.980779 -0.195123 0
    outer loop
      vertex -9.35793 0.439992 2.4
      vertex -9.31454 0.221894 0
      vertex -9.31454 0.221894 2.4
    endloop
  endfacet
  facet normal -0.99786 -0.0653866 0
    outer loop
      vertex -9.3 0 0
      vertex -9.31454 0.221894 2.4
      vertex -9.31454 0.221894 0
    endloop
  endfacet
  facet normal -0.99786 -0.0653866 0
    outer loop
      vertex -9.31454 0.221894 2.4
      vertex -9.3 0 0
      vertex -9.3 0 2.4
    endloop
  endfacet
  facet normal -0.0653848 0.99786 0
    outer loop
      vertex -10.7781 -1.68546 0
      vertex -11 -1.7 2.4
      vertex -10.7781 -1.68546 2.4
    endloop
  endfacet
  facet normal -0.0653848 0.99786 0
    outer loop
      vertex -11 -1.7 2.4
      vertex -10.7781 -1.68546 0
      vertex -11 -1.7 0
    endloop
  endfacet
  facet normal 0.659319 -0.751863 0
    outer loop
      vertex -12.2021 1.20208 0
      vertex -12.0349 1.3487 2.4
      vertex -12.2021 1.20208 2.4
    endloop
  endfacet
  facet normal 0.659319 -0.751863 0
    outer loop
      vertex -12.0349 1.3487 2.4
      vertex -12.2021 1.20208 0
      vertex -12.0349 1.3487 0
    endloop
  endfacet
  facet normal 0.831553 0.555445 0
    outer loop
      vertex -12.3487 -1.03489 2.4
      vertex -12.4722 -0.849999 0
      vertex -12.4722 -0.849999 2.4
    endloop
  endfacet
  facet normal 0.831553 0.555445 0
    outer loop
      vertex -12.4722 -0.849999 0
      vertex -12.3487 -1.03489 2.4
      vertex -12.3487 -1.03489 0
    endloop
  endfacet
  facet normal 0.195122 0.980779 -0
    outer loop
      vertex -11.2219 -1.68546 0
      vertex -11.44 -1.64207 2.4
      vertex -11.2219 -1.68546 2.4
    endloop
  endfacet
  facet normal 0.195122 0.980779 0
    outer loop
      vertex -11.44 -1.64207 2.4
      vertex -11.2219 -1.68546 0
      vertex -11.44 -1.64207 0
    endloop
  endfacet
  facet normal -0.659342 -0.751844 0
    outer loop
      vertex -9.96511 1.3487 0
      vertex -9.79792 1.20208 2.4
      vertex -9.96511 1.3487 2.4
    endloop
  endfacet
  facet normal -0.659342 -0.751844 -0
    outer loop
      vertex -9.79792 1.20208 2.4
      vertex -9.96511 1.3487 0
      vertex -9.79792 1.20208 0
    endloop
  endfacet
  facet normal -0.946928 0.321445 0
    outer loop
      vertex -9.42941 -0.650561 0
      vertex -9.35793 -0.439992 2.4
      vertex -9.35793 -0.439992 0
    endloop
  endfacet
  facet normal -0.946928 0.321445 0
    outer loop
      vertex -9.35793 -0.439992 2.4
      vertex -9.42941 -0.650561 0
      vertex -9.42941 -0.650561 2.4
    endloop
  endfacet
  facet normal -0.751844 0.659342 0
    outer loop
      vertex -9.79792 -1.20208 0
      vertex -9.6513 -1.03489 2.4
      vertex -9.6513 -1.03489 0
    endloop
  endfacet
  facet normal -0.751844 0.659342 0
    outer loop
      vertex -9.6513 -1.03489 2.4
      vertex -9.79792 -1.20208 0
      vertex -9.79792 -1.20208 2.4
    endloop
  endfacet
  facet normal -0.751844 -0.659342 0
    outer loop
      vertex -9.6513 1.03489 0
      vertex -9.79792 1.20208 2.4
      vertex -9.79792 1.20208 0
    endloop
  endfacet
  facet normal -0.751844 -0.659342 0
    outer loop
      vertex -9.79792 1.20208 2.4
      vertex -9.6513 1.03489 0
      vertex -9.6513 1.03489 2.4
    endloop
  endfacet
  facet normal 0.946901 0.321526 0
    outer loop
      vertex -12.5706 -0.650561 2.4
      vertex -12.6421 -0.439992 0
      vertex -12.6421 -0.439992 2.4
    endloop
  endfacet
  facet normal 0.946901 0.321526 0
    outer loop
      vertex -12.6421 -0.439992 0
      vertex -12.5706 -0.650561 2.4
      vertex -12.5706 -0.650561 0
    endloop
  endfacet
  facet normal -0.321403 0.946943 0
    outer loop
      vertex -10.3494 -1.57059 0
      vertex -10.56 -1.64207 2.4
      vertex -10.3494 -1.57059 2.4
    endloop
  endfacet
  facet normal -0.321403 0.946943 0
    outer loop
      vertex -10.56 -1.64207 2.4
      vertex -10.3494 -1.57059 0
      vertex -10.56 -1.64207 0
    endloop
  endfacet
  facet normal 0.0653848 0.99786 -0
    outer loop
      vertex -11 -1.7 0
      vertex -11.2219 -1.68546 2.4
      vertex -11 -1.7 2.4
    endloop
  endfacet
  facet normal 0.0653848 0.99786 0
    outer loop
      vertex -11.2219 -1.68546 2.4
      vertex -11 -1.7 0
      vertex -11.2219 -1.68546 0
    endloop
  endfacet
  facet normal 0.321403 -0.946943 0
    outer loop
      vertex -11.6506 1.57059 0
      vertex -11.44 1.64207 2.4
      vertex -11.6506 1.57059 2.4
    endloop
  endfacet
  facet normal 0.321403 -0.946943 0
    outer loop
      vertex -11.44 1.64207 2.4
      vertex -11.6506 1.57059 0
      vertex -11.44 1.64207 0
    endloop
  endfacet
  facet normal 0.751888 -0.659291 0
    outer loop
      vertex -12.3487 1.03489 2.4
      vertex -12.2021 1.20208 0
      vertex -12.2021 1.20208 2.4
    endloop
  endfacet
  facet normal 0.751888 -0.659291 0
    outer loop
      vertex -12.2021 1.20208 0
      vertex -12.3487 1.03489 2.4
      vertex -12.3487 1.03489 0
    endloop
  endfacet
  facet normal 0.442349 0.896843 -0
    outer loop
      vertex -11.6506 -1.57059 0
      vertex -11.85 -1.47224 2.4
      vertex -11.6506 -1.57059 2.4
    endloop
  endfacet
  facet normal 0.442349 0.896843 0
    outer loop
      vertex -11.85 -1.47224 2.4
      vertex -11.6506 -1.57059 0
      vertex -11.85 -1.47224 0
    endloop
  endfacet
  facet normal 0.0653848 -0.99786 0
    outer loop
      vertex -11.2219 1.68546 0
      vertex -11 1.7 2.4
      vertex -11.2219 1.68546 2.4
    endloop
  endfacet
  facet normal 0.0653848 -0.99786 0
    outer loop
      vertex -11 1.7 2.4
      vertex -11.2219 1.68546 0
      vertex -11 1.7 0
    endloop
  endfacet
  facet normal -0.896876 0.442282 0
    outer loop
      vertex -9.52776 -0.849999 0
      vertex -9.42941 -0.650561 2.4
      vertex -9.42941 -0.650561 0
    endloop
  endfacet
  facet normal -0.896876 0.442282 0
    outer loop
      vertex -9.42941 -0.650561 2.4
      vertex -9.52776 -0.849999 0
      vertex -9.52776 -0.849999 2.4
    endloop
  endfacet
  facet normal -0.555572 0.831469 0
    outer loop
      vertex -9.96511 -1.3487 0
      vertex -10.15 -1.47224 2.4
      vertex -9.96511 -1.3487 2.4
    endloop
  endfacet
  facet normal -0.555572 0.831469 0
    outer loop
      vertex -10.15 -1.47224 2.4
      vertex -9.96511 -1.3487 0
      vertex -10.15 -1.47224 0
    endloop
  endfacet
  facet normal 0.98077 0.195167 0
    outer loop
      vertex -12.6421 -0.439992 2.4
      vertex -12.6855 -0.221894 0
      vertex -12.6855 -0.221894 2.4
    endloop
  endfacet
  facet normal 0.98077 0.195167 0
    outer loop
      vertex -12.6855 -0.221894 0
      vertex -12.6421 -0.439992 2.4
      vertex -12.6421 -0.439992 0
    endloop
  endfacet
  facet normal 0.751888 0.659291 0
    outer loop
      vertex -12.2021 -1.20208 2.4
      vertex -12.3487 -1.03489 0
      vertex -12.3487 -1.03489 2.4
    endloop
  endfacet
  facet normal 0.751888 0.659291 0
    outer loop
      vertex -12.3487 -1.03489 0
      vertex -12.2021 -1.20208 2.4
      vertex -12.2021 -1.20208 0
    endloop
  endfacet
  facet normal -0.195122 -0.980779 0
    outer loop
      vertex -10.7781 1.68546 0
      vertex -10.56 1.64207 2.4
      vertex -10.7781 1.68546 2.4
    endloop
  endfacet
  facet normal -0.195122 -0.980779 -0
    outer loop
      vertex -10.56 1.64207 2.4
      vertex -10.7781 1.68546 0
      vertex -10.56 1.64207 0
    endloop
  endfacet
  facet normal -0.83147 -0.55557 0
    outer loop
      vertex -9.52776 0.849999 0
      vertex -9.6513 1.03489 2.4
      vertex -9.6513 1.03489 0
    endloop
  endfacet
  facet normal -0.83147 -0.55557 0
    outer loop
      vertex -9.6513 1.03489 2.4
      vertex -9.52776 0.849999 0
      vertex -9.52776 0.849999 2.4
    endloop
  endfacet
  facet normal -0.99786 0.0653866 0
    outer loop
      vertex -9.31454 -0.221894 0
      vertex -9.3 0 2.4
      vertex -9.3 0 0
    endloop
  endfacet
  facet normal -0.99786 0.0653866 0
    outer loop
      vertex -9.3 0 2.4
      vertex -9.31454 -0.221894 0
      vertex -9.31454 -0.221894 2.4
    endloop
  endfacet
  facet normal -0.321403 -0.946943 0
    outer loop
      vertex -10.56 1.64207 0
      vertex -10.3494 1.57059 2.4
      vertex -10.56 1.64207 2.4
    endloop
  endfacet
  facet normal -0.321403 -0.946943 -0
    outer loop
      vertex -10.3494 1.57059 2.4
      vertex -10.56 1.64207 0
      vertex -10.3494 1.57059 0
    endloop
  endfacet
  facet normal -0.555572 -0.831469 0
    outer loop
      vertex -10.15 1.47224 0
      vertex -9.96511 1.3487 2.4
      vertex -10.15 1.47224 2.4
    endloop
  endfacet
  facet normal -0.555572 -0.831469 -0
    outer loop
      vertex -9.96511 1.3487 2.4
      vertex -10.15 1.47224 0
      vertex -9.96511 1.3487 0
    endloop
  endfacet
  facet normal 0.195122 -0.980779 0
    outer loop
      vertex -11.44 1.64207 0
      vertex -11.2219 1.68546 2.4
      vertex -11.44 1.64207 2.4
    endloop
  endfacet
  facet normal 0.195122 -0.980779 0
    outer loop
      vertex -11.2219 1.68546 2.4
      vertex -11.44 1.64207 0
      vertex -11.2219 1.68546 0
    endloop
  endfacet
  facet normal -0.659342 0.751844 0
    outer loop
      vertex -9.79792 -1.20208 0
      vertex -9.96511 -1.3487 2.4
      vertex -9.79792 -1.20208 2.4
    endloop
  endfacet
  facet normal -0.659342 0.751844 0
    outer loop
      vertex -9.96511 -1.3487 2.4
      vertex -9.79792 -1.20208 0
      vertex -9.96511 -1.3487 0
    endloop
  endfacet
  facet normal 0.896787 -0.442463 0
    outer loop
      vertex -12.5706 0.650561 2.4
      vertex -12.4722 0.849999 0
      vertex -12.4722 0.849999 2.4
    endloop
  endfacet
  facet normal 0.896787 -0.442463 0
    outer loop
      vertex -12.4722 0.849999 0
      vertex -12.5706 0.650561 2.4
      vertex -12.5706 0.650561 0
    endloop
  endfacet
  facet normal -0.980779 0.195123 0
    outer loop
      vertex -9.35793 -0.439992 0
      vertex -9.31454 -0.221894 2.4
      vertex -9.31454 -0.221894 0
    endloop
  endfacet
  facet normal -0.980779 0.195123 0
    outer loop
      vertex -9.31454 -0.221894 2.4
      vertex -9.35793 -0.439992 0
      vertex -9.35793 -0.439992 2.4
    endloop
  endfacet
  facet normal -0.195122 0.980779 0
    outer loop
      vertex -10.56 -1.64207 0
      vertex -10.7781 -1.68546 2.4
      vertex -10.56 -1.64207 2.4
    endloop
  endfacet
  facet normal -0.195122 0.980779 0
    outer loop
      vertex -10.7781 -1.68546 2.4
      vertex -10.56 -1.64207 0
      vertex -10.7781 -1.68546 0
    endloop
  endfacet
  facet normal 0.659319 0.751863 -0
    outer loop
      vertex -12.0349 -1.3487 0
      vertex -12.2021 -1.20208 2.4
      vertex -12.0349 -1.3487 2.4
    endloop
  endfacet
  facet normal 0.659319 0.751863 0
    outer loop
      vertex -12.2021 -1.20208 2.4
      vertex -12.0349 -1.3487 0
      vertex -12.2021 -1.20208 0
    endloop
  endfacet
  facet normal -0.0653848 -0.99786 0
    outer loop
      vertex -11 1.7 0
      vertex -10.7781 1.68546 2.4
      vertex -11 1.7 2.4
    endloop
  endfacet
  facet normal -0.0653848 -0.99786 -0
    outer loop
      vertex -10.7781 1.68546 2.4
      vertex -11 1.7 0
      vertex -10.7781 1.68546 0
    endloop
  endfacet
  facet normal -0.442349 -0.896843 0
    outer loop
      vertex -10.3494 1.57059 0
      vertex -10.15 1.47224 2.4
      vertex -10.3494 1.57059 2.4
    endloop
  endfacet
  facet normal -0.442349 -0.896843 -0
    outer loop
      vertex -10.15 1.47224 2.4
      vertex -10.3494 1.57059 0
      vertex -10.15 1.47224 0
    endloop
  endfacet
  facet normal -0.83147 0.55557 0
    outer loop
      vertex -9.6513 -1.03489 0
      vertex -9.52776 -0.849999 2.4
      vertex -9.52776 -0.849999 0
    endloop
  endfacet
  facet normal -0.83147 0.55557 0
    outer loop
      vertex -9.52776 -0.849999 2.4
      vertex -9.6513 -1.03489 0
      vertex -9.6513 -1.03489 2.4
    endloop
  endfacet
  facet normal 0.997872 0.0652074 0
    outer loop
      vertex -12.6855 -0.221894 2.4
      vertex -12.7 0 0
      vertex -12.7 0 2.4
    endloop
  endfacet
  facet normal 0.997872 0.0652074 0
    outer loop
      vertex -12.7 0 0
      vertex -12.6855 -0.221894 2.4
      vertex -12.6855 -0.221894 0
    endloop
  endfacet
  facet normal -0.442349 0.896843 0
    outer loop
      vertex -10.15 -1.47224 0
      vertex -10.3494 -1.57059 2.4
      vertex -10.15 -1.47224 2.4
    endloop
  endfacet
  facet normal -0.442349 0.896843 0
    outer loop
      vertex -10.3494 -1.57059 2.4
      vertex -10.15 -1.47224 0
      vertex -10.3494 -1.57059 0
    endloop
  endfacet
  facet normal 0.98077 -0.195167 0
    outer loop
      vertex -12.6855 0.221894 2.4
      vertex -12.6421 0.439992 0
      vertex -12.6421 0.439992 2.4
    endloop
  endfacet
  facet normal 0.98077 -0.195167 0
    outer loop
      vertex -12.6421 0.439992 0
      vertex -12.6855 0.221894 2.4
      vertex -12.6855 0.221894 0
    endloop
  endfacet
  facet normal 0.896787 0.442463 0
    outer loop
      vertex -12.4722 -0.849999 2.4
      vertex -12.5706 -0.650561 0
      vertex -12.5706 -0.650561 2.4
    endloop
  endfacet
  facet normal 0.896787 0.442463 0
    outer loop
      vertex -12.5706 -0.650561 0
      vertex -12.4722 -0.849999 2.4
      vertex -12.4722 -0.849999 0
    endloop
  endfacet
  facet normal 0.946901 -0.321526 0
    outer loop
      vertex -12.6421 0.439992 2.4
      vertex -12.5706 0.650561 0
      vertex -12.5706 0.650561 2.4
    endloop
  endfacet
  facet normal 0.946901 -0.321526 0
    outer loop
      vertex -12.5706 0.650561 0
      vertex -12.6421 0.439992 2.4
      vertex -12.6421 0.439992 0
    endloop
  endfacet
  facet normal -0.896876 -0.442282 0
    outer loop
      vertex -9.42941 0.650561 0
      vertex -9.52776 0.849999 2.4
      vertex -9.52776 0.849999 0
    endloop
  endfacet
  facet normal -0.896876 -0.442282 0
    outer loop
      vertex -9.52776 0.849999 2.4
      vertex -9.42941 0.650561 0
      vertex -9.42941 0.650561 2.4
    endloop
  endfacet
  facet normal -0.946928 -0.321445 0
    outer loop
      vertex -9.35793 0.439992 0
      vertex -9.42941 0.650561 2.4
      vertex -9.42941 0.650561 0
    endloop
  endfacet
  facet normal -0.946928 -0.321445 0
    outer loop
      vertex -9.42941 0.650561 2.4
      vertex -9.35793 0.439992 0
      vertex -9.35793 0.439992 2.4
    endloop
  endfacet
  facet normal 0.997872 -0.0652074 0
    outer loop
      vertex -12.7 0 2.4
      vertex -12.6855 0.221894 0
      vertex -12.6855 0.221894 2.4
    endloop
  endfacet
  facet normal 0.997872 -0.0652074 0
    outer loop
      vertex -12.6855 0.221894 0
      vertex -12.7 0 2.4
      vertex -12.7 0 0
    endloop
  endfacet
  facet normal 0.321403 0.946943 -0
    outer loop
      vertex -11.44 -1.64207 0
      vertex -11.6506 -1.57059 2.4
      vertex -11.44 -1.64207 2.4
    endloop
  endfacet
  facet normal 0.321403 0.946943 0
    outer loop
      vertex -11.6506 -1.57059 2.4
      vertex -11.44 -1.64207 0
      vertex -11.6506 -1.57059 0
    endloop
  endfacet
  facet normal 0.442349 -0.896843 0
    outer loop
      vertex -11.85 1.47224 0
      vertex -11.6506 1.57059 2.4
      vertex -11.85 1.47224 2.4
    endloop
  endfacet
  facet normal 0.442349 -0.896843 0
    outer loop
      vertex -11.6506 1.57059 2.4
      vertex -11.85 1.47224 0
      vertex -11.6506 1.57059 0
    endloop
  endfacet
  facet normal 0.555551 -0.831483 0
    outer loop
      vertex -12.0349 1.3487 0
      vertex -11.85 1.47224 2.4
      vertex -12.0349 1.3487 2.4
    endloop
  endfacet
  facet normal 0.555551 -0.831483 0
    outer loop
      vertex -11.85 1.47224 2.4
      vertex -12.0349 1.3487 0
      vertex -11.85 1.47224 0
    endloop
  endfacet
  facet normal 0.831553 -0.555445 0
    outer loop
      vertex -12.4722 0.849999 2.4
      vertex -12.3487 1.03489 0
      vertex -12.3487 1.03489 2.4
    endloop
  endfacet
  facet normal 0.831553 -0.555445 0
    outer loop
      vertex -12.3487 1.03489 0
      vertex -12.4722 0.849999 2.4
      vertex -12.4722 0.849999 0
    endloop
  endfacet
  facet normal 0.555551 0.831483 -0
    outer loop
      vertex -11.85 -1.47224 0
      vertex -12.0349 -1.3487 2.4
      vertex -11.85 -1.47224 2.4
    endloop
  endfacet
  facet normal 0.555551 0.831483 0
    outer loop
      vertex -12.0349 -1.3487 2.4
      vertex -11.85 -1.47224 0
      vertex -12.0349 -1.3487 0
    endloop
  endfacet
  facet normal 0.39327 0.588568 0.706347
    outer loop
      vertex -12.65 -2.85788 4
      vertex -12.0349 -1.3487 2.4
      vertex -13.0089 -2.61807 4
    endloop
  endfacet
  facet normal 0.313123 0.634842 0.70635
    outer loop
      vertex -11.6506 -1.57059 2.4
      vertex -11.85 -1.47224 2.4
      vertex -12.65 -2.85788 4
    endloop
  endfacet
  facet normal -0.706349 -0.0462934 0.706349
    outer loop
      vertex -7.7 0 4
      vertex -7.72823 0.430736 4
      vertex -9.3 0 2.4
    endloop
  endfacet
  facet normal -0.70635 -0.0462849 0.706348
    outer loop
      vertex -9.3 0 2.4
      vertex -7.72823 0.430736 4
      vertex -9.31454 0.221894 2.4
    endloop
  endfacet
  facet normal -0.466732 0.532195 0.706349
    outer loop
      vertex -8.99109 -2.61807 4
      vertex -8.66655 -2.33345 4
      vertex -9.96511 -1.3487 2.4
    endloop
  endfacet
  facet normal 0.22751 -0.670307 0.706349
    outer loop
      vertex -11.6506 1.57059 2.4
      vertex -11.44 1.64207 2.4
      vertex -12.2629 3.0488 4
    endloop
  endfacet
  facet normal 0.694263 -0.138077 0.706352
    outer loop
      vertex -12.6421 0.439992 2.4
      vertex -14.1876 0.854102 4
      vertex -14.2718 0.430736 4
    endloop
  endfacet
  facet normal 0.466684 -0.532238 0.706349
    outer loop
      vertex -12.0349 1.3487 2.4
      vertex -13.0089 2.61807 4
      vertex -13.3335 2.33345 4
    endloop
  endfacet
  facet normal 0.634789 0.313196 0.706365
    outer loop
      vertex -12.4722 -0.849999 2.4
      vertex -12.5706 -0.650561 2.4
      vertex -13.8579 -1.65 4
    endloop
  endfacet
  facet normal -0.227511 0.67031 0.706345
    outer loop
      vertex -9.73715 -3.0488 4
      vertex -10.3494 -1.57059 2.4
      vertex -10.56 -1.64207 2.4
    endloop
  endfacet
  facet normal -0.13812 -0.694261 0.706346
    outer loop
      vertex -10.56 1.64207 2.4
      vertex -10.5693 3.27177 4
      vertex -10.7781 1.68546 2.4
    endloop
  endfacet
  facet normal -0.634867 0.313075 0.706348
    outer loop
      vertex -8.14212 -1.65 4
      vertex -9.42941 -0.650561 2.4
      vertex -9.52776 -0.849999 2.4
    endloop
  endfacet
  facet normal -0.0462836 0.706351 0.706347
    outer loop
      vertex -10.5693 -3.27177 4
      vertex -10.7781 -1.68546 2.4
      vertex -11 -1.7 2.4
    endloop
  endfacet
  facet normal -0.138098 0.694263 0.706348
    outer loop
      vertex -10.1459 -3.18755 4
      vertex -10.56 -1.64207 2.4
      vertex -10.5693 -3.27177 4
    endloop
  endfacet
  facet normal 0.227508 0.670307 0.706349
    outer loop
      vertex -11.8541 -3.18755 4
      vertex -11.44 -1.64207 2.4
      vertex -12.2629 -3.0488 4
    endloop
  endfacet
  facet normal -0.31308 -0.634868 0.706345
    outer loop
      vertex -9.35 2.85788 4
      vertex -9.73715 3.0488 4
      vertex -10.3494 1.57059 2.4
    endloop
  endfacet
  facet normal 0.532232 -0.466686 0.706352
    outer loop
      vertex -12.3487 1.03489 2.4
      vertex -12.2021 1.20208 2.4
      vertex -13.3335 2.33345 4
    endloop
  endfacet
  facet normal -0.706349 0.0462934 0.706349
    outer loop
      vertex -7.72823 -0.430736 4
      vertex -7.7 0 4
      vertex -9.3 0 2.4
    endloop
  endfacet
  facet normal 0.694256 -0.138152 0.706344
    outer loop
      vertex -12.6855 0.221894 2.4
      vertex -12.6421 0.439992 2.4
      vertex -14.2718 0.430736 4
    endloop
  endfacet
  facet normal 0.13812 0.694261 0.706346
    outer loop
      vertex -11.4307 -3.27177 4
      vertex -11.2219 -1.68546 2.4
      vertex -11.44 -1.64207 2.4
    endloop
  endfacet
  facet normal 0.313111 -0.634849 0.706349
    outer loop
      vertex -11.6506 1.57059 2.4
      vertex -12.2629 3.0488 4
      vertex -12.65 2.85788 4
    endloop
  endfacet
  facet normal 0.532232 0.466686 0.706352
    outer loop
      vertex -12.2021 -1.20208 2.4
      vertex -12.3487 -1.03489 2.4
      vertex -13.3335 -2.33345 4
    endloop
  endfacet
  facet normal -0.670296 0.22754 0.706349
    outer loop
      vertex -7.9512 -1.26285 4
      vertex -9.35793 -0.439992 2.4
      vertex -9.42941 -0.650561 2.4
    endloop
  endfacet
  facet normal -0.532195 -0.466732 0.706349
    outer loop
      vertex -8.38193 2.00891 4
      vertex -8.66655 2.33345 4
      vertex -9.6513 1.03489 2.4
    endloop
  endfacet
  facet normal -0.634865 0.313079 0.706349
    outer loop
      vertex -8.14212 -1.65 4
      vertex -7.9512 -1.26285 4
      vertex -9.42941 -0.650561 2.4
    endloop
  endfacet
  facet normal 0.588575 -0.393247 0.706354
    outer loop
      vertex -12.3487 1.03489 2.4
      vertex -13.6181 2.00891 4
      vertex -13.8579 1.65 4
    endloop
  endfacet
  facet normal -0.227511 -0.67031 0.706345
    outer loop
      vertex -10.3494 1.57059 2.4
      vertex -9.73715 3.0488 4
      vertex -10.56 1.64207 2.4
    endloop
  endfacet
  facet normal 0.70635 0.0462443 0.70635
    outer loop
      vertex -14.2718 -0.430736 4
      vertex -12.7 0 2.4
      vertex -14.3 0 4
    endloop
  endfacet
  facet normal 0.466684 0.532238 0.706349
    outer loop
      vertex -13.0089 -2.61807 4
      vertex -12.0349 -1.3487 2.4
      vertex -13.3335 -2.33345 4
    endloop
  endfacet
  facet normal 0.634789 -0.313196 0.706365
    outer loop
      vertex -12.5706 0.650561 2.4
      vertex -12.4722 0.849999 2.4
      vertex -13.8579 1.65 4
    endloop
  endfacet
  facet normal -0.466724 0.532203 0.706348
    outer loop
      vertex -8.66655 -2.33345 4
      vertex -9.79792 -1.20208 2.4
      vertex -9.96511 -1.3487 2.4
    endloop
  endfacet
  facet normal 0.138098 0.694263 0.706348
    outer loop
      vertex -11.4307 -3.27177 4
      vertex -11.44 -1.64207 2.4
      vertex -11.8541 -3.18755 4
    endloop
  endfacet
  facet normal 0.634879 0.313053 0.706348
    outer loop
      vertex -13.8579 -1.65 4
      vertex -12.5706 -0.650561 2.4
      vertex -14.0488 -1.26285 4
    endloop
  endfacet
  facet normal -0.70635 0.0462849 0.706348
    outer loop
      vertex -7.72823 -0.430736 4
      vertex -9.3 0 2.4
      vertex -9.31454 -0.221894 2.4
    endloop
  endfacet
  facet normal -0.227533 0.6703 0.706348
    outer loop
      vertex -10.1459 -3.18755 4
      vertex -9.73715 -3.0488 4
      vertex -10.56 -1.64207 2.4
    endloop
  endfacet
  facet normal -0.31308 0.634868 0.706345
    outer loop
      vertex -9.73715 -3.0488 4
      vertex -9.35 -2.85788 4
      vertex -10.3494 -1.57059 2.4
    endloop
  endfacet
  facet normal -0.694259 0.138121 0.706347
    outer loop
      vertex -7.72823 -0.430736 4
      vertex -9.31454 -0.221894 2.4
      vertex -9.35793 -0.439992 2.4
    endloop
  endfacet
  facet normal -0.313123 0.634842 0.70635
    outer loop
      vertex -9.35 -2.85788 4
      vertex -10.15 -1.47224 2.4
      vertex -10.3494 -1.57059 2.4
    endloop
  endfacet
  facet normal 0.0462836 0.706351 0.706347
    outer loop
      vertex -11 -1.7 2.4
      vertex -11.2219 -1.68546 2.4
      vertex -11.4307 -3.27177 4
    endloop
  endfacet
  facet normal 0.670272 -0.227607 0.70635
    outer loop
      vertex -12.6421 0.439992 2.4
      vertex -14.0488 1.26285 4
      vertex -14.1876 0.854102 4
    endloop
  endfacet
  facet normal 0.694263 0.138077 0.706352
    outer loop
      vertex -14.1876 -0.854102 4
      vertex -12.6421 -0.439992 2.4
      vertex -14.2718 -0.430736 4
    endloop
  endfacet
  facet normal -0.0462836 -0.706351 0.706347
    outer loop
      vertex -10.7781 1.68546 2.4
      vertex -10.5693 3.27177 4
      vertex -11 1.7 2.4
    endloop
  endfacet
  facet normal -0.670299 0.227534 0.706348
    outer loop
      vertex -7.9512 -1.26285 4
      vertex -7.81245 -0.854102 4
      vertex -9.35793 -0.439992 2.4
    endloop
  endfacet
  facet normal -0.13812 0.694261 0.706346
    outer loop
      vertex -10.5693 -3.27177 4
      vertex -10.56 -1.64207 2.4
      vertex -10.7781 -1.68546 2.4
    endloop
  endfacet
  facet normal 0.138098 -0.694263 0.706348
    outer loop
      vertex -11.44 1.64207 2.4
      vertex -11.4307 3.27177 4
      vertex -11.8541 3.18755 4
    endloop
  endfacet
  facet normal 0.634879 -0.313053 0.706348
    outer loop
      vertex -12.5706 0.650561 2.4
      vertex -13.8579 1.65 4
      vertex -14.0488 1.26285 4
    endloop
  endfacet
  facet normal -0.138098 -0.694263 0.706348
    outer loop
      vertex -10.56 1.64207 2.4
      vertex -10.1459 3.18755 4
      vertex -10.5693 3.27177 4
    endloop
  endfacet
  facet normal 0.532207 -0.46671 0.706355
    outer loop
      vertex -12.3487 1.03489 2.4
      vertex -13.3335 2.33345 4
      vertex -13.6181 2.00891 4
    endloop
  endfacet
  facet normal -0.634865 -0.313079 0.706349
    outer loop
      vertex -7.9512 1.26285 4
      vertex -8.14212 1.65 4
      vertex -9.42941 0.650561 2.4
    endloop
  endfacet
  facet normal 0.670277 0.227597 0.706349
    outer loop
      vertex -12.5706 -0.650561 2.4
      vertex -12.6421 -0.439992 2.4
      vertex -14.0488 -1.26285 4
    endloop
  endfacet
  facet normal -0.532203 0.466724 0.706348
    outer loop
      vertex -8.66655 -2.33345 4
      vertex -9.6513 -1.03489 2.4
      vertex -9.79792 -1.20208 2.4
    endloop
  endfacet
  facet normal -0.532195 0.466732 0.706349
    outer loop
      vertex -8.66655 -2.33345 4
      vertex -8.38193 -2.00891 4
      vertex -9.6513 -1.03489 2.4
    endloop
  endfacet
  facet normal -0.69426 0.138109 0.706349
    outer loop
      vertex -7.81245 -0.854102 4
      vertex -7.72823 -0.430736 4
      vertex -9.35793 -0.439992 2.4
    endloop
  endfacet
  facet normal 0.532207 0.46671 0.706355
    outer loop
      vertex -13.3335 -2.33345 4
      vertex -12.3487 -1.03489 2.4
      vertex -13.6181 -2.00891 4
    endloop
  endfacet
  facet normal 0.466706 0.532214 0.706352
    outer loop
      vertex -12.0349 -1.3487 2.4
      vertex -12.2021 -1.20208 2.4
      vertex -13.3335 -2.33345 4
    endloop
  endfacet
  facet normal 0.466706 -0.532214 0.706352
    outer loop
      vertex -12.2021 1.20208 2.4
      vertex -12.0349 1.3487 2.4
      vertex -13.3335 2.33345 4
    endloop
  endfacet
  facet normal 0.313111 0.634849 0.706349
    outer loop
      vertex -12.2629 -3.0488 4
      vertex -11.6506 -1.57059 2.4
      vertex -12.65 -2.85788 4
    endloop
  endfacet
  facet normal 0.694256 0.138152 0.706344
    outer loop
      vertex -12.6421 -0.439992 2.4
      vertex -12.6855 -0.221894 2.4
      vertex -14.2718 -0.430736 4
    endloop
  endfacet
  facet normal 0.22751 0.670307 0.706349
    outer loop
      vertex -11.44 -1.64207 2.4
      vertex -11.6506 -1.57059 2.4
      vertex -12.2629 -3.0488 4
    endloop
  endfacet
  facet normal 0.706365 0.0461585 0.706341
    outer loop
      vertex -12.6855 -0.221894 2.4
      vertex -12.7 0 2.4
      vertex -14.2718 -0.430736 4
    endloop
  endfacet
  facet normal 0.0462972 0.706349 0.706349
    outer loop
      vertex -11 -3.3 4
      vertex -11 -1.7 2.4
      vertex -11.4307 -3.27177 4
    endloop
  endfacet
  facet normal -0.0462972 0.706349 0.706349
    outer loop
      vertex -10.5693 -3.27177 4
      vertex -11 -1.7 2.4
      vertex -11 -3.3 4
    endloop
  endfacet
  facet normal -0.588571 0.393261 0.706349
    outer loop
      vertex -8.38193 -2.00891 4
      vertex -8.14212 -1.65 4
      vertex -9.6513 -1.03489 2.4
    endloop
  endfacet
  facet normal 0.706365 -0.0461585 0.706341
    outer loop
      vertex -12.7 0 2.4
      vertex -12.6855 0.221894 2.4
      vertex -14.2718 0.430736 4
    endloop
  endfacet
  facet normal 0.70635 -0.0462443 0.70635
    outer loop
      vertex -12.7 0 2.4
      vertex -14.2718 0.430736 4
      vertex -14.3 0 4
    endloop
  endfacet
  facet normal 0.393254 0.588576 0.706349
    outer loop
      vertex -11.85 -1.47224 2.4
      vertex -12.0349 -1.3487 2.4
      vertex -12.65 -2.85788 4
    endloop
  endfacet
  facet normal 0.13812 -0.694261 0.706346
    outer loop
      vertex -11.2219 1.68546 2.4
      vertex -11.4307 3.27177 4
      vertex -11.44 1.64207 2.4
    endloop
  endfacet
  facet normal 0.670277 -0.227597 0.706349
    outer loop
      vertex -12.6421 0.439992 2.4
      vertex -12.5706 0.650561 2.4
      vertex -14.0488 1.26285 4
    endloop
  endfacet
  facet normal 0.0462836 -0.706351 0.706347
    outer loop
      vertex -11.2219 1.68546 2.4
      vertex -11 1.7 2.4
      vertex -11.4307 3.27177 4
    endloop
  endfacet
  facet normal -0.670299 -0.227534 0.706348
    outer loop
      vertex -7.81245 0.854102 4
      vertex -7.9512 1.26285 4
      vertex -9.35793 0.439992 2.4
    endloop
  endfacet
  facet normal 0.588615 -0.393172 0.706363
    outer loop
      vertex -12.4722 0.849999 2.4
      vertex -12.3487 1.03489 2.4
      vertex -13.8579 1.65 4
    endloop
  endfacet
  facet normal 0.227508 -0.670307 0.706349
    outer loop
      vertex -11.44 1.64207 2.4
      vertex -11.8541 3.18755 4
      vertex -12.2629 3.0488 4
    endloop
  endfacet
  facet normal 0.670272 0.227607 0.70635
    outer loop
      vertex -14.0488 -1.26285 4
      vertex -12.6421 -0.439992 2.4
      vertex -14.1876 -0.854102 4
    endloop
  endfacet
  facet normal -0.69426 -0.138109 0.706349
    outer loop
      vertex -7.72823 0.430736 4
      vertex -7.81245 0.854102 4
      vertex -9.35793 0.439992 2.4
    endloop
  endfacet
  facet normal 0.313123 -0.634842 0.70635
    outer loop
      vertex -11.85 1.47224 2.4
      vertex -11.6506 1.57059 2.4
      vertex -12.65 2.85788 4
    endloop
  endfacet
  facet normal -0.588568 0.393268 0.706349
    outer loop
      vertex -8.14212 -1.65 4
      vertex -9.52776 -0.849999 2.4
      vertex -9.6513 -1.03489 2.4
    endloop
  endfacet
  facet normal -0.0462972 -0.706349 0.706349
    outer loop
      vertex -10.5693 3.27177 4
      vertex -11 3.3 4
      vertex -11 1.7 2.4
    endloop
  endfacet
  facet normal 0.0462972 -0.706349 0.706349
    outer loop
      vertex -11 1.7 2.4
      vertex -11 3.3 4
      vertex -11.4307 3.27177 4
    endloop
  endfacet
  facet normal -0.588571 -0.393261 0.706349
    outer loop
      vertex -8.14212 1.65 4
      vertex -8.38193 2.00891 4
      vertex -9.6513 1.03489 2.4
    endloop
  endfacet
  facet normal -0.393261 0.588571 0.706349
    outer loop
      vertex -9.35 -2.85788 4
      vertex -8.99109 -2.61807 4
      vertex -9.96511 -1.3487 2.4
    endloop
  endfacet
  facet normal -0.466732 -0.532195 0.706349
    outer loop
      vertex -8.66655 2.33345 4
      vertex -8.99109 2.61807 4
      vertex -9.96511 1.3487 2.4
    endloop
  endfacet
  facet normal -0.393261 -0.588571 0.706349
    outer loop
      vertex -8.99109 2.61807 4
      vertex -9.35 2.85788 4
      vertex -9.96511 1.3487 2.4
    endloop
  endfacet
  facet normal 0.588615 0.393172 0.706363
    outer loop
      vertex -12.3487 -1.03489 2.4
      vertex -12.4722 -0.849999 2.4
      vertex -13.8579 -1.65 4
    endloop
  endfacet
  facet normal 0.393254 -0.588576 0.706349
    outer loop
      vertex -12.0349 1.3487 2.4
      vertex -11.85 1.47224 2.4
      vertex -12.65 2.85788 4
    endloop
  endfacet
  facet normal 0.588575 0.393247 0.706354
    outer loop
      vertex -13.6181 -2.00891 4
      vertex -12.3487 -1.03489 2.4
      vertex -13.8579 -1.65 4
    endloop
  endfacet
  facet normal -0.227533 -0.6703 0.706348
    outer loop
      vertex -9.73715 3.0488 4
      vertex -10.1459 3.18755 4
      vertex -10.56 1.64207 2.4
    endloop
  endfacet
  facet normal -0.393269 -0.588567 0.706348
    outer loop
      vertex -9.96511 1.3487 2.4
      vertex -9.35 2.85788 4
      vertex -10.15 1.47224 2.4
    endloop
  endfacet
  facet normal 0.39327 -0.588568 0.706347
    outer loop
      vertex -12.0349 1.3487 2.4
      vertex -12.65 2.85788 4
      vertex -13.0089 2.61807 4
    endloop
  endfacet
  facet normal -0.634867 -0.313075 0.706348
    outer loop
      vertex -9.42941 0.650561 2.4
      vertex -8.14212 1.65 4
      vertex -9.52776 0.849999 2.4
    endloop
  endfacet
  facet normal -0.393269 0.588567 0.706348
    outer loop
      vertex -9.35 -2.85788 4
      vertex -9.96511 -1.3487 2.4
      vertex -10.15 -1.47224 2.4
    endloop
  endfacet
  facet normal -0.588568 -0.393268 0.706349
    outer loop
      vertex -9.52776 0.849999 2.4
      vertex -8.14212 1.65 4
      vertex -9.6513 1.03489 2.4
    endloop
  endfacet
  facet normal -0.694259 -0.138121 0.706347
    outer loop
      vertex -9.31454 0.221894 2.4
      vertex -7.72823 0.430736 4
      vertex -9.35793 0.439992 2.4
    endloop
  endfacet
  facet normal -0.466724 -0.532203 0.706348
    outer loop
      vertex -9.79792 1.20208 2.4
      vertex -8.66655 2.33345 4
      vertex -9.96511 1.3487 2.4
    endloop
  endfacet
  facet normal -0.532203 -0.466724 0.706348
    outer loop
      vertex -9.6513 1.03489 2.4
      vertex -8.66655 2.33345 4
      vertex -9.79792 1.20208 2.4
    endloop
  endfacet
  facet normal -0.313123 -0.634842 0.70635
    outer loop
      vertex -10.15 1.47224 2.4
      vertex -9.35 2.85788 4
      vertex -10.3494 1.57059 2.4
    endloop
  endfacet
  facet normal -0.670296 -0.22754 0.706349
    outer loop
      vertex -9.35793 0.439992 2.4
      vertex -7.9512 1.26285 4
      vertex -9.42941 0.650561 2.4
    endloop
  endfacet
  facet normal -0.98077 -0.195167 0
    outer loop
      vertex -25.3145 0.221894 0
      vertex -25.3579 0.439992 2.4
      vertex -25.3579 0.439992 0
    endloop
  endfacet
  facet normal -0.98077 -0.195167 0
    outer loop
      vertex -25.3579 0.439992 2.4
      vertex -25.3145 0.221894 0
      vertex -25.3145 0.221894 2.4
    endloop
  endfacet
  facet normal -0.997872 -0.0652074 0
    outer loop
      vertex -25.3 0 0
      vertex -25.3145 0.221894 2.4
      vertex -25.3145 0.221894 0
    endloop
  endfacet
  facet normal -0.997872 -0.0652074 0
    outer loop
      vertex -25.3145 0.221894 2.4
      vertex -25.3 0 0
      vertex -25.3 0 2.4
    endloop
  endfacet
  facet normal -0.0653848 0.99786 0
    outer loop
      vertex -26.7781 -1.68546 0
      vertex -27 -1.7 2.4
      vertex -26.7781 -1.68546 2.4
    endloop
  endfacet
  facet normal -0.0653848 0.99786 0
    outer loop
      vertex -27 -1.7 2.4
      vertex -26.7781 -1.68546 0
      vertex -27 -1.7 0
    endloop
  endfacet
  facet normal 0.659319 -0.751863 0
    outer loop
      vertex -28.2021 1.20208 0
      vertex -28.0349 1.3487 2.4
      vertex -28.2021 1.20208 2.4
    endloop
  endfacet
  facet normal 0.659319 -0.751863 0
    outer loop
      vertex -28.0349 1.3487 2.4
      vertex -28.2021 1.20208 0
      vertex -28.0349 1.3487 0
    endloop
  endfacet
  facet normal 0.831553 0.555445 0
    outer loop
      vertex -28.3487 -1.03489 2.4
      vertex -28.4722 -0.849999 0
      vertex -28.4722 -0.849999 2.4
    endloop
  endfacet
  facet normal 0.831553 0.555445 0
    outer loop
      vertex -28.4722 -0.849999 0
      vertex -28.3487 -1.03489 2.4
      vertex -28.3487 -1.03489 0
    endloop
  endfacet
  facet normal 0.195122 0.980779 -0
    outer loop
      vertex -27.2219 -1.68546 0
      vertex -27.44 -1.64207 2.4
      vertex -27.2219 -1.68546 2.4
    endloop
  endfacet
  facet normal 0.195122 0.980779 0
    outer loop
      vertex -27.44 -1.64207 2.4
      vertex -27.2219 -1.68546 0
      vertex -27.44 -1.64207 0
    endloop
  endfacet
  facet normal -0.659319 -0.751863 0
    outer loop
      vertex -25.9651 1.3487 0
      vertex -25.7979 1.20208 2.4
      vertex -25.9651 1.3487 2.4
    endloop
  endfacet
  facet normal -0.659319 -0.751863 -0
    outer loop
      vertex -25.7979 1.20208 2.4
      vertex -25.9651 1.3487 0
      vertex -25.7979 1.20208 0
    endloop
  endfacet
  facet normal -0.946901 0.321526 0
    outer loop
      vertex -25.4294 -0.650561 0
      vertex -25.3579 -0.439992 2.4
      vertex -25.3579 -0.439992 0
    endloop
  endfacet
  facet normal -0.946901 0.321526 0
    outer loop
      vertex -25.3579 -0.439992 2.4
      vertex -25.4294 -0.650561 0
      vertex -25.4294 -0.650561 2.4
    endloop
  endfacet
  facet normal -0.751888 0.659291 0
    outer loop
      vertex -25.7979 -1.20208 0
      vertex -25.6513 -1.03489 2.4
      vertex -25.6513 -1.03489 0
    endloop
  endfacet
  facet normal -0.751888 0.659291 0
    outer loop
      vertex -25.6513 -1.03489 2.4
      vertex -25.7979 -1.20208 0
      vertex -25.7979 -1.20208 2.4
    endloop
  endfacet
  facet normal -0.751888 -0.659291 0
    outer loop
      vertex -25.6513 1.03489 0
      vertex -25.7979 1.20208 2.4
      vertex -25.7979 1.20208 0
    endloop
  endfacet
  facet normal -0.751888 -0.659291 0
    outer loop
      vertex -25.7979 1.20208 2.4
      vertex -25.6513 1.03489 0
      vertex -25.6513 1.03489 2.4
    endloop
  endfacet
  facet normal 0.946901 0.321526 0
    outer loop
      vertex -28.5706 -0.650561 2.4
      vertex -28.6421 -0.439992 0
      vertex -28.6421 -0.439992 2.4
    endloop
  endfacet
  facet normal 0.946901 0.321526 0
    outer loop
      vertex -28.6421 -0.439992 0
      vertex -28.5706 -0.650561 2.4
      vertex -28.5706 -0.650561 0
    endloop
  endfacet
  facet normal -0.321403 0.946943 0
    outer loop
      vertex -26.3494 -1.57059 0
      vertex -26.56 -1.64207 2.4
      vertex -26.3494 -1.57059 2.4
    endloop
  endfacet
  facet normal -0.321403 0.946943 0
    outer loop
      vertex -26.56 -1.64207 2.4
      vertex -26.3494 -1.57059 0
      vertex -26.56 -1.64207 0
    endloop
  endfacet
  facet normal 0.0653848 0.99786 -0
    outer loop
      vertex -27 -1.7 0
      vertex -27.2219 -1.68546 2.4
      vertex -27 -1.7 2.4
    endloop
  endfacet
  facet normal 0.0653848 0.99786 0
    outer loop
      vertex -27.2219 -1.68546 2.4
      vertex -27 -1.7 0
      vertex -27.2219 -1.68546 0
    endloop
  endfacet
  facet normal 0.321403 -0.946943 0
    outer loop
      vertex -27.6506 1.57059 0
      vertex -27.44 1.64207 2.4
      vertex -27.6506 1.57059 2.4
    endloop
  endfacet
  facet normal 0.321403 -0.946943 0
    outer loop
      vertex -27.44 1.64207 2.4
      vertex -27.6506 1.57059 0
      vertex -27.44 1.64207 0
    endloop
  endfacet
  facet normal -0.946901 -0.321526 0
    outer loop
      vertex -25.3579 0.439992 0
      vertex -25.4294 0.650561 2.4
      vertex -25.4294 0.650561 0
    endloop
  endfacet
  facet normal -0.946901 -0.321526 0
    outer loop
      vertex -25.4294 0.650561 2.4
      vertex -25.3579 0.439992 0
      vertex -25.3579 0.439992 2.4
    endloop
  endfacet
  facet normal 0.751888 -0.659291 0
    outer loop
      vertex -28.3487 1.03489 2.4
      vertex -28.2021 1.20208 0
      vertex -28.2021 1.20208 2.4
    endloop
  endfacet
  facet normal 0.751888 -0.659291 0
    outer loop
      vertex -28.2021 1.20208 0
      vertex -28.3487 1.03489 2.4
      vertex -28.3487 1.03489 0
    endloop
  endfacet
  facet normal 0.442349 0.896843 -0
    outer loop
      vertex -27.6506 -1.57059 0
      vertex -27.85 -1.47224 2.4
      vertex -27.6506 -1.57059 2.4
    endloop
  endfacet
  facet normal 0.442349 0.896843 0
    outer loop
      vertex -27.85 -1.47224 2.4
      vertex -27.6506 -1.57059 0
      vertex -27.85 -1.47224 0
    endloop
  endfacet
  facet normal 0.0653848 -0.99786 0
    outer loop
      vertex -27.2219 1.68546 0
      vertex -27 1.7 2.4
      vertex -27.2219 1.68546 2.4
    endloop
  endfacet
  facet normal 0.0653848 -0.99786 0
    outer loop
      vertex -27 1.7 2.4
      vertex -27.2219 1.68546 0
      vertex -27 1.7 0
    endloop
  endfacet
  facet normal -0.896787 0.442463 0
    outer loop
      vertex -25.5278 -0.849999 0
      vertex -25.4294 -0.650561 2.4
      vertex -25.4294 -0.650561 0
    endloop
  endfacet
  facet normal -0.896787 0.442463 0
    outer loop
      vertex -25.4294 -0.650561 2.4
      vertex -25.5278 -0.849999 0
      vertex -25.5278 -0.849999 2.4
    endloop
  endfacet
  facet normal -0.555551 0.831483 0
    outer loop
      vertex -25.9651 -1.3487 0
      vertex -26.15 -1.47224 2.4
      vertex -25.9651 -1.3487 2.4
    endloop
  endfacet
  facet normal -0.555551 0.831483 0
    outer loop
      vertex -26.15 -1.47224 2.4
      vertex -25.9651 -1.3487 0
      vertex -26.15 -1.47224 0
    endloop
  endfacet
  facet normal 0.98077 0.195167 0
    outer loop
      vertex -28.6421 -0.439992 2.4
      vertex -28.6855 -0.221894 0
      vertex -28.6855 -0.221894 2.4
    endloop
  endfacet
  facet normal 0.98077 0.195167 0
    outer loop
      vertex -28.6855 -0.221894 0
      vertex -28.6421 -0.439992 2.4
      vertex -28.6421 -0.439992 0
    endloop
  endfacet
  facet normal -0.195122 -0.980779 0
    outer loop
      vertex -26.7781 1.68546 0
      vertex -26.56 1.64207 2.4
      vertex -26.7781 1.68546 2.4
    endloop
  endfacet
  facet normal -0.195122 -0.980779 -0
    outer loop
      vertex -26.56 1.64207 2.4
      vertex -26.7781 1.68546 0
      vertex -26.56 1.64207 0
    endloop
  endfacet
  facet normal -0.831553 -0.555445 0
    outer loop
      vertex -25.5278 0.849999 0
      vertex -25.6513 1.03489 2.4
      vertex -25.6513 1.03489 0
    endloop
  endfacet
  facet normal -0.831553 -0.555445 0
    outer loop
      vertex -25.6513 1.03489 2.4
      vertex -25.5278 0.849999 0
      vertex -25.5278 0.849999 2.4
    endloop
  endfacet
  facet normal -0.997872 0.0652074 0
    outer loop
      vertex -25.3145 -0.221894 0
      vertex -25.3 0 2.4
      vertex -25.3 0 0
    endloop
  endfacet
  facet normal -0.997872 0.0652074 0
    outer loop
      vertex -25.3 0 2.4
      vertex -25.3145 -0.221894 0
      vertex -25.3145 -0.221894 2.4
    endloop
  endfacet
  facet normal -0.321403 -0.946943 0
    outer loop
      vertex -26.56 1.64207 0
      vertex -26.3494 1.57059 2.4
      vertex -26.56 1.64207 2.4
    endloop
  endfacet
  facet normal -0.321403 -0.946943 -0
    outer loop
      vertex -26.3494 1.57059 2.4
      vertex -26.56 1.64207 0
      vertex -26.3494 1.57059 0
    endloop
  endfacet
  facet normal -0.555551 -0.831483 0
    outer loop
      vertex -26.15 1.47224 0
      vertex -25.9651 1.3487 2.4
      vertex -26.15 1.47224 2.4
    endloop
  endfacet
  facet normal -0.555551 -0.831483 -0
    outer loop
      vertex -25.9651 1.3487 2.4
      vertex -26.15 1.47224 0
      vertex -25.9651 1.3487 0
    endloop
  endfacet
  facet normal 0.195122 -0.980779 0
    outer loop
      vertex -27.44 1.64207 0
      vertex -27.2219 1.68546 2.4
      vertex -27.44 1.64207 2.4
    endloop
  endfacet
  facet normal 0.195122 -0.980779 0
    outer loop
      vertex -27.2219 1.68546 2.4
      vertex -27.44 1.64207 0
      vertex -27.2219 1.68546 0
    endloop
  endfacet
  facet normal -0.659319 0.751863 0
    outer loop
      vertex -25.7979 -1.20208 0
      vertex -25.9651 -1.3487 2.4
      vertex -25.7979 -1.20208 2.4
    endloop
  endfacet
  facet normal -0.659319 0.751863 0
    outer loop
      vertex -25.9651 -1.3487 2.4
      vertex -25.7979 -1.20208 0
      vertex -25.9651 -1.3487 0
    endloop
  endfacet
  facet normal 0.896787 -0.442463 0
    outer loop
      vertex -28.5706 0.650561 2.4
      vertex -28.4722 0.849999 0
      vertex -28.4722 0.849999 2.4
    endloop
  endfacet
  facet normal 0.896787 -0.442463 0
    outer loop
      vertex -28.4722 0.849999 0
      vertex -28.5706 0.650561 2.4
      vertex -28.5706 0.650561 0
    endloop
  endfacet
  facet normal -0.98077 0.195167 0
    outer loop
      vertex -25.3579 -0.439992 0
      vertex -25.3145 -0.221894 2.4
      vertex -25.3145 -0.221894 0
    endloop
  endfacet
  facet normal -0.98077 0.195167 0
    outer loop
      vertex -25.3145 -0.221894 2.4
      vertex -25.3579 -0.439992 0
      vertex -25.3579 -0.439992 2.4
    endloop
  endfacet
  facet normal -0.195122 0.980779 0
    outer loop
      vertex -26.56 -1.64207 0
      vertex -26.7781 -1.68546 2.4
      vertex -26.56 -1.64207 2.4
    endloop
  endfacet
  facet normal -0.195122 0.980779 0
    outer loop
      vertex -26.7781 -1.68546 2.4
      vertex -26.56 -1.64207 0
      vertex -26.7781 -1.68546 0
    endloop
  endfacet
  facet normal 0.659319 0.751863 -0
    outer loop
      vertex -28.0349 -1.3487 0
      vertex -28.2021 -1.20208 2.4
      vertex -28.0349 -1.3487 2.4
    endloop
  endfacet
  facet normal 0.659319 0.751863 0
    outer loop
      vertex -28.2021 -1.20208 2.4
      vertex -28.0349 -1.3487 0
      vertex -28.2021 -1.20208 0
    endloop
  endfacet
  facet normal 0.751888 0.659291 0
    outer loop
      vertex -28.2021 -1.20208 2.4
      vertex -28.3487 -1.03489 0
      vertex -28.3487 -1.03489 2.4
    endloop
  endfacet
  facet normal 0.751888 0.659291 0
    outer loop
      vertex -28.3487 -1.03489 0
      vertex -28.2021 -1.20208 2.4
      vertex -28.2021 -1.20208 0
    endloop
  endfacet
  facet normal -0.0653848 -0.99786 0
    outer loop
      vertex -27 1.7 0
      vertex -26.7781 1.68546 2.4
      vertex -27 1.7 2.4
    endloop
  endfacet
  facet normal -0.0653848 -0.99786 -0
    outer loop
      vertex -26.7781 1.68546 2.4
      vertex -27 1.7 0
      vertex -26.7781 1.68546 0
    endloop
  endfacet
  facet normal -0.442349 -0.896843 0
    outer loop
      vertex -26.3494 1.57059 0
      vertex -26.15 1.47224 2.4
      vertex -26.3494 1.57059 2.4
    endloop
  endfacet
  facet normal -0.442349 -0.896843 -0
    outer loop
      vertex -26.15 1.47224 2.4
      vertex -26.3494 1.57059 0
      vertex -26.15 1.47224 0
    endloop
  endfacet
  facet normal -0.831553 0.555445 0
    outer loop
      vertex -25.6513 -1.03489 0
      vertex -25.5278 -0.849999 2.4
      vertex -25.5278 -0.849999 0
    endloop
  endfacet
  facet normal -0.831553 0.555445 0
    outer loop
      vertex -25.5278 -0.849999 2.4
      vertex -25.6513 -1.03489 0
      vertex -25.6513 -1.03489 2.4
    endloop
  endfacet
  facet normal 0.997872 0.0652074 0
    outer loop
      vertex -28.6855 -0.221894 2.4
      vertex -28.7 0 0
      vertex -28.7 0 2.4
    endloop
  endfacet
  facet normal 0.997872 0.0652074 0
    outer loop
      vertex -28.7 0 0
      vertex -28.6855 -0.221894 2.4
      vertex -28.6855 -0.221894 0
    endloop
  endfacet
  facet normal -0.442349 0.896843 0
    outer loop
      vertex -26.15 -1.47224 0
      vertex -26.3494 -1.57059 2.4
      vertex -26.15 -1.47224 2.4
    endloop
  endfacet
  facet normal -0.442349 0.896843 0
    outer loop
      vertex -26.3494 -1.57059 2.4
      vertex -26.15 -1.47224 0
      vertex -26.3494 -1.57059 0
    endloop
  endfacet
  facet normal 0.98077 -0.195167 0
    outer loop
      vertex -28.6855 0.221894 2.4
      vertex -28.6421 0.439992 0
      vertex -28.6421 0.439992 2.4
    endloop
  endfacet
  facet normal 0.98077 -0.195167 0
    outer loop
      vertex -28.6421 0.439992 0
      vertex -28.6855 0.221894 2.4
      vertex -28.6855 0.221894 0
    endloop
  endfacet
  facet normal 0.896787 0.442463 0
    outer loop
      vertex -28.4722 -0.849999 2.4
      vertex -28.5706 -0.650561 0
      vertex -28.5706 -0.650561 2.4
    endloop
  endfacet
  facet normal 0.896787 0.442463 0
    outer loop
      vertex -28.5706 -0.650561 0
      vertex -28.4722 -0.849999 2.4
      vertex -28.4722 -0.849999 0
    endloop
  endfacet
  facet normal 0.946901 -0.321526 0
    outer loop
      vertex -28.6421 0.439992 2.4
      vertex -28.5706 0.650561 0
      vertex -28.5706 0.650561 2.4
    endloop
  endfacet
  facet normal 0.946901 -0.321526 0
    outer loop
      vertex -28.5706 0.650561 0
      vertex -28.6421 0.439992 2.4
      vertex -28.6421 0.439992 0
    endloop
  endfacet
  facet normal 0.555551 -0.831483 0
    outer loop
      vertex -28.0349 1.3487 0
      vertex -27.85 1.47224 2.4
      vertex -28.0349 1.3487 2.4
    endloop
  endfacet
  facet normal 0.555551 -0.831483 0
    outer loop
      vertex -27.85 1.47224 2.4
      vertex -28.0349 1.3487 0
      vertex -27.85 1.47224 0
    endloop
  endfacet
  facet normal -0.896787 -0.442463 0
    outer loop
      vertex -25.4294 0.650561 0
      vertex -25.5278 0.849999 2.4
      vertex -25.5278 0.849999 0
    endloop
  endfacet
  facet normal -0.896787 -0.442463 0
    outer loop
      vertex -25.5278 0.849999 2.4
      vertex -25.4294 0.650561 0
      vertex -25.4294 0.650561 2.4
    endloop
  endfacet
  facet normal 0.997872 -0.0652074 0
    outer loop
      vertex -28.7 0 2.4
      vertex -28.6855 0.221894 0
      vertex -28.6855 0.221894 2.4
    endloop
  endfacet
  facet normal 0.997872 -0.0652074 0
    outer loop
      vertex -28.6855 0.221894 0
      vertex -28.7 0 2.4
      vertex -28.7 0 0
    endloop
  endfacet
  facet normal 0.321403 0.946943 -0
    outer loop
      vertex -27.44 -1.64207 0
      vertex -27.6506 -1.57059 2.4
      vertex -27.44 -1.64207 2.4
    endloop
  endfacet
  facet normal 0.321403 0.946943 0
    outer loop
      vertex -27.6506 -1.57059 2.4
      vertex -27.44 -1.64207 0
      vertex -27.6506 -1.57059 0
    endloop
  endfacet
  facet normal 0.442349 -0.896843 0
    outer loop
      vertex -27.85 1.47224 0
      vertex -27.6506 1.57059 2.4
      vertex -27.85 1.47224 2.4
    endloop
  endfacet
  facet normal 0.442349 -0.896843 0
    outer loop
      vertex -27.6506 1.57059 2.4
      vertex -27.85 1.47224 0
      vertex -27.6506 1.57059 0
    endloop
  endfacet
  facet normal 0.831553 -0.555445 0
    outer loop
      vertex -28.4722 0.849999 2.4
      vertex -28.3487 1.03489 0
      vertex -28.3487 1.03489 2.4
    endloop
  endfacet
  facet normal 0.831553 -0.555445 0
    outer loop
      vertex -28.3487 1.03489 0
      vertex -28.4722 0.849999 2.4
      vertex -28.4722 0.849999 0
    endloop
  endfacet
  facet normal 0.555551 0.831483 -0
    outer loop
      vertex -27.85 -1.47224 0
      vertex -28.0349 -1.3487 2.4
      vertex -27.85 -1.47224 2.4
    endloop
  endfacet
  facet normal 0.555551 0.831483 0
    outer loop
      vertex -28.0349 -1.3487 2.4
      vertex -27.85 -1.47224 0
      vertex -28.0349 -1.3487 0
    endloop
  endfacet
  facet normal 0.39327 0.588568 0.706347
    outer loop
      vertex -28.65 -2.85788 4
      vertex -28.0349 -1.3487 2.4
      vertex -29.0089 -2.61807 4
    endloop
  endfacet
  facet normal 0.313123 0.634842 0.70635
    outer loop
      vertex -27.6506 -1.57059 2.4
      vertex -27.85 -1.47224 2.4
      vertex -28.65 -2.85788 4
    endloop
  endfacet
  facet normal -0.70635 -0.0462443 0.70635
    outer loop
      vertex -23.7 0 4
      vertex -23.7282 0.430736 4
      vertex -25.3 0 2.4
    endloop
  endfacet
  facet normal -0.706365 -0.0461585 0.706341
    outer loop
      vertex -25.3 0 2.4
      vertex -23.7282 0.430736 4
      vertex -25.3145 0.221894 2.4
    endloop
  endfacet
  facet normal -0.466684 0.532238 0.706349
    outer loop
      vertex -24.9911 -2.61807 4
      vertex -24.6665 -2.33345 4
      vertex -25.9651 -1.3487 2.4
    endloop
  endfacet
  facet normal 0.22751 -0.670307 0.706349
    outer loop
      vertex -27.6506 1.57059 2.4
      vertex -27.44 1.64207 2.4
      vertex -28.2629 3.0488 4
    endloop
  endfacet
  facet normal 0.694263 -0.138077 0.706352
    outer loop
      vertex -28.6421 0.439992 2.4
      vertex -30.1876 0.854102 4
      vertex -30.2718 0.430736 4
    endloop
  endfacet
  facet normal 0.466684 -0.532238 0.706349
    outer loop
      vertex -28.0349 1.3487 2.4
      vertex -29.0089 2.61807 4
      vertex -29.3335 2.33345 4
    endloop
  endfacet
  facet normal 0.634789 0.313196 0.706365
    outer loop
      vertex -28.4722 -0.849999 2.4
      vertex -28.5706 -0.650561 2.4
      vertex -29.8579 -1.65 4
    endloop
  endfacet
  facet normal -0.22751 0.670307 0.706349
    outer loop
      vertex -25.7371 -3.0488 4
      vertex -26.3494 -1.57059 2.4
      vertex -26.56 -1.64207 2.4
    endloop
  endfacet
  facet normal -0.13812 -0.694261 0.706346
    outer loop
      vertex -26.56 1.64207 2.4
      vertex -26.5693 3.27177 4
      vertex -26.7781 1.68546 2.4
    endloop
  endfacet
  facet normal -0.634789 0.313196 0.706365
    outer loop
      vertex -24.1421 -1.65 4
      vertex -25.4294 -0.650561 2.4
      vertex -25.5278 -0.849999 2.4
    endloop
  endfacet
  facet normal -0.0462836 0.706351 0.706347
    outer loop
      vertex -26.5693 -3.27177 4
      vertex -26.7781 -1.68546 2.4
      vertex -27 -1.7 2.4
    endloop
  endfacet
  facet normal -0.138098 0.694263 0.706348
    outer loop
      vertex -26.1459 -3.18755 4
      vertex -26.56 -1.64207 2.4
      vertex -26.5693 -3.27177 4
    endloop
  endfacet
  facet normal 0.227508 0.670307 0.706349
    outer loop
      vertex -27.8541 -3.18755 4
      vertex -27.44 -1.64207 2.4
      vertex -28.2629 -3.0488 4
    endloop
  endfacet
  facet normal -0.313111 -0.634849 0.706349
    outer loop
      vertex -25.35 2.85788 4
      vertex -25.7371 3.0488 4
      vertex -26.3494 1.57059 2.4
    endloop
  endfacet
  facet normal 0.532232 -0.466686 0.706352
    outer loop
      vertex -28.3487 1.03489 2.4
      vertex -28.2021 1.20208 2.4
      vertex -29.3335 2.33345 4
    endloop
  endfacet
  facet normal -0.70635 0.0462443 0.70635
    outer loop
      vertex -23.7282 -0.430736 4
      vertex -23.7 0 4
      vertex -25.3 0 2.4
    endloop
  endfacet
  facet normal 0.694256 -0.138152 0.706344
    outer loop
      vertex -28.6855 0.221894 2.4
      vertex -28.6421 0.439992 2.4
      vertex -30.2718 0.430736 4
    endloop
  endfacet
  facet normal 0.13812 0.694261 0.706346
    outer loop
      vertex -27.4307 -3.27177 4
      vertex -27.2219 -1.68546 2.4
      vertex -27.44 -1.64207 2.4
    endloop
  endfacet
  facet normal 0.313111 -0.634849 0.706349
    outer loop
      vertex -27.6506 1.57059 2.4
      vertex -28.2629 3.0488 4
      vertex -28.65 2.85788 4
    endloop
  endfacet
  facet normal 0.532232 0.466686 0.706352
    outer loop
      vertex -28.2021 -1.20208 2.4
      vertex -28.3487 -1.03489 2.4
      vertex -29.3335 -2.33345 4
    endloop
  endfacet
  facet normal -0.670277 0.227597 0.706349
    outer loop
      vertex -23.9512 -1.26285 4
      vertex -25.3579 -0.439992 2.4
      vertex -25.4294 -0.650561 2.4
    endloop
  endfacet
  facet normal -0.532207 -0.46671 0.706355
    outer loop
      vertex -24.3819 2.00891 4
      vertex -24.6665 2.33345 4
      vertex -25.6513 1.03489 2.4
    endloop
  endfacet
  facet normal -0.634879 0.313053 0.706348
    outer loop
      vertex -24.1421 -1.65 4
      vertex -23.9512 -1.26285 4
      vertex -25.4294 -0.650561 2.4
    endloop
  endfacet
  facet normal 0.588575 -0.393247 0.706354
    outer loop
      vertex -28.3487 1.03489 2.4
      vertex -29.6181 2.00891 4
      vertex -29.8579 1.65 4
    endloop
  endfacet
  facet normal -0.22751 -0.670307 0.706349
    outer loop
      vertex -26.3494 1.57059 2.4
      vertex -25.7371 3.0488 4
      vertex -26.56 1.64207 2.4
    endloop
  endfacet
  facet normal 0.70635 0.0462443 0.70635
    outer loop
      vertex -30.2718 -0.430736 4
      vertex -28.7 0 2.4
      vertex -30.3 0 4
    endloop
  endfacet
  facet normal 0.466684 0.532238 0.706349
    outer loop
      vertex -29.0089 -2.61807 4
      vertex -28.0349 -1.3487 2.4
      vertex -29.3335 -2.33345 4
    endloop
  endfacet
  facet normal 0.634789 -0.313196 0.706365
    outer loop
      vertex -28.5706 0.650561 2.4
      vertex -28.4722 0.849999 2.4
      vertex -29.8579 1.65 4
    endloop
  endfacet
  facet normal -0.466706 0.532214 0.706352
    outer loop
      vertex -24.6665 -2.33345 4
      vertex -25.7979 -1.20208 2.4
      vertex -25.9651 -1.3487 2.4
    endloop
  endfacet
  facet normal 0.138098 0.694263 0.706348
    outer loop
      vertex -27.4307 -3.27177 4
      vertex -27.44 -1.64207 2.4
      vertex -27.8541 -3.18755 4
    endloop
  endfacet
  facet normal 0.634879 0.313053 0.706348
    outer loop
      vertex -29.8579 -1.65 4
      vertex -28.5706 -0.650561 2.4
      vertex -30.0488 -1.26285 4
    endloop
  endfacet
  facet normal -0.706365 0.0461585 0.706341
    outer loop
      vertex -23.7282 -0.430736 4
      vertex -25.3 0 2.4
      vertex -25.3145 -0.221894 2.4
    endloop
  endfacet
  facet normal -0.227508 0.670307 0.706349
    outer loop
      vertex -26.1459 -3.18755 4
      vertex -25.7371 -3.0488 4
      vertex -26.56 -1.64207 2.4
    endloop
  endfacet
  facet normal -0.313111 0.634849 0.706349
    outer loop
      vertex -25.7371 -3.0488 4
      vertex -25.35 -2.85788 4
      vertex -26.3494 -1.57059 2.4
    endloop
  endfacet
  facet normal -0.694256 0.138152 0.706344
    outer loop
      vertex -23.7282 -0.430736 4
      vertex -25.3145 -0.221894 2.4
      vertex -25.3579 -0.439992 2.4
    endloop
  endfacet
  facet normal -0.313123 0.634842 0.70635
    outer loop
      vertex -25.35 -2.85788 4
      vertex -26.15 -1.47224 2.4
      vertex -26.3494 -1.57059 2.4
    endloop
  endfacet
  facet normal 0.0462836 0.706351 0.706347
    outer loop
      vertex -27 -1.7 2.4
      vertex -27.2219 -1.68546 2.4
      vertex -27.4307 -3.27177 4
    endloop
  endfacet
  facet normal 0.670272 -0.227607 0.70635
    outer loop
      vertex -28.6421 0.439992 2.4
      vertex -30.0488 1.26285 4
      vertex -30.1876 0.854102 4
    endloop
  endfacet
  facet normal 0.694263 0.138077 0.706352
    outer loop
      vertex -30.1876 -0.854102 4
      vertex -28.6421 -0.439992 2.4
      vertex -30.2718 -0.430736 4
    endloop
  endfacet
  facet normal -0.0462836 -0.706351 0.706347
    outer loop
      vertex -26.7781 1.68546 2.4
      vertex -26.5693 3.27177 4
      vertex -27 1.7 2.4
    endloop
  endfacet
  facet normal -0.670272 0.227607 0.70635
    outer loop
      vertex -23.9512 -1.26285 4
      vertex -23.8124 -0.854102 4
      vertex -25.3579 -0.439992 2.4
    endloop
  endfacet
  facet normal -0.13812 0.694261 0.706346
    outer loop
      vertex -26.5693 -3.27177 4
      vertex -26.56 -1.64207 2.4
      vertex -26.7781 -1.68546 2.4
    endloop
  endfacet
  facet normal 0.138098 -0.694263 0.706348
    outer loop
      vertex -27.44 1.64207 2.4
      vertex -27.4307 3.27177 4
      vertex -27.8541 3.18755 4
    endloop
  endfacet
  facet normal 0.634879 -0.313053 0.706348
    outer loop
      vertex -28.5706 0.650561 2.4
      vertex -29.8579 1.65 4
      vertex -30.0488 1.26285 4
    endloop
  endfacet
  facet normal -0.138098 -0.694263 0.706348
    outer loop
      vertex -26.56 1.64207 2.4
      vertex -26.1459 3.18755 4
      vertex -26.5693 3.27177 4
    endloop
  endfacet
  facet normal 0.532207 -0.46671 0.706355
    outer loop
      vertex -28.3487 1.03489 2.4
      vertex -29.3335 2.33345 4
      vertex -29.6181 2.00891 4
    endloop
  endfacet
  facet normal -0.634879 -0.313053 0.706348
    outer loop
      vertex -23.9512 1.26285 4
      vertex -24.1421 1.65 4
      vertex -25.4294 0.650561 2.4
    endloop
  endfacet
  facet normal 0.670277 0.227597 0.706349
    outer loop
      vertex -28.5706 -0.650561 2.4
      vertex -28.6421 -0.439992 2.4
      vertex -30.0488 -1.26285 4
    endloop
  endfacet
  facet normal -0.532232 0.466686 0.706352
    outer loop
      vertex -24.6665 -2.33345 4
      vertex -25.6513 -1.03489 2.4
      vertex -25.7979 -1.20208 2.4
    endloop
  endfacet
  facet normal -0.532207 0.46671 0.706355
    outer loop
      vertex -24.6665 -2.33345 4
      vertex -24.3819 -2.00891 4
      vertex -25.6513 -1.03489 2.4
    endloop
  endfacet
  facet normal -0.694263 0.138077 0.706352
    outer loop
      vertex -23.8124 -0.854102 4
      vertex -23.7282 -0.430736 4
      vertex -25.3579 -0.439992 2.4
    endloop
  endfacet
  facet normal 0.532207 0.46671 0.706355
    outer loop
      vertex -29.3335 -2.33345 4
      vertex -28.3487 -1.03489 2.4
      vertex -29.6181 -2.00891 4
    endloop
  endfacet
  facet normal 0.466706 0.532214 0.706352
    outer loop
      vertex -28.0349 -1.3487 2.4
      vertex -28.2021 -1.20208 2.4
      vertex -29.3335 -2.33345 4
    endloop
  endfacet
  facet normal 0.466706 -0.532214 0.706352
    outer loop
      vertex -28.2021 1.20208 2.4
      vertex -28.0349 1.3487 2.4
      vertex -29.3335 2.33345 4
    endloop
  endfacet
  facet normal 0.313111 0.634849 0.706349
    outer loop
      vertex -28.2629 -3.0488 4
      vertex -27.6506 -1.57059 2.4
      vertex -28.65 -2.85788 4
    endloop
  endfacet
  facet normal 0.694256 0.138152 0.706344
    outer loop
      vertex -28.6421 -0.439992 2.4
      vertex -28.6855 -0.221894 2.4
      vertex -30.2718 -0.430736 4
    endloop
  endfacet
  facet normal 0.22751 0.670307 0.706349
    outer loop
      vertex -27.44 -1.64207 2.4
      vertex -27.6506 -1.57059 2.4
      vertex -28.2629 -3.0488 4
    endloop
  endfacet
  facet normal 0.706365 0.0461585 0.706341
    outer loop
      vertex -28.6855 -0.221894 2.4
      vertex -28.7 0 2.4
      vertex -30.2718 -0.430736 4
    endloop
  endfacet
  facet normal 0.0462972 0.706349 0.706349
    outer loop
      vertex -27 -3.3 4
      vertex -27 -1.7 2.4
      vertex -27.4307 -3.27177 4
    endloop
  endfacet
  facet normal -0.0462972 0.706349 0.706349
    outer loop
      vertex -26.5693 -3.27177 4
      vertex -27 -1.7 2.4
      vertex -27 -3.3 4
    endloop
  endfacet
  facet normal -0.588575 0.393247 0.706354
    outer loop
      vertex -24.3819 -2.00891 4
      vertex -24.1421 -1.65 4
      vertex -25.6513 -1.03489 2.4
    endloop
  endfacet
  facet normal 0.706365 -0.0461585 0.706341
    outer loop
      vertex -28.7 0 2.4
      vertex -28.6855 0.221894 2.4
      vertex -30.2718 0.430736 4
    endloop
  endfacet
  facet normal 0.70635 -0.0462443 0.70635
    outer loop
      vertex -28.7 0 2.4
      vertex -30.2718 0.430736 4
      vertex -30.3 0 4
    endloop
  endfacet
  facet normal 0.393254 0.588576 0.706349
    outer loop
      vertex -27.85 -1.47224 2.4
      vertex -28.0349 -1.3487 2.4
      vertex -28.65 -2.85788 4
    endloop
  endfacet
  facet normal 0.13812 -0.694261 0.706346
    outer loop
      vertex -27.2219 1.68546 2.4
      vertex -27.4307 3.27177 4
      vertex -27.44 1.64207 2.4
    endloop
  endfacet
  facet normal 0.670277 -0.227597 0.706349
    outer loop
      vertex -28.6421 0.439992 2.4
      vertex -28.5706 0.650561 2.4
      vertex -30.0488 1.26285 4
    endloop
  endfacet
  facet normal 0.0462836 -0.706351 0.706347
    outer loop
      vertex -27.2219 1.68546 2.4
      vertex -27 1.7 2.4
      vertex -27.4307 3.27177 4
    endloop
  endfacet
  facet normal -0.670272 -0.227607 0.70635
    outer loop
      vertex -23.8124 0.854102 4
      vertex -23.9512 1.26285 4
      vertex -25.3579 0.439992 2.4
    endloop
  endfacet
  facet normal 0.588615 -0.393172 0.706363
    outer loop
      vertex -28.4722 0.849999 2.4
      vertex -28.3487 1.03489 2.4
      vertex -29.8579 1.65 4
    endloop
  endfacet
  facet normal 0.227508 -0.670307 0.706349
    outer loop
      vertex -27.44 1.64207 2.4
      vertex -27.8541 3.18755 4
      vertex -28.2629 3.0488 4
    endloop
  endfacet
  facet normal 0.670272 0.227607 0.70635
    outer loop
      vertex -30.0488 -1.26285 4
      vertex -28.6421 -0.439992 2.4
      vertex -30.1876 -0.854102 4
    endloop
  endfacet
  facet normal -0.694263 -0.138077 0.706352
    outer loop
      vertex -23.7282 0.430736 4
      vertex -23.8124 0.854102 4
      vertex -25.3579 0.439992 2.4
    endloop
  endfacet
  facet normal 0.313123 -0.634842 0.70635
    outer loop
      vertex -27.85 1.47224 2.4
      vertex -27.6506 1.57059 2.4
      vertex -28.65 2.85788 4
    endloop
  endfacet
  facet normal -0.588615 0.393172 0.706363
    outer loop
      vertex -24.1421 -1.65 4
      vertex -25.5278 -0.849999 2.4
      vertex -25.6513 -1.03489 2.4
    endloop
  endfacet
  facet normal -0.0462972 -0.706349 0.706349
    outer loop
      vertex -26.5693 3.27177 4
      vertex -27 3.3 4
      vertex -27 1.7 2.4
    endloop
  endfacet
  facet normal 0.0462972 -0.706349 0.706349
    outer loop
      vertex -27 1.7 2.4
      vertex -27 3.3 4
      vertex -27.4307 3.27177 4
    endloop
  endfacet
  facet normal -0.588575 -0.393247 0.706354
    outer loop
      vertex -24.1421 1.65 4
      vertex -24.3819 2.00891 4
      vertex -25.6513 1.03489 2.4
    endloop
  endfacet
  facet normal -0.39327 0.588568 0.706347
    outer loop
      vertex -25.35 -2.85788 4
      vertex -24.9911 -2.61807 4
      vertex -25.9651 -1.3487 2.4
    endloop
  endfacet
  facet normal -0.466684 -0.532238 0.706349
    outer loop
      vertex -24.6665 2.33345 4
      vertex -24.9911 2.61807 4
      vertex -25.9651 1.3487 2.4
    endloop
  endfacet
  facet normal -0.39327 -0.588568 0.706347
    outer loop
      vertex -24.9911 2.61807 4
      vertex -25.35 2.85788 4
      vertex -25.9651 1.3487 2.4
    endloop
  endfacet
  facet normal 0.588615 0.393172 0.706363
    outer loop
      vertex -28.3487 -1.03489 2.4
      vertex -28.4722 -0.849999 2.4
      vertex -29.8579 -1.65 4
    endloop
  endfacet
  facet normal 0.393254 -0.588576 0.706349
    outer loop
      vertex -28.0349 1.3487 2.4
      vertex -27.85 1.47224 2.4
      vertex -28.65 2.85788 4
    endloop
  endfacet
  facet normal 0.588575 0.393247 0.706354
    outer loop
      vertex -29.6181 -2.00891 4
      vertex -28.3487 -1.03489 2.4
      vertex -29.8579 -1.65 4
    endloop
  endfacet
  facet normal -0.227508 -0.670307 0.706349
    outer loop
      vertex -25.7371 3.0488 4
      vertex -26.1459 3.18755 4
      vertex -26.56 1.64207 2.4
    endloop
  endfacet
  facet normal -0.393254 -0.588576 0.706349
    outer loop
      vertex -25.9651 1.3487 2.4
      vertex -25.35 2.85788 4
      vertex -26.15 1.47224 2.4
    endloop
  endfacet
  facet normal 0.39327 -0.588568 0.706347
    outer loop
      vertex -28.0349 1.3487 2.4
      vertex -28.65 2.85788 4
      vertex -29.0089 2.61807 4
    endloop
  endfacet
  facet normal -0.634789 -0.313196 0.706365
    outer loop
      vertex -25.4294 0.650561 2.4
      vertex -24.1421 1.65 4
      vertex -25.5278 0.849999 2.4
    endloop
  endfacet
  facet normal -0.393254 0.588576 0.706349
    outer loop
      vertex -25.35 -2.85788 4
      vertex -25.9651 -1.3487 2.4
      vertex -26.15 -1.47224 2.4
    endloop
  endfacet
  facet normal -0.588615 -0.393172 0.706363
    outer loop
      vertex -25.5278 0.849999 2.4
      vertex -24.1421 1.65 4
      vertex -25.6513 1.03489 2.4
    endloop
  endfacet
  facet normal -0.694256 -0.138152 0.706344
    outer loop
      vertex -25.3145 0.221894 2.4
      vertex -23.7282 0.430736 4
      vertex -25.3579 0.439992 2.4
    endloop
  endfacet
  facet normal -0.466706 -0.532214 0.706352
    outer loop
      vertex -25.7979 1.20208 2.4
      vertex -24.6665 2.33345 4
      vertex -25.9651 1.3487 2.4
    endloop
  endfacet
  facet normal -0.532232 -0.466686 0.706352
    outer loop
      vertex -25.6513 1.03489 2.4
      vertex -24.6665 2.33345 4
      vertex -25.7979 1.20208 2.4
    endloop
  endfacet
  facet normal -0.313123 -0.634842 0.70635
    outer loop
      vertex -26.15 1.47224 2.4
      vertex -25.35 2.85788 4
      vertex -26.3494 1.57059 2.4
    endloop
  endfacet
  facet normal -0.670277 -0.227597 0.706349
    outer loop
      vertex -25.3579 0.439992 2.4
      vertex -23.9512 1.26285 4
      vertex -25.4294 0.650561 2.4
    endloop
  endfacet
  facet normal 0.195167 0 -0.98077
    outer loop
      vertex -0.439992 -12 31.6421
      vertex -0.221894 -8.5 31.6855
      vertex -0.221894 -12 31.6855
    endloop
  endfacet
  facet normal 0.195167 0 -0.98077
    outer loop
      vertex -0.221894 -8.5 31.6855
      vertex -0.439992 -12 31.6421
      vertex -0.439992 -8.5 31.6421
    endloop
  endfacet
  facet normal 0.195167 0 -0.98077
    outer loop
      vertex -0.439992 8.5 31.6421
      vertex -0.221894 12 31.6855
      vertex -0.221894 8.5 31.6855
    endloop
  endfacet
  facet normal 0.195167 0 -0.98077
    outer loop
      vertex -0.221894 12 31.6855
      vertex -0.439992 8.5 31.6421
      vertex -0.439992 12 31.6421
    endloop
  endfacet
  facet normal -0.980779 0 -0.195122
    outer loop
      vertex 1.68546 -12 30.2219
      vertex 1.64207 -8.5 30.44
      vertex 1.68546 -8.5 30.2219
    endloop
  endfacet
  facet normal -0.980779 -0 -0.195122
    outer loop
      vertex 1.64207 -8.5 30.44
      vertex 1.68546 -12 30.2219
      vertex 1.64207 -12 30.44
    endloop
  endfacet
  facet normal -0.980779 0 -0.195122
    outer loop
      vertex 1.68546 8.5 30.2219
      vertex 1.64207 12 30.44
      vertex 1.68546 12 30.2219
    endloop
  endfacet
  facet normal -0.980779 -0 -0.195122
    outer loop
      vertex 1.64207 12 30.44
      vertex 1.68546 8.5 30.2219
      vertex 1.64207 8.5 30.44
    endloop
  endfacet
  facet normal -0.99786 0 -0.0653848
    outer loop
      vertex 1.7 -12 30
      vertex 1.68546 -8.5 30.2219
      vertex 1.7 -8.5 30
    endloop
  endfacet
  facet normal -0.99786 -0 -0.0653848
    outer loop
      vertex 1.68546 -8.5 30.2219
      vertex 1.7 -12 30
      vertex 1.68546 -12 30.2219
    endloop
  endfacet
  facet normal -0.99786 0 -0.0653848
    outer loop
      vertex 1.7 8.5 30
      vertex 1.68546 12 30.2219
      vertex 1.7 12 30
    endloop
  endfacet
  facet normal -0.99786 -0 -0.0653848
    outer loop
      vertex 1.68546 12 30.2219
      vertex 1.7 8.5 30
      vertex 1.68546 8.5 30.2219
    endloop
  endfacet
  facet normal 0.442463 0 -0.896787
    outer loop
      vertex -0.849999 -12 31.4722
      vertex -0.650561 -8.5 31.5706
      vertex -0.650561 -12 31.5706
    endloop
  endfacet
  facet normal 0.442463 0 -0.896787
    outer loop
      vertex -0.650561 -8.5 31.5706
      vertex -0.849999 -12 31.4722
      vertex -0.849999 -8.5 31.4722
    endloop
  endfacet
  facet normal 0.442463 0 -0.896787
    outer loop
      vertex -0.849999 8.5 31.4722
      vertex -0.650561 12 31.5706
      vertex -0.650561 8.5 31.5706
    endloop
  endfacet
  facet normal 0.442463 0 -0.896787
    outer loop
      vertex -0.650561 12 31.5706
      vertex -0.849999 8.5 31.4722
      vertex -0.849999 12 31.4722
    endloop
  endfacet
  facet normal -0.195167 0 0.98077
    outer loop
      vertex 0.221894 -8.5 28.3145
      vertex 0.439992 -12 28.3579
      vertex 0.439992 -8.5 28.3579
    endloop
  endfacet
  facet normal -0.195167 0 0.98077
    outer loop
      vertex 0.439992 -12 28.3579
      vertex 0.221894 -8.5 28.3145
      vertex 0.221894 -12 28.3145
    endloop
  endfacet
  facet normal -0.195167 0 0.98077
    outer loop
      vertex 0.221894 12 28.3145
      vertex 0.439992 8.5 28.3579
      vertex 0.439992 12 28.3579
    endloop
  endfacet
  facet normal -0.195167 0 0.98077
    outer loop
      vertex 0.439992 8.5 28.3579
      vertex 0.221894 12 28.3145
      vertex 0.221894 8.5 28.3145
    endloop
  endfacet
  facet normal -0.831483 0 -0.555551
    outer loop
      vertex 1.47224 -12 30.85
      vertex 1.3487 -8.5 31.0349
      vertex 1.47224 -8.5 30.85
    endloop
  endfacet
  facet normal -0.831483 -0 -0.555551
    outer loop
      vertex 1.3487 -8.5 31.0349
      vertex 1.47224 -12 30.85
      vertex 1.3487 -12 31.0349
    endloop
  endfacet
  facet normal -0.831483 0 -0.555551
    outer loop
      vertex 1.47224 8.5 30.85
      vertex 1.3487 12 31.0349
      vertex 1.47224 12 30.85
    endloop
  endfacet
  facet normal -0.831483 -0 -0.555551
    outer loop
      vertex 1.3487 12 31.0349
      vertex 1.47224 8.5 30.85
      vertex 1.3487 8.5 31.0349
    endloop
  endfacet
  facet normal -0.321526 0 0.946901
    outer loop
      vertex 0.439992 -8.5 28.3579
      vertex 0.650561 -12 28.4294
      vertex 0.650561 -8.5 28.4294
    endloop
  endfacet
  facet normal -0.321526 0 0.946901
    outer loop
      vertex 0.650561 -12 28.4294
      vertex 0.439992 -8.5 28.3579
      vertex 0.439992 -12 28.3579
    endloop
  endfacet
  facet normal -0.321526 0 0.946901
    outer loop
      vertex 0.439992 12 28.3579
      vertex 0.650561 8.5 28.4294
      vertex 0.650561 12 28.4294
    endloop
  endfacet
  facet normal -0.321526 0 0.946901
    outer loop
      vertex 0.650561 8.5 28.4294
      vertex 0.439992 12 28.3579
      vertex 0.439992 8.5 28.3579
    endloop
  endfacet
  facet normal 0.659291 0 -0.751888
    outer loop
      vertex -1.20208 -12 31.2021
      vertex -1.03489 -8.5 31.3487
      vertex -1.03489 -12 31.3487
    endloop
  endfacet
  facet normal 0.659291 0 -0.751888
    outer loop
      vertex -1.03489 -8.5 31.3487
      vertex -1.20208 -12 31.2021
      vertex -1.20208 -8.5 31.2021
    endloop
  endfacet
  facet normal 0.659291 0 -0.751888
    outer loop
      vertex -1.20208 8.5 31.2021
      vertex -1.03489 12 31.3487
      vertex -1.03489 8.5 31.3487
    endloop
  endfacet
  facet normal 0.659291 0 -0.751888
    outer loop
      vertex -1.03489 12 31.3487
      vertex -1.20208 8.5 31.2021
      vertex -1.20208 12 31.2021
    endloop
  endfacet
  facet normal 0.0652074 0 -0.997872
    outer loop
      vertex -0.221894 -12 31.6855
      vertex 0 -8.5 31.7
      vertex 0 -12 31.7
    endloop
  endfacet
  facet normal 0.0652074 0 -0.997872
    outer loop
      vertex 0 -8.5 31.7
      vertex -0.221894 -12 31.6855
      vertex -0.221894 -8.5 31.6855
    endloop
  endfacet
  facet normal 0.0652074 0 -0.997872
    outer loop
      vertex -0.221894 8.5 31.6855
      vertex 0 12 31.7
      vertex 0 8.5 31.7
    endloop
  endfacet
  facet normal 0.0652074 0 -0.997872
    outer loop
      vertex 0 12 31.7
      vertex -0.221894 8.5 31.6855
      vertex -0.221894 12 31.6855
    endloop
  endfacet
  facet normal -0.946943 0 0.321403
    outer loop
      vertex 1.57059 -12 29.3494
      vertex 1.64207 -8.5 29.56
      vertex 1.57059 -8.5 29.3494
    endloop
  endfacet
  facet normal -0.946943 0 0.321403
    outer loop
      vertex 1.64207 -8.5 29.56
      vertex 1.57059 -12 29.3494
      vertex 1.64207 -12 29.56
    endloop
  endfacet
  facet normal -0.946943 0 0.321403
    outer loop
      vertex 1.57059 8.5 29.3494
      vertex 1.64207 12 29.56
      vertex 1.57059 12 29.3494
    endloop
  endfacet
  facet normal -0.946943 0 0.321403
    outer loop
      vertex 1.64207 12 29.56
      vertex 1.57059 8.5 29.3494
      vertex 1.64207 8.5 29.56
    endloop
  endfacet
  facet normal -0.321526 0 -0.946901
    outer loop
      vertex 0.439992 -12 31.6421
      vertex 0.650561 -8.5 31.5706
      vertex 0.650561 -12 31.5706
    endloop
  endfacet
  facet normal -0.321526 0 -0.946901
    outer loop
      vertex 0.650561 -8.5 31.5706
      vertex 0.439992 -12 31.6421
      vertex 0.439992 -8.5 31.6421
    endloop
  endfacet
  facet normal -0.321526 0 -0.946901
    outer loop
      vertex 0.439992 8.5 31.6421
      vertex 0.650561 12 31.5706
      vertex 0.650561 8.5 31.5706
    endloop
  endfacet
  facet normal -0.321526 0 -0.946901
    outer loop
      vertex 0.650561 12 31.5706
      vertex 0.439992 8.5 31.6421
      vertex 0.439992 12 31.6421
    endloop
  endfacet
  facet normal 0.751863 -0 0.659319
    outer loop
      vertex -1.3487 -12 28.9651
      vertex -1.20208 -8.5 28.7979
      vertex -1.3487 -8.5 28.9651
    endloop
  endfacet
  facet normal 0.751863 0 0.659319
    outer loop
      vertex -1.20208 -8.5 28.7979
      vertex -1.3487 -12 28.9651
      vertex -1.20208 -12 28.7979
    endloop
  endfacet
  facet normal 0.751863 -0 0.659319
    outer loop
      vertex -1.3487 8.5 28.9651
      vertex -1.20208 12 28.7979
      vertex -1.3487 12 28.9651
    endloop
  endfacet
  facet normal 0.751863 0 0.659319
    outer loop
      vertex -1.20208 12 28.7979
      vertex -1.3487 8.5 28.9651
      vertex -1.20208 8.5 28.7979
    endloop
  endfacet
  facet normal -0.896843 0 0.442349
    outer loop
      vertex 1.47224 -12 29.15
      vertex 1.57059 -8.5 29.3494
      vertex 1.47224 -8.5 29.15
    endloop
  endfacet
  facet normal -0.896843 0 0.442349
    outer loop
      vertex 1.57059 -8.5 29.3494
      vertex 1.47224 -12 29.15
      vertex 1.57059 -12 29.3494
    endloop
  endfacet
  facet normal -0.896843 0 0.442349
    outer loop
      vertex 1.47224 8.5 29.15
      vertex 1.57059 12 29.3494
      vertex 1.47224 12 29.15
    endloop
  endfacet
  facet normal -0.896843 0 0.442349
    outer loop
      vertex 1.57059 12 29.3494
      vertex 1.47224 8.5 29.15
      vertex 1.57059 8.5 29.3494
    endloop
  endfacet
  facet normal -0.195167 0 -0.98077
    outer loop
      vertex 0.221894 -12 31.6855
      vertex 0.439992 -8.5 31.6421
      vertex 0.439992 -12 31.6421
    endloop
  endfacet
  facet normal -0.195167 0 -0.98077
    outer loop
      vertex 0.439992 -8.5 31.6421
      vertex 0.221894 -12 31.6855
      vertex 0.221894 -8.5 31.6855
    endloop
  endfacet
  facet normal -0.195167 0 -0.98077
    outer loop
      vertex 0.221894 8.5 31.6855
      vertex 0.439992 12 31.6421
      vertex 0.439992 8.5 31.6421
    endloop
  endfacet
  facet normal -0.195167 0 -0.98077
    outer loop
      vertex 0.439992 12 31.6421
      vertex 0.221894 8.5 31.6855
      vertex 0.221894 12 31.6855
    endloop
  endfacet
  facet normal -0.751863 0 0.659319
    outer loop
      vertex 1.20208 -12 28.7979
      vertex 1.3487 -8.5 28.9651
      vertex 1.20208 -8.5 28.7979
    endloop
  endfacet
  facet normal -0.751863 0 0.659319
    outer loop
      vertex 1.3487 -8.5 28.9651
      vertex 1.20208 -12 28.7979
      vertex 1.3487 -12 28.9651
    endloop
  endfacet
  facet normal -0.751863 0 0.659319
    outer loop
      vertex 1.20208 8.5 28.7979
      vertex 1.3487 12 28.9651
      vertex 1.20208 12 28.7979
    endloop
  endfacet
  facet normal -0.751863 0 0.659319
    outer loop
      vertex 1.3487 12 28.9651
      vertex 1.20208 8.5 28.7979
      vertex 1.3487 8.5 28.9651
    endloop
  endfacet
  facet normal 0.980779 -0 0.195122
    outer loop
      vertex -1.68546 -12 29.7781
      vertex -1.64207 -8.5 29.56
      vertex -1.68546 -8.5 29.7781
    endloop
  endfacet
  facet normal 0.980779 0 0.195122
    outer loop
      vertex -1.64207 -8.5 29.56
      vertex -1.68546 -12 29.7781
      vertex -1.64207 -12 29.56
    endloop
  endfacet
  facet normal 0.980779 -0 0.195122
    outer loop
      vertex -1.68546 8.5 29.7781
      vertex -1.64207 12 29.56
      vertex -1.68546 12 29.7781
    endloop
  endfacet
  facet normal 0.980779 0 0.195122
    outer loop
      vertex -1.64207 12 29.56
      vertex -1.68546 8.5 29.7781
      vertex -1.64207 8.5 29.56
    endloop
  endfacet
  facet normal -0.555445 0 0.831553
    outer loop
      vertex 0.849999 -8.5 28.5278
      vertex 1.03489 -12 28.6513
      vertex 1.03489 -8.5 28.6513
    endloop
  endfacet
  facet normal -0.555445 0 0.831553
    outer loop
      vertex 1.03489 -12 28.6513
      vertex 0.849999 -8.5 28.5278
      vertex 0.849999 -12 28.5278
    endloop
  endfacet
  facet normal -0.555445 0 0.831553
    outer loop
      vertex 0.849999 12 28.5278
      vertex 1.03489 8.5 28.6513
      vertex 1.03489 12 28.6513
    endloop
  endfacet
  facet normal -0.555445 0 0.831553
    outer loop
      vertex 1.03489 8.5 28.6513
      vertex 0.849999 12 28.5278
      vertex 0.849999 8.5 28.5278
    endloop
  endfacet
  facet normal -0.442463 0 -0.896787
    outer loop
      vertex 0.650561 -12 31.5706
      vertex 0.849999 -8.5 31.4722
      vertex 0.849999 -12 31.4722
    endloop
  endfacet
  facet normal -0.442463 0 -0.896787
    outer loop
      vertex 0.849999 -8.5 31.4722
      vertex 0.650561 -12 31.5706
      vertex 0.650561 -8.5 31.5706
    endloop
  endfacet
  facet normal -0.442463 0 -0.896787
    outer loop
      vertex 0.650561 8.5 31.5706
      vertex 0.849999 12 31.4722
      vertex 0.849999 8.5 31.4722
    endloop
  endfacet
  facet normal -0.442463 0 -0.896787
    outer loop
      vertex 0.849999 12 31.4722
      vertex 0.650561 8.5 31.5706
      vertex 0.650561 12 31.5706
    endloop
  endfacet
  facet normal 0.831483 0 -0.555551
    outer loop
      vertex -1.3487 -12 31.0349
      vertex -1.47224 -8.5 30.85
      vertex -1.3487 -8.5 31.0349
    endloop
  endfacet
  facet normal 0.831483 0 -0.555551
    outer loop
      vertex -1.47224 -8.5 30.85
      vertex -1.3487 -12 31.0349
      vertex -1.47224 -12 30.85
    endloop
  endfacet
  facet normal 0.831483 0 -0.555551
    outer loop
      vertex -1.3487 8.5 31.0349
      vertex -1.47224 12 30.85
      vertex -1.3487 12 31.0349
    endloop
  endfacet
  facet normal 0.831483 0 -0.555551
    outer loop
      vertex -1.47224 12 30.85
      vertex -1.3487 8.5 31.0349
      vertex -1.47224 8.5 30.85
    endloop
  endfacet
  facet normal 0.659291 0 0.751888
    outer loop
      vertex -1.20208 -8.5 28.7979
      vertex -1.03489 -12 28.6513
      vertex -1.03489 -8.5 28.6513
    endloop
  endfacet
  facet normal 0.659291 0 0.751888
    outer loop
      vertex -1.03489 -12 28.6513
      vertex -1.20208 -8.5 28.7979
      vertex -1.20208 -12 28.7979
    endloop
  endfacet
  facet normal 0.659291 0 0.751888
    outer loop
      vertex -1.20208 12 28.7979
      vertex -1.03489 8.5 28.6513
      vertex -1.03489 12 28.6513
    endloop
  endfacet
  facet normal 0.659291 0 0.751888
    outer loop
      vertex -1.03489 8.5 28.6513
      vertex -1.20208 12 28.7979
      vertex -1.20208 8.5 28.7979
    endloop
  endfacet
  facet normal -0.659291 0 -0.751888
    outer loop
      vertex 1.03489 -12 31.3487
      vertex 1.20208 -8.5 31.2021
      vertex 1.20208 -12 31.2021
    endloop
  endfacet
  facet normal -0.659291 0 -0.751888
    outer loop
      vertex 1.20208 -8.5 31.2021
      vertex 1.03489 -12 31.3487
      vertex 1.03489 -8.5 31.3487
    endloop
  endfacet
  facet normal -0.659291 0 -0.751888
    outer loop
      vertex 1.03489 8.5 31.3487
      vertex 1.20208 12 31.2021
      vertex 1.20208 8.5 31.2021
    endloop
  endfacet
  facet normal -0.659291 0 -0.751888
    outer loop
      vertex 1.20208 12 31.2021
      vertex 1.03489 8.5 31.3487
      vertex 1.03489 12 31.3487
    endloop
  endfacet
  facet normal -0.980779 0 0.195122
    outer loop
      vertex 1.64207 -12 29.56
      vertex 1.68546 -8.5 29.7781
      vertex 1.64207 -8.5 29.56
    endloop
  endfacet
  facet normal -0.980779 0 0.195122
    outer loop
      vertex 1.68546 -8.5 29.7781
      vertex 1.64207 -12 29.56
      vertex 1.68546 -12 29.7781
    endloop
  endfacet
  facet normal -0.980779 0 0.195122
    outer loop
      vertex 1.64207 8.5 29.56
      vertex 1.68546 12 29.7781
      vertex 1.64207 12 29.56
    endloop
  endfacet
  facet normal -0.980779 0 0.195122
    outer loop
      vertex 1.68546 12 29.7781
      vertex 1.64207 8.5 29.56
      vertex 1.68546 8.5 29.7781
    endloop
  endfacet
  facet normal 0.751863 0 -0.659319
    outer loop
      vertex -1.20208 -12 31.2021
      vertex -1.3487 -8.5 31.0349
      vertex -1.20208 -8.5 31.2021
    endloop
  endfacet
  facet normal 0.751863 0 -0.659319
    outer loop
      vertex -1.3487 -8.5 31.0349
      vertex -1.20208 -12 31.2021
      vertex -1.3487 -12 31.0349
    endloop
  endfacet
  facet normal 0.751863 0 -0.659319
    outer loop
      vertex -1.20208 8.5 31.2021
      vertex -1.3487 12 31.0349
      vertex -1.20208 12 31.2021
    endloop
  endfacet
  facet normal 0.751863 0 -0.659319
    outer loop
      vertex -1.3487 12 31.0349
      vertex -1.20208 8.5 31.2021
      vertex -1.3487 8.5 31.0349
    endloop
  endfacet
  facet normal 0.555445 0 -0.831553
    outer loop
      vertex -1.03489 -12 31.3487
      vertex -0.849999 -8.5 31.4722
      vertex -0.849999 -12 31.4722
    endloop
  endfacet
  facet normal 0.555445 0 -0.831553
    outer loop
      vertex -0.849999 -8.5 31.4722
      vertex -1.03489 -12 31.3487
      vertex -1.03489 -8.5 31.3487
    endloop
  endfacet
  facet normal 0.555445 0 -0.831553
    outer loop
      vertex -1.03489 8.5 31.3487
      vertex -0.849999 12 31.4722
      vertex -0.849999 8.5 31.4722
    endloop
  endfacet
  facet normal 0.555445 0 -0.831553
    outer loop
      vertex -0.849999 12 31.4722
      vertex -1.03489 8.5 31.3487
      vertex -1.03489 12 31.3487
    endloop
  endfacet
  facet normal -0.555445 0 -0.831553
    outer loop
      vertex 0.849999 -12 31.4722
      vertex 1.03489 -8.5 31.3487
      vertex 1.03489 -12 31.3487
    endloop
  endfacet
  facet normal -0.555445 0 -0.831553
    outer loop
      vertex 1.03489 -8.5 31.3487
      vertex 0.849999 -12 31.4722
      vertex 0.849999 -8.5 31.4722
    endloop
  endfacet
  facet normal -0.555445 0 -0.831553
    outer loop
      vertex 0.849999 8.5 31.4722
      vertex 1.03489 12 31.3487
      vertex 1.03489 8.5 31.3487
    endloop
  endfacet
  facet normal -0.555445 0 -0.831553
    outer loop
      vertex 1.03489 12 31.3487
      vertex 0.849999 8.5 31.4722
      vertex 0.849999 12 31.4722
    endloop
  endfacet
  facet normal -0.0652074 0 -0.997872
    outer loop
      vertex 0 -12 31.7
      vertex 0.221894 -8.5 31.6855
      vertex 0.221894 -12 31.6855
    endloop
  endfacet
  facet normal -0.0652074 0 -0.997872
    outer loop
      vertex 0.221894 -8.5 31.6855
      vertex 0 -12 31.7
      vertex 0 -8.5 31.7
    endloop
  endfacet
  facet normal -0.0652074 0 -0.997872
    outer loop
      vertex 0 8.5 31.7
      vertex 0.221894 12 31.6855
      vertex 0.221894 8.5 31.6855
    endloop
  endfacet
  facet normal -0.0652074 0 -0.997872
    outer loop
      vertex 0.221894 12 31.6855
      vertex 0 8.5 31.7
      vertex 0 12 31.7
    endloop
  endfacet
  facet normal -0.896843 0 -0.442349
    outer loop
      vertex 1.57059 -12 30.6506
      vertex 1.47224 -8.5 30.85
      vertex 1.57059 -8.5 30.6506
    endloop
  endfacet
  facet normal -0.896843 -0 -0.442349
    outer loop
      vertex 1.47224 -8.5 30.85
      vertex 1.57059 -12 30.6506
      vertex 1.47224 -12 30.85
    endloop
  endfacet
  facet normal -0.896843 0 -0.442349
    outer loop
      vertex 1.57059 8.5 30.6506
      vertex 1.47224 12 30.85
      vertex 1.57059 12 30.6506
    endloop
  endfacet
  facet normal -0.896843 -0 -0.442349
    outer loop
      vertex 1.47224 12 30.85
      vertex 1.57059 8.5 30.6506
      vertex 1.47224 8.5 30.85
    endloop
  endfacet
  facet normal 0.946943 -0 0.321403
    outer loop
      vertex -1.64207 -12 29.56
      vertex -1.57059 -8.5 29.3494
      vertex -1.64207 -8.5 29.56
    endloop
  endfacet
  facet normal 0.946943 0 0.321403
    outer loop
      vertex -1.57059 -8.5 29.3494
      vertex -1.64207 -12 29.56
      vertex -1.57059 -12 29.3494
    endloop
  endfacet
  facet normal 0.946943 -0 0.321403
    outer loop
      vertex -1.64207 8.5 29.56
      vertex -1.57059 12 29.3494
      vertex -1.64207 12 29.56
    endloop
  endfacet
  facet normal 0.946943 0 0.321403
    outer loop
      vertex -1.57059 12 29.3494
      vertex -1.64207 8.5 29.56
      vertex -1.57059 8.5 29.3494
    endloop
  endfacet
  facet normal -0.0652074 0 0.997872
    outer loop
      vertex 0 -8.5 28.3
      vertex 0.221894 -12 28.3145
      vertex 0.221894 -8.5 28.3145
    endloop
  endfacet
  facet normal -0.0652074 0 0.997872
    outer loop
      vertex 0.221894 -12 28.3145
      vertex 0 -8.5 28.3
      vertex 0 -12 28.3
    endloop
  endfacet
  facet normal -0.0652074 0 0.997872
    outer loop
      vertex 0 12 28.3
      vertex 0.221894 8.5 28.3145
      vertex 0.221894 12 28.3145
    endloop
  endfacet
  facet normal -0.0652074 0 0.997872
    outer loop
      vertex 0.221894 8.5 28.3145
      vertex 0 12 28.3
      vertex 0 8.5 28.3
    endloop
  endfacet
  facet normal -0.442463 0 0.896787
    outer loop
      vertex 0.650561 -8.5 28.4294
      vertex 0.849999 -12 28.5278
      vertex 0.849999 -8.5 28.5278
    endloop
  endfacet
  facet normal -0.442463 0 0.896787
    outer loop
      vertex 0.849999 -12 28.5278
      vertex 0.650561 -8.5 28.4294
      vertex 0.650561 -12 28.4294
    endloop
  endfacet
  facet normal -0.442463 0 0.896787
    outer loop
      vertex 0.650561 12 28.4294
      vertex 0.849999 8.5 28.5278
      vertex 0.849999 12 28.5278
    endloop
  endfacet
  facet normal -0.442463 0 0.896787
    outer loop
      vertex 0.849999 8.5 28.5278
      vertex 0.650561 12 28.4294
      vertex 0.650561 8.5 28.4294
    endloop
  endfacet
  facet normal -0.946943 0 -0.321403
    outer loop
      vertex 1.64207 -12 30.44
      vertex 1.57059 -8.5 30.6506
      vertex 1.64207 -8.5 30.44
    endloop
  endfacet
  facet normal -0.946943 -0 -0.321403
    outer loop
      vertex 1.57059 -8.5 30.6506
      vertex 1.64207 -12 30.44
      vertex 1.57059 -12 30.6506
    endloop
  endfacet
  facet normal -0.946943 0 -0.321403
    outer loop
      vertex 1.64207 8.5 30.44
      vertex 1.57059 12 30.6506
      vertex 1.64207 12 30.44
    endloop
  endfacet
  facet normal -0.946943 -0 -0.321403
    outer loop
      vertex 1.57059 12 30.6506
      vertex 1.64207 8.5 30.44
      vertex 1.57059 8.5 30.6506
    endloop
  endfacet
  facet normal -0.751863 0 -0.659319
    outer loop
      vertex 1.3487 -12 31.0349
      vertex 1.20208 -8.5 31.2021
      vertex 1.3487 -8.5 31.0349
    endloop
  endfacet
  facet normal -0.751863 -0 -0.659319
    outer loop
      vertex 1.20208 -8.5 31.2021
      vertex 1.3487 -12 31.0349
      vertex 1.20208 -12 31.2021
    endloop
  endfacet
  facet normal -0.751863 0 -0.659319
    outer loop
      vertex 1.3487 8.5 31.0349
      vertex 1.20208 12 31.2021
      vertex 1.3487 12 31.0349
    endloop
  endfacet
  facet normal -0.751863 -0 -0.659319
    outer loop
      vertex 1.20208 12 31.2021
      vertex 1.3487 8.5 31.0349
      vertex 1.20208 8.5 31.2021
    endloop
  endfacet
  facet normal 0.99786 -0 0.0653848
    outer loop
      vertex -1.7 -12 30
      vertex -1.68546 -8.5 29.7781
      vertex -1.7 -8.5 30
    endloop
  endfacet
  facet normal 0.99786 0 0.0653848
    outer loop
      vertex -1.68546 -8.5 29.7781
      vertex -1.7 -12 30
      vertex -1.68546 -12 29.7781
    endloop
  endfacet
  facet normal 0.99786 -0 0.0653848
    outer loop
      vertex -1.7 8.5 30
      vertex -1.68546 12 29.7781
      vertex -1.7 12 30
    endloop
  endfacet
  facet normal 0.99786 0 0.0653848
    outer loop
      vertex -1.68546 12 29.7781
      vertex -1.7 8.5 30
      vertex -1.68546 8.5 29.7781
    endloop
  endfacet
  facet normal 0.831483 -0 0.555551
    outer loop
      vertex -1.47224 -12 29.15
      vertex -1.3487 -8.5 28.9651
      vertex -1.47224 -8.5 29.15
    endloop
  endfacet
  facet normal 0.831483 0 0.555551
    outer loop
      vertex -1.3487 -8.5 28.9651
      vertex -1.47224 -12 29.15
      vertex -1.3487 -12 28.9651
    endloop
  endfacet
  facet normal 0.831483 -0 0.555551
    outer loop
      vertex -1.47224 8.5 29.15
      vertex -1.3487 12 28.9651
      vertex -1.47224 12 29.15
    endloop
  endfacet
  facet normal 0.831483 0 0.555551
    outer loop
      vertex -1.3487 12 28.9651
      vertex -1.47224 8.5 29.15
      vertex -1.3487 8.5 28.9651
    endloop
  endfacet
  facet normal -0.99786 0 0.0653848
    outer loop
      vertex 1.68546 -12 29.7781
      vertex 1.7 -8.5 30
      vertex 1.68546 -8.5 29.7781
    endloop
  endfacet
  facet normal -0.99786 0 0.0653848
    outer loop
      vertex 1.7 -8.5 30
      vertex 1.68546 -12 29.7781
      vertex 1.7 -12 30
    endloop
  endfacet
  facet normal -0.99786 0 0.0653848
    outer loop
      vertex 1.68546 8.5 29.7781
      vertex 1.7 12 30
      vertex 1.68546 12 29.7781
    endloop
  endfacet
  facet normal -0.99786 0 0.0653848
    outer loop
      vertex 1.7 12 30
      vertex 1.68546 8.5 29.7781
      vertex 1.7 8.5 30
    endloop
  endfacet
  facet normal 0.321526 0 0.946901
    outer loop
      vertex -0.650561 -8.5 28.4294
      vertex -0.439992 -12 28.3579
      vertex -0.439992 -8.5 28.3579
    endloop
  endfacet
  facet normal 0.321526 0 0.946901
    outer loop
      vertex -0.439992 -12 28.3579
      vertex -0.650561 -8.5 28.4294
      vertex -0.650561 -12 28.4294
    endloop
  endfacet
  facet normal 0.321526 0 0.946901
    outer loop
      vertex -0.650561 12 28.4294
      vertex -0.439992 8.5 28.3579
      vertex -0.439992 12 28.3579
    endloop
  endfacet
  facet normal 0.321526 0 0.946901
    outer loop
      vertex -0.439992 8.5 28.3579
      vertex -0.650561 12 28.4294
      vertex -0.650561 8.5 28.4294
    endloop
  endfacet
  facet normal 0.195167 0 0.98077
    outer loop
      vertex -0.439992 -8.5 28.3579
      vertex -0.221894 -12 28.3145
      vertex -0.221894 -8.5 28.3145
    endloop
  endfacet
  facet normal 0.195167 0 0.98077
    outer loop
      vertex -0.221894 -12 28.3145
      vertex -0.439992 -8.5 28.3579
      vertex -0.439992 -12 28.3579
    endloop
  endfacet
  facet normal 0.195167 0 0.98077
    outer loop
      vertex -0.439992 12 28.3579
      vertex -0.221894 8.5 28.3145
      vertex -0.221894 12 28.3145
    endloop
  endfacet
  facet normal 0.195167 0 0.98077
    outer loop
      vertex -0.221894 8.5 28.3145
      vertex -0.439992 12 28.3579
      vertex -0.439992 8.5 28.3579
    endloop
  endfacet
  facet normal 0.321526 0 -0.946901
    outer loop
      vertex -0.650561 -12 31.5706
      vertex -0.439992 -8.5 31.6421
      vertex -0.439992 -12 31.6421
    endloop
  endfacet
  facet normal 0.321526 0 -0.946901
    outer loop
      vertex -0.439992 -8.5 31.6421
      vertex -0.650561 -12 31.5706
      vertex -0.650561 -8.5 31.5706
    endloop
  endfacet
  facet normal 0.321526 0 -0.946901
    outer loop
      vertex -0.650561 8.5 31.5706
      vertex -0.439992 12 31.6421
      vertex -0.439992 8.5 31.6421
    endloop
  endfacet
  facet normal 0.321526 0 -0.946901
    outer loop
      vertex -0.439992 12 31.6421
      vertex -0.650561 8.5 31.5706
      vertex -0.650561 12 31.5706
    endloop
  endfacet
  facet normal 0.555445 0 0.831553
    outer loop
      vertex -1.03489 -8.5 28.6513
      vertex -0.849999 -12 28.5278
      vertex -0.849999 -8.5 28.5278
    endloop
  endfacet
  facet normal 0.555445 0 0.831553
    outer loop
      vertex -0.849999 -12 28.5278
      vertex -1.03489 -8.5 28.6513
      vertex -1.03489 -12 28.6513
    endloop
  endfacet
  facet normal 0.555445 0 0.831553
    outer loop
      vertex -1.03489 12 28.6513
      vertex -0.849999 8.5 28.5278
      vertex -0.849999 12 28.5278
    endloop
  endfacet
  facet normal 0.555445 0 0.831553
    outer loop
      vertex -0.849999 8.5 28.5278
      vertex -1.03489 12 28.6513
      vertex -1.03489 8.5 28.6513
    endloop
  endfacet
  facet normal 0.442463 0 0.896787
    outer loop
      vertex -0.849999 -8.5 28.5278
      vertex -0.650561 -12 28.4294
      vertex -0.650561 -8.5 28.4294
    endloop
  endfacet
  facet normal 0.442463 0 0.896787
    outer loop
      vertex -0.650561 -12 28.4294
      vertex -0.849999 -8.5 28.5278
      vertex -0.849999 -12 28.5278
    endloop
  endfacet
  facet normal 0.442463 0 0.896787
    outer loop
      vertex -0.849999 12 28.5278
      vertex -0.650561 8.5 28.4294
      vertex -0.650561 12 28.4294
    endloop
  endfacet
  facet normal 0.442463 0 0.896787
    outer loop
      vertex -0.650561 8.5 28.4294
      vertex -0.849999 12 28.5278
      vertex -0.849999 8.5 28.5278
    endloop
  endfacet
  facet normal -0.831483 0 0.555551
    outer loop
      vertex 1.3487 -12 28.9651
      vertex 1.47224 -8.5 29.15
      vertex 1.3487 -8.5 28.9651
    endloop
  endfacet
  facet normal -0.831483 0 0.555551
    outer loop
      vertex 1.47224 -8.5 29.15
      vertex 1.3487 -12 28.9651
      vertex 1.47224 -12 29.15
    endloop
  endfacet
  facet normal -0.831483 0 0.555551
    outer loop
      vertex 1.3487 8.5 28.9651
      vertex 1.47224 12 29.15
      vertex 1.3487 12 28.9651
    endloop
  endfacet
  facet normal -0.831483 0 0.555551
    outer loop
      vertex 1.47224 12 29.15
      vertex 1.3487 8.5 28.9651
      vertex 1.47224 8.5 29.15
    endloop
  endfacet
  facet normal 0.0652074 0 0.997872
    outer loop
      vertex -0.221894 -8.5 28.3145
      vertex 0 -12 28.3
      vertex 0 -8.5 28.3
    endloop
  endfacet
  facet normal 0.0652074 0 0.997872
    outer loop
      vertex 0 -12 28.3
      vertex -0.221894 -8.5 28.3145
      vertex -0.221894 -12 28.3145
    endloop
  endfacet
  facet normal 0.0652074 0 0.997872
    outer loop
      vertex -0.221894 12 28.3145
      vertex 0 8.5 28.3
      vertex 0 12 28.3
    endloop
  endfacet
  facet normal 0.0652074 0 0.997872
    outer loop
      vertex 0 8.5 28.3
      vertex -0.221894 12 28.3145
      vertex -0.221894 8.5 28.3145
    endloop
  endfacet
  facet normal 0.896843 0 -0.442349
    outer loop
      vertex -1.47224 -12 30.85
      vertex -1.57059 -8.5 30.6506
      vertex -1.47224 -8.5 30.85
    endloop
  endfacet
  facet normal 0.896843 0 -0.442349
    outer loop
      vertex -1.57059 -8.5 30.6506
      vertex -1.47224 -12 30.85
      vertex -1.57059 -12 30.6506
    endloop
  endfacet
  facet normal 0.896843 0 -0.442349
    outer loop
      vertex -1.47224 8.5 30.85
      vertex -1.57059 12 30.6506
      vertex -1.47224 12 30.85
    endloop
  endfacet
  facet normal 0.896843 0 -0.442349
    outer loop
      vertex -1.57059 12 30.6506
      vertex -1.47224 8.5 30.85
      vertex -1.57059 8.5 30.6506
    endloop
  endfacet
  facet normal 0.896843 -0 0.442349
    outer loop
      vertex -1.57059 -12 29.3494
      vertex -1.47224 -8.5 29.15
      vertex -1.57059 -8.5 29.3494
    endloop
  endfacet
  facet normal 0.896843 0 0.442349
    outer loop
      vertex -1.47224 -8.5 29.15
      vertex -1.57059 -12 29.3494
      vertex -1.47224 -12 29.15
    endloop
  endfacet
  facet normal 0.896843 -0 0.442349
    outer loop
      vertex -1.57059 8.5 29.3494
      vertex -1.47224 12 29.15
      vertex -1.57059 12 29.3494
    endloop
  endfacet
  facet normal 0.896843 0 0.442349
    outer loop
      vertex -1.47224 12 29.15
      vertex -1.57059 8.5 29.3494
      vertex -1.47224 8.5 29.15
    endloop
  endfacet
  facet normal 0.99786 0 -0.0653848
    outer loop
      vertex -1.68546 -12 30.2219
      vertex -1.7 -8.5 30
      vertex -1.68546 -8.5 30.2219
    endloop
  endfacet
  facet normal 0.99786 0 -0.0653848
    outer loop
      vertex -1.7 -8.5 30
      vertex -1.68546 -12 30.2219
      vertex -1.7 -12 30
    endloop
  endfacet
  facet normal 0.99786 0 -0.0653848
    outer loop
      vertex -1.68546 8.5 30.2219
      vertex -1.7 12 30
      vertex -1.68546 12 30.2219
    endloop
  endfacet
  facet normal 0.99786 0 -0.0653848
    outer loop
      vertex -1.7 12 30
      vertex -1.68546 8.5 30.2219
      vertex -1.7 8.5 30
    endloop
  endfacet
  facet normal 0.980779 0 -0.195122
    outer loop
      vertex -1.64207 -12 30.44
      vertex -1.68546 -8.5 30.2219
      vertex -1.64207 -8.5 30.44
    endloop
  endfacet
  facet normal 0.980779 0 -0.195122
    outer loop
      vertex -1.68546 -8.5 30.2219
      vertex -1.64207 -12 30.44
      vertex -1.68546 -12 30.2219
    endloop
  endfacet
  facet normal 0.980779 0 -0.195122
    outer loop
      vertex -1.64207 8.5 30.44
      vertex -1.68546 12 30.2219
      vertex -1.64207 12 30.44
    endloop
  endfacet
  facet normal 0.980779 0 -0.195122
    outer loop
      vertex -1.68546 12 30.2219
      vertex -1.64207 8.5 30.44
      vertex -1.68546 8.5 30.2219
    endloop
  endfacet
  facet normal 0.946943 0 -0.321403
    outer loop
      vertex -1.57059 -12 30.6506
      vertex -1.64207 -8.5 30.44
      vertex -1.57059 -8.5 30.6506
    endloop
  endfacet
  facet normal 0.946943 0 -0.321403
    outer loop
      vertex -1.64207 -8.5 30.44
      vertex -1.57059 -12 30.6506
      vertex -1.64207 -12 30.44
    endloop
  endfacet
  facet normal 0.946943 0 -0.321403
    outer loop
      vertex -1.57059 8.5 30.6506
      vertex -1.64207 12 30.44
      vertex -1.57059 12 30.6506
    endloop
  endfacet
  facet normal 0.946943 0 -0.321403
    outer loop
      vertex -1.64207 12 30.44
      vertex -1.57059 8.5 30.6506
      vertex -1.64207 8.5 30.44
    endloop
  endfacet
  facet normal -0.659291 0 0.751888
    outer loop
      vertex 1.03489 -8.5 28.6513
      vertex 1.20208 -12 28.7979
      vertex 1.20208 -8.5 28.7979
    endloop
  endfacet
  facet normal -0.659291 0 0.751888
    outer loop
      vertex 1.20208 -12 28.7979
      vertex 1.03489 -8.5 28.6513
      vertex 1.03489 -12 28.6513
    endloop
  endfacet
  facet normal -0.659291 0 0.751888
    outer loop
      vertex 1.03489 12 28.6513
      vertex 1.20208 8.5 28.7979
      vertex 1.20208 12 28.7979
    endloop
  endfacet
  facet normal -0.659291 0 0.751888
    outer loop
      vertex 1.20208 8.5 28.7979
      vertex 1.03489 12 28.6513
      vertex 1.03489 8.5 28.6513
    endloop
  endfacet
endsolid OpenSCAD_Model
