solid OpenSCAD_Model
  facet normal 1 0 0
    outer loop
      vertex 20.8 22.825 24.7
      vertex 20.8 7.875 -8
      vertex 20.8 22.825 -24.7
    endloop
  endfacet
  facet normal 1 0 0
    outer loop
      vertex 20.8 22.825 24.7
      vertex 20.8 -8.125 -8
      vertex 20.8 7.875 -8
    endloop
  endfacet
  facet normal 1 0 0
    outer loop
      vertex 20.8 -22.825 -24.7
      vertex 20.8 -8.125 -8
      vertex 20.8 -22.825 24.7
    endloop
  endfacet
  facet normal 1 -0 0
    outer loop
      vertex 20.8 -22.825 24.7
      vertex 20.8 -8.125 -8
      vertex 20.8 22.825 24.7
    endloop
  endfacet
  facet normal 1 -0 0
    outer loop
      vertex 20.8 7.875 -24
      vertex 20.8 22.825 -24.7
      vertex 20.8 7.875 -8
    endloop
  endfacet
  facet normal 1 -0 0
    outer loop
      vertex 20.8 -8.125 -24
      vertex 20.8 22.825 -24.7
      vertex 20.8 7.875 -24
    endloop
  endfacet
  facet normal 1 0 0
    outer loop
      vertex 20.8 -8.125 -24
      vertex 20.8 -22.825 -24.7
      vertex 20.8 22.825 -24.7
    endloop
  endfacet
  facet normal 1 0 0
    outer loop
      vertex 20.8 -8.125 -8
      vertex 20.8 -22.825 -24.7
      vertex 20.8 -8.125 -24
    endloop
  endfacet
  facet normal 0 0 1
    outer loop
      vertex 20.8 22.825 24.7
      vertex 17.1 5 24.7
      vertex 20.8 -22.825 24.7
    endloop
  endfacet
  facet normal 0 0 1
    outer loop
      vertex 20.8 22.825 24.7
      vertex 12.1 5 24.7
      vertex 17.1 5 24.7
    endloop
  endfacet
  facet normal 0 0 1
    outer loop
      vertex 12.1 5 24.7
      vertex 0 22.825 24.7
      vertex 12.1 -5 24.7
    endloop
  endfacet
  facet normal -0 0 1
    outer loop
      vertex 0 22.825 24.7
      vertex 12.1 5 24.7
      vertex 20.8 22.825 24.7
    endloop
  endfacet
  facet normal -0 0 1
    outer loop
      vertex 17.1 -5 24.7
      vertex 20.8 -22.825 24.7
      vertex 17.1 5 24.7
    endloop
  endfacet
  facet normal -0 0 1
    outer loop
      vertex 12.1 -5 24.7
      vertex 20.8 -22.825 24.7
      vertex 17.1 -5 24.7
    endloop
  endfacet
  facet normal 0 0 1
    outer loop
      vertex 12.1 -5 24.7
      vertex 0 -22.825 24.7
      vertex 20.8 -22.825 24.7
    endloop
  endfacet
  facet normal 0 0 1
    outer loop
      vertex 0 -22.825 24.7
      vertex 12.1 -5 24.7
      vertex 0 22.825 24.7
    endloop
  endfacet
  facet normal 0 0 -1
    outer loop
      vertex 13.1 8 -24.7
      vertex 9.8 8 -24.7
      vertex 13.1 9 -24.7
    endloop
  endfacet
  facet normal 0 0 -1
    outer loop
      vertex 20.8 -22.825 -24.7
      vertex 19.8 -8 -24.7
      vertex 20.8 22.825 -24.7
    endloop
  endfacet
  facet normal 0 0 -1
    outer loop
      vertex 20.8 -22.825 -24.7
      vertex 16.5 -9 -24.7
      vertex 19.8 -8 -24.7
    endloop
  endfacet
  facet normal 0 0 -1
    outer loop
      vertex 20.8 -22.825 -24.7
      vertex 13.1 -9 -24.7
      vertex 16.5 -9 -24.7
    endloop
  endfacet
  facet normal 0 0 -1
    outer loop
      vertex 13.1 -9 -24.7
      vertex 9.8 -8 -24.7
      vertex 13.1 -8 -24.7
    endloop
  endfacet
  facet normal 0 0 -1
    outer loop
      vertex 0 -22.825 -24.7
      vertex 13.1 -9 -24.7
      vertex 20.8 -22.825 -24.7
    endloop
  endfacet
  facet normal -0 0 -1
    outer loop
      vertex 9.8 -8 -24.7
      vertex 4.2 -10 -24.7
      vertex 9.8 8 -24.7
    endloop
  endfacet
  facet normal -0 0 -1
    outer loop
      vertex 13.1 -9 -24.7
      vertex 4.2 -10 -24.7
      vertex 9.8 -8 -24.7
    endloop
  endfacet
  facet normal 0 0 -1
    outer loop
      vertex 13.1 -9 -24.7
      vertex 0 -22.825 -24.7
      vertex 4.2 -10 -24.7
    endloop
  endfacet
  facet normal -0 0 -1
    outer loop
      vertex 4.2 -10 -24.7
      vertex 0 -22.825 -24.7
      vertex 0 -10 -24.7
    endloop
  endfacet
  facet normal 0 0 -1
    outer loop
      vertex 19.8 8 -24.7
      vertex 20.8 22.825 -24.7
      vertex 19.8 -8 -24.7
    endloop
  endfacet
  facet normal 0 0 -1
    outer loop
      vertex 16.5 9 -24.7
      vertex 19.8 8 -24.7
      vertex 16.5 8 -24.7
    endloop
  endfacet
  facet normal 0 0 -1
    outer loop
      vertex 19.8 8 -24.7
      vertex 16.5 9 -24.7
      vertex 20.8 22.825 -24.7
    endloop
  endfacet
  facet normal 0 0 -1
    outer loop
      vertex 13.1 9 -24.7
      vertex 20.8 22.825 -24.7
      vertex 16.5 9 -24.7
    endloop
  endfacet
  facet normal 0 0 -1
    outer loop
      vertex 4.2 10 -24.7
      vertex 13.1 9 -24.7
      vertex 9.8 8 -24.7
    endloop
  endfacet
  facet normal 0 0 -1
    outer loop
      vertex 4.2 10 -24.7
      vertex 9.8 8 -24.7
      vertex 4.2 -10 -24.7
    endloop
  endfacet
  facet normal 0 0 -1
    outer loop
      vertex 0 22.825 -24.7
      vertex 13.1 9 -24.7
      vertex 4.2 10 -24.7
    endloop
  endfacet
  facet normal 0 0 -1
    outer loop
      vertex 0 22.825 -24.7
      vertex 4.2 10 -24.7
      vertex 0 10 -24.7
    endloop
  endfacet
  facet normal 0 0 -1
    outer loop
      vertex 13.1 9 -24.7
      vertex 0 22.825 -24.7
      vertex 20.8 22.825 -24.7
    endloop
  endfacet
  facet normal -0 0 -1
    outer loop
      vertex 19.8 -8 -24.7
      vertex 16.5 -9 -24.7
      vertex 16.5 -8 -24.7
    endloop
  endfacet
  facet normal -1 0 0
    outer loop
      vertex 0 -10 -24.7
      vertex 0 -20.625 -22.5
      vertex 0 -10 -22.5
    endloop
  endfacet
  facet normal -1 -0 0
    outer loop
      vertex 0 -20.625 -22.5
      vertex 0 -22.825 -24.7
      vertex 0 -20.625 22.5
    endloop
  endfacet
  facet normal -1 0 0
    outer loop
      vertex 0 -22.825 -24.7
      vertex 0 -20.625 -22.5
      vertex 0 -10 -24.7
    endloop
  endfacet
  facet normal -1 0 0
    outer loop
      vertex 0 22.825 -24.7
      vertex 0 20.625 -22.5
      vertex 0 22.825 24.7
    endloop
  endfacet
  facet normal -1 0 0
    outer loop
      vertex 0 10 -24.7
      vertex 0 20.625 -22.5
      vertex 0 22.825 -24.7
    endloop
  endfacet
  facet normal -1 -0 0
    outer loop
      vertex 0 20.625 -22.5
      vertex 0 10 -24.7
      vertex 0 10 -22.5
    endloop
  endfacet
  facet normal -1 0 0
    outer loop
      vertex 0 20.625 22.5
      vertex 0 22.825 24.7
      vertex 0 20.625 -22.5
    endloop
  endfacet
  facet normal -1 0 0
    outer loop
      vertex 0 -20.625 22.5
      vertex 0 22.825 24.7
      vertex 0 20.625 22.5
    endloop
  endfacet
  facet normal -1 0 0
    outer loop
      vertex 0 -20.625 22.5
      vertex 0 -22.825 24.7
      vertex 0 22.825 24.7
    endloop
  endfacet
  facet normal -1 0 0
    outer loop
      vertex 0 -22.825 24.7
      vertex 0 -20.625 22.5
      vertex 0 -22.825 -24.7
    endloop
  endfacet
  facet normal 0 1 -0
    outer loop
      vertex 20.8 22.825 -24.7
      vertex 0 22.825 24.7
      vertex 20.8 22.825 24.7
    endloop
  endfacet
  facet normal 0 1 0
    outer loop
      vertex 0 22.825 24.7
      vertex 20.8 22.825 -24.7
      vertex 0 22.825 -24.7
    endloop
  endfacet
  facet normal 0 -1 0
    outer loop
      vertex 0 -22.825 -24.7
      vertex 20.8 -22.825 24.7
      vertex 0 -22.825 24.7
    endloop
  endfacet
  facet normal 0 -1 -0
    outer loop
      vertex 20.8 -22.825 24.7
      vertex 0 -22.825 -24.7
      vertex 20.8 -22.825 -24.7
    endloop
  endfacet
  facet normal -1 0 0
    outer loop
      vertex 18.6 -20.625 -22.5
      vertex 18.6 -8.125 -8
      vertex 18.6 -8.125 -22.5
    endloop
  endfacet
  facet normal -1 0 0
    outer loop
      vertex 18.6 -8.125 -8
      vertex 18.6 -11.0507 9.90842
      vertex 18.6 -11.025 10.3
    endloop
  endfacet
  facet normal -1 0 0
    outer loop
      vertex 18.6 -8.125 -8
      vertex 18.6 -11.1272 9.52354
      vertex 18.6 -11.0507 9.90842
    endloop
  endfacet
  facet normal -1 0 0
    outer loop
      vertex 18.6 -8.125 -8
      vertex 18.6 -11.2534 9.15195
      vertex 18.6 -11.1272 9.52354
    endloop
  endfacet
  facet normal -1 0 0
    outer loop
      vertex 18.6 -8.125 -8
      vertex 18.6 -11.4269 8.8
      vertex 18.6 -11.2534 9.15195
    endloop
  endfacet
  facet normal -1 0 0
    outer loop
      vertex 18.6 -8.125 -8
      vertex 18.6 -11.6449 8.47371
      vertex 18.6 -11.4269 8.8
    endloop
  endfacet
  facet normal -1 0 0
    outer loop
      vertex 18.6 -8.125 -8
      vertex 18.6 -11.9037 8.17868
      vertex 18.6 -11.6449 8.47371
    endloop
  endfacet
  facet normal -1 0 0
    outer loop
      vertex 18.6 -8.125 -8
      vertex 18.6 -12.1987 7.91994
      vertex 18.6 -11.9037 8.17868
    endloop
  endfacet
  facet normal -1 0 0
    outer loop
      vertex 18.6 -8.125 -8
      vertex 18.6 -12.525 7.70192
      vertex 18.6 -12.1987 7.91994
    endloop
  endfacet
  facet normal -1 0 0
    outer loop
      vertex 18.6 -8.125 -8
      vertex 18.6 -12.8769 7.52836
      vertex 18.6 -12.525 7.70192
    endloop
  endfacet
  facet normal -1 0 0
    outer loop
      vertex 18.6 -8.125 -8
      vertex 18.6 -13.2485 7.40222
      vertex 18.6 -12.8769 7.52836
    endloop
  endfacet
  facet normal -1 0 0
    outer loop
      vertex 18.6 -8.125 -8
      vertex 18.6 -13.6334 7.32566
      vertex 18.6 -13.2485 7.40222
    endloop
  endfacet
  facet normal -1 0 0
    outer loop
      vertex 18.6 -8.125 -8
      vertex 18.6 -14.025 7.3
      vertex 18.6 -13.6334 7.32566
    endloop
  endfacet
  facet normal -1 0 -0
    outer loop
      vertex 18.6 -15.525 7.70192
      vertex 18.6 -8.125 -8
      vertex 18.6 -20.625 -22.5
    endloop
  endfacet
  facet normal -1 0 0
    outer loop
      vertex 18.6 -8.125 -8
      vertex 18.6 -14.4166 7.32566
      vertex 18.6 -14.025 7.3
    endloop
  endfacet
  facet normal -1 0 0
    outer loop
      vertex 18.6 -8.125 -8
      vertex 18.6 -14.8015 7.40222
      vertex 18.6 -14.4166 7.32566
    endloop
  endfacet
  facet normal -1 0 0
    outer loop
      vertex 18.6 -8.125 -8
      vertex 18.6 -15.173 7.52836
      vertex 18.6 -14.8015 7.40222
    endloop
  endfacet
  facet normal -1 0 0
    outer loop
      vertex 18.6 -8.125 -8
      vertex 18.6 -15.525 7.70192
      vertex 18.6 -15.173 7.52836
    endloop
  endfacet
  facet normal -1 -0 0
    outer loop
      vertex 18.6 -15.525 7.70192
      vertex 18.6 -20.625 -22.5
      vertex 18.6 -15.8513 7.91994
    endloop
  endfacet
  facet normal -1 -0 0
    outer loop
      vertex 18.6 -15.8513 7.91994
      vertex 18.6 -20.625 -22.5
      vertex 18.6 -16.1463 8.17868
    endloop
  endfacet
  facet normal -1 -0 0
    outer loop
      vertex 18.6 -16.1463 8.17868
      vertex 18.6 -20.625 -22.5
      vertex 18.6 -16.4051 8.47371
    endloop
  endfacet
  facet normal -1 -0 0
    outer loop
      vertex 18.6 -16.4051 8.47371
      vertex 18.6 -20.625 -22.5
      vertex 18.6 -16.6231 8.8
    endloop
  endfacet
  facet normal -1 -0 0
    outer loop
      vertex 18.6 -16.6231 8.8
      vertex 18.6 -20.625 -22.5
      vertex 18.6 -16.7966 9.15195
    endloop
  endfacet
  facet normal -1 0 0
    outer loop
      vertex 18.6 -20.625 22.5
      vertex 18.6 -16.9993 9.90842
      vertex 18.6 -20.625 -22.5
    endloop
  endfacet
  facet normal -1 -0 0
    outer loop
      vertex 18.6 -16.9228 9.52354
      vertex 18.6 -20.625 -22.5
      vertex 18.6 -16.9993 9.90842
    endloop
  endfacet
  facet normal -1 -0 0
    outer loop
      vertex 18.6 -16.7966 9.15195
      vertex 18.6 -20.625 -22.5
      vertex 18.6 -16.9228 9.52354
    endloop
  endfacet
  facet normal -1 0 0
    outer loop
      vertex 18.6 20.625 22.5
      vertex 18.6 6.24933 17.4084
      vertex 18.6 6.275 17.8
    endloop
  endfacet
  facet normal -1 0 0
    outer loop
      vertex 18.6 20.625 22.5
      vertex 18.6 6.17278 17.0235
      vertex 18.6 6.24933 17.4084
    endloop
  endfacet
  facet normal -1 0 0
    outer loop
      vertex 18.6 20.625 22.5
      vertex 18.6 6.04664 16.6519
      vertex 18.6 6.17278 17.0235
    endloop
  endfacet
  facet normal -1 0 0
    outer loop
      vertex 18.6 20.625 22.5
      vertex 18.6 5.87308 16.3
      vertex 18.6 6.04664 16.6519
    endloop
  endfacet
  facet normal -1 0 0
    outer loop
      vertex 18.6 20.625 22.5
      vertex 18.6 5.65506 15.9737
      vertex 18.6 5.87308 16.3
    endloop
  endfacet
  facet normal -1 0 0
    outer loop
      vertex 18.6 7.875 -8
      vertex 18.6 5.39632 15.6787
      vertex 18.6 5.65506 15.9737
    endloop
  endfacet
  facet normal -1 0 0
    outer loop
      vertex 18.6 7.875 -8
      vertex 18.6 5.10128 15.4199
      vertex 18.6 5.39632 15.6787
    endloop
  endfacet
  facet normal -1 0 0
    outer loop
      vertex 18.6 7.875 -8
      vertex 18.6 4.775 15.2019
      vertex 18.6 5.10128 15.4199
    endloop
  endfacet
  facet normal -1 0 0
    outer loop
      vertex 18.6 7.875 -8
      vertex 18.6 4.42305 15.0284
      vertex 18.6 4.775 15.2019
    endloop
  endfacet
  facet normal -1 0 0
    outer loop
      vertex 18.6 7.875 -8
      vertex 18.6 4.05146 14.9022
      vertex 18.6 4.42305 15.0284
    endloop
  endfacet
  facet normal -1 0 0
    outer loop
      vertex 18.6 7.875 -8
      vertex 18.6 3.66658 14.8257
      vertex 18.6 4.05146 14.9022
    endloop
  endfacet
  facet normal -1 0 0
    outer loop
      vertex 18.6 7.875 -8
      vertex 18.6 3.275 14.8
      vertex 18.6 3.66658 14.8257
    endloop
  endfacet
  facet normal -1 0 0
    outer loop
      vertex 18.6 7.875 -8
      vertex 18.6 2.88342 14.8257
      vertex 18.6 3.275 14.8
    endloop
  endfacet
  facet normal -1 0 0
    outer loop
      vertex 18.6 7.875 -8
      vertex 18.6 2.49854 14.9022
      vertex 18.6 2.88342 14.8257
    endloop
  endfacet
  facet normal -1 0 0
    outer loop
      vertex 18.6 -2.34854 14.9022
      vertex 18.6 2.49854 14.9022
      vertex 18.6 7.875 -8
    endloop
  endfacet
  facet normal -1 0 0
    outer loop
      vertex 18.6 2.49854 14.9022
      vertex 18.6 -2.34854 14.9022
      vertex 18.6 2.12695 15.0284
    endloop
  endfacet
  facet normal -1 0 -0
    outer loop
      vertex 18.6 -1.97695 15.0284
      vertex 18.6 2.12695 15.0284
      vertex 18.6 -2.34854 14.9022
    endloop
  endfacet
  facet normal -1 0 0
    outer loop
      vertex 18.6 2.12695 15.0284
      vertex 18.6 -1.97695 15.0284
      vertex 18.6 1.775 15.2019
    endloop
  endfacet
  facet normal -1 0 0
    outer loop
      vertex 18.6 1.775 15.2019
      vertex 18.6 -1.625 15.2019
      vertex 18.6 1.44872 15.4199
    endloop
  endfacet
  facet normal -1 0 -0
    outer loop
      vertex 18.6 -1.29872 15.4199
      vertex 18.6 1.44872 15.4199
      vertex 18.6 -1.625 15.2019
    endloop
  endfacet
  facet normal -1 0 -0
    outer loop
      vertex 18.6 -1.00368 15.6787
      vertex 18.6 1.15368 15.6787
      vertex 18.6 -1.29872 15.4199
    endloop
  endfacet
  facet normal -1 0 -0
    outer loop
      vertex 18.6 -0.74494 15.9737
      vertex 18.6 0.894939 15.9737
      vertex 18.6 -1.00368 15.6787
    endloop
  endfacet
  facet normal -1 0 0
    outer loop
      vertex 18.6 0.300665 17.4084
      vertex 18.6 -0.125 17.8
      vertex 18.6 0.275 17.8
    endloop
  endfacet
  facet normal -1 0 0
    outer loop
      vertex 18.6 -0.150665 17.4084
      vertex 18.6 0.300665 17.4084
      vertex 18.6 0.377222 17.0235
    endloop
  endfacet
  facet normal -1 0 -0
    outer loop
      vertex 18.6 -0.526923 16.3
      vertex 18.6 0.676924 16.3
      vertex 18.6 -0.74494 15.9737
    endloop
  endfacet
  facet normal -1 0 0
    outer loop
      vertex 18.6 0.300665 17.4084
      vertex 18.6 -0.150665 17.4084
      vertex 18.6 -0.125 17.8
    endloop
  endfacet
  facet normal -1 0 0
    outer loop
      vertex 18.6 0.377222 17.0235
      vertex 18.6 -0.227222 17.0235
      vertex 18.6 -0.150665 17.4084
    endloop
  endfacet
  facet normal -1 -0 0
    outer loop
      vertex 18.6 0.377222 17.0235
      vertex 18.6 -0.353361 16.6519
      vertex 18.6 -0.227222 17.0235
    endloop
  endfacet
  facet normal -1 0 0
    outer loop
      vertex 18.6 0.503361 16.6519
      vertex 18.6 -0.353361 16.6519
      vertex 18.6 0.377222 17.0235
    endloop
  endfacet
  facet normal -1 0 -0
    outer loop
      vertex 18.6 -0.353361 16.6519
      vertex 18.6 0.503361 16.6519
      vertex 18.6 -0.526923 16.3
    endloop
  endfacet
  facet normal -1 0 0
    outer loop
      vertex 18.6 0.676924 16.3
      vertex 18.6 -0.526923 16.3
      vertex 18.6 0.503361 16.6519
    endloop
  endfacet
  facet normal -1 0 0
    outer loop
      vertex 18.6 0.894939 15.9737
      vertex 18.6 -0.74494 15.9737
      vertex 18.6 0.676924 16.3
    endloop
  endfacet
  facet normal -1 0 0
    outer loop
      vertex 18.6 1.15368 15.6787
      vertex 18.6 -1.00368 15.6787
      vertex 18.6 0.894939 15.9737
    endloop
  endfacet
  facet normal -1 0 0
    outer loop
      vertex 18.6 1.44872 15.4199
      vertex 18.6 -1.29872 15.4199
      vertex 18.6 1.15368 15.6787
    endloop
  endfacet
  facet normal -1 0 -0
    outer loop
      vertex 18.6 -1.625 15.2019
      vertex 18.6 1.775 15.2019
      vertex 18.6 -1.97695 15.0284
    endloop
  endfacet
  facet normal -1 0 0
    outer loop
      vertex 18.6 7.875 -8
      vertex 18.6 -2.73342 14.8257
      vertex 18.6 -2.34854 14.9022
    endloop
  endfacet
  facet normal -1 0 0
    outer loop
      vertex 18.6 -8.125 -8
      vertex 18.6 -2.73342 14.8257
      vertex 18.6 7.875 -8
    endloop
  endfacet
  facet normal -1 0 0
    outer loop
      vertex 18.6 -11.025 10.3
      vertex 18.6 -2.73342 14.8257
      vertex 18.6 -8.125 -8
    endloop
  endfacet
  facet normal -1 0 0
    outer loop
      vertex 18.6 -2.73342 14.8257
      vertex 18.6 -11.025 10.3
      vertex 18.6 -3.125 14.8
    endloop
  endfacet
  facet normal -1 -0 0
    outer loop
      vertex 18.6 -3.125 14.8
      vertex 18.6 -11.025 10.3
      vertex 18.6 -3.51658 14.8257
    endloop
  endfacet
  facet normal -1 -0 0
    outer loop
      vertex 18.6 -3.51658 14.8257
      vertex 18.6 -11.025 10.3
      vertex 18.6 -3.90146 14.9022
    endloop
  endfacet
  facet normal -1 0 0
    outer loop
      vertex 18.6 -11.0507 10.6916
      vertex 18.6 -4.27305 15.0284
      vertex 18.6 -11.025 10.3
    endloop
  endfacet
  facet normal -1 -0 0
    outer loop
      vertex 18.6 -4.27305 15.0284
      vertex 18.6 -11.0507 10.6916
      vertex 18.6 -4.625 15.2019
    endloop
  endfacet
  facet normal -1 0 0
    outer loop
      vertex 18.6 -11.1272 11.0765
      vertex 18.6 -4.625 15.2019
      vertex 18.6 -11.0507 10.6916
    endloop
  endfacet
  facet normal -1 -0 0
    outer loop
      vertex 18.6 -4.625 15.2019
      vertex 18.6 -11.1272 11.0765
      vertex 18.6 -4.95128 15.4199
    endloop
  endfacet
  facet normal -1 -0 0
    outer loop
      vertex 18.6 -5.24632 15.6787
      vertex 18.6 -11.4269 11.8
      vertex 18.6 -5.50506 15.9737
    endloop
  endfacet
  facet normal -1 0 0
    outer loop
      vertex 18.6 -11.4269 11.8
      vertex 18.6 -5.24632 15.6787
      vertex 18.6 -11.2534 11.448
    endloop
  endfacet
  facet normal -1 -0 0
    outer loop
      vertex 18.6 -4.95128 15.4199
      vertex 18.6 -11.2534 11.448
      vertex 18.6 -5.24632 15.6787
    endloop
  endfacet
  facet normal -1 0 0
    outer loop
      vertex 18.6 -11.2534 11.448
      vertex 18.6 -4.95128 15.4199
      vertex 18.6 -11.1272 11.0765
    endloop
  endfacet
  facet normal -1 -0 0
    outer loop
      vertex 18.6 -3.90146 14.9022
      vertex 18.6 -11.025 10.3
      vertex 18.6 -4.27305 15.0284
    endloop
  endfacet
  facet normal -1 0 0
    outer loop
      vertex 18.6 8 -21.466
      vertex 18.6 20.625 -22.5
      vertex 18.6 8 -22.5
    endloop
  endfacet
  facet normal -1 0 0
    outer loop
      vertex 18.6 7.875 -8
      vertex 18.6 20.625 -22.5
      vertex 18.6 8 -21.466
    endloop
  endfacet
  facet normal -1 0 0
    outer loop
      vertex 18.6 7.875 -8
      vertex 18.6 8 -21.466
      vertex 18.6 7.875 -21.466
    endloop
  endfacet
  facet normal -1 0 0
    outer loop
      vertex 18.6 20.625 -22.5
      vertex 18.6 7.875 -8
      vertex 18.6 20.625 22.5
    endloop
  endfacet
  facet normal -1 0 0
    outer loop
      vertex 18.6 5.65506 15.9737
      vertex 18.6 20.625 22.5
      vertex 18.6 7.875 -8
    endloop
  endfacet
  facet normal -1 0 0
    outer loop
      vertex 18.6 6.24933 18.1916
      vertex 18.6 20.625 22.5
      vertex 18.6 6.275 17.8
    endloop
  endfacet
  facet normal -1 0 0
    outer loop
      vertex 18.6 6.17278 18.5765
      vertex 18.6 20.625 22.5
      vertex 18.6 6.24933 18.1916
    endloop
  endfacet
  facet normal -1 0 0
    outer loop
      vertex 18.6 6.04664 18.948
      vertex 18.6 20.625 22.5
      vertex 18.6 6.17278 18.5765
    endloop
  endfacet
  facet normal -1 0 0
    outer loop
      vertex 18.6 5.87308 19.3
      vertex 18.6 20.625 22.5
      vertex 18.6 6.04664 18.948
    endloop
  endfacet
  facet normal -1 0 0
    outer loop
      vertex 18.6 5.65506 19.6263
      vertex 18.6 20.625 22.5
      vertex 18.6 5.87308 19.3
    endloop
  endfacet
  facet normal -1 0 0
    outer loop
      vertex 18.6 5.39632 19.9213
      vertex 18.6 20.625 22.5
      vertex 18.6 5.65506 19.6263
    endloop
  endfacet
  facet normal -1 0 0
    outer loop
      vertex 18.6 5.10128 20.1801
      vertex 18.6 20.625 22.5
      vertex 18.6 5.39632 19.9213
    endloop
  endfacet
  facet normal -1 0 0
    outer loop
      vertex 18.6 4.775 20.3981
      vertex 18.6 20.625 22.5
      vertex 18.6 5.10128 20.1801
    endloop
  endfacet
  facet normal -1 0 0
    outer loop
      vertex 18.6 4.42305 20.5716
      vertex 18.6 20.625 22.5
      vertex 18.6 4.775 20.3981
    endloop
  endfacet
  facet normal -1 0 0
    outer loop
      vertex 18.6 4.05146 20.6978
      vertex 18.6 20.625 22.5
      vertex 18.6 4.42305 20.5716
    endloop
  endfacet
  facet normal -1 0 0
    outer loop
      vertex 18.6 3.66658 20.7743
      vertex 18.6 20.625 22.5
      vertex 18.6 4.05146 20.6978
    endloop
  endfacet
  facet normal -1 0 0
    outer loop
      vertex 18.6 3.275 20.8
      vertex 18.6 20.625 22.5
      vertex 18.6 3.66658 20.7743
    endloop
  endfacet
  facet normal -1 0 0
    outer loop
      vertex 18.6 -3.125 20.8
      vertex 18.6 3.275 20.8
      vertex 18.6 2.88342 20.7743
    endloop
  endfacet
  facet normal -1 0 0
    outer loop
      vertex 18.6 -0.125 17.8
      vertex 18.6 0.300665 18.1916
      vertex 18.6 0.275 17.8
    endloop
  endfacet
  facet normal -1 0 0
    outer loop
      vertex 18.6 -0.150665 18.1916
      vertex 18.6 0.300665 18.1916
      vertex 18.6 -0.125 17.8
    endloop
  endfacet
  facet normal -1 0 0
    outer loop
      vertex 18.6 0.300665 18.1916
      vertex 18.6 -0.150665 18.1916
      vertex 18.6 0.377222 18.5765
    endloop
  endfacet
  facet normal -1 0 0
    outer loop
      vertex 18.6 -0.227222 18.5765
      vertex 18.6 0.377222 18.5765
      vertex 18.6 -0.150665 18.1916
    endloop
  endfacet
  facet normal -1 0 0
    outer loop
      vertex 18.6 0.377222 18.5765
      vertex 18.6 -0.227222 18.5765
      vertex 18.6 0.503361 18.948
    endloop
  endfacet
  facet normal -1 0 0
    outer loop
      vertex 18.6 -0.353361 18.948
      vertex 18.6 0.503361 18.948
      vertex 18.6 -0.227222 18.5765
    endloop
  endfacet
  facet normal -1 0 0
    outer loop
      vertex 18.6 0.503361 18.948
      vertex 18.6 -0.353361 18.948
      vertex 18.6 0.676924 19.3
    endloop
  endfacet
  facet normal -1 0 0
    outer loop
      vertex 18.6 -0.526923 19.3
      vertex 18.6 0.676924 19.3
      vertex 18.6 -0.353361 18.948
    endloop
  endfacet
  facet normal -1 0 0
    outer loop
      vertex 18.6 0.676924 19.3
      vertex 18.6 -0.526923 19.3
      vertex 18.6 0.894939 19.6263
    endloop
  endfacet
  facet normal -1 0 0
    outer loop
      vertex 18.6 -0.74494 19.6263
      vertex 18.6 0.894939 19.6263
      vertex 18.6 -0.526923 19.3
    endloop
  endfacet
  facet normal -1 0 0
    outer loop
      vertex 18.6 0.894939 19.6263
      vertex 18.6 -0.74494 19.6263
      vertex 18.6 1.15368 19.9213
    endloop
  endfacet
  facet normal -1 0 0
    outer loop
      vertex 18.6 -1.00368 19.9213
      vertex 18.6 1.15368 19.9213
      vertex 18.6 -0.74494 19.6263
    endloop
  endfacet
  facet normal -1 0 0
    outer loop
      vertex 18.6 1.15368 19.9213
      vertex 18.6 -1.00368 19.9213
      vertex 18.6 1.44872 20.1801
    endloop
  endfacet
  facet normal -1 0 0
    outer loop
      vertex 18.6 -1.29872 20.1801
      vertex 18.6 1.44872 20.1801
      vertex 18.6 -1.00368 19.9213
    endloop
  endfacet
  facet normal -1 0 0
    outer loop
      vertex 18.6 1.44872 20.1801
      vertex 18.6 -1.29872 20.1801
      vertex 18.6 1.775 20.3981
    endloop
  endfacet
  facet normal -1 0 0
    outer loop
      vertex 18.6 -1.625 20.3981
      vertex 18.6 1.775 20.3981
      vertex 18.6 -1.29872 20.1801
    endloop
  endfacet
  facet normal -1 0 0
    outer loop
      vertex 18.6 1.775 20.3981
      vertex 18.6 -1.625 20.3981
      vertex 18.6 2.12695 20.5716
    endloop
  endfacet
  facet normal -1 0 0
    outer loop
      vertex 18.6 -1.97695 20.5716
      vertex 18.6 2.12695 20.5716
      vertex 18.6 -1.625 20.3981
    endloop
  endfacet
  facet normal -1 0 0
    outer loop
      vertex 18.6 2.12695 20.5716
      vertex 18.6 -1.97695 20.5716
      vertex 18.6 2.49854 20.6978
    endloop
  endfacet
  facet normal -1 0 0
    outer loop
      vertex 18.6 -2.34854 20.6978
      vertex 18.6 2.49854 20.6978
      vertex 18.6 -1.97695 20.5716
    endloop
  endfacet
  facet normal -1 0 0
    outer loop
      vertex 18.6 2.49854 20.6978
      vertex 18.6 -2.34854 20.6978
      vertex 18.6 2.88342 20.7743
    endloop
  endfacet
  facet normal -1 0 0
    outer loop
      vertex 18.6 -2.73342 20.7743
      vertex 18.6 2.88342 20.7743
      vertex 18.6 -2.34854 20.6978
    endloop
  endfacet
  facet normal -1 0 0
    outer loop
      vertex 18.6 -3.125 20.8
      vertex 18.6 2.88342 20.7743
      vertex 18.6 -2.73342 20.7743
    endloop
  endfacet
  facet normal -1 0 0
    outer loop
      vertex 18.6 3.275 20.8
      vertex 18.6 -3.125 20.8
      vertex 18.6 20.625 22.5
    endloop
  endfacet
  facet normal -1 0 0
    outer loop
      vertex 18.6 -20.625 22.5
      vertex 18.6 -3.125 20.8
      vertex 18.6 -3.51658 20.7743
    endloop
  endfacet
  facet normal -1 0 0
    outer loop
      vertex 18.6 -11.6449 12.1263
      vertex 18.6 -5.50506 15.9737
      vertex 18.6 -11.4269 11.8
    endloop
  endfacet
  facet normal -1 -0 0
    outer loop
      vertex 18.6 -5.50506 15.9737
      vertex 18.6 -11.6449 12.1263
      vertex 18.6 -5.72308 16.3
    endloop
  endfacet
  facet normal -1 0 0
    outer loop
      vertex 18.6 -11.9037 12.4213
      vertex 18.6 -5.72308 16.3
      vertex 18.6 -11.6449 12.1263
    endloop
  endfacet
  facet normal -1 -0 0
    outer loop
      vertex 18.6 -5.72308 16.3
      vertex 18.6 -11.9037 12.4213
      vertex 18.6 -5.89664 16.6519
    endloop
  endfacet
  facet normal -1 0 0
    outer loop
      vertex 18.6 -12.1987 12.6801
      vertex 18.6 -5.89664 16.6519
      vertex 18.6 -11.9037 12.4213
    endloop
  endfacet
  facet normal -1 -0 0
    outer loop
      vertex 18.6 -5.89664 16.6519
      vertex 18.6 -12.1987 12.6801
      vertex 18.6 -6.02278 17.0235
    endloop
  endfacet
  facet normal -1 0 0
    outer loop
      vertex 18.6 -12.525 12.8981
      vertex 18.6 -6.02278 17.0235
      vertex 18.6 -12.1987 12.6801
    endloop
  endfacet
  facet normal -1 -0 0
    outer loop
      vertex 18.6 -6.02278 17.0235
      vertex 18.6 -12.525 12.8981
      vertex 18.6 -6.09933 17.4084
    endloop
  endfacet
  facet normal -1 0 0
    outer loop
      vertex 18.6 -12.8769 13.0716
      vertex 18.6 -6.09933 17.4084
      vertex 18.6 -12.525 12.8981
    endloop
  endfacet
  facet normal -1 -0 0
    outer loop
      vertex 18.6 -6.09933 17.4084
      vertex 18.6 -12.8769 13.0716
      vertex 18.6 -6.125 17.8
    endloop
  endfacet
  facet normal -1 0 0
    outer loop
      vertex 18.6 -13.2485 13.1978
      vertex 18.6 -6.125 17.8
      vertex 18.6 -12.8769 13.0716
    endloop
  endfacet
  facet normal -1 -0 0
    outer loop
      vertex 18.6 -6.125 17.8
      vertex 18.6 -13.2485 13.1978
      vertex 18.6 -6.09933 18.1916
    endloop
  endfacet
  facet normal -1 0 0
    outer loop
      vertex 18.6 -13.6334 13.2743
      vertex 18.6 -6.09933 18.1916
      vertex 18.6 -13.2485 13.1978
    endloop
  endfacet
  facet normal -1 -0 0
    outer loop
      vertex 18.6 -6.09933 18.1916
      vertex 18.6 -13.6334 13.2743
      vertex 18.6 -6.02278 18.5765
    endloop
  endfacet
  facet normal -1 0 0
    outer loop
      vertex 18.6 -20.625 22.5
      vertex 18.6 -6.02278 18.5765
      vertex 18.6 -13.6334 13.2743
    endloop
  endfacet
  facet normal -1 0 0
    outer loop
      vertex 18.6 -6.02278 18.5765
      vertex 18.6 -20.625 22.5
      vertex 18.6 -5.89664 18.948
    endloop
  endfacet
  facet normal -1 0 0
    outer loop
      vertex 18.6 -5.89664 18.948
      vertex 18.6 -20.625 22.5
      vertex 18.6 -5.72308 19.3
    endloop
  endfacet
  facet normal -1 0 0
    outer loop
      vertex 18.6 -5.72308 19.3
      vertex 18.6 -20.625 22.5
      vertex 18.6 -5.50506 19.6263
    endloop
  endfacet
  facet normal -1 0 0
    outer loop
      vertex 18.6 -5.50506 19.6263
      vertex 18.6 -20.625 22.5
      vertex 18.6 -5.24632 19.9213
    endloop
  endfacet
  facet normal -1 0 0
    outer loop
      vertex 18.6 -20.625 22.5
      vertex 18.6 -13.6334 13.2743
      vertex 18.6 -14.025 13.3
    endloop
  endfacet
  facet normal -1 0 0
    outer loop
      vertex 18.6 -20.625 22.5
      vertex 18.6 -14.025 13.3
      vertex 18.6 -14.4166 13.2743
    endloop
  endfacet
  facet normal -1 0 0
    outer loop
      vertex 18.6 -20.625 22.5
      vertex 18.6 -14.4166 13.2743
      vertex 18.6 -14.8015 13.1978
    endloop
  endfacet
  facet normal -1 0 0
    outer loop
      vertex 18.6 -20.625 22.5
      vertex 18.6 -14.8015 13.1978
      vertex 18.6 -15.173 13.0716
    endloop
  endfacet
  facet normal -1 0 0
    outer loop
      vertex 18.6 -20.625 22.5
      vertex 18.6 -15.173 13.0716
      vertex 18.6 -15.525 12.8981
    endloop
  endfacet
  facet normal -1 0 0
    outer loop
      vertex 18.6 -20.625 22.5
      vertex 18.6 -15.525 12.8981
      vertex 18.6 -15.8513 12.6801
    endloop
  endfacet
  facet normal -1 0 0
    outer loop
      vertex 18.6 -16.9993 9.90842
      vertex 18.6 -20.625 22.5
      vertex 18.6 -17.025 10.3
    endloop
  endfacet
  facet normal -1 0 0
    outer loop
      vertex 18.6 -3.125 20.8
      vertex 18.6 -20.625 22.5
      vertex 18.6 20.625 22.5
    endloop
  endfacet
  facet normal -1 0 0
    outer loop
      vertex 18.6 -3.90146 20.6978
      vertex 18.6 -20.625 22.5
      vertex 18.6 -3.51658 20.7743
    endloop
  endfacet
  facet normal -1 0 0
    outer loop
      vertex 18.6 -4.27305 20.5716
      vertex 18.6 -20.625 22.5
      vertex 18.6 -3.90146 20.6978
    endloop
  endfacet
  facet normal -1 0 0
    outer loop
      vertex 18.6 -4.625 20.3981
      vertex 18.6 -20.625 22.5
      vertex 18.6 -4.27305 20.5716
    endloop
  endfacet
  facet normal -1 0 0
    outer loop
      vertex 18.6 -4.95128 20.1801
      vertex 18.6 -20.625 22.5
      vertex 18.6 -4.625 20.3981
    endloop
  endfacet
  facet normal -1 0 0
    outer loop
      vertex 18.6 -5.24632 19.9213
      vertex 18.6 -20.625 22.5
      vertex 18.6 -4.95128 20.1801
    endloop
  endfacet
  facet normal -1 0 0
    outer loop
      vertex 18.6 -16.1463 12.4213
      vertex 18.6 -20.625 22.5
      vertex 18.6 -15.8513 12.6801
    endloop
  endfacet
  facet normal -1 0 0
    outer loop
      vertex 18.6 -16.4051 12.1263
      vertex 18.6 -20.625 22.5
      vertex 18.6 -16.1463 12.4213
    endloop
  endfacet
  facet normal -1 0 0
    outer loop
      vertex 18.6 -16.6231 11.8
      vertex 18.6 -20.625 22.5
      vertex 18.6 -16.4051 12.1263
    endloop
  endfacet
  facet normal -1 0 0
    outer loop
      vertex 18.6 -16.7966 11.448
      vertex 18.6 -20.625 22.5
      vertex 18.6 -16.6231 11.8
    endloop
  endfacet
  facet normal -1 0 0
    outer loop
      vertex 18.6 -16.9228 11.0765
      vertex 18.6 -20.625 22.5
      vertex 18.6 -16.7966 11.448
    endloop
  endfacet
  facet normal -1 0 0
    outer loop
      vertex 18.6 -16.9993 10.6916
      vertex 18.6 -20.625 22.5
      vertex 18.6 -16.9228 11.0765
    endloop
  endfacet
  facet normal -1 0 0
    outer loop
      vertex 18.6 -17.025 10.3
      vertex 18.6 -20.625 22.5
      vertex 18.6 -16.9993 10.6916
    endloop
  endfacet
  facet normal 0 0 -1
    outer loop
      vertex 18.6 -20.625 22.5
      vertex 17.1 -5 22.5
      vertex 18.6 20.625 22.5
    endloop
  endfacet
  facet normal 0 0 -1
    outer loop
      vertex 18.6 -20.625 22.5
      vertex 12.1 -5 22.5
      vertex 17.1 -5 22.5
    endloop
  endfacet
  facet normal -0 0 -1
    outer loop
      vertex 12.1 -5 22.5
      vertex 0 -20.625 22.5
      vertex 12.1 5 22.5
    endloop
  endfacet
  facet normal 0 0 -1
    outer loop
      vertex 0 -20.625 22.5
      vertex 12.1 -5 22.5
      vertex 18.6 -20.625 22.5
    endloop
  endfacet
  facet normal 0 0 -1
    outer loop
      vertex 17.1 5 22.5
      vertex 18.6 20.625 22.5
      vertex 17.1 -5 22.5
    endloop
  endfacet
  facet normal 0 0 -1
    outer loop
      vertex 12.1 5 22.5
      vertex 18.6 20.625 22.5
      vertex 17.1 5 22.5
    endloop
  endfacet
  facet normal 0 0 -1
    outer loop
      vertex 0 20.625 22.5
      vertex 12.1 5 22.5
      vertex 0 -20.625 22.5
    endloop
  endfacet
  facet normal 0 0 -1
    outer loop
      vertex 12.1 5 22.5
      vertex 0 20.625 22.5
      vertex 18.6 20.625 22.5
    endloop
  endfacet
  facet normal 0 0 1
    outer loop
      vertex 18.6 20.625 -22.5
      vertex 10.3219 8 -22.5
      vertex 18.6 8 -22.5
    endloop
  endfacet
  facet normal 0 0 1
    outer loop
      vertex 10.3219 8 -22.5
      vertex 4.2 10 -22.5
      vertex 10.3219 -8 -22.5
    endloop
  endfacet
  facet normal 0 0 1
    outer loop
      vertex 18.6 20.625 -22.5
      vertex 4.2 10 -22.5
      vertex 10.3219 8 -22.5
    endloop
  endfacet
  facet normal -0 0 1
    outer loop
      vertex 0 20.625 -22.5
      vertex 4.2 10 -22.5
      vertex 18.6 20.625 -22.5
    endloop
  endfacet
  facet normal 0 0 1
    outer loop
      vertex 4.2 10 -22.5
      vertex 0 20.625 -22.5
      vertex 0 10 -22.5
    endloop
  endfacet
  facet normal 0 0 1
    outer loop
      vertex 17.6 -8 -22.5
      vertex 10.3219 -8 -22.5
      vertex 17.6 -8.125 -22.5
    endloop
  endfacet
  facet normal -0 0 1
    outer loop
      vertex 17.6 -8.125 -22.5
      vertex 18.6 -20.625 -22.5
      vertex 18.6 -8.125 -22.5
    endloop
  endfacet
  facet normal 0 0 1
    outer loop
      vertex 10.3219 -8 -22.5
      vertex 18.6 -20.625 -22.5
      vertex 17.6 -8.125 -22.5
    endloop
  endfacet
  facet normal 0 0 1
    outer loop
      vertex 4.2 -10 -22.5
      vertex 10.3219 -8 -22.5
      vertex 4.2 10 -22.5
    endloop
  endfacet
  facet normal -0 0 1
    outer loop
      vertex 4.2 -10 -22.5
      vertex 18.6 -20.625 -22.5
      vertex 10.3219 -8 -22.5
    endloop
  endfacet
  facet normal 0 0 1
    outer loop
      vertex 0 -20.625 -22.5
      vertex 4.2 -10 -22.5
      vertex 0 -10 -22.5
    endloop
  endfacet
  facet normal 0 0 1
    outer loop
      vertex 4.2 -10 -22.5
      vertex 0 -20.625 -22.5
      vertex 18.6 -20.625 -22.5
    endloop
  endfacet
  facet normal 0 -1 0
    outer loop
      vertex 0 20.625 -22.5
      vertex 18.6 20.625 22.5
      vertex 0 20.625 22.5
    endloop
  endfacet
  facet normal 0 -1 -0
    outer loop
      vertex 18.6 20.625 22.5
      vertex 0 20.625 -22.5
      vertex 18.6 20.625 -22.5
    endloop
  endfacet
  facet normal 0 1 -0
    outer loop
      vertex 18.6 -20.625 -22.5
      vertex 0 -20.625 22.5
      vertex 18.6 -20.625 22.5
    endloop
  endfacet
  facet normal 0 1 0
    outer loop
      vertex 0 -20.625 22.5
      vertex 18.6 -20.625 -22.5
      vertex 0 -20.625 -22.5
    endloop
  endfacet
  facet normal 0 -0.980813 -0.19495
    outer loop
      vertex 14.6 -16.9228 9.52354
      vertex 18.6 -16.9993 9.90842
      vertex 14.6 -16.9993 9.90842
    endloop
  endfacet
  facet normal 0 -0.980813 -0.19495
    outer loop
      vertex 18.6 -16.9993 9.90842
      vertex 14.6 -16.9228 9.52354
      vertex 18.6 -16.9228 9.52354
    endloop
  endfacet
  facet normal 0 -0.946882 -0.321582
    outer loop
      vertex 14.6 -16.7966 9.15195
      vertex 18.6 -16.9228 9.52354
      vertex 14.6 -16.9228 9.52354
    endloop
  endfacet
  facet normal 0 -0.946882 -0.321582
    outer loop
      vertex 18.6 -16.9228 9.52354
      vertex 14.6 -16.7966 9.15195
      vertex 18.6 -16.7966 9.15195
    endloop
  endfacet
  facet normal 0 0.831501 0.555523
    outer loop
      vertex 18.6 -11.4269 11.8
      vertex 14.6 -11.6449 12.1263
      vertex 18.6 -11.6449 12.1263
    endloop
  endfacet
  facet normal 0 0.831501 0.555523
    outer loop
      vertex 14.6 -11.6449 12.1263
      vertex 18.6 -11.4269 11.8
      vertex 14.6 -11.4269 11.8
    endloop
  endfacet
  facet normal 0 0.195087 -0.980786
    outer loop
      vertex 14.6 -13.6334 7.32566
      vertex 18.6 -13.2485 7.40222
      vertex 18.6 -13.6334 7.32566
    endloop
  endfacet
  facet normal 0 0.195087 -0.980786
    outer loop
      vertex 18.6 -13.2485 7.40222
      vertex 14.6 -13.6334 7.32566
      vertex 14.6 -13.2485 7.40222
    endloop
  endfacet
  facet normal 0 0.980815 0.19494
    outer loop
      vertex 18.6 -11.0507 10.6916
      vertex 14.6 -11.1272 11.0765
      vertex 18.6 -11.1272 11.0765
    endloop
  endfacet
  facet normal 0 0.980815 0.19494
    outer loop
      vertex 14.6 -11.1272 11.0765
      vertex 18.6 -11.0507 10.6916
      vertex 14.6 -11.0507 10.6916
    endloop
  endfacet
  facet normal -1 0 0
    outer loop
      vertex 14.6 -12.975 10.3
      vertex 14.6 -11.025 10.3
      vertex 14.6 -11.0507 9.90842
    endloop
  endfacet
  facet normal -1 0 0
    outer loop
      vertex 14.6 -12.984 10.1629
      vertex 14.6 -11.0507 9.90842
      vertex 14.6 -11.1272 9.52354
    endloop
  endfacet
  facet normal -1 0 0
    outer loop
      vertex 14.6 -11.025 10.3
      vertex 14.6 -12.975 10.3
      vertex 14.6 -11.0507 10.6916
    endloop
  endfacet
  facet normal -1 0 0
    outer loop
      vertex 14.6 -13.0108 10.0282
      vertex 14.6 -11.1272 9.52354
      vertex 14.6 -11.2534 9.15195
    endloop
  endfacet
  facet normal -1 0 0
    outer loop
      vertex 14.6 -12.984 10.4371
      vertex 14.6 -11.0507 10.6916
      vertex 14.6 -12.975 10.3
    endloop
  endfacet
  facet normal -1 0 0
    outer loop
      vertex 14.6 -13.0549 9.89818
      vertex 14.6 -11.2534 9.15195
      vertex 14.6 -11.4269 8.8
    endloop
  endfacet
  facet normal -1 -0 0
    outer loop
      vertex 14.6 -11.0507 10.6916
      vertex 14.6 -12.984 10.4371
      vertex 14.6 -11.1272 11.0765
    endloop
  endfacet
  facet normal -1 0 0
    outer loop
      vertex 14.6 -13.1157 9.775
      vertex 14.6 -11.4269 8.8
      vertex 14.6 -11.6449 8.47371
    endloop
  endfacet
  facet normal -1 0 0
    outer loop
      vertex 14.6 -13.0108 10.5718
      vertex 14.6 -11.1272 11.0765
      vertex 14.6 -12.984 10.4371
    endloop
  endfacet
  facet normal -1 0 0
    outer loop
      vertex 14.6 -13.192 9.6608
      vertex 14.6 -11.6449 8.47371
      vertex 14.6 -11.9037 8.17868
    endloop
  endfacet
  facet normal -1 -0 0
    outer loop
      vertex 14.6 -11.1272 11.0765
      vertex 14.6 -13.0108 10.5718
      vertex 14.6 -11.2534 11.448
    endloop
  endfacet
  facet normal -1 0 0
    outer loop
      vertex 14.6 -13.2825 9.55754
      vertex 14.6 -11.9037 8.17868
      vertex 14.6 -12.1987 7.91994
    endloop
  endfacet
  facet normal -1 0 0
    outer loop
      vertex 14.6 -13.0549 10.7018
      vertex 14.6 -11.2534 11.448
      vertex 14.6 -13.0108 10.5718
    endloop
  endfacet
  facet normal -1 0 0
    outer loop
      vertex 14.6 -13.3858 9.46698
      vertex 14.6 -12.1987 7.91994
      vertex 14.6 -12.525 7.70192
    endloop
  endfacet
  facet normal -1 -0 0
    outer loop
      vertex 14.6 -11.2534 11.448
      vertex 14.6 -13.0549 10.7018
      vertex 14.6 -11.4269 11.8
    endloop
  endfacet
  facet normal -1 0 0
    outer loop
      vertex 14.6 -13.5 9.39067
      vertex 14.6 -12.525 7.70192
      vertex 14.6 -12.8769 7.52836
    endloop
  endfacet
  facet normal -1 0 0
    outer loop
      vertex 14.6 -13.1157 10.825
      vertex 14.6 -11.4269 11.8
      vertex 14.6 -13.0549 10.7018
    endloop
  endfacet
  facet normal -1 -0 0
    outer loop
      vertex 14.6 -11.4269 11.8
      vertex 14.6 -13.1157 10.825
      vertex 14.6 -11.6449 12.1263
    endloop
  endfacet
  facet normal -1 0 0
    outer loop
      vertex 14.6 -11.0507 9.90842
      vertex 14.6 -12.984 10.1629
      vertex 14.6 -12.975 10.3
    endloop
  endfacet
  facet normal -1 0 0
    outer loop
      vertex 14.6 -11.1272 9.52354
      vertex 14.6 -13.0108 10.0282
      vertex 14.6 -12.984 10.1629
    endloop
  endfacet
  facet normal -1 0 0
    outer loop
      vertex 14.6 -11.2534 9.15195
      vertex 14.6 -13.0549 9.89818
      vertex 14.6 -13.0108 10.0282
    endloop
  endfacet
  facet normal -1 0 0
    outer loop
      vertex 14.6 -11.4269 8.8
      vertex 14.6 -13.1157 9.775
      vertex 14.6 -13.0549 9.89818
    endloop
  endfacet
  facet normal -1 0 0
    outer loop
      vertex 14.6 -11.6449 8.47371
      vertex 14.6 -13.192 9.6608
      vertex 14.6 -13.1157 9.775
    endloop
  endfacet
  facet normal -1 0 0
    outer loop
      vertex 14.6 -13.6232 9.32993
      vertex 14.6 -12.8769 7.52836
      vertex 14.6 -13.2485 7.40222
    endloop
  endfacet
  facet normal -1 0 0
    outer loop
      vertex 14.6 -11.9037 8.17868
      vertex 14.6 -13.2825 9.55754
      vertex 14.6 -13.192 9.6608
    endloop
  endfacet
  facet normal -1 0 0
    outer loop
      vertex 14.6 -12.1987 7.91994
      vertex 14.6 -13.3858 9.46698
      vertex 14.6 -13.2825 9.55754
    endloop
  endfacet
  facet normal -1 0 0
    outer loop
      vertex 14.6 -12.525 7.70192
      vertex 14.6 -13.5 9.39067
      vertex 14.6 -13.3858 9.46698
    endloop
  endfacet
  facet normal -1 0 0
    outer loop
      vertex 14.6 -12.8769 7.52836
      vertex 14.6 -13.6232 9.32993
      vertex 14.6 -13.5 9.39067
    endloop
  endfacet
  facet normal -1 0 0
    outer loop
      vertex 14.6 -13.7532 9.28578
      vertex 14.6 -13.2485 7.40222
      vertex 14.6 -13.6334 7.32566
    endloop
  endfacet
  facet normal -1 0 0
    outer loop
      vertex 14.6 -13.2485 7.40222
      vertex 14.6 -13.7532 9.28578
      vertex 14.6 -13.6232 9.32993
    endloop
  endfacet
  facet normal -1 0 0
    outer loop
      vertex 14.6 -13.6334 7.32566
      vertex 14.6 -13.8879 9.25898
      vertex 14.6 -13.7532 9.28578
    endloop
  endfacet
  facet normal -1 0 0
    outer loop
      vertex 14.6 -14.025 7.3
      vertex 14.6 -13.8879 9.25898
      vertex 14.6 -13.6334 7.32566
    endloop
  endfacet
  facet normal -1 0 0
    outer loop
      vertex 14.6 -14.025 7.3
      vertex 14.6 -14.025 9.25
      vertex 14.6 -13.8879 9.25898
    endloop
  endfacet
  facet normal -1 0 0
    outer loop
      vertex 14.6 -14.025 7.3
      vertex 14.6 -14.1621 9.25898
      vertex 14.6 -14.025 9.25
    endloop
  endfacet
  facet normal -1 0 0
    outer loop
      vertex 14.6 -14.4166 7.32566
      vertex 14.6 -14.1621 9.25898
      vertex 14.6 -14.025 7.3
    endloop
  endfacet
  facet normal -1 -0 0
    outer loop
      vertex 14.6 -14.1621 9.25898
      vertex 14.6 -14.4166 7.32566
      vertex 14.6 -14.2968 9.28578
    endloop
  endfacet
  facet normal -1 0 0
    outer loop
      vertex 14.6 -14.8015 7.40222
      vertex 14.6 -14.2968 9.28578
      vertex 14.6 -14.4166 7.32566
    endloop
  endfacet
  facet normal -1 -0 0
    outer loop
      vertex 14.6 -14.2968 9.28578
      vertex 14.6 -14.8015 7.40222
      vertex 14.6 -14.4268 9.32993
    endloop
  endfacet
  facet normal -1 0 0
    outer loop
      vertex 14.6 -15.173 7.52836
      vertex 14.6 -14.4268 9.32993
      vertex 14.6 -14.8015 7.40222
    endloop
  endfacet
  facet normal -1 -0 0
    outer loop
      vertex 14.6 -14.4268 9.32993
      vertex 14.6 -15.173 7.52836
      vertex 14.6 -14.55 9.39067
    endloop
  endfacet
  facet normal -1 0 0
    outer loop
      vertex 14.6 -15.525 7.70192
      vertex 14.6 -14.55 9.39067
      vertex 14.6 -15.173 7.52836
    endloop
  endfacet
  facet normal -1 -0 0
    outer loop
      vertex 14.6 -14.55 9.39067
      vertex 14.6 -15.525 7.70192
      vertex 14.6 -14.6642 9.46698
    endloop
  endfacet
  facet normal -1 0 0
    outer loop
      vertex 14.6 -15.8513 7.91994
      vertex 14.6 -14.6642 9.46698
      vertex 14.6 -15.525 7.70192
    endloop
  endfacet
  facet normal -1 -0 0
    outer loop
      vertex 14.6 -14.6642 9.46698
      vertex 14.6 -15.8513 7.91994
      vertex 14.6 -14.7675 9.55754
    endloop
  endfacet
  facet normal -1 0 0
    outer loop
      vertex 14.6 -16.1463 8.17868
      vertex 14.6 -14.7675 9.55754
      vertex 14.6 -15.8513 7.91994
    endloop
  endfacet
  facet normal -1 -0 0
    outer loop
      vertex 14.6 -14.7675 9.55754
      vertex 14.6 -16.1463 8.17868
      vertex 14.6 -14.858 9.6608
    endloop
  endfacet
  facet normal -1 -0 0
    outer loop
      vertex 14.6 -14.858 9.6608
      vertex 14.6 -16.4051 8.47371
      vertex 14.6 -14.9343 9.775
    endloop
  endfacet
  facet normal -1 0 0
    outer loop
      vertex 14.6 -16.4051 8.47371
      vertex 14.6 -14.858 9.6608
      vertex 14.6 -16.1463 8.17868
    endloop
  endfacet
  facet normal -1 0 0
    outer loop
      vertex 14.6 -13.192 10.9392
      vertex 14.6 -11.6449 12.1263
      vertex 14.6 -13.1157 10.825
    endloop
  endfacet
  facet normal -1 -0 0
    outer loop
      vertex 14.6 -11.6449 12.1263
      vertex 14.6 -13.192 10.9392
      vertex 14.6 -11.9037 12.4213
    endloop
  endfacet
  facet normal -1 0 0
    outer loop
      vertex 14.6 -13.2825 11.0425
      vertex 14.6 -11.9037 12.4213
      vertex 14.6 -13.192 10.9392
    endloop
  endfacet
  facet normal -1 -0 0
    outer loop
      vertex 14.6 -11.9037 12.4213
      vertex 14.6 -13.2825 11.0425
      vertex 14.6 -12.1987 12.6801
    endloop
  endfacet
  facet normal -1 0 0
    outer loop
      vertex 14.6 -13.3858 11.133
      vertex 14.6 -12.1987 12.6801
      vertex 14.6 -13.2825 11.0425
    endloop
  endfacet
  facet normal -1 -0 0
    outer loop
      vertex 14.6 -12.1987 12.6801
      vertex 14.6 -13.3858 11.133
      vertex 14.6 -12.525 12.8981
    endloop
  endfacet
  facet normal -1 0 0
    outer loop
      vertex 14.6 -13.5 11.2093
      vertex 14.6 -12.525 12.8981
      vertex 14.6 -13.3858 11.133
    endloop
  endfacet
  facet normal -1 -0 0
    outer loop
      vertex 14.6 -12.525 12.8981
      vertex 14.6 -13.5 11.2093
      vertex 14.6 -12.8769 13.0716
    endloop
  endfacet
  facet normal -1 0 0
    outer loop
      vertex 14.6 -13.6232 11.2701
      vertex 14.6 -12.8769 13.0716
      vertex 14.6 -13.5 11.2093
    endloop
  endfacet
  facet normal -1 -0 0
    outer loop
      vertex 14.6 -12.8769 13.0716
      vertex 14.6 -13.6232 11.2701
      vertex 14.6 -13.2485 13.1978
    endloop
  endfacet
  facet normal -1 0 0
    outer loop
      vertex 14.6 -13.7532 11.3142
      vertex 14.6 -13.2485 13.1978
      vertex 14.6 -13.6232 11.2701
    endloop
  endfacet
  facet normal -1 -0 0
    outer loop
      vertex 14.6 -13.2485 13.1978
      vertex 14.6 -13.7532 11.3142
      vertex 14.6 -13.6334 13.2743
    endloop
  endfacet
  facet normal -1 0 0
    outer loop
      vertex 14.6 -13.8879 11.341
      vertex 14.6 -13.6334 13.2743
      vertex 14.6 -13.7532 11.3142
    endloop
  endfacet
  facet normal -1 0 0
    outer loop
      vertex 14.6 -14.025 11.35
      vertex 14.6 -13.6334 13.2743
      vertex 14.6 -13.8879 11.341
    endloop
  endfacet
  facet normal -1 0 0
    outer loop
      vertex 14.6 -14.025 11.35
      vertex 14.6 -14.025 13.3
      vertex 14.6 -13.6334 13.2743
    endloop
  endfacet
  facet normal -1 0 0
    outer loop
      vertex 14.6 -14.1621 11.341
      vertex 14.6 -14.025 13.3
      vertex 14.6 -14.025 11.35
    endloop
  endfacet
  facet normal -1 0 0
    outer loop
      vertex 14.6 -14.4166 13.2743
      vertex 14.6 -14.1621 11.341
      vertex 14.6 -14.2968 11.3142
    endloop
  endfacet
  facet normal -1 0 0
    outer loop
      vertex 14.6 -14.1621 11.341
      vertex 14.6 -14.4166 13.2743
      vertex 14.6 -14.025 13.3
    endloop
  endfacet
  facet normal -1 0 0
    outer loop
      vertex 14.6 -14.8015 13.1978
      vertex 14.6 -14.2968 11.3142
      vertex 14.6 -14.4268 11.2701
    endloop
  endfacet
  facet normal -1 0 0
    outer loop
      vertex 14.6 -15.173 13.0716
      vertex 14.6 -14.4268 11.2701
      vertex 14.6 -14.55 11.2093
    endloop
  endfacet
  facet normal -1 0 0
    outer loop
      vertex 14.6 -15.525 12.8981
      vertex 14.6 -14.55 11.2093
      vertex 14.6 -14.6642 11.133
    endloop
  endfacet
  facet normal -1 0 0
    outer loop
      vertex 14.6 -15.8513 12.6801
      vertex 14.6 -14.6642 11.133
      vertex 14.6 -14.7675 11.0425
    endloop
  endfacet
  facet normal -1 0 0
    outer loop
      vertex 14.6 -14.2968 11.3142
      vertex 14.6 -14.8015 13.1978
      vertex 14.6 -14.4166 13.2743
    endloop
  endfacet
  facet normal -1 0 0
    outer loop
      vertex 14.6 -16.1463 12.4213
      vertex 14.6 -14.7675 11.0425
      vertex 14.6 -14.858 10.9392
    endloop
  endfacet
  facet normal -1 0 0
    outer loop
      vertex 14.6 -16.4051 12.1263
      vertex 14.6 -14.858 10.9392
      vertex 14.6 -14.9343 10.825
    endloop
  endfacet
  facet normal -1 0 0
    outer loop
      vertex 14.6 -16.6231 11.8
      vertex 14.6 -14.9343 10.825
      vertex 14.6 -14.9951 10.7018
    endloop
  endfacet
  facet normal -1 0 0
    outer loop
      vertex 14.6 -16.7966 11.448
      vertex 14.6 -14.9951 10.7018
      vertex 14.6 -15.0392 10.5718
    endloop
  endfacet
  facet normal -1 0 0
    outer loop
      vertex 14.6 -16.9228 11.0765
      vertex 14.6 -15.0392 10.5718
      vertex 14.6 -15.066 10.4371
    endloop
  endfacet
  facet normal -1 0 0
    outer loop
      vertex 14.6 -14.4268 11.2701
      vertex 14.6 -15.173 13.0716
      vertex 14.6 -14.8015 13.1978
    endloop
  endfacet
  facet normal -1 0 0
    outer loop
      vertex 14.6 -16.9993 10.6916
      vertex 14.6 -15.066 10.4371
      vertex 14.6 -15.075 10.3
    endloop
  endfacet
  facet normal -1 0 0
    outer loop
      vertex 14.6 -16.6231 8.8
      vertex 14.6 -14.9343 9.775
      vertex 14.6 -16.4051 8.47371
    endloop
  endfacet
  facet normal -1 -0 0
    outer loop
      vertex 14.6 -14.9343 9.775
      vertex 14.6 -16.6231 8.8
      vertex 14.6 -14.9951 9.89818
    endloop
  endfacet
  facet normal -1 0 0
    outer loop
      vertex 14.6 -14.55 11.2093
      vertex 14.6 -15.525 12.8981
      vertex 14.6 -15.173 13.0716
    endloop
  endfacet
  facet normal -1 0 0
    outer loop
      vertex 14.6 -16.7966 9.15195
      vertex 14.6 -14.9951 9.89818
      vertex 14.6 -16.6231 8.8
    endloop
  endfacet
  facet normal -1 0 0
    outer loop
      vertex 14.6 -14.6642 11.133
      vertex 14.6 -15.8513 12.6801
      vertex 14.6 -15.525 12.8981
    endloop
  endfacet
  facet normal -1 -0 0
    outer loop
      vertex 14.6 -14.9951 9.89818
      vertex 14.6 -16.7966 9.15195
      vertex 14.6 -15.0392 10.0282
    endloop
  endfacet
  facet normal -1 0 0
    outer loop
      vertex 14.6 -14.7675 11.0425
      vertex 14.6 -16.1463 12.4213
      vertex 14.6 -15.8513 12.6801
    endloop
  endfacet
  facet normal -1 0 0
    outer loop
      vertex 14.6 -16.9228 9.52354
      vertex 14.6 -15.0392 10.0282
      vertex 14.6 -16.7966 9.15195
    endloop
  endfacet
  facet normal -1 0 0
    outer loop
      vertex 14.6 -14.858 10.9392
      vertex 14.6 -16.4051 12.1263
      vertex 14.6 -16.1463 12.4213
    endloop
  endfacet
  facet normal -1 -0 0
    outer loop
      vertex 14.6 -15.0392 10.0282
      vertex 14.6 -16.9228 9.52354
      vertex 14.6 -15.066 10.1629
    endloop
  endfacet
  facet normal -1 0 0
    outer loop
      vertex 14.6 -14.9343 10.825
      vertex 14.6 -16.6231 11.8
      vertex 14.6 -16.4051 12.1263
    endloop
  endfacet
  facet normal -1 0 0
    outer loop
      vertex 14.6 -16.9993 9.90842
      vertex 14.6 -15.066 10.1629
      vertex 14.6 -16.9228 9.52354
    endloop
  endfacet
  facet normal -1 0 0
    outer loop
      vertex 14.6 -14.9951 10.7018
      vertex 14.6 -16.7966 11.448
      vertex 14.6 -16.6231 11.8
    endloop
  endfacet
  facet normal -1 -0 0
    outer loop
      vertex 14.6 -15.066 10.1629
      vertex 14.6 -16.9993 9.90842
      vertex 14.6 -15.075 10.3
    endloop
  endfacet
  facet normal -1 0 0
    outer loop
      vertex 14.6 -15.0392 10.5718
      vertex 14.6 -16.9228 11.0765
      vertex 14.6 -16.7966 11.448
    endloop
  endfacet
  facet normal -1 0 0
    outer loop
      vertex 14.6 -17.025 10.3
      vertex 14.6 -15.075 10.3
      vertex 14.6 -16.9993 9.90842
    endloop
  endfacet
  facet normal -1 0 0
    outer loop
      vertex 14.6 -15.066 10.4371
      vertex 14.6 -16.9993 10.6916
      vertex 14.6 -16.9228 11.0765
    endloop
  endfacet
  facet normal -1 0 0
    outer loop
      vertex 14.6 -15.075 10.3
      vertex 14.6 -17.025 10.3
      vertex 14.6 -16.9993 10.6916
    endloop
  endfacet
  facet normal 0 0.946882 -0.321582
    outer loop
      vertex 18.6 -11.2534 9.15195
      vertex 14.6 -11.1272 9.52354
      vertex 18.6 -11.1272 9.52354
    endloop
  endfacet
  facet normal 0 0.946882 -0.321582
    outer loop
      vertex 14.6 -11.1272 9.52354
      vertex 18.6 -11.2534 9.15195
      vertex 14.6 -11.2534 9.15195
    endloop
  endfacet
  facet normal -0 0.321574 0.946885
    outer loop
      vertex 14.6 -12.8769 13.0716
      vertex 18.6 -13.2485 13.1978
      vertex 18.6 -12.8769 13.0716
    endloop
  endfacet
  facet normal 0 0.321574 0.946885
    outer loop
      vertex 18.6 -13.2485 13.1978
      vertex 14.6 -12.8769 13.0716
      vertex 14.6 -13.2485 13.1978
    endloop
  endfacet
  facet normal 0 0.0653858 -0.99786
    outer loop
      vertex 14.6 -14.025 7.3
      vertex 18.6 -13.6334 7.32566
      vertex 18.6 -14.025 7.3
    endloop
  endfacet
  facet normal 0 0.0653858 -0.99786
    outer loop
      vertex 18.6 -13.6334 7.32566
      vertex 14.6 -14.025 7.3
      vertex 14.6 -13.6334 7.32566
    endloop
  endfacet
  facet normal 0 -0.44211 0.896961
    outer loop
      vertex 14.6 -15.173 13.0716
      vertex 18.6 -15.525 12.8981
      vertex 18.6 -15.173 13.0716
    endloop
  endfacet
  facet normal 0 -0.44211 0.896961
    outer loop
      vertex 18.6 -15.525 12.8981
      vertex 14.6 -15.173 13.0716
      vertex 14.6 -15.525 12.8981
    endloop
  endfacet
  facet normal 0 0.896936 -0.44216
    outer loop
      vertex 18.6 -11.4269 8.8
      vertex 14.6 -11.2534 9.15195
      vertex 18.6 -11.2534 9.15195
    endloop
  endfacet
  facet normal 0 0.896936 -0.44216
    outer loop
      vertex 14.6 -11.2534 9.15195
      vertex 18.6 -11.4269 8.8
      vertex 14.6 -11.4269 8.8
    endloop
  endfacet
  facet normal 0 -0.751724 0.659478
    outer loop
      vertex 14.6 -16.4051 12.1263
      vertex 18.6 -16.1463 12.4213
      vertex 14.6 -16.1463 12.4213
    endloop
  endfacet
  facet normal 0 -0.751724 0.659478
    outer loop
      vertex 18.6 -16.1463 12.4213
      vertex 14.6 -16.4051 12.1263
      vertex 18.6 -16.4051 12.1263
    endloop
  endfacet
  facet normal 0 0.751757 -0.65944
    outer loop
      vertex 18.6 -11.9037 8.17868
      vertex 14.6 -11.6449 8.47371
      vertex 18.6 -11.6449 8.47371
    endloop
  endfacet
  facet normal 0 0.751757 -0.65944
    outer loop
      vertex 14.6 -11.6449 8.47371
      vertex 18.6 -11.9037 8.17868
      vertex 14.6 -11.9037 8.17868
    endloop
  endfacet
  facet normal -0 0.442211 0.896911
    outer loop
      vertex 14.6 -12.525 12.8981
      vertex 18.6 -12.8769 13.0716
      vertex 18.6 -12.525 12.8981
    endloop
  endfacet
  facet normal 0 0.442211 0.896911
    outer loop
      vertex 18.6 -12.8769 13.0716
      vertex 14.6 -12.525 12.8981
      vertex 14.6 -12.8769 13.0716
    endloop
  endfacet
  facet normal 0 0.442334 -0.89685
    outer loop
      vertex 14.6 -12.8769 7.52836
      vertex 18.6 -12.525 7.70192
      vertex 18.6 -12.8769 7.52836
    endloop
  endfacet
  facet normal 0 0.442334 -0.89685
    outer loop
      vertex 18.6 -12.525 7.70192
      vertex 14.6 -12.8769 7.52836
      vertex 14.6 -12.525 7.70192
    endloop
  endfacet
  facet normal 0 0.751724 0.659478
    outer loop
      vertex 18.6 -11.6449 12.1263
      vertex 14.6 -11.9037 12.4213
      vertex 18.6 -11.9037 12.4213
    endloop
  endfacet
  facet normal 0 0.751724 0.659478
    outer loop
      vertex 14.6 -11.9037 12.4213
      vertex 18.6 -11.6449 12.1263
      vertex 14.6 -11.6449 12.1263
    endloop
  endfacet
  facet normal 0 0.659392 -0.751799
    outer loop
      vertex 14.6 -12.1987 7.91994
      vertex 18.6 -11.9037 8.17868
      vertex 18.6 -12.1987 7.91994
    endloop
  endfacet
  facet normal 0 0.659392 -0.751799
    outer loop
      vertex 18.6 -11.9037 8.17868
      vertex 14.6 -12.1987 7.91994
      vertex 14.6 -11.9037 8.17868
    endloop
  endfacet
  facet normal 0 0.896961 0.44211
    outer loop
      vertex 18.6 -11.2534 11.448
      vertex 14.6 -11.4269 11.8
      vertex 18.6 -11.4269 11.8
    endloop
  endfacet
  facet normal 0 0.896961 0.44211
    outer loop
      vertex 14.6 -11.4269 11.8
      vertex 18.6 -11.2534 11.448
      vertex 14.6 -11.2534 11.448
    endloop
  endfacet
  facet normal 0 -0.321514 -0.946905
    outer loop
      vertex 14.6 -15.173 7.52836
      vertex 18.6 -14.8015 7.40222
      vertex 18.6 -15.173 7.52836
    endloop
  endfacet
  facet normal -0 -0.321514 -0.946905
    outer loop
      vertex 18.6 -14.8015 7.40222
      vertex 14.6 -15.173 7.52836
      vertex 14.6 -14.8015 7.40222
    endloop
  endfacet
  facet normal 0 -0.831501 0.555523
    outer loop
      vertex 14.6 -16.6231 11.8
      vertex 18.6 -16.4051 12.1263
      vertex 14.6 -16.4051 12.1263
    endloop
  endfacet
  facet normal 0 -0.831501 0.555523
    outer loop
      vertex 18.6 -16.4051 12.1263
      vertex 14.6 -16.6231 11.8
      vertex 18.6 -16.6231 11.8
    endloop
  endfacet
  facet normal 0 -0.997853 -0.0654906
    outer loop
      vertex 14.6 -16.9993 9.90842
      vertex 18.6 -17.025 10.3
      vertex 14.6 -17.025 10.3
    endloop
  endfacet
  facet normal 0 -0.997853 -0.0654906
    outer loop
      vertex 18.6 -17.025 10.3
      vertex 14.6 -16.9993 9.90842
      vertex 18.6 -16.9993 9.90842
    endloop
  endfacet
  facet normal 0 -0.0653858 -0.99786
    outer loop
      vertex 14.6 -14.4166 7.32566
      vertex 18.6 -14.025 7.3
      vertex 18.6 -14.4166 7.32566
    endloop
  endfacet
  facet normal -0 -0.0653858 -0.99786
    outer loop
      vertex 18.6 -14.025 7.3
      vertex 14.6 -14.4166 7.32566
      vertex 14.6 -14.025 7.3
    endloop
  endfacet
  facet normal 0 -0.0654873 0.997853
    outer loop
      vertex 14.6 -14.025 13.3
      vertex 18.6 -14.4166 13.2743
      vertex 18.6 -14.025 13.3
    endloop
  endfacet
  facet normal 0 -0.0654873 0.997853
    outer loop
      vertex 18.6 -14.4166 13.2743
      vertex 14.6 -14.025 13.3
      vertex 14.6 -14.4166 13.2743
    endloop
  endfacet
  facet normal 0 -0.195087 -0.980786
    outer loop
      vertex 14.6 -14.8015 7.40222
      vertex 18.6 -14.4166 7.32566
      vertex 18.6 -14.8015 7.40222
    endloop
  endfacet
  facet normal -0 -0.195087 -0.980786
    outer loop
      vertex 18.6 -14.4166 7.32566
      vertex 14.6 -14.8015 7.40222
      vertex 14.6 -14.4166 7.32566
    endloop
  endfacet
  facet normal 0 0.555558 -0.831477
    outer loop
      vertex 14.6 -12.525 7.70192
      vertex 18.6 -12.1987 7.91994
      vertex 18.6 -12.525 7.70192
    endloop
  endfacet
  facet normal 0 0.555558 -0.831477
    outer loop
      vertex 18.6 -12.1987 7.91994
      vertex 14.6 -12.525 7.70192
      vertex 14.6 -12.1987 7.91994
    endloop
  endfacet
  facet normal 0 0.997853 0.0654873
    outer loop
      vertex 18.6 -11.025 10.3
      vertex 14.6 -11.0507 10.6916
      vertex 18.6 -11.0507 10.6916
    endloop
  endfacet
  facet normal 0 0.997853 0.0654873
    outer loop
      vertex 14.6 -11.0507 10.6916
      vertex 18.6 -11.025 10.3
      vertex 14.6 -11.025 10.3
    endloop
  endfacet
  facet normal 0 -0.946858 0.321651
    outer loop
      vertex 14.6 -16.9228 11.0765
      vertex 18.6 -16.7966 11.448
      vertex 14.6 -16.7966 11.448
    endloop
  endfacet
  facet normal 0 -0.946858 0.321651
    outer loop
      vertex 18.6 -16.7966 11.448
      vertex 14.6 -16.9228 11.0765
      vertex 18.6 -16.9228 11.0765
    endloop
  endfacet
  facet normal 0 -0.659478 0.751724
    outer loop
      vertex 14.6 -15.8513 12.6801
      vertex 18.6 -16.1463 12.4213
      vertex 18.6 -15.8513 12.6801
    endloop
  endfacet
  facet normal 0 -0.659478 0.751724
    outer loop
      vertex 18.6 -16.1463 12.4213
      vertex 14.6 -15.8513 12.6801
      vertex 14.6 -16.1463 12.4213
    endloop
  endfacet
  facet normal 0 -0.555558 -0.831477
    outer loop
      vertex 14.6 -15.8513 7.91994
      vertex 18.6 -15.525 7.70192
      vertex 18.6 -15.8513 7.91994
    endloop
  endfacet
  facet normal -0 -0.555558 -0.831477
    outer loop
      vertex 18.6 -15.525 7.70192
      vertex 14.6 -15.8513 7.91994
      vertex 14.6 -15.525 7.70192
    endloop
  endfacet
  facet normal 0 -0.751757 -0.65944
    outer loop
      vertex 14.6 -16.1463 8.17868
      vertex 18.6 -16.4051 8.47371
      vertex 14.6 -16.4051 8.47371
    endloop
  endfacet
  facet normal 0 -0.751757 -0.65944
    outer loop
      vertex 18.6 -16.4051 8.47371
      vertex 14.6 -16.1463 8.17868
      vertex 18.6 -16.1463 8.17868
    endloop
  endfacet
  facet normal 0 0.321437 -0.946931
    outer loop
      vertex 14.6 -13.2485 7.40222
      vertex 18.6 -12.8769 7.52836
      vertex 18.6 -13.2485 7.40222
    endloop
  endfacet
  facet normal 0 0.321437 -0.946931
    outer loop
      vertex 18.6 -12.8769 7.52836
      vertex 14.6 -13.2485 7.40222
      vertex 14.6 -12.8769 7.52836
    endloop
  endfacet
  facet normal -0 0.19494 0.980815
    outer loop
      vertex 14.6 -13.2485 13.1978
      vertex 18.6 -13.6334 13.2743
      vertex 18.6 -13.2485 13.1978
    endloop
  endfacet
  facet normal 0 0.19494 0.980815
    outer loop
      vertex 18.6 -13.6334 13.2743
      vertex 14.6 -13.2485 13.1978
      vertex 14.6 -13.6334 13.2743
    endloop
  endfacet
  facet normal -0 0.0654873 0.997853
    outer loop
      vertex 14.6 -13.6334 13.2743
      vertex 18.6 -14.025 13.3
      vertex 18.6 -13.6334 13.2743
    endloop
  endfacet
  facet normal 0 0.0654873 0.997853
    outer loop
      vertex 18.6 -14.025 13.3
      vertex 14.6 -13.6334 13.2743
      vertex 14.6 -14.025 13.3
    endloop
  endfacet
  facet normal 0 -0.442233 -0.8969
    outer loop
      vertex 14.6 -15.525 7.70192
      vertex 18.6 -15.173 7.52836
      vertex 18.6 -15.525 7.70192
    endloop
  endfacet
  facet normal -0 -0.442233 -0.8969
    outer loop
      vertex 18.6 -15.173 7.52836
      vertex 14.6 -15.525 7.70192
      vertex 14.6 -15.173 7.52836
    endloop
  endfacet
  facet normal 0 0.980813 -0.19495
    outer loop
      vertex 18.6 -11.1272 9.52354
      vertex 14.6 -11.0507 9.90842
      vertex 18.6 -11.0507 9.90842
    endloop
  endfacet
  facet normal 0 0.980813 -0.19495
    outer loop
      vertex 14.6 -11.0507 9.90842
      vertex 18.6 -11.1272 9.52354
      vertex 14.6 -11.1272 9.52354
    endloop
  endfacet
  facet normal 0 0.946858 0.321651
    outer loop
      vertex 18.6 -11.1272 11.0765
      vertex 14.6 -11.2534 11.448
      vertex 18.6 -11.2534 11.448
    endloop
  endfacet
  facet normal 0 0.946858 0.321651
    outer loop
      vertex 14.6 -11.2534 11.448
      vertex 18.6 -11.1272 11.0765
      vertex 14.6 -11.1272 11.0765
    endloop
  endfacet
  facet normal 0 -0.896936 -0.44216
    outer loop
      vertex 14.6 -16.6231 8.8
      vertex 18.6 -16.7966 9.15195
      vertex 14.6 -16.7966 9.15195
    endloop
  endfacet
  facet normal 0 -0.896936 -0.44216
    outer loop
      vertex 18.6 -16.7966 9.15195
      vertex 14.6 -16.6231 8.8
      vertex 18.6 -16.6231 8.8
    endloop
  endfacet
  facet normal 0 0.831493 -0.555535
    outer loop
      vertex 18.6 -11.6449 8.47371
      vertex 14.6 -11.4269 8.8
      vertex 18.6 -11.4269 8.8
    endloop
  endfacet
  facet normal 0 0.831493 -0.555535
    outer loop
      vertex 14.6 -11.4269 8.8
      vertex 18.6 -11.6449 8.47371
      vertex 14.6 -11.6449 8.47371
    endloop
  endfacet
  facet normal 0 0.997853 -0.0654906
    outer loop
      vertex 18.6 -11.0507 9.90842
      vertex 14.6 -11.025 10.3
      vertex 18.6 -11.025 10.3
    endloop
  endfacet
  facet normal 0 0.997853 -0.0654906
    outer loop
      vertex 14.6 -11.025 10.3
      vertex 18.6 -11.0507 9.90842
      vertex 14.6 -11.0507 9.90842
    endloop
  endfacet
  facet normal 0 -0.19494 0.980815
    outer loop
      vertex 14.6 -14.4166 13.2743
      vertex 18.6 -14.8015 13.1978
      vertex 18.6 -14.4166 13.2743
    endloop
  endfacet
  facet normal 0 -0.19494 0.980815
    outer loop
      vertex 18.6 -14.8015 13.1978
      vertex 14.6 -14.4166 13.2743
      vertex 14.6 -14.8015 13.1978
    endloop
  endfacet
  facet normal 0 -0.659392 -0.751799
    outer loop
      vertex 14.6 -16.1463 8.17868
      vertex 18.6 -15.8513 7.91994
      vertex 18.6 -16.1463 8.17868
    endloop
  endfacet
  facet normal -0 -0.659392 -0.751799
    outer loop
      vertex 18.6 -15.8513 7.91994
      vertex 14.6 -16.1463 8.17868
      vertex 14.6 -15.8513 7.91994
    endloop
  endfacet
  facet normal 0 -0.896961 0.44211
    outer loop
      vertex 14.6 -16.7966 11.448
      vertex 18.6 -16.6231 11.8
      vertex 14.6 -16.6231 11.8
    endloop
  endfacet
  facet normal 0 -0.896961 0.44211
    outer loop
      vertex 18.6 -16.6231 11.8
      vertex 14.6 -16.7966 11.448
      vertex 18.6 -16.7966 11.448
    endloop
  endfacet
  facet normal 0 -0.831493 -0.555535
    outer loop
      vertex 14.6 -16.4051 8.47371
      vertex 18.6 -16.6231 8.8
      vertex 14.6 -16.6231 8.8
    endloop
  endfacet
  facet normal 0 -0.831493 -0.555535
    outer loop
      vertex 18.6 -16.6231 8.8
      vertex 14.6 -16.4051 8.47371
      vertex 18.6 -16.4051 8.47371
    endloop
  endfacet
  facet normal 0 -0.980815 0.19494
    outer loop
      vertex 14.6 -16.9993 10.6916
      vertex 18.6 -16.9228 11.0765
      vertex 14.6 -16.9228 11.0765
    endloop
  endfacet
  facet normal 0 -0.980815 0.19494
    outer loop
      vertex 18.6 -16.9228 11.0765
      vertex 14.6 -16.9993 10.6916
      vertex 18.6 -16.9993 10.6916
    endloop
  endfacet
  facet normal 0 -0.555523 0.831501
    outer loop
      vertex 14.6 -15.525 12.8981
      vertex 18.6 -15.8513 12.6801
      vertex 18.6 -15.525 12.8981
    endloop
  endfacet
  facet normal 0 -0.555523 0.831501
    outer loop
      vertex 18.6 -15.8513 12.6801
      vertex 14.6 -15.525 12.8981
      vertex 14.6 -15.8513 12.6801
    endloop
  endfacet
  facet normal 0 -0.321651 0.946858
    outer loop
      vertex 14.6 -14.8015 13.1978
      vertex 18.6 -15.173 13.0716
      vertex 18.6 -14.8015 13.1978
    endloop
  endfacet
  facet normal 0 -0.321651 0.946858
    outer loop
      vertex 18.6 -15.173 13.0716
      vertex 14.6 -14.8015 13.1978
      vertex 14.6 -15.173 13.0716
    endloop
  endfacet
  facet normal -0 0.555523 0.831501
    outer loop
      vertex 14.6 -12.1987 12.6801
      vertex 18.6 -12.525 12.8981
      vertex 18.6 -12.1987 12.6801
    endloop
  endfacet
  facet normal 0 0.555523 0.831501
    outer loop
      vertex 18.6 -12.525 12.8981
      vertex 14.6 -12.1987 12.6801
      vertex 14.6 -12.525 12.8981
    endloop
  endfacet
  facet normal 0 -0.997853 0.0654873
    outer loop
      vertex 14.6 -17.025 10.3
      vertex 18.6 -16.9993 10.6916
      vertex 14.6 -16.9993 10.6916
    endloop
  endfacet
  facet normal 0 -0.997853 0.0654873
    outer loop
      vertex 18.6 -16.9993 10.6916
      vertex 14.6 -17.025 10.3
      vertex 18.6 -17.025 10.3
    endloop
  endfacet
  facet normal -0 0.659478 0.751724
    outer loop
      vertex 14.6 -11.9037 12.4213
      vertex 18.6 -12.1987 12.6801
      vertex 18.6 -11.9037 12.4213
    endloop
  endfacet
  facet normal 0 0.659478 0.751724
    outer loop
      vertex 18.6 -12.1987 12.6801
      vertex 14.6 -11.9037 12.4213
      vertex 14.6 -12.1987 12.6801
    endloop
  endfacet
  facet normal 0 -0.19495 -0.980813
    outer loop
      vertex 14.6 -3.90146 14.9022
      vertex 18.6 -3.51658 14.8257
      vertex 18.6 -3.90146 14.9022
    endloop
  endfacet
  facet normal -0 -0.19495 -0.980813
    outer loop
      vertex 18.6 -3.51658 14.8257
      vertex 14.6 -3.90146 14.9022
      vertex 14.6 -3.51658 14.8257
    endloop
  endfacet
  facet normal 0 -0.321582 0.946882
    outer loop
      vertex 14.6 -3.90146 20.6978
      vertex 18.6 -4.27305 20.5716
      vertex 18.6 -3.90146 20.6978
    endloop
  endfacet
  facet normal 0 -0.321582 0.946882
    outer loop
      vertex 18.6 -4.27305 20.5716
      vertex 14.6 -3.90146 20.6978
      vertex 14.6 -4.27305 20.5716
    endloop
  endfacet
  facet normal 0 -0.980791 0.195062
    outer loop
      vertex 14.6 -6.09933 18.1916
      vertex 18.6 -6.02278 18.5765
      vertex 14.6 -6.02278 18.5765
    endloop
  endfacet
  facet normal 0 -0.980791 0.195062
    outer loop
      vertex 18.6 -6.02278 18.5765
      vertex 14.6 -6.09933 18.1916
      vertex 18.6 -6.09933 18.1916
    endloop
  endfacet
  facet normal 0 -0.555547 -0.831485
    outer loop
      vertex 14.6 -4.95128 15.4199
      vertex 18.6 -4.625 15.2019
      vertex 18.6 -4.95128 15.4199
    endloop
  endfacet
  facet normal -0 -0.555547 -0.831485
    outer loop
      vertex 18.6 -4.625 15.2019
      vertex 14.6 -4.95128 15.4199
      vertex 14.6 -4.625 15.2019
    endloop
  endfacet
  facet normal 0 -0.0654906 -0.997853
    outer loop
      vertex 14.6 -3.51658 14.8257
      vertex 18.6 -3.125 14.8
      vertex 18.6 -3.51658 14.8257
    endloop
  endfacet
  facet normal -0 -0.0654906 -0.997853
    outer loop
      vertex 18.6 -3.125 14.8
      vertex 14.6 -3.51658 14.8257
      vertex 14.6 -3.125 14.8
    endloop
  endfacet
  facet normal 0 0.0654906 -0.997853
    outer loop
      vertex 14.6 -3.125 14.8
      vertex 18.6 -2.73342 14.8257
      vertex 18.6 -3.125 14.8
    endloop
  endfacet
  facet normal 0 0.0654906 -0.997853
    outer loop
      vertex 18.6 -2.73342 14.8257
      vertex 14.6 -3.125 14.8
      vertex 14.6 -2.73342 14.8257
    endloop
  endfacet
  facet normal -0 0.19495 0.980813
    outer loop
      vertex 14.6 -2.34854 20.6978
      vertex 18.6 -2.73342 20.7743
      vertex 18.6 -2.34854 20.6978
    endloop
  endfacet
  facet normal 0 0.19495 0.980813
    outer loop
      vertex 18.6 -2.73342 20.7743
      vertex 14.6 -2.34854 20.6978
      vertex 14.6 -2.73342 20.7743
    endloop
  endfacet
  facet normal 0 0.997859 0.0653985
    outer loop
      vertex 18.6 -0.125 17.8
      vertex 14.6 -0.150665 18.1916
      vertex 18.6 -0.150665 18.1916
    endloop
  endfacet
  facet normal 0 0.997859 0.0653985
    outer loop
      vertex 14.6 -0.150665 18.1916
      vertex 18.6 -0.125 17.8
      vertex 14.6 -0.125 17.8
    endloop
  endfacet
  facet normal -0 0.321582 0.946882
    outer loop
      vertex 14.6 -1.97695 20.5716
      vertex 18.6 -2.34854 20.6978
      vertex 18.6 -1.97695 20.5716
    endloop
  endfacet
  facet normal 0 0.321582 0.946882
    outer loop
      vertex 18.6 -2.34854 20.6978
      vertex 14.6 -1.97695 20.5716
      vertex 14.6 -2.34854 20.6978
    endloop
  endfacet
  facet normal -1 0 0
    outer loop
      vertex 14.6 -2.075 17.8
      vertex 14.6 -0.125 17.8
      vertex 14.6 -0.150665 17.4084
    endloop
  endfacet
  facet normal -1 0 0
    outer loop
      vertex 14.6 -2.08398 17.6629
      vertex 14.6 -0.150665 17.4084
      vertex 14.6 -0.227222 17.0235
    endloop
  endfacet
  facet normal -1 0 0
    outer loop
      vertex 14.6 -0.125 17.8
      vertex 14.6 -2.075 17.8
      vertex 14.6 -0.150665 18.1916
    endloop
  endfacet
  facet normal -1 0 0
    outer loop
      vertex 14.6 -2.11078 17.5282
      vertex 14.6 -0.227222 17.0235
      vertex 14.6 -0.353361 16.6519
    endloop
  endfacet
  facet normal -1 0 0
    outer loop
      vertex 14.6 -2.08398 17.9371
      vertex 14.6 -0.150665 18.1916
      vertex 14.6 -2.075 17.8
    endloop
  endfacet
  facet normal -1 0 0
    outer loop
      vertex 14.6 -2.15493 17.3982
      vertex 14.6 -0.353361 16.6519
      vertex 14.6 -0.526923 16.3
    endloop
  endfacet
  facet normal -1 -0 0
    outer loop
      vertex 14.6 -0.150665 18.1916
      vertex 14.6 -2.08398 17.9371
      vertex 14.6 -0.227222 18.5765
    endloop
  endfacet
  facet normal -1 0 0
    outer loop
      vertex 14.6 -2.21567 17.275
      vertex 14.6 -0.526923 16.3
      vertex 14.6 -0.74494 15.9737
    endloop
  endfacet
  facet normal -1 0 0
    outer loop
      vertex 14.6 -2.11078 18.0718
      vertex 14.6 -0.227222 18.5765
      vertex 14.6 -2.08398 17.9371
    endloop
  endfacet
  facet normal -1 0 0
    outer loop
      vertex 14.6 -2.29198 17.1608
      vertex 14.6 -0.74494 15.9737
      vertex 14.6 -1.00368 15.6787
    endloop
  endfacet
  facet normal -1 -0 0
    outer loop
      vertex 14.6 -0.227222 18.5765
      vertex 14.6 -2.11078 18.0718
      vertex 14.6 -0.353361 18.948
    endloop
  endfacet
  facet normal -1 0 0
    outer loop
      vertex 14.6 -2.38254 17.0575
      vertex 14.6 -1.00368 15.6787
      vertex 14.6 -1.29872 15.4199
    endloop
  endfacet
  facet normal -1 0 0
    outer loop
      vertex 14.6 -2.15493 18.2018
      vertex 14.6 -0.353361 18.948
      vertex 14.6 -2.11078 18.0718
    endloop
  endfacet
  facet normal -1 0 0
    outer loop
      vertex 14.6 -2.4858 16.967
      vertex 14.6 -1.29872 15.4199
      vertex 14.6 -1.625 15.2019
    endloop
  endfacet
  facet normal -1 -0 0
    outer loop
      vertex 14.6 -0.353361 18.948
      vertex 14.6 -2.15493 18.2018
      vertex 14.6 -0.526923 19.3
    endloop
  endfacet
  facet normal -1 0 0
    outer loop
      vertex 14.6 -2.6 16.8907
      vertex 14.6 -1.625 15.2019
      vertex 14.6 -1.97695 15.0284
    endloop
  endfacet
  facet normal -1 0 0
    outer loop
      vertex 14.6 -2.21567 18.325
      vertex 14.6 -0.526923 19.3
      vertex 14.6 -2.15493 18.2018
    endloop
  endfacet
  facet normal -1 -0 0
    outer loop
      vertex 14.6 -0.526923 19.3
      vertex 14.6 -2.21567 18.325
      vertex 14.6 -0.74494 19.6263
    endloop
  endfacet
  facet normal -1 0 0
    outer loop
      vertex 14.6 -0.150665 17.4084
      vertex 14.6 -2.08398 17.6629
      vertex 14.6 -2.075 17.8
    endloop
  endfacet
  facet normal -1 0 0
    outer loop
      vertex 14.6 -0.227222 17.0235
      vertex 14.6 -2.11078 17.5282
      vertex 14.6 -2.08398 17.6629
    endloop
  endfacet
  facet normal -1 0 0
    outer loop
      vertex 14.6 -0.353361 16.6519
      vertex 14.6 -2.15493 17.3982
      vertex 14.6 -2.11078 17.5282
    endloop
  endfacet
  facet normal -1 0 0
    outer loop
      vertex 14.6 -0.526923 16.3
      vertex 14.6 -2.21567 17.275
      vertex 14.6 -2.15493 17.3982
    endloop
  endfacet
  facet normal -1 0 0
    outer loop
      vertex 14.6 -0.74494 15.9737
      vertex 14.6 -2.29198 17.1608
      vertex 14.6 -2.21567 17.275
    endloop
  endfacet
  facet normal -1 0 0
    outer loop
      vertex 14.6 -2.72318 16.8299
      vertex 14.6 -1.97695 15.0284
      vertex 14.6 -2.34854 14.9022
    endloop
  endfacet
  facet normal -1 0 0
    outer loop
      vertex 14.6 -1.00368 15.6787
      vertex 14.6 -2.38254 17.0575
      vertex 14.6 -2.29198 17.1608
    endloop
  endfacet
  facet normal -1 0 0
    outer loop
      vertex 14.6 -1.29872 15.4199
      vertex 14.6 -2.4858 16.967
      vertex 14.6 -2.38254 17.0575
    endloop
  endfacet
  facet normal -1 0 0
    outer loop
      vertex 14.6 -1.625 15.2019
      vertex 14.6 -2.6 16.8907
      vertex 14.6 -2.4858 16.967
    endloop
  endfacet
  facet normal -1 0 0
    outer loop
      vertex 14.6 -1.97695 15.0284
      vertex 14.6 -2.72318 16.8299
      vertex 14.6 -2.6 16.8907
    endloop
  endfacet
  facet normal -1 0 0
    outer loop
      vertex 14.6 -2.85324 16.7858
      vertex 14.6 -2.34854 14.9022
      vertex 14.6 -2.73342 14.8257
    endloop
  endfacet
  facet normal -1 0 0
    outer loop
      vertex 14.6 -2.34854 14.9022
      vertex 14.6 -2.85324 16.7858
      vertex 14.6 -2.72318 16.8299
    endloop
  endfacet
  facet normal -1 0 0
    outer loop
      vertex 14.6 -2.73342 14.8257
      vertex 14.6 -2.98795 16.759
      vertex 14.6 -2.85324 16.7858
    endloop
  endfacet
  facet normal -1 0 0
    outer loop
      vertex 14.6 -3.125 14.8
      vertex 14.6 -2.98795 16.759
      vertex 14.6 -2.73342 14.8257
    endloop
  endfacet
  facet normal -1 0 0
    outer loop
      vertex 14.6 -3.125 14.8
      vertex 14.6 -3.125 16.75
      vertex 14.6 -2.98795 16.759
    endloop
  endfacet
  facet normal -1 0 0
    outer loop
      vertex 14.6 -3.125 14.8
      vertex 14.6 -3.26205 16.759
      vertex 14.6 -3.125 16.75
    endloop
  endfacet
  facet normal -1 0 0
    outer loop
      vertex 14.6 -3.51658 14.8257
      vertex 14.6 -3.26205 16.759
      vertex 14.6 -3.125 14.8
    endloop
  endfacet
  facet normal -1 -0 0
    outer loop
      vertex 14.6 -3.26205 16.759
      vertex 14.6 -3.51658 14.8257
      vertex 14.6 -3.39676 16.7858
    endloop
  endfacet
  facet normal -1 0 0
    outer loop
      vertex 14.6 -3.90146 14.9022
      vertex 14.6 -3.39676 16.7858
      vertex 14.6 -3.51658 14.8257
    endloop
  endfacet
  facet normal -1 -0 0
    outer loop
      vertex 14.6 -3.39676 16.7858
      vertex 14.6 -3.90146 14.9022
      vertex 14.6 -3.52682 16.8299
    endloop
  endfacet
  facet normal -1 0 0
    outer loop
      vertex 14.6 -4.27305 15.0284
      vertex 14.6 -3.52682 16.8299
      vertex 14.6 -3.90146 14.9022
    endloop
  endfacet
  facet normal -1 -0 0
    outer loop
      vertex 14.6 -3.52682 16.8299
      vertex 14.6 -4.27305 15.0284
      vertex 14.6 -3.65 16.8907
    endloop
  endfacet
  facet normal -1 0 0
    outer loop
      vertex 14.6 -4.625 15.2019
      vertex 14.6 -3.65 16.8907
      vertex 14.6 -4.27305 15.0284
    endloop
  endfacet
  facet normal -1 -0 0
    outer loop
      vertex 14.6 -3.65 16.8907
      vertex 14.6 -4.625 15.2019
      vertex 14.6 -3.7642 16.967
    endloop
  endfacet
  facet normal -1 0 0
    outer loop
      vertex 14.6 -4.95128 15.4199
      vertex 14.6 -3.7642 16.967
      vertex 14.6 -4.625 15.2019
    endloop
  endfacet
  facet normal -1 -0 0
    outer loop
      vertex 14.6 -3.7642 16.967
      vertex 14.6 -4.95128 15.4199
      vertex 14.6 -3.86746 17.0575
    endloop
  endfacet
  facet normal -1 0 0
    outer loop
      vertex 14.6 -5.24632 15.6787
      vertex 14.6 -3.86746 17.0575
      vertex 14.6 -4.95128 15.4199
    endloop
  endfacet
  facet normal -1 -0 0
    outer loop
      vertex 14.6 -3.86746 17.0575
      vertex 14.6 -5.24632 15.6787
      vertex 14.6 -3.95802 17.1608
    endloop
  endfacet
  facet normal -1 -0 0
    outer loop
      vertex 14.6 -3.95802 17.1608
      vertex 14.6 -5.50506 15.9737
      vertex 14.6 -4.03433 17.275
    endloop
  endfacet
  facet normal -1 0 0
    outer loop
      vertex 14.6 -5.50506 15.9737
      vertex 14.6 -3.95802 17.1608
      vertex 14.6 -5.24632 15.6787
    endloop
  endfacet
  facet normal -1 0 0
    outer loop
      vertex 14.6 -2.29198 18.4392
      vertex 14.6 -0.74494 19.6263
      vertex 14.6 -2.21567 18.325
    endloop
  endfacet
  facet normal -1 -0 0
    outer loop
      vertex 14.6 -0.74494 19.6263
      vertex 14.6 -2.29198 18.4392
      vertex 14.6 -1.00368 19.9213
    endloop
  endfacet
  facet normal -1 0 0
    outer loop
      vertex 14.6 -2.38254 18.5425
      vertex 14.6 -1.00368 19.9213
      vertex 14.6 -2.29198 18.4392
    endloop
  endfacet
  facet normal -1 -0 0
    outer loop
      vertex 14.6 -1.00368 19.9213
      vertex 14.6 -2.38254 18.5425
      vertex 14.6 -1.29872 20.1801
    endloop
  endfacet
  facet normal -1 0 0
    outer loop
      vertex 14.6 -2.4858 18.633
      vertex 14.6 -1.29872 20.1801
      vertex 14.6 -2.38254 18.5425
    endloop
  endfacet
  facet normal -1 -0 0
    outer loop
      vertex 14.6 -1.29872 20.1801
      vertex 14.6 -2.4858 18.633
      vertex 14.6 -1.625 20.3981
    endloop
  endfacet
  facet normal -1 0 0
    outer loop
      vertex 14.6 -2.6 18.7093
      vertex 14.6 -1.625 20.3981
      vertex 14.6 -2.4858 18.633
    endloop
  endfacet
  facet normal -1 -0 0
    outer loop
      vertex 14.6 -1.625 20.3981
      vertex 14.6 -2.6 18.7093
      vertex 14.6 -1.97695 20.5716
    endloop
  endfacet
  facet normal -1 0 0
    outer loop
      vertex 14.6 -2.72318 18.7701
      vertex 14.6 -1.97695 20.5716
      vertex 14.6 -2.6 18.7093
    endloop
  endfacet
  facet normal -1 -0 0
    outer loop
      vertex 14.6 -1.97695 20.5716
      vertex 14.6 -2.72318 18.7701
      vertex 14.6 -2.34854 20.6978
    endloop
  endfacet
  facet normal -1 0 0
    outer loop
      vertex 14.6 -2.85324 18.8142
      vertex 14.6 -2.34854 20.6978
      vertex 14.6 -2.72318 18.7701
    endloop
  endfacet
  facet normal -1 -0 0
    outer loop
      vertex 14.6 -2.34854 20.6978
      vertex 14.6 -2.85324 18.8142
      vertex 14.6 -2.73342 20.7743
    endloop
  endfacet
  facet normal -1 0 0
    outer loop
      vertex 14.6 -2.98795 18.841
      vertex 14.6 -2.73342 20.7743
      vertex 14.6 -2.85324 18.8142
    endloop
  endfacet
  facet normal -1 0 0
    outer loop
      vertex 14.6 -3.125 18.85
      vertex 14.6 -2.73342 20.7743
      vertex 14.6 -2.98795 18.841
    endloop
  endfacet
  facet normal -1 0 0
    outer loop
      vertex 14.6 -3.125 18.85
      vertex 14.6 -3.125 20.8
      vertex 14.6 -2.73342 20.7743
    endloop
  endfacet
  facet normal -1 0 0
    outer loop
      vertex 14.6 -3.26205 18.841
      vertex 14.6 -3.125 20.8
      vertex 14.6 -3.125 18.85
    endloop
  endfacet
  facet normal -1 0 0
    outer loop
      vertex 14.6 -3.51658 20.7743
      vertex 14.6 -3.26205 18.841
      vertex 14.6 -3.39676 18.8142
    endloop
  endfacet
  facet normal -1 0 0
    outer loop
      vertex 14.6 -3.26205 18.841
      vertex 14.6 -3.51658 20.7743
      vertex 14.6 -3.125 20.8
    endloop
  endfacet
  facet normal -1 0 0
    outer loop
      vertex 14.6 -3.90146 20.6978
      vertex 14.6 -3.39676 18.8142
      vertex 14.6 -3.52682 18.7701
    endloop
  endfacet
  facet normal -1 0 0
    outer loop
      vertex 14.6 -4.27305 20.5716
      vertex 14.6 -3.52682 18.7701
      vertex 14.6 -3.65 18.7093
    endloop
  endfacet
  facet normal -1 0 0
    outer loop
      vertex 14.6 -4.625 20.3981
      vertex 14.6 -3.65 18.7093
      vertex 14.6 -3.7642 18.633
    endloop
  endfacet
  facet normal -1 0 0
    outer loop
      vertex 14.6 -4.95128 20.1801
      vertex 14.6 -3.7642 18.633
      vertex 14.6 -3.86746 18.5425
    endloop
  endfacet
  facet normal -1 0 0
    outer loop
      vertex 14.6 -3.39676 18.8142
      vertex 14.6 -3.90146 20.6978
      vertex 14.6 -3.51658 20.7743
    endloop
  endfacet
  facet normal -1 0 0
    outer loop
      vertex 14.6 -5.24632 19.9213
      vertex 14.6 -3.86746 18.5425
      vertex 14.6 -3.95802 18.4392
    endloop
  endfacet
  facet normal -1 0 0
    outer loop
      vertex 14.6 -5.50506 19.6263
      vertex 14.6 -3.95802 18.4392
      vertex 14.6 -4.03433 18.325
    endloop
  endfacet
  facet normal -1 0 0
    outer loop
      vertex 14.6 -5.72308 19.3
      vertex 14.6 -4.03433 18.325
      vertex 14.6 -4.09507 18.2018
    endloop
  endfacet
  facet normal -1 0 0
    outer loop
      vertex 14.6 -5.89664 18.948
      vertex 14.6 -4.09507 18.2018
      vertex 14.6 -4.13922 18.0718
    endloop
  endfacet
  facet normal -1 0 0
    outer loop
      vertex 14.6 -6.02278 18.5765
      vertex 14.6 -4.13922 18.0718
      vertex 14.6 -4.16602 17.9371
    endloop
  endfacet
  facet normal -1 0 0
    outer loop
      vertex 14.6 -3.52682 18.7701
      vertex 14.6 -4.27305 20.5716
      vertex 14.6 -3.90146 20.6978
    endloop
  endfacet
  facet normal -1 0 0
    outer loop
      vertex 14.6 -6.09933 18.1916
      vertex 14.6 -4.16602 17.9371
      vertex 14.6 -4.175 17.8
    endloop
  endfacet
  facet normal -1 0 0
    outer loop
      vertex 14.6 -5.72308 16.3
      vertex 14.6 -4.03433 17.275
      vertex 14.6 -5.50506 15.9737
    endloop
  endfacet
  facet normal -1 -0 0
    outer loop
      vertex 14.6 -4.03433 17.275
      vertex 14.6 -5.72308 16.3
      vertex 14.6 -4.09507 17.3982
    endloop
  endfacet
  facet normal -1 0 0
    outer loop
      vertex 14.6 -3.65 18.7093
      vertex 14.6 -4.625 20.3981
      vertex 14.6 -4.27305 20.5716
    endloop
  endfacet
  facet normal -1 0 0
    outer loop
      vertex 14.6 -5.89664 16.6519
      vertex 14.6 -4.09507 17.3982
      vertex 14.6 -5.72308 16.3
    endloop
  endfacet
  facet normal -1 0 0
    outer loop
      vertex 14.6 -3.7642 18.633
      vertex 14.6 -4.95128 20.1801
      vertex 14.6 -4.625 20.3981
    endloop
  endfacet
  facet normal -1 -0 0
    outer loop
      vertex 14.6 -4.09507 17.3982
      vertex 14.6 -5.89664 16.6519
      vertex 14.6 -4.13922 17.5282
    endloop
  endfacet
  facet normal -1 0 0
    outer loop
      vertex 14.6 -3.86746 18.5425
      vertex 14.6 -5.24632 19.9213
      vertex 14.6 -4.95128 20.1801
    endloop
  endfacet
  facet normal -1 0 0
    outer loop
      vertex 14.6 -6.02278 17.0235
      vertex 14.6 -4.13922 17.5282
      vertex 14.6 -5.89664 16.6519
    endloop
  endfacet
  facet normal -1 0 0
    outer loop
      vertex 14.6 -3.95802 18.4392
      vertex 14.6 -5.50506 19.6263
      vertex 14.6 -5.24632 19.9213
    endloop
  endfacet
  facet normal -1 -0 0
    outer loop
      vertex 14.6 -4.13922 17.5282
      vertex 14.6 -6.02278 17.0235
      vertex 14.6 -4.16602 17.6629
    endloop
  endfacet
  facet normal -1 0 0
    outer loop
      vertex 14.6 -4.03433 18.325
      vertex 14.6 -5.72308 19.3
      vertex 14.6 -5.50506 19.6263
    endloop
  endfacet
  facet normal -1 0 0
    outer loop
      vertex 14.6 -6.09933 17.4084
      vertex 14.6 -4.16602 17.6629
      vertex 14.6 -6.02278 17.0235
    endloop
  endfacet
  facet normal -1 0 0
    outer loop
      vertex 14.6 -4.09507 18.2018
      vertex 14.6 -5.89664 18.948
      vertex 14.6 -5.72308 19.3
    endloop
  endfacet
  facet normal -1 -0 0
    outer loop
      vertex 14.6 -4.16602 17.6629
      vertex 14.6 -6.09933 17.4084
      vertex 14.6 -4.175 17.8
    endloop
  endfacet
  facet normal -1 0 0
    outer loop
      vertex 14.6 -4.13922 18.0718
      vertex 14.6 -6.02278 18.5765
      vertex 14.6 -5.89664 18.948
    endloop
  endfacet
  facet normal -1 0 0
    outer loop
      vertex 14.6 -6.125 17.8
      vertex 14.6 -4.175 17.8
      vertex 14.6 -6.09933 17.4084
    endloop
  endfacet
  facet normal -1 0 0
    outer loop
      vertex 14.6 -4.16602 17.9371
      vertex 14.6 -6.09933 18.1916
      vertex 14.6 -6.02278 18.5765
    endloop
  endfacet
  facet normal -1 0 0
    outer loop
      vertex 14.6 -4.175 17.8
      vertex 14.6 -6.125 17.8
      vertex 14.6 -6.09933 18.1916
    endloop
  endfacet
  facet normal 0 -0.8969 0.442233
    outer loop
      vertex 14.6 -5.89664 18.948
      vertex 18.6 -5.72308 19.3
      vertex 14.6 -5.72308 19.3
    endloop
  endfacet
  facet normal 0 -0.8969 0.442233
    outer loop
      vertex 18.6 -5.72308 19.3
      vertex 14.6 -5.89664 18.948
      vertex 18.6 -5.89664 18.948
    endloop
  endfacet
  facet normal 0 -0.997858 0.0654112
    outer loop
      vertex 14.6 -6.125 17.8
      vertex 18.6 -6.09933 18.1916
      vertex 14.6 -6.09933 18.1916
    endloop
  endfacet
  facet normal 0 -0.997858 0.0654112
    outer loop
      vertex 18.6 -6.09933 18.1916
      vertex 14.6 -6.125 17.8
      vertex 18.6 -6.125 17.8
    endloop
  endfacet
  facet normal 0 0.751799 -0.659392
    outer loop
      vertex 18.6 -1.00368 15.6787
      vertex 14.6 -0.74494 15.9737
      vertex 18.6 -0.74494 15.9737
    endloop
  endfacet
  facet normal 0 0.751799 -0.659392
    outer loop
      vertex 14.6 -0.74494 15.9737
      vertex 18.6 -1.00368 15.6787
      vertex 14.6 -1.00368 15.6787
    endloop
  endfacet
  facet normal -0 0.555547 0.831485
    outer loop
      vertex 14.6 -1.29872 20.1801
      vertex 18.6 -1.625 20.3981
      vertex 18.6 -1.29872 20.1801
    endloop
  endfacet
  facet normal 0 0.555547 0.831485
    outer loop
      vertex 18.6 -1.625 20.3981
      vertex 14.6 -1.29872 20.1801
      vertex 14.6 -1.625 20.3981
    endloop
  endfacet
  facet normal 0 0.831481 0.555553
    outer loop
      vertex 18.6 -0.526923 19.3
      vertex 14.6 -0.74494 19.6263
      vertex 18.6 -0.74494 19.6263
    endloop
  endfacet
  facet normal 0 0.831481 0.555553
    outer loop
      vertex 14.6 -0.74494 19.6263
      vertex 18.6 -0.526923 19.3
      vertex 14.6 -0.526923 19.3
    endloop
  endfacet
  facet normal 0 -0.321582 -0.946882
    outer loop
      vertex 14.6 -4.27305 15.0284
      vertex 18.6 -3.90146 14.9022
      vertex 18.6 -4.27305 15.0284
    endloop
  endfacet
  facet normal -0 -0.321582 -0.946882
    outer loop
      vertex 18.6 -3.90146 14.9022
      vertex 14.6 -4.27305 15.0284
      vertex 14.6 -3.90146 14.9022
    endloop
  endfacet
  facet normal 0 0.896848 -0.442338
    outer loop
      vertex 18.6 -0.526923 16.3
      vertex 14.6 -0.353361 16.6519
      vertex 18.6 -0.353361 16.6519
    endloop
  endfacet
  facet normal 0 0.896848 -0.442338
    outer loop
      vertex 14.6 -0.353361 16.6519
      vertex 18.6 -0.526923 16.3
      vertex 14.6 -0.526923 16.3
    endloop
  endfacet
  facet normal 0 -0.946931 -0.321437
    outer loop
      vertex 14.6 -5.89664 16.6519
      vertex 18.6 -6.02278 17.0235
      vertex 14.6 -6.02278 17.0235
    endloop
  endfacet
  facet normal 0 -0.946931 -0.321437
    outer loop
      vertex 18.6 -6.02278 17.0235
      vertex 14.6 -5.89664 16.6519
      vertex 18.6 -5.89664 16.6519
    endloop
  endfacet
  facet normal 0 -0.997858 -0.0654112
    outer loop
      vertex 14.6 -6.09933 17.4084
      vertex 18.6 -6.125 17.8
      vertex 14.6 -6.125 17.8
    endloop
  endfacet
  facet normal 0 -0.997858 -0.0654112
    outer loop
      vertex 18.6 -6.125 17.8
      vertex 14.6 -6.09933 17.4084
      vertex 18.6 -6.09933 17.4084
    endloop
  endfacet
  facet normal 0 -0.89685 -0.442334
    outer loop
      vertex 14.6 -5.72308 16.3
      vertex 18.6 -5.89664 16.6519
      vertex 14.6 -5.89664 16.6519
    endloop
  endfacet
  facet normal 0 -0.89685 -0.442334
    outer loop
      vertex 18.6 -5.89664 16.6519
      vertex 14.6 -5.72308 16.3
      vertex 18.6 -5.72308 16.3
    endloop
  endfacet
  facet normal 0 -0.751799 0.659392
    outer loop
      vertex 14.6 -5.50506 19.6263
      vertex 18.6 -5.24632 19.9213
      vertex 14.6 -5.24632 19.9213
    endloop
  endfacet
  facet normal 0 -0.751799 0.659392
    outer loop
      vertex 18.6 -5.24632 19.9213
      vertex 14.6 -5.50506 19.6263
      vertex 18.6 -5.50506 19.6263
    endloop
  endfacet
  facet normal 0 0.19495 -0.980813
    outer loop
      vertex 14.6 -2.73342 14.8257
      vertex 18.6 -2.34854 14.9022
      vertex 18.6 -2.73342 14.8257
    endloop
  endfacet
  facet normal 0 0.19495 -0.980813
    outer loop
      vertex 18.6 -2.34854 14.9022
      vertex 14.6 -2.73342 14.8257
      vertex 14.6 -2.34854 14.9022
    endloop
  endfacet
  facet normal 0 0.751799 0.659392
    outer loop
      vertex 18.6 -0.74494 19.6263
      vertex 14.6 -1.00368 19.9213
      vertex 18.6 -1.00368 19.9213
    endloop
  endfacet
  facet normal 0 0.751799 0.659392
    outer loop
      vertex 14.6 -1.00368 19.9213
      vertex 18.6 -0.74494 19.6263
      vertex 14.6 -0.74494 19.6263
    endloop
  endfacet
  facet normal 0 -0.831477 -0.555558
    outer loop
      vertex 14.6 -5.50506 15.9737
      vertex 18.6 -5.72308 16.3
      vertex 14.6 -5.72308 16.3
    endloop
  endfacet
  facet normal 0 -0.831477 -0.555558
    outer loop
      vertex 18.6 -5.72308 16.3
      vertex 14.6 -5.50506 15.9737
      vertex 18.6 -5.50506 15.9737
    endloop
  endfacet
  facet normal 0 -0.831477 0.555558
    outer loop
      vertex 14.6 -5.72308 19.3
      vertex 18.6 -5.50506 19.6263
      vertex 14.6 -5.50506 19.6263
    endloop
  endfacet
  facet normal 0 -0.831477 0.555558
    outer loop
      vertex 18.6 -5.50506 19.6263
      vertex 14.6 -5.72308 19.3
      vertex 18.6 -5.72308 19.3
    endloop
  endfacet
  facet normal 0 0.555547 -0.831485
    outer loop
      vertex 14.6 -1.625 15.2019
      vertex 18.6 -1.29872 15.4199
      vertex 18.6 -1.625 15.2019
    endloop
  endfacet
  facet normal 0 0.555547 -0.831485
    outer loop
      vertex 18.6 -1.29872 15.4199
      vertex 14.6 -1.625 15.2019
      vertex 14.6 -1.29872 15.4199
    endloop
  endfacet
  facet normal -0 0.659428 0.751768
    outer loop
      vertex 14.6 -1.00368 19.9213
      vertex 18.6 -1.29872 20.1801
      vertex 18.6 -1.00368 19.9213
    endloop
  endfacet
  facet normal 0 0.659428 0.751768
    outer loop
      vertex 18.6 -1.29872 20.1801
      vertex 14.6 -1.00368 19.9213
      vertex 14.6 -1.29872 20.1801
    endloop
  endfacet
  facet normal 0 0.896898 0.442237
    outer loop
      vertex 18.6 -0.353361 18.948
      vertex 14.6 -0.526923 19.3
      vertex 18.6 -0.526923 19.3
    endloop
  endfacet
  facet normal 0 0.896898 0.442237
    outer loop
      vertex 14.6 -0.526923 19.3
      vertex 18.6 -0.353361 18.948
      vertex 14.6 -0.353361 18.948
    endloop
  endfacet
  facet normal -0 0.0654906 0.997853
    outer loop
      vertex 14.6 -2.73342 20.7743
      vertex 18.6 -3.125 20.8
      vertex 18.6 -2.73342 20.7743
    endloop
  endfacet
  facet normal 0 0.0654906 0.997853
    outer loop
      vertex 18.6 -3.125 20.8
      vertex 14.6 -2.73342 20.7743
      vertex 14.6 -3.125 20.8
    endloop
  endfacet
  facet normal 0 0.980787 -0.19508
    outer loop
      vertex 18.6 -0.227222 17.0235
      vertex 14.6 -0.150665 17.4084
      vertex 18.6 -0.150665 17.4084
    endloop
  endfacet
  facet normal 0 0.980787 -0.19508
    outer loop
      vertex 14.6 -0.150665 17.4084
      vertex 18.6 -0.227222 17.0235
      vertex 14.6 -0.227222 17.0235
    endloop
  endfacet
  facet normal 0 0.946905 0.321512
    outer loop
      vertex 18.6 -0.227222 18.5765
      vertex 14.6 -0.353361 18.948
      vertex 18.6 -0.353361 18.948
    endloop
  endfacet
  facet normal 0 0.946905 0.321512
    outer loop
      vertex 14.6 -0.353361 18.948
      vertex 18.6 -0.227222 18.5765
      vertex 14.6 -0.227222 18.5765
    endloop
  endfacet
  facet normal 0 0.831481 -0.555553
    outer loop
      vertex 18.6 -0.74494 15.9737
      vertex 14.6 -0.526923 16.3
      vertex 18.6 -0.526923 16.3
    endloop
  endfacet
  facet normal 0 0.831481 -0.555553
    outer loop
      vertex 14.6 -0.526923 16.3
      vertex 18.6 -0.74494 15.9737
      vertex 14.6 -0.74494 15.9737
    endloop
  endfacet
  facet normal 0 0.946932 -0.321434
    outer loop
      vertex 18.6 -0.353361 16.6519
      vertex 14.6 -0.227222 17.0235
      vertex 18.6 -0.227222 17.0235
    endloop
  endfacet
  facet normal 0 0.946932 -0.321434
    outer loop
      vertex 14.6 -0.227222 17.0235
      vertex 18.6 -0.353361 16.6519
      vertex 14.6 -0.353361 16.6519
    endloop
  endfacet
  facet normal 0 0.44216 -0.896936
    outer loop
      vertex 14.6 -1.97695 15.0284
      vertex 18.6 -1.625 15.2019
      vertex 18.6 -1.97695 15.0284
    endloop
  endfacet
  facet normal 0 0.44216 -0.896936
    outer loop
      vertex 18.6 -1.625 15.2019
      vertex 14.6 -1.97695 15.0284
      vertex 14.6 -1.625 15.2019
    endloop
  endfacet
  facet normal 0 0.980787 0.19508
    outer loop
      vertex 18.6 -0.150665 18.1916
      vertex 14.6 -0.227222 18.5765
      vertex 18.6 -0.227222 18.5765
    endloop
  endfacet
  facet normal 0 0.980787 0.19508
    outer loop
      vertex 14.6 -0.227222 18.5765
      vertex 18.6 -0.150665 18.1916
      vertex 14.6 -0.150665 18.1916
    endloop
  endfacet
  facet normal 0 -0.44216 0.896936
    outer loop
      vertex 14.6 -4.27305 20.5716
      vertex 18.6 -4.625 20.3981
      vertex 18.6 -4.27305 20.5716
    endloop
  endfacet
  facet normal 0 -0.44216 0.896936
    outer loop
      vertex 18.6 -4.625 20.3981
      vertex 14.6 -4.27305 20.5716
      vertex 14.6 -4.625 20.3981
    endloop
  endfacet
  facet normal 0 -0.980791 -0.195062
    outer loop
      vertex 14.6 -6.02278 17.0235
      vertex 18.6 -6.09933 17.4084
      vertex 14.6 -6.09933 17.4084
    endloop
  endfacet
  facet normal 0 -0.980791 -0.195062
    outer loop
      vertex 18.6 -6.09933 17.4084
      vertex 14.6 -6.02278 17.0235
      vertex 18.6 -6.02278 17.0235
    endloop
  endfacet
  facet normal 0 -0.751799 -0.659392
    outer loop
      vertex 14.6 -5.24632 15.6787
      vertex 18.6 -5.50506 15.9737
      vertex 14.6 -5.50506 15.9737
    endloop
  endfacet
  facet normal 0 -0.751799 -0.659392
    outer loop
      vertex 18.6 -5.50506 15.9737
      vertex 14.6 -5.24632 15.6787
      vertex 18.6 -5.24632 15.6787
    endloop
  endfacet
  facet normal 0 -0.946905 0.321514
    outer loop
      vertex 14.6 -6.02278 18.5765
      vertex 18.6 -5.89664 18.948
      vertex 14.6 -5.89664 18.948
    endloop
  endfacet
  facet normal 0 -0.946905 0.321514
    outer loop
      vertex 18.6 -5.89664 18.948
      vertex 14.6 -6.02278 18.5765
      vertex 18.6 -6.02278 18.5765
    endloop
  endfacet
  facet normal 0 -0.0654906 0.997853
    outer loop
      vertex 14.6 -3.125 20.8
      vertex 18.6 -3.51658 20.7743
      vertex 18.6 -3.125 20.8
    endloop
  endfacet
  facet normal 0 -0.0654906 0.997853
    outer loop
      vertex 18.6 -3.51658 20.7743
      vertex 14.6 -3.125 20.8
      vertex 14.6 -3.51658 20.7743
    endloop
  endfacet
  facet normal 0 0.321582 -0.946882
    outer loop
      vertex 14.6 -2.34854 14.9022
      vertex 18.6 -1.97695 15.0284
      vertex 18.6 -2.34854 14.9022
    endloop
  endfacet
  facet normal 0 0.321582 -0.946882
    outer loop
      vertex 18.6 -1.97695 15.0284
      vertex 14.6 -2.34854 14.9022
      vertex 14.6 -1.97695 15.0284
    endloop
  endfacet
  facet normal 0 -0.19495 0.980813
    outer loop
      vertex 14.6 -3.51658 20.7743
      vertex 18.6 -3.90146 20.6978
      vertex 18.6 -3.51658 20.7743
    endloop
  endfacet
  facet normal 0 -0.19495 0.980813
    outer loop
      vertex 18.6 -3.90146 20.6978
      vertex 14.6 -3.51658 20.7743
      vertex 14.6 -3.90146 20.6978
    endloop
  endfacet
  facet normal 0 -0.555547 0.831485
    outer loop
      vertex 14.6 -4.625 20.3981
      vertex 18.6 -4.95128 20.1801
      vertex 18.6 -4.625 20.3981
    endloop
  endfacet
  facet normal 0 -0.555547 0.831485
    outer loop
      vertex 18.6 -4.95128 20.1801
      vertex 14.6 -4.625 20.3981
      vertex 14.6 -4.95128 20.1801
    endloop
  endfacet
  facet normal 0 -0.44216 -0.896936
    outer loop
      vertex 14.6 -4.625 15.2019
      vertex 18.6 -4.27305 15.0284
      vertex 18.6 -4.625 15.2019
    endloop
  endfacet
  facet normal -0 -0.44216 -0.896936
    outer loop
      vertex 18.6 -4.27305 15.0284
      vertex 14.6 -4.625 15.2019
      vertex 14.6 -4.27305 15.0284
    endloop
  endfacet
  facet normal 0 0.659428 -0.751768
    outer loop
      vertex 14.6 -1.29872 15.4199
      vertex 18.6 -1.00368 15.6787
      vertex 18.6 -1.29872 15.4199
    endloop
  endfacet
  facet normal 0 0.659428 -0.751768
    outer loop
      vertex 18.6 -1.00368 15.6787
      vertex 14.6 -1.29872 15.4199
      vertex 14.6 -1.00368 15.6787
    endloop
  endfacet
  facet normal 0 -0.659428 0.751768
    outer loop
      vertex 14.6 -4.95128 20.1801
      vertex 18.6 -5.24632 19.9213
      vertex 18.6 -4.95128 20.1801
    endloop
  endfacet
  facet normal 0 -0.659428 0.751768
    outer loop
      vertex 18.6 -5.24632 19.9213
      vertex 14.6 -4.95128 20.1801
      vertex 14.6 -5.24632 19.9213
    endloop
  endfacet
  facet normal 0 0.997859 -0.0653985
    outer loop
      vertex 18.6 -0.150665 17.4084
      vertex 14.6 -0.125 17.8
      vertex 18.6 -0.125 17.8
    endloop
  endfacet
  facet normal 0 0.997859 -0.0653985
    outer loop
      vertex 14.6 -0.125 17.8
      vertex 18.6 -0.150665 17.4084
      vertex 14.6 -0.150665 17.4084
    endloop
  endfacet
  facet normal -0 0.44216 0.896936
    outer loop
      vertex 14.6 -1.625 20.3981
      vertex 18.6 -1.97695 20.5716
      vertex 18.6 -1.625 20.3981
    endloop
  endfacet
  facet normal 0 0.44216 0.896936
    outer loop
      vertex 18.6 -1.97695 20.5716
      vertex 14.6 -1.625 20.3981
      vertex 14.6 -1.97695 20.5716
    endloop
  endfacet
  facet normal 0 -0.659428 -0.751768
    outer loop
      vertex 14.6 -5.24632 15.6787
      vertex 18.6 -4.95128 15.4199
      vertex 18.6 -5.24632 15.6787
    endloop
  endfacet
  facet normal -0 -0.659428 -0.751768
    outer loop
      vertex 18.6 -4.95128 15.4199
      vertex 14.6 -5.24632 15.6787
      vertex 14.6 -4.95128 15.4199
    endloop
  endfacet
  facet normal 0 0.997858 0.0654112
    outer loop
      vertex 18.6 6.275 17.8
      vertex 14.6 6.24933 18.1916
      vertex 18.6 6.24933 18.1916
    endloop
  endfacet
  facet normal 0 0.997858 0.0654112
    outer loop
      vertex 14.6 6.24933 18.1916
      vertex 18.6 6.275 17.8
      vertex 14.6 6.275 17.8
    endloop
  endfacet
  facet normal 0 0.831477 -0.555558
    outer loop
      vertex 18.6 5.65506 15.9737
      vertex 14.6 5.87308 16.3
      vertex 18.6 5.87308 16.3
    endloop
  endfacet
  facet normal 0 0.831477 -0.555558
    outer loop
      vertex 14.6 5.87308 16.3
      vertex 18.6 5.65506 15.9737
      vertex 14.6 5.65506 15.9737
    endloop
  endfacet
  facet normal 0 0.946931 -0.321437
    outer loop
      vertex 18.6 6.04664 16.6519
      vertex 14.6 6.17278 17.0235
      vertex 18.6 6.17278 17.0235
    endloop
  endfacet
  facet normal 0 0.946931 -0.321437
    outer loop
      vertex 14.6 6.17278 17.0235
      vertex 18.6 6.04664 16.6519
      vertex 14.6 6.04664 16.6519
    endloop
  endfacet
  facet normal 0 -0.321582 0.946882
    outer loop
      vertex 14.6 2.49854 20.6978
      vertex 18.6 2.12695 20.5716
      vertex 18.6 2.49854 20.6978
    endloop
  endfacet
  facet normal 0 -0.321582 0.946882
    outer loop
      vertex 18.6 2.12695 20.5716
      vertex 14.6 2.49854 20.6978
      vertex 14.6 2.12695 20.5716
    endloop
  endfacet
  facet normal 0 -0.19495 -0.980813
    outer loop
      vertex 14.6 2.49854 14.9022
      vertex 18.6 2.88342 14.8257
      vertex 18.6 2.49854 14.9022
    endloop
  endfacet
  facet normal -0 -0.19495 -0.980813
    outer loop
      vertex 18.6 2.88342 14.8257
      vertex 14.6 2.49854 14.9022
      vertex 14.6 2.88342 14.8257
    endloop
  endfacet
  facet normal 0 -0.946905 0.321512
    outer loop
      vertex 14.6 0.377222 18.5765
      vertex 18.6 0.503361 18.948
      vertex 14.6 0.503361 18.948
    endloop
  endfacet
  facet normal 0 -0.946905 0.321512
    outer loop
      vertex 18.6 0.503361 18.948
      vertex 14.6 0.377222 18.5765
      vertex 18.6 0.377222 18.5765
    endloop
  endfacet
  facet normal 0 0.0654906 -0.997853
    outer loop
      vertex 14.6 3.275 14.8
      vertex 18.6 3.66658 14.8257
      vertex 18.6 3.275 14.8
    endloop
  endfacet
  facet normal 0 0.0654906 -0.997853
    outer loop
      vertex 18.6 3.66658 14.8257
      vertex 14.6 3.275 14.8
      vertex 14.6 3.66658 14.8257
    endloop
  endfacet
  facet normal 0 -0.555547 -0.831485
    outer loop
      vertex 14.6 1.44872 15.4199
      vertex 18.6 1.775 15.2019
      vertex 18.6 1.44872 15.4199
    endloop
  endfacet
  facet normal -0 -0.555547 -0.831485
    outer loop
      vertex 18.6 1.775 15.2019
      vertex 14.6 1.44872 15.4199
      vertex 14.6 1.775 15.2019
    endloop
  endfacet
  facet normal 0 -0.0654906 -0.997853
    outer loop
      vertex 14.6 2.88342 14.8257
      vertex 18.6 3.275 14.8
      vertex 18.6 2.88342 14.8257
    endloop
  endfacet
  facet normal -0 -0.0654906 -0.997853
    outer loop
      vertex 18.6 3.275 14.8
      vertex 14.6 2.88342 14.8257
      vertex 14.6 3.275 14.8
    endloop
  endfacet
  facet normal 0 -0.946932 -0.321434
    outer loop
      vertex 14.6 0.503361 16.6519
      vertex 18.6 0.377222 17.0235
      vertex 14.6 0.377222 17.0235
    endloop
  endfacet
  facet normal 0 -0.946932 -0.321434
    outer loop
      vertex 18.6 0.377222 17.0235
      vertex 14.6 0.503361 16.6519
      vertex 18.6 0.503361 16.6519
    endloop
  endfacet
  facet normal -0 0.555547 0.831485
    outer loop
      vertex 14.6 5.10128 20.1801
      vertex 18.6 4.775 20.3981
      vertex 18.6 5.10128 20.1801
    endloop
  endfacet
  facet normal 0 0.555547 0.831485
    outer loop
      vertex 18.6 4.775 20.3981
      vertex 14.6 5.10128 20.1801
      vertex 14.6 4.775 20.3981
    endloop
  endfacet
  facet normal 0 0.751799 -0.659392
    outer loop
      vertex 18.6 5.39632 15.6787
      vertex 14.6 5.65506 15.9737
      vertex 18.6 5.65506 15.9737
    endloop
  endfacet
  facet normal 0 0.751799 -0.659392
    outer loop
      vertex 14.6 5.65506 15.9737
      vertex 18.6 5.39632 15.6787
      vertex 14.6 5.39632 15.6787
    endloop
  endfacet
  facet normal 0 -0.321582 -0.946882
    outer loop
      vertex 14.6 2.12695 15.0284
      vertex 18.6 2.49854 14.9022
      vertex 18.6 2.12695 15.0284
    endloop
  endfacet
  facet normal -0 -0.321582 -0.946882
    outer loop
      vertex 18.6 2.49854 14.9022
      vertex 14.6 2.12695 15.0284
      vertex 14.6 2.49854 14.9022
    endloop
  endfacet
  facet normal 0 -0.44216 -0.896936
    outer loop
      vertex 14.6 1.775 15.2019
      vertex 18.6 2.12695 15.0284
      vertex 18.6 1.775 15.2019
    endloop
  endfacet
  facet normal -0 -0.44216 -0.896936
    outer loop
      vertex 18.6 2.12695 15.0284
      vertex 14.6 1.775 15.2019
      vertex 14.6 2.12695 15.0284
    endloop
  endfacet
  facet normal 0 0.19495 -0.980813
    outer loop
      vertex 14.6 3.66658 14.8257
      vertex 18.6 4.05146 14.9022
      vertex 18.6 3.66658 14.8257
    endloop
  endfacet
  facet normal 0 0.19495 -0.980813
    outer loop
      vertex 18.6 4.05146 14.9022
      vertex 14.6 3.66658 14.8257
      vertex 14.6 4.05146 14.9022
    endloop
  endfacet
  facet normal 0 -0.980787 -0.19508
    outer loop
      vertex 14.6 0.377222 17.0235
      vertex 18.6 0.300665 17.4084
      vertex 14.6 0.300665 17.4084
    endloop
  endfacet
  facet normal 0 -0.980787 -0.19508
    outer loop
      vertex 18.6 0.300665 17.4084
      vertex 14.6 0.377222 17.0235
      vertex 18.6 0.377222 17.0235
    endloop
  endfacet
  facet normal 0 0.751799 0.659392
    outer loop
      vertex 18.6 5.65506 19.6263
      vertex 14.6 5.39632 19.9213
      vertex 18.6 5.39632 19.9213
    endloop
  endfacet
  facet normal 0 0.751799 0.659392
    outer loop
      vertex 14.6 5.39632 19.9213
      vertex 18.6 5.65506 19.6263
      vertex 14.6 5.65506 19.6263
    endloop
  endfacet
  facet normal 0 -0.997859 -0.0653985
    outer loop
      vertex 14.6 0.300665 17.4084
      vertex 18.6 0.275 17.8
      vertex 14.6 0.275 17.8
    endloop
  endfacet
  facet normal 0 -0.997859 -0.0653985
    outer loop
      vertex 18.6 0.275 17.8
      vertex 14.6 0.300665 17.4084
      vertex 18.6 0.300665 17.4084
    endloop
  endfacet
  facet normal 0 0.44216 -0.896936
    outer loop
      vertex 14.6 4.42305 15.0284
      vertex 18.6 4.775 15.2019
      vertex 18.6 4.42305 15.0284
    endloop
  endfacet
  facet normal 0 0.44216 -0.896936
    outer loop
      vertex 18.6 4.775 15.2019
      vertex 14.6 4.42305 15.0284
      vertex 14.6 4.775 15.2019
    endloop
  endfacet
  facet normal 0 -0.659428 0.751768
    outer loop
      vertex 14.6 1.44872 20.1801
      vertex 18.6 1.15368 19.9213
      vertex 18.6 1.44872 20.1801
    endloop
  endfacet
  facet normal 0 -0.659428 0.751768
    outer loop
      vertex 18.6 1.15368 19.9213
      vertex 14.6 1.44872 20.1801
      vertex 14.6 1.15368 19.9213
    endloop
  endfacet
  facet normal -0 0.659428 0.751768
    outer loop
      vertex 14.6 5.39632 19.9213
      vertex 18.6 5.10128 20.1801
      vertex 18.6 5.39632 19.9213
    endloop
  endfacet
  facet normal 0 0.659428 0.751768
    outer loop
      vertex 18.6 5.10128 20.1801
      vertex 14.6 5.39632 19.9213
      vertex 14.6 5.10128 20.1801
    endloop
  endfacet
  facet normal 0 0.555547 -0.831485
    outer loop
      vertex 14.6 4.775 15.2019
      vertex 18.6 5.10128 15.4199
      vertex 18.6 4.775 15.2019
    endloop
  endfacet
  facet normal 0 0.555547 -0.831485
    outer loop
      vertex 18.6 5.10128 15.4199
      vertex 14.6 4.775 15.2019
      vertex 14.6 5.10128 15.4199
    endloop
  endfacet
  facet normal 0 -0.751798 0.659393
    outer loop
      vertex 14.6 0.894939 19.6263
      vertex 18.6 1.15368 19.9213
      vertex 14.6 1.15368 19.9213
    endloop
  endfacet
  facet normal 0 -0.751798 0.659393
    outer loop
      vertex 18.6 1.15368 19.9213
      vertex 14.6 0.894939 19.6263
      vertex 18.6 0.894939 19.6263
    endloop
  endfacet
  facet normal 0 -0.831483 -0.55555
    outer loop
      vertex 14.6 0.894939 15.9737
      vertex 18.6 0.676924 16.3
      vertex 14.6 0.676924 16.3
    endloop
  endfacet
  facet normal 0 -0.831483 -0.55555
    outer loop
      vertex 18.6 0.676924 16.3
      vertex 14.6 0.894939 15.9737
      vertex 18.6 0.894939 15.9737
    endloop
  endfacet
  facet normal 0 -0.896897 0.442239
    outer loop
      vertex 14.6 0.503361 18.948
      vertex 18.6 0.676924 19.3
      vertex 14.6 0.676924 19.3
    endloop
  endfacet
  facet normal 0 -0.896897 0.442239
    outer loop
      vertex 18.6 0.676924 19.3
      vertex 14.6 0.503361 18.948
      vertex 18.6 0.503361 18.948
    endloop
  endfacet
  facet normal 0 0.659428 -0.751768
    outer loop
      vertex 14.6 5.10128 15.4199
      vertex 18.6 5.39632 15.6787
      vertex 18.6 5.10128 15.4199
    endloop
  endfacet
  facet normal 0 0.659428 -0.751768
    outer loop
      vertex 18.6 5.39632 15.6787
      vertex 14.6 5.10128 15.4199
      vertex 14.6 5.39632 15.6787
    endloop
  endfacet
  facet normal 0 -0.896847 -0.44234
    outer loop
      vertex 14.6 0.676924 16.3
      vertex 18.6 0.503361 16.6519
      vertex 14.6 0.503361 16.6519
    endloop
  endfacet
  facet normal 0 -0.896847 -0.44234
    outer loop
      vertex 18.6 0.503361 16.6519
      vertex 14.6 0.676924 16.3
      vertex 18.6 0.676924 16.3
    endloop
  endfacet
  facet normal 0 0.946905 0.321514
    outer loop
      vertex 18.6 6.17278 18.5765
      vertex 14.6 6.04664 18.948
      vertex 18.6 6.04664 18.948
    endloop
  endfacet
  facet normal 0 0.946905 0.321514
    outer loop
      vertex 14.6 6.04664 18.948
      vertex 18.6 6.17278 18.5765
      vertex 14.6 6.17278 18.5765
    endloop
  endfacet
  facet normal -0 0.44216 0.896936
    outer loop
      vertex 14.6 4.775 20.3981
      vertex 18.6 4.42305 20.5716
      vertex 18.6 4.775 20.3981
    endloop
  endfacet
  facet normal 0 0.44216 0.896936
    outer loop
      vertex 18.6 4.42305 20.5716
      vertex 14.6 4.775 20.3981
      vertex 14.6 4.42305 20.5716
    endloop
  endfacet
  facet normal 0 -0.831483 0.55555
    outer loop
      vertex 14.6 0.676924 19.3
      vertex 18.6 0.894939 19.6263
      vertex 14.6 0.894939 19.6263
    endloop
  endfacet
  facet normal 0 -0.831483 0.55555
    outer loop
      vertex 18.6 0.894939 19.6263
      vertex 14.6 0.676924 19.3
      vertex 18.6 0.676924 19.3
    endloop
  endfacet
  facet normal 0 0.980791 0.195062
    outer loop
      vertex 18.6 6.24933 18.1916
      vertex 14.6 6.17278 18.5765
      vertex 18.6 6.17278 18.5765
    endloop
  endfacet
  facet normal 0 0.980791 0.195062
    outer loop
      vertex 14.6 6.17278 18.5765
      vertex 18.6 6.24933 18.1916
      vertex 14.6 6.24933 18.1916
    endloop
  endfacet
  facet normal 0 -0.19495 0.980813
    outer loop
      vertex 14.6 2.88342 20.7743
      vertex 18.6 2.49854 20.6978
      vertex 18.6 2.88342 20.7743
    endloop
  endfacet
  facet normal 0 -0.19495 0.980813
    outer loop
      vertex 18.6 2.49854 20.6978
      vertex 14.6 2.88342 20.7743
      vertex 14.6 2.49854 20.6978
    endloop
  endfacet
  facet normal -0 0.0654906 0.997853
    outer loop
      vertex 14.6 3.66658 20.7743
      vertex 18.6 3.275 20.8
      vertex 18.6 3.66658 20.7743
    endloop
  endfacet
  facet normal 0 0.0654906 0.997853
    outer loop
      vertex 18.6 3.275 20.8
      vertex 14.6 3.66658 20.7743
      vertex 14.6 3.275 20.8
    endloop
  endfacet
  facet normal -0 0.19495 0.980813
    outer loop
      vertex 14.6 4.05146 20.6978
      vertex 18.6 3.66658 20.7743
      vertex 18.6 4.05146 20.6978
    endloop
  endfacet
  facet normal 0 0.19495 0.980813
    outer loop
      vertex 18.6 3.66658 20.7743
      vertex 14.6 4.05146 20.6978
      vertex 14.6 3.66658 20.7743
    endloop
  endfacet
  facet normal 0 -0.44216 0.896936
    outer loop
      vertex 14.6 2.12695 20.5716
      vertex 18.6 1.775 20.3981
      vertex 18.6 2.12695 20.5716
    endloop
  endfacet
  facet normal 0 -0.44216 0.896936
    outer loop
      vertex 18.6 1.775 20.3981
      vertex 14.6 2.12695 20.5716
      vertex 14.6 1.775 20.3981
    endloop
  endfacet
  facet normal 0 0.89685 -0.442334
    outer loop
      vertex 18.6 5.87308 16.3
      vertex 14.6 6.04664 16.6519
      vertex 18.6 6.04664 16.6519
    endloop
  endfacet
  facet normal 0 0.89685 -0.442334
    outer loop
      vertex 14.6 6.04664 16.6519
      vertex 18.6 5.87308 16.3
      vertex 14.6 5.87308 16.3
    endloop
  endfacet
  facet normal 0 0.980791 -0.195062
    outer loop
      vertex 18.6 6.17278 17.0235
      vertex 14.6 6.24933 17.4084
      vertex 18.6 6.24933 17.4084
    endloop
  endfacet
  facet normal 0 0.980791 -0.195062
    outer loop
      vertex 14.6 6.24933 17.4084
      vertex 18.6 6.17278 17.0235
      vertex 14.6 6.17278 17.0235
    endloop
  endfacet
  facet normal 0 -0.980787 0.19508
    outer loop
      vertex 14.6 0.300665 18.1916
      vertex 18.6 0.377222 18.5765
      vertex 14.6 0.377222 18.5765
    endloop
  endfacet
  facet normal 0 -0.980787 0.19508
    outer loop
      vertex 18.6 0.377222 18.5765
      vertex 14.6 0.300665 18.1916
      vertex 18.6 0.300665 18.1916
    endloop
  endfacet
  facet normal 0 0.8969 0.442233
    outer loop
      vertex 18.6 6.04664 18.948
      vertex 14.6 5.87308 19.3
      vertex 18.6 5.87308 19.3
    endloop
  endfacet
  facet normal 0 0.8969 0.442233
    outer loop
      vertex 14.6 5.87308 19.3
      vertex 18.6 6.04664 18.948
      vertex 14.6 6.04664 18.948
    endloop
  endfacet
  facet normal 0 -0.0654906 0.997853
    outer loop
      vertex 14.6 3.275 20.8
      vertex 18.6 2.88342 20.7743
      vertex 18.6 3.275 20.8
    endloop
  endfacet
  facet normal 0 -0.0654906 0.997853
    outer loop
      vertex 18.6 2.88342 20.7743
      vertex 14.6 3.275 20.8
      vertex 14.6 2.88342 20.7743
    endloop
  endfacet
  facet normal 0 0.321582 -0.946882
    outer loop
      vertex 14.6 4.05146 14.9022
      vertex 18.6 4.42305 15.0284
      vertex 18.6 4.05146 14.9022
    endloop
  endfacet
  facet normal 0 0.321582 -0.946882
    outer loop
      vertex 18.6 4.42305 15.0284
      vertex 14.6 4.05146 14.9022
      vertex 14.6 4.42305 15.0284
    endloop
  endfacet
  facet normal -1 0 0
    outer loop
      vertex 14.6 4.325 17.8
      vertex 14.6 6.275 17.8
      vertex 14.6 6.24933 17.4084
    endloop
  endfacet
  facet normal -1 0 0
    outer loop
      vertex 14.6 4.31602 17.6629
      vertex 14.6 6.24933 17.4084
      vertex 14.6 6.17278 17.0235
    endloop
  endfacet
  facet normal -1 0 0
    outer loop
      vertex 14.6 6.275 17.8
      vertex 14.6 4.325 17.8
      vertex 14.6 6.24933 18.1916
    endloop
  endfacet
  facet normal -1 0 0
    outer loop
      vertex 14.6 4.28922 17.5282
      vertex 14.6 6.17278 17.0235
      vertex 14.6 6.04664 16.6519
    endloop
  endfacet
  facet normal -1 0 0
    outer loop
      vertex 14.6 4.31602 17.9371
      vertex 14.6 6.24933 18.1916
      vertex 14.6 4.325 17.8
    endloop
  endfacet
  facet normal -1 0 0
    outer loop
      vertex 14.6 4.24507 17.3982
      vertex 14.6 6.04664 16.6519
      vertex 14.6 5.87308 16.3
    endloop
  endfacet
  facet normal -1 -0 0
    outer loop
      vertex 14.6 6.24933 18.1916
      vertex 14.6 4.31602 17.9371
      vertex 14.6 6.17278 18.5765
    endloop
  endfacet
  facet normal -1 0 0
    outer loop
      vertex 14.6 4.18433 17.275
      vertex 14.6 5.87308 16.3
      vertex 14.6 5.65506 15.9737
    endloop
  endfacet
  facet normal -1 0 0
    outer loop
      vertex 14.6 4.28922 18.0718
      vertex 14.6 6.17278 18.5765
      vertex 14.6 4.31602 17.9371
    endloop
  endfacet
  facet normal -1 0 0
    outer loop
      vertex 14.6 4.10802 17.1608
      vertex 14.6 5.65506 15.9737
      vertex 14.6 5.39632 15.6787
    endloop
  endfacet
  facet normal -1 -0 0
    outer loop
      vertex 14.6 6.17278 18.5765
      vertex 14.6 4.28922 18.0718
      vertex 14.6 6.04664 18.948
    endloop
  endfacet
  facet normal -1 0 0
    outer loop
      vertex 14.6 4.01746 17.0575
      vertex 14.6 5.39632 15.6787
      vertex 14.6 5.10128 15.4199
    endloop
  endfacet
  facet normal -1 0 0
    outer loop
      vertex 14.6 4.24507 18.2018
      vertex 14.6 6.04664 18.948
      vertex 14.6 4.28922 18.0718
    endloop
  endfacet
  facet normal -1 0 0
    outer loop
      vertex 14.6 3.9142 16.967
      vertex 14.6 5.10128 15.4199
      vertex 14.6 4.775 15.2019
    endloop
  endfacet
  facet normal -1 -0 0
    outer loop
      vertex 14.6 6.04664 18.948
      vertex 14.6 4.24507 18.2018
      vertex 14.6 5.87308 19.3
    endloop
  endfacet
  facet normal -1 0 0
    outer loop
      vertex 14.6 3.8 16.8907
      vertex 14.6 4.775 15.2019
      vertex 14.6 4.42305 15.0284
    endloop
  endfacet
  facet normal -1 0 0
    outer loop
      vertex 14.6 4.18433 18.325
      vertex 14.6 5.87308 19.3
      vertex 14.6 4.24507 18.2018
    endloop
  endfacet
  facet normal -1 -0 0
    outer loop
      vertex 14.6 5.87308 19.3
      vertex 14.6 4.18433 18.325
      vertex 14.6 5.65506 19.6263
    endloop
  endfacet
  facet normal -1 0 0
    outer loop
      vertex 14.6 6.24933 17.4084
      vertex 14.6 4.31602 17.6629
      vertex 14.6 4.325 17.8
    endloop
  endfacet
  facet normal -1 0 0
    outer loop
      vertex 14.6 6.17278 17.0235
      vertex 14.6 4.28922 17.5282
      vertex 14.6 4.31602 17.6629
    endloop
  endfacet
  facet normal -1 0 0
    outer loop
      vertex 14.6 6.04664 16.6519
      vertex 14.6 4.24507 17.3982
      vertex 14.6 4.28922 17.5282
    endloop
  endfacet
  facet normal -1 0 0
    outer loop
      vertex 14.6 5.87308 16.3
      vertex 14.6 4.18433 17.275
      vertex 14.6 4.24507 17.3982
    endloop
  endfacet
  facet normal -1 0 0
    outer loop
      vertex 14.6 5.65506 15.9737
      vertex 14.6 4.10802 17.1608
      vertex 14.6 4.18433 17.275
    endloop
  endfacet
  facet normal -1 0 0
    outer loop
      vertex 14.6 3.67682 16.8299
      vertex 14.6 4.42305 15.0284
      vertex 14.6 4.05146 14.9022
    endloop
  endfacet
  facet normal -1 0 0
    outer loop
      vertex 14.6 5.39632 15.6787
      vertex 14.6 4.01746 17.0575
      vertex 14.6 4.10802 17.1608
    endloop
  endfacet
  facet normal -1 0 0
    outer loop
      vertex 14.6 5.10128 15.4199
      vertex 14.6 3.9142 16.967
      vertex 14.6 4.01746 17.0575
    endloop
  endfacet
  facet normal -1 0 0
    outer loop
      vertex 14.6 4.775 15.2019
      vertex 14.6 3.8 16.8907
      vertex 14.6 3.9142 16.967
    endloop
  endfacet
  facet normal -1 0 0
    outer loop
      vertex 14.6 4.42305 15.0284
      vertex 14.6 3.67682 16.8299
      vertex 14.6 3.8 16.8907
    endloop
  endfacet
  facet normal -1 0 0
    outer loop
      vertex 14.6 3.54676 16.7858
      vertex 14.6 4.05146 14.9022
      vertex 14.6 3.66658 14.8257
    endloop
  endfacet
  facet normal -1 0 0
    outer loop
      vertex 14.6 4.05146 14.9022
      vertex 14.6 3.54676 16.7858
      vertex 14.6 3.67682 16.8299
    endloop
  endfacet
  facet normal -1 0 0
    outer loop
      vertex 14.6 3.66658 14.8257
      vertex 14.6 3.41205 16.759
      vertex 14.6 3.54676 16.7858
    endloop
  endfacet
  facet normal -1 0 0
    outer loop
      vertex 14.6 3.275 14.8
      vertex 14.6 3.41205 16.759
      vertex 14.6 3.66658 14.8257
    endloop
  endfacet
  facet normal -1 0 0
    outer loop
      vertex 14.6 3.275 14.8
      vertex 14.6 3.275 16.75
      vertex 14.6 3.41205 16.759
    endloop
  endfacet
  facet normal -1 0 0
    outer loop
      vertex 14.6 3.275 14.8
      vertex 14.6 3.13795 16.759
      vertex 14.6 3.275 16.75
    endloop
  endfacet
  facet normal -1 0 0
    outer loop
      vertex 14.6 2.88342 14.8257
      vertex 14.6 3.13795 16.759
      vertex 14.6 3.275 14.8
    endloop
  endfacet
  facet normal -1 -0 0
    outer loop
      vertex 14.6 3.13795 16.759
      vertex 14.6 2.88342 14.8257
      vertex 14.6 3.00324 16.7858
    endloop
  endfacet
  facet normal -1 0 0
    outer loop
      vertex 14.6 2.49854 14.9022
      vertex 14.6 3.00324 16.7858
      vertex 14.6 2.88342 14.8257
    endloop
  endfacet
  facet normal -1 -0 0
    outer loop
      vertex 14.6 3.00324 16.7858
      vertex 14.6 2.49854 14.9022
      vertex 14.6 2.87318 16.8299
    endloop
  endfacet
  facet normal -1 0 0
    outer loop
      vertex 14.6 2.12695 15.0284
      vertex 14.6 2.87318 16.8299
      vertex 14.6 2.49854 14.9022
    endloop
  endfacet
  facet normal -1 -0 0
    outer loop
      vertex 14.6 2.87318 16.8299
      vertex 14.6 2.12695 15.0284
      vertex 14.6 2.75 16.8907
    endloop
  endfacet
  facet normal -1 0 0
    outer loop
      vertex 14.6 1.775 15.2019
      vertex 14.6 2.75 16.8907
      vertex 14.6 2.12695 15.0284
    endloop
  endfacet
  facet normal -1 -0 0
    outer loop
      vertex 14.6 2.75 16.8907
      vertex 14.6 1.775 15.2019
      vertex 14.6 2.6358 16.967
    endloop
  endfacet
  facet normal -1 0 0
    outer loop
      vertex 14.6 1.44872 15.4199
      vertex 14.6 2.6358 16.967
      vertex 14.6 1.775 15.2019
    endloop
  endfacet
  facet normal -1 -0 0
    outer loop
      vertex 14.6 2.6358 16.967
      vertex 14.6 1.44872 15.4199
      vertex 14.6 2.53254 17.0575
    endloop
  endfacet
  facet normal -1 0 0
    outer loop
      vertex 14.6 1.15368 15.6787
      vertex 14.6 2.53254 17.0575
      vertex 14.6 1.44872 15.4199
    endloop
  endfacet
  facet normal -1 -0 0
    outer loop
      vertex 14.6 2.53254 17.0575
      vertex 14.6 1.15368 15.6787
      vertex 14.6 2.44198 17.1608
    endloop
  endfacet
  facet normal -1 -0 0
    outer loop
      vertex 14.6 2.44198 17.1608
      vertex 14.6 0.894939 15.9737
      vertex 14.6 2.36567 17.275
    endloop
  endfacet
  facet normal -1 0 0
    outer loop
      vertex 14.6 0.894939 15.9737
      vertex 14.6 2.44198 17.1608
      vertex 14.6 1.15368 15.6787
    endloop
  endfacet
  facet normal -1 0 0
    outer loop
      vertex 14.6 4.10802 18.4392
      vertex 14.6 5.65506 19.6263
      vertex 14.6 4.18433 18.325
    endloop
  endfacet
  facet normal -1 -0 0
    outer loop
      vertex 14.6 5.65506 19.6263
      vertex 14.6 4.10802 18.4392
      vertex 14.6 5.39632 19.9213
    endloop
  endfacet
  facet normal -1 0 0
    outer loop
      vertex 14.6 4.01746 18.5425
      vertex 14.6 5.39632 19.9213
      vertex 14.6 4.10802 18.4392
    endloop
  endfacet
  facet normal -1 -0 0
    outer loop
      vertex 14.6 5.39632 19.9213
      vertex 14.6 4.01746 18.5425
      vertex 14.6 5.10128 20.1801
    endloop
  endfacet
  facet normal -1 0 0
    outer loop
      vertex 14.6 3.9142 18.633
      vertex 14.6 5.10128 20.1801
      vertex 14.6 4.01746 18.5425
    endloop
  endfacet
  facet normal -1 -0 0
    outer loop
      vertex 14.6 5.10128 20.1801
      vertex 14.6 3.9142 18.633
      vertex 14.6 4.775 20.3981
    endloop
  endfacet
  facet normal -1 0 0
    outer loop
      vertex 14.6 3.8 18.7093
      vertex 14.6 4.775 20.3981
      vertex 14.6 3.9142 18.633
    endloop
  endfacet
  facet normal -1 -0 0
    outer loop
      vertex 14.6 4.775 20.3981
      vertex 14.6 3.8 18.7093
      vertex 14.6 4.42305 20.5716
    endloop
  endfacet
  facet normal -1 0 0
    outer loop
      vertex 14.6 3.67682 18.7701
      vertex 14.6 4.42305 20.5716
      vertex 14.6 3.8 18.7093
    endloop
  endfacet
  facet normal -1 -0 0
    outer loop
      vertex 14.6 4.42305 20.5716
      vertex 14.6 3.67682 18.7701
      vertex 14.6 4.05146 20.6978
    endloop
  endfacet
  facet normal -1 0 0
    outer loop
      vertex 14.6 3.54676 18.8142
      vertex 14.6 4.05146 20.6978
      vertex 14.6 3.67682 18.7701
    endloop
  endfacet
  facet normal -1 -0 0
    outer loop
      vertex 14.6 4.05146 20.6978
      vertex 14.6 3.54676 18.8142
      vertex 14.6 3.66658 20.7743
    endloop
  endfacet
  facet normal -1 0 0
    outer loop
      vertex 14.6 3.41205 18.841
      vertex 14.6 3.66658 20.7743
      vertex 14.6 3.54676 18.8142
    endloop
  endfacet
  facet normal -1 0 0
    outer loop
      vertex 14.6 3.275 18.85
      vertex 14.6 3.66658 20.7743
      vertex 14.6 3.41205 18.841
    endloop
  endfacet
  facet normal -1 0 0
    outer loop
      vertex 14.6 3.275 18.85
      vertex 14.6 3.275 20.8
      vertex 14.6 3.66658 20.7743
    endloop
  endfacet
  facet normal -1 0 0
    outer loop
      vertex 14.6 3.13795 18.841
      vertex 14.6 3.275 20.8
      vertex 14.6 3.275 18.85
    endloop
  endfacet
  facet normal -1 0 0
    outer loop
      vertex 14.6 2.88342 20.7743
      vertex 14.6 3.13795 18.841
      vertex 14.6 3.00324 18.8142
    endloop
  endfacet
  facet normal -1 0 0
    outer loop
      vertex 14.6 3.13795 18.841
      vertex 14.6 2.88342 20.7743
      vertex 14.6 3.275 20.8
    endloop
  endfacet
  facet normal -1 0 0
    outer loop
      vertex 14.6 2.49854 20.6978
      vertex 14.6 3.00324 18.8142
      vertex 14.6 2.87318 18.7701
    endloop
  endfacet
  facet normal -1 0 0
    outer loop
      vertex 14.6 2.12695 20.5716
      vertex 14.6 2.87318 18.7701
      vertex 14.6 2.75 18.7093
    endloop
  endfacet
  facet normal -1 0 0
    outer loop
      vertex 14.6 1.775 20.3981
      vertex 14.6 2.75 18.7093
      vertex 14.6 2.6358 18.633
    endloop
  endfacet
  facet normal -1 0 0
    outer loop
      vertex 14.6 1.44872 20.1801
      vertex 14.6 2.6358 18.633
      vertex 14.6 2.53254 18.5425
    endloop
  endfacet
  facet normal -1 0 0
    outer loop
      vertex 14.6 3.00324 18.8142
      vertex 14.6 2.49854 20.6978
      vertex 14.6 2.88342 20.7743
    endloop
  endfacet
  facet normal -1 0 0
    outer loop
      vertex 14.6 1.15368 19.9213
      vertex 14.6 2.53254 18.5425
      vertex 14.6 2.44198 18.4392
    endloop
  endfacet
  facet normal -1 0 0
    outer loop
      vertex 14.6 0.894939 19.6263
      vertex 14.6 2.44198 18.4392
      vertex 14.6 2.36567 18.325
    endloop
  endfacet
  facet normal -1 0 0
    outer loop
      vertex 14.6 0.676924 19.3
      vertex 14.6 2.36567 18.325
      vertex 14.6 2.30493 18.2018
    endloop
  endfacet
  facet normal -1 0 0
    outer loop
      vertex 14.6 0.503361 18.948
      vertex 14.6 2.30493 18.2018
      vertex 14.6 2.26078 18.0718
    endloop
  endfacet
  facet normal -1 0 0
    outer loop
      vertex 14.6 0.377222 18.5765
      vertex 14.6 2.26078 18.0718
      vertex 14.6 2.23398 17.9371
    endloop
  endfacet
  facet normal -1 0 0
    outer loop
      vertex 14.6 2.87318 18.7701
      vertex 14.6 2.12695 20.5716
      vertex 14.6 2.49854 20.6978
    endloop
  endfacet
  facet normal -1 0 0
    outer loop
      vertex 14.6 0.300665 18.1916
      vertex 14.6 2.23398 17.9371
      vertex 14.6 2.225 17.8
    endloop
  endfacet
  facet normal -1 0 0
    outer loop
      vertex 14.6 0.676924 16.3
      vertex 14.6 2.36567 17.275
      vertex 14.6 0.894939 15.9737
    endloop
  endfacet
  facet normal -1 -0 0
    outer loop
      vertex 14.6 2.36567 17.275
      vertex 14.6 0.676924 16.3
      vertex 14.6 2.30493 17.3982
    endloop
  endfacet
  facet normal -1 0 0
    outer loop
      vertex 14.6 2.75 18.7093
      vertex 14.6 1.775 20.3981
      vertex 14.6 2.12695 20.5716
    endloop
  endfacet
  facet normal -1 0 0
    outer loop
      vertex 14.6 0.503361 16.6519
      vertex 14.6 2.30493 17.3982
      vertex 14.6 0.676924 16.3
    endloop
  endfacet
  facet normal -1 0 0
    outer loop
      vertex 14.6 2.6358 18.633
      vertex 14.6 1.44872 20.1801
      vertex 14.6 1.775 20.3981
    endloop
  endfacet
  facet normal -1 -0 0
    outer loop
      vertex 14.6 2.30493 17.3982
      vertex 14.6 0.503361 16.6519
      vertex 14.6 2.26078 17.5282
    endloop
  endfacet
  facet normal -1 0 0
    outer loop
      vertex 14.6 2.53254 18.5425
      vertex 14.6 1.15368 19.9213
      vertex 14.6 1.44872 20.1801
    endloop
  endfacet
  facet normal -1 0 0
    outer loop
      vertex 14.6 0.377222 17.0235
      vertex 14.6 2.26078 17.5282
      vertex 14.6 0.503361 16.6519
    endloop
  endfacet
  facet normal -1 0 0
    outer loop
      vertex 14.6 2.44198 18.4392
      vertex 14.6 0.894939 19.6263
      vertex 14.6 1.15368 19.9213
    endloop
  endfacet
  facet normal -1 -0 0
    outer loop
      vertex 14.6 2.26078 17.5282
      vertex 14.6 0.377222 17.0235
      vertex 14.6 2.23398 17.6629
    endloop
  endfacet
  facet normal -1 0 0
    outer loop
      vertex 14.6 2.36567 18.325
      vertex 14.6 0.676924 19.3
      vertex 14.6 0.894939 19.6263
    endloop
  endfacet
  facet normal -1 0 0
    outer loop
      vertex 14.6 0.300665 17.4084
      vertex 14.6 2.23398 17.6629
      vertex 14.6 0.377222 17.0235
    endloop
  endfacet
  facet normal -1 0 0
    outer loop
      vertex 14.6 2.30493 18.2018
      vertex 14.6 0.503361 18.948
      vertex 14.6 0.676924 19.3
    endloop
  endfacet
  facet normal -1 -0 0
    outer loop
      vertex 14.6 2.23398 17.6629
      vertex 14.6 0.300665 17.4084
      vertex 14.6 2.225 17.8
    endloop
  endfacet
  facet normal -1 0 0
    outer loop
      vertex 14.6 2.26078 18.0718
      vertex 14.6 0.377222 18.5765
      vertex 14.6 0.503361 18.948
    endloop
  endfacet
  facet normal -1 0 0
    outer loop
      vertex 14.6 0.275 17.8
      vertex 14.6 2.225 17.8
      vertex 14.6 0.300665 17.4084
    endloop
  endfacet
  facet normal -1 0 0
    outer loop
      vertex 14.6 2.23398 17.9371
      vertex 14.6 0.300665 18.1916
      vertex 14.6 0.377222 18.5765
    endloop
  endfacet
  facet normal -1 0 0
    outer loop
      vertex 14.6 2.225 17.8
      vertex 14.6 0.275 17.8
      vertex 14.6 0.300665 18.1916
    endloop
  endfacet
  facet normal 0 0.997858 -0.0654112
    outer loop
      vertex 18.6 6.24933 17.4084
      vertex 14.6 6.275 17.8
      vertex 18.6 6.275 17.8
    endloop
  endfacet
  facet normal 0 0.997858 -0.0654112
    outer loop
      vertex 14.6 6.275 17.8
      vertex 18.6 6.24933 17.4084
      vertex 14.6 6.24933 17.4084
    endloop
  endfacet
  facet normal 0 -0.555547 0.831485
    outer loop
      vertex 14.6 1.775 20.3981
      vertex 18.6 1.44872 20.1801
      vertex 18.6 1.775 20.3981
    endloop
  endfacet
  facet normal 0 -0.555547 0.831485
    outer loop
      vertex 18.6 1.44872 20.1801
      vertex 14.6 1.775 20.3981
      vertex 14.6 1.44872 20.1801
    endloop
  endfacet
  facet normal 0 0.831477 0.555558
    outer loop
      vertex 18.6 5.87308 19.3
      vertex 14.6 5.65506 19.6263
      vertex 18.6 5.65506 19.6263
    endloop
  endfacet
  facet normal 0 0.831477 0.555558
    outer loop
      vertex 14.6 5.65506 19.6263
      vertex 18.6 5.87308 19.3
      vertex 14.6 5.87308 19.3
    endloop
  endfacet
  facet normal 0 -0.751798 -0.659393
    outer loop
      vertex 14.6 1.15368 15.6787
      vertex 18.6 0.894939 15.9737
      vertex 14.6 0.894939 15.9737
    endloop
  endfacet
  facet normal 0 -0.751798 -0.659393
    outer loop
      vertex 18.6 0.894939 15.9737
      vertex 14.6 1.15368 15.6787
      vertex 18.6 1.15368 15.6787
    endloop
  endfacet
  facet normal 0 -0.659428 -0.751768
    outer loop
      vertex 14.6 1.15368 15.6787
      vertex 18.6 1.44872 15.4199
      vertex 18.6 1.15368 15.6787
    endloop
  endfacet
  facet normal -0 -0.659428 -0.751768
    outer loop
      vertex 18.6 1.44872 15.4199
      vertex 14.6 1.15368 15.6787
      vertex 14.6 1.44872 15.4199
    endloop
  endfacet
  facet normal -0 0.321582 0.946882
    outer loop
      vertex 14.6 4.42305 20.5716
      vertex 18.6 4.05146 20.6978
      vertex 18.6 4.42305 20.5716
    endloop
  endfacet
  facet normal 0 0.321582 0.946882
    outer loop
      vertex 18.6 4.05146 20.6978
      vertex 14.6 4.42305 20.5716
      vertex 14.6 4.05146 20.6978
    endloop
  endfacet
  facet normal 0 -0.997859 0.0653985
    outer loop
      vertex 14.6 0.275 17.8
      vertex 18.6 0.300665 18.1916
      vertex 14.6 0.300665 18.1916
    endloop
  endfacet
  facet normal 0 -0.997859 0.0653985
    outer loop
      vertex 18.6 0.300665 18.1916
      vertex 14.6 0.275 17.8
      vertex 18.6 0.275 17.8
    endloop
  endfacet
  facet normal 0.0654432 0 0.997856
    outer loop
      vertex 14.8 8 -19.7
      vertex 15.4526 -8 -19.7428
      vertex 15.4526 8 -19.7428
    endloop
  endfacet
  facet normal 0.0654432 0 0.997856
    outer loop
      vertex 15.4526 -8 -19.7428
      vertex 14.8 8 -19.7
      vertex 14.8 -8 -19.7
    endloop
  endfacet
  facet normal -0.89686 0 -0.442314
    outer loop
      vertex 10.4699 -8 -27.2
      vertex 10.1806 8 -26.6134
      vertex 10.4699 8 -27.2
    endloop
  endfacet
  facet normal -0.89686 -0 -0.442314
    outer loop
      vertex 10.1806 8 -26.6134
      vertex 10.4699 -8 -27.2
      vertex 10.1806 -8 -26.6134
    endloop
  endfacet
  facet normal 0.89686 0 -0.442314
    outer loop
      vertex 19.4194 -8 -26.6134
      vertex 19.1301 8 -27.2
      vertex 19.4194 8 -26.6134
    endloop
  endfacet
  facet normal 0.89686 0 -0.442314
    outer loop
      vertex 19.1301 8 -27.2
      vertex 19.4194 -8 -26.6134
      vertex 19.1301 -8 -27.2
    endloop
  endfacet
  facet normal 0.195087 0 0.980786
    outer loop
      vertex 15.4526 8 -19.7428
      vertex 16.0941 -8 -19.8704
      vertex 16.0941 8 -19.8704
    endloop
  endfacet
  facet normal 0.195087 0 0.980786
    outer loop
      vertex 16.0941 -8 -19.8704
      vertex 15.4526 8 -19.7428
      vertex 15.4526 -8 -19.7428
    endloop
  endfacet
  facet normal 0.997856 0 -0.0654432
    outer loop
      vertex 19.8 -8 -24.7
      vertex 19.7572 8 -25.3526
      vertex 19.8 8 -24.7
    endloop
  endfacet
  facet normal 0.997856 0 -0.0654432
    outer loop
      vertex 19.7572 8 -25.3526
      vertex 19.8 -8 -24.7
      vertex 19.7572 -8 -25.3526
    endloop
  endfacet
  facet normal -0.555512 0 0.831509
    outer loop
      vertex 11.7562 8 -20.7332
      vertex 12.3 -8 -20.3699
      vertex 12.3 8 -20.3699
    endloop
  endfacet
  facet normal -0.555512 0 0.831509
    outer loop
      vertex 12.3 -8 -20.3699
      vertex 11.7562 8 -20.7332
      vertex 11.7562 -8 -20.7332
    endloop
  endfacet
  facet normal -0.946927 0 -0.321448
    outer loop
      vertex 10.1806 -8 -26.6134
      vertex 9.97037 8 -25.9941
      vertex 10.1806 8 -26.6134
    endloop
  endfacet
  facet normal -0.946927 -0 -0.321448
    outer loop
      vertex 9.97037 8 -25.9941
      vertex 10.1806 -8 -26.6134
      vertex 9.97037 -8 -25.9941
    endloop
  endfacet
  facet normal 0.0654432 0 -0.997856
    outer loop
      vertex 14.8 -8 -29.7
      vertex 15.4526 8 -29.6572
      vertex 15.4526 -8 -29.6572
    endloop
  endfacet
  facet normal 0.0654432 0 -0.997856
    outer loop
      vertex 15.4526 8 -29.6572
      vertex 14.8 -8 -29.7
      vertex 14.8 8 -29.7
    endloop
  endfacet
  facet normal 0.555512 0 -0.831509
    outer loop
      vertex 17.3 -8 -29.0301
      vertex 17.8438 8 -28.6668
      vertex 17.8438 -8 -28.6668
    endloop
  endfacet
  facet normal 0.555512 0 -0.831509
    outer loop
      vertex 17.8438 8 -28.6668
      vertex 17.3 -8 -29.0301
      vertex 17.3 8 -29.0301
    endloop
  endfacet
  facet normal 0.442314 0 0.89686
    outer loop
      vertex 16.7134 8 -20.0806
      vertex 17.3 -8 -20.3699
      vertex 17.3 8 -20.3699
    endloop
  endfacet
  facet normal 0.442314 0 0.89686
    outer loop
      vertex 17.3 -8 -20.3699
      vertex 16.7134 8 -20.0806
      vertex 16.7134 -8 -20.0806
    endloop
  endfacet
  facet normal -0.659424 0 -0.751771
    outer loop
      vertex 11.2645 -8 -28.2355
      vertex 11.7562 8 -28.6668
      vertex 11.7562 -8 -28.6668
    endloop
  endfacet
  facet normal -0.659424 0 -0.751771
    outer loop
      vertex 11.7562 8 -28.6668
      vertex 11.2645 -8 -28.2355
      vertex 11.2645 8 -28.2355
    endloop
  endfacet
  facet normal -0.831509 0 0.555512
    outer loop
      vertex 10.4699 -8 -22.2
      vertex 10.8332 8 -21.6562
      vertex 10.4699 8 -22.2
    endloop
  endfacet
  facet normal -0.831509 0 0.555512
    outer loop
      vertex 10.8332 8 -21.6562
      vertex 10.4699 -8 -22.2
      vertex 10.8332 -8 -21.6562
    endloop
  endfacet
  facet normal -0.997858 0 -0.0654128
    outer loop
      vertex 9.84278 -8 -25.3526
      vertex 9.8 8 -24.7
      vertex 9.84278 8 -25.3526
    endloop
  endfacet
  facet normal -0.997858 -0 -0.0654128
    outer loop
      vertex 9.8 8 -24.7
      vertex 9.84278 -8 -25.3526
      vertex 9.8 -8 -24.7
    endloop
  endfacet
  facet normal -0.659424 0 0.751771
    outer loop
      vertex 11.2645 8 -21.1645
      vertex 11.7562 -8 -20.7332
      vertex 11.7562 8 -20.7332
    endloop
  endfacet
  facet normal -0.659424 0 0.751771
    outer loop
      vertex 11.7562 -8 -20.7332
      vertex 11.2645 8 -21.1645
      vertex 11.2645 -8 -21.1645
    endloop
  endfacet
  facet normal -0.442314 0 -0.89686
    outer loop
      vertex 12.3 -8 -29.0301
      vertex 12.8866 8 -29.3194
      vertex 12.8866 -8 -29.3194
    endloop
  endfacet
  facet normal -0.442314 0 -0.89686
    outer loop
      vertex 12.8866 8 -29.3194
      vertex 12.3 -8 -29.0301
      vertex 12.3 8 -29.0301
    endloop
  endfacet
  facet normal 0.321407 0 -0.946941
    outer loop
      vertex 16.0941 -8 -29.5296
      vertex 16.7134 8 -29.3194
      vertex 16.7134 -8 -29.3194
    endloop
  endfacet
  facet normal 0.321407 0 -0.946941
    outer loop
      vertex 16.7134 8 -29.3194
      vertex 16.0941 -8 -29.5296
      vertex 16.0941 8 -29.5296
    endloop
  endfacet
  facet normal -0.321407 0 -0.946941
    outer loop
      vertex 12.8866 -8 -29.3194
      vertex 13.5059 8 -29.5296
      vertex 13.5059 -8 -29.5296
    endloop
  endfacet
  facet normal -0.321407 0 -0.946941
    outer loop
      vertex 13.5059 8 -29.5296
      vertex 12.8866 -8 -29.3194
      vertex 12.8866 8 -29.3194
    endloop
  endfacet
  facet normal 0.321407 0 0.946941
    outer loop
      vertex 16.0941 8 -19.8704
      vertex 16.7134 -8 -20.0806
      vertex 16.7134 8 -20.0806
    endloop
  endfacet
  facet normal 0.321407 0 0.946941
    outer loop
      vertex 16.7134 -8 -20.0806
      vertex 16.0941 8 -19.8704
      vertex 16.0941 -8 -19.8704
    endloop
  endfacet
  facet normal 0.831509 0 -0.555512
    outer loop
      vertex 19.1301 -8 -27.2
      vertex 18.7668 8 -27.7438
      vertex 19.1301 8 -27.2
    endloop
  endfacet
  facet normal 0.831509 0 -0.555512
    outer loop
      vertex 18.7668 8 -27.7438
      vertex 19.1301 -8 -27.2
      vertex 18.7668 -8 -27.7438
    endloop
  endfacet
  facet normal 0.946941 0 -0.321407
    outer loop
      vertex 19.6296 -8 -25.9941
      vertex 19.4194 8 -26.6134
      vertex 19.6296 8 -25.9941
    endloop
  endfacet
  facet normal 0.946941 0 -0.321407
    outer loop
      vertex 19.4194 8 -26.6134
      vertex 19.6296 -8 -25.9941
      vertex 19.4194 -8 -26.6134
    endloop
  endfacet
  facet normal 0.442314 0 -0.89686
    outer loop
      vertex 16.7134 -8 -29.3194
      vertex 17.3 8 -29.0301
      vertex 17.3 -8 -29.0301
    endloop
  endfacet
  facet normal 0.442314 0 -0.89686
    outer loop
      vertex 17.3 8 -29.0301
      vertex 16.7134 -8 -29.3194
      vertex 16.7134 8 -29.3194
    endloop
  endfacet
  facet normal -0.896806 0 0.442424
    outer loop
      vertex 10.3219 -8 -22.5
      vertex 10.4699 8 -22.2
      vertex 10.3219 8 -22.5
    endloop
  endfacet
  facet normal -0.896806 0 0.442424
    outer loop
      vertex 10.4699 8 -22.2
      vertex 10.3219 -8 -22.5
      vertex 10.4699 -8 -22.2
    endloop
  endfacet
  facet normal 0.659424 0 0.751771
    outer loop
      vertex 17.8438 8 -20.7332
      vertex 18.3355 7.875 -21.1645
      vertex 18.3355 8 -21.1645
    endloop
  endfacet
  facet normal 0.659424 0 0.751771
    outer loop
      vertex 18.3355 7.875 -21.1645
      vertex 17.8438 8 -20.7332
      vertex 17.8438 7.875 -20.7332
    endloop
  endfacet
  facet normal -0.0654432 0 -0.997856
    outer loop
      vertex 14.1474 -8 -29.6572
      vertex 14.8 8 -29.7
      vertex 14.8 -8 -29.7
    endloop
  endfacet
  facet normal -0.0654432 0 -0.997856
    outer loop
      vertex 14.8 8 -29.7
      vertex 14.1474 -8 -29.6572
      vertex 14.1474 8 -29.6572
    endloop
  endfacet
  facet normal -0.751771 0 -0.659424
    outer loop
      vertex 11.2645 -8 -28.2355
      vertex 10.8332 8 -27.7438
      vertex 11.2645 8 -28.2355
    endloop
  endfacet
  facet normal -0.751771 -0 -0.659424
    outer loop
      vertex 10.8332 8 -27.7438
      vertex 11.2645 -8 -28.2355
      vertex 10.8332 -8 -27.7438
    endloop
  endfacet
  facet normal 0.195087 0 -0.980786
    outer loop
      vertex 15.4526 -8 -29.6572
      vertex 16.0941 8 -29.5296
      vertex 16.0941 -8 -29.5296
    endloop
  endfacet
  facet normal 0.195087 0 -0.980786
    outer loop
      vertex 16.0941 8 -29.5296
      vertex 15.4526 -8 -29.6572
      vertex 15.4526 8 -29.6572
    endloop
  endfacet
  facet normal -0.442314 0 0.89686
    outer loop
      vertex 12.3 8 -20.3699
      vertex 12.8866 -8 -20.0806
      vertex 12.8866 8 -20.0806
    endloop
  endfacet
  facet normal -0.442314 0 0.89686
    outer loop
      vertex 12.8866 -8 -20.0806
      vertex 12.3 8 -20.3699
      vertex 12.3 -8 -20.3699
    endloop
  endfacet
  facet normal 0 1 0
    outer loop
      vertex 18.6 8 -22.5
      vertex 14.8 8 -19.7
      vertex 15.4526 8 -19.7428
    endloop
  endfacet
  facet normal 0 1 0
    outer loop
      vertex 18.6 8 -22.5
      vertex 15.4526 8 -19.7428
      vertex 16.0941 8 -19.8704
    endloop
  endfacet
  facet normal 0 1 0
    outer loop
      vertex 14.8 8 -19.7
      vertex 18.6 8 -22.5
      vertex 14.1474 8 -19.7428
    endloop
  endfacet
  facet normal 0 1 0
    outer loop
      vertex 18.6 8 -22.5
      vertex 16.0941 8 -19.8704
      vertex 16.7134 8 -20.0806
    endloop
  endfacet
  facet normal 0 1 0
    outer loop
      vertex 14.1474 8 -19.7428
      vertex 18.6 8 -22.5
      vertex 13.5059 8 -19.8704
    endloop
  endfacet
  facet normal 0 1 0
    outer loop
      vertex 18.6 8 -22.5
      vertex 16.7134 8 -20.0806
      vertex 17.3 8 -20.3699
    endloop
  endfacet
  facet normal 0 1 0
    outer loop
      vertex 13.5059 8 -19.8704
      vertex 18.6 8 -22.5
      vertex 12.8866 8 -20.0806
    endloop
  endfacet
  facet normal 0 1 0
    outer loop
      vertex 18.6 8 -22.5
      vertex 17.3 8 -20.3699
      vertex 17.8438 8 -20.7332
    endloop
  endfacet
  facet normal 0 1 0
    outer loop
      vertex 12.8866 8 -20.0806
      vertex 18.6 8 -22.5
      vertex 12.3 8 -20.3699
    endloop
  endfacet
  facet normal 0 1 0
    outer loop
      vertex 18.6 8 -22.5
      vertex 17.8438 8 -20.7332
      vertex 18.3355 8 -21.1645
    endloop
  endfacet
  facet normal 0 1 0
    outer loop
      vertex 12.3 8 -20.3699
      vertex 18.6 8 -22.5
      vertex 11.7562 8 -20.7332
    endloop
  endfacet
  facet normal 0 1 -0
    outer loop
      vertex 18.6 8 -22.5
      vertex 18.3355 8 -21.1645
      vertex 18.6 8 -21.466
    endloop
  endfacet
  facet normal 0 1 0
    outer loop
      vertex 11.7562 8 -20.7332
      vertex 18.6 8 -22.5
      vertex 11.2645 8 -21.1645
    endloop
  endfacet
  facet normal 0 1 0
    outer loop
      vertex 11.2645 8 -21.1645
      vertex 18.6 8 -22.5
      vertex 10.8332 8 -21.6562
    endloop
  endfacet
  facet normal 0 1 0
    outer loop
      vertex 10.3219 8 -22.5
      vertex 10.8332 8 -21.6562
      vertex 18.6 8 -22.5
    endloop
  endfacet
  facet normal 0 1 0
    outer loop
      vertex 10.8332 8 -21.6562
      vertex 10.3219 8 -22.5
      vertex 10.4699 8 -22.2
    endloop
  endfacet
  facet normal 0 1 0
    outer loop
      vertex 19.8 8 -24.7
      vertex 16.4855 8 -24.9219
      vertex 16.5 8 -24.7
    endloop
  endfacet
  facet normal 0 1 -0
    outer loop
      vertex 19.7572 8 -25.3526
      vertex 16.4855 8 -24.9219
      vertex 19.8 8 -24.7
    endloop
  endfacet
  facet normal 0 1 0
    outer loop
      vertex 16.4855 8 -24.9219
      vertex 19.7572 8 -25.3526
      vertex 16.4421 8 -25.14
    endloop
  endfacet
  facet normal 0 1 -0
    outer loop
      vertex 19.6296 8 -25.9941
      vertex 16.4421 8 -25.14
      vertex 19.7572 8 -25.3526
    endloop
  endfacet
  facet normal 0 1 0
    outer loop
      vertex 16.4421 8 -25.14
      vertex 19.6296 8 -25.9941
      vertex 16.3706 8 -25.3506
    endloop
  endfacet
  facet normal 0 1 -0
    outer loop
      vertex 19.4194 8 -26.6134
      vertex 16.3706 8 -25.3506
      vertex 19.6296 8 -25.9941
    endloop
  endfacet
  facet normal 0 1 0
    outer loop
      vertex 16.3706 8 -25.3506
      vertex 19.4194 8 -26.6134
      vertex 16.2722 8 -25.55
    endloop
  endfacet
  facet normal 0 1 -0
    outer loop
      vertex 19.1301 8 -27.2
      vertex 16.2722 8 -25.55
      vertex 19.4194 8 -26.6134
    endloop
  endfacet
  facet normal 0 1 0
    outer loop
      vertex 16.2722 8 -25.55
      vertex 19.1301 8 -27.2
      vertex 16.1487 8 -25.7349
    endloop
  endfacet
  facet normal 0 1 -0
    outer loop
      vertex 18.7668 8 -27.7438
      vertex 16.1487 8 -25.7349
      vertex 19.1301 8 -27.2
    endloop
  endfacet
  facet normal 0 1 0
    outer loop
      vertex 16.1487 8 -25.7349
      vertex 18.7668 8 -27.7438
      vertex 16.0021 8 -25.9021
    endloop
  endfacet
  facet normal 0 1 -0
    outer loop
      vertex 18.3355 8 -28.2355
      vertex 16.0021 8 -25.9021
      vertex 18.7668 8 -27.7438
    endloop
  endfacet
  facet normal 0 1 0
    outer loop
      vertex 16.0021 8 -25.9021
      vertex 18.3355 8 -28.2355
      vertex 15.8349 8 -26.0487
    endloop
  endfacet
  facet normal 0 1 0
    outer loop
      vertex 15.8349 8 -26.0487
      vertex 17.8438 8 -28.6668
      vertex 15.65 8 -26.1722
    endloop
  endfacet
  facet normal 0 1 -0
    outer loop
      vertex 17.8438 8 -28.6668
      vertex 15.8349 8 -26.0487
      vertex 18.3355 8 -28.2355
    endloop
  endfacet
  facet normal 0 1 0
    outer loop
      vertex 13.1145 8 -24.9219
      vertex 9.8 8 -24.7
      vertex 13.1 8 -24.7
    endloop
  endfacet
  facet normal 0 1 0
    outer loop
      vertex 9.84278 8 -25.3526
      vertex 13.1145 8 -24.9219
      vertex 13.1579 8 -25.14
    endloop
  endfacet
  facet normal 0 1 0
    outer loop
      vertex 9.97037 8 -25.9941
      vertex 13.1579 8 -25.14
      vertex 13.2294 8 -25.3506
    endloop
  endfacet
  facet normal 0 1 0
    outer loop
      vertex 13.1145 8 -24.9219
      vertex 9.84278 8 -25.3526
      vertex 9.8 8 -24.7
    endloop
  endfacet
  facet normal 0 1 0
    outer loop
      vertex 10.1806 8 -26.6134
      vertex 13.2294 8 -25.3506
      vertex 13.3278 8 -25.55
    endloop
  endfacet
  facet normal 0 1 0
    outer loop
      vertex 10.4699 8 -27.2
      vertex 13.3278 8 -25.55
      vertex 13.4513 8 -25.7349
    endloop
  endfacet
  facet normal 0 1 0
    outer loop
      vertex 10.8332 8 -27.7438
      vertex 13.4513 8 -25.7349
      vertex 13.5979 8 -25.9021
    endloop
  endfacet
  facet normal 0 1 0
    outer loop
      vertex 13.1579 8 -25.14
      vertex 9.97037 8 -25.9941
      vertex 9.84278 8 -25.3526
    endloop
  endfacet
  facet normal 0 1 0
    outer loop
      vertex 11.2645 8 -28.2355
      vertex 13.5979 8 -25.9021
      vertex 13.7651 8 -26.0487
    endloop
  endfacet
  facet normal 0 1 0
    outer loop
      vertex 11.7562 8 -28.6668
      vertex 13.7651 8 -26.0487
      vertex 13.95 8 -26.1722
    endloop
  endfacet
  facet normal 0 1 0
    outer loop
      vertex 12.3 8 -29.0301
      vertex 13.95 8 -26.1722
      vertex 14.1494 8 -26.2706
    endloop
  endfacet
  facet normal 0 1 0
    outer loop
      vertex 12.8866 8 -29.3194
      vertex 14.1494 8 -26.2706
      vertex 14.36 8 -26.3421
    endloop
  endfacet
  facet normal 0 1 0
    outer loop
      vertex 13.5059 8 -29.5296
      vertex 14.36 8 -26.3421
      vertex 14.5781 8 -26.3855
    endloop
  endfacet
  facet normal 0 1 0
    outer loop
      vertex 13.2294 8 -25.3506
      vertex 10.1806 8 -26.6134
      vertex 9.97037 8 -25.9941
    endloop
  endfacet
  facet normal 0 1 0
    outer loop
      vertex 14.1474 8 -29.6572
      vertex 14.5781 8 -26.3855
      vertex 14.8 8 -26.4
    endloop
  endfacet
  facet normal 0 1 -0
    outer loop
      vertex 17.3 8 -29.0301
      vertex 15.65 8 -26.1722
      vertex 17.8438 8 -28.6668
    endloop
  endfacet
  facet normal 0 1 0
    outer loop
      vertex 15.65 8 -26.1722
      vertex 17.3 8 -29.0301
      vertex 15.4506 8 -26.2706
    endloop
  endfacet
  facet normal 0 1 0
    outer loop
      vertex 13.3278 8 -25.55
      vertex 10.4699 8 -27.2
      vertex 10.1806 8 -26.6134
    endloop
  endfacet
  facet normal 0 1 -0
    outer loop
      vertex 16.7134 8 -29.3194
      vertex 15.4506 8 -26.2706
      vertex 17.3 8 -29.0301
    endloop
  endfacet
  facet normal 0 1 0
    outer loop
      vertex 13.4513 8 -25.7349
      vertex 10.8332 8 -27.7438
      vertex 10.4699 8 -27.2
    endloop
  endfacet
  facet normal 0 1 0
    outer loop
      vertex 15.4506 8 -26.2706
      vertex 16.7134 8 -29.3194
      vertex 15.24 8 -26.3421
    endloop
  endfacet
  facet normal 0 1 0
    outer loop
      vertex 13.5979 8 -25.9021
      vertex 11.2645 8 -28.2355
      vertex 10.8332 8 -27.7438
    endloop
  endfacet
  facet normal 0 1 -0
    outer loop
      vertex 16.0941 8 -29.5296
      vertex 15.24 8 -26.3421
      vertex 16.7134 8 -29.3194
    endloop
  endfacet
  facet normal 0 1 0
    outer loop
      vertex 13.7651 8 -26.0487
      vertex 11.7562 8 -28.6668
      vertex 11.2645 8 -28.2355
    endloop
  endfacet
  facet normal 0 1 0
    outer loop
      vertex 15.24 8 -26.3421
      vertex 16.0941 8 -29.5296
      vertex 15.0219 8 -26.3855
    endloop
  endfacet
  facet normal 0 1 0
    outer loop
      vertex 13.95 8 -26.1722
      vertex 12.3 8 -29.0301
      vertex 11.7562 8 -28.6668
    endloop
  endfacet
  facet normal 0 1 -0
    outer loop
      vertex 15.4526 8 -29.6572
      vertex 15.0219 8 -26.3855
      vertex 16.0941 8 -29.5296
    endloop
  endfacet
  facet normal 0 1 0
    outer loop
      vertex 14.1494 8 -26.2706
      vertex 12.8866 8 -29.3194
      vertex 12.3 8 -29.0301
    endloop
  endfacet
  facet normal 0 1 0
    outer loop
      vertex 15.0219 8 -26.3855
      vertex 15.4526 8 -29.6572
      vertex 14.8 8 -26.4
    endloop
  endfacet
  facet normal 0 1 0
    outer loop
      vertex 14.36 8 -26.3421
      vertex 13.5059 8 -29.5296
      vertex 12.8866 8 -29.3194
    endloop
  endfacet
  facet normal 0 1 0
    outer loop
      vertex 14.8 8 -29.7
      vertex 14.8 8 -26.4
      vertex 15.4526 8 -29.6572
    endloop
  endfacet
  facet normal 0 1 0
    outer loop
      vertex 14.5781 8 -26.3855
      vertex 14.1474 8 -29.6572
      vertex 13.5059 8 -29.5296
    endloop
  endfacet
  facet normal 0 1 0
    outer loop
      vertex 14.8 8 -26.4
      vertex 14.8 8 -29.7
      vertex 14.1474 8 -29.6572
    endloop
  endfacet
  facet normal -0.751771 0 0.659424
    outer loop
      vertex 10.8332 -8 -21.6562
      vertex 11.2645 8 -21.1645
      vertex 10.8332 8 -21.6562
    endloop
  endfacet
  facet normal -0.751771 0 0.659424
    outer loop
      vertex 11.2645 8 -21.1645
      vertex 10.8332 -8 -21.6562
      vertex 11.2645 -8 -21.1645
    endloop
  endfacet
  facet normal -0.555512 0 -0.831509
    outer loop
      vertex 11.7562 -8 -28.6668
      vertex 12.3 8 -29.0301
      vertex 12.3 -8 -29.0301
    endloop
  endfacet
  facet normal -0.555512 0 -0.831509
    outer loop
      vertex 12.3 8 -29.0301
      vertex 11.7562 -8 -28.6668
      vertex 11.7562 8 -28.6668
    endloop
  endfacet
  facet normal -0.0654432 0 0.997856
    outer loop
      vertex 14.1474 8 -19.7428
      vertex 14.8 -8 -19.7
      vertex 14.8 8 -19.7
    endloop
  endfacet
  facet normal -0.0654432 0 0.997856
    outer loop
      vertex 14.8 -8 -19.7
      vertex 14.1474 8 -19.7428
      vertex 14.1474 -8 -19.7428
    endloop
  endfacet
  facet normal 0.980786 0 -0.195087
    outer loop
      vertex 19.7572 -8 -25.3526
      vertex 19.6296 8 -25.9941
      vertex 19.7572 8 -25.3526
    endloop
  endfacet
  facet normal 0.980786 0 -0.195087
    outer loop
      vertex 19.6296 8 -25.9941
      vertex 19.7572 -8 -25.3526
      vertex 19.6296 -8 -25.9941
    endloop
  endfacet
  facet normal 0.751727 -0 0.659475
    outer loop
      vertex 18.3355 7.875 -21.1645
      vertex 18.6 8 -21.466
      vertex 18.3355 8 -21.1645
    endloop
  endfacet
  facet normal 0.751727 0 0.659475
    outer loop
      vertex 18.6 8 -21.466
      vertex 18.3355 7.875 -21.1645
      vertex 18.6 7.875 -21.466
    endloop
  endfacet
  facet normal 0.555566 0 0.831473
    outer loop
      vertex 17.8438 8 -20.7332
      vertex 17.6 7.875 -20.5703
      vertex 17.8438 7.875 -20.7332
    endloop
  endfacet
  facet normal 0.555512 0.000152662 0.831509
    outer loop
      vertex 17.3 8 -20.3699
      vertex 17.6 7.875 -20.5703
      vertex 17.8438 8 -20.7332
    endloop
  endfacet
  facet normal 0.555468 -0 0.831538
    outer loop
      vertex 17.3 -8 -20.3699
      vertex 17.6 7.875 -20.5703
      vertex 17.3 8 -20.3699
    endloop
  endfacet
  facet normal 0.555468 0 0.831538
    outer loop
      vertex 17.6 7.875 -20.5703
      vertex 17.3 -8 -20.3699
      vertex 17.6 -8 -20.5703
    endloop
  endfacet
  facet normal -0.980789 0 -0.195072
    outer loop
      vertex 9.97037 -8 -25.9941
      vertex 9.84278 8 -25.3526
      vertex 9.97037 8 -25.9941
    endloop
  endfacet
  facet normal -0.980789 -0 -0.195072
    outer loop
      vertex 9.84278 8 -25.3526
      vertex 9.97037 -8 -25.9941
      vertex 9.84278 -8 -25.3526
    endloop
  endfacet
  facet normal -0.321407 0 0.946941
    outer loop
      vertex 12.8866 8 -20.0806
      vertex 13.5059 -8 -19.8704
      vertex 13.5059 8 -19.8704
    endloop
  endfacet
  facet normal -0.321407 0 0.946941
    outer loop
      vertex 13.5059 -8 -19.8704
      vertex 12.8866 8 -20.0806
      vertex 12.8866 -8 -20.0806
    endloop
  endfacet
  facet normal -0.195087 0 0.980786
    outer loop
      vertex 13.5059 8 -19.8704
      vertex 14.1474 -8 -19.7428
      vertex 14.1474 8 -19.7428
    endloop
  endfacet
  facet normal -0.195087 0 0.980786
    outer loop
      vertex 14.1474 -8 -19.7428
      vertex 13.5059 8 -19.8704
      vertex 13.5059 -8 -19.8704
    endloop
  endfacet
  facet normal -0.831509 0 -0.555512
    outer loop
      vertex 10.8332 -8 -27.7438
      vertex 10.4699 8 -27.2
      vertex 10.8332 8 -27.7438
    endloop
  endfacet
  facet normal -0.831509 -0 -0.555512
    outer loop
      vertex 10.4699 8 -27.2
      vertex 10.8332 -8 -27.7438
      vertex 10.4699 -8 -27.2
    endloop
  endfacet
  facet normal 0.659424 0 -0.751771
    outer loop
      vertex 17.8438 -8 -28.6668
      vertex 18.3355 8 -28.2355
      vertex 18.3355 -8 -28.2355
    endloop
  endfacet
  facet normal 0.659424 0 -0.751771
    outer loop
      vertex 18.3355 8 -28.2355
      vertex 17.8438 -8 -28.6668
      vertex 17.8438 8 -28.6668
    endloop
  endfacet
  facet normal 0.751771 0 -0.659424
    outer loop
      vertex 18.7668 -8 -27.7438
      vertex 18.3355 8 -28.2355
      vertex 18.7668 8 -27.7438
    endloop
  endfacet
  facet normal 0.751771 0 -0.659424
    outer loop
      vertex 18.3355 8 -28.2355
      vertex 18.7668 -8 -27.7438
      vertex 18.3355 -8 -28.2355
    endloop
  endfacet
  facet normal -0.195087 0 -0.980786
    outer loop
      vertex 13.5059 -8 -29.5296
      vertex 14.1474 8 -29.6572
      vertex 14.1474 -8 -29.6572
    endloop
  endfacet
  facet normal -0.195087 0 -0.980786
    outer loop
      vertex 14.1474 8 -29.6572
      vertex 13.5059 -8 -29.5296
      vertex 13.5059 8 -29.5296
    endloop
  endfacet
  facet normal 0 -1 0
    outer loop
      vertex 9.8 -8 -24.7
      vertex 13.1145 -8 -24.9219
      vertex 13.1 -8 -24.7
    endloop
  endfacet
  facet normal 0 -1 0
    outer loop
      vertex 9.84278 -8 -25.3526
      vertex 13.1145 -8 -24.9219
      vertex 9.8 -8 -24.7
    endloop
  endfacet
  facet normal 0 -1 -0
    outer loop
      vertex 13.1145 -8 -24.9219
      vertex 9.84278 -8 -25.3526
      vertex 13.1579 -8 -25.14
    endloop
  endfacet
  facet normal 0 -1 0
    outer loop
      vertex 9.97037 -8 -25.9941
      vertex 13.1579 -8 -25.14
      vertex 9.84278 -8 -25.3526
    endloop
  endfacet
  facet normal 0 -1 -0
    outer loop
      vertex 13.1579 -8 -25.14
      vertex 9.97037 -8 -25.9941
      vertex 13.2294 -8 -25.3506
    endloop
  endfacet
  facet normal 0 -1 0
    outer loop
      vertex 10.1806 -8 -26.6134
      vertex 13.2294 -8 -25.3506
      vertex 9.97037 -8 -25.9941
    endloop
  endfacet
  facet normal 0 -1 -0
    outer loop
      vertex 13.2294 -8 -25.3506
      vertex 10.1806 -8 -26.6134
      vertex 13.3278 -8 -25.55
    endloop
  endfacet
  facet normal 0 -1 0
    outer loop
      vertex 10.4699 -8 -27.2
      vertex 13.3278 -8 -25.55
      vertex 10.1806 -8 -26.6134
    endloop
  endfacet
  facet normal 0 -1 -0
    outer loop
      vertex 13.3278 -8 -25.55
      vertex 10.4699 -8 -27.2
      vertex 13.4513 -8 -25.7349
    endloop
  endfacet
  facet normal 0 -1 0
    outer loop
      vertex 10.8332 -8 -27.7438
      vertex 13.4513 -8 -25.7349
      vertex 10.4699 -8 -27.2
    endloop
  endfacet
  facet normal 0 -1 -0
    outer loop
      vertex 13.4513 -8 -25.7349
      vertex 10.8332 -8 -27.7438
      vertex 13.5979 -8 -25.9021
    endloop
  endfacet
  facet normal 0 -1 0
    outer loop
      vertex 11.2645 -8 -28.2355
      vertex 13.5979 -8 -25.9021
      vertex 10.8332 -8 -27.7438
    endloop
  endfacet
  facet normal 0 -1 -0
    outer loop
      vertex 13.5979 -8 -25.9021
      vertex 11.2645 -8 -28.2355
      vertex 13.7651 -8 -26.0487
    endloop
  endfacet
  facet normal 0 -1 -0
    outer loop
      vertex 13.7651 -8 -26.0487
      vertex 11.7562 -8 -28.6668
      vertex 13.95 -8 -26.1722
    endloop
  endfacet
  facet normal 0 -1 0
    outer loop
      vertex 11.7562 -8 -28.6668
      vertex 13.7651 -8 -26.0487
      vertex 11.2645 -8 -28.2355
    endloop
  endfacet
  facet normal 0 -1 0
    outer loop
      vertex 16.4855 -8 -24.9219
      vertex 19.8 -8 -24.7
      vertex 16.5 -8 -24.7
    endloop
  endfacet
  facet normal 0 -1 0
    outer loop
      vertex 19.7572 -8 -25.3526
      vertex 16.4855 -8 -24.9219
      vertex 16.4421 -8 -25.14
    endloop
  endfacet
  facet normal 0 -1 0
    outer loop
      vertex 19.6296 -8 -25.9941
      vertex 16.4421 -8 -25.14
      vertex 16.3706 -8 -25.3506
    endloop
  endfacet
  facet normal 0 -1 0
    outer loop
      vertex 16.4855 -8 -24.9219
      vertex 19.7572 -8 -25.3526
      vertex 19.8 -8 -24.7
    endloop
  endfacet
  facet normal 0 -1 0
    outer loop
      vertex 19.4194 -8 -26.6134
      vertex 16.3706 -8 -25.3506
      vertex 16.2722 -8 -25.55
    endloop
  endfacet
  facet normal 0 -1 0
    outer loop
      vertex 19.1301 -8 -27.2
      vertex 16.2722 -8 -25.55
      vertex 16.1487 -8 -25.7349
    endloop
  endfacet
  facet normal 0 -1 0
    outer loop
      vertex 18.7668 -8 -27.7438
      vertex 16.1487 -8 -25.7349
      vertex 16.0021 -8 -25.9021
    endloop
  endfacet
  facet normal 0 -1 0
    outer loop
      vertex 16.4421 -8 -25.14
      vertex 19.6296 -8 -25.9941
      vertex 19.7572 -8 -25.3526
    endloop
  endfacet
  facet normal 0 -1 0
    outer loop
      vertex 18.3355 -8 -28.2355
      vertex 16.0021 -8 -25.9021
      vertex 15.8349 -8 -26.0487
    endloop
  endfacet
  facet normal 0 -1 0
    outer loop
      vertex 17.8438 -8 -28.6668
      vertex 15.8349 -8 -26.0487
      vertex 15.65 -8 -26.1722
    endloop
  endfacet
  facet normal 0 -1 0
    outer loop
      vertex 17.3 -8 -29.0301
      vertex 15.65 -8 -26.1722
      vertex 15.4506 -8 -26.2706
    endloop
  endfacet
  facet normal 0 -1 0
    outer loop
      vertex 16.7134 -8 -29.3194
      vertex 15.4506 -8 -26.2706
      vertex 15.24 -8 -26.3421
    endloop
  endfacet
  facet normal 0 -1 0
    outer loop
      vertex 16.0941 -8 -29.5296
      vertex 15.24 -8 -26.3421
      vertex 15.0219 -8 -26.3855
    endloop
  endfacet
  facet normal 0 -1 0
    outer loop
      vertex 16.3706 -8 -25.3506
      vertex 19.4194 -8 -26.6134
      vertex 19.6296 -8 -25.9941
    endloop
  endfacet
  facet normal 0 -1 0
    outer loop
      vertex 15.4526 -8 -29.6572
      vertex 15.0219 -8 -26.3855
      vertex 14.8 -8 -26.4
    endloop
  endfacet
  facet normal 0 -1 0
    outer loop
      vertex 12.3 -8 -29.0301
      vertex 13.95 -8 -26.1722
      vertex 11.7562 -8 -28.6668
    endloop
  endfacet
  facet normal 0 -1 -0
    outer loop
      vertex 13.95 -8 -26.1722
      vertex 12.3 -8 -29.0301
      vertex 14.1494 -8 -26.2706
    endloop
  endfacet
  facet normal 0 -1 0
    outer loop
      vertex 16.2722 -8 -25.55
      vertex 19.1301 -8 -27.2
      vertex 19.4194 -8 -26.6134
    endloop
  endfacet
  facet normal 0 -1 0
    outer loop
      vertex 12.8866 -8 -29.3194
      vertex 14.1494 -8 -26.2706
      vertex 12.3 -8 -29.0301
    endloop
  endfacet
  facet normal 0 -1 0
    outer loop
      vertex 16.1487 -8 -25.7349
      vertex 18.7668 -8 -27.7438
      vertex 19.1301 -8 -27.2
    endloop
  endfacet
  facet normal 0 -1 -0
    outer loop
      vertex 14.1494 -8 -26.2706
      vertex 12.8866 -8 -29.3194
      vertex 14.36 -8 -26.3421
    endloop
  endfacet
  facet normal 0 -1 0
    outer loop
      vertex 16.0021 -8 -25.9021
      vertex 18.3355 -8 -28.2355
      vertex 18.7668 -8 -27.7438
    endloop
  endfacet
  facet normal 0 -1 0
    outer loop
      vertex 13.5059 -8 -29.5296
      vertex 14.36 -8 -26.3421
      vertex 12.8866 -8 -29.3194
    endloop
  endfacet
  facet normal 0 -1 0
    outer loop
      vertex 15.8349 -8 -26.0487
      vertex 17.8438 -8 -28.6668
      vertex 18.3355 -8 -28.2355
    endloop
  endfacet
  facet normal 0 -1 -0
    outer loop
      vertex 14.36 -8 -26.3421
      vertex 13.5059 -8 -29.5296
      vertex 14.5781 -8 -26.3855
    endloop
  endfacet
  facet normal 0 -1 0
    outer loop
      vertex 15.65 -8 -26.1722
      vertex 17.3 -8 -29.0301
      vertex 17.8438 -8 -28.6668
    endloop
  endfacet
  facet normal 0 -1 0
    outer loop
      vertex 14.1474 -8 -29.6572
      vertex 14.5781 -8 -26.3855
      vertex 13.5059 -8 -29.5296
    endloop
  endfacet
  facet normal 0 -1 0
    outer loop
      vertex 15.4506 -8 -26.2706
      vertex 16.7134 -8 -29.3194
      vertex 17.3 -8 -29.0301
    endloop
  endfacet
  facet normal 0 -1 -0
    outer loop
      vertex 14.5781 -8 -26.3855
      vertex 14.1474 -8 -29.6572
      vertex 14.8 -8 -26.4
    endloop
  endfacet
  facet normal 0 -1 0
    outer loop
      vertex 15.24 -8 -26.3421
      vertex 16.0941 -8 -29.5296
      vertex 16.7134 -8 -29.3194
    endloop
  endfacet
  facet normal 0 -1 0
    outer loop
      vertex 14.8 -8 -29.7
      vertex 14.8 -8 -26.4
      vertex 14.1474 -8 -29.6572
    endloop
  endfacet
  facet normal 0 -1 0
    outer loop
      vertex 15.0219 -8 -26.3855
      vertex 15.4526 -8 -29.6572
      vertex 16.0941 -8 -29.5296
    endloop
  endfacet
  facet normal 0 -1 0
    outer loop
      vertex 14.8 -8 -26.4
      vertex 14.8 -8 -29.7
      vertex 15.4526 -8 -29.6572
    endloop
  endfacet
  facet normal 0 -1 0
    outer loop
      vertex 17.6 -8 -22.5
      vertex 14.8 -8 -19.7
      vertex 14.1474 -8 -19.7428
    endloop
  endfacet
  facet normal 0 -1 0
    outer loop
      vertex 17.6 -8 -22.5
      vertex 14.1474 -8 -19.7428
      vertex 13.5059 -8 -19.8704
    endloop
  endfacet
  facet normal 0 -1 0
    outer loop
      vertex 14.8 -8 -19.7
      vertex 17.6 -8 -22.5
      vertex 15.4526 -8 -19.7428
    endloop
  endfacet
  facet normal 0 -1 0
    outer loop
      vertex 17.6 -8 -22.5
      vertex 13.5059 -8 -19.8704
      vertex 12.8866 -8 -20.0806
    endloop
  endfacet
  facet normal 0 -1 0
    outer loop
      vertex 15.4526 -8 -19.7428
      vertex 17.6 -8 -22.5
      vertex 16.0941 -8 -19.8704
    endloop
  endfacet
  facet normal 0 -1 0
    outer loop
      vertex 17.6 -8 -22.5
      vertex 12.8866 -8 -20.0806
      vertex 12.3 -8 -20.3699
    endloop
  endfacet
  facet normal 0 -1 0
    outer loop
      vertex 16.0941 -8 -19.8704
      vertex 17.6 -8 -22.5
      vertex 16.7134 -8 -20.0806
    endloop
  endfacet
  facet normal 0 -1 0
    outer loop
      vertex 16.7134 -8 -20.0806
      vertex 17.6 -8 -22.5
      vertex 17.3 -8 -20.3699
    endloop
  endfacet
  facet normal 0 -1 0
    outer loop
      vertex 17.6 -8 -22.5
      vertex 12.3 -8 -20.3699
      vertex 11.7562 -8 -20.7332
    endloop
  endfacet
  facet normal 0 -1 0
    outer loop
      vertex 17.6 -8 -22.5
      vertex 11.7562 -8 -20.7332
      vertex 11.2645 -8 -21.1645
    endloop
  endfacet
  facet normal 0 -1 0
    outer loop
      vertex 17.6 -8 -22.5
      vertex 11.2645 -8 -21.1645
      vertex 10.8332 -8 -21.6562
    endloop
  endfacet
  facet normal 0 -1 0
    outer loop
      vertex 17.6 -8 -22.5
      vertex 10.8332 -8 -21.6562
      vertex 10.4699 -8 -22.2
    endloop
  endfacet
  facet normal 0 -1 0
    outer loop
      vertex 17.6 -8 -22.5
      vertex 10.4699 -8 -22.2
      vertex 10.3219 -8 -22.5
    endloop
  endfacet
  facet normal 0 -1 0
    outer loop
      vertex 17.3 -8 -20.3699
      vertex 17.6 -8 -22.5
      vertex 17.6 -8 -20.5703
    endloop
  endfacet
  facet normal 0 -0.32125 -0.946995
    outer loop
      vertex 14.6 -13.7532 11.3142
      vertex 19.1 -13.6232 11.2701
      vertex 19.1 -13.7532 11.3142
    endloop
  endfacet
  facet normal -0 -0.32125 -0.946995
    outer loop
      vertex 19.1 -13.6232 11.2701
      vertex 14.6 -13.7532 11.3142
      vertex 14.6 -13.6232 11.2701
    endloop
  endfacet
  facet normal 0 -0.0655045 -0.997852
    outer loop
      vertex 14.6 -14.025 11.35
      vertex 19.1 -13.8879 11.341
      vertex 19.1 -14.025 11.35
    endloop
  endfacet
  facet normal -0 -0.0655045 -0.997852
    outer loop
      vertex 19.1 -13.8879 11.341
      vertex 14.6 -14.025 11.35
      vertex 14.6 -13.8879 11.341
    endloop
  endfacet
  facet normal 0 -0.896716 0.442607
    outer loop
      vertex 14.6 -13.1157 9.775
      vertex 19.1 -13.0549 9.89818
      vertex 14.6 -13.0549 9.89818
    endloop
  endfacet
  facet normal 0 -0.896716 0.442607
    outer loop
      vertex 19.1 -13.0549 9.89818
      vertex 14.6 -13.1157 9.775
      vertex 19.1 -13.1157 9.775
    endloop
  endfacet
  facet normal 0 -0.980776 0.195136
    outer loop
      vertex 14.6 -13.0108 10.0282
      vertex 19.1 -12.984 10.1629
      vertex 14.6 -12.984 10.1629
    endloop
  endfacet
  facet normal 0 -0.980776 0.195136
    outer loop
      vertex 19.1 -12.984 10.1629
      vertex 14.6 -13.0108 10.0282
      vertex 19.1 -13.0108 10.0282
    endloop
  endfacet
  facet normal 0 -0.55554 -0.83149
    outer loop
      vertex 14.6 -13.5 11.2093
      vertex 19.1 -13.3858 11.133
      vertex 19.1 -13.5 11.2093
    endloop
  endfacet
  facet normal -0 -0.55554 -0.83149
    outer loop
      vertex 19.1 -13.3858 11.133
      vertex 14.6 -13.5 11.2093
      vertex 14.6 -13.3858 11.133
    endloop
  endfacet
  facet normal 0 -0.752044 0.659113
    outer loop
      vertex 14.6 -13.2825 9.55754
      vertex 19.1 -13.192 9.6608
      vertex 14.6 -13.192 9.6608
    endloop
  endfacet
  facet normal 0 -0.752044 0.659113
    outer loop
      vertex 19.1 -13.192 9.6608
      vertex 14.6 -13.2825 9.55754
      vertex 19.1 -13.2825 9.55754
    endloop
  endfacet
  facet normal 0 0.946995 -0.32125
    outer loop
      vertex 19.1 -15.0392 10.5718
      vertex 14.6 -14.9951 10.7018
      vertex 19.1 -14.9951 10.7018
    endloop
  endfacet
  facet normal 0 0.946995 -0.32125
    outer loop
      vertex 14.6 -14.9951 10.7018
      vertex 19.1 -15.0392 10.5718
      vertex 14.6 -15.0392 10.5718
    endloop
  endfacet
  facet normal 0 0.32125 -0.946995
    outer loop
      vertex 14.6 -14.4268 11.2701
      vertex 19.1 -14.2968 11.3142
      vertex 19.1 -14.4268 11.2701
    endloop
  endfacet
  facet normal 0 0.32125 -0.946995
    outer loop
      vertex 19.1 -14.2968 11.3142
      vertex 14.6 -14.4268 11.2701
      vertex 14.6 -14.2968 11.3142
    endloop
  endfacet
  facet normal 0 0.980776 -0.195136
    outer loop
      vertex 19.1 -15.066 10.4371
      vertex 14.6 -15.0392 10.5718
      vertex 19.1 -15.0392 10.5718
    endloop
  endfacet
  facet normal 0 0.980776 -0.195136
    outer loop
      vertex 14.6 -15.0392 10.5718
      vertex 19.1 -15.066 10.4371
      vertex 14.6 -15.066 10.4371
    endloop
  endfacet
  facet normal 0 0.896744 -0.442549
    outer loop
      vertex 19.1 -14.9951 10.7018
      vertex 14.6 -14.9343 10.825
      vertex 19.1 -14.9343 10.825
    endloop
  endfacet
  facet normal 0 0.896744 -0.442549
    outer loop
      vertex 14.6 -14.9343 10.825
      vertex 19.1 -14.9951 10.7018
      vertex 14.6 -14.9951 10.7018
    endloop
  endfacet
  facet normal 0 0.658968 -0.752171
    outer loop
      vertex 14.6 -14.7675 11.0425
      vertex 19.1 -14.6642 11.133
      vertex 19.1 -14.7675 11.0425
    endloop
  endfacet
  facet normal 0 0.658968 -0.752171
    outer loop
      vertex 19.1 -14.6642 11.133
      vertex 14.6 -14.7675 11.0425
      vertex 14.6 -14.6642 11.133
    endloop
  endfacet
  facet normal 0 0.752044 0.659113
    outer loop
      vertex 19.1 -14.7675 9.55754
      vertex 14.6 -14.858 9.6608
      vertex 19.1 -14.858 9.6608
    endloop
  endfacet
  facet normal 0 0.752044 0.659113
    outer loop
      vertex 14.6 -14.858 9.6608
      vertex 19.1 -14.7675 9.55754
      vertex 14.6 -14.7675 9.55754
    endloop
  endfacet
  facet normal 0 0.442549 -0.896744
    outer loop
      vertex 14.6 -14.55 11.2093
      vertex 19.1 -14.4268 11.2701
      vertex 19.1 -14.55 11.2093
    endloop
  endfacet
  facet normal 0 0.442549 -0.896744
    outer loop
      vertex 19.1 -14.4268 11.2701
      vertex 14.6 -14.55 11.2093
      vertex 14.6 -14.4268 11.2701
    endloop
  endfacet
  facet normal 0 0.83149 -0.55554
    outer loop
      vertex 19.1 -14.9343 10.825
      vertex 14.6 -14.858 10.9392
      vertex 19.1 -14.858 10.9392
    endloop
  endfacet
  facet normal 0 0.83149 -0.55554
    outer loop
      vertex 14.6 -14.858 10.9392
      vertex 19.1 -14.9343 10.825
      vertex 14.6 -14.9343 10.825
    endloop
  endfacet
  facet normal -0 0.321576 0.946884
    outer loop
      vertex 14.6 -14.2968 9.28578
      vertex 19.1 -14.4268 9.32993
      vertex 19.1 -14.2968 9.28578
    endloop
  endfacet
  facet normal 0 0.321576 0.946884
    outer loop
      vertex 19.1 -14.4268 9.32993
      vertex 14.6 -14.2968 9.28578
      vertex 14.6 -14.4268 9.32993
    endloop
  endfacet
  facet normal 0 -0.946995 -0.32125
    outer loop
      vertex 14.6 -13.0108 10.5718
      vertex 19.1 -13.0549 10.7018
      vertex 14.6 -13.0549 10.7018
    endloop
  endfacet
  facet normal 0 -0.946995 -0.32125
    outer loop
      vertex 19.1 -13.0549 10.7018
      vertex 14.6 -13.0108 10.5718
      vertex 19.1 -13.0108 10.5718
    endloop
  endfacet
  facet normal 0 -0.442549 -0.896744
    outer loop
      vertex 14.6 -13.6232 11.2701
      vertex 19.1 -13.5 11.2093
      vertex 19.1 -13.6232 11.2701
    endloop
  endfacet
  facet normal -0 -0.442549 -0.896744
    outer loop
      vertex 19.1 -13.5 11.2093
      vertex 14.6 -13.6232 11.2701
      vertex 14.6 -13.5 11.2093
    endloop
  endfacet
  facet normal 0 -0.658968 -0.752171
    outer loop
      vertex 14.6 -13.3858 11.133
      vertex 19.1 -13.2825 11.0425
      vertex 19.1 -13.3858 11.133
    endloop
  endfacet
  facet normal -0 -0.658968 -0.752171
    outer loop
      vertex 19.1 -13.2825 11.0425
      vertex 14.6 -13.3858 11.133
      vertex 14.6 -13.2825 11.0425
    endloop
  endfacet
  facet normal 0 0.55554 -0.83149
    outer loop
      vertex 14.6 -14.6642 11.133
      vertex 19.1 -14.55 11.2093
      vertex 19.1 -14.6642 11.133
    endloop
  endfacet
  facet normal 0 0.55554 -0.83149
    outer loop
      vertex 19.1 -14.55 11.2093
      vertex 14.6 -14.6642 11.133
      vertex 14.6 -14.55 11.2093
    endloop
  endfacet
  facet normal 0 0.997852 0.0655045
    outer loop
      vertex 19.1 -15.066 10.1629
      vertex 14.6 -15.075 10.3
      vertex 19.1 -15.075 10.3
    endloop
  endfacet
  facet normal 0 0.997852 0.0655045
    outer loop
      vertex 14.6 -15.075 10.3
      vertex 19.1 -15.066 10.1629
      vertex 14.6 -15.066 10.1629
    endloop
  endfacet
  facet normal 0 -0.659215 0.751954
    outer loop
      vertex 14.6 -13.2825 9.55754
      vertex 19.1 -13.3858 9.46698
      vertex 19.1 -13.2825 9.55754
    endloop
  endfacet
  facet normal 0 -0.659215 0.751954
    outer loop
      vertex 19.1 -13.3858 9.46698
      vertex 14.6 -13.2825 9.55754
      vertex 14.6 -13.3858 9.46698
    endloop
  endfacet
  facet normal 0 -0.195136 0.980776
    outer loop
      vertex 14.6 -13.7532 9.28578
      vertex 19.1 -13.8879 9.25898
      vertex 19.1 -13.7532 9.28578
    endloop
  endfacet
  facet normal 0 -0.195136 0.980776
    outer loop
      vertex 19.1 -13.8879 9.25898
      vertex 14.6 -13.7532 9.28578
      vertex 14.6 -13.8879 9.25898
    endloop
  endfacet
  facet normal -0 0.195136 0.980776
    outer loop
      vertex 14.6 -14.1621 9.25898
      vertex 19.1 -14.2968 9.28578
      vertex 19.1 -14.1621 9.25898
    endloop
  endfacet
  facet normal 0 0.195136 0.980776
    outer loop
      vertex 19.1 -14.2968 9.28578
      vertex 14.6 -14.1621 9.25898
      vertex 14.6 -14.2968 9.28578
    endloop
  endfacet
  facet normal -0 0.0653596 0.997862
    outer loop
      vertex 14.6 -14.025 9.25
      vertex 19.1 -14.1621 9.25898
      vertex 19.1 -14.025 9.25
    endloop
  endfacet
  facet normal 0 0.0653596 0.997862
    outer loop
      vertex 19.1 -14.1621 9.25898
      vertex 14.6 -14.025 9.25
      vertex 14.6 -14.1621 9.25898
    endloop
  endfacet
  facet normal 0 -0.896744 -0.442549
    outer loop
      vertex 14.6 -13.0549 10.7018
      vertex 19.1 -13.1157 10.825
      vertex 14.6 -13.1157 10.825
    endloop
  endfacet
  facet normal 0 -0.896744 -0.442549
    outer loop
      vertex 19.1 -13.1157 10.825
      vertex 14.6 -13.0549 10.7018
      vertex 19.1 -13.0549 10.7018
    endloop
  endfacet
  facet normal 0 -0.321576 0.946884
    outer loop
      vertex 14.6 -13.6232 9.32993
      vertex 19.1 -13.7532 9.28578
      vertex 19.1 -13.6232 9.32993
    endloop
  endfacet
  facet normal 0 -0.321576 0.946884
    outer loop
      vertex 19.1 -13.7532 9.28578
      vertex 14.6 -13.6232 9.32993
      vertex 14.6 -13.7532 9.28578
    endloop
  endfacet
  facet normal 0 0.997852 -0.0655045
    outer loop
      vertex 19.1 -15.075 10.3
      vertex 14.6 -15.066 10.4371
      vertex 19.1 -15.066 10.4371
    endloop
  endfacet
  facet normal 0 0.997852 -0.0655045
    outer loop
      vertex 14.6 -15.066 10.4371
      vertex 19.1 -15.075 10.3
      vertex 14.6 -15.075 10.3
    endloop
  endfacet
  facet normal 0 -0.195136 -0.980776
    outer loop
      vertex 14.6 -13.8879 11.341
      vertex 19.1 -13.7532 11.3142
      vertex 19.1 -13.8879 11.341
    endloop
  endfacet
  facet normal -0 -0.195136 -0.980776
    outer loop
      vertex 19.1 -13.7532 11.3142
      vertex 14.6 -13.8879 11.341
      vertex 14.6 -13.7532 11.3142
    endloop
  endfacet
  facet normal 0 -0.94701 0.321205
    outer loop
      vertex 14.6 -13.0549 9.89818
      vertex 19.1 -13.0108 10.0282
      vertex 14.6 -13.0108 10.0282
    endloop
  endfacet
  facet normal 0 -0.94701 0.321205
    outer loop
      vertex 19.1 -13.0108 10.0282
      vertex 14.6 -13.0549 9.89818
      vertex 19.1 -13.0549 9.89818
    endloop
  endfacet
  facet normal 0 -0.752171 -0.658968
    outer loop
      vertex 14.6 -13.192 10.9392
      vertex 19.1 -13.2825 11.0425
      vertex 14.6 -13.2825 11.0425
    endloop
  endfacet
  facet normal 0 -0.752171 -0.658968
    outer loop
      vertex 19.1 -13.2825 11.0425
      vertex 14.6 -13.192 10.9392
      vertex 19.1 -13.192 10.9392
    endloop
  endfacet
  facet normal -0 0.442198 0.896918
    outer loop
      vertex 14.6 -14.4268 9.32993
      vertex 19.1 -14.55 9.39067
      vertex 19.1 -14.4268 9.32993
    endloop
  endfacet
  facet normal 0 0.442198 0.896918
    outer loop
      vertex 19.1 -14.55 9.39067
      vertex 14.6 -14.4268 9.32993
      vertex 14.6 -14.55 9.39067
    endloop
  endfacet
  facet normal 0 0.195136 -0.980776
    outer loop
      vertex 14.6 -14.2968 11.3142
      vertex 19.1 -14.1621 11.341
      vertex 19.1 -14.2968 11.3142
    endloop
  endfacet
  facet normal 0 0.195136 -0.980776
    outer loop
      vertex 19.1 -14.1621 11.341
      vertex 14.6 -14.2968 11.3142
      vertex 14.6 -14.1621 11.341
    endloop
  endfacet
  facet normal -0 0.659215 0.751954
    outer loop
      vertex 14.6 -14.6642 9.46698
      vertex 19.1 -14.7675 9.55754
      vertex 19.1 -14.6642 9.46698
    endloop
  endfacet
  facet normal 0 0.659215 0.751954
    outer loop
      vertex 19.1 -14.7675 9.55754
      vertex 14.6 -14.6642 9.46698
      vertex 14.6 -14.7675 9.55754
    endloop
  endfacet
  facet normal 0 0.752171 -0.658968
    outer loop
      vertex 19.1 -14.858 10.9392
      vertex 14.6 -14.7675 11.0425
      vertex 19.1 -14.7675 11.0425
    endloop
  endfacet
  facet normal 0 0.752171 -0.658968
    outer loop
      vertex 14.6 -14.7675 11.0425
      vertex 19.1 -14.858 10.9392
      vertex 14.6 -14.858 10.9392
    endloop
  endfacet
  facet normal 0 0.0655045 -0.997852
    outer loop
      vertex 14.6 -14.1621 11.341
      vertex 19.1 -14.025 11.35
      vertex 19.1 -14.1621 11.341
    endloop
  endfacet
  facet normal 0 0.0655045 -0.997852
    outer loop
      vertex 19.1 -14.025 11.35
      vertex 14.6 -14.1621 11.341
      vertex 14.6 -14.025 11.35
    endloop
  endfacet
  facet normal 0 0.980776 0.195136
    outer loop
      vertex 19.1 -15.0392 10.0282
      vertex 14.6 -15.066 10.1629
      vertex 19.1 -15.066 10.1629
    endloop
  endfacet
  facet normal 0 0.980776 0.195136
    outer loop
      vertex 14.6 -15.066 10.1629
      vertex 19.1 -15.0392 10.0282
      vertex 14.6 -15.0392 10.0282
    endloop
  endfacet
  facet normal 0 -0.980776 -0.195136
    outer loop
      vertex 14.6 -12.984 10.4371
      vertex 19.1 -13.0108 10.5718
      vertex 14.6 -13.0108 10.5718
    endloop
  endfacet
  facet normal 0 -0.980776 -0.195136
    outer loop
      vertex 19.1 -13.0108 10.5718
      vertex 14.6 -12.984 10.4371
      vertex 19.1 -12.984 10.4371
    endloop
  endfacet
  facet normal 0 0.896716 0.442607
    outer loop
      vertex 19.1 -14.9343 9.775
      vertex 14.6 -14.9951 9.89818
      vertex 19.1 -14.9951 9.89818
    endloop
  endfacet
  facet normal 0 0.896716 0.442607
    outer loop
      vertex 14.6 -14.9951 9.89818
      vertex 19.1 -14.9343 9.775
      vertex 14.6 -14.9343 9.775
    endloop
  endfacet
  facet normal 0 -0.0653596 0.997862
    outer loop
      vertex 14.6 -13.8879 9.25898
      vertex 19.1 -14.025 9.25
      vertex 19.1 -13.8879 9.25898
    endloop
  endfacet
  facet normal 0 -0.0653596 0.997862
    outer loop
      vertex 19.1 -14.025 9.25
      vertex 14.6 -13.8879 9.25898
      vertex 14.6 -14.025 9.25
    endloop
  endfacet
  facet normal -0 0.55559 0.831456
    outer loop
      vertex 14.6 -14.55 9.39067
      vertex 19.1 -14.6642 9.46698
      vertex 19.1 -14.55 9.39067
    endloop
  endfacet
  facet normal 0 0.55559 0.831456
    outer loop
      vertex 19.1 -14.6642 9.46698
      vertex 14.6 -14.55 9.39067
      vertex 14.6 -14.6642 9.46698
    endloop
  endfacet
  facet normal -1 0 0
    outer loop
      vertex 19.1 -12.984 10.1629
      vertex 19.1 -12.984 10.4371
      vertex 19.1 -12.975 10.3
    endloop
  endfacet
  facet normal -1 0 0
    outer loop
      vertex 19.1 -13.0108 10.0282
      vertex 19.1 -12.984 10.4371
      vertex 19.1 -12.984 10.1629
    endloop
  endfacet
  facet normal -1 0 0
    outer loop
      vertex 19.1 -13.0108 10.0282
      vertex 19.1 -13.0108 10.5718
      vertex 19.1 -12.984 10.4371
    endloop
  endfacet
  facet normal -1 0 0
    outer loop
      vertex 19.1 -13.0549 9.89818
      vertex 19.1 -13.0108 10.5718
      vertex 19.1 -13.0108 10.0282
    endloop
  endfacet
  facet normal -1 0 0
    outer loop
      vertex 19.1 -13.0549 9.89818
      vertex 19.1 -13.0549 10.7018
      vertex 19.1 -13.0108 10.5718
    endloop
  endfacet
  facet normal -1 0 0
    outer loop
      vertex 19.1 -13.1157 9.775
      vertex 19.1 -13.0549 10.7018
      vertex 19.1 -13.0549 9.89818
    endloop
  endfacet
  facet normal -1 0 0
    outer loop
      vertex 19.1 -13.1157 9.775
      vertex 19.1 -13.1157 10.825
      vertex 19.1 -13.0549 10.7018
    endloop
  endfacet
  facet normal -1 0 0
    outer loop
      vertex 19.1 -13.192 9.6608
      vertex 19.1 -13.1157 10.825
      vertex 19.1 -13.1157 9.775
    endloop
  endfacet
  facet normal -1 0 0
    outer loop
      vertex 19.1 -13.192 9.6608
      vertex 19.1 -13.192 10.9392
      vertex 19.1 -13.1157 10.825
    endloop
  endfacet
  facet normal -1 0 0
    outer loop
      vertex 19.1 -13.2825 9.55754
      vertex 19.1 -13.192 10.9392
      vertex 19.1 -13.192 9.6608
    endloop
  endfacet
  facet normal -1 0 0
    outer loop
      vertex 19.1 -13.2825 9.55754
      vertex 19.1 -13.2825 11.0425
      vertex 19.1 -13.192 10.9392
    endloop
  endfacet
  facet normal -1 0 0
    outer loop
      vertex 19.1 -13.3858 9.46698
      vertex 19.1 -13.2825 11.0425
      vertex 19.1 -13.2825 9.55754
    endloop
  endfacet
  facet normal -1 0 0
    outer loop
      vertex 19.1 -13.3858 9.46698
      vertex 19.1 -13.3858 11.133
      vertex 19.1 -13.2825 11.0425
    endloop
  endfacet
  facet normal -1 0 0
    outer loop
      vertex 19.1 -13.5 9.39067
      vertex 19.1 -13.3858 11.133
      vertex 19.1 -13.3858 9.46698
    endloop
  endfacet
  facet normal -1 0 0
    outer loop
      vertex 19.1 -13.5 9.39067
      vertex 19.1 -13.5 11.2093
      vertex 19.1 -13.3858 11.133
    endloop
  endfacet
  facet normal -1 0 0
    outer loop
      vertex 19.1 -13.6232 9.32993
      vertex 19.1 -13.5 11.2093
      vertex 19.1 -13.5 9.39067
    endloop
  endfacet
  facet normal -1 0 0
    outer loop
      vertex 19.1 -13.6232 9.32993
      vertex 19.1 -13.6232 11.2701
      vertex 19.1 -13.5 11.2093
    endloop
  endfacet
  facet normal -1 0 0
    outer loop
      vertex 19.1 -13.7532 9.28578
      vertex 19.1 -13.6232 11.2701
      vertex 19.1 -13.6232 9.32993
    endloop
  endfacet
  facet normal -1 0 0
    outer loop
      vertex 19.1 -13.7532 9.28578
      vertex 19.1 -13.7532 11.3142
      vertex 19.1 -13.6232 11.2701
    endloop
  endfacet
  facet normal -1 0 0
    outer loop
      vertex 19.1 -13.8879 9.25898
      vertex 19.1 -13.7532 11.3142
      vertex 19.1 -13.7532 9.28578
    endloop
  endfacet
  facet normal -1 0 0
    outer loop
      vertex 19.1 -13.8879 9.25898
      vertex 19.1 -13.8879 11.341
      vertex 19.1 -13.7532 11.3142
    endloop
  endfacet
  facet normal -1 0 0
    outer loop
      vertex 19.1 -14.025 9.25
      vertex 19.1 -13.8879 11.341
      vertex 19.1 -13.8879 9.25898
    endloop
  endfacet
  facet normal -1 0 0
    outer loop
      vertex 19.1 -14.025 9.25
      vertex 19.1 -14.025 11.35
      vertex 19.1 -13.8879 11.341
    endloop
  endfacet
  facet normal -1 0 0
    outer loop
      vertex 19.1 -14.1621 9.25898
      vertex 19.1 -14.025 11.35
      vertex 19.1 -14.025 9.25
    endloop
  endfacet
  facet normal -1 0 0
    outer loop
      vertex 19.1 -14.1621 9.25898
      vertex 19.1 -14.1621 11.341
      vertex 19.1 -14.025 11.35
    endloop
  endfacet
  facet normal -1 0 0
    outer loop
      vertex 19.1 -14.2968 9.28578
      vertex 19.1 -14.1621 11.341
      vertex 19.1 -14.1621 9.25898
    endloop
  endfacet
  facet normal -1 0 0
    outer loop
      vertex 19.1 -14.2968 9.28578
      vertex 19.1 -14.2968 11.3142
      vertex 19.1 -14.1621 11.341
    endloop
  endfacet
  facet normal -1 0 0
    outer loop
      vertex 19.1 -14.4268 9.32993
      vertex 19.1 -14.2968 11.3142
      vertex 19.1 -14.2968 9.28578
    endloop
  endfacet
  facet normal -1 0 0
    outer loop
      vertex 19.1 -14.4268 9.32993
      vertex 19.1 -14.4268 11.2701
      vertex 19.1 -14.2968 11.3142
    endloop
  endfacet
  facet normal -1 0 0
    outer loop
      vertex 19.1 -14.55 9.39067
      vertex 19.1 -14.4268 11.2701
      vertex 19.1 -14.4268 9.32993
    endloop
  endfacet
  facet normal -1 0 0
    outer loop
      vertex 19.1 -14.55 9.39067
      vertex 19.1 -14.55 11.2093
      vertex 19.1 -14.4268 11.2701
    endloop
  endfacet
  facet normal -1 0 0
    outer loop
      vertex 19.1 -14.6642 9.46698
      vertex 19.1 -14.55 11.2093
      vertex 19.1 -14.55 9.39067
    endloop
  endfacet
  facet normal -1 0 0
    outer loop
      vertex 19.1 -14.6642 9.46698
      vertex 19.1 -14.6642 11.133
      vertex 19.1 -14.55 11.2093
    endloop
  endfacet
  facet normal -1 0 0
    outer loop
      vertex 19.1 -14.7675 9.55754
      vertex 19.1 -14.6642 11.133
      vertex 19.1 -14.6642 9.46698
    endloop
  endfacet
  facet normal -1 0 0
    outer loop
      vertex 19.1 -14.7675 9.55754
      vertex 19.1 -14.7675 11.0425
      vertex 19.1 -14.6642 11.133
    endloop
  endfacet
  facet normal -1 0 0
    outer loop
      vertex 19.1 -14.858 9.6608
      vertex 19.1 -14.7675 11.0425
      vertex 19.1 -14.7675 9.55754
    endloop
  endfacet
  facet normal -1 0 0
    outer loop
      vertex 19.1 -14.858 9.6608
      vertex 19.1 -14.858 10.9392
      vertex 19.1 -14.7675 11.0425
    endloop
  endfacet
  facet normal -1 0 0
    outer loop
      vertex 19.1 -14.9343 9.775
      vertex 19.1 -14.858 10.9392
      vertex 19.1 -14.858 9.6608
    endloop
  endfacet
  facet normal -1 0 0
    outer loop
      vertex 19.1 -14.9343 9.775
      vertex 19.1 -14.9343 10.825
      vertex 19.1 -14.858 10.9392
    endloop
  endfacet
  facet normal -1 0 0
    outer loop
      vertex 19.1 -14.9951 9.89818
      vertex 19.1 -14.9343 10.825
      vertex 19.1 -14.9343 9.775
    endloop
  endfacet
  facet normal -1 0 0
    outer loop
      vertex 19.1 -14.9951 9.89818
      vertex 19.1 -14.9951 10.7018
      vertex 19.1 -14.9343 10.825
    endloop
  endfacet
  facet normal -1 0 0
    outer loop
      vertex 19.1 -15.0392 10.0282
      vertex 19.1 -14.9951 10.7018
      vertex 19.1 -14.9951 9.89818
    endloop
  endfacet
  facet normal -1 0 0
    outer loop
      vertex 19.1 -15.0392 10.0282
      vertex 19.1 -15.0392 10.5718
      vertex 19.1 -14.9951 10.7018
    endloop
  endfacet
  facet normal -1 0 0
    outer loop
      vertex 19.1 -15.066 10.1629
      vertex 19.1 -15.0392 10.5718
      vertex 19.1 -15.0392 10.0282
    endloop
  endfacet
  facet normal -1 0 0
    outer loop
      vertex 19.1 -15.066 10.1629
      vertex 19.1 -15.066 10.4371
      vertex 19.1 -15.0392 10.5718
    endloop
  endfacet
  facet normal -1 0 -0
    outer loop
      vertex 19.1 -15.066 10.4371
      vertex 19.1 -15.066 10.1629
      vertex 19.1 -15.075 10.3
    endloop
  endfacet
  facet normal 0 -0.83149 -0.55554
    outer loop
      vertex 14.6 -13.1157 10.825
      vertex 19.1 -13.192 10.9392
      vertex 14.6 -13.192 10.9392
    endloop
  endfacet
  facet normal 0 -0.83149 -0.55554
    outer loop
      vertex 19.1 -13.192 10.9392
      vertex 14.6 -13.1157 10.825
      vertex 19.1 -13.1157 10.825
    endloop
  endfacet
  facet normal 0 -0.83149 0.55554
    outer loop
      vertex 14.6 -13.192 9.6608
      vertex 19.1 -13.1157 9.775
      vertex 14.6 -13.1157 9.775
    endloop
  endfacet
  facet normal 0 -0.83149 0.55554
    outer loop
      vertex 19.1 -13.1157 9.775
      vertex 14.6 -13.192 9.6608
      vertex 19.1 -13.192 9.6608
    endloop
  endfacet
  facet normal 0 -0.997852 -0.0655045
    outer loop
      vertex 14.6 -12.975 10.3
      vertex 19.1 -12.984 10.4371
      vertex 14.6 -12.984 10.4371
    endloop
  endfacet
  facet normal 0 -0.997852 -0.0655045
    outer loop
      vertex 19.1 -12.984 10.4371
      vertex 14.6 -12.975 10.3
      vertex 19.1 -12.975 10.3
    endloop
  endfacet
  facet normal 0 -0.997852 0.0655045
    outer loop
      vertex 14.6 -12.984 10.1629
      vertex 19.1 -12.975 10.3
      vertex 14.6 -12.975 10.3
    endloop
  endfacet
  facet normal 0 -0.997852 0.0655045
    outer loop
      vertex 19.1 -12.975 10.3
      vertex 14.6 -12.984 10.1629
      vertex 19.1 -12.984 10.1629
    endloop
  endfacet
  facet normal 0 0.94701 0.321205
    outer loop
      vertex 19.1 -14.9951 9.89818
      vertex 14.6 -15.0392 10.0282
      vertex 19.1 -15.0392 10.0282
    endloop
  endfacet
  facet normal 0 0.94701 0.321205
    outer loop
      vertex 14.6 -15.0392 10.0282
      vertex 19.1 -14.9951 9.89818
      vertex 14.6 -14.9951 9.89818
    endloop
  endfacet
  facet normal 0 -0.442198 0.896918
    outer loop
      vertex 14.6 -13.5 9.39067
      vertex 19.1 -13.6232 9.32993
      vertex 19.1 -13.5 9.39067
    endloop
  endfacet
  facet normal 0 -0.442198 0.896918
    outer loop
      vertex 19.1 -13.6232 9.32993
      vertex 14.6 -13.5 9.39067
      vertex 14.6 -13.6232 9.32993
    endloop
  endfacet
  facet normal 0 -0.55559 0.831456
    outer loop
      vertex 14.6 -13.3858 9.46698
      vertex 19.1 -13.5 9.39067
      vertex 19.1 -13.3858 9.46698
    endloop
  endfacet
  facet normal 0 -0.55559 0.831456
    outer loop
      vertex 19.1 -13.5 9.39067
      vertex 14.6 -13.3858 9.46698
      vertex 14.6 -13.5 9.39067
    endloop
  endfacet
  facet normal 0 0.83149 0.55554
    outer loop
      vertex 19.1 -14.858 9.6608
      vertex 14.6 -14.9343 9.775
      vertex 19.1 -14.9343 9.775
    endloop
  endfacet
  facet normal 0 0.83149 0.55554
    outer loop
      vertex 14.6 -14.9343 9.775
      vertex 19.1 -14.858 9.6608
      vertex 14.6 -14.858 9.6608
    endloop
  endfacet
  facet normal 0 -0.997862 0.0653596
    outer loop
      vertex 14.6 -2.08398 17.6629
      vertex 19.1 -2.075 17.8
      vertex 14.6 -2.075 17.8
    endloop
  endfacet
  facet normal 0 -0.997862 0.0653596
    outer loop
      vertex 19.1 -2.075 17.8
      vertex 14.6 -2.08398 17.6629
      vertex 19.1 -2.08398 17.6629
    endloop
  endfacet
  facet normal 0 0.195122 -0.980779
    outer loop
      vertex 14.6 -3.39676 18.8142
      vertex 19.1 -3.26205 18.841
      vertex 19.1 -3.39676 18.8142
    endloop
  endfacet
  facet normal 0 0.195122 -0.980779
    outer loop
      vertex 19.1 -3.26205 18.841
      vertex 14.6 -3.39676 18.8142
      vertex 14.6 -3.26205 18.841
    endloop
  endfacet
  facet normal 0 -0.896918 -0.442198
    outer loop
      vertex 14.6 -2.15493 18.2018
      vertex 19.1 -2.21567 18.325
      vertex 14.6 -2.21567 18.325
    endloop
  endfacet
  facet normal 0 -0.896918 -0.442198
    outer loop
      vertex 19.1 -2.21567 18.325
      vertex 14.6 -2.15493 18.2018
      vertex 19.1 -2.15493 18.2018
    endloop
  endfacet
  facet normal 0 -0.751954 0.659215
    outer loop
      vertex 14.6 -2.38254 17.0575
      vertex 19.1 -2.29198 17.1608
      vertex 14.6 -2.29198 17.1608
    endloop
  endfacet
  facet normal 0 -0.751954 0.659215
    outer loop
      vertex 19.1 -2.29198 17.1608
      vertex 14.6 -2.38254 17.0575
      vertex 19.1 -2.38254 17.0575
    endloop
  endfacet
  facet normal 0 0.946884 -0.321576
    outer loop
      vertex 19.1 -4.13922 18.0718
      vertex 14.6 -4.09507 18.2018
      vertex 19.1 -4.09507 18.2018
    endloop
  endfacet
  facet normal 0 0.946884 -0.321576
    outer loop
      vertex 14.6 -4.09507 18.2018
      vertex 19.1 -4.13922 18.0718
      vertex 14.6 -4.13922 18.0718
    endloop
  endfacet
  facet normal 0 -0.0655283 -0.997851
    outer loop
      vertex 14.6 -3.125 18.85
      vertex 19.1 -2.98795 18.841
      vertex 19.1 -3.125 18.85
    endloop
  endfacet
  facet normal -0 -0.0655283 -0.997851
    outer loop
      vertex 19.1 -2.98795 18.841
      vertex 14.6 -3.125 18.85
      vertex 14.6 -2.98795 18.841
    endloop
  endfacet
  facet normal 0 -0.751954 -0.659215
    outer loop
      vertex 14.6 -2.29198 18.4392
      vertex 19.1 -2.38254 18.5425
      vertex 14.6 -2.38254 18.5425
    endloop
  endfacet
  facet normal 0 -0.751954 -0.659215
    outer loop
      vertex 19.1 -2.38254 18.5425
      vertex 14.6 -2.29198 18.4392
      vertex 19.1 -2.29198 18.4392
    endloop
  endfacet
  facet normal 0 -0.321117 0.94704
    outer loop
      vertex 14.6 -2.72318 16.8299
      vertex 19.1 -2.85324 16.7858
      vertex 19.1 -2.72318 16.8299
    endloop
  endfacet
  facet normal 0 -0.321117 0.94704
    outer loop
      vertex 19.1 -2.85324 16.7858
      vertex 14.6 -2.72318 16.8299
      vertex 14.6 -2.85324 16.7858
    endloop
  endfacet
  facet normal 0 0.321117 -0.94704
    outer loop
      vertex 14.6 -3.52682 18.7701
      vertex 19.1 -3.39676 18.8142
      vertex 19.1 -3.52682 18.7701
    endloop
  endfacet
  facet normal 0 0.321117 -0.94704
    outer loop
      vertex 19.1 -3.39676 18.8142
      vertex 14.6 -3.52682 18.7701
      vertex 14.6 -3.39676 18.8142
    endloop
  endfacet
  facet normal 0 -0.659113 -0.752044
    outer loop
      vertex 14.6 -2.4858 18.633
      vertex 19.1 -2.38254 18.5425
      vertex 19.1 -2.4858 18.633
    endloop
  endfacet
  facet normal -0 -0.659113 -0.752044
    outer loop
      vertex 19.1 -2.38254 18.5425
      vertex 14.6 -2.4858 18.633
      vertex 14.6 -2.38254 18.5425
    endloop
  endfacet
  facet normal 0 -0.321117 -0.94704
    outer loop
      vertex 14.6 -2.85324 18.8142
      vertex 19.1 -2.72318 18.7701
      vertex 19.1 -2.85324 18.8142
    endloop
  endfacet
  facet normal -0 -0.321117 -0.94704
    outer loop
      vertex 19.1 -2.72318 18.7701
      vertex 14.6 -2.85324 18.8142
      vertex 14.6 -2.72318 18.7701
    endloop
  endfacet
  facet normal 0 0.980776 0.195136
    outer loop
      vertex 19.1 -4.13922 17.5282
      vertex 14.6 -4.16602 17.6629
      vertex 19.1 -4.16602 17.6629
    endloop
  endfacet
  facet normal 0 0.980776 0.195136
    outer loop
      vertex 14.6 -4.16602 17.6629
      vertex 19.1 -4.13922 17.5282
      vertex 14.6 -4.13922 17.5282
    endloop
  endfacet
  facet normal 0 -0.659113 0.752044
    outer loop
      vertex 14.6 -2.38254 17.0575
      vertex 19.1 -2.4858 16.967
      vertex 19.1 -2.38254 17.0575
    endloop
  endfacet
  facet normal 0 -0.659113 0.752044
    outer loop
      vertex 19.1 -2.4858 16.967
      vertex 14.6 -2.38254 17.0575
      vertex 14.6 -2.4858 16.967
    endloop
  endfacet
  facet normal 0 0.751954 0.659215
    outer loop
      vertex 19.1 -3.86746 17.0575
      vertex 14.6 -3.95802 17.1608
      vertex 19.1 -3.95802 17.1608
    endloop
  endfacet
  facet normal 0 0.751954 0.659215
    outer loop
      vertex 14.6 -3.95802 17.1608
      vertex 19.1 -3.86746 17.0575
      vertex 14.6 -3.86746 17.0575
    endloop
  endfacet
  facet normal 0 -0.980776 0.195136
    outer loop
      vertex 14.6 -2.11078 17.5282
      vertex 19.1 -2.08398 17.6629
      vertex 14.6 -2.08398 17.6629
    endloop
  endfacet
  facet normal 0 -0.980776 0.195136
    outer loop
      vertex 19.1 -2.08398 17.6629
      vertex 14.6 -2.11078 17.5282
      vertex 19.1 -2.11078 17.5282
    endloop
  endfacet
  facet normal 0 0.896918 0.442198
    outer loop
      vertex 19.1 -4.03433 17.275
      vertex 14.6 -4.09507 17.3982
      vertex 19.1 -4.09507 17.3982
    endloop
  endfacet
  facet normal 0 0.896918 0.442198
    outer loop
      vertex 14.6 -4.09507 17.3982
      vertex 19.1 -4.03433 17.275
      vertex 14.6 -4.03433 17.275
    endloop
  endfacet
  facet normal 0 -0.442607 -0.896716
    outer loop
      vertex 14.6 -2.72318 18.7701
      vertex 19.1 -2.6 18.7093
      vertex 19.1 -2.72318 18.7701
    endloop
  endfacet
  facet normal -0 -0.442607 -0.896716
    outer loop
      vertex 19.1 -2.6 18.7093
      vertex 14.6 -2.72318 18.7701
      vertex 14.6 -2.6 18.7093
    endloop
  endfacet
  facet normal 0 0.831456 0.55559
    outer loop
      vertex 19.1 -3.95802 17.1608
      vertex 14.6 -4.03433 17.275
      vertex 19.1 -4.03433 17.275
    endloop
  endfacet
  facet normal 0 0.831456 0.55559
    outer loop
      vertex 14.6 -4.03433 17.275
      vertex 19.1 -3.95802 17.1608
      vertex 14.6 -3.95802 17.1608
    endloop
  endfacet
  facet normal 0 0.659113 -0.752044
    outer loop
      vertex 14.6 -3.86746 18.5425
      vertex 19.1 -3.7642 18.633
      vertex 19.1 -3.86746 18.5425
    endloop
  endfacet
  facet normal 0 0.659113 -0.752044
    outer loop
      vertex 19.1 -3.7642 18.633
      vertex 14.6 -3.86746 18.5425
      vertex 14.6 -3.7642 18.633
    endloop
  endfacet
  facet normal 0 -0.831456 0.55559
    outer loop
      vertex 14.6 -2.29198 17.1608
      vertex 19.1 -2.21567 17.275
      vertex 14.6 -2.21567 17.275
    endloop
  endfacet
  facet normal 0 -0.831456 0.55559
    outer loop
      vertex 19.1 -2.21567 17.275
      vertex 14.6 -2.29198 17.1608
      vertex 19.1 -2.29198 17.1608
    endloop
  endfacet
  facet normal -0 0.195122 0.980779
    outer loop
      vertex 14.6 -3.26205 16.759
      vertex 19.1 -3.39676 16.7858
      vertex 19.1 -3.26205 16.759
    endloop
  endfacet
  facet normal 0 0.195122 0.980779
    outer loop
      vertex 19.1 -3.39676 16.7858
      vertex 14.6 -3.26205 16.759
      vertex 14.6 -3.39676 16.7858
    endloop
  endfacet
  facet normal -0 0.321117 0.94704
    outer loop
      vertex 14.6 -3.39676 16.7858
      vertex 19.1 -3.52682 16.8299
      vertex 19.1 -3.39676 16.7858
    endloop
  endfacet
  facet normal 0 0.321117 0.94704
    outer loop
      vertex 19.1 -3.52682 16.8299
      vertex 14.6 -3.39676 16.7858
      vertex 14.6 -3.52682 16.8299
    endloop
  endfacet
  facet normal 0 -0.55554 -0.83149
    outer loop
      vertex 14.6 -2.6 18.7093
      vertex 19.1 -2.4858 18.633
      vertex 19.1 -2.6 18.7093
    endloop
  endfacet
  facet normal -0 -0.55554 -0.83149
    outer loop
      vertex 19.1 -2.4858 18.633
      vertex 14.6 -2.6 18.7093
      vertex 14.6 -2.4858 18.633
    endloop
  endfacet
  facet normal 0 -0.831456 -0.55559
    outer loop
      vertex 14.6 -2.21567 18.325
      vertex 19.1 -2.29198 18.4392
      vertex 14.6 -2.29198 18.4392
    endloop
  endfacet
  facet normal 0 -0.831456 -0.55559
    outer loop
      vertex 19.1 -2.29198 18.4392
      vertex 14.6 -2.21567 18.325
      vertex 19.1 -2.21567 18.325
    endloop
  endfacet
  facet normal 0 -0.997862 -0.0653596
    outer loop
      vertex 14.6 -2.075 17.8
      vertex 19.1 -2.08398 17.9371
      vertex 14.6 -2.08398 17.9371
    endloop
  endfacet
  facet normal 0 -0.997862 -0.0653596
    outer loop
      vertex 19.1 -2.08398 17.9371
      vertex 14.6 -2.075 17.8
      vertex 19.1 -2.075 17.8
    endloop
  endfacet
  facet normal 0 -0.195122 -0.980779
    outer loop
      vertex 14.6 -2.98795 18.841
      vertex 19.1 -2.85324 18.8142
      vertex 19.1 -2.98795 18.841
    endloop
  endfacet
  facet normal -0 -0.195122 -0.980779
    outer loop
      vertex 19.1 -2.85324 18.8142
      vertex 14.6 -2.98795 18.841
      vertex 14.6 -2.85324 18.8142
    endloop
  endfacet
  facet normal 0 0.980776 -0.195136
    outer loop
      vertex 19.1 -4.16602 17.9371
      vertex 14.6 -4.13922 18.0718
      vertex 19.1 -4.13922 18.0718
    endloop
  endfacet
  facet normal 0 0.980776 -0.195136
    outer loop
      vertex 14.6 -4.13922 18.0718
      vertex 19.1 -4.16602 17.9371
      vertex 14.6 -4.16602 17.9371
    endloop
  endfacet
  facet normal 0 0.946884 0.321576
    outer loop
      vertex 19.1 -4.09507 17.3982
      vertex 14.6 -4.13922 17.5282
      vertex 19.1 -4.13922 17.5282
    endloop
  endfacet
  facet normal 0 0.946884 0.321576
    outer loop
      vertex 14.6 -4.13922 17.5282
      vertex 19.1 -4.09507 17.3982
      vertex 14.6 -4.09507 17.3982
    endloop
  endfacet
  facet normal -0 0.659113 0.752044
    outer loop
      vertex 14.6 -3.7642 16.967
      vertex 19.1 -3.86746 17.0575
      vertex 19.1 -3.7642 16.967
    endloop
  endfacet
  facet normal 0 0.659113 0.752044
    outer loop
      vertex 19.1 -3.86746 17.0575
      vertex 14.6 -3.7642 16.967
      vertex 14.6 -3.86746 17.0575
    endloop
  endfacet
  facet normal 0 -0.946884 -0.321576
    outer loop
      vertex 14.6 -2.11078 18.0718
      vertex 19.1 -2.15493 18.2018
      vertex 14.6 -2.15493 18.2018
    endloop
  endfacet
  facet normal 0 -0.946884 -0.321576
    outer loop
      vertex 19.1 -2.15493 18.2018
      vertex 14.6 -2.11078 18.0718
      vertex 19.1 -2.11078 18.0718
    endloop
  endfacet
  facet normal 0 0.0655283 -0.997851
    outer loop
      vertex 14.6 -3.26205 18.841
      vertex 19.1 -3.125 18.85
      vertex 19.1 -3.26205 18.841
    endloop
  endfacet
  facet normal 0 0.0655283 -0.997851
    outer loop
      vertex 19.1 -3.125 18.85
      vertex 14.6 -3.26205 18.841
      vertex 14.6 -3.125 18.85
    endloop
  endfacet
  facet normal 0 0.896918 -0.442198
    outer loop
      vertex 19.1 -4.09507 18.2018
      vertex 14.6 -4.03433 18.325
      vertex 19.1 -4.03433 18.325
    endloop
  endfacet
  facet normal 0 0.896918 -0.442198
    outer loop
      vertex 14.6 -4.03433 18.325
      vertex 19.1 -4.09507 18.2018
      vertex 14.6 -4.09507 18.2018
    endloop
  endfacet
  facet normal 0 -0.896918 0.442198
    outer loop
      vertex 14.6 -2.21567 17.275
      vertex 19.1 -2.15493 17.3982
      vertex 14.6 -2.15493 17.3982
    endloop
  endfacet
  facet normal 0 -0.896918 0.442198
    outer loop
      vertex 19.1 -2.15493 17.3982
      vertex 14.6 -2.21567 17.275
      vertex 19.1 -2.21567 17.275
    endloop
  endfacet
  facet normal 0 -0.195122 0.980779
    outer loop
      vertex 14.6 -2.85324 16.7858
      vertex 19.1 -2.98795 16.759
      vertex 19.1 -2.85324 16.7858
    endloop
  endfacet
  facet normal 0 -0.195122 0.980779
    outer loop
      vertex 19.1 -2.98795 16.759
      vertex 14.6 -2.85324 16.7858
      vertex 14.6 -2.98795 16.759
    endloop
  endfacet
  facet normal 0 -0.980776 -0.195136
    outer loop
      vertex 14.6 -2.08398 17.9371
      vertex 19.1 -2.11078 18.0718
      vertex 14.6 -2.11078 18.0718
    endloop
  endfacet
  facet normal 0 -0.980776 -0.195136
    outer loop
      vertex 19.1 -2.11078 18.0718
      vertex 14.6 -2.08398 17.9371
      vertex 19.1 -2.08398 17.9371
    endloop
  endfacet
  facet normal -0 0.0655283 0.997851
    outer loop
      vertex 14.6 -3.125 16.75
      vertex 19.1 -3.26205 16.759
      vertex 19.1 -3.125 16.75
    endloop
  endfacet
  facet normal 0 0.0655283 0.997851
    outer loop
      vertex 19.1 -3.26205 16.759
      vertex 14.6 -3.125 16.75
      vertex 14.6 -3.26205 16.759
    endloop
  endfacet
  facet normal 0 0.442607 -0.896716
    outer loop
      vertex 14.6 -3.65 18.7093
      vertex 19.1 -3.52682 18.7701
      vertex 19.1 -3.65 18.7093
    endloop
  endfacet
  facet normal 0 0.442607 -0.896716
    outer loop
      vertex 19.1 -3.52682 18.7701
      vertex 14.6 -3.65 18.7093
      vertex 14.6 -3.52682 18.7701
    endloop
  endfacet
  facet normal 0 -0.946884 0.321576
    outer loop
      vertex 14.6 -2.15493 17.3982
      vertex 19.1 -2.11078 17.5282
      vertex 14.6 -2.11078 17.5282
    endloop
  endfacet
  facet normal 0 -0.946884 0.321576
    outer loop
      vertex 19.1 -2.11078 17.5282
      vertex 14.6 -2.15493 17.3982
      vertex 19.1 -2.15493 17.3982
    endloop
  endfacet
  facet normal -0 0.442607 0.896716
    outer loop
      vertex 14.6 -3.52682 16.8299
      vertex 19.1 -3.65 16.8907
      vertex 19.1 -3.52682 16.8299
    endloop
  endfacet
  facet normal 0 0.442607 0.896716
    outer loop
      vertex 19.1 -3.65 16.8907
      vertex 14.6 -3.52682 16.8299
      vertex 14.6 -3.65 16.8907
    endloop
  endfacet
  facet normal 0 0.55554 -0.83149
    outer loop
      vertex 14.6 -3.7642 18.633
      vertex 19.1 -3.65 18.7093
      vertex 19.1 -3.7642 18.633
    endloop
  endfacet
  facet normal 0 0.55554 -0.83149
    outer loop
      vertex 19.1 -3.65 18.7093
      vertex 14.6 -3.7642 18.633
      vertex 14.6 -3.65 18.7093
    endloop
  endfacet
  facet normal 0 0.831456 -0.55559
    outer loop
      vertex 19.1 -4.03433 18.325
      vertex 14.6 -3.95802 18.4392
      vertex 19.1 -3.95802 18.4392
    endloop
  endfacet
  facet normal 0 0.831456 -0.55559
    outer loop
      vertex 14.6 -3.95802 18.4392
      vertex 19.1 -4.03433 18.325
      vertex 14.6 -4.03433 18.325
    endloop
  endfacet
  facet normal 0 -0.0655283 0.997851
    outer loop
      vertex 14.6 -2.98795 16.759
      vertex 19.1 -3.125 16.75
      vertex 19.1 -2.98795 16.759
    endloop
  endfacet
  facet normal 0 -0.0655283 0.997851
    outer loop
      vertex 19.1 -3.125 16.75
      vertex 14.6 -2.98795 16.759
      vertex 14.6 -3.125 16.75
    endloop
  endfacet
  facet normal 0 0.997862 -0.0653596
    outer loop
      vertex 19.1 -4.175 17.8
      vertex 14.6 -4.16602 17.9371
      vertex 19.1 -4.16602 17.9371
    endloop
  endfacet
  facet normal 0 0.997862 -0.0653596
    outer loop
      vertex 14.6 -4.16602 17.9371
      vertex 19.1 -4.175 17.8
      vertex 14.6 -4.175 17.8
    endloop
  endfacet
  facet normal 0 -0.55554 0.83149
    outer loop
      vertex 14.6 -2.4858 16.967
      vertex 19.1 -2.6 16.8907
      vertex 19.1 -2.4858 16.967
    endloop
  endfacet
  facet normal 0 -0.55554 0.83149
    outer loop
      vertex 19.1 -2.6 16.8907
      vertex 14.6 -2.4858 16.967
      vertex 14.6 -2.6 16.8907
    endloop
  endfacet
  facet normal -0 0.55554 0.83149
    outer loop
      vertex 14.6 -3.65 16.8907
      vertex 19.1 -3.7642 16.967
      vertex 19.1 -3.65 16.8907
    endloop
  endfacet
  facet normal 0 0.55554 0.83149
    outer loop
      vertex 19.1 -3.7642 16.967
      vertex 14.6 -3.65 16.8907
      vertex 14.6 -3.7642 16.967
    endloop
  endfacet
  facet normal 0 0.997862 0.0653596
    outer loop
      vertex 19.1 -4.16602 17.6629
      vertex 14.6 -4.175 17.8
      vertex 19.1 -4.175 17.8
    endloop
  endfacet
  facet normal 0 0.997862 0.0653596
    outer loop
      vertex 14.6 -4.175 17.8
      vertex 19.1 -4.16602 17.6629
      vertex 14.6 -4.16602 17.6629
    endloop
  endfacet
  facet normal 0 -0.442607 0.896716
    outer loop
      vertex 14.6 -2.6 16.8907
      vertex 19.1 -2.72318 16.8299
      vertex 19.1 -2.6 16.8907
    endloop
  endfacet
  facet normal 0 -0.442607 0.896716
    outer loop
      vertex 19.1 -2.72318 16.8299
      vertex 14.6 -2.6 16.8907
      vertex 14.6 -2.72318 16.8299
    endloop
  endfacet
  facet normal 0 0.751954 -0.659215
    outer loop
      vertex 19.1 -3.95802 18.4392
      vertex 14.6 -3.86746 18.5425
      vertex 19.1 -3.86746 18.5425
    endloop
  endfacet
  facet normal 0 0.751954 -0.659215
    outer loop
      vertex 14.6 -3.86746 18.5425
      vertex 19.1 -3.95802 18.4392
      vertex 14.6 -3.95802 18.4392
    endloop
  endfacet
  facet normal -1 0 0
    outer loop
      vertex 19.1 -2.08398 17.6629
      vertex 19.1 -2.08398 17.9371
      vertex 19.1 -2.075 17.8
    endloop
  endfacet
  facet normal -1 0 0
    outer loop
      vertex 19.1 -2.11078 17.5282
      vertex 19.1 -2.08398 17.9371
      vertex 19.1 -2.08398 17.6629
    endloop
  endfacet
  facet normal -1 0 0
    outer loop
      vertex 19.1 -2.11078 17.5282
      vertex 19.1 -2.11078 18.0718
      vertex 19.1 -2.08398 17.9371
    endloop
  endfacet
  facet normal -1 0 0
    outer loop
      vertex 19.1 -2.15493 17.3982
      vertex 19.1 -2.11078 18.0718
      vertex 19.1 -2.11078 17.5282
    endloop
  endfacet
  facet normal -1 0 0
    outer loop
      vertex 19.1 -2.15493 17.3982
      vertex 19.1 -2.15493 18.2018
      vertex 19.1 -2.11078 18.0718
    endloop
  endfacet
  facet normal -1 0 0
    outer loop
      vertex 19.1 -2.21567 17.275
      vertex 19.1 -2.15493 18.2018
      vertex 19.1 -2.15493 17.3982
    endloop
  endfacet
  facet normal -1 0 0
    outer loop
      vertex 19.1 -2.21567 17.275
      vertex 19.1 -2.21567 18.325
      vertex 19.1 -2.15493 18.2018
    endloop
  endfacet
  facet normal -1 0 0
    outer loop
      vertex 19.1 -2.29198 17.1608
      vertex 19.1 -2.21567 18.325
      vertex 19.1 -2.21567 17.275
    endloop
  endfacet
  facet normal -1 0 0
    outer loop
      vertex 19.1 -2.29198 17.1608
      vertex 19.1 -2.29198 18.4392
      vertex 19.1 -2.21567 18.325
    endloop
  endfacet
  facet normal -1 0 0
    outer loop
      vertex 19.1 -2.38254 17.0575
      vertex 19.1 -2.29198 18.4392
      vertex 19.1 -2.29198 17.1608
    endloop
  endfacet
  facet normal -1 0 0
    outer loop
      vertex 19.1 -2.38254 17.0575
      vertex 19.1 -2.38254 18.5425
      vertex 19.1 -2.29198 18.4392
    endloop
  endfacet
  facet normal -1 0 0
    outer loop
      vertex 19.1 -2.4858 16.967
      vertex 19.1 -2.38254 18.5425
      vertex 19.1 -2.38254 17.0575
    endloop
  endfacet
  facet normal -1 0 0
    outer loop
      vertex 19.1 -2.4858 16.967
      vertex 19.1 -2.4858 18.633
      vertex 19.1 -2.38254 18.5425
    endloop
  endfacet
  facet normal -1 0 0
    outer loop
      vertex 19.1 -2.6 16.8907
      vertex 19.1 -2.4858 18.633
      vertex 19.1 -2.4858 16.967
    endloop
  endfacet
  facet normal -1 0 0
    outer loop
      vertex 19.1 -2.6 16.8907
      vertex 19.1 -2.6 18.7093
      vertex 19.1 -2.4858 18.633
    endloop
  endfacet
  facet normal -1 0 0
    outer loop
      vertex 19.1 -2.72318 16.8299
      vertex 19.1 -2.6 18.7093
      vertex 19.1 -2.6 16.8907
    endloop
  endfacet
  facet normal -1 0 0
    outer loop
      vertex 19.1 -2.72318 16.8299
      vertex 19.1 -2.72318 18.7701
      vertex 19.1 -2.6 18.7093
    endloop
  endfacet
  facet normal -1 0 0
    outer loop
      vertex 19.1 -2.85324 16.7858
      vertex 19.1 -2.72318 18.7701
      vertex 19.1 -2.72318 16.8299
    endloop
  endfacet
  facet normal -1 0 0
    outer loop
      vertex 19.1 -2.85324 16.7858
      vertex 19.1 -2.85324 18.8142
      vertex 19.1 -2.72318 18.7701
    endloop
  endfacet
  facet normal -1 0 0
    outer loop
      vertex 19.1 -2.98795 16.759
      vertex 19.1 -2.85324 18.8142
      vertex 19.1 -2.85324 16.7858
    endloop
  endfacet
  facet normal -1 0 0
    outer loop
      vertex 19.1 -2.98795 16.759
      vertex 19.1 -2.98795 18.841
      vertex 19.1 -2.85324 18.8142
    endloop
  endfacet
  facet normal -1 0 0
    outer loop
      vertex 19.1 -3.125 16.75
      vertex 19.1 -2.98795 18.841
      vertex 19.1 -2.98795 16.759
    endloop
  endfacet
  facet normal -1 0 0
    outer loop
      vertex 19.1 -3.125 16.75
      vertex 19.1 -3.125 18.85
      vertex 19.1 -2.98795 18.841
    endloop
  endfacet
  facet normal -1 0 0
    outer loop
      vertex 19.1 -3.26205 16.759
      vertex 19.1 -3.125 18.85
      vertex 19.1 -3.125 16.75
    endloop
  endfacet
  facet normal -1 0 0
    outer loop
      vertex 19.1 -3.26205 16.759
      vertex 19.1 -3.26205 18.841
      vertex 19.1 -3.125 18.85
    endloop
  endfacet
  facet normal -1 0 0
    outer loop
      vertex 19.1 -3.39676 16.7858
      vertex 19.1 -3.26205 18.841
      vertex 19.1 -3.26205 16.759
    endloop
  endfacet
  facet normal -1 0 0
    outer loop
      vertex 19.1 -3.39676 16.7858
      vertex 19.1 -3.39676 18.8142
      vertex 19.1 -3.26205 18.841
    endloop
  endfacet
  facet normal -1 0 0
    outer loop
      vertex 19.1 -3.52682 16.8299
      vertex 19.1 -3.39676 18.8142
      vertex 19.1 -3.39676 16.7858
    endloop
  endfacet
  facet normal -1 0 0
    outer loop
      vertex 19.1 -3.52682 16.8299
      vertex 19.1 -3.52682 18.7701
      vertex 19.1 -3.39676 18.8142
    endloop
  endfacet
  facet normal -1 0 0
    outer loop
      vertex 19.1 -3.65 16.8907
      vertex 19.1 -3.52682 18.7701
      vertex 19.1 -3.52682 16.8299
    endloop
  endfacet
  facet normal -1 0 0
    outer loop
      vertex 19.1 -3.65 16.8907
      vertex 19.1 -3.65 18.7093
      vertex 19.1 -3.52682 18.7701
    endloop
  endfacet
  facet normal -1 0 0
    outer loop
      vertex 19.1 -3.7642 16.967
      vertex 19.1 -3.65 18.7093
      vertex 19.1 -3.65 16.8907
    endloop
  endfacet
  facet normal -1 0 0
    outer loop
      vertex 19.1 -3.7642 16.967
      vertex 19.1 -3.7642 18.633
      vertex 19.1 -3.65 18.7093
    endloop
  endfacet
  facet normal -1 0 0
    outer loop
      vertex 19.1 -3.86746 17.0575
      vertex 19.1 -3.7642 18.633
      vertex 19.1 -3.7642 16.967
    endloop
  endfacet
  facet normal -1 0 0
    outer loop
      vertex 19.1 -3.86746 17.0575
      vertex 19.1 -3.86746 18.5425
      vertex 19.1 -3.7642 18.633
    endloop
  endfacet
  facet normal -1 0 0
    outer loop
      vertex 19.1 -3.95802 17.1608
      vertex 19.1 -3.86746 18.5425
      vertex 19.1 -3.86746 17.0575
    endloop
  endfacet
  facet normal -1 0 0
    outer loop
      vertex 19.1 -3.95802 17.1608
      vertex 19.1 -3.95802 18.4392
      vertex 19.1 -3.86746 18.5425
    endloop
  endfacet
  facet normal -1 0 0
    outer loop
      vertex 19.1 -4.03433 17.275
      vertex 19.1 -3.95802 18.4392
      vertex 19.1 -3.95802 17.1608
    endloop
  endfacet
  facet normal -1 0 0
    outer loop
      vertex 19.1 -4.03433 17.275
      vertex 19.1 -4.03433 18.325
      vertex 19.1 -3.95802 18.4392
    endloop
  endfacet
  facet normal -1 0 0
    outer loop
      vertex 19.1 -4.09507 17.3982
      vertex 19.1 -4.03433 18.325
      vertex 19.1 -4.03433 17.275
    endloop
  endfacet
  facet normal -1 0 0
    outer loop
      vertex 19.1 -4.09507 17.3982
      vertex 19.1 -4.09507 18.2018
      vertex 19.1 -4.03433 18.325
    endloop
  endfacet
  facet normal -1 0 0
    outer loop
      vertex 19.1 -4.13922 17.5282
      vertex 19.1 -4.09507 18.2018
      vertex 19.1 -4.09507 17.3982
    endloop
  endfacet
  facet normal -1 0 0
    outer loop
      vertex 19.1 -4.13922 17.5282
      vertex 19.1 -4.13922 18.0718
      vertex 19.1 -4.09507 18.2018
    endloop
  endfacet
  facet normal -1 0 0
    outer loop
      vertex 19.1 -4.16602 17.6629
      vertex 19.1 -4.13922 18.0718
      vertex 19.1 -4.13922 17.5282
    endloop
  endfacet
  facet normal -1 0 0
    outer loop
      vertex 19.1 -4.16602 17.6629
      vertex 19.1 -4.16602 17.9371
      vertex 19.1 -4.13922 18.0718
    endloop
  endfacet
  facet normal -1 0 -0
    outer loop
      vertex 19.1 -4.16602 17.9371
      vertex 19.1 -4.16602 17.6629
      vertex 19.1 -4.175 17.8
    endloop
  endfacet
  facet normal 0 -0.321117 -0.94704
    outer loop
      vertex 14.6 3.54676 18.8142
      vertex 19.1 3.67682 18.7701
      vertex 19.1 3.54676 18.8142
    endloop
  endfacet
  facet normal -0 -0.321117 -0.94704
    outer loop
      vertex 19.1 3.67682 18.7701
      vertex 14.6 3.54676 18.8142
      vertex 14.6 3.67682 18.7701
    endloop
  endfacet
  facet normal -0 0.321117 0.94704
    outer loop
      vertex 14.6 3.00324 16.7858
      vertex 19.1 2.87318 16.8299
      vertex 19.1 3.00324 16.7858
    endloop
  endfacet
  facet normal 0 0.321117 0.94704
    outer loop
      vertex 19.1 2.87318 16.8299
      vertex 14.6 3.00324 16.7858
      vertex 14.6 2.87318 16.8299
    endloop
  endfacet
  facet normal 0 -0.442607 0.896716
    outer loop
      vertex 14.6 3.8 16.8907
      vertex 19.1 3.67682 16.8299
      vertex 19.1 3.8 16.8907
    endloop
  endfacet
  facet normal 0 -0.442607 0.896716
    outer loop
      vertex 19.1 3.67682 16.8299
      vertex 14.6 3.8 16.8907
      vertex 14.6 3.67682 16.8299
    endloop
  endfacet
  facet normal 0 0.195122 -0.980779
    outer loop
      vertex 14.6 3.00324 18.8142
      vertex 19.1 3.13795 18.841
      vertex 19.1 3.00324 18.8142
    endloop
  endfacet
  facet normal 0 0.195122 -0.980779
    outer loop
      vertex 19.1 3.13795 18.841
      vertex 14.6 3.00324 18.8142
      vertex 14.6 3.13795 18.841
    endloop
  endfacet
  facet normal 0 0.321117 -0.94704
    outer loop
      vertex 14.6 2.87318 18.7701
      vertex 19.1 3.00324 18.8142
      vertex 19.1 2.87318 18.7701
    endloop
  endfacet
  facet normal 0 0.321117 -0.94704
    outer loop
      vertex 19.1 3.00324 18.8142
      vertex 14.6 2.87318 18.7701
      vertex 14.6 3.00324 18.8142
    endloop
  endfacet
  facet normal 0 -0.659113 0.752044
    outer loop
      vertex 14.6 4.01746 17.0575
      vertex 19.1 3.9142 16.967
      vertex 19.1 4.01746 17.0575
    endloop
  endfacet
  facet normal 0 -0.659113 0.752044
    outer loop
      vertex 19.1 3.9142 16.967
      vertex 14.6 4.01746 17.0575
      vertex 14.6 3.9142 16.967
    endloop
  endfacet
  facet normal 0 -0.997862 -0.0653596
    outer loop
      vertex 14.6 4.325 17.8
      vertex 19.1 4.31602 17.9371
      vertex 14.6 4.31602 17.9371
    endloop
  endfacet
  facet normal 0 -0.997862 -0.0653596
    outer loop
      vertex 19.1 4.31602 17.9371
      vertex 14.6 4.325 17.8
      vertex 19.1 4.325 17.8
    endloop
  endfacet
  facet normal 0 -0.0655283 -0.997851
    outer loop
      vertex 14.6 3.275 18.85
      vertex 19.1 3.41205 18.841
      vertex 19.1 3.275 18.85
    endloop
  endfacet
  facet normal -0 -0.0655283 -0.997851
    outer loop
      vertex 19.1 3.41205 18.841
      vertex 14.6 3.275 18.85
      vertex 14.6 3.41205 18.841
    endloop
  endfacet
  facet normal 0 0.896918 0.442198
    outer loop
      vertex 19.1 2.36567 17.275
      vertex 14.6 2.30493 17.3982
      vertex 19.1 2.30493 17.3982
    endloop
  endfacet
  facet normal 0 0.896918 0.442198
    outer loop
      vertex 14.6 2.30493 17.3982
      vertex 19.1 2.36567 17.275
      vertex 14.6 2.36567 17.275
    endloop
  endfacet
  facet normal 0 0.751954 0.659215
    outer loop
      vertex 19.1 2.53254 17.0575
      vertex 14.6 2.44198 17.1608
      vertex 19.1 2.44198 17.1608
    endloop
  endfacet
  facet normal 0 0.751954 0.659215
    outer loop
      vertex 14.6 2.44198 17.1608
      vertex 19.1 2.53254 17.0575
      vertex 14.6 2.53254 17.0575
    endloop
  endfacet
  facet normal 0 0.997862 0.0653596
    outer loop
      vertex 19.1 2.23398 17.6629
      vertex 14.6 2.225 17.8
      vertex 19.1 2.225 17.8
    endloop
  endfacet
  facet normal 0 0.997862 0.0653596
    outer loop
      vertex 14.6 2.225 17.8
      vertex 19.1 2.23398 17.6629
      vertex 14.6 2.23398 17.6629
    endloop
  endfacet
  facet normal -0 0.55554 0.83149
    outer loop
      vertex 14.6 2.75 16.8907
      vertex 19.1 2.6358 16.967
      vertex 19.1 2.75 16.8907
    endloop
  endfacet
  facet normal 0 0.55554 0.83149
    outer loop
      vertex 19.1 2.6358 16.967
      vertex 14.6 2.75 16.8907
      vertex 14.6 2.6358 16.967
    endloop
  endfacet
  facet normal 0 0.980776 -0.195136
    outer loop
      vertex 19.1 2.23398 17.9371
      vertex 14.6 2.26078 18.0718
      vertex 19.1 2.26078 18.0718
    endloop
  endfacet
  facet normal 0 0.980776 -0.195136
    outer loop
      vertex 14.6 2.26078 18.0718
      vertex 19.1 2.23398 17.9371
      vertex 14.6 2.23398 17.9371
    endloop
  endfacet
  facet normal 0 -0.896918 -0.442198
    outer loop
      vertex 14.6 4.24507 18.2018
      vertex 19.1 4.18433 18.325
      vertex 14.6 4.18433 18.325
    endloop
  endfacet
  facet normal 0 -0.896918 -0.442198
    outer loop
      vertex 19.1 4.18433 18.325
      vertex 14.6 4.24507 18.2018
      vertex 19.1 4.24507 18.2018
    endloop
  endfacet
  facet normal -0 0.0655283 0.997851
    outer loop
      vertex 14.6 3.275 16.75
      vertex 19.1 3.13795 16.759
      vertex 19.1 3.275 16.75
    endloop
  endfacet
  facet normal 0 0.0655283 0.997851
    outer loop
      vertex 19.1 3.13795 16.759
      vertex 14.6 3.275 16.75
      vertex 14.6 3.13795 16.759
    endloop
  endfacet
  facet normal 0 -0.997862 0.0653596
    outer loop
      vertex 14.6 4.31602 17.6629
      vertex 19.1 4.325 17.8
      vertex 14.6 4.325 17.8
    endloop
  endfacet
  facet normal 0 -0.997862 0.0653596
    outer loop
      vertex 19.1 4.325 17.8
      vertex 14.6 4.31602 17.6629
      vertex 19.1 4.31602 17.6629
    endloop
  endfacet
  facet normal 0 0.946884 -0.321576
    outer loop
      vertex 19.1 2.26078 18.0718
      vertex 14.6 2.30493 18.2018
      vertex 19.1 2.30493 18.2018
    endloop
  endfacet
  facet normal 0 0.946884 -0.321576
    outer loop
      vertex 14.6 2.30493 18.2018
      vertex 19.1 2.26078 18.0718
      vertex 14.6 2.26078 18.0718
    endloop
  endfacet
  facet normal 0 -0.946884 0.321576
    outer loop
      vertex 14.6 4.24507 17.3982
      vertex 19.1 4.28922 17.5282
      vertex 14.6 4.28922 17.5282
    endloop
  endfacet
  facet normal 0 -0.946884 0.321576
    outer loop
      vertex 19.1 4.28922 17.5282
      vertex 14.6 4.24507 17.3982
      vertex 19.1 4.24507 17.3982
    endloop
  endfacet
  facet normal 0 -0.442607 -0.896716
    outer loop
      vertex 14.6 3.67682 18.7701
      vertex 19.1 3.8 18.7093
      vertex 19.1 3.67682 18.7701
    endloop
  endfacet
  facet normal -0 -0.442607 -0.896716
    outer loop
      vertex 19.1 3.8 18.7093
      vertex 14.6 3.67682 18.7701
      vertex 14.6 3.8 18.7093
    endloop
  endfacet
  facet normal 0 -0.946884 -0.321576
    outer loop
      vertex 14.6 4.28922 18.0718
      vertex 19.1 4.24507 18.2018
      vertex 14.6 4.24507 18.2018
    endloop
  endfacet
  facet normal 0 -0.946884 -0.321576
    outer loop
      vertex 19.1 4.24507 18.2018
      vertex 14.6 4.28922 18.0718
      vertex 19.1 4.28922 18.0718
    endloop
  endfacet
  facet normal -0 0.195122 0.980779
    outer loop
      vertex 14.6 3.13795 16.759
      vertex 19.1 3.00324 16.7858
      vertex 19.1 3.13795 16.759
    endloop
  endfacet
  facet normal 0 0.195122 0.980779
    outer loop
      vertex 19.1 3.00324 16.7858
      vertex 14.6 3.13795 16.759
      vertex 14.6 3.00324 16.7858
    endloop
  endfacet
  facet normal 0 -0.55554 0.83149
    outer loop
      vertex 14.6 3.9142 16.967
      vertex 19.1 3.8 16.8907
      vertex 19.1 3.9142 16.967
    endloop
  endfacet
  facet normal 0 -0.55554 0.83149
    outer loop
      vertex 19.1 3.8 16.8907
      vertex 14.6 3.9142 16.967
      vertex 14.6 3.8 16.8907
    endloop
  endfacet
  facet normal 0 0.831456 0.55559
    outer loop
      vertex 19.1 2.44198 17.1608
      vertex 14.6 2.36567 17.275
      vertex 19.1 2.36567 17.275
    endloop
  endfacet
  facet normal 0 0.831456 0.55559
    outer loop
      vertex 14.6 2.36567 17.275
      vertex 19.1 2.44198 17.1608
      vertex 14.6 2.44198 17.1608
    endloop
  endfacet
  facet normal 0 0.896918 -0.442198
    outer loop
      vertex 19.1 2.30493 18.2018
      vertex 14.6 2.36567 18.325
      vertex 19.1 2.36567 18.325
    endloop
  endfacet
  facet normal 0 0.896918 -0.442198
    outer loop
      vertex 14.6 2.36567 18.325
      vertex 19.1 2.30493 18.2018
      vertex 14.6 2.30493 18.2018
    endloop
  endfacet
  facet normal 0 0.831456 -0.55559
    outer loop
      vertex 19.1 2.36567 18.325
      vertex 14.6 2.44198 18.4392
      vertex 19.1 2.44198 18.4392
    endloop
  endfacet
  facet normal 0 0.831456 -0.55559
    outer loop
      vertex 14.6 2.44198 18.4392
      vertex 19.1 2.36567 18.325
      vertex 14.6 2.36567 18.325
    endloop
  endfacet
  facet normal 0 0.0655283 -0.997851
    outer loop
      vertex 14.6 3.13795 18.841
      vertex 19.1 3.275 18.85
      vertex 19.1 3.13795 18.841
    endloop
  endfacet
  facet normal 0 0.0655283 -0.997851
    outer loop
      vertex 19.1 3.275 18.85
      vertex 14.6 3.13795 18.841
      vertex 14.6 3.275 18.85
    endloop
  endfacet
  facet normal 0 -0.55554 -0.83149
    outer loop
      vertex 14.6 3.8 18.7093
      vertex 19.1 3.9142 18.633
      vertex 19.1 3.8 18.7093
    endloop
  endfacet
  facet normal -0 -0.55554 -0.83149
    outer loop
      vertex 19.1 3.9142 18.633
      vertex 14.6 3.8 18.7093
      vertex 14.6 3.9142 18.633
    endloop
  endfacet
  facet normal 0 -0.751954 -0.659215
    outer loop
      vertex 14.6 4.10802 18.4392
      vertex 19.1 4.01746 18.5425
      vertex 14.6 4.01746 18.5425
    endloop
  endfacet
  facet normal 0 -0.751954 -0.659215
    outer loop
      vertex 19.1 4.01746 18.5425
      vertex 14.6 4.10802 18.4392
      vertex 19.1 4.10802 18.4392
    endloop
  endfacet
  facet normal 0 -0.896918 0.442198
    outer loop
      vertex 14.6 4.18433 17.275
      vertex 19.1 4.24507 17.3982
      vertex 14.6 4.24507 17.3982
    endloop
  endfacet
  facet normal 0 -0.896918 0.442198
    outer loop
      vertex 19.1 4.24507 17.3982
      vertex 14.6 4.18433 17.275
      vertex 19.1 4.18433 17.275
    endloop
  endfacet
  facet normal 0 -0.751954 0.659215
    outer loop
      vertex 14.6 4.01746 17.0575
      vertex 19.1 4.10802 17.1608
      vertex 14.6 4.10802 17.1608
    endloop
  endfacet
  facet normal 0 -0.751954 0.659215
    outer loop
      vertex 19.1 4.10802 17.1608
      vertex 14.6 4.01746 17.0575
      vertex 19.1 4.01746 17.0575
    endloop
  endfacet
  facet normal 0 0.55554 -0.83149
    outer loop
      vertex 14.6 2.6358 18.633
      vertex 19.1 2.75 18.7093
      vertex 19.1 2.6358 18.633
    endloop
  endfacet
  facet normal 0 0.55554 -0.83149
    outer loop
      vertex 19.1 2.75 18.7093
      vertex 14.6 2.6358 18.633
      vertex 14.6 2.75 18.7093
    endloop
  endfacet
  facet normal 0 -0.831456 -0.55559
    outer loop
      vertex 14.6 4.18433 18.325
      vertex 19.1 4.10802 18.4392
      vertex 14.6 4.10802 18.4392
    endloop
  endfacet
  facet normal 0 -0.831456 -0.55559
    outer loop
      vertex 19.1 4.10802 18.4392
      vertex 14.6 4.18433 18.325
      vertex 19.1 4.18433 18.325
    endloop
  endfacet
  facet normal 0 -0.195122 -0.980779
    outer loop
      vertex 14.6 3.41205 18.841
      vertex 19.1 3.54676 18.8142
      vertex 19.1 3.41205 18.841
    endloop
  endfacet
  facet normal -0 -0.195122 -0.980779
    outer loop
      vertex 19.1 3.54676 18.8142
      vertex 14.6 3.41205 18.841
      vertex 14.6 3.54676 18.8142
    endloop
  endfacet
  facet normal 0 -0.980776 0.195136
    outer loop
      vertex 14.6 4.28922 17.5282
      vertex 19.1 4.31602 17.6629
      vertex 14.6 4.31602 17.6629
    endloop
  endfacet
  facet normal 0 -0.980776 0.195136
    outer loop
      vertex 19.1 4.31602 17.6629
      vertex 14.6 4.28922 17.5282
      vertex 19.1 4.28922 17.5282
    endloop
  endfacet
  facet normal 0 0.442607 -0.896716
    outer loop
      vertex 14.6 2.75 18.7093
      vertex 19.1 2.87318 18.7701
      vertex 19.1 2.75 18.7093
    endloop
  endfacet
  facet normal 0 0.442607 -0.896716
    outer loop
      vertex 19.1 2.87318 18.7701
      vertex 14.6 2.75 18.7093
      vertex 14.6 2.87318 18.7701
    endloop
  endfacet
  facet normal -0 0.442607 0.896716
    outer loop
      vertex 14.6 2.87318 16.8299
      vertex 19.1 2.75 16.8907
      vertex 19.1 2.87318 16.8299
    endloop
  endfacet
  facet normal 0 0.442607 0.896716
    outer loop
      vertex 19.1 2.75 16.8907
      vertex 14.6 2.87318 16.8299
      vertex 14.6 2.75 16.8907
    endloop
  endfacet
  facet normal 0 -0.195122 0.980779
    outer loop
      vertex 14.6 3.54676 16.7858
      vertex 19.1 3.41205 16.759
      vertex 19.1 3.54676 16.7858
    endloop
  endfacet
  facet normal 0 -0.195122 0.980779
    outer loop
      vertex 19.1 3.41205 16.759
      vertex 14.6 3.54676 16.7858
      vertex 14.6 3.41205 16.759
    endloop
  endfacet
  facet normal 0 0.659113 -0.752044
    outer loop
      vertex 14.6 2.53254 18.5425
      vertex 19.1 2.6358 18.633
      vertex 19.1 2.53254 18.5425
    endloop
  endfacet
  facet normal 0 0.659113 -0.752044
    outer loop
      vertex 19.1 2.6358 18.633
      vertex 14.6 2.53254 18.5425
      vertex 14.6 2.6358 18.633
    endloop
  endfacet
  facet normal 0 -0.831456 0.55559
    outer loop
      vertex 14.6 4.10802 17.1608
      vertex 19.1 4.18433 17.275
      vertex 14.6 4.18433 17.275
    endloop
  endfacet
  facet normal 0 -0.831456 0.55559
    outer loop
      vertex 19.1 4.18433 17.275
      vertex 14.6 4.10802 17.1608
      vertex 19.1 4.10802 17.1608
    endloop
  endfacet
  facet normal 0 -0.0655283 0.997851
    outer loop
      vertex 14.6 3.41205 16.759
      vertex 19.1 3.275 16.75
      vertex 19.1 3.41205 16.759
    endloop
  endfacet
  facet normal 0 -0.0655283 0.997851
    outer loop
      vertex 19.1 3.275 16.75
      vertex 14.6 3.41205 16.759
      vertex 14.6 3.275 16.75
    endloop
  endfacet
  facet normal 0 0.946884 0.321576
    outer loop
      vertex 19.1 2.30493 17.3982
      vertex 14.6 2.26078 17.5282
      vertex 19.1 2.26078 17.5282
    endloop
  endfacet
  facet normal 0 0.946884 0.321576
    outer loop
      vertex 14.6 2.26078 17.5282
      vertex 19.1 2.30493 17.3982
      vertex 14.6 2.30493 17.3982
    endloop
  endfacet
  facet normal 0 -0.321117 0.94704
    outer loop
      vertex 14.6 3.67682 16.8299
      vertex 19.1 3.54676 16.7858
      vertex 19.1 3.67682 16.8299
    endloop
  endfacet
  facet normal 0 -0.321117 0.94704
    outer loop
      vertex 19.1 3.54676 16.7858
      vertex 14.6 3.67682 16.8299
      vertex 14.6 3.54676 16.7858
    endloop
  endfacet
  facet normal 0 0.980776 0.195136
    outer loop
      vertex 19.1 2.26078 17.5282
      vertex 14.6 2.23398 17.6629
      vertex 19.1 2.23398 17.6629
    endloop
  endfacet
  facet normal 0 0.980776 0.195136
    outer loop
      vertex 14.6 2.23398 17.6629
      vertex 19.1 2.26078 17.5282
      vertex 14.6 2.26078 17.5282
    endloop
  endfacet
  facet normal 0 0.751954 -0.659215
    outer loop
      vertex 19.1 2.44198 18.4392
      vertex 14.6 2.53254 18.5425
      vertex 19.1 2.53254 18.5425
    endloop
  endfacet
  facet normal 0 0.751954 -0.659215
    outer loop
      vertex 14.6 2.53254 18.5425
      vertex 19.1 2.44198 18.4392
      vertex 14.6 2.44198 18.4392
    endloop
  endfacet
  facet normal 0 -0.980776 -0.195136
    outer loop
      vertex 14.6 4.31602 17.9371
      vertex 19.1 4.28922 18.0718
      vertex 14.6 4.28922 18.0718
    endloop
  endfacet
  facet normal 0 -0.980776 -0.195136
    outer loop
      vertex 19.1 4.28922 18.0718
      vertex 14.6 4.31602 17.9371
      vertex 19.1 4.31602 17.9371
    endloop
  endfacet
  facet normal 0 -0.659113 -0.752044
    outer loop
      vertex 14.6 3.9142 18.633
      vertex 19.1 4.01746 18.5425
      vertex 19.1 3.9142 18.633
    endloop
  endfacet
  facet normal -0 -0.659113 -0.752044
    outer loop
      vertex 19.1 4.01746 18.5425
      vertex 14.6 3.9142 18.633
      vertex 14.6 4.01746 18.5425
    endloop
  endfacet
  facet normal 0 0.997862 -0.0653596
    outer loop
      vertex 19.1 2.225 17.8
      vertex 14.6 2.23398 17.9371
      vertex 19.1 2.23398 17.9371
    endloop
  endfacet
  facet normal 0 0.997862 -0.0653596
    outer loop
      vertex 14.6 2.23398 17.9371
      vertex 19.1 2.225 17.8
      vertex 14.6 2.225 17.8
    endloop
  endfacet
  facet normal -0 0.659113 0.752044
    outer loop
      vertex 14.6 2.6358 16.967
      vertex 19.1 2.53254 17.0575
      vertex 19.1 2.6358 16.967
    endloop
  endfacet
  facet normal 0 0.659113 0.752044
    outer loop
      vertex 19.1 2.53254 17.0575
      vertex 14.6 2.6358 16.967
      vertex 14.6 2.53254 17.0575
    endloop
  endfacet
  facet normal -1 0 0
    outer loop
      vertex 19.1 4.31602 17.6629
      vertex 19.1 4.31602 17.9371
      vertex 19.1 4.325 17.8
    endloop
  endfacet
  facet normal -1 0 0
    outer loop
      vertex 19.1 4.28922 17.5282
      vertex 19.1 4.31602 17.9371
      vertex 19.1 4.31602 17.6629
    endloop
  endfacet
  facet normal -1 0 0
    outer loop
      vertex 19.1 4.28922 17.5282
      vertex 19.1 4.28922 18.0718
      vertex 19.1 4.31602 17.9371
    endloop
  endfacet
  facet normal -1 0 0
    outer loop
      vertex 19.1 4.24507 17.3982
      vertex 19.1 4.28922 18.0718
      vertex 19.1 4.28922 17.5282
    endloop
  endfacet
  facet normal -1 0 0
    outer loop
      vertex 19.1 4.24507 17.3982
      vertex 19.1 4.24507 18.2018
      vertex 19.1 4.28922 18.0718
    endloop
  endfacet
  facet normal -1 0 0
    outer loop
      vertex 19.1 4.18433 17.275
      vertex 19.1 4.24507 18.2018
      vertex 19.1 4.24507 17.3982
    endloop
  endfacet
  facet normal -1 0 0
    outer loop
      vertex 19.1 4.18433 17.275
      vertex 19.1 4.18433 18.325
      vertex 19.1 4.24507 18.2018
    endloop
  endfacet
  facet normal -1 0 0
    outer loop
      vertex 19.1 4.10802 17.1608
      vertex 19.1 4.18433 18.325
      vertex 19.1 4.18433 17.275
    endloop
  endfacet
  facet normal -1 0 0
    outer loop
      vertex 19.1 4.10802 17.1608
      vertex 19.1 4.10802 18.4392
      vertex 19.1 4.18433 18.325
    endloop
  endfacet
  facet normal -1 0 0
    outer loop
      vertex 19.1 4.01746 17.0575
      vertex 19.1 4.10802 18.4392
      vertex 19.1 4.10802 17.1608
    endloop
  endfacet
  facet normal -1 0 0
    outer loop
      vertex 19.1 4.01746 17.0575
      vertex 19.1 4.01746 18.5425
      vertex 19.1 4.10802 18.4392
    endloop
  endfacet
  facet normal -1 0 0
    outer loop
      vertex 19.1 3.9142 16.967
      vertex 19.1 4.01746 18.5425
      vertex 19.1 4.01746 17.0575
    endloop
  endfacet
  facet normal -1 0 0
    outer loop
      vertex 19.1 3.9142 16.967
      vertex 19.1 3.9142 18.633
      vertex 19.1 4.01746 18.5425
    endloop
  endfacet
  facet normal -1 0 0
    outer loop
      vertex 19.1 3.8 16.8907
      vertex 19.1 3.9142 18.633
      vertex 19.1 3.9142 16.967
    endloop
  endfacet
  facet normal -1 0 0
    outer loop
      vertex 19.1 3.8 16.8907
      vertex 19.1 3.8 18.7093
      vertex 19.1 3.9142 18.633
    endloop
  endfacet
  facet normal -1 0 0
    outer loop
      vertex 19.1 3.67682 16.8299
      vertex 19.1 3.8 18.7093
      vertex 19.1 3.8 16.8907
    endloop
  endfacet
  facet normal -1 0 0
    outer loop
      vertex 19.1 3.67682 16.8299
      vertex 19.1 3.67682 18.7701
      vertex 19.1 3.8 18.7093
    endloop
  endfacet
  facet normal -1 0 0
    outer loop
      vertex 19.1 3.54676 16.7858
      vertex 19.1 3.67682 18.7701
      vertex 19.1 3.67682 16.8299
    endloop
  endfacet
  facet normal -1 0 0
    outer loop
      vertex 19.1 3.54676 16.7858
      vertex 19.1 3.54676 18.8142
      vertex 19.1 3.67682 18.7701
    endloop
  endfacet
  facet normal -1 0 0
    outer loop
      vertex 19.1 3.41205 16.759
      vertex 19.1 3.54676 18.8142
      vertex 19.1 3.54676 16.7858
    endloop
  endfacet
  facet normal -1 0 0
    outer loop
      vertex 19.1 3.41205 16.759
      vertex 19.1 3.41205 18.841
      vertex 19.1 3.54676 18.8142
    endloop
  endfacet
  facet normal -1 0 0
    outer loop
      vertex 19.1 3.275 16.75
      vertex 19.1 3.41205 18.841
      vertex 19.1 3.41205 16.759
    endloop
  endfacet
  facet normal -1 0 0
    outer loop
      vertex 19.1 3.275 16.75
      vertex 19.1 3.275 18.85
      vertex 19.1 3.41205 18.841
    endloop
  endfacet
  facet normal -1 0 0
    outer loop
      vertex 19.1 3.13795 16.759
      vertex 19.1 3.275 18.85
      vertex 19.1 3.275 16.75
    endloop
  endfacet
  facet normal -1 0 0
    outer loop
      vertex 19.1 3.13795 16.759
      vertex 19.1 3.13795 18.841
      vertex 19.1 3.275 18.85
    endloop
  endfacet
  facet normal -1 0 0
    outer loop
      vertex 19.1 3.00324 16.7858
      vertex 19.1 3.13795 18.841
      vertex 19.1 3.13795 16.759
    endloop
  endfacet
  facet normal -1 0 0
    outer loop
      vertex 19.1 3.00324 16.7858
      vertex 19.1 3.00324 18.8142
      vertex 19.1 3.13795 18.841
    endloop
  endfacet
  facet normal -1 0 0
    outer loop
      vertex 19.1 2.87318 16.8299
      vertex 19.1 3.00324 18.8142
      vertex 19.1 3.00324 16.7858
    endloop
  endfacet
  facet normal -1 0 0
    outer loop
      vertex 19.1 2.87318 16.8299
      vertex 19.1 2.87318 18.7701
      vertex 19.1 3.00324 18.8142
    endloop
  endfacet
  facet normal -1 0 0
    outer loop
      vertex 19.1 2.75 16.8907
      vertex 19.1 2.87318 18.7701
      vertex 19.1 2.87318 16.8299
    endloop
  endfacet
  facet normal -1 0 0
    outer loop
      vertex 19.1 2.75 16.8907
      vertex 19.1 2.75 18.7093
      vertex 19.1 2.87318 18.7701
    endloop
  endfacet
  facet normal -1 0 0
    outer loop
      vertex 19.1 2.6358 16.967
      vertex 19.1 2.75 18.7093
      vertex 19.1 2.75 16.8907
    endloop
  endfacet
  facet normal -1 0 0
    outer loop
      vertex 19.1 2.6358 16.967
      vertex 19.1 2.6358 18.633
      vertex 19.1 2.75 18.7093
    endloop
  endfacet
  facet normal -1 0 0
    outer loop
      vertex 19.1 2.53254 17.0575
      vertex 19.1 2.6358 18.633
      vertex 19.1 2.6358 16.967
    endloop
  endfacet
  facet normal -1 0 0
    outer loop
      vertex 19.1 2.53254 17.0575
      vertex 19.1 2.53254 18.5425
      vertex 19.1 2.6358 18.633
    endloop
  endfacet
  facet normal -1 0 0
    outer loop
      vertex 19.1 2.44198 17.1608
      vertex 19.1 2.53254 18.5425
      vertex 19.1 2.53254 17.0575
    endloop
  endfacet
  facet normal -1 0 0
    outer loop
      vertex 19.1 2.44198 17.1608
      vertex 19.1 2.44198 18.4392
      vertex 19.1 2.53254 18.5425
    endloop
  endfacet
  facet normal -1 0 0
    outer loop
      vertex 19.1 2.36567 17.275
      vertex 19.1 2.44198 18.4392
      vertex 19.1 2.44198 17.1608
    endloop
  endfacet
  facet normal -1 0 0
    outer loop
      vertex 19.1 2.36567 17.275
      vertex 19.1 2.36567 18.325
      vertex 19.1 2.44198 18.4392
    endloop
  endfacet
  facet normal -1 0 0
    outer loop
      vertex 19.1 2.30493 17.3982
      vertex 19.1 2.36567 18.325
      vertex 19.1 2.36567 17.275
    endloop
  endfacet
  facet normal -1 0 0
    outer loop
      vertex 19.1 2.30493 17.3982
      vertex 19.1 2.30493 18.2018
      vertex 19.1 2.36567 18.325
    endloop
  endfacet
  facet normal -1 0 0
    outer loop
      vertex 19.1 2.26078 17.5282
      vertex 19.1 2.30493 18.2018
      vertex 19.1 2.30493 17.3982
    endloop
  endfacet
  facet normal -1 0 0
    outer loop
      vertex 19.1 2.26078 17.5282
      vertex 19.1 2.26078 18.0718
      vertex 19.1 2.30493 18.2018
    endloop
  endfacet
  facet normal -1 0 0
    outer loop
      vertex 19.1 2.23398 17.6629
      vertex 19.1 2.26078 18.0718
      vertex 19.1 2.26078 17.5282
    endloop
  endfacet
  facet normal -1 0 0
    outer loop
      vertex 19.1 2.23398 17.6629
      vertex 19.1 2.23398 17.9371
      vertex 19.1 2.26078 18.0718
    endloop
  endfacet
  facet normal -1 0 -0
    outer loop
      vertex 19.1 2.23398 17.9371
      vertex 19.1 2.23398 17.6629
      vertex 19.1 2.225 17.8
    endloop
  endfacet
  facet normal 0 0 -1
    outer loop
      vertex 18.6 -8.125 -8
      vertex 20.8 7.875 -8
      vertex 20.8 -8.125 -8
    endloop
  endfacet
  facet normal -0 0 -1
    outer loop
      vertex 20.8 7.875 -8
      vertex 18.6 -8.125 -8
      vertex 18.6 7.875 -8
    endloop
  endfacet
  facet normal -0 0 1
    outer loop
      vertex 17.6 7.875 -24
      vertex 20.8 -8.125 -24
      vertex 20.8 7.875 -24
    endloop
  endfacet
  facet normal 0 0 1
    outer loop
      vertex 20.8 -8.125 -24
      vertex 17.6 7.875 -24
      vertex 17.6 -8.125 -24
    endloop
  endfacet
  facet normal 1 0 0
    outer loop
      vertex 17.6 -8 -22.5
      vertex 17.6 7.875 -20.5703
      vertex 17.6 -8 -20.5703
    endloop
  endfacet
  facet normal 1 0 0
    outer loop
      vertex 17.6 7.875 -20.5703
      vertex 17.6 -8 -22.5
      vertex 17.6 7.875 -24
    endloop
  endfacet
  facet normal 1 0 0
    outer loop
      vertex 17.6 -8.125 -24
      vertex 17.6 -8 -22.5
      vertex 17.6 -8.125 -22.5
    endloop
  endfacet
  facet normal 1 0 0
    outer loop
      vertex 17.6 -8 -22.5
      vertex 17.6 -8.125 -24
      vertex 17.6 7.875 -24
    endloop
  endfacet
  facet normal 0 -1 0
    outer loop
      vertex 17.6 7.875 -24
      vertex 17.8438 7.875 -20.7332
      vertex 17.6 7.875 -20.5703
    endloop
  endfacet
  facet normal 0 -1 -0
    outer loop
      vertex 17.8438 7.875 -20.7332
      vertex 17.6 7.875 -24
      vertex 18.3355 7.875 -21.1645
    endloop
  endfacet
  facet normal 0 -1 -0
    outer loop
      vertex 18.3355 7.875 -21.1645
      vertex 17.6 7.875 -24
      vertex 18.6 7.875 -21.466
    endloop
  endfacet
  facet normal 0 -1 0
    outer loop
      vertex 18.6 7.875 -21.466
      vertex 20.8 7.875 -8
      vertex 18.6 7.875 -8
    endloop
  endfacet
  facet normal 0 -1 0
    outer loop
      vertex 18.6 7.875 -21.466
      vertex 20.8 7.875 -24
      vertex 20.8 7.875 -8
    endloop
  endfacet
  facet normal 0 -1 0
    outer loop
      vertex 20.8 7.875 -24
      vertex 18.6 7.875 -21.466
      vertex 17.6 7.875 -24
    endloop
  endfacet
  facet normal 0 1 0
    outer loop
      vertex 20.8 -8.125 -8
      vertex 18.6 -8.125 -22.5
      vertex 18.6 -8.125 -8
    endloop
  endfacet
  facet normal 0 1 -0
    outer loop
      vertex 20.8 -8.125 -24
      vertex 18.6 -8.125 -22.5
      vertex 20.8 -8.125 -8
    endloop
  endfacet
  facet normal 0 1 0
    outer loop
      vertex 17.6 -8.125 -24
      vertex 18.6 -8.125 -22.5
      vertex 20.8 -8.125 -24
    endloop
  endfacet
  facet normal 0 1 0
    outer loop
      vertex 18.6 -8.125 -22.5
      vertex 17.6 -8.125 -24
      vertex 17.6 -8.125 -22.5
    endloop
  endfacet
  facet normal -1 0 0
    outer loop
      vertex 17.1 -5 22.5
      vertex 17.1 5 24.7
      vertex 17.1 5 22.5
    endloop
  endfacet
  facet normal -1 -0 0
    outer loop
      vertex 17.1 5 24.7
      vertex 17.1 -5 22.5
      vertex 17.1 -5 24.7
    endloop
  endfacet
  facet normal 1 -0 0
    outer loop
      vertex 12.1 -5 24.7
      vertex 12.1 5 22.5
      vertex 12.1 5 24.7
    endloop
  endfacet
  facet normal 1 0 0
    outer loop
      vertex 12.1 5 22.5
      vertex 12.1 -5 24.7
      vertex 12.1 -5 22.5
    endloop
  endfacet
  facet normal 0 -1 0
    outer loop
      vertex 12.1 5 22.5
      vertex 17.1 5 24.7
      vertex 12.1 5 24.7
    endloop
  endfacet
  facet normal 0 -1 -0
    outer loop
      vertex 17.1 5 24.7
      vertex 12.1 5 22.5
      vertex 17.1 5 22.5
    endloop
  endfacet
  facet normal 0 1 -0
    outer loop
      vertex 17.1 -5 22.5
      vertex 12.1 -5 24.7
      vertex 17.1 -5 24.7
    endloop
  endfacet
  facet normal 0 1 0
    outer loop
      vertex 12.1 -5 24.7
      vertex 17.1 -5 22.5
      vertex 12.1 -5 22.5
    endloop
  endfacet
  facet normal -0.98077 0 -0.195165
    outer loop
      vertex 16.4855 -9 -24.4781
      vertex 16.4421 9 -24.26
      vertex 16.4855 9 -24.4781
    endloop
  endfacet
  facet normal -0.98077 -0 -0.195165
    outer loop
      vertex 16.4421 9 -24.26
      vertex 16.4855 -9 -24.4781
      vertex 16.4421 -9 -24.26
    endloop
  endfacet
  facet normal -0.997872 0 -0.0652057
    outer loop
      vertex 16.5 8 -24.7
      vertex 16.4855 9 -24.4781
      vertex 16.5 9 -24.7
    endloop
  endfacet
  facet normal -0.997872 0 -0.0652057
    outer loop
      vertex 16.5 -8 -24.7
      vertex 16.4855 9 -24.4781
      vertex 16.5 8 -24.7
    endloop
  endfacet
  facet normal -0.997872 0 -0.0652057
    outer loop
      vertex 16.4855 -9 -24.4781
      vertex 16.5 -8 -24.7
      vertex 16.5 -9 -24.7
    endloop
  endfacet
  facet normal -0.997872 0 -0.0652057
    outer loop
      vertex 16.5 -8 -24.7
      vertex 16.4855 -9 -24.4781
      vertex 16.4855 9 -24.4781
    endloop
  endfacet
  facet normal 0.555426 0 -0.831566
    outer loop
      vertex 13.7651 -9 -23.3513
      vertex 13.95 9 -23.2278
      vertex 13.95 -9 -23.2278
    endloop
  endfacet
  facet normal 0.555426 0 -0.831566
    outer loop
      vertex 13.95 9 -23.2278
      vertex 13.7651 -9 -23.3513
      vertex 13.7651 9 -23.3513
    endloop
  endfacet
  facet normal -0.555426 0 -0.831566
    outer loop
      vertex 15.65 -9 -23.2278
      vertex 15.8349 9 -23.3513
      vertex 15.8349 -9 -23.3513
    endloop
  endfacet
  facet normal -0.555426 0 -0.831566
    outer loop
      vertex 15.8349 9 -23.3513
      vertex 15.65 -9 -23.2278
      vertex 15.65 9 -23.2278
    endloop
  endfacet
  facet normal -0.946915 0 0.321484
    outer loop
      vertex 16.3706 -8 -25.3506
      vertex 16.4421 8 -25.14
      vertex 16.3706 8 -25.3506
    endloop
  endfacet
  facet normal -0.946915 0 0.321484
    outer loop
      vertex 16.4421 8 -25.14
      vertex 16.3706 -8 -25.3506
      vertex 16.4421 -8 -25.14
    endloop
  endfacet
  facet normal -0.659268 0 -0.751908
    outer loop
      vertex 15.8349 -9 -23.3513
      vertex 16.0021 9 -23.4979
      vertex 16.0021 -9 -23.4979
    endloop
  endfacet
  facet normal -0.659268 0 -0.751908
    outer loop
      vertex 16.0021 9 -23.4979
      vertex 15.8349 -9 -23.3513
      vertex 15.8349 9 -23.3513
    endloop
  endfacet
  facet normal 0.321484 0 -0.946915
    outer loop
      vertex 14.1494 -9 -23.1294
      vertex 14.36 9 -23.0579
      vertex 14.36 -9 -23.0579
    endloop
  endfacet
  facet normal 0.321484 0 -0.946915
    outer loop
      vertex 14.36 9 -23.0579
      vertex 14.1494 -9 -23.1294
      vertex 14.1494 9 -23.1294
    endloop
  endfacet
  facet normal 0.751908 0 -0.659268
    outer loop
      vertex 13.5979 -9 -23.4979
      vertex 13.4513 9 -23.6651
      vertex 13.5979 9 -23.4979
    endloop
  endfacet
  facet normal 0.751908 0 -0.659268
    outer loop
      vertex 13.4513 9 -23.6651
      vertex 13.5979 -9 -23.4979
      vertex 13.4513 -9 -23.6651
    endloop
  endfacet
  facet normal -0.831566 0 -0.555426
    outer loop
      vertex 16.2722 -9 -23.85
      vertex 16.1487 9 -23.6651
      vertex 16.2722 9 -23.85
    endloop
  endfacet
  facet normal -0.831566 -0 -0.555426
    outer loop
      vertex 16.1487 9 -23.6651
      vertex 16.2722 -9 -23.85
      vertex 16.1487 -9 -23.6651
    endloop
  endfacet
  facet normal -0.0652057 0 -0.997872
    outer loop
      vertex 14.8 -9 -23
      vertex 15.0219 9 -23.0145
      vertex 15.0219 -9 -23.0145
    endloop
  endfacet
  facet normal -0.0652057 0 -0.997872
    outer loop
      vertex 15.0219 9 -23.0145
      vertex 14.8 -9 -23
      vertex 14.8 9 -23
    endloop
  endfacet
  facet normal -0.555426 0 0.831566
    outer loop
      vertex 15.65 8 -26.1722
      vertex 15.8349 -8 -26.0487
      vertex 15.8349 8 -26.0487
    endloop
  endfacet
  facet normal -0.555426 0 0.831566
    outer loop
      vertex 15.8349 -8 -26.0487
      vertex 15.65 8 -26.1722
      vertex 15.65 -8 -26.1722
    endloop
  endfacet
  facet normal -0.946915 0 -0.321484
    outer loop
      vertex 16.4421 -9 -24.26
      vertex 16.3706 9 -24.0494
      vertex 16.4421 9 -24.26
    endloop
  endfacet
  facet normal -0.946915 -0 -0.321484
    outer loop
      vertex 16.3706 9 -24.0494
      vertex 16.4421 -9 -24.26
      vertex 16.3706 -9 -24.0494
    endloop
  endfacet
  facet normal 0.946915 0 -0.321484
    outer loop
      vertex 13.2294 -9 -24.0494
      vertex 13.1579 9 -24.26
      vertex 13.2294 9 -24.0494
    endloop
  endfacet
  facet normal 0.946915 0 -0.321484
    outer loop
      vertex 13.1579 9 -24.26
      vertex 13.2294 -9 -24.0494
      vertex 13.1579 -9 -24.26
    endloop
  endfacet
  facet normal -0.44253 0 -0.896754
    outer loop
      vertex 15.4506 -9 -23.1294
      vertex 15.65 9 -23.2278
      vertex 15.65 -9 -23.2278
    endloop
  endfacet
  facet normal -0.44253 0 -0.896754
    outer loop
      vertex 15.65 9 -23.2278
      vertex 15.4506 -9 -23.1294
      vertex 15.4506 9 -23.1294
    endloop
  endfacet
  facet normal 0.946915 -0 0.321484
    outer loop
      vertex 13.1579 -8 -25.14
      vertex 13.2294 8 -25.3506
      vertex 13.1579 8 -25.14
    endloop
  endfacet
  facet normal 0.946915 0 0.321484
    outer loop
      vertex 13.2294 8 -25.3506
      vertex 13.1579 -8 -25.14
      vertex 13.2294 -8 -25.3506
    endloop
  endfacet
  facet normal 0.751908 -0 0.659268
    outer loop
      vertex 13.4513 -8 -25.7349
      vertex 13.5979 8 -25.9021
      vertex 13.4513 8 -25.7349
    endloop
  endfacet
  facet normal 0.751908 0 0.659268
    outer loop
      vertex 13.5979 8 -25.9021
      vertex 13.4513 -8 -25.7349
      vertex 13.5979 -8 -25.9021
    endloop
  endfacet
  facet normal -0.195165 0 0.98077
    outer loop
      vertex 15.0219 8 -26.3855
      vertex 15.24 -8 -26.3421
      vertex 15.24 8 -26.3421
    endloop
  endfacet
  facet normal -0.195165 0 0.98077
    outer loop
      vertex 15.24 -8 -26.3421
      vertex 15.0219 8 -26.3855
      vertex 15.0219 -8 -26.3855
    endloop
  endfacet
  facet normal 0.831566 0 -0.555426
    outer loop
      vertex 13.4513 -9 -23.6651
      vertex 13.3278 9 -23.85
      vertex 13.4513 9 -23.6651
    endloop
  endfacet
  facet normal 0.831566 0 -0.555426
    outer loop
      vertex 13.3278 9 -23.85
      vertex 13.4513 -9 -23.6651
      vertex 13.3278 -9 -23.85
    endloop
  endfacet
  facet normal 0.195165 0 -0.98077
    outer loop
      vertex 14.36 -9 -23.0579
      vertex 14.5781 9 -23.0145
      vertex 14.5781 -9 -23.0145
    endloop
  endfacet
  facet normal 0.195165 0 -0.98077
    outer loop
      vertex 14.5781 9 -23.0145
      vertex 14.36 -9 -23.0579
      vertex 14.36 9 -23.0579
    endloop
  endfacet
  facet normal 0 1 0
    outer loop
      vertex 15.0219 -9 -23.0145
      vertex 14.5781 -9 -23.0145
      vertex 14.8 -9 -23
    endloop
  endfacet
  facet normal 0 1 0
    outer loop
      vertex 15.24 -9 -23.0579
      vertex 14.5781 -9 -23.0145
      vertex 15.0219 -9 -23.0145
    endloop
  endfacet
  facet normal 0 1 0
    outer loop
      vertex 15.24 -9 -23.0579
      vertex 14.36 -9 -23.0579
      vertex 14.5781 -9 -23.0145
    endloop
  endfacet
  facet normal 0 1 0
    outer loop
      vertex 15.4506 -9 -23.1294
      vertex 14.36 -9 -23.0579
      vertex 15.24 -9 -23.0579
    endloop
  endfacet
  facet normal 0 1 0
    outer loop
      vertex 15.4506 -9 -23.1294
      vertex 14.1494 -9 -23.1294
      vertex 14.36 -9 -23.0579
    endloop
  endfacet
  facet normal 0 1 0
    outer loop
      vertex 15.65 -9 -23.2278
      vertex 14.1494 -9 -23.1294
      vertex 15.4506 -9 -23.1294
    endloop
  endfacet
  facet normal 0 1 0
    outer loop
      vertex 15.65 -9 -23.2278
      vertex 13.95 -9 -23.2278
      vertex 14.1494 -9 -23.1294
    endloop
  endfacet
  facet normal 0 1 0
    outer loop
      vertex 15.8349 -9 -23.3513
      vertex 13.95 -9 -23.2278
      vertex 15.65 -9 -23.2278
    endloop
  endfacet
  facet normal 0 1 0
    outer loop
      vertex 15.8349 -9 -23.3513
      vertex 13.7651 -9 -23.3513
      vertex 13.95 -9 -23.2278
    endloop
  endfacet
  facet normal 0 1 0
    outer loop
      vertex 16.0021 -9 -23.4979
      vertex 13.7651 -9 -23.3513
      vertex 15.8349 -9 -23.3513
    endloop
  endfacet
  facet normal 0 1 0
    outer loop
      vertex 16.0021 -9 -23.4979
      vertex 13.5979 -9 -23.4979
      vertex 13.7651 -9 -23.3513
    endloop
  endfacet
  facet normal 0 1 0
    outer loop
      vertex 16.1487 -9 -23.6651
      vertex 13.5979 -9 -23.4979
      vertex 16.0021 -9 -23.4979
    endloop
  endfacet
  facet normal 0 1 0
    outer loop
      vertex 16.1487 -9 -23.6651
      vertex 13.4513 -9 -23.6651
      vertex 13.5979 -9 -23.4979
    endloop
  endfacet
  facet normal 0 1 0
    outer loop
      vertex 16.2722 -9 -23.85
      vertex 13.4513 -9 -23.6651
      vertex 16.1487 -9 -23.6651
    endloop
  endfacet
  facet normal 0 1 0
    outer loop
      vertex 16.2722 -9 -23.85
      vertex 13.3278 -9 -23.85
      vertex 13.4513 -9 -23.6651
    endloop
  endfacet
  facet normal 0 1 0
    outer loop
      vertex 16.3706 -9 -24.0494
      vertex 13.3278 -9 -23.85
      vertex 16.2722 -9 -23.85
    endloop
  endfacet
  facet normal 0 1 0
    outer loop
      vertex 16.3706 -9 -24.0494
      vertex 13.2294 -9 -24.0494
      vertex 13.3278 -9 -23.85
    endloop
  endfacet
  facet normal 0 1 0
    outer loop
      vertex 16.4421 -9 -24.26
      vertex 13.2294 -9 -24.0494
      vertex 16.3706 -9 -24.0494
    endloop
  endfacet
  facet normal 0 1 0
    outer loop
      vertex 16.4421 -9 -24.26
      vertex 13.1579 -9 -24.26
      vertex 13.2294 -9 -24.0494
    endloop
  endfacet
  facet normal 0 1 0
    outer loop
      vertex 16.4855 -9 -24.4781
      vertex 13.1579 -9 -24.26
      vertex 16.4421 -9 -24.26
    endloop
  endfacet
  facet normal 0 1 0
    outer loop
      vertex 16.4855 -9 -24.4781
      vertex 13.1145 -9 -24.4781
      vertex 13.1579 -9 -24.26
    endloop
  endfacet
  facet normal 0 1 0
    outer loop
      vertex 16.5 -9 -24.7
      vertex 13.1145 -9 -24.4781
      vertex 16.4855 -9 -24.4781
    endloop
  endfacet
  facet normal 0 1 0
    outer loop
      vertex 13.1145 -9 -24.4781
      vertex 16.5 -9 -24.7
      vertex 13.1 -9 -24.7
    endloop
  endfacet
  facet normal 0.321484 0 0.946915
    outer loop
      vertex 14.1494 8 -26.2706
      vertex 14.36 -8 -26.3421
      vertex 14.36 8 -26.3421
    endloop
  endfacet
  facet normal 0.321484 0 0.946915
    outer loop
      vertex 14.36 -8 -26.3421
      vertex 14.1494 8 -26.2706
      vertex 14.1494 -8 -26.2706
    endloop
  endfacet
  facet normal -0.195165 0 -0.98077
    outer loop
      vertex 15.0219 -9 -23.0145
      vertex 15.24 9 -23.0579
      vertex 15.24 -9 -23.0579
    endloop
  endfacet
  facet normal -0.195165 0 -0.98077
    outer loop
      vertex 15.24 9 -23.0579
      vertex 15.0219 -9 -23.0145
      vertex 15.0219 9 -23.0145
    endloop
  endfacet
  facet normal -0.831566 0 0.555426
    outer loop
      vertex 16.1487 -8 -25.7349
      vertex 16.2722 8 -25.55
      vertex 16.1487 8 -25.7349
    endloop
  endfacet
  facet normal -0.831566 0 0.555426
    outer loop
      vertex 16.2722 8 -25.55
      vertex 16.1487 -8 -25.7349
      vertex 16.2722 -8 -25.55
    endloop
  endfacet
  facet normal 0.0652057 0 -0.997872
    outer loop
      vertex 14.5781 -9 -23.0145
      vertex 14.8 9 -23
      vertex 14.8 -9 -23
    endloop
  endfacet
  facet normal 0.0652057 0 -0.997872
    outer loop
      vertex 14.8 9 -23
      vertex 14.5781 -9 -23.0145
      vertex 14.5781 9 -23.0145
    endloop
  endfacet
  facet normal 0.0652057 0 0.997872
    outer loop
      vertex 14.5781 8 -26.3855
      vertex 14.8 -8 -26.4
      vertex 14.8 8 -26.4
    endloop
  endfacet
  facet normal 0.0652057 0 0.997872
    outer loop
      vertex 14.8 -8 -26.4
      vertex 14.5781 8 -26.3855
      vertex 14.5781 -8 -26.3855
    endloop
  endfacet
  facet normal -0.321484 0 -0.946915
    outer loop
      vertex 15.24 -9 -23.0579
      vertex 15.4506 9 -23.1294
      vertex 15.4506 -9 -23.1294
    endloop
  endfacet
  facet normal -0.321484 0 -0.946915
    outer loop
      vertex 15.4506 9 -23.1294
      vertex 15.24 -9 -23.0579
      vertex 15.24 9 -23.0579
    endloop
  endfacet
  facet normal 0.44253 0 0.896754
    outer loop
      vertex 13.95 8 -26.1722
      vertex 14.1494 -8 -26.2706
      vertex 14.1494 8 -26.2706
    endloop
  endfacet
  facet normal 0.44253 0 0.896754
    outer loop
      vertex 14.1494 -8 -26.2706
      vertex 13.95 8 -26.1722
      vertex 13.95 -8 -26.1722
    endloop
  endfacet
  facet normal -0.98077 0 0.195165
    outer loop
      vertex 16.4421 -8 -25.14
      vertex 16.4855 8 -24.9219
      vertex 16.4421 8 -25.14
    endloop
  endfacet
  facet normal -0.98077 0 0.195165
    outer loop
      vertex 16.4855 8 -24.9219
      vertex 16.4421 -8 -25.14
      vertex 16.4855 -8 -24.9219
    endloop
  endfacet
  facet normal 0.896754 -0 0.44253
    outer loop
      vertex 13.2294 -8 -25.3506
      vertex 13.3278 8 -25.55
      vertex 13.2294 8 -25.3506
    endloop
  endfacet
  facet normal 0.896754 0 0.44253
    outer loop
      vertex 13.3278 8 -25.55
      vertex 13.2294 -8 -25.3506
      vertex 13.3278 -8 -25.55
    endloop
  endfacet
  facet normal -0.659268 0 0.751908
    outer loop
      vertex 15.8349 8 -26.0487
      vertex 16.0021 -8 -25.9021
      vertex 16.0021 8 -25.9021
    endloop
  endfacet
  facet normal -0.659268 0 0.751908
    outer loop
      vertex 16.0021 -8 -25.9021
      vertex 15.8349 8 -26.0487
      vertex 15.8349 -8 -26.0487
    endloop
  endfacet
  facet normal 0.44253 0 -0.896754
    outer loop
      vertex 13.95 -9 -23.2278
      vertex 14.1494 9 -23.1294
      vertex 14.1494 -9 -23.1294
    endloop
  endfacet
  facet normal 0.44253 0 -0.896754
    outer loop
      vertex 14.1494 9 -23.1294
      vertex 13.95 -9 -23.2278
      vertex 13.95 9 -23.2278
    endloop
  endfacet
  facet normal 0.997872 -0 0.0652057
    outer loop
      vertex 13.1 -8 -24.7
      vertex 13.1145 8 -24.9219
      vertex 13.1 8 -24.7
    endloop
  endfacet
  facet normal 0.997872 0 0.0652057
    outer loop
      vertex 13.1145 8 -24.9219
      vertex 13.1 -8 -24.7
      vertex 13.1145 -8 -24.9219
    endloop
  endfacet
  facet normal 0.195165 0 0.98077
    outer loop
      vertex 14.36 8 -26.3421
      vertex 14.5781 -8 -26.3855
      vertex 14.5781 8 -26.3855
    endloop
  endfacet
  facet normal 0.195165 0 0.98077
    outer loop
      vertex 14.5781 -8 -26.3855
      vertex 14.36 8 -26.3421
      vertex 14.36 -8 -26.3421
    endloop
  endfacet
  facet normal 0.555426 0 0.831566
    outer loop
      vertex 13.7651 8 -26.0487
      vertex 13.95 -8 -26.1722
      vertex 13.95 8 -26.1722
    endloop
  endfacet
  facet normal 0.555426 0 0.831566
    outer loop
      vertex 13.95 -8 -26.1722
      vertex 13.7651 8 -26.0487
      vertex 13.7651 -8 -26.0487
    endloop
  endfacet
  facet normal 0.98077 0 -0.195165
    outer loop
      vertex 13.1579 -9 -24.26
      vertex 13.1145 9 -24.4781
      vertex 13.1579 9 -24.26
    endloop
  endfacet
  facet normal 0.98077 0 -0.195165
    outer loop
      vertex 13.1145 9 -24.4781
      vertex 13.1579 -9 -24.26
      vertex 13.1145 -9 -24.4781
    endloop
  endfacet
  facet normal 0.831566 -0 0.555426
    outer loop
      vertex 13.3278 -8 -25.55
      vertex 13.4513 8 -25.7349
      vertex 13.3278 8 -25.55
    endloop
  endfacet
  facet normal 0.831566 0 0.555426
    outer loop
      vertex 13.4513 8 -25.7349
      vertex 13.3278 -8 -25.55
      vertex 13.4513 -8 -25.7349
    endloop
  endfacet
  facet normal -0.896754 0 -0.44253
    outer loop
      vertex 16.3706 -9 -24.0494
      vertex 16.2722 9 -23.85
      vertex 16.3706 9 -24.0494
    endloop
  endfacet
  facet normal -0.896754 -0 -0.44253
    outer loop
      vertex 16.2722 9 -23.85
      vertex 16.3706 -9 -24.0494
      vertex 16.2722 -9 -23.85
    endloop
  endfacet
  facet normal -0.896754 0 0.44253
    outer loop
      vertex 16.2722 -8 -25.55
      vertex 16.3706 8 -25.3506
      vertex 16.2722 8 -25.55
    endloop
  endfacet
  facet normal -0.896754 0 0.44253
    outer loop
      vertex 16.3706 8 -25.3506
      vertex 16.2722 -8 -25.55
      vertex 16.3706 -8 -25.3506
    endloop
  endfacet
  facet normal 0.98077 -0 0.195165
    outer loop
      vertex 13.1145 -8 -24.9219
      vertex 13.1579 8 -25.14
      vertex 13.1145 8 -24.9219
    endloop
  endfacet
  facet normal 0.98077 0 0.195165
    outer loop
      vertex 13.1579 8 -25.14
      vertex 13.1145 -8 -24.9219
      vertex 13.1579 -8 -25.14
    endloop
  endfacet
  facet normal 0.659268 0 0.751908
    outer loop
      vertex 13.5979 8 -25.9021
      vertex 13.7651 -8 -26.0487
      vertex 13.7651 8 -26.0487
    endloop
  endfacet
  facet normal 0.659268 0 0.751908
    outer loop
      vertex 13.7651 -8 -26.0487
      vertex 13.5979 8 -25.9021
      vertex 13.5979 -8 -25.9021
    endloop
  endfacet
  facet normal -0.751908 0 0.659268
    outer loop
      vertex 16.0021 -8 -25.9021
      vertex 16.1487 8 -25.7349
      vertex 16.0021 8 -25.9021
    endloop
  endfacet
  facet normal -0.751908 0 0.659268
    outer loop
      vertex 16.1487 8 -25.7349
      vertex 16.0021 -8 -25.9021
      vertex 16.1487 -8 -25.7349
    endloop
  endfacet
  facet normal -0.997872 0 0.0652057
    outer loop
      vertex 16.4855 -8 -24.9219
      vertex 16.5 8 -24.7
      vertex 16.4855 8 -24.9219
    endloop
  endfacet
  facet normal -0.997872 0 0.0652057
    outer loop
      vertex 16.5 8 -24.7
      vertex 16.4855 -8 -24.9219
      vertex 16.5 -8 -24.7
    endloop
  endfacet
  facet normal -0.0652057 0 0.997872
    outer loop
      vertex 14.8 8 -26.4
      vertex 15.0219 -8 -26.3855
      vertex 15.0219 8 -26.3855
    endloop
  endfacet
  facet normal -0.0652057 0 0.997872
    outer loop
      vertex 15.0219 -8 -26.3855
      vertex 14.8 8 -26.4
      vertex 14.8 -8 -26.4
    endloop
  endfacet
  facet normal -0.751908 0 -0.659268
    outer loop
      vertex 16.1487 -9 -23.6651
      vertex 16.0021 9 -23.4979
      vertex 16.1487 9 -23.6651
    endloop
  endfacet
  facet normal -0.751908 -0 -0.659268
    outer loop
      vertex 16.0021 9 -23.4979
      vertex 16.1487 -9 -23.6651
      vertex 16.0021 -9 -23.4979
    endloop
  endfacet
  facet normal 0.659268 0 -0.751908
    outer loop
      vertex 13.5979 -9 -23.4979
      vertex 13.7651 9 -23.3513
      vertex 13.7651 -9 -23.3513
    endloop
  endfacet
  facet normal 0.659268 0 -0.751908
    outer loop
      vertex 13.7651 9 -23.3513
      vertex 13.5979 -9 -23.4979
      vertex 13.5979 9 -23.4979
    endloop
  endfacet
  facet normal -0.44253 0 0.896754
    outer loop
      vertex 15.4506 8 -26.2706
      vertex 15.65 -8 -26.1722
      vertex 15.65 8 -26.1722
    endloop
  endfacet
  facet normal -0.44253 0 0.896754
    outer loop
      vertex 15.65 -8 -26.1722
      vertex 15.4506 8 -26.2706
      vertex 15.4506 -8 -26.2706
    endloop
  endfacet
  facet normal -0.321484 0 0.946915
    outer loop
      vertex 15.24 8 -26.3421
      vertex 15.4506 -8 -26.2706
      vertex 15.4506 8 -26.2706
    endloop
  endfacet
  facet normal -0.321484 0 0.946915
    outer loop
      vertex 15.4506 -8 -26.2706
      vertex 15.24 8 -26.3421
      vertex 15.24 -8 -26.3421
    endloop
  endfacet
  facet normal 0.896754 0 -0.44253
    outer loop
      vertex 13.3278 -9 -23.85
      vertex 13.2294 9 -24.0494
      vertex 13.3278 9 -23.85
    endloop
  endfacet
  facet normal 0.896754 0 -0.44253
    outer loop
      vertex 13.2294 9 -24.0494
      vertex 13.3278 -9 -23.85
      vertex 13.2294 -9 -24.0494
    endloop
  endfacet
  facet normal 0.997872 0 -0.0652057
    outer loop
      vertex 13.1145 9 -24.4781
      vertex 13.1 8 -24.7
      vertex 13.1 9 -24.7
    endloop
  endfacet
  facet normal 0.997872 0 -0.0652057
    outer loop
      vertex 13.1145 9 -24.4781
      vertex 13.1 -8 -24.7
      vertex 13.1 8 -24.7
    endloop
  endfacet
  facet normal 0.997872 0 -0.0652057
    outer loop
      vertex 13.1145 -9 -24.4781
      vertex 13.1 -8 -24.7
      vertex 13.1145 9 -24.4781
    endloop
  endfacet
  facet normal 0.997872 0 -0.0652057
    outer loop
      vertex 13.1 -8 -24.7
      vertex 13.1145 -9 -24.4781
      vertex 13.1 -9 -24.7
    endloop
  endfacet
  facet normal 0 -1 0
    outer loop
      vertex 14.5781 9 -23.0145
      vertex 15.0219 9 -23.0145
      vertex 14.8 9 -23
    endloop
  endfacet
  facet normal 0 -1 0
    outer loop
      vertex 14.36 9 -23.0579
      vertex 15.0219 9 -23.0145
      vertex 14.5781 9 -23.0145
    endloop
  endfacet
  facet normal 0 -1 0
    outer loop
      vertex 14.36 9 -23.0579
      vertex 15.24 9 -23.0579
      vertex 15.0219 9 -23.0145
    endloop
  endfacet
  facet normal 0 -1 0
    outer loop
      vertex 14.1494 9 -23.1294
      vertex 15.24 9 -23.0579
      vertex 14.36 9 -23.0579
    endloop
  endfacet
  facet normal 0 -1 0
    outer loop
      vertex 14.1494 9 -23.1294
      vertex 15.4506 9 -23.1294
      vertex 15.24 9 -23.0579
    endloop
  endfacet
  facet normal 0 -1 0
    outer loop
      vertex 13.95 9 -23.2278
      vertex 15.4506 9 -23.1294
      vertex 14.1494 9 -23.1294
    endloop
  endfacet
  facet normal 0 -1 0
    outer loop
      vertex 13.95 9 -23.2278
      vertex 15.65 9 -23.2278
      vertex 15.4506 9 -23.1294
    endloop
  endfacet
  facet normal 0 -1 0
    outer loop
      vertex 13.7651 9 -23.3513
      vertex 15.65 9 -23.2278
      vertex 13.95 9 -23.2278
    endloop
  endfacet
  facet normal 0 -1 0
    outer loop
      vertex 13.7651 9 -23.3513
      vertex 15.8349 9 -23.3513
      vertex 15.65 9 -23.2278
    endloop
  endfacet
  facet normal 0 -1 0
    outer loop
      vertex 13.5979 9 -23.4979
      vertex 15.8349 9 -23.3513
      vertex 13.7651 9 -23.3513
    endloop
  endfacet
  facet normal 0 -1 0
    outer loop
      vertex 13.5979 9 -23.4979
      vertex 16.0021 9 -23.4979
      vertex 15.8349 9 -23.3513
    endloop
  endfacet
  facet normal 0 -1 0
    outer loop
      vertex 13.4513 9 -23.6651
      vertex 16.0021 9 -23.4979
      vertex 13.5979 9 -23.4979
    endloop
  endfacet
  facet normal 0 -1 0
    outer loop
      vertex 13.4513 9 -23.6651
      vertex 16.1487 9 -23.6651
      vertex 16.0021 9 -23.4979
    endloop
  endfacet
  facet normal 0 -1 0
    outer loop
      vertex 13.3278 9 -23.85
      vertex 16.1487 9 -23.6651
      vertex 13.4513 9 -23.6651
    endloop
  endfacet
  facet normal 0 -1 0
    outer loop
      vertex 13.3278 9 -23.85
      vertex 16.2722 9 -23.85
      vertex 16.1487 9 -23.6651
    endloop
  endfacet
  facet normal 0 -1 0
    outer loop
      vertex 13.2294 9 -24.0494
      vertex 16.2722 9 -23.85
      vertex 13.3278 9 -23.85
    endloop
  endfacet
  facet normal 0 -1 0
    outer loop
      vertex 13.2294 9 -24.0494
      vertex 16.3706 9 -24.0494
      vertex 16.2722 9 -23.85
    endloop
  endfacet
  facet normal 0 -1 0
    outer loop
      vertex 13.1579 9 -24.26
      vertex 16.3706 9 -24.0494
      vertex 13.2294 9 -24.0494
    endloop
  endfacet
  facet normal 0 -1 0
    outer loop
      vertex 13.1579 9 -24.26
      vertex 16.4421 9 -24.26
      vertex 16.3706 9 -24.0494
    endloop
  endfacet
  facet normal 0 -1 0
    outer loop
      vertex 13.1145 9 -24.4781
      vertex 16.4421 9 -24.26
      vertex 13.1579 9 -24.26
    endloop
  endfacet
  facet normal 0 -1 0
    outer loop
      vertex 13.1145 9 -24.4781
      vertex 16.4855 9 -24.4781
      vertex 16.4421 9 -24.26
    endloop
  endfacet
  facet normal 0 -1 0
    outer loop
      vertex 13.1 9 -24.7
      vertex 16.4855 9 -24.4781
      vertex 13.1145 9 -24.4781
    endloop
  endfacet
  facet normal 0 -1 -0
    outer loop
      vertex 16.4855 9 -24.4781
      vertex 13.1 9 -24.7
      vertex 16.5 9 -24.7
    endloop
  endfacet
  facet normal -1 0 0
    outer loop
      vertex 4.2 -10 -24.7
      vertex 4.2 10 -22.5
      vertex 4.2 10 -24.7
    endloop
  endfacet
  facet normal -1 -0 0
    outer loop
      vertex 4.2 10 -22.5
      vertex 4.2 -10 -24.7
      vertex 4.2 -10 -22.5
    endloop
  endfacet
  facet normal 0 -1 0
    outer loop
      vertex 0 10 -24.7
      vertex 4.2 10 -22.5
      vertex 0 10 -22.5
    endloop
  endfacet
  facet normal 0 -1 -0
    outer loop
      vertex 4.2 10 -22.5
      vertex 0 10 -24.7
      vertex 4.2 10 -24.7
    endloop
  endfacet
  facet normal 0 1 -0
    outer loop
      vertex 4.2 -10 -24.7
      vertex 0 -10 -22.5
      vertex 4.2 -10 -22.5
    endloop
  endfacet
  facet normal 0 1 0
    outer loop
      vertex 0 -10 -22.5
      vertex 4.2 -10 -24.7
      vertex 0 -10 -24.7
    endloop
  endfacet
endsolid OpenSCAD_Model
