solid OpenSCAD_Model
  facet normal -0.989168 -0.146788 0
    outer loop
      vertex -32.3082 -20.4584 0
      vertex -32.3327 -20.2933 2.4
      vertex -32.3327 -20.2933 0
    endloop
  endfacet
  facet normal -0.989168 -0.146788 0
    outer loop
      vertex -32.3327 -20.2933 2.4
      vertex -32.3082 -20.4584 0
      vertex -32.3082 -20.4584 2.4
    endloop
  endfacet
  facet normal -0.998791 -0.0491602 0
    outer loop
      vertex -32.3 -20.625 0
      vertex -32.3082 -20.4584 2.4
      vertex -32.3082 -20.4584 0
    endloop
  endfacet
  facet normal -0.998791 -0.0491602 0
    outer loop
      vertex -32.3082 -20.4584 2.4
      vertex -32.3 -20.625 0
      vertex -32.3 -20.625 2.4
    endloop
  endfacet
  facet normal -0.970072 -0.242818 0
    outer loop
      vertex -32.3327 -20.2933 0
      vertex -32.3732 -20.1315 2.4
      vertex -32.3732 -20.1315 0
    endloop
  endfacet
  facet normal -0.970072 -0.242818 0
    outer loop
      vertex -32.3732 -20.1315 2.4
      vertex -32.3327 -20.2933 0
      vertex -32.3327 -20.2933 2.4
    endloop
  endfacet
  facet normal -0.427442 0.904043 0
    outer loop
      vertex -33.1986 -22.1243 0
      vertex -33.3494 -22.1956 2.4
      vertex -33.1986 -22.1243 2.4
    endloop
  endfacet
  facet normal -0.427442 0.904043 0
    outer loop
      vertex -33.3494 -22.1956 2.4
      vertex -33.1986 -22.1243 0
      vertex -33.3494 -22.1956 0
    endloop
  endfacet
  facet normal 0.0491602 -0.998791 0
    outer loop
      vertex -34.1666 -18.9332 0
      vertex -34 -18.925 2.4
      vertex -34.1666 -18.9332 2.4
    endloop
  endfacet
  facet normal 0.0491602 -0.998791 0
    outer loop
      vertex -34 -18.925 2.4
      vertex -34.1666 -18.9332 0
      vertex -34 -18.925 0
    endloop
  endfacet
  facet normal 0.427442 -0.904043 0
    outer loop
      vertex -34.8014 -19.1257 0
      vertex -34.6506 -19.0544 2.4
      vertex -34.8014 -19.1257 2.4
    endloop
  endfacet
  facet normal 0.427442 -0.904043 0
    outer loop
      vertex -34.6506 -19.0544 2.4
      vertex -34.8014 -19.1257 0
      vertex -34.6506 -19.0544 0
    endloop
  endfacet
  facet normal -0.741024 -0.671478 0
    outer loop
      vertex -32.6859 -19.5465 0
      vertex -32.7979 -19.4229 2.4
      vertex -32.7979 -19.4229 0
    endloop
  endfacet
  facet normal -0.741024 -0.671478 0
    outer loop
      vertex -32.7979 -19.4229 2.4
      vertex -32.6859 -19.5465 0
      vertex -32.6859 -19.5465 2.4
    endloop
  endfacet
  facet normal 0.146788 0.989168 -0
    outer loop
      vertex -34.1666 -22.3168 0
      vertex -34.3317 -22.2923 2.4
      vertex -34.1666 -22.3168 2.4
    endloop
  endfacet
  facet normal 0.146788 0.989168 0
    outer loop
      vertex -34.3317 -22.2923 2.4
      vertex -34.1666 -22.3168 0
      vertex -34.3317 -22.2923 0
    endloop
  endfacet
  facet normal -0.427442 -0.904043 0
    outer loop
      vertex -33.3494 -19.0544 0
      vertex -33.1986 -19.1257 2.4
      vertex -33.3494 -19.0544 2.4
    endloop
  endfacet
  facet normal -0.427442 -0.904043 -0
    outer loop
      vertex -33.1986 -19.1257 2.4
      vertex -33.3494 -19.0544 0
      vertex -33.1986 -19.1257 0
    endloop
  endfacet
  facet normal 0.146788 -0.989168 0
    outer loop
      vertex -34.3317 -18.9577 0
      vertex -34.1666 -18.9332 2.4
      vertex -34.3317 -18.9577 2.4
    endloop
  endfacet
  facet normal 0.146788 -0.989168 0
    outer loop
      vertex -34.1666 -18.9332 2.4
      vertex -34.3317 -18.9577 0
      vertex -34.1666 -18.9332 0
    endloop
  endfacet
  facet normal -0.242818 0.970072 0
    outer loop
      vertex -33.5065 -22.2518 0
      vertex -33.6683 -22.2923 2.4
      vertex -33.5065 -22.2518 2.4
    endloop
  endfacet
  facet normal -0.242818 0.970072 0
    outer loop
      vertex -33.6683 -22.2923 2.4
      vertex -33.5065 -22.2518 0
      vertex -33.6683 -22.2923 0
    endloop
  endfacet
  facet normal 0.595772 -0.803154 0
    outer loop
      vertex -35.0785 -19.3109 0
      vertex -34.9445 -19.2115 2.4
      vertex -35.0785 -19.3109 2.4
    endloop
  endfacet
  facet normal 0.595772 -0.803154 0
    outer loop
      vertex -34.9445 -19.2115 2.4
      vertex -35.0785 -19.3109 0
      vertex -34.9445 -19.2115 0
    endloop
  endfacet
  facet normal 0.904043 -0.427442 0
    outer loop
      vertex -35.5706 -19.9744 2.4
      vertex -35.4993 -19.8236 0
      vertex -35.4993 -19.8236 2.4
    endloop
  endfacet
  facet normal 0.904043 -0.427442 0
    outer loop
      vertex -35.4993 -19.8236 0
      vertex -35.5706 -19.9744 2.4
      vertex -35.5706 -19.9744 0
    endloop
  endfacet
  facet normal 0.427442 0.904043 -0
    outer loop
      vertex -34.6506 -22.1956 0
      vertex -34.8014 -22.1243 2.4
      vertex -34.6506 -22.1956 2.4
    endloop
  endfacet
  facet normal 0.427442 0.904043 0
    outer loop
      vertex -34.8014 -22.1243 2.4
      vertex -34.6506 -22.1956 0
      vertex -34.8014 -22.1243 0
    endloop
  endfacet
  facet normal -0.33683 0.941566 0
    outer loop
      vertex -33.3494 -22.1956 0
      vertex -33.5065 -22.2518 2.4
      vertex -33.3494 -22.1956 2.4
    endloop
  endfacet
  facet normal -0.33683 0.941566 0
    outer loop
      vertex -33.5065 -22.2518 2.4
      vertex -33.3494 -22.1956 0
      vertex -33.5065 -22.2518 0
    endloop
  endfacet
  facet normal 0.595772 0.803154 -0
    outer loop
      vertex -34.9445 -22.0385 0
      vertex -35.0785 -21.9391 2.4
      vertex -34.9445 -22.0385 2.4
    endloop
  endfacet
  facet normal 0.595772 0.803154 0
    outer loop
      vertex -35.0785 -21.9391 2.4
      vertex -34.9445 -22.0385 0
      vertex -35.0785 -21.9391 0
    endloop
  endfacet
  facet normal 0.904043 0.427442 0
    outer loop
      vertex -35.4993 -21.4264 2.4
      vertex -35.5706 -21.2756 0
      vertex -35.5706 -21.2756 2.4
    endloop
  endfacet
  facet normal 0.904043 0.427442 0
    outer loop
      vertex -35.5706 -21.2756 0
      vertex -35.4993 -21.4264 2.4
      vertex -35.4993 -21.4264 0
    endloop
  endfacet
  facet normal -0.514231 -0.857652 0
    outer loop
      vertex -33.1986 -19.1257 0
      vertex -33.0555 -19.2115 2.4
      vertex -33.1986 -19.1257 2.4
    endloop
  endfacet
  facet normal -0.514231 -0.857652 -0
    outer loop
      vertex -33.0555 -19.2115 2.4
      vertex -33.1986 -19.1257 0
      vertex -33.0555 -19.2115 0
    endloop
  endfacet
  facet normal -0.595772 0.803154 0
    outer loop
      vertex -32.9215 -21.9391 0
      vertex -33.0555 -22.0385 2.4
      vertex -32.9215 -21.9391 2.4
    endloop
  endfacet
  facet normal -0.595772 0.803154 0
    outer loop
      vertex -33.0555 -22.0385 2.4
      vertex -32.9215 -21.9391 0
      vertex -33.0555 -22.0385 0
    endloop
  endfacet
  facet normal 0.998791 0.0491602 0
    outer loop
      vertex -35.6918 -20.7916 2.4
      vertex -35.7 -20.625 0
      vertex -35.7 -20.625 2.4
    endloop
  endfacet
  facet normal 0.998791 0.0491602 0
    outer loop
      vertex -35.7 -20.625 0
      vertex -35.6918 -20.7916 2.4
      vertex -35.6918 -20.7916 0
    endloop
  endfacet
  facet normal -0.595772 -0.803154 0
    outer loop
      vertex -33.0555 -19.2115 0
      vertex -32.9215 -19.3109 2.4
      vertex -33.0555 -19.2115 2.4
    endloop
  endfacet
  facet normal -0.595772 -0.803154 -0
    outer loop
      vertex -32.9215 -19.3109 2.4
      vertex -33.0555 -19.2115 0
      vertex -32.9215 -19.3109 0
    endloop
  endfacet
  facet normal -0.970072 0.242818 0
    outer loop
      vertex -32.3732 -21.1185 0
      vertex -32.3327 -20.9567 2.4
      vertex -32.3327 -20.9567 0
    endloop
  endfacet
  facet normal -0.970072 0.242818 0
    outer loop
      vertex -32.3327 -20.9567 2.4
      vertex -32.3732 -21.1185 0
      vertex -32.3732 -21.1185 2.4
    endloop
  endfacet
  facet normal 0.941566 0.33683 0
    outer loop
      vertex -35.5706 -21.2756 2.4
      vertex -35.6268 -21.1185 0
      vertex -35.6268 -21.1185 2.4
    endloop
  endfacet
  facet normal 0.941566 0.33683 0
    outer loop
      vertex -35.6268 -21.1185 0
      vertex -35.5706 -21.2756 2.4
      vertex -35.5706 -21.2756 0
    endloop
  endfacet
  facet normal -0.242818 -0.970072 0
    outer loop
      vertex -33.6683 -18.9577 0
      vertex -33.5065 -18.9982 2.4
      vertex -33.6683 -18.9577 2.4
    endloop
  endfacet
  facet normal -0.242818 -0.970072 -0
    outer loop
      vertex -33.5065 -18.9982 2.4
      vertex -33.6683 -18.9577 0
      vertex -33.5065 -18.9982 0
    endloop
  endfacet
  facet normal 0.741024 -0.671478 0
    outer loop
      vertex -35.3141 -19.5465 2.4
      vertex -35.2021 -19.4229 0
      vertex -35.2021 -19.4229 2.4
    endloop
  endfacet
  facet normal 0.741024 -0.671478 0
    outer loop
      vertex -35.2021 -19.4229 0
      vertex -35.3141 -19.5465 2.4
      vertex -35.3141 -19.5465 0
    endloop
  endfacet
  facet normal -0.0491602 0.998791 0
    outer loop
      vertex -33.8334 -22.3168 0
      vertex -34 -22.325 2.4
      vertex -33.8334 -22.3168 2.4
    endloop
  endfacet
  facet normal -0.0491602 0.998791 0
    outer loop
      vertex -34 -22.325 2.4
      vertex -33.8334 -22.3168 0
      vertex -34 -22.325 0
    endloop
  endfacet
  facet normal -0.803154 -0.595772 0
    outer loop
      vertex -32.5865 -19.6805 0
      vertex -32.6859 -19.5465 2.4
      vertex -32.6859 -19.5465 0
    endloop
  endfacet
  facet normal -0.803154 -0.595772 0
    outer loop
      vertex -32.6859 -19.5465 2.4
      vertex -32.5865 -19.6805 0
      vertex -32.5865 -19.6805 2.4
    endloop
  endfacet
  facet normal 0.970072 0.242818 0
    outer loop
      vertex -35.6268 -21.1185 2.4
      vertex -35.6673 -20.9567 0
      vertex -35.6673 -20.9567 2.4
    endloop
  endfacet
  facet normal 0.970072 0.242818 0
    outer loop
      vertex -35.6673 -20.9567 0
      vertex -35.6268 -21.1185 2.4
      vertex -35.6268 -21.1185 0
    endloop
  endfacet
  facet normal -0.989168 0.146788 0
    outer loop
      vertex -32.3327 -20.9567 0
      vertex -32.3082 -20.7916 2.4
      vertex -32.3082 -20.7916 0
    endloop
  endfacet
  facet normal -0.989168 0.146788 0
    outer loop
      vertex -32.3082 -20.7916 2.4
      vertex -32.3327 -20.9567 0
      vertex -32.3327 -20.9567 2.4
    endloop
  endfacet
  facet normal -0.514231 0.857652 0
    outer loop
      vertex -33.0555 -22.0385 0
      vertex -33.1986 -22.1243 2.4
      vertex -33.0555 -22.0385 2.4
    endloop
  endfacet
  facet normal -0.514231 0.857652 0
    outer loop
      vertex -33.1986 -22.1243 2.4
      vertex -33.0555 -22.0385 0
      vertex -33.1986 -22.1243 0
    endloop
  endfacet
  facet normal 0.941566 -0.33683 0
    outer loop
      vertex -35.6268 -20.1315 2.4
      vertex -35.5706 -19.9744 0
      vertex -35.5706 -19.9744 2.4
    endloop
  endfacet
  facet normal 0.941566 -0.33683 0
    outer loop
      vertex -35.5706 -19.9744 0
      vertex -35.6268 -20.1315 2.4
      vertex -35.6268 -20.1315 0
    endloop
  endfacet
  facet normal -0.671478 -0.741024 0
    outer loop
      vertex -32.9215 -19.3109 0
      vertex -32.7979 -19.4229 2.4
      vertex -32.9215 -19.3109 2.4
    endloop
  endfacet
  facet normal -0.671478 -0.741024 -0
    outer loop
      vertex -32.7979 -19.4229 2.4
      vertex -32.9215 -19.3109 0
      vertex -32.7979 -19.4229 0
    endloop
  endfacet
  facet normal 0.989168 -0.146788 0
    outer loop
      vertex -35.6918 -20.4584 2.4
      vertex -35.6673 -20.2933 0
      vertex -35.6673 -20.2933 2.4
    endloop
  endfacet
  facet normal 0.989168 -0.146788 0
    outer loop
      vertex -35.6673 -20.2933 0
      vertex -35.6918 -20.4584 2.4
      vertex -35.6918 -20.4584 0
    endloop
  endfacet
  facet normal -0.904043 0.427442 0
    outer loop
      vertex -32.5007 -21.4264 0
      vertex -32.4294 -21.2756 2.4
      vertex -32.4294 -21.2756 0
    endloop
  endfacet
  facet normal -0.904043 0.427442 0
    outer loop
      vertex -32.4294 -21.2756 2.4
      vertex -32.5007 -21.4264 0
      vertex -32.5007 -21.4264 2.4
    endloop
  endfacet
  facet normal -0.33683 -0.941566 0
    outer loop
      vertex -33.5065 -18.9982 0
      vertex -33.3494 -19.0544 2.4
      vertex -33.5065 -18.9982 2.4
    endloop
  endfacet
  facet normal -0.33683 -0.941566 -0
    outer loop
      vertex -33.3494 -19.0544 2.4
      vertex -33.5065 -18.9982 0
      vertex -33.3494 -19.0544 0
    endloop
  endfacet
  facet normal -0.998791 0.0491602 0
    outer loop
      vertex -32.3082 -20.7916 0
      vertex -32.3 -20.625 2.4
      vertex -32.3 -20.625 0
    endloop
  endfacet
  facet normal -0.998791 0.0491602 0
    outer loop
      vertex -32.3 -20.625 2.4
      vertex -32.3082 -20.7916 0
      vertex -32.3082 -20.7916 2.4
    endloop
  endfacet
  facet normal -0.146788 0.989168 0
    outer loop
      vertex -33.6683 -22.2923 0
      vertex -33.8334 -22.3168 2.4
      vertex -33.6683 -22.2923 2.4
    endloop
  endfacet
  facet normal -0.146788 0.989168 0
    outer loop
      vertex -33.8334 -22.3168 2.4
      vertex -33.6683 -22.2923 0
      vertex -33.8334 -22.3168 0
    endloop
  endfacet
  facet normal -0.941566 -0.33683 0
    outer loop
      vertex -32.3732 -20.1315 0
      vertex -32.4294 -19.9744 2.4
      vertex -32.4294 -19.9744 0
    endloop
  endfacet
  facet normal -0.941566 -0.33683 0
    outer loop
      vertex -32.4294 -19.9744 2.4
      vertex -32.3732 -20.1315 0
      vertex -32.3732 -20.1315 2.4
    endloop
  endfacet
  facet normal -0.803154 0.595772 0
    outer loop
      vertex -32.6859 -21.7035 0
      vertex -32.5865 -21.5695 2.4
      vertex -32.5865 -21.5695 0
    endloop
  endfacet
  facet normal -0.803154 0.595772 0
    outer loop
      vertex -32.5865 -21.5695 2.4
      vertex -32.6859 -21.7035 0
      vertex -32.6859 -21.7035 2.4
    endloop
  endfacet
  facet normal -0.857652 0.514231 0
    outer loop
      vertex -32.5865 -21.5695 0
      vertex -32.5007 -21.4264 2.4
      vertex -32.5007 -21.4264 0
    endloop
  endfacet
  facet normal -0.857652 0.514231 0
    outer loop
      vertex -32.5007 -21.4264 2.4
      vertex -32.5865 -21.5695 0
      vertex -32.5865 -21.5695 2.4
    endloop
  endfacet
  facet normal 0.242818 -0.970072 0
    outer loop
      vertex -34.4935 -18.9982 0
      vertex -34.3317 -18.9577 2.4
      vertex -34.4935 -18.9982 2.4
    endloop
  endfacet
  facet normal 0.242818 -0.970072 0
    outer loop
      vertex -34.3317 -18.9577 2.4
      vertex -34.4935 -18.9982 0
      vertex -34.3317 -18.9577 0
    endloop
  endfacet
  facet normal -0.941566 0.33683 0
    outer loop
      vertex -32.4294 -21.2756 0
      vertex -32.3732 -21.1185 2.4
      vertex -32.3732 -21.1185 0
    endloop
  endfacet
  facet normal -0.941566 0.33683 0
    outer loop
      vertex -32.3732 -21.1185 2.4
      vertex -32.4294 -21.2756 0
      vertex -32.4294 -21.2756 2.4
    endloop
  endfacet
  facet normal -0.0491602 -0.998791 0
    outer loop
      vertex -34 -18.925 0
      vertex -33.8334 -18.9332 2.4
      vertex -34 -18.925 2.4
    endloop
  endfacet
  facet normal -0.0491602 -0.998791 -0
    outer loop
      vertex -33.8334 -18.9332 2.4
      vertex -34 -18.925 0
      vertex -33.8334 -18.9332 0
    endloop
  endfacet
  facet normal 0.514231 -0.857652 0
    outer loop
      vertex -34.9445 -19.2115 0
      vertex -34.8014 -19.1257 2.4
      vertex -34.9445 -19.2115 2.4
    endloop
  endfacet
  facet normal 0.514231 -0.857652 0
    outer loop
      vertex -34.8014 -19.1257 2.4
      vertex -34.9445 -19.2115 0
      vertex -34.8014 -19.1257 0
    endloop
  endfacet
  facet normal -0.904043 -0.427442 0
    outer loop
      vertex -32.4294 -19.9744 0
      vertex -32.5007 -19.8236 2.4
      vertex -32.5007 -19.8236 0
    endloop
  endfacet
  facet normal -0.904043 -0.427442 0
    outer loop
      vertex -32.5007 -19.8236 2.4
      vertex -32.4294 -19.9744 0
      vertex -32.4294 -19.9744 2.4
    endloop
  endfacet
  facet normal -0.146788 -0.989168 0
    outer loop
      vertex -33.8334 -18.9332 0
      vertex -33.6683 -18.9577 2.4
      vertex -33.8334 -18.9332 2.4
    endloop
  endfacet
  facet normal -0.146788 -0.989168 -0
    outer loop
      vertex -33.6683 -18.9577 2.4
      vertex -33.8334 -18.9332 0
      vertex -33.6683 -18.9577 0
    endloop
  endfacet
  facet normal 0.242818 0.970072 -0
    outer loop
      vertex -34.3317 -22.2923 0
      vertex -34.4935 -22.2518 2.4
      vertex -34.3317 -22.2923 2.4
    endloop
  endfacet
  facet normal 0.242818 0.970072 0
    outer loop
      vertex -34.4935 -22.2518 2.4
      vertex -34.3317 -22.2923 0
      vertex -34.4935 -22.2518 0
    endloop
  endfacet
  facet normal 0.857652 0.514231 0
    outer loop
      vertex -35.4135 -21.5695 2.4
      vertex -35.4993 -21.4264 0
      vertex -35.4993 -21.4264 2.4
    endloop
  endfacet
  facet normal 0.857652 0.514231 0
    outer loop
      vertex -35.4993 -21.4264 0
      vertex -35.4135 -21.5695 2.4
      vertex -35.4135 -21.5695 0
    endloop
  endfacet
  facet normal -0.857652 -0.514231 0
    outer loop
      vertex -32.5007 -19.8236 0
      vertex -32.5865 -19.6805 2.4
      vertex -32.5865 -19.6805 0
    endloop
  endfacet
  facet normal -0.857652 -0.514231 0
    outer loop
      vertex -32.5865 -19.6805 2.4
      vertex -32.5007 -19.8236 0
      vertex -32.5007 -19.8236 2.4
    endloop
  endfacet
  facet normal 0.33683 -0.941566 0
    outer loop
      vertex -34.6506 -19.0544 0
      vertex -34.4935 -18.9982 2.4
      vertex -34.6506 -19.0544 2.4
    endloop
  endfacet
  facet normal 0.33683 -0.941566 0
    outer loop
      vertex -34.4935 -18.9982 2.4
      vertex -34.6506 -19.0544 0
      vertex -34.4935 -18.9982 0
    endloop
  endfacet
  facet normal 0.741024 0.671478 0
    outer loop
      vertex -35.2021 -21.8271 2.4
      vertex -35.3141 -21.7035 0
      vertex -35.3141 -21.7035 2.4
    endloop
  endfacet
  facet normal 0.741024 0.671478 0
    outer loop
      vertex -35.3141 -21.7035 0
      vertex -35.2021 -21.8271 2.4
      vertex -35.2021 -21.8271 0
    endloop
  endfacet
  facet normal 0.671478 -0.741024 0
    outer loop
      vertex -35.2021 -19.4229 0
      vertex -35.0785 -19.3109 2.4
      vertex -35.2021 -19.4229 2.4
    endloop
  endfacet
  facet normal 0.671478 -0.741024 0
    outer loop
      vertex -35.0785 -19.3109 2.4
      vertex -35.2021 -19.4229 0
      vertex -35.0785 -19.3109 0
    endloop
  endfacet
  facet normal 0.514231 0.857652 -0
    outer loop
      vertex -34.8014 -22.1243 0
      vertex -34.9445 -22.0385 2.4
      vertex -34.8014 -22.1243 2.4
    endloop
  endfacet
  facet normal 0.514231 0.857652 0
    outer loop
      vertex -34.9445 -22.0385 2.4
      vertex -34.8014 -22.1243 0
      vertex -34.9445 -22.0385 0
    endloop
  endfacet
  facet normal 0.970072 -0.242818 0
    outer loop
      vertex -35.6673 -20.2933 2.4
      vertex -35.6268 -20.1315 0
      vertex -35.6268 -20.1315 2.4
    endloop
  endfacet
  facet normal 0.970072 -0.242818 0
    outer loop
      vertex -35.6268 -20.1315 0
      vertex -35.6673 -20.2933 2.4
      vertex -35.6673 -20.2933 0
    endloop
  endfacet
  facet normal 0.803154 0.595772 0
    outer loop
      vertex -35.3141 -21.7035 2.4
      vertex -35.4135 -21.5695 0
      vertex -35.4135 -21.5695 2.4
    endloop
  endfacet
  facet normal 0.803154 0.595772 0
    outer loop
      vertex -35.4135 -21.5695 0
      vertex -35.3141 -21.7035 2.4
      vertex -35.3141 -21.7035 0
    endloop
  endfacet
  facet normal 0.989168 0.146788 0
    outer loop
      vertex -35.6673 -20.9567 2.4
      vertex -35.6918 -20.7916 0
      vertex -35.6918 -20.7916 2.4
    endloop
  endfacet
  facet normal 0.989168 0.146788 0
    outer loop
      vertex -35.6918 -20.7916 0
      vertex -35.6673 -20.9567 2.4
      vertex -35.6673 -20.9567 0
    endloop
  endfacet
  facet normal 0.671478 0.741024 -0
    outer loop
      vertex -35.0785 -21.9391 0
      vertex -35.2021 -21.8271 2.4
      vertex -35.0785 -21.9391 2.4
    endloop
  endfacet
  facet normal 0.671478 0.741024 0
    outer loop
      vertex -35.2021 -21.8271 2.4
      vertex -35.0785 -21.9391 0
      vertex -35.2021 -21.8271 0
    endloop
  endfacet
  facet normal 0.803154 -0.595772 0
    outer loop
      vertex -35.4135 -19.6805 2.4
      vertex -35.3141 -19.5465 0
      vertex -35.3141 -19.5465 2.4
    endloop
  endfacet
  facet normal 0.803154 -0.595772 0
    outer loop
      vertex -35.3141 -19.5465 0
      vertex -35.4135 -19.6805 2.4
      vertex -35.4135 -19.6805 0
    endloop
  endfacet
  facet normal 0.857652 -0.514231 0
    outer loop
      vertex -35.4993 -19.8236 2.4
      vertex -35.4135 -19.6805 0
      vertex -35.4135 -19.6805 2.4
    endloop
  endfacet
  facet normal 0.857652 -0.514231 0
    outer loop
      vertex -35.4135 -19.6805 0
      vertex -35.4993 -19.8236 2.4
      vertex -35.4993 -19.8236 0
    endloop
  endfacet
  facet normal 0.0491602 0.998791 -0
    outer loop
      vertex -34 -22.325 0
      vertex -34.1666 -22.3168 2.4
      vertex -34 -22.325 2.4
    endloop
  endfacet
  facet normal 0.0491602 0.998791 0
    outer loop
      vertex -34.1666 -22.3168 2.4
      vertex -34 -22.325 0
      vertex -34.1666 -22.3168 0
    endloop
  endfacet
  facet normal 0.998791 -0.0491602 0
    outer loop
      vertex -35.7 -20.625 2.4
      vertex -35.6918 -20.4584 0
      vertex -35.6918 -20.4584 2.4
    endloop
  endfacet
  facet normal 0.998791 -0.0491602 0
    outer loop
      vertex -35.6918 -20.4584 0
      vertex -35.7 -20.625 2.4
      vertex -35.7 -20.625 0
    endloop
  endfacet
  facet normal 0.33683 0.941566 -0
    outer loop
      vertex -34.4935 -22.2518 0
      vertex -34.6506 -22.1956 2.4
      vertex -34.4935 -22.2518 2.4
    endloop
  endfacet
  facet normal 0.33683 0.941566 0
    outer loop
      vertex -34.6506 -22.1956 2.4
      vertex -34.4935 -22.2518 0
      vertex -34.6506 -22.1956 0
    endloop
  endfacet
  facet normal -0.741024 0.671478 0
    outer loop
      vertex -32.7979 -21.8271 0
      vertex -32.6859 -21.7035 2.4
      vertex -32.6859 -21.7035 0
    endloop
  endfacet
  facet normal -0.741024 0.671478 0
    outer loop
      vertex -32.6859 -21.7035 2.4
      vertex -32.7979 -21.8271 0
      vertex -32.7979 -21.8271 2.4
    endloop
  endfacet
  facet normal -0.671478 0.741024 0
    outer loop
      vertex -32.7979 -21.8271 0
      vertex -32.9215 -21.9391 2.4
      vertex -32.7979 -21.8271 2.4
    endloop
  endfacet
  facet normal -0.671478 0.741024 0
    outer loop
      vertex -32.9215 -21.9391 2.4
      vertex -32.7979 -21.8271 0
      vertex -32.9215 -21.9391 0
    endloop
  endfacet
  facet normal 0.171803 0.686364 0.706674
    outer loop
      vertex -34.3317 -22.2923 2.4
      vertex -34.4935 -22.2518 2.4
      vertex -34.9579 -23.7829 4
    endloop
  endfacet
  facet normal -0.421476 0.568305 0.706674
    outer loop
      vertex -32.1666 -23.3688 4
      vertex -31.9065 -23.1759 4
      vertex -32.9215 -21.9391 2.4
    endloop
  endfacet
  facet normal 0.421536 0.568267 0.706668
    outer loop
      vertex -34.9445 -22.0385 2.4
      vertex -35.0785 -21.9391 2.4
      vertex -35.8334 -23.3688 4
    endloop
  endfacet
  facet normal -0.171803 -0.686364 0.706674
    outer loop
      vertex -33.5065 -18.9982 2.4
      vertex -33.0421 -17.4671 4
      vertex -33.6683 -18.9577 2.4
    endloop
  endfacet
  facet normal -0.70668 -0.0347333 0.70668
    outer loop
      vertex -30.7 -20.625 4
      vertex -30.7159 -20.3015 4
      vertex -32.3 -20.625 2.4
    endloop
  endfacet
  facet normal -0.706674 -0.0347823 0.706684
    outer loop
      vertex -32.3 -20.625 2.4
      vertex -30.7159 -20.3015 4
      vertex -32.3082 -20.4584 2.4
    endloop
  endfacet
  facet normal 0.568197 -0.421615 0.706678
    outer loop
      vertex -35.3141 -19.5465 2.4
      vertex -36.5509 -18.5315 4
      vertex -36.7439 -18.7916 4
    endloop
  endfacet
  facet normal 0.302429 0.639639 0.706682
    outer loop
      vertex -34.6506 -22.1956 2.4
      vertex -34.8014 -22.1243 2.4
      vertex -35.2629 -23.6738 4
    endloop
  endfacet
  facet normal 0.568253 -0.421525 0.706686
    outer loop
      vertex -35.4135 -19.6805 2.4
      vertex -35.3141 -19.5465 2.4
      vertex -36.7439 -18.7916 4
    endloop
  endfacet
  facet normal -0.686312 -0.17196 0.706686
    outer loop
      vertex -30.7634 -19.9812 4
      vertex -30.8421 -19.6671 4
      vertex -32.3327 -20.2933 2.4
    endloop
  endfacet
  facet normal -0.666197 0.238302 0.706678
    outer loop
      vertex -30.9512 -21.8879 4
      vertex -30.8421 -21.5829 4
      vertex -32.4294 -21.2756 2.4
    endloop
  endfacet
  facet normal 0.568253 0.421525 0.706686
    outer loop
      vertex -35.3141 -21.7035 2.4
      vertex -35.4135 -21.5695 2.4
      vertex -36.7439 -22.4584 4
    endloop
  endfacet
  facet normal 0.421476 0.568305 0.706674
    outer loop
      vertex -35.8334 -23.3688 4
      vertex -35.0785 -21.9391 2.4
      vertex -36.0935 -23.1759 4
    endloop
  endfacet
  facet normal 0.706674 -0.0347823 0.706684
    outer loop
      vertex -35.7 -20.625 2.4
      vertex -35.6918 -20.4584 2.4
      vertex -37.2841 -20.3015 4
    endloop
  endfacet
  facet normal 0.238302 -0.666197 0.706678
    outer loop
      vertex -34.6506 -19.0544 2.4
      vertex -34.9579 -17.4671 4
      vertex -35.2629 -17.5762 4
    endloop
  endfacet
  facet normal 0.36384 0.606824 0.706672
    outer loop
      vertex -34.8014 -22.1243 2.4
      vertex -34.9445 -22.0385 2.4
      vertex -35.8334 -23.3688 4
    endloop
  endfacet
  facet normal -0.686312 0.17196 0.706686
    outer loop
      vertex -30.8421 -21.5829 4
      vertex -30.7634 -21.2688 4
      vertex -32.3327 -20.9567 2.4
    endloop
  endfacet
  facet normal 0.0347823 -0.706674 0.706684
    outer loop
      vertex -34.1666 -18.9332 2.4
      vertex -34 -18.925 2.4
      vertex -34.3235 -17.3409 4
    endloop
  endfacet
  facet normal 0.606985 -0.363579 0.706667
    outer loop
      vertex -35.4993 -19.8236 2.4
      vertex -36.7439 -18.7916 4
      vertex -36.9103 -19.0694 4
    endloop
  endfacet
  facet normal 0.363743 -0.606893 0.706663
    outer loop
      vertex -34.8014 -19.1257 2.4
      vertex -35.5556 -17.7147 4
      vertex -35.8334 -17.8812 4
    endloop
  endfacet
  facet normal -0.70668 0.0347333 0.70668
    outer loop
      vertex -30.7159 -20.9485 4
      vertex -30.7 -20.625 4
      vertex -32.3 -20.625 2.4
    endloop
  endfacet
  facet normal -0.639639 0.302429 0.706682
    outer loop
      vertex -30.9512 -21.8879 4
      vertex -32.4294 -21.2756 2.4
      vertex -32.5007 -21.4264 2.4
    endloop
  endfacet
  facet normal -0.10379 0.699875 0.706684
    outer loop
      vertex -33.6765 -23.9091 4
      vertex -33.3562 -23.8616 4
      vertex -33.8334 -22.3168 2.4
    endloop
  endfacet
  facet normal 0.686312 -0.17196 0.706686
    outer loop
      vertex -35.6673 -20.2933 2.4
      vertex -37.1579 -19.6671 4
      vertex -37.2366 -19.9812 4
    endloop
  endfacet
  facet normal -0.363743 -0.606893 0.706663
    outer loop
      vertex -32.1666 -17.8812 4
      vertex -32.4444 -17.7147 4
      vertex -33.1986 -19.1257 2.4
    endloop
  endfacet
  facet normal -0.699875 -0.10379 0.706684
    outer loop
      vertex -30.7159 -20.3015 4
      vertex -30.7634 -19.9812 4
      vertex -32.3082 -20.4584 2.4
    endloop
  endfacet
  facet normal 0.0347333 0.70668 0.70668
    outer loop
      vertex -34 -23.925 4
      vertex -34 -22.325 2.4
      vertex -34.3235 -23.9091 4
    endloop
  endfacet
  facet normal -0.639562 0.302629 0.706665
    outer loop
      vertex -31.0897 -22.1806 4
      vertex -30.9512 -21.8879 4
      vertex -32.5007 -21.4264 2.4
    endloop
  endfacet
  facet normal 0.524383 0.475004 0.706678
    outer loop
      vertex -36.3335 -22.9585 4
      vertex -35.3141 -21.7035 2.4
      vertex -36.5509 -22.7185 4
    endloop
  endfacet
  facet normal -0.302629 0.639562 0.706665
    outer loop
      vertex -32.7371 -23.6738 4
      vertex -32.4444 -23.5353 4
      vertex -33.1986 -22.1243 2.4
    endloop
  endfacet
  facet normal -0.524383 0.475004 0.706678
    outer loop
      vertex -31.6665 -22.9585 4
      vertex -31.4491 -22.7185 4
      vertex -32.6859 -21.7035 2.4
    endloop
  endfacet
  facet normal -0.421536 -0.568267 0.706668
    outer loop
      vertex -32.9215 -19.3109 2.4
      vertex -32.1666 -17.8812 4
      vertex -33.0555 -19.2115 2.4
    endloop
  endfacet
  facet normal -0.69986 0.103856 0.70669
    outer loop
      vertex -30.7634 -21.2688 4
      vertex -32.3082 -20.7916 2.4
      vertex -32.3327 -20.9567 2.4
    endloop
  endfacet
  facet normal 0.686364 0.171803 0.706674
    outer loop
      vertex -35.6268 -21.1185 2.4
      vertex -35.6673 -20.9567 2.4
      vertex -37.1579 -21.5829 4
    endloop
  endfacet
  facet normal -0.0347823 0.706674 0.706684
    outer loop
      vertex -33.6765 -23.9091 4
      vertex -33.8334 -22.3168 2.4
      vertex -34 -22.325 2.4
    endloop
  endfacet
  facet normal 0.103856 0.69986 0.70669
    outer loop
      vertex -34.1666 -22.3168 2.4
      vertex -34.3317 -22.2923 2.4
      vertex -34.6438 -23.8616 4
    endloop
  endfacet
  facet normal 0.363743 0.606893 0.706663
    outer loop
      vertex -35.5556 -23.5353 4
      vertex -34.8014 -22.1243 2.4
      vertex -35.8334 -23.3688 4
    endloop
  endfacet
  facet normal 0.475088 -0.524294 0.706688
    outer loop
      vertex -35.2021 -19.4229 2.4
      vertex -35.0785 -19.3109 2.4
      vertex -36.3335 -18.2915 4
    endloop
  endfacet
  facet normal 0.421536 -0.568267 0.706668
    outer loop
      vertex -35.0785 -19.3109 2.4
      vertex -34.9445 -19.2115 2.4
      vertex -35.8334 -17.8812 4
    endloop
  endfacet
  facet normal -0.17196 0.686312 0.706686
    outer loop
      vertex -33.3562 -23.8616 4
      vertex -33.0421 -23.7829 4
      vertex -33.6683 -22.2923 2.4
    endloop
  endfacet
  facet normal -0.475004 0.524383 0.706678
    outer loop
      vertex -31.9065 -23.1759 4
      vertex -31.6665 -22.9585 4
      vertex -32.9215 -21.9391 2.4
    endloop
  endfacet
  facet normal -0.606824 0.36384 0.706672
    outer loop
      vertex -31.2562 -22.4584 4
      vertex -32.5007 -21.4264 2.4
      vertex -32.5865 -21.5695 2.4
    endloop
  endfacet
  facet normal 0.302629 -0.639562 0.706665
    outer loop
      vertex -34.8014 -19.1257 2.4
      vertex -35.2629 -17.5762 4
      vertex -35.5556 -17.7147 4
    endloop
  endfacet
  facet normal 0.17196 0.686312 0.706686
    outer loop
      vertex -34.6438 -23.8616 4
      vertex -34.3317 -22.2923 2.4
      vertex -34.9579 -23.7829 4
    endloop
  endfacet
  facet normal 0.23832 -0.666192 0.706677
    outer loop
      vertex -34.6506 -19.0544 2.4
      vertex -34.4935 -18.9982 2.4
      vertex -34.9579 -17.4671 4
    endloop
  endfacet
  facet normal -0.103856 0.69986 0.70669
    outer loop
      vertex -33.3562 -23.8616 4
      vertex -33.6683 -22.2923 2.4
      vertex -33.8334 -22.3168 2.4
    endloop
  endfacet
  facet normal -0.639562 -0.302629 0.706665
    outer loop
      vertex -30.9512 -19.3621 4
      vertex -31.0897 -19.0694 4
      vertex -32.5007 -19.8236 2.4
    endloop
  endfacet
  facet normal 0.686312 0.17196 0.706686
    outer loop
      vertex -37.1579 -21.5829 4
      vertex -35.6673 -20.9567 2.4
      vertex -37.2366 -21.2688 4
    endloop
  endfacet
  facet normal 0.666192 -0.23832 0.706677
    outer loop
      vertex -35.6268 -20.1315 2.4
      vertex -35.5706 -19.9744 2.4
      vertex -37.1579 -19.6671 4
    endloop
  endfacet
  facet normal 0.524294 -0.475088 0.706688
    outer loop
      vertex -35.3141 -19.5465 2.4
      vertex -35.2021 -19.4229 2.4
      vertex -36.3335 -18.2915 4
    endloop
  endfacet
  facet normal -0.475088 -0.524294 0.706688
    outer loop
      vertex -32.7979 -19.4229 2.4
      vertex -31.6665 -18.2915 4
      vertex -32.9215 -19.3109 2.4
    endloop
  endfacet
  facet normal -0.421476 -0.568305 0.706674
    outer loop
      vertex -31.9065 -18.0741 4
      vertex -32.1666 -17.8812 4
      vertex -32.9215 -19.3109 2.4
    endloop
  endfacet
  facet normal -0.524294 0.475088 0.706688
    outer loop
      vertex -31.6665 -22.9585 4
      vertex -32.6859 -21.7035 2.4
      vertex -32.7979 -21.8271 2.4
    endloop
  endfacet
  facet normal 0.10379 0.699875 0.706684
    outer loop
      vertex -34.3235 -23.9091 4
      vertex -34.1666 -22.3168 2.4
      vertex -34.6438 -23.8616 4
    endloop
  endfacet
  facet normal 0.606985 0.363579 0.706667
    outer loop
      vertex -36.7439 -22.4584 4
      vertex -35.4993 -21.4264 2.4
      vertex -36.9103 -22.1806 4
    endloop
  endfacet
  facet normal 0.302629 0.639562 0.706665
    outer loop
      vertex -35.2629 -23.6738 4
      vertex -34.8014 -22.1243 2.4
      vertex -35.5556 -23.5353 4
    endloop
  endfacet
  facet normal 0.17196 -0.686312 0.706686
    outer loop
      vertex -34.3317 -18.9577 2.4
      vertex -34.6438 -17.3884 4
      vertex -34.9579 -17.4671 4
    endloop
  endfacet
  facet normal -0.686364 0.171803 0.706674
    outer loop
      vertex -30.8421 -21.5829 4
      vertex -32.3327 -20.9567 2.4
      vertex -32.3732 -21.1185 2.4
    endloop
  endfacet
  facet normal -0.666192 0.23832 0.706677
    outer loop
      vertex -30.8421 -21.5829 4
      vertex -32.3732 -21.1185 2.4
      vertex -32.4294 -21.2756 2.4
    endloop
  endfacet
  facet normal -0.706674 0.0347823 0.706684
    outer loop
      vertex -30.7159 -20.9485 4
      vertex -32.3 -20.625 2.4
      vertex -32.3082 -20.7916 2.4
    endloop
  endfacet
  facet normal -0.699875 0.10379 0.706684
    outer loop
      vertex -30.7634 -21.2688 4
      vertex -30.7159 -20.9485 4
      vertex -32.3082 -20.7916 2.4
    endloop
  endfacet
  facet normal -0.475088 0.524294 0.706688
    outer loop
      vertex -31.6665 -22.9585 4
      vertex -32.7979 -21.8271 2.4
      vertex -32.9215 -21.9391 2.4
    endloop
  endfacet
  facet normal 0.171803 -0.686364 0.706674
    outer loop
      vertex -34.4935 -18.9982 2.4
      vertex -34.3317 -18.9577 2.4
      vertex -34.9579 -17.4671 4
    endloop
  endfacet
  facet normal -0.475004 -0.524383 0.706678
    outer loop
      vertex -31.6665 -18.2915 4
      vertex -31.9065 -18.0741 4
      vertex -32.9215 -19.3109 2.4
    endloop
  endfacet
  facet normal -0.0347333 0.70668 0.70668
    outer loop
      vertex -33.6765 -23.9091 4
      vertex -34 -22.325 2.4
      vertex -34 -23.925 4
    endloop
  endfacet
  facet normal 0.36384 -0.606824 0.706672
    outer loop
      vertex -34.9445 -19.2115 2.4
      vertex -34.8014 -19.1257 2.4
      vertex -35.8334 -17.8812 4
    endloop
  endfacet
  facet normal 0.639562 0.302629 0.706665
    outer loop
      vertex -36.9103 -22.1806 4
      vertex -35.4993 -21.4264 2.4
      vertex -37.0488 -21.8879 4
    endloop
  endfacet
  facet normal 0.666197 -0.238302 0.706678
    outer loop
      vertex -35.5706 -19.9744 2.4
      vertex -37.0488 -19.3621 4
      vertex -37.1579 -19.6671 4
    endloop
  endfacet
  facet normal 0.568197 0.421615 0.706678
    outer loop
      vertex -36.5509 -22.7185 4
      vertex -35.3141 -21.7035 2.4
      vertex -36.7439 -22.4584 4
    endloop
  endfacet
  facet normal -0.606993 -0.363516 0.706694
    outer loop
      vertex -31.1562 -18.9778 3.99
      vertex -31.0897 -19.0694 4
      vertex -31.1218 -19.0158 4
    endloop
  endfacet
  facet normal -0.607012 -0.363533 0.706669
    outer loop
      vertex -31.1562 -18.9778 3.99
      vertex -32.5007 -19.8236 2.4
      vertex -31.0897 -19.0694 4
    endloop
  endfacet
  facet normal -0.606891 -0.363729 0.706671
    outer loop
      vertex -32.5007 -19.8236 2.4
      vertex -31.1562 -18.9778 3.99
      vertex -31.2639 -18.7981 3.99
    endloop
  endfacet
  facet normal 0.0347333 -0.70668 0.70668
    outer loop
      vertex -34 -18.925 2.4
      vertex -34 -17.325 4
      vertex -34.3235 -17.3409 4
    endloop
  endfacet
  facet normal 0.699875 0.10379 0.706684
    outer loop
      vertex -37.2366 -21.2688 4
      vertex -35.6918 -20.7916 2.4
      vertex -37.2841 -20.9485 4
    endloop
  endfacet
  facet normal -0.606893 0.363743 0.706663
    outer loop
      vertex -31.2562 -22.4584 4
      vertex -31.0897 -22.1806 4
      vertex -32.5007 -21.4264 2.4
    endloop
  endfacet
  facet normal -0.421536 0.568267 0.706668
    outer loop
      vertex -32.1666 -23.3688 4
      vertex -32.9215 -21.9391 2.4
      vertex -33.0555 -22.0385 2.4
    endloop
  endfacet
  facet normal -0.363743 0.606893 0.706663
    outer loop
      vertex -32.4444 -23.5353 4
      vertex -32.1666 -23.3688 4
      vertex -33.1986 -22.1243 2.4
    endloop
  endfacet
  facet normal 0.70668 -0.0347333 0.70668
    outer loop
      vertex -35.7 -20.625 2.4
      vertex -37.2841 -20.3015 4
      vertex -37.3 -20.625 4
    endloop
  endfacet
  facet normal 0.70668 0.0347333 0.70668
    outer loop
      vertex -37.2841 -20.9485 4
      vertex -35.7 -20.625 2.4
      vertex -37.3 -20.625 4
    endloop
  endfacet
  facet normal 0.606808 -0.36383 0.706691
    outer loop
      vertex -35.4993 -19.8236 2.4
      vertex -35.4135 -19.6805 2.4
      vertex -36.7439 -18.7916 4
    endloop
  endfacet
  facet normal 0.475088 0.524294 0.706688
    outer loop
      vertex -35.0785 -21.9391 2.4
      vertex -35.2021 -21.8271 2.4
      vertex -36.3335 -22.9585 4
    endloop
  endfacet
  facet normal -0.568267 0.421536 0.706668
    outer loop
      vertex -31.2562 -22.4584 4
      vertex -32.5865 -21.5695 2.4
      vertex -32.6859 -21.7035 2.4
    endloop
  endfacet
  facet normal 0.639639 0.302429 0.706682
    outer loop
      vertex -35.4993 -21.4264 2.4
      vertex -35.5706 -21.2756 2.4
      vertex -37.0488 -21.8879 4
    endloop
  endfacet
  facet normal 0.639562 -0.302629 0.706665
    outer loop
      vertex -35.4993 -19.8236 2.4
      vertex -36.9103 -19.0694 4
      vertex -37.0488 -19.3621 4
    endloop
  endfacet
  facet normal 0.699875 -0.10379 0.706684
    outer loop
      vertex -35.6918 -20.4584 2.4
      vertex -37.2366 -19.9812 4
      vertex -37.2841 -20.3015 4
    endloop
  endfacet
  facet normal -0.302429 0.639639 0.706682
    outer loop
      vertex -32.7371 -23.6738 4
      vertex -33.1986 -22.1243 2.4
      vertex -33.3494 -22.1956 2.4
    endloop
  endfacet
  facet normal 0.686364 -0.171803 0.706674
    outer loop
      vertex -35.6673 -20.2933 2.4
      vertex -35.6268 -20.1315 2.4
      vertex -37.1579 -19.6671 4
    endloop
  endfacet
  facet normal -0.568305 0.421476 0.706674
    outer loop
      vertex -31.4491 -22.7185 4
      vertex -31.2562 -22.4584 4
      vertex -32.6859 -21.7035 2.4
    endloop
  endfacet
  facet normal -0.69986 -0.103856 0.70669
    outer loop
      vertex -32.3082 -20.4584 2.4
      vertex -30.7634 -19.9812 4
      vertex -32.3327 -20.2933 2.4
    endloop
  endfacet
  facet normal 0.475004 0.524383 0.706678
    outer loop
      vertex -36.0935 -23.1759 4
      vertex -35.0785 -21.9391 2.4
      vertex -36.3335 -22.9585 4
    endloop
  endfacet
  facet normal -0.686364 -0.171803 0.706674
    outer loop
      vertex -32.3327 -20.2933 2.4
      vertex -30.8421 -19.6671 4
      vertex -32.3732 -20.1315 2.4
    endloop
  endfacet
  facet normal 0.666197 0.238302 0.706678
    outer loop
      vertex -37.0488 -21.8879 4
      vertex -35.5706 -21.2756 2.4
      vertex -37.1579 -21.5829 4
    endloop
  endfacet
  facet normal 0.69986 0.103856 0.70669
    outer loop
      vertex -35.6673 -20.9567 2.4
      vertex -35.6918 -20.7916 2.4
      vertex -37.2366 -21.2688 4
    endloop
  endfacet
  facet normal 0.706674 0.0347823 0.706684
    outer loop
      vertex -35.6918 -20.7916 2.4
      vertex -35.7 -20.625 2.4
      vertex -37.2841 -20.9485 4
    endloop
  endfacet
  facet normal -0.10379 -0.699875 0.706684
    outer loop
      vertex -33.3562 -17.3884 4
      vertex -33.6765 -17.3409 4
      vertex -33.8334 -18.9332 2.4
    endloop
  endfacet
  facet normal -0.171803 0.686364 0.706674
    outer loop
      vertex -33.0421 -23.7829 4
      vertex -33.5065 -22.2518 2.4
      vertex -33.6683 -22.2923 2.4
    endloop
  endfacet
  facet normal -0.58836 -0.39224 0.707093
    outer loop
      vertex -31.2651 -18.7963 3.99
      vertex -32.5865 -19.6805 2.4
      vertex -31.2645 -18.7972 3.99
    endloop
  endfacet
  facet normal -0.56826 -0.42153 0.706677
    outer loop
      vertex -32.5865 -19.6805 2.4
      vertex -31.2651 -18.7963 3.99
      vertex -32.6859 -19.5465 2.4
    endloop
  endfacet
  facet normal -0.36384 0.606824 0.706672
    outer loop
      vertex -32.1666 -23.3688 4
      vertex -33.0555 -22.0385 2.4
      vertex -33.1986 -22.1243 2.4
    endloop
  endfacet
  facet normal -0.526674 -0.476063 0.704257
    outer loop
      vertex -31.6665 -18.2915 4
      vertex -31.61 -18.3688 3.99
      vertex -31.6364 -18.3248 4
    endloop
  endfacet
  facet normal -0.524203 -0.475195 0.706683
    outer loop
      vertex -31.61 -18.3688 3.99
      vertex -32.6859 -19.5465 2.4
      vertex -31.4568 -18.5378 3.99
    endloop
  endfacet
  facet normal -0.524564 -0.474832 0.706659
    outer loop
      vertex -32.6859 -19.5465 2.4
      vertex -31.61 -18.3688 3.99
      vertex -31.6665 -18.2915 4
    endloop
  endfacet
  facet normal -0.0347333 -0.70668 0.70668
    outer loop
      vertex -33.6765 -17.3409 4
      vertex -34 -17.325 4
      vertex -34 -18.925 2.4
    endloop
  endfacet
  facet normal -0.0347823 -0.706674 0.706684
    outer loop
      vertex -33.8334 -18.9332 2.4
      vertex -33.6765 -17.3409 4
      vertex -34 -18.925 2.4
    endloop
  endfacet
  facet normal -0.524294 -0.475088 0.706688
    outer loop
      vertex -32.6859 -19.5465 2.4
      vertex -31.6665 -18.2915 4
      vertex -32.7979 -19.4229 2.4
    endloop
  endfacet
  facet normal -0.17196 -0.686312 0.706686
    outer loop
      vertex -33.0421 -17.4671 4
      vertex -33.3562 -17.3884 4
      vertex -33.6683 -18.9577 2.4
    endloop
  endfacet
  facet normal 0 0 1
    outer loop
      vertex -29.8708 -19.7658 4
      vertex -30.7159 -20.3015 4
      vertex -30.7 -20.625 4
    endloop
  endfacet
  facet normal 0 0 1
    outer loop
      vertex -30.4142 -19.5408 4
      vertex -30.7634 -19.9812 4
      vertex -30.7159 -20.3015 4
    endloop
  endfacet
  facet normal 0 0 1
    outer loop
      vertex -30.4142 -19.5408 4
      vertex -30.8421 -19.6671 4
      vertex -30.7634 -19.9812 4
    endloop
  endfacet
  facet normal -0 0 1
    outer loop
      vertex -30.9512 -19.3621 4
      vertex -30.6667 -19.3894 4
      vertex -30.9032 -19.214 4
    endloop
  endfacet
  facet normal 0 0 1
    outer loop
      vertex -30.6667 -19.3894 4
      vertex -30.9512 -19.3621 4
      vertex -30.8421 -19.6671 4
    endloop
  endfacet
  facet normal 0 0 1
    outer loop
      vertex -30.9032 -19.214 4
      vertex -31.0897 -19.0694 4
      vertex -30.9512 -19.3621 4
    endloop
  endfacet
  facet normal 0 0 1
    outer loop
      vertex -31.1213 -19.0163 4
      vertex -31.0897 -19.0694 4
      vertex -30.9032 -19.214 4
    endloop
  endfacet
  facet normal 0 0 1
    outer loop
      vertex -31.0897 -19.0694 4
      vertex -31.1213 -19.0163 4
      vertex -31.1218 -19.0158 4
    endloop
  endfacet
  facet normal 0 0 1
    outer loop
      vertex 1.75736 26.625 4
      vertex 1.55561 23.5353 4
      vertex 1.75736 23.4144 4
    endloop
  endfacet
  facet normal 0 0 1
    outer loop
      vertex 1.75736 26.625 4
      vertex 1.26285 23.6738 4
      vertex 1.55561 23.5353 4
    endloop
  endfacet
  facet normal 0 0 1
    outer loop
      vertex 1.75736 26.625 4
      vertex 0.957939 23.7829 4
      vertex 1.26285 23.6738 4
    endloop
  endfacet
  facet normal 0 0 1
    outer loop
      vertex 1.75736 26.625 4
      vertex 0.643798 23.8616 4
      vertex 0.957939 23.7829 4
    endloop
  endfacet
  facet normal 0 0 1
    outer loop
      vertex 1.75736 26.625 4
      vertex 0.323456 23.9091 4
      vertex 0.643798 23.8616 4
    endloop
  endfacet
  facet normal 0 0 1
    outer loop
      vertex 1.75736 26.625 4
      vertex 0 23.925 4
      vertex 0.323456 23.9091 4
    endloop
  endfacet
  facet normal 0 0 1
    outer loop
      vertex 1.75736 26.625 4
      vertex -0.323456 23.9091 4
      vertex 0 23.925 4
    endloop
  endfacet
  facet normal 0 0 1
    outer loop
      vertex 1.75736 26.625 4
      vertex -0.643798 23.8616 4
      vertex -0.323456 23.9091 4
    endloop
  endfacet
  facet normal 0 0 1
    outer loop
      vertex 1.75736 26.625 4
      vertex -0.957939 23.7829 4
      vertex -0.643798 23.8616 4
    endloop
  endfacet
  facet normal 0 0 1
    outer loop
      vertex 1.75736 26.625 4
      vertex -1.26285 23.6738 4
      vertex -0.957939 23.7829 4
    endloop
  endfacet
  facet normal 0 0 1
    outer loop
      vertex 1.75736 26.625 4
      vertex -1.55561 23.5353 4
      vertex -1.26285 23.6738 4
    endloop
  endfacet
  facet normal 0 0 1
    outer loop
      vertex 1.75736 26.625 4
      vertex -1.83338 23.3688 4
      vertex -1.55561 23.5353 4
    endloop
  endfacet
  facet normal 0 0 1
    outer loop
      vertex 1.75736 26.625 4
      vertex -2.0935 23.1759 4
      vertex -1.83338 23.3688 4
    endloop
  endfacet
  facet normal -0 0 1
    outer loop
      vertex -4.01362 -17.1893 4
      vertex -2.0935 -18.0741 4
      vertex -4.01361 -17.1893 4
    endloop
  endfacet
  facet normal 0 0 1
    outer loop
      vertex -5.5848 19.5408 4
      vertex -3.3 20.625 4
      vertex -3.28411 20.9485 4
    endloop
  endfacet
  facet normal 0 0 1
    outer loop
      vertex -5.85091 19.6667 4
      vertex -3.28411 20.9485 4
      vertex -3.23659 21.2688 4
    endloop
  endfacet
  facet normal 0 0 1
    outer loop
      vertex -3.28411 20.3015 4
      vertex -3.99916 16.8951 4
      vertex -3.99915 16.8951 4
    endloop
  endfacet
  facet normal 0 0 1
    outer loop
      vertex -3.28411 20.3015 4
      vertex -3.99916 16.8952 4
      vertex -3.99916 16.8951 4
    endloop
  endfacet
  facet normal 0 0 1
    outer loop
      vertex -3.28411 20.3015 4
      vertex -4.0136 17.1892 4
      vertex -3.99916 16.8952 4
    endloop
  endfacet
  facet normal 0 0 1
    outer loop
      vertex -3.28411 20.3015 4
      vertex -4.01361 17.1892 4
      vertex -4.0136 17.1892 4
    endloop
  endfacet
  facet normal 0 0 1
    outer loop
      vertex -3.28411 20.3015 4
      vertex -4.01361 17.1893 4
      vertex -4.01361 17.1892 4
    endloop
  endfacet
  facet normal 0 0 1
    outer loop
      vertex -3.28411 20.3015 4
      vertex -4.01362 17.1893 4
      vertex -4.01361 17.1893 4
    endloop
  endfacet
  facet normal 0 0 1
    outer loop
      vertex -3.28411 20.3015 4
      vertex -4.05681 17.4805 4
      vertex -4.01362 17.1893 4
    endloop
  endfacet
  facet normal 0 0 1
    outer loop
      vertex -3.28411 20.3015 4
      vertex -4.05682 17.4805 4
      vertex -4.05681 17.4805 4
    endloop
  endfacet
  facet normal 0 0 1
    outer loop
      vertex -3.28411 20.3015 4
      vertex -4.12834 17.7661 4
      vertex -4.05682 17.4805 4
    endloop
  endfacet
  facet normal 0 0 1
    outer loop
      vertex -6.12806 19.7658 4
      vertex -3.23659 21.2688 4
      vertex -3.1579 21.5829 4
    endloop
  endfacet
  facet normal 0 0 1
    outer loop
      vertex -3.28411 20.3015 4
      vertex -4.12835 17.7661 4
      vertex -4.12834 17.7661 4
    endloop
  endfacet
  facet normal 0 0 1
    outer loop
      vertex -3.28411 20.3015 4
      vertex -4.22752 18.0433 4
      vertex -4.12835 17.7661 4
    endloop
  endfacet
  facet normal 0 0 1
    outer loop
      vertex -3.28411 20.3015 4
      vertex -4.22753 18.0433 4
      vertex -4.22752 18.0433 4
    endloop
  endfacet
  facet normal 0 0 1
    outer loop
      vertex -3.28411 20.3015 4
      vertex -4.3534 18.3094 4
      vertex -4.22753 18.0433 4
    endloop
  endfacet
  facet normal 0 0 1
    outer loop
      vertex -6.41361 19.8373 4
      vertex -3.1579 21.5829 4
      vertex -3.0488 21.8879 4
    endloop
  endfacet
  facet normal 0 0 1
    outer loop
      vertex -3.28411 20.3015 4
      vertex -4.50473 18.5619 4
      vertex -4.3534 18.3094 4
    endloop
  endfacet
  facet normal 0 0 1
    outer loop
      vertex -3.28411 20.3015 4
      vertex -4.68008 18.7983 4
      vertex -4.50473 18.5619 4
    endloop
  endfacet
  facet normal 0 0 1
    outer loop
      vertex -6.7048 19.8805 4
      vertex -3.0488 21.8879 4
      vertex -2.91034 22.1806 4
    endloop
  endfacet
  facet normal 0 0 1
    outer loop
      vertex -3.28411 20.3015 4
      vertex -4.87777 19.0164 4
      vertex -4.68008 18.7983 4
    endloop
  endfacet
  facet normal 0 0 1
    outer loop
      vertex -6.9988 19.895 4
      vertex -2.91034 22.1806 4
      vertex -2.74385 22.4584 4
    endloop
  endfacet
  facet normal 0 0 1
    outer loop
      vertex -3.28411 20.3015 4
      vertex -5.09589 19.2141 4
      vertex -4.87777 19.0164 4
    endloop
  endfacet
  facet normal 0 0 1
    outer loop
      vertex -4.87777 19.0164 4
      vertex -5.09589 19.2141 4
      vertex -4.87778 19.0164 4
    endloop
  endfacet
  facet normal 0 0 1
    outer loop
      vertex -3.28411 20.3015 4
      vertex -5.33232 19.3895 4
      vertex -5.09589 19.2141 4
    endloop
  endfacet
  facet normal 0 0 1
    outer loop
      vertex -6.9988 19.895 4
      vertex -2.74385 22.4584 4
      vertex -2.55093 22.7185 4
    endloop
  endfacet
  facet normal 0 0 1
    outer loop
      vertex -3.3 20.625 4
      vertex -5.5848 19.5408 4
      vertex -5.33232 19.3895 4
    endloop
  endfacet
  facet normal 0 0 1
    outer loop
      vertex -6.9988 19.895 4
      vertex -2.55093 22.7185 4
      vertex -2.33345 22.9585 4
    endloop
  endfacet
  facet normal 0 0 1
    outer loop
      vertex -3.28411 20.9485 4
      vertex -5.85091 19.6667 4
      vertex -5.5848 19.5408 4
    endloop
  endfacet
  facet normal 0 0 1
    outer loop
      vertex -3.23659 21.2688 4
      vertex -6.12806 19.7658 4
      vertex -5.85091 19.6667 4
    endloop
  endfacet
  facet normal 0 0 1
    outer loop
      vertex -6.9988 19.895 4
      vertex -2.33345 22.9585 4
      vertex -2.0935 23.1759 4
    endloop
  endfacet
  facet normal 0 0 1
    outer loop
      vertex -31.9065 23.1759 4
      vertex -2.0935 23.1759 4
      vertex 1.75736 26.625 4
    endloop
  endfacet
  facet normal 0 0 1
    outer loop
      vertex -3.1579 21.5829 4
      vertex -6.41361 19.8373 4
      vertex -6.12806 19.7658 4
    endloop
  endfacet
  facet normal 0 0 1
    outer loop
      vertex -6.12806 19.7658 4
      vertex -6.41361 19.8373 4
      vertex -6.12807 19.7658 4
    endloop
  endfacet
  facet normal 0 0 1
    outer loop
      vertex -3.0488 21.8879 4
      vertex -6.7048 19.8805 4
      vertex -6.41361 19.8373 4
    endloop
  endfacet
  facet normal 0 0 1
    outer loop
      vertex -2.91034 22.1806 4
      vertex -6.9988 19.895 4
      vertex -6.7048 19.8805 4
    endloop
  endfacet
  facet normal 0 0 1
    outer loop
      vertex -2.0935 23.1759 4
      vertex -31.9065 23.1759 4
      vertex -6.9988 19.895 4
    endloop
  endfacet
  facet normal 0 0 1
    outer loop
      vertex -6.9988 19.895 4
      vertex -31.2562 22.4584 4
      vertex -29 19.895 4
    endloop
  endfacet
  facet normal -0 -0 1
    outer loop
      vertex -31.0897 22.1806 4
      vertex -29 19.895 4
      vertex -31.2562 22.4584 4
    endloop
  endfacet
  facet normal -0 0 1
    outer loop
      vertex -30.7634 19.9812 4
      vertex -30.148 19.6666 4
      vertex -30.7159 20.3015 4
    endloop
  endfacet
  facet normal 0 0 1
    outer loop
      vertex -29.8708 19.7658 4
      vertex -30.7159 20.3015 4
      vertex -30.148 19.6666 4
    endloop
  endfacet
  facet normal -0 0 1
    outer loop
      vertex -30.7159 20.3015 4
      vertex -29.8708 19.7658 4
      vertex -30.7 20.625 4
    endloop
  endfacet
  facet normal 0 0 1
    outer loop
      vertex -29.5853 19.8373 4
      vertex -30.7 20.625 4
      vertex -29.8708 19.7658 4
    endloop
  endfacet
  facet normal -0 -0 1
    outer loop
      vertex -30.8421 21.5829 4
      vertex -29 19.895 4
      vertex -30.9512 21.8879 4
    endloop
  endfacet
  facet normal 0 0 1
    outer loop
      vertex -29.5853 19.8373 4
      vertex -30.7159 20.9485 4
      vertex -30.7 20.625 4
    endloop
  endfacet
  facet normal 0 0 1
    outer loop
      vertex -29.294 19.8805 4
      vertex -30.7159 20.9485 4
      vertex -29.5853 19.8373 4
    endloop
  endfacet
  facet normal -0 -0 1
    outer loop
      vertex -30.7159 20.9485 4
      vertex -29.294 19.8805 4
      vertex -30.7634 21.2688 4
    endloop
  endfacet
  facet normal 0 0 1
    outer loop
      vertex -29 19.895 4
      vertex -30.7634 21.2688 4
      vertex -29.294 19.8805 4
    endloop
  endfacet
  facet normal -0 -0 1
    outer loop
      vertex -30.7634 21.2688 4
      vertex -29 19.895 4
      vertex -30.8421 21.5829 4
    endloop
  endfacet
  facet normal -0 -0 1
    outer loop
      vertex -30.9512 21.8879 4
      vertex -29 19.895 4
      vertex -31.0897 22.1806 4
    endloop
  endfacet
  facet normal 0 0 1
    outer loop
      vertex -6.9988 19.895 4
      vertex -31.4491 22.7185 4
      vertex -31.2562 22.4584 4
    endloop
  endfacet
  facet normal 0 0 1
    outer loop
      vertex -6.9988 19.895 4
      vertex -31.6665 22.9585 4
      vertex -31.4491 22.7185 4
    endloop
  endfacet
  facet normal 0 0 1
    outer loop
      vertex -6.9988 19.895 4
      vertex -31.9065 23.1759 4
      vertex -31.6665 22.9585 4
    endloop
  endfacet
  facet normal 0 0 1
    outer loop
      vertex 1.75736 26.625 4
      vertex -32.1666 23.3688 4
      vertex -31.9065 23.1759 4
    endloop
  endfacet
  facet normal 0 0 1
    outer loop
      vertex 1.75736 26.625 4
      vertex -32.4444 23.5353 4
      vertex -32.1666 23.3688 4
    endloop
  endfacet
  facet normal -0 0 1
    outer loop
      vertex -37 26.625 4
      vertex -32.4444 23.5353 4
      vertex 1.75736 26.625 4
    endloop
  endfacet
  facet normal 0 0 1
    outer loop
      vertex -32.4444 23.5353 4
      vertex -37 26.625 4
      vertex -32.7371 23.6738 4
    endloop
  endfacet
  facet normal 0 0 1
    outer loop
      vertex -32.7371 23.6738 4
      vertex -37 26.625 4
      vertex -33.0421 23.7829 4
    endloop
  endfacet
  facet normal 0 0 1
    outer loop
      vertex -33.0421 23.7829 4
      vertex -37 26.625 4
      vertex -33.3562 23.8616 4
    endloop
  endfacet
  facet normal 0 0 1
    outer loop
      vertex -33.3562 23.8616 4
      vertex -37 26.625 4
      vertex -33.6765 23.9091 4
    endloop
  endfacet
  facet normal 0 0 1
    outer loop
      vertex -33.6765 23.9091 4
      vertex -37 26.625 4
      vertex -34 23.925 4
    endloop
  endfacet
  facet normal 0 0 1
    outer loop
      vertex -34 23.925 4
      vertex -37 26.625 4
      vertex -34.3235 23.9091 4
    endloop
  endfacet
  facet normal 0 0 1
    outer loop
      vertex -37 26.625 4
      vertex -34.6438 23.8616 4
      vertex -34.3235 23.9091 4
    endloop
  endfacet
  facet normal 0 0 1
    outer loop
      vertex -37 26.625 4
      vertex -34.9579 23.7829 4
      vertex -34.6438 23.8616 4
    endloop
  endfacet
  facet normal 0 0 1
    outer loop
      vertex -37 26.625 4
      vertex -35.2629 23.6738 4
      vertex -34.9579 23.7829 4
    endloop
  endfacet
  facet normal 0 0 1
    outer loop
      vertex -37 26.625 4
      vertex -35.5556 23.5353 4
      vertex -35.2629 23.6738 4
    endloop
  endfacet
  facet normal 0 0 1
    outer loop
      vertex -37 26.625 4
      vertex -35.8334 23.3688 4
      vertex -35.5556 23.5353 4
    endloop
  endfacet
  facet normal 0 0 1
    outer loop
      vertex -37 26.625 4
      vertex -36.0935 23.1759 4
      vertex -35.8334 23.3688 4
    endloop
  endfacet
  facet normal -0 0 1
    outer loop
      vertex -37.294 26.6105 4
      vertex -36.0935 23.1759 4
      vertex -37 26.625 4
    endloop
  endfacet
  facet normal -0 0 1
    outer loop
      vertex -37.5853 26.5674 4
      vertex -36.0935 23.1759 4
      vertex -37.294 26.6105 4
    endloop
  endfacet
  facet normal -0 0 1
    outer loop
      vertex -37.8708 26.4958 4
      vertex -36.0935 23.1759 4
      vertex -37.5853 26.5674 4
    endloop
  endfacet
  facet normal -0 0 1
    outer loop
      vertex -38.148 26.3966 4
      vertex -36.0935 23.1759 4
      vertex -37.8708 26.4958 4
    endloop
  endfacet
  facet normal -0 0 1
    outer loop
      vertex -38.4142 26.2708 4
      vertex -36.0935 23.1759 4
      vertex -38.148 26.3966 4
    endloop
  endfacet
  facet normal 0 0 1
    outer loop
      vertex -36.0935 23.1759 4
      vertex -38.4142 26.2708 4
      vertex -36.3335 22.9585 4
    endloop
  endfacet
  facet normal -0 0 1
    outer loop
      vertex -38.6667 26.1194 4
      vertex -36.3335 22.9585 4
      vertex -38.4142 26.2708 4
    endloop
  endfacet
  facet normal -0 0 1
    outer loop
      vertex -38.9032 25.944 4
      vertex -36.3335 22.9585 4
      vertex -38.6667 26.1194 4
    endloop
  endfacet
  facet normal -0 0 1
    outer loop
      vertex -39.1213 25.7463 4
      vertex -36.3335 22.9585 4
      vertex -38.9032 25.944 4
    endloop
  endfacet
  facet normal -0 0 1
    outer loop
      vertex -39.319 25.5282 4
      vertex -36.3335 22.9585 4
      vertex -39.1213 25.7463 4
    endloop
  endfacet
  facet normal 0 0 1
    outer loop
      vertex -37.2841 20.9485 4
      vertex -40 23.625 4
      vertex -37.3 20.625 4
    endloop
  endfacet
  facet normal -0 0 1
    outer loop
      vertex -39.4944 25.2917 4
      vertex -36.3335 22.9585 4
      vertex -39.319 25.5282 4
    endloop
  endfacet
  facet normal -0 0 1
    outer loop
      vertex 1.55561 17.7147 4
      vertex 1.75736 -17.8356 4
      vertex 1.75736 17.8356 4
    endloop
  endfacet
  facet normal 0 0 1
    outer loop
      vertex 1.55561 17.7147 4
      vertex 1.55561 -17.7147 4
      vertex 1.75736 -17.8356 4
    endloop
  endfacet
  facet normal -0 0 1
    outer loop
      vertex 1.26285 17.5762 4
      vertex 1.55561 -17.7147 4
      vertex 1.55561 17.7147 4
    endloop
  endfacet
  facet normal 0 0 1
    outer loop
      vertex 1.26285 17.5762 4
      vertex 1.26285 -17.5762 4
      vertex 1.55561 -17.7147 4
    endloop
  endfacet
  facet normal -0 0 1
    outer loop
      vertex 0.957939 17.4671 4
      vertex 1.26285 -17.5762 4
      vertex 1.26285 17.5762 4
    endloop
  endfacet
  facet normal 0 0 1
    outer loop
      vertex 0.957939 17.4671 4
      vertex 0.957939 -17.4671 4
      vertex 1.26285 -17.5762 4
    endloop
  endfacet
  facet normal -0 0 1
    outer loop
      vertex 0.643798 17.3884 4
      vertex 0.957939 -17.4671 4
      vertex 0.957939 17.4671 4
    endloop
  endfacet
  facet normal 0 0 1
    outer loop
      vertex 0.643798 17.3884 4
      vertex 0.643798 -17.3884 4
      vertex 0.957939 -17.4671 4
    endloop
  endfacet
  facet normal -0 0 1
    outer loop
      vertex 0.323456 17.3409 4
      vertex 0.643798 -17.3884 4
      vertex 0.643798 17.3884 4
    endloop
  endfacet
  facet normal 0 0 1
    outer loop
      vertex 0.323456 17.3409 4
      vertex 0.323456 -17.3409 4
      vertex 0.643798 -17.3884 4
    endloop
  endfacet
  facet normal -0 0 1
    outer loop
      vertex 0 17.325 4
      vertex 0.323456 -17.3409 4
      vertex 0.323456 17.3409 4
    endloop
  endfacet
  facet normal 0 0 1
    outer loop
      vertex 0 17.325 4
      vertex 0 -17.325 4
      vertex 0.323456 -17.3409 4
    endloop
  endfacet
  facet normal 0 0 1
    outer loop
      vertex -3.99915 16.8951 4
      vertex 0 17.325 4
      vertex -0.323456 17.3409 4
    endloop
  endfacet
  facet normal 0 0 1
    outer loop
      vertex 0 17.325 4
      vertex -3.99915 16.8951 4
      vertex 0 -17.325 4
    endloop
  endfacet
  facet normal 0 0 1
    outer loop
      vertex -3.99915 16.8951 4
      vertex -0.323456 17.3409 4
      vertex -0.643798 17.3884 4
    endloop
  endfacet
  facet normal -0 0 1
    outer loop
      vertex -3.99915 -16.8951 4
      vertex 0 -17.325 4
      vertex -3.99915 16.8951 4
    endloop
  endfacet
  facet normal 0 0 1
    outer loop
      vertex -3.99915 16.8951 4
      vertex -0.643798 17.3884 4
      vertex -0.957939 17.4671 4
    endloop
  endfacet
  facet normal 0 0 1
    outer loop
      vertex 0 -17.325 4
      vertex -3.99915 -16.8951 4
      vertex -0.323456 -17.3409 4
    endloop
  endfacet
  facet normal 0 0 1
    outer loop
      vertex -3.99915 16.8951 4
      vertex -0.957939 17.4671 4
      vertex -1.26285 17.5762 4
    endloop
  endfacet
  facet normal 0 0 1
    outer loop
      vertex -0.323456 -17.3409 4
      vertex -3.99915 -16.8951 4
      vertex -0.643798 -17.3884 4
    endloop
  endfacet
  facet normal 0 0 1
    outer loop
      vertex -3.99915 16.8951 4
      vertex -1.26285 17.5762 4
      vertex -1.55561 17.7147 4
    endloop
  endfacet
  facet normal 0 0 1
    outer loop
      vertex -0.643798 -17.3884 4
      vertex -3.99915 -16.8951 4
      vertex -0.957939 -17.4671 4
    endloop
  endfacet
  facet normal 0 0 1
    outer loop
      vertex -3.99915 16.8951 4
      vertex -1.55561 17.7147 4
      vertex -1.83338 17.8812 4
    endloop
  endfacet
  facet normal 0 0 1
    outer loop
      vertex -0.957939 -17.4671 4
      vertex -3.99915 -16.8951 4
      vertex -1.26285 -17.5762 4
    endloop
  endfacet
  facet normal 0 0 1
    outer loop
      vertex -3.99915 16.8951 4
      vertex -1.83338 17.8812 4
      vertex -2.0935 18.0741 4
    endloop
  endfacet
  facet normal 0 0 1
    outer loop
      vertex -1.26285 -17.5762 4
      vertex -3.99915 -16.8951 4
      vertex -1.55561 -17.7147 4
    endloop
  endfacet
  facet normal 0 0 1
    outer loop
      vertex -3.99915 16.8951 4
      vertex -2.0935 18.0741 4
      vertex -2.33345 18.2915 4
    endloop
  endfacet
  facet normal 0 0 1
    outer loop
      vertex -1.55561 -17.7147 4
      vertex -3.99915 -16.8951 4
      vertex -1.83338 -17.8812 4
    endloop
  endfacet
  facet normal 0 0 1
    outer loop
      vertex -3.99915 16.8951 4
      vertex -2.33345 18.2915 4
      vertex -2.55093 18.5315 4
    endloop
  endfacet
  facet normal 0 0 1
    outer loop
      vertex -3.99915 16.8951 4
      vertex -2.55093 18.5315 4
      vertex -2.74385 18.7916 4
    endloop
  endfacet
  facet normal -0 0 1
    outer loop
      vertex -3.99916 -16.8951 4
      vertex -1.83338 -17.8812 4
      vertex -3.99915 -16.8951 4
    endloop
  endfacet
  facet normal 0 0 1
    outer loop
      vertex -3.99915 16.8951 4
      vertex -2.74385 18.7916 4
      vertex -2.91034 19.0694 4
    endloop
  endfacet
  facet normal 0 0 1
    outer loop
      vertex -1.83338 -17.8812 4
      vertex -3.99916 -16.8951 4
      vertex -2.0935 -18.0741 4
    endloop
  endfacet
  facet normal 0 0 1
    outer loop
      vertex -3.99915 16.8951 4
      vertex -2.91034 19.0694 4
      vertex -3.0488 19.3621 4
    endloop
  endfacet
  facet normal -0 0 1
    outer loop
      vertex -3.99916 -16.8952 4
      vertex -2.0935 -18.0741 4
      vertex -3.99916 -16.8951 4
    endloop
  endfacet
  facet normal 0 0 1
    outer loop
      vertex -3.99915 16.8951 4
      vertex -3.0488 19.3621 4
      vertex -3.1579 19.6671 4
    endloop
  endfacet
  facet normal -0 0 1
    outer loop
      vertex -4.0136 -17.1892 4
      vertex -2.0935 -18.0741 4
      vertex -3.99916 -16.8952 4
    endloop
  endfacet
  facet normal 0 0 1
    outer loop
      vertex -3.99915 16.8951 4
      vertex -3.1579 19.6671 4
      vertex -3.23659 19.9812 4
    endloop
  endfacet
  facet normal -0 0 1
    outer loop
      vertex -4.01361 -17.1892 4
      vertex -2.0935 -18.0741 4
      vertex -4.0136 -17.1892 4
    endloop
  endfacet
  facet normal 0 0 1
    outer loop
      vertex -3.99915 16.8951 4
      vertex -3.23659 19.9812 4
      vertex -3.28411 20.3015 4
    endloop
  endfacet
  facet normal 0 0 1
    outer loop
      vertex -5.33232 19.3895 4
      vertex -3.28411 20.3015 4
      vertex -3.3 20.625 4
    endloop
  endfacet
  facet normal -0 0 1
    outer loop
      vertex -4.01361 -17.1893 4
      vertex -2.0935 -18.0741 4
      vertex -4.01361 -17.1892 4
    endloop
  endfacet
  facet normal -0 0 1
    outer loop
      vertex 1.55561 -23.5353 4
      vertex 1.75736 -26.625 4
      vertex 1.75736 -23.4144 4
    endloop
  endfacet
  facet normal -0 0 1
    outer loop
      vertex 1.26285 -23.6738 4
      vertex 1.75736 -26.625 4
      vertex 1.55561 -23.5353 4
    endloop
  endfacet
  facet normal -0 0 1
    outer loop
      vertex 0.957939 -23.7829 4
      vertex 1.75736 -26.625 4
      vertex 1.26285 -23.6738 4
    endloop
  endfacet
  facet normal -0 0 1
    outer loop
      vertex 0.643798 -23.8616 4
      vertex 1.75736 -26.625 4
      vertex 0.957939 -23.7829 4
    endloop
  endfacet
  facet normal -0 0 1
    outer loop
      vertex 0.323456 -23.9091 4
      vertex 1.75736 -26.625 4
      vertex 0.643798 -23.8616 4
    endloop
  endfacet
  facet normal -0 0 1
    outer loop
      vertex 0 -23.925 4
      vertex 1.75736 -26.625 4
      vertex 0.323456 -23.9091 4
    endloop
  endfacet
  facet normal 0 0 1
    outer loop
      vertex -0.323456 -23.9091 4
      vertex 1.75736 -26.625 4
      vertex 0 -23.925 4
    endloop
  endfacet
  facet normal 0 0 1
    outer loop
      vertex -0.643798 -23.8616 4
      vertex 1.75736 -26.625 4
      vertex -0.323456 -23.9091 4
    endloop
  endfacet
  facet normal 0 0 1
    outer loop
      vertex -0.957939 -23.7829 4
      vertex 1.75736 -26.625 4
      vertex -0.643798 -23.8616 4
    endloop
  endfacet
  facet normal 0 0 1
    outer loop
      vertex -1.26285 -23.6738 4
      vertex 1.75736 -26.625 4
      vertex -0.957939 -23.7829 4
    endloop
  endfacet
  facet normal 0 0 1
    outer loop
      vertex -1.55561 -23.5353 4
      vertex 1.75736 -26.625 4
      vertex -1.26285 -23.6738 4
    endloop
  endfacet
  facet normal 0 0 1
    outer loop
      vertex -1.83338 -23.3688 4
      vertex 1.75736 -26.625 4
      vertex -1.55561 -23.5353 4
    endloop
  endfacet
  facet normal 0 0 1
    outer loop
      vertex -2.0935 -23.1759 4
      vertex 1.75736 -26.625 4
      vertex -1.83338 -23.3688 4
    endloop
  endfacet
  facet normal 0 0 1
    outer loop
      vertex -2.0935 -18.0741 4
      vertex -4.01362 -17.1893 4
      vertex -2.33345 -18.2915 4
    endloop
  endfacet
  facet normal -0 0 1
    outer loop
      vertex -4.05681 -17.4805 4
      vertex -2.33345 -18.2915 4
      vertex -4.01362 -17.1893 4
    endloop
  endfacet
  facet normal -0 0 1
    outer loop
      vertex -4.05682 -17.4805 4
      vertex -2.33345 -18.2915 4
      vertex -4.05681 -17.4805 4
    endloop
  endfacet
  facet normal 0 0 1
    outer loop
      vertex -2.33345 -18.2915 4
      vertex -4.05682 -17.4805 4
      vertex -2.55093 -18.5315 4
    endloop
  endfacet
  facet normal -0 0 1
    outer loop
      vertex -4.12834 -17.7661 4
      vertex -2.55093 -18.5315 4
      vertex -4.05682 -17.4805 4
    endloop
  endfacet
  facet normal -0 0 1
    outer loop
      vertex -4.12835 -17.7661 4
      vertex -2.55093 -18.5315 4
      vertex -4.12834 -17.7661 4
    endloop
  endfacet
  facet normal 0 0 1
    outer loop
      vertex -2.55093 -18.5315 4
      vertex -4.12835 -17.7661 4
      vertex -2.74385 -18.7916 4
    endloop
  endfacet
  facet normal -0 0 1
    outer loop
      vertex -4.22752 -18.0433 4
      vertex -2.74385 -18.7916 4
      vertex -4.12835 -17.7661 4
    endloop
  endfacet
  facet normal -0 0 1
    outer loop
      vertex -4.22753 -18.0433 4
      vertex -2.74385 -18.7916 4
      vertex -4.22752 -18.0433 4
    endloop
  endfacet
  facet normal 0 0 1
    outer loop
      vertex -2.74385 -18.7916 4
      vertex -4.22753 -18.0433 4
      vertex -2.91034 -19.0694 4
    endloop
  endfacet
  facet normal -0 0 1
    outer loop
      vertex -4.3534 -18.3094 4
      vertex -2.91034 -19.0694 4
      vertex -4.22753 -18.0433 4
    endloop
  endfacet
  facet normal 0 0 1
    outer loop
      vertex -2.91034 -19.0694 4
      vertex -4.3534 -18.3094 4
      vertex -3.0488 -19.3621 4
    endloop
  endfacet
  facet normal -0 0 1
    outer loop
      vertex -4.50473 -18.5619 4
      vertex -3.0488 -19.3621 4
      vertex -4.3534 -18.3094 4
    endloop
  endfacet
  facet normal -0 0 1
    outer loop
      vertex -4.68008 -18.7983 4
      vertex -3.0488 -19.3621 4
      vertex -4.50473 -18.5619 4
    endloop
  endfacet
  facet normal 0 0 1
    outer loop
      vertex -3.0488 -19.3621 4
      vertex -4.68008 -18.7983 4
      vertex -3.1579 -19.6671 4
    endloop
  endfacet
  facet normal -0 0 1
    outer loop
      vertex -4.87777 -19.0164 4
      vertex -3.1579 -19.6671 4
      vertex -4.68008 -18.7983 4
    endloop
  endfacet
  facet normal 0 0 1
    outer loop
      vertex -3.1579 -19.6671 4
      vertex -4.87777 -19.0164 4
      vertex -3.23659 -19.9812 4
    endloop
  endfacet
  facet normal -0 0 1
    outer loop
      vertex -5.09589 -19.2141 4
      vertex -3.23659 -19.9812 4
      vertex -4.87777 -19.0164 4
    endloop
  endfacet
  facet normal 0 0 1
    outer loop
      vertex -3.23659 -19.9812 4
      vertex -5.09589 -19.2141 4
      vertex -3.28411 -20.3015 4
    endloop
  endfacet
  facet normal -0 0 1
    outer loop
      vertex -5.33232 -19.3895 4
      vertex -3.28411 -20.3015 4
      vertex -5.09589 -19.2141 4
    endloop
  endfacet
  facet normal 0 0 1
    outer loop
      vertex -3.28411 -20.3015 4
      vertex -5.33232 -19.3895 4
      vertex -3.3 -20.625 4
    endloop
  endfacet
  facet normal -0 0 1
    outer loop
      vertex -5.5848 -19.5408 4
      vertex -3.3 -20.625 4
      vertex -5.33232 -19.3895 4
    endloop
  endfacet
  facet normal 0 0 1
    outer loop
      vertex -3.3 -20.625 4
      vertex -5.5848 -19.5408 4
      vertex -3.28411 -20.9485 4
    endloop
  endfacet
  facet normal -0 0 1
    outer loop
      vertex -5.85091 -19.6667 4
      vertex -3.28411 -20.9485 4
      vertex -5.5848 -19.5408 4
    endloop
  endfacet
  facet normal 0 0 1
    outer loop
      vertex -3.28411 -20.9485 4
      vertex -5.85091 -19.6667 4
      vertex -3.23659 -21.2688 4
    endloop
  endfacet
  facet normal 0 0 1
    outer loop
      vertex -5.09589 -19.2141 4
      vertex -4.87777 -19.0164 4
      vertex -4.87778 -19.0164 4
    endloop
  endfacet
  facet normal -0 0 1
    outer loop
      vertex -6.12806 -19.7658 4
      vertex -3.23659 -21.2688 4
      vertex -5.85091 -19.6667 4
    endloop
  endfacet
  facet normal 0 0 1
    outer loop
      vertex -3.23659 -21.2688 4
      vertex -6.12806 -19.7658 4
      vertex -3.1579 -21.5829 4
    endloop
  endfacet
  facet normal -0 0 1
    outer loop
      vertex -6.41361 -19.8373 4
      vertex -3.1579 -21.5829 4
      vertex -6.12806 -19.7658 4
    endloop
  endfacet
  facet normal 0 0 1
    outer loop
      vertex -3.1579 -21.5829 4
      vertex -6.41361 -19.8373 4
      vertex -3.0488 -21.8879 4
    endloop
  endfacet
  facet normal -0 0 1
    outer loop
      vertex -6.7048 -19.8805 4
      vertex -3.0488 -21.8879 4
      vertex -6.41361 -19.8373 4
    endloop
  endfacet
  facet normal 0 0 1
    outer loop
      vertex -3.0488 -21.8879 4
      vertex -6.7048 -19.8805 4
      vertex -2.91034 -22.1806 4
    endloop
  endfacet
  facet normal -0 0 1
    outer loop
      vertex -6.9988 -19.895 4
      vertex -2.91034 -22.1806 4
      vertex -6.7048 -19.8805 4
    endloop
  endfacet
  facet normal 0 0 1
    outer loop
      vertex -2.91034 -22.1806 4
      vertex -6.9988 -19.895 4
      vertex -2.74385 -22.4584 4
    endloop
  endfacet
  facet normal 0 0 1
    outer loop
      vertex -2.74385 -22.4584 4
      vertex -6.9988 -19.895 4
      vertex -2.55093 -22.7185 4
    endloop
  endfacet
  facet normal 0 0 1
    outer loop
      vertex -6.41361 -19.8373 4
      vertex -6.12806 -19.7658 4
      vertex -6.12807 -19.7658 4
    endloop
  endfacet
  facet normal 0 0 1
    outer loop
      vertex -2.55093 -22.7185 4
      vertex -6.9988 -19.895 4
      vertex -2.33345 -22.9585 4
    endloop
  endfacet
  facet normal 0 0 1
    outer loop
      vertex -2.33345 -22.9585 4
      vertex -6.9988 -19.895 4
      vertex -2.0935 -23.1759 4
    endloop
  endfacet
  facet normal 0 0 1
    outer loop
      vertex -31.9065 -23.1759 4
      vertex -2.0935 -23.1759 4
      vertex -6.9988 -19.895 4
    endloop
  endfacet
  facet normal 0 0 1
    outer loop
      vertex -31.2562 -22.4584 4
      vertex -6.9988 -19.895 4
      vertex -29 -19.895 4
    endloop
  endfacet
  facet normal 0 0 1
    outer loop
      vertex -30.7634 -21.2688 4
      vertex -29 -19.895 4
      vertex -29.294 -19.8805 4
    endloop
  endfacet
  facet normal 0 0 1
    outer loop
      vertex -30.7159 -20.9485 4
      vertex -29.294 -19.8805 4
      vertex -29.5853 -19.8373 4
    endloop
  endfacet
  facet normal 0 0 1
    outer loop
      vertex -30.8421 -19.6671 4
      vertex -30.4142 -19.5408 4
      vertex -30.6667 -19.3894 4
    endloop
  endfacet
  facet normal 0 0 1
    outer loop
      vertex -30.7159 -20.3015 4
      vertex -30.148 -19.6666 4
      vertex -30.4142 -19.5408 4
    endloop
  endfacet
  facet normal 0 0 1
    outer loop
      vertex -30.7159 -20.3015 4
      vertex -29.8708 -19.7658 4
      vertex -30.148 -19.6666 4
    endloop
  endfacet
  facet normal 0 0 1
    outer loop
      vertex -30.7 -20.625 4
      vertex -29.5853 -19.8373 4
      vertex -29.8708 -19.7658 4
    endloop
  endfacet
  facet normal 0 0 1
    outer loop
      vertex -30.7159 -20.9485 4
      vertex -29.5853 -19.8373 4
      vertex -30.7 -20.625 4
    endloop
  endfacet
  facet normal 0 0 1
    outer loop
      vertex -29.294 -19.8805 4
      vertex -30.7159 -20.9485 4
      vertex -30.7634 -21.2688 4
    endloop
  endfacet
  facet normal 0 0 1
    outer loop
      vertex -29 -19.895 4
      vertex -30.7634 -21.2688 4
      vertex -30.8421 -21.5829 4
    endloop
  endfacet
  facet normal 0 0 1
    outer loop
      vertex -29 -19.895 4
      vertex -30.8421 -21.5829 4
      vertex -30.9512 -21.8879 4
    endloop
  endfacet
  facet normal 0 0 1
    outer loop
      vertex -29 -19.895 4
      vertex -30.9512 -21.8879 4
      vertex -31.0897 -22.1806 4
    endloop
  endfacet
  facet normal 0 0 1
    outer loop
      vertex -29 -19.895 4
      vertex -31.0897 -22.1806 4
      vertex -31.2562 -22.4584 4
    endloop
  endfacet
  facet normal 0 0 1
    outer loop
      vertex -31.4491 -22.7185 4
      vertex -6.9988 -19.895 4
      vertex -31.2562 -22.4584 4
    endloop
  endfacet
  facet normal 0 0 1
    outer loop
      vertex -31.6665 -22.9585 4
      vertex -6.9988 -19.895 4
      vertex -31.4491 -22.7185 4
    endloop
  endfacet
  facet normal 0 0 1
    outer loop
      vertex -31.9065 -23.1759 4
      vertex -6.9988 -19.895 4
      vertex -31.6665 -22.9585 4
    endloop
  endfacet
  facet normal 0 0 1
    outer loop
      vertex -2.0935 -23.1759 4
      vertex -31.9065 -23.1759 4
      vertex 1.75736 -26.625 4
    endloop
  endfacet
  facet normal -0 0 1
    outer loop
      vertex -32.1666 -23.3688 4
      vertex 1.75736 -26.625 4
      vertex -31.9065 -23.1759 4
    endloop
  endfacet
  facet normal -0 0 1
    outer loop
      vertex -32.4444 -23.5353 4
      vertex 1.75736 -26.625 4
      vertex -32.1666 -23.3688 4
    endloop
  endfacet
  facet normal 0 0 1
    outer loop
      vertex -37 -26.625 4
      vertex -32.4444 -23.5353 4
      vertex -32.7371 -23.6738 4
    endloop
  endfacet
  facet normal 0 0 1
    outer loop
      vertex -37 -26.625 4
      vertex -32.7371 -23.6738 4
      vertex -33.0421 -23.7829 4
    endloop
  endfacet
  facet normal 0 0 1
    outer loop
      vertex -37 -26.625 4
      vertex -33.0421 -23.7829 4
      vertex -33.3562 -23.8616 4
    endloop
  endfacet
  facet normal 0 0 1
    outer loop
      vertex -37 -26.625 4
      vertex -33.3562 -23.8616 4
      vertex -33.6765 -23.9091 4
    endloop
  endfacet
  facet normal 0 0 1
    outer loop
      vertex -37 -26.625 4
      vertex -33.6765 -23.9091 4
      vertex -34 -23.925 4
    endloop
  endfacet
  facet normal 0 0 1
    outer loop
      vertex -37 -26.625 4
      vertex -34 -23.925 4
      vertex -34.3235 -23.9091 4
    endloop
  endfacet
  facet normal 0 0 1
    outer loop
      vertex -32.4444 -23.5353 4
      vertex -37 -26.625 4
      vertex 1.75736 -26.625 4
    endloop
  endfacet
  facet normal 0 0 1
    outer loop
      vertex -34.6438 -23.8616 4
      vertex -37 -26.625 4
      vertex -34.3235 -23.9091 4
    endloop
  endfacet
  facet normal 0 0 1
    outer loop
      vertex -34.9579 -23.7829 4
      vertex -37 -26.625 4
      vertex -34.6438 -23.8616 4
    endloop
  endfacet
  facet normal 0 0 1
    outer loop
      vertex -35.2629 -23.6738 4
      vertex -37 -26.625 4
      vertex -34.9579 -23.7829 4
    endloop
  endfacet
  facet normal 0 0 1
    outer loop
      vertex -35.5556 -23.5353 4
      vertex -37 -26.625 4
      vertex -35.2629 -23.6738 4
    endloop
  endfacet
  facet normal 0 0 1
    outer loop
      vertex -35.8334 -23.3688 4
      vertex -37 -26.625 4
      vertex -35.5556 -23.5353 4
    endloop
  endfacet
  facet normal 0 0 1
    outer loop
      vertex -36.0935 -23.1759 4
      vertex -37 -26.625 4
      vertex -35.8334 -23.3688 4
    endloop
  endfacet
  facet normal 0 0 1
    outer loop
      vertex -38.4142 -26.2708 4
      vertex -36.0935 -23.1759 4
      vertex -36.3335 -22.9585 4
    endloop
  endfacet
  facet normal 0 0 1
    outer loop
      vertex -39.4944 -25.2917 4
      vertex -36.3335 -22.9585 4
      vertex -36.5509 -22.7185 4
    endloop
  endfacet
  facet normal 0 0 1
    outer loop
      vertex -39.9855 -23.919 4
      vertex -36.5509 -22.7185 4
      vertex -36.7439 -22.4584 4
    endloop
  endfacet
  facet normal 0 0 1
    outer loop
      vertex -40 -23.625 4
      vertex -36.7439 -22.4584 4
      vertex -36.9103 -22.1806 4
    endloop
  endfacet
  facet normal 0 0 1
    outer loop
      vertex -40 -23.625 4
      vertex -36.9103 -22.1806 4
      vertex -37.0488 -21.8879 4
    endloop
  endfacet
  facet normal 0 0 1
    outer loop
      vertex -40 -23.625 4
      vertex -37.0488 -21.8879 4
      vertex -37.1579 -21.5829 4
    endloop
  endfacet
  facet normal 0 0 1
    outer loop
      vertex -40 -23.625 4
      vertex -37.1579 -21.5829 4
      vertex -37.2366 -21.2688 4
    endloop
  endfacet
  facet normal 0 0 1
    outer loop
      vertex -40 -23.625 4
      vertex -37.2366 -21.2688 4
      vertex -37.2841 -20.9485 4
    endloop
  endfacet
  facet normal 0 0 1
    outer loop
      vertex -36.0935 -23.1759 4
      vertex -37.294 -26.6105 4
      vertex -37 -26.625 4
    endloop
  endfacet
  facet normal 0 0 1
    outer loop
      vertex -40 -23.625 4
      vertex -37.2841 -20.9485 4
      vertex -37.3 -20.625 4
    endloop
  endfacet
  facet normal 0 0 1
    outer loop
      vertex -37.3 20.625 4
      vertex -40 23.625 4
      vertex -37.3 -20.625 4
    endloop
  endfacet
  facet normal 0 0 1
    outer loop
      vertex -40 -23.625 4
      vertex -37.3 -20.625 4
      vertex -40 23.625 4
    endloop
  endfacet
  facet normal 0 0 1
    outer loop
      vertex -36.3335 22.9585 4
      vertex -39.4944 25.2917 4
      vertex -36.5509 22.7185 4
    endloop
  endfacet
  facet normal 0 0 1
    outer loop
      vertex -36.7439 -22.4584 4
      vertex -40 -23.625 4
      vertex -39.9855 -23.919 4
    endloop
  endfacet
  facet normal -0 0 1
    outer loop
      vertex -39.6458 25.0392 4
      vertex -36.5509 22.7185 4
      vertex -39.4944 25.2917 4
    endloop
  endfacet
  facet normal 0 0 1
    outer loop
      vertex -36.0935 -23.1759 4
      vertex -37.5853 -26.5674 4
      vertex -37.294 -26.6105 4
    endloop
  endfacet
  facet normal -0 0 1
    outer loop
      vertex -39.7716 24.773 4
      vertex -36.5509 22.7185 4
      vertex -39.6458 25.0392 4
    endloop
  endfacet
  facet normal 0 0 1
    outer loop
      vertex -36.0935 -23.1759 4
      vertex -37.8708 -26.4958 4
      vertex -37.5853 -26.5674 4
    endloop
  endfacet
  facet normal -0 0 1
    outer loop
      vertex -39.8708 24.4958 4
      vertex -36.5509 22.7185 4
      vertex -39.7716 24.773 4
    endloop
  endfacet
  facet normal 0 0 1
    outer loop
      vertex -36.0935 -23.1759 4
      vertex -38.148 -26.3966 4
      vertex -37.8708 -26.4958 4
    endloop
  endfacet
  facet normal -0 0 1
    outer loop
      vertex -39.9424 24.2103 4
      vertex -36.5509 22.7185 4
      vertex -39.8708 24.4958 4
    endloop
  endfacet
  facet normal 0 0 1
    outer loop
      vertex -36.0935 -23.1759 4
      vertex -38.4142 -26.2708 4
      vertex -38.148 -26.3966 4
    endloop
  endfacet
  facet normal -0 0 1
    outer loop
      vertex -39.9855 23.919 4
      vertex -36.5509 22.7185 4
      vertex -39.9424 24.2103 4
    endloop
  endfacet
  facet normal 0 0 1
    outer loop
      vertex -36.3335 -22.9585 4
      vertex -38.6667 -26.1194 4
      vertex -38.4142 -26.2708 4
    endloop
  endfacet
  facet normal 0 0 1
    outer loop
      vertex -36.5509 22.7185 4
      vertex -39.9855 23.919 4
      vertex -36.7439 22.4584 4
    endloop
  endfacet
  facet normal 0 0 1
    outer loop
      vertex -36.3335 -22.9585 4
      vertex -38.9032 -25.944 4
      vertex -38.6667 -26.1194 4
    endloop
  endfacet
  facet normal -0 0 1
    outer loop
      vertex -40 23.625 4
      vertex -36.7439 22.4584 4
      vertex -39.9855 23.919 4
    endloop
  endfacet
  facet normal 0 0 1
    outer loop
      vertex -36.3335 -22.9585 4
      vertex -39.1213 -25.7463 4
      vertex -38.9032 -25.944 4
    endloop
  endfacet
  facet normal 0 0 1
    outer loop
      vertex -36.7439 22.4584 4
      vertex -40 23.625 4
      vertex -36.9103 22.1806 4
    endloop
  endfacet
  facet normal 0 0 1
    outer loop
      vertex -36.3335 -22.9585 4
      vertex -39.319 -25.5282 4
      vertex -39.1213 -25.7463 4
    endloop
  endfacet
  facet normal 0 0 1
    outer loop
      vertex -36.9103 22.1806 4
      vertex -40 23.625 4
      vertex -37.0488 21.8879 4
    endloop
  endfacet
  facet normal 0 0 1
    outer loop
      vertex -36.3335 -22.9585 4
      vertex -39.4944 -25.2917 4
      vertex -39.319 -25.5282 4
    endloop
  endfacet
  facet normal 0 0 1
    outer loop
      vertex -37.0488 21.8879 4
      vertex -40 23.625 4
      vertex -37.1579 21.5829 4
    endloop
  endfacet
  facet normal 0 0 1
    outer loop
      vertex -36.5509 -22.7185 4
      vertex -39.6458 -25.0392 4
      vertex -39.4944 -25.2917 4
    endloop
  endfacet
  facet normal 0 0 1
    outer loop
      vertex -37.1579 21.5829 4
      vertex -40 23.625 4
      vertex -37.2366 21.2688 4
    endloop
  endfacet
  facet normal 0 0 1
    outer loop
      vertex -36.5509 -22.7185 4
      vertex -39.7716 -24.773 4
      vertex -39.6458 -25.0392 4
    endloop
  endfacet
  facet normal 0 0 1
    outer loop
      vertex -37.2366 21.2688 4
      vertex -40 23.625 4
      vertex -37.2841 20.9485 4
    endloop
  endfacet
  facet normal 0 0 1
    outer loop
      vertex -36.5509 -22.7185 4
      vertex -39.8708 -24.4958 4
      vertex -39.7716 -24.773 4
    endloop
  endfacet
  facet normal 0 0 1
    outer loop
      vertex -36.5509 -22.7185 4
      vertex -39.9424 -24.2103 4
      vertex -39.8708 -24.4958 4
    endloop
  endfacet
  facet normal 0 0 1
    outer loop
      vertex -36.5509 -22.7185 4
      vertex -39.9855 -23.919 4
      vertex -39.9424 -24.2103 4
    endloop
  endfacet
  facet normal 0 0 1
    outer loop
      vertex -30.148 19.6666 4
      vertex -30.7634 19.9812 4
      vertex -30.4142 19.5408 4
    endloop
  endfacet
  facet normal -0 0 1
    outer loop
      vertex -30.8421 19.6671 4
      vertex -30.4142 19.5408 4
      vertex -30.7634 19.9812 4
    endloop
  endfacet
  facet normal 0 0 1
    outer loop
      vertex -30.4142 19.5408 4
      vertex -30.8421 19.6671 4
      vertex -30.6667 19.3894 4
    endloop
  endfacet
  facet normal 0 0 1
    outer loop
      vertex -30.9512 19.3621 4
      vertex -30.6667 19.3894 4
      vertex -30.8421 19.6671 4
    endloop
  endfacet
  facet normal 0 0 1
    outer loop
      vertex -30.6667 19.3894 4
      vertex -30.9512 19.3621 4
      vertex -30.9032 19.214 4
    endloop
  endfacet
  facet normal 0 0 1
    outer loop
      vertex -31.0897 19.0694 4
      vertex -30.9032 19.214 4
      vertex -30.9512 19.3621 4
    endloop
  endfacet
  facet normal -0 0 1
    outer loop
      vertex -31.0897 19.0694 4
      vertex -31.1213 19.0163 4
      vertex -30.9032 19.214 4
    endloop
  endfacet
  facet normal 0 -0 1
    outer loop
      vertex -31.1213 19.0163 4
      vertex -31.0897 19.0694 4
      vertex -31.1218 19.0158 4
    endloop
  endfacet
  facet normal 0 0 1
    outer loop
      vertex -31.6665 18.2915 4
      vertex -31.6458 18.3092 4
      vertex -31.6364 18.3248 4
    endloop
  endfacet
  facet normal -0 0 1
    outer loop
      vertex -31.6665 18.2915 4
      vertex -31.7716 18.043 4
      vertex -31.6458 18.3092 4
    endloop
  endfacet
  facet normal -0 0 1
    outer loop
      vertex -31.9065 18.0741 4
      vertex -31.7716 18.043 4
      vertex -31.6665 18.2915 4
    endloop
  endfacet
  facet normal 0 0 1
    outer loop
      vertex -31.9065 18.0741 4
      vertex -31.8708 17.7659 4
      vertex -31.7716 18.043 4
    endloop
  endfacet
  facet normal -0 0 1
    outer loop
      vertex -32.1666 17.8812 4
      vertex -31.8708 17.7659 4
      vertex -31.9065 18.0741 4
    endloop
  endfacet
  facet normal 0 0 1
    outer loop
      vertex -31.8708 17.7659 4
      vertex -32.1666 17.8812 4
      vertex -31.9424 17.4803 4
    endloop
  endfacet
  facet normal -0 0 1
    outer loop
      vertex -32.7371 17.5762 4
      vertex -31.9855 17.189 4
      vertex -32.4444 17.7147 4
    endloop
  endfacet
  facet normal 0 0 1
    outer loop
      vertex -31.9424 17.4803 4
      vertex -32.4444 17.7147 4
      vertex -31.9855 17.189 4
    endloop
  endfacet
  facet normal -0 0 1
    outer loop
      vertex -32.4444 17.7147 4
      vertex -31.9424 17.4803 4
      vertex -32.1666 17.8812 4
    endloop
  endfacet
  facet normal 0 0 1
    outer loop
      vertex -31.6458 -18.3092 4
      vertex -31.6665 -18.2915 4
      vertex -31.6364 -18.3248 4
    endloop
  endfacet
  facet normal 0 0 1
    outer loop
      vertex -31.7716 -18.043 4
      vertex -31.6665 -18.2915 4
      vertex -31.6458 -18.3092 4
    endloop
  endfacet
  facet normal 0 0 1
    outer loop
      vertex -31.7716 -18.043 4
      vertex -31.9065 -18.0741 4
      vertex -31.6665 -18.2915 4
    endloop
  endfacet
  facet normal 0 0 1
    outer loop
      vertex -31.8708 -17.7659 4
      vertex -31.9065 -18.0741 4
      vertex -31.7716 -18.043 4
    endloop
  endfacet
  facet normal 0 0 1
    outer loop
      vertex -32.1666 -17.8812 4
      vertex -31.8708 -17.7659 4
      vertex -31.9424 -17.4803 4
    endloop
  endfacet
  facet normal 0 0 1
    outer loop
      vertex -32.4444 -17.7147 4
      vertex -31.9424 -17.4803 4
      vertex -31.9855 -17.189 4
    endloop
  endfacet
  facet normal 0 0 1
    outer loop
      vertex -31.8708 -17.7659 4
      vertex -32.1666 -17.8812 4
      vertex -31.9065 -18.0741 4
    endloop
  endfacet
  facet normal 0 0 1
    outer loop
      vertex -32.7371 -17.5762 4
      vertex -31.9855 -17.189 4
      vertex -32 -16.895 4
    endloop
  endfacet
  facet normal 0 0 1
    outer loop
      vertex -31.9855 17.189 4
      vertex -32.7371 17.5762 4
      vertex -32 16.895 4
    endloop
  endfacet
  facet normal -0 0 1
    outer loop
      vertex -33.0421 17.4671 4
      vertex -32 16.895 4
      vertex -32.7371 17.5762 4
    endloop
  endfacet
  facet normal 0 0 1
    outer loop
      vertex -31.9424 -17.4803 4
      vertex -32.4444 -17.7147 4
      vertex -32.1666 -17.8812 4
    endloop
  endfacet
  facet normal -0 0 1
    outer loop
      vertex -33.3562 17.3884 4
      vertex -32 16.895 4
      vertex -33.0421 17.4671 4
    endloop
  endfacet
  facet normal 0 0 1
    outer loop
      vertex -31.9855 -17.189 4
      vertex -32.7371 -17.5762 4
      vertex -32.4444 -17.7147 4
    endloop
  endfacet
  facet normal -0 0 1
    outer loop
      vertex -33.6765 17.3409 4
      vertex -32 16.895 4
      vertex -33.3562 17.3884 4
    endloop
  endfacet
  facet normal 0 0 1
    outer loop
      vertex -32 -16.895 4
      vertex -33.0421 -17.4671 4
      vertex -32.7371 -17.5762 4
    endloop
  endfacet
  facet normal -0 0 1
    outer loop
      vertex -34 17.325 4
      vertex -32 16.895 4
      vertex -33.6765 17.3409 4
    endloop
  endfacet
  facet normal 0 0 1
    outer loop
      vertex -32 -16.895 4
      vertex -33.3562 -17.3884 4
      vertex -33.0421 -17.4671 4
    endloop
  endfacet
  facet normal 0 0 1
    outer loop
      vertex -34.3235 17.3409 4
      vertex -32 16.895 4
      vertex -34 17.325 4
    endloop
  endfacet
  facet normal 0 0 1
    outer loop
      vertex -32 -16.895 4
      vertex -33.6765 -17.3409 4
      vertex -33.3562 -17.3884 4
    endloop
  endfacet
  facet normal 0 0 1
    outer loop
      vertex -32 16.895 4
      vertex -34.3235 17.3409 4
      vertex -32 -16.895 4
    endloop
  endfacet
  facet normal 0 0 1
    outer loop
      vertex -32 -16.895 4
      vertex -34 -17.325 4
      vertex -33.6765 -17.3409 4
    endloop
  endfacet
  facet normal 0 0 1
    outer loop
      vertex -34.3235 -17.3409 4
      vertex -32 -16.895 4
      vertex -34.3235 17.3409 4
    endloop
  endfacet
  facet normal 0 0 1
    outer loop
      vertex -32 -16.895 4
      vertex -34.3235 -17.3409 4
      vertex -34 -17.325 4
    endloop
  endfacet
  facet normal 0 0 1
    outer loop
      vertex -34.6438 17.3884 4
      vertex -34.3235 -17.3409 4
      vertex -34.3235 17.3409 4
    endloop
  endfacet
  facet normal 0 0 1
    outer loop
      vertex -34.6438 17.3884 4
      vertex -34.6438 -17.3884 4
      vertex -34.3235 -17.3409 4
    endloop
  endfacet
  facet normal 0 0 1
    outer loop
      vertex -34.9579 17.4671 4
      vertex -34.6438 -17.3884 4
      vertex -34.6438 17.3884 4
    endloop
  endfacet
  facet normal 0 0 1
    outer loop
      vertex -34.9579 17.4671 4
      vertex -34.9579 -17.4671 4
      vertex -34.6438 -17.3884 4
    endloop
  endfacet
  facet normal 0 0 1
    outer loop
      vertex -35.2629 17.5762 4
      vertex -34.9579 -17.4671 4
      vertex -34.9579 17.4671 4
    endloop
  endfacet
  facet normal 0 0 1
    outer loop
      vertex -35.2629 17.5762 4
      vertex -35.2629 -17.5762 4
      vertex -34.9579 -17.4671 4
    endloop
  endfacet
  facet normal 0 0 1
    outer loop
      vertex -35.5556 17.7147 4
      vertex -35.2629 -17.5762 4
      vertex -35.2629 17.5762 4
    endloop
  endfacet
  facet normal 0 0 1
    outer loop
      vertex -35.5556 17.7147 4
      vertex -35.5556 -17.7147 4
      vertex -35.2629 -17.5762 4
    endloop
  endfacet
  facet normal 0 0 1
    outer loop
      vertex -35.8334 17.8812 4
      vertex -35.5556 -17.7147 4
      vertex -35.5556 17.7147 4
    endloop
  endfacet
  facet normal 0 0 1
    outer loop
      vertex -35.8334 17.8812 4
      vertex -35.8334 -17.8812 4
      vertex -35.5556 -17.7147 4
    endloop
  endfacet
  facet normal 0 0 1
    outer loop
      vertex -36.0935 18.0741 4
      vertex -35.8334 -17.8812 4
      vertex -35.8334 17.8812 4
    endloop
  endfacet
  facet normal 0 0 1
    outer loop
      vertex -36.0935 18.0741 4
      vertex -36.0935 -18.0741 4
      vertex -35.8334 -17.8812 4
    endloop
  endfacet
  facet normal 0 0 1
    outer loop
      vertex -36.3335 18.2915 4
      vertex -36.0935 -18.0741 4
      vertex -36.0935 18.0741 4
    endloop
  endfacet
  facet normal 0 0 1
    outer loop
      vertex -36.3335 18.2915 4
      vertex -36.3335 -18.2915 4
      vertex -36.0935 -18.0741 4
    endloop
  endfacet
  facet normal 0 0 1
    outer loop
      vertex -36.5509 18.5315 4
      vertex -36.3335 -18.2915 4
      vertex -36.3335 18.2915 4
    endloop
  endfacet
  facet normal 0 0 1
    outer loop
      vertex -36.5509 18.5315 4
      vertex -36.5509 -18.5315 4
      vertex -36.3335 -18.2915 4
    endloop
  endfacet
  facet normal 0 0 1
    outer loop
      vertex -36.7439 18.7916 4
      vertex -36.5509 -18.5315 4
      vertex -36.5509 18.5315 4
    endloop
  endfacet
  facet normal 0 0 1
    outer loop
      vertex -36.7439 18.7916 4
      vertex -36.7439 -18.7916 4
      vertex -36.5509 -18.5315 4
    endloop
  endfacet
  facet normal 0 0 1
    outer loop
      vertex -36.9103 19.0694 4
      vertex -36.7439 -18.7916 4
      vertex -36.7439 18.7916 4
    endloop
  endfacet
  facet normal 0 0 1
    outer loop
      vertex -36.9103 19.0694 4
      vertex -36.9103 -19.0694 4
      vertex -36.7439 -18.7916 4
    endloop
  endfacet
  facet normal 0 0 1
    outer loop
      vertex -37.0488 19.3621 4
      vertex -36.9103 -19.0694 4
      vertex -36.9103 19.0694 4
    endloop
  endfacet
  facet normal 0 0 1
    outer loop
      vertex -37.0488 19.3621 4
      vertex -37.0488 -19.3621 4
      vertex -36.9103 -19.0694 4
    endloop
  endfacet
  facet normal 0 0 1
    outer loop
      vertex -37.1579 19.6671 4
      vertex -37.0488 -19.3621 4
      vertex -37.0488 19.3621 4
    endloop
  endfacet
  facet normal 0 0 1
    outer loop
      vertex -37.1579 19.6671 4
      vertex -37.1579 -19.6671 4
      vertex -37.0488 -19.3621 4
    endloop
  endfacet
  facet normal 0 0 1
    outer loop
      vertex -37.2366 19.9812 4
      vertex -37.1579 -19.6671 4
      vertex -37.1579 19.6671 4
    endloop
  endfacet
  facet normal 0 0 1
    outer loop
      vertex -37.2366 19.9812 4
      vertex -37.2366 -19.9812 4
      vertex -37.1579 -19.6671 4
    endloop
  endfacet
  facet normal 0 0 1
    outer loop
      vertex -37.2841 20.3015 4
      vertex -37.2366 -19.9812 4
      vertex -37.2366 19.9812 4
    endloop
  endfacet
  facet normal 0 0 1
    outer loop
      vertex -37.2841 20.3015 4
      vertex -37.2841 -20.3015 4
      vertex -37.2366 -19.9812 4
    endloop
  endfacet
  facet normal 0 0 1
    outer loop
      vertex -37.3 20.625 4
      vertex -37.2841 -20.3015 4
      vertex -37.2841 20.3015 4
    endloop
  endfacet
  facet normal 0 0 1
    outer loop
      vertex -37.2841 -20.3015 4
      vertex -37.3 20.625 4
      vertex -37.3 -20.625 4
    endloop
  endfacet
  facet normal 0.10379 -0.699875 0.706684
    outer loop
      vertex -34.1666 -18.9332 2.4
      vertex -34.3235 -17.3409 4
      vertex -34.6438 -17.3884 4
    endloop
  endfacet
  facet normal 0.103856 -0.69986 0.70669
    outer loop
      vertex -34.3317 -18.9577 2.4
      vertex -34.1666 -18.9332 2.4
      vertex -34.6438 -17.3884 4
    endloop
  endfacet
  facet normal 0.23832 0.666192 0.706677
    outer loop
      vertex -34.4935 -22.2518 2.4
      vertex -34.6506 -22.1956 2.4
      vertex -34.9579 -23.7829 4
    endloop
  endfacet
  facet normal 0.524294 0.475088 0.706688
    outer loop
      vertex -35.2021 -21.8271 2.4
      vertex -35.3141 -21.7035 2.4
      vertex -36.3335 -22.9585 4
    endloop
  endfacet
  facet normal 0.0347823 0.706674 0.706684
    outer loop
      vertex -34 -22.325 2.4
      vertex -34.1666 -22.3168 2.4
      vertex -34.3235 -23.9091 4
    endloop
  endfacet
  facet normal 0.666192 0.23832 0.706677
    outer loop
      vertex -35.5706 -21.2756 2.4
      vertex -35.6268 -21.1185 2.4
      vertex -37.1579 -21.5829 4
    endloop
  endfacet
  facet normal -0.666197 -0.238302 0.706678
    outer loop
      vertex -30.8421 -19.6671 4
      vertex -30.9512 -19.3621 4
      vertex -32.4294 -19.9744 2.4
    endloop
  endfacet
  facet normal -0.639639 -0.302429 0.706682
    outer loop
      vertex -32.4294 -19.9744 2.4
      vertex -30.9512 -19.3621 4
      vertex -32.5007 -19.8236 2.4
    endloop
  endfacet
  facet normal -0.56831 -0.421451 0.706684
    outer loop
      vertex -31.2651 -18.7963 3.99
      vertex -31.4568 -18.5378 3.99
      vertex -32.6859 -19.5465 2.4
    endloop
  endfacet
  facet normal -0.238302 0.666197 0.706678
    outer loop
      vertex -33.0421 -23.7829 4
      vertex -32.7371 -23.6738 4
      vertex -33.3494 -22.1956 2.4
    endloop
  endfacet
  facet normal 0.475004 -0.524383 0.706678
    outer loop
      vertex -35.0785 -19.3109 2.4
      vertex -36.0935 -18.0741 4
      vertex -36.3335 -18.2915 4
    endloop
  endfacet
  facet normal 0.421476 -0.568305 0.706674
    outer loop
      vertex -35.0785 -19.3109 2.4
      vertex -35.8334 -17.8812 4
      vertex -36.0935 -18.0741 4
    endloop
  endfacet
  facet normal -0.58836 -0.39224 0.707093
    outer loop
      vertex -32.5865 -19.6805 2.4
      vertex -31.2639 -18.7981 3.99
      vertex -31.2645 -18.7972 3.99
    endloop
  endfacet
  facet normal -0.606816 -0.363835 0.706681
    outer loop
      vertex -31.2639 -18.7981 3.99
      vertex -32.5865 -19.6805 2.4
      vertex -32.5007 -19.8236 2.4
    endloop
  endfacet
  facet normal 0.524383 -0.475004 0.706678
    outer loop
      vertex -35.3141 -19.5465 2.4
      vertex -36.3335 -18.2915 4
      vertex -36.5509 -18.5315 4
    endloop
  endfacet
  facet normal 0.238302 0.666197 0.706678
    outer loop
      vertex -34.9579 -23.7829 4
      vertex -34.6506 -22.1956 2.4
      vertex -35.2629 -23.6738 4
    endloop
  endfacet
  facet normal 0.606808 0.36383 0.706691
    outer loop
      vertex -35.4135 -21.5695 2.4
      vertex -35.4993 -21.4264 2.4
      vertex -36.7439 -22.4584 4
    endloop
  endfacet
  facet normal 0.302429 -0.639639 0.706682
    outer loop
      vertex -34.8014 -19.1257 2.4
      vertex -34.6506 -19.0544 2.4
      vertex -35.2629 -17.5762 4
    endloop
  endfacet
  facet normal 0.639639 -0.302429 0.706682
    outer loop
      vertex -35.5706 -19.9744 2.4
      vertex -35.4993 -19.8236 2.4
      vertex -37.0488 -19.3621 4
    endloop
  endfacet
  facet normal -0.23832 -0.666192 0.706677
    outer loop
      vertex -33.3494 -19.0544 2.4
      vertex -33.0421 -17.4671 4
      vertex -33.5065 -18.9982 2.4
    endloop
  endfacet
  facet normal -0.666192 -0.23832 0.706677
    outer loop
      vertex -32.3732 -20.1315 2.4
      vertex -30.8421 -19.6671 4
      vertex -32.4294 -19.9744 2.4
    endloop
  endfacet
  facet normal -0.36384 -0.606824 0.706672
    outer loop
      vertex -33.0555 -19.2115 2.4
      vertex -32.1666 -17.8812 4
      vertex -33.1986 -19.1257 2.4
    endloop
  endfacet
  facet normal -0.302629 -0.639562 0.706665
    outer loop
      vertex -32.4444 -17.7147 4
      vertex -32.7371 -17.5762 4
      vertex -33.1986 -19.1257 2.4
    endloop
  endfacet
  facet normal -0.103856 -0.69986 0.70669
    outer loop
      vertex -33.6683 -18.9577 2.4
      vertex -33.3562 -17.3884 4
      vertex -33.8334 -18.9332 2.4
    endloop
  endfacet
  facet normal 0.69986 -0.103856 0.70669
    outer loop
      vertex -35.6918 -20.4584 2.4
      vertex -35.6673 -20.2933 2.4
      vertex -37.2366 -19.9812 4
    endloop
  endfacet
  facet normal -0.23832 0.666192 0.706677
    outer loop
      vertex -33.0421 -23.7829 4
      vertex -33.3494 -22.1956 2.4
      vertex -33.5065 -22.2518 2.4
    endloop
  endfacet
  facet normal -0.302429 -0.639639 0.706682
    outer loop
      vertex -33.1986 -19.1257 2.4
      vertex -32.7371 -17.5762 4
      vertex -33.3494 -19.0544 2.4
    endloop
  endfacet
  facet normal -0.238302 -0.666197 0.706678
    outer loop
      vertex -32.7371 -17.5762 4
      vertex -33.0421 -17.4671 4
      vertex -33.3494 -19.0544 2.4
    endloop
  endfacet
  facet normal -0.989168 -0.146788 0
    outer loop
      vertex -32.3082 20.7916 0
      vertex -32.3327 20.9567 2.4
      vertex -32.3327 20.9567 0
    endloop
  endfacet
  facet normal -0.989168 -0.146788 0
    outer loop
      vertex -32.3327 20.9567 2.4
      vertex -32.3082 20.7916 0
      vertex -32.3082 20.7916 2.4
    endloop
  endfacet
  facet normal -0.998791 -0.0491602 0
    outer loop
      vertex -32.3 20.625 0
      vertex -32.3082 20.7916 2.4
      vertex -32.3082 20.7916 0
    endloop
  endfacet
  facet normal -0.998791 -0.0491602 0
    outer loop
      vertex -32.3082 20.7916 2.4
      vertex -32.3 20.625 0
      vertex -32.3 20.625 2.4
    endloop
  endfacet
  facet normal -0.970072 -0.242818 0
    outer loop
      vertex -32.3327 20.9567 0
      vertex -32.3732 21.1185 2.4
      vertex -32.3732 21.1185 0
    endloop
  endfacet
  facet normal -0.970072 -0.242818 0
    outer loop
      vertex -32.3732 21.1185 2.4
      vertex -32.3327 20.9567 0
      vertex -32.3327 20.9567 2.4
    endloop
  endfacet
  facet normal -0.427442 0.904043 0
    outer loop
      vertex -33.1986 19.1257 0
      vertex -33.3494 19.0544 2.4
      vertex -33.1986 19.1257 2.4
    endloop
  endfacet
  facet normal -0.427442 0.904043 0
    outer loop
      vertex -33.3494 19.0544 2.4
      vertex -33.1986 19.1257 0
      vertex -33.3494 19.0544 0
    endloop
  endfacet
  facet normal 0.0491602 -0.998791 0
    outer loop
      vertex -34.1666 22.3168 0
      vertex -34 22.325 2.4
      vertex -34.1666 22.3168 2.4
    endloop
  endfacet
  facet normal 0.0491602 -0.998791 0
    outer loop
      vertex -34 22.325 2.4
      vertex -34.1666 22.3168 0
      vertex -34 22.325 0
    endloop
  endfacet
  facet normal 0.427442 -0.904043 0
    outer loop
      vertex -34.8014 22.1243 0
      vertex -34.6506 22.1956 2.4
      vertex -34.8014 22.1243 2.4
    endloop
  endfacet
  facet normal 0.427442 -0.904043 0
    outer loop
      vertex -34.6506 22.1956 2.4
      vertex -34.8014 22.1243 0
      vertex -34.6506 22.1956 0
    endloop
  endfacet
  facet normal -0.741024 -0.671478 0
    outer loop
      vertex -32.6859 21.7035 0
      vertex -32.7979 21.8271 2.4
      vertex -32.7979 21.8271 0
    endloop
  endfacet
  facet normal -0.741024 -0.671478 0
    outer loop
      vertex -32.7979 21.8271 2.4
      vertex -32.6859 21.7035 0
      vertex -32.6859 21.7035 2.4
    endloop
  endfacet
  facet normal 0.146788 0.989168 -0
    outer loop
      vertex -34.1666 18.9332 0
      vertex -34.3317 18.9577 2.4
      vertex -34.1666 18.9332 2.4
    endloop
  endfacet
  facet normal 0.146788 0.989168 0
    outer loop
      vertex -34.3317 18.9577 2.4
      vertex -34.1666 18.9332 0
      vertex -34.3317 18.9577 0
    endloop
  endfacet
  facet normal -0.427442 -0.904043 0
    outer loop
      vertex -33.3494 22.1956 0
      vertex -33.1986 22.1243 2.4
      vertex -33.3494 22.1956 2.4
    endloop
  endfacet
  facet normal -0.427442 -0.904043 -0
    outer loop
      vertex -33.1986 22.1243 2.4
      vertex -33.3494 22.1956 0
      vertex -33.1986 22.1243 0
    endloop
  endfacet
  facet normal 0.146788 -0.989168 0
    outer loop
      vertex -34.3317 22.2923 0
      vertex -34.1666 22.3168 2.4
      vertex -34.3317 22.2923 2.4
    endloop
  endfacet
  facet normal 0.146788 -0.989168 0
    outer loop
      vertex -34.1666 22.3168 2.4
      vertex -34.3317 22.2923 0
      vertex -34.1666 22.3168 0
    endloop
  endfacet
  facet normal -0.242818 0.970072 0
    outer loop
      vertex -33.5065 18.9982 0
      vertex -33.6683 18.9577 2.4
      vertex -33.5065 18.9982 2.4
    endloop
  endfacet
  facet normal -0.242818 0.970072 0
    outer loop
      vertex -33.6683 18.9577 2.4
      vertex -33.5065 18.9982 0
      vertex -33.6683 18.9577 0
    endloop
  endfacet
  facet normal 0.595772 -0.803154 0
    outer loop
      vertex -35.0785 21.9391 0
      vertex -34.9445 22.0385 2.4
      vertex -35.0785 21.9391 2.4
    endloop
  endfacet
  facet normal 0.595772 -0.803154 0
    outer loop
      vertex -34.9445 22.0385 2.4
      vertex -35.0785 21.9391 0
      vertex -34.9445 22.0385 0
    endloop
  endfacet
  facet normal 0.904043 -0.427442 0
    outer loop
      vertex -35.5706 21.2756 2.4
      vertex -35.4993 21.4264 0
      vertex -35.4993 21.4264 2.4
    endloop
  endfacet
  facet normal 0.904043 -0.427442 0
    outer loop
      vertex -35.4993 21.4264 0
      vertex -35.5706 21.2756 2.4
      vertex -35.5706 21.2756 0
    endloop
  endfacet
  facet normal 0.427442 0.904043 -0
    outer loop
      vertex -34.6506 19.0544 0
      vertex -34.8014 19.1257 2.4
      vertex -34.6506 19.0544 2.4
    endloop
  endfacet
  facet normal 0.427442 0.904043 0
    outer loop
      vertex -34.8014 19.1257 2.4
      vertex -34.6506 19.0544 0
      vertex -34.8014 19.1257 0
    endloop
  endfacet
  facet normal 0.595772 0.803154 -0
    outer loop
      vertex -34.9445 19.2115 0
      vertex -35.0785 19.3109 2.4
      vertex -34.9445 19.2115 2.4
    endloop
  endfacet
  facet normal 0.595772 0.803154 0
    outer loop
      vertex -35.0785 19.3109 2.4
      vertex -34.9445 19.2115 0
      vertex -35.0785 19.3109 0
    endloop
  endfacet
  facet normal 0.904043 0.427442 0
    outer loop
      vertex -35.4993 19.8236 2.4
      vertex -35.5706 19.9744 0
      vertex -35.5706 19.9744 2.4
    endloop
  endfacet
  facet normal 0.904043 0.427442 0
    outer loop
      vertex -35.5706 19.9744 0
      vertex -35.4993 19.8236 2.4
      vertex -35.4993 19.8236 0
    endloop
  endfacet
  facet normal -0.514231 -0.857652 0
    outer loop
      vertex -33.1986 22.1243 0
      vertex -33.0555 22.0385 2.4
      vertex -33.1986 22.1243 2.4
    endloop
  endfacet
  facet normal -0.514231 -0.857652 -0
    outer loop
      vertex -33.0555 22.0385 2.4
      vertex -33.1986 22.1243 0
      vertex -33.0555 22.0385 0
    endloop
  endfacet
  facet normal 0.998791 0.0491602 0
    outer loop
      vertex -35.6918 20.4584 2.4
      vertex -35.7 20.625 0
      vertex -35.7 20.625 2.4
    endloop
  endfacet
  facet normal 0.998791 0.0491602 0
    outer loop
      vertex -35.7 20.625 0
      vertex -35.6918 20.4584 2.4
      vertex -35.6918 20.4584 0
    endloop
  endfacet
  facet normal 0.33683 0.941566 -0
    outer loop
      vertex -34.4935 18.9982 0
      vertex -34.6506 19.0544 2.4
      vertex -34.4935 18.9982 2.4
    endloop
  endfacet
  facet normal 0.33683 0.941566 0
    outer loop
      vertex -34.6506 19.0544 2.4
      vertex -34.4935 18.9982 0
      vertex -34.6506 19.0544 0
    endloop
  endfacet
  facet normal -0.595772 -0.803154 0
    outer loop
      vertex -33.0555 22.0385 0
      vertex -32.9215 21.9391 2.4
      vertex -33.0555 22.0385 2.4
    endloop
  endfacet
  facet normal -0.595772 -0.803154 -0
    outer loop
      vertex -32.9215 21.9391 2.4
      vertex -33.0555 22.0385 0
      vertex -32.9215 21.9391 0
    endloop
  endfacet
  facet normal -0.970072 0.242818 0
    outer loop
      vertex -32.3732 20.1315 0
      vertex -32.3327 20.2933 2.4
      vertex -32.3327 20.2933 0
    endloop
  endfacet
  facet normal -0.970072 0.242818 0
    outer loop
      vertex -32.3327 20.2933 2.4
      vertex -32.3732 20.1315 0
      vertex -32.3732 20.1315 2.4
    endloop
  endfacet
  facet normal 0.941566 0.33683 0
    outer loop
      vertex -35.5706 19.9744 2.4
      vertex -35.6268 20.1315 0
      vertex -35.6268 20.1315 2.4
    endloop
  endfacet
  facet normal 0.941566 0.33683 0
    outer loop
      vertex -35.6268 20.1315 0
      vertex -35.5706 19.9744 2.4
      vertex -35.5706 19.9744 0
    endloop
  endfacet
  facet normal -0.242818 -0.970072 0
    outer loop
      vertex -33.6683 22.2923 0
      vertex -33.5065 22.2518 2.4
      vertex -33.6683 22.2923 2.4
    endloop
  endfacet
  facet normal -0.242818 -0.970072 -0
    outer loop
      vertex -33.5065 22.2518 2.4
      vertex -33.6683 22.2923 0
      vertex -33.5065 22.2518 0
    endloop
  endfacet
  facet normal 0.741024 -0.671478 0
    outer loop
      vertex -35.3141 21.7035 2.4
      vertex -35.2021 21.8271 0
      vertex -35.2021 21.8271 2.4
    endloop
  endfacet
  facet normal 0.741024 -0.671478 0
    outer loop
      vertex -35.2021 21.8271 0
      vertex -35.3141 21.7035 2.4
      vertex -35.3141 21.7035 0
    endloop
  endfacet
  facet normal -0.0491602 0.998791 0
    outer loop
      vertex -33.8334 18.9332 0
      vertex -34 18.925 2.4
      vertex -33.8334 18.9332 2.4
    endloop
  endfacet
  facet normal -0.0491602 0.998791 0
    outer loop
      vertex -34 18.925 2.4
      vertex -33.8334 18.9332 0
      vertex -34 18.925 0
    endloop
  endfacet
  facet normal -0.803154 -0.595772 0
    outer loop
      vertex -32.5865 21.5695 0
      vertex -32.6859 21.7035 2.4
      vertex -32.6859 21.7035 0
    endloop
  endfacet
  facet normal -0.803154 -0.595772 0
    outer loop
      vertex -32.6859 21.7035 2.4
      vertex -32.5865 21.5695 0
      vertex -32.5865 21.5695 2.4
    endloop
  endfacet
  facet normal 0.970072 0.242818 0
    outer loop
      vertex -35.6268 20.1315 2.4
      vertex -35.6673 20.2933 0
      vertex -35.6673 20.2933 2.4
    endloop
  endfacet
  facet normal 0.970072 0.242818 0
    outer loop
      vertex -35.6673 20.2933 0
      vertex -35.6268 20.1315 2.4
      vertex -35.6268 20.1315 0
    endloop
  endfacet
  facet normal -0.989168 0.146788 0
    outer loop
      vertex -32.3327 20.2933 0
      vertex -32.3082 20.4584 2.4
      vertex -32.3082 20.4584 0
    endloop
  endfacet
  facet normal -0.989168 0.146788 0
    outer loop
      vertex -32.3082 20.4584 2.4
      vertex -32.3327 20.2933 0
      vertex -32.3327 20.2933 2.4
    endloop
  endfacet
  facet normal -0.514231 0.857652 0
    outer loop
      vertex -33.0555 19.2115 0
      vertex -33.1986 19.1257 2.4
      vertex -33.0555 19.2115 2.4
    endloop
  endfacet
  facet normal -0.514231 0.857652 0
    outer loop
      vertex -33.1986 19.1257 2.4
      vertex -33.0555 19.2115 0
      vertex -33.1986 19.1257 0
    endloop
  endfacet
  facet normal 0.941566 -0.33683 0
    outer loop
      vertex -35.6268 21.1185 2.4
      vertex -35.5706 21.2756 0
      vertex -35.5706 21.2756 2.4
    endloop
  endfacet
  facet normal 0.941566 -0.33683 0
    outer loop
      vertex -35.5706 21.2756 0
      vertex -35.6268 21.1185 2.4
      vertex -35.6268 21.1185 0
    endloop
  endfacet
  facet normal -0.671478 -0.741024 0
    outer loop
      vertex -32.9215 21.9391 0
      vertex -32.7979 21.8271 2.4
      vertex -32.9215 21.9391 2.4
    endloop
  endfacet
  facet normal -0.671478 -0.741024 -0
    outer loop
      vertex -32.7979 21.8271 2.4
      vertex -32.9215 21.9391 0
      vertex -32.7979 21.8271 0
    endloop
  endfacet
  facet normal 0.989168 -0.146788 0
    outer loop
      vertex -35.6918 20.7916 2.4
      vertex -35.6673 20.9567 0
      vertex -35.6673 20.9567 2.4
    endloop
  endfacet
  facet normal 0.989168 -0.146788 0
    outer loop
      vertex -35.6673 20.9567 0
      vertex -35.6918 20.7916 2.4
      vertex -35.6918 20.7916 0
    endloop
  endfacet
  facet normal -0.904043 0.427442 0
    outer loop
      vertex -32.5007 19.8236 0
      vertex -32.4294 19.9744 2.4
      vertex -32.4294 19.9744 0
    endloop
  endfacet
  facet normal -0.904043 0.427442 0
    outer loop
      vertex -32.4294 19.9744 2.4
      vertex -32.5007 19.8236 0
      vertex -32.5007 19.8236 2.4
    endloop
  endfacet
  facet normal -0.33683 -0.941566 0
    outer loop
      vertex -33.5065 22.2518 0
      vertex -33.3494 22.1956 2.4
      vertex -33.5065 22.2518 2.4
    endloop
  endfacet
  facet normal -0.33683 -0.941566 -0
    outer loop
      vertex -33.3494 22.1956 2.4
      vertex -33.5065 22.2518 0
      vertex -33.3494 22.1956 0
    endloop
  endfacet
  facet normal -0.998791 0.0491602 0
    outer loop
      vertex -32.3082 20.4584 0
      vertex -32.3 20.625 2.4
      vertex -32.3 20.625 0
    endloop
  endfacet
  facet normal -0.998791 0.0491602 0
    outer loop
      vertex -32.3 20.625 2.4
      vertex -32.3082 20.4584 0
      vertex -32.3082 20.4584 2.4
    endloop
  endfacet
  facet normal -0.146788 0.989168 0
    outer loop
      vertex -33.6683 18.9577 0
      vertex -33.8334 18.9332 2.4
      vertex -33.6683 18.9577 2.4
    endloop
  endfacet
  facet normal -0.146788 0.989168 0
    outer loop
      vertex -33.8334 18.9332 2.4
      vertex -33.6683 18.9577 0
      vertex -33.8334 18.9332 0
    endloop
  endfacet
  facet normal -0.941566 -0.33683 0
    outer loop
      vertex -32.3732 21.1185 0
      vertex -32.4294 21.2756 2.4
      vertex -32.4294 21.2756 0
    endloop
  endfacet
  facet normal -0.941566 -0.33683 0
    outer loop
      vertex -32.4294 21.2756 2.4
      vertex -32.3732 21.1185 0
      vertex -32.3732 21.1185 2.4
    endloop
  endfacet
  facet normal -0.803154 0.595772 0
    outer loop
      vertex -32.6859 19.5465 0
      vertex -32.5865 19.6805 2.4
      vertex -32.5865 19.6805 0
    endloop
  endfacet
  facet normal -0.803154 0.595772 0
    outer loop
      vertex -32.5865 19.6805 2.4
      vertex -32.6859 19.5465 0
      vertex -32.6859 19.5465 2.4
    endloop
  endfacet
  facet normal -0.857652 0.514231 0
    outer loop
      vertex -32.5865 19.6805 0
      vertex -32.5007 19.8236 2.4
      vertex -32.5007 19.8236 0
    endloop
  endfacet
  facet normal -0.857652 0.514231 0
    outer loop
      vertex -32.5007 19.8236 2.4
      vertex -32.5865 19.6805 0
      vertex -32.5865 19.6805 2.4
    endloop
  endfacet
  facet normal 0.242818 -0.970072 0
    outer loop
      vertex -34.4935 22.2518 0
      vertex -34.3317 22.2923 2.4
      vertex -34.4935 22.2518 2.4
    endloop
  endfacet
  facet normal 0.242818 -0.970072 0
    outer loop
      vertex -34.3317 22.2923 2.4
      vertex -34.4935 22.2518 0
      vertex -34.3317 22.2923 0
    endloop
  endfacet
  facet normal -0.941566 0.33683 0
    outer loop
      vertex -32.4294 19.9744 0
      vertex -32.3732 20.1315 2.4
      vertex -32.3732 20.1315 0
    endloop
  endfacet
  facet normal -0.941566 0.33683 0
    outer loop
      vertex -32.3732 20.1315 2.4
      vertex -32.4294 19.9744 0
      vertex -32.4294 19.9744 2.4
    endloop
  endfacet
  facet normal -0.0491602 -0.998791 0
    outer loop
      vertex -34 22.325 0
      vertex -33.8334 22.3168 2.4
      vertex -34 22.325 2.4
    endloop
  endfacet
  facet normal -0.0491602 -0.998791 -0
    outer loop
      vertex -33.8334 22.3168 2.4
      vertex -34 22.325 0
      vertex -33.8334 22.3168 0
    endloop
  endfacet
  facet normal 0.514231 -0.857652 0
    outer loop
      vertex -34.9445 22.0385 0
      vertex -34.8014 22.1243 2.4
      vertex -34.9445 22.0385 2.4
    endloop
  endfacet
  facet normal 0.514231 -0.857652 0
    outer loop
      vertex -34.8014 22.1243 2.4
      vertex -34.9445 22.0385 0
      vertex -34.8014 22.1243 0
    endloop
  endfacet
  facet normal -0.904043 -0.427442 0
    outer loop
      vertex -32.4294 21.2756 0
      vertex -32.5007 21.4264 2.4
      vertex -32.5007 21.4264 0
    endloop
  endfacet
  facet normal -0.904043 -0.427442 0
    outer loop
      vertex -32.5007 21.4264 2.4
      vertex -32.4294 21.2756 0
      vertex -32.4294 21.2756 2.4
    endloop
  endfacet
  facet normal -0.146788 -0.989168 0
    outer loop
      vertex -33.8334 22.3168 0
      vertex -33.6683 22.2923 2.4
      vertex -33.8334 22.3168 2.4
    endloop
  endfacet
  facet normal -0.146788 -0.989168 -0
    outer loop
      vertex -33.6683 22.2923 2.4
      vertex -33.8334 22.3168 0
      vertex -33.6683 22.2923 0
    endloop
  endfacet
  facet normal 0.242818 0.970072 -0
    outer loop
      vertex -34.3317 18.9577 0
      vertex -34.4935 18.9982 2.4
      vertex -34.3317 18.9577 2.4
    endloop
  endfacet
  facet normal 0.242818 0.970072 0
    outer loop
      vertex -34.4935 18.9982 2.4
      vertex -34.3317 18.9577 0
      vertex -34.4935 18.9982 0
    endloop
  endfacet
  facet normal 0.857652 0.514231 0
    outer loop
      vertex -35.4135 19.6805 2.4
      vertex -35.4993 19.8236 0
      vertex -35.4993 19.8236 2.4
    endloop
  endfacet
  facet normal 0.857652 0.514231 0
    outer loop
      vertex -35.4993 19.8236 0
      vertex -35.4135 19.6805 2.4
      vertex -35.4135 19.6805 0
    endloop
  endfacet
  facet normal -0.857652 -0.514231 0
    outer loop
      vertex -32.5007 21.4264 0
      vertex -32.5865 21.5695 2.4
      vertex -32.5865 21.5695 0
    endloop
  endfacet
  facet normal -0.857652 -0.514231 0
    outer loop
      vertex -32.5865 21.5695 2.4
      vertex -32.5007 21.4264 0
      vertex -32.5007 21.4264 2.4
    endloop
  endfacet
  facet normal 0.33683 -0.941566 0
    outer loop
      vertex -34.6506 22.1956 0
      vertex -34.4935 22.2518 2.4
      vertex -34.6506 22.1956 2.4
    endloop
  endfacet
  facet normal 0.33683 -0.941566 0
    outer loop
      vertex -34.4935 22.2518 2.4
      vertex -34.6506 22.1956 0
      vertex -34.4935 22.2518 0
    endloop
  endfacet
  facet normal 0.741024 0.671478 0
    outer loop
      vertex -35.2021 19.4229 2.4
      vertex -35.3141 19.5465 0
      vertex -35.3141 19.5465 2.4
    endloop
  endfacet
  facet normal 0.741024 0.671478 0
    outer loop
      vertex -35.3141 19.5465 0
      vertex -35.2021 19.4229 2.4
      vertex -35.2021 19.4229 0
    endloop
  endfacet
  facet normal 0.671478 -0.741024 0
    outer loop
      vertex -35.2021 21.8271 0
      vertex -35.0785 21.9391 2.4
      vertex -35.2021 21.8271 2.4
    endloop
  endfacet
  facet normal 0.671478 -0.741024 0
    outer loop
      vertex -35.0785 21.9391 2.4
      vertex -35.2021 21.8271 0
      vertex -35.0785 21.9391 0
    endloop
  endfacet
  facet normal 0.514231 0.857652 -0
    outer loop
      vertex -34.8014 19.1257 0
      vertex -34.9445 19.2115 2.4
      vertex -34.8014 19.1257 2.4
    endloop
  endfacet
  facet normal 0.514231 0.857652 0
    outer loop
      vertex -34.9445 19.2115 2.4
      vertex -34.8014 19.1257 0
      vertex -34.9445 19.2115 0
    endloop
  endfacet
  facet normal 0.970072 -0.242818 0
    outer loop
      vertex -35.6673 20.9567 2.4
      vertex -35.6268 21.1185 0
      vertex -35.6268 21.1185 2.4
    endloop
  endfacet
  facet normal 0.970072 -0.242818 0
    outer loop
      vertex -35.6268 21.1185 0
      vertex -35.6673 20.9567 2.4
      vertex -35.6673 20.9567 0
    endloop
  endfacet
  facet normal -0.33683 0.941566 0
    outer loop
      vertex -33.3494 19.0544 0
      vertex -33.5065 18.9982 2.4
      vertex -33.3494 19.0544 2.4
    endloop
  endfacet
  facet normal -0.33683 0.941566 0
    outer loop
      vertex -33.5065 18.9982 2.4
      vertex -33.3494 19.0544 0
      vertex -33.5065 18.9982 0
    endloop
  endfacet
  facet normal 0.803154 0.595772 0
    outer loop
      vertex -35.3141 19.5465 2.4
      vertex -35.4135 19.6805 0
      vertex -35.4135 19.6805 2.4
    endloop
  endfacet
  facet normal 0.803154 0.595772 0
    outer loop
      vertex -35.4135 19.6805 0
      vertex -35.3141 19.5465 2.4
      vertex -35.3141 19.5465 0
    endloop
  endfacet
  facet normal 0.989168 0.146788 0
    outer loop
      vertex -35.6673 20.2933 2.4
      vertex -35.6918 20.4584 0
      vertex -35.6918 20.4584 2.4
    endloop
  endfacet
  facet normal 0.989168 0.146788 0
    outer loop
      vertex -35.6918 20.4584 0
      vertex -35.6673 20.2933 2.4
      vertex -35.6673 20.2933 0
    endloop
  endfacet
  facet normal -0.595772 0.803154 0
    outer loop
      vertex -32.9215 19.3109 0
      vertex -33.0555 19.2115 2.4
      vertex -32.9215 19.3109 2.4
    endloop
  endfacet
  facet normal -0.595772 0.803154 0
    outer loop
      vertex -33.0555 19.2115 2.4
      vertex -32.9215 19.3109 0
      vertex -33.0555 19.2115 0
    endloop
  endfacet
  facet normal 0.671478 0.741024 -0
    outer loop
      vertex -35.0785 19.3109 0
      vertex -35.2021 19.4229 2.4
      vertex -35.0785 19.3109 2.4
    endloop
  endfacet
  facet normal 0.671478 0.741024 0
    outer loop
      vertex -35.2021 19.4229 2.4
      vertex -35.0785 19.3109 0
      vertex -35.2021 19.4229 0
    endloop
  endfacet
  facet normal 0.803154 -0.595772 0
    outer loop
      vertex -35.4135 21.5695 2.4
      vertex -35.3141 21.7035 0
      vertex -35.3141 21.7035 2.4
    endloop
  endfacet
  facet normal 0.803154 -0.595772 0
    outer loop
      vertex -35.3141 21.7035 0
      vertex -35.4135 21.5695 2.4
      vertex -35.4135 21.5695 0
    endloop
  endfacet
  facet normal 0.857652 -0.514231 0
    outer loop
      vertex -35.4993 21.4264 2.4
      vertex -35.4135 21.5695 0
      vertex -35.4135 21.5695 2.4
    endloop
  endfacet
  facet normal 0.857652 -0.514231 0
    outer loop
      vertex -35.4135 21.5695 0
      vertex -35.4993 21.4264 2.4
      vertex -35.4993 21.4264 0
    endloop
  endfacet
  facet normal 0.0491602 0.998791 -0
    outer loop
      vertex -34 18.925 0
      vertex -34.1666 18.9332 2.4
      vertex -34 18.925 2.4
    endloop
  endfacet
  facet normal 0.0491602 0.998791 0
    outer loop
      vertex -34.1666 18.9332 2.4
      vertex -34 18.925 0
      vertex -34.1666 18.9332 0
    endloop
  endfacet
  facet normal 0.998791 -0.0491602 0
    outer loop
      vertex -35.7 20.625 2.4
      vertex -35.6918 20.7916 0
      vertex -35.6918 20.7916 2.4
    endloop
  endfacet
  facet normal 0.998791 -0.0491602 0
    outer loop
      vertex -35.6918 20.7916 0
      vertex -35.7 20.625 2.4
      vertex -35.7 20.625 0
    endloop
  endfacet
  facet normal -0.741024 0.671478 0
    outer loop
      vertex -32.7979 19.4229 0
      vertex -32.6859 19.5465 2.4
      vertex -32.6859 19.5465 0
    endloop
  endfacet
  facet normal -0.741024 0.671478 0
    outer loop
      vertex -32.6859 19.5465 2.4
      vertex -32.7979 19.4229 0
      vertex -32.7979 19.4229 2.4
    endloop
  endfacet
  facet normal -0.671478 0.741024 0
    outer loop
      vertex -32.7979 19.4229 0
      vertex -32.9215 19.3109 2.4
      vertex -32.7979 19.4229 2.4
    endloop
  endfacet
  facet normal -0.671478 0.741024 0
    outer loop
      vertex -32.9215 19.3109 2.4
      vertex -32.7979 19.4229 0
      vertex -32.9215 19.3109 0
    endloop
  endfacet
  facet normal -0.238302 0.666197 0.706678
    outer loop
      vertex -33.0421 17.4671 4
      vertex -32.7371 17.5762 4
      vertex -33.3494 19.0544 2.4
    endloop
  endfacet
  facet normal -0.475004 0.524383 0.706678
    outer loop
      vertex -31.9065 18.0741 4
      vertex -31.6665 18.2915 4
      vertex -32.9215 19.3109 2.4
    endloop
  endfacet
  facet normal -0.70668 -0.0347333 0.70668
    outer loop
      vertex -30.7 20.625 4
      vertex -30.7159 20.9485 4
      vertex -32.3 20.625 2.4
    endloop
  endfacet
  facet normal -0.706674 -0.0347823 0.706684
    outer loop
      vertex -32.3 20.625 2.4
      vertex -30.7159 20.9485 4
      vertex -32.3082 20.7916 2.4
    endloop
  endfacet
  facet normal 0.524383 -0.475004 0.706678
    outer loop
      vertex -35.3141 21.7035 2.4
      vertex -36.3335 22.9585 4
      vertex -36.5509 22.7185 4
    endloop
  endfacet
  facet normal 0.17196 -0.686312 0.706686
    outer loop
      vertex -34.3317 22.2923 2.4
      vertex -34.6438 23.8616 4
      vertex -34.9579 23.7829 4
    endloop
  endfacet
  facet normal 0.0347333 0.70668 0.70668
    outer loop
      vertex -34 17.325 4
      vertex -34 18.925 2.4
      vertex -34.3235 17.3409 4
    endloop
  endfacet
  facet normal -0.666197 0.238302 0.706678
    outer loop
      vertex -30.9512 19.3621 4
      vertex -30.8421 19.6671 4
      vertex -32.4294 19.9744 2.4
    endloop
  endfacet
  facet normal 0.639562 -0.302629 0.706665
    outer loop
      vertex -35.4993 21.4264 2.4
      vertex -36.9103 22.1806 4
      vertex -37.0488 21.8879 4
    endloop
  endfacet
  facet normal 0.639562 0.302629 0.706665
    outer loop
      vertex -36.9103 19.0694 4
      vertex -35.4993 19.8236 2.4
      vertex -37.0488 19.3621 4
    endloop
  endfacet
  facet normal 0.421476 -0.568305 0.706674
    outer loop
      vertex -35.0785 21.9391 2.4
      vertex -35.8334 23.3688 4
      vertex -36.0935 23.1759 4
    endloop
  endfacet
  facet normal -0.103856 0.69986 0.70669
    outer loop
      vertex -33.3562 17.3884 4
      vertex -33.6683 18.9577 2.4
      vertex -33.8334 18.9332 2.4
    endloop
  endfacet
  facet normal -0.0347333 -0.70668 0.70668
    outer loop
      vertex -33.6765 23.9091 4
      vertex -34 23.925 4
      vertex -34 22.325 2.4
    endloop
  endfacet
  facet normal 0.568197 0.421615 0.706678
    outer loop
      vertex -36.5509 18.5315 4
      vertex -35.3141 19.5465 2.4
      vertex -36.7439 18.7916 4
    endloop
  endfacet
  facet normal -0.10379 0.699875 0.706684
    outer loop
      vertex -33.6765 17.3409 4
      vertex -33.3562 17.3884 4
      vertex -33.8334 18.9332 2.4
    endloop
  endfacet
  facet normal -0.606816 0.363835 0.706681
    outer loop
      vertex -32.5865 19.6805 2.4
      vertex -31.2639 18.7981 3.99
      vertex -32.5007 19.8236 2.4
    endloop
  endfacet
  facet normal -0.58836 0.39224 0.707093
    outer loop
      vertex -31.2639 18.7981 3.99
      vertex -32.5865 19.6805 2.4
      vertex -31.2645 18.7972 3.99
    endloop
  endfacet
  facet normal 0.238302 0.666197 0.706678
    outer loop
      vertex -34.9579 17.4671 4
      vertex -34.6506 19.0544 2.4
      vertex -35.2629 17.5762 4
    endloop
  endfacet
  facet normal 0.302429 -0.639639 0.706682
    outer loop
      vertex -34.8014 22.1243 2.4
      vertex -34.6506 22.1956 2.4
      vertex -35.2629 23.6738 4
    endloop
  endfacet
  facet normal -0.524383 -0.475004 0.706678
    outer loop
      vertex -31.4491 22.7185 4
      vertex -31.6665 22.9585 4
      vertex -32.6859 21.7035 2.4
    endloop
  endfacet
  facet normal 0.606808 0.36383 0.706691
    outer loop
      vertex -35.4135 19.6805 2.4
      vertex -35.4993 19.8236 2.4
      vertex -36.7439 18.7916 4
    endloop
  endfacet
  facet normal 0.686364 -0.171803 0.706674
    outer loop
      vertex -35.6673 20.9567 2.4
      vertex -35.6268 21.1185 2.4
      vertex -37.1579 21.5829 4
    endloop
  endfacet
  facet normal -0.686312 0.17196 0.706686
    outer loop
      vertex -30.8421 19.6671 4
      vertex -30.7634 19.9812 4
      vertex -32.3327 20.2933 2.4
    endloop
  endfacet
  facet normal -0.17196 0.686312 0.706686
    outer loop
      vertex -33.3562 17.3884 4
      vertex -33.0421 17.4671 4
      vertex -33.6683 18.9577 2.4
    endloop
  endfacet
  facet normal -0.568267 -0.421536 0.706668
    outer loop
      vertex -32.5865 21.5695 2.4
      vertex -31.2562 22.4584 4
      vertex -32.6859 21.7035 2.4
    endloop
  endfacet
  facet normal -0.302629 0.639562 0.706665
    outer loop
      vertex -32.7371 17.5762 4
      vertex -32.4444 17.7147 4
      vertex -33.1986 19.1257 2.4
    endloop
  endfacet
  facet normal 0.606985 0.363579 0.706667
    outer loop
      vertex -36.7439 18.7916 4
      vertex -35.4993 19.8236 2.4
      vertex -36.9103 19.0694 4
    endloop
  endfacet
  facet normal 0.36384 0.606824 0.706672
    outer loop
      vertex -34.8014 19.1257 2.4
      vertex -34.9445 19.2115 2.4
      vertex -35.8334 17.8812 4
    endloop
  endfacet
  facet normal 0.17196 0.686312 0.706686
    outer loop
      vertex -34.6438 17.3884 4
      vertex -34.3317 18.9577 2.4
      vertex -34.9579 17.4671 4
    endloop
  endfacet
  facet normal -0.526674 0.476063 0.704257
    outer loop
      vertex -31.61 18.3688 3.99
      vertex -31.6665 18.2915 4
      vertex -31.6364 18.3248 4
    endloop
  endfacet
  facet normal -0.524564 0.474832 0.706659
    outer loop
      vertex -31.61 18.3688 3.99
      vertex -32.6859 19.5465 2.4
      vertex -31.6665 18.2915 4
    endloop
  endfacet
  facet normal -0.524203 0.475195 0.706683
    outer loop
      vertex -32.6859 19.5465 2.4
      vertex -31.61 18.3688 3.99
      vertex -31.4568 18.5378 3.99
    endloop
  endfacet
  facet normal -0.36384 0.606824 0.706672
    outer loop
      vertex -32.1666 17.8812 4
      vertex -33.0555 19.2115 2.4
      vertex -33.1986 19.1257 2.4
    endloop
  endfacet
  facet normal -0.706674 0.0347823 0.706684
    outer loop
      vertex -30.7159 20.3015 4
      vertex -32.3 20.625 2.4
      vertex -32.3082 20.4584 2.4
    endloop
  endfacet
  facet normal -0.70668 0.0347333 0.70668
    outer loop
      vertex -30.7159 20.3015 4
      vertex -30.7 20.625 4
      vertex -32.3 20.625 2.4
    endloop
  endfacet
  facet normal -0.699875 0.10379 0.706684
    outer loop
      vertex -30.7634 19.9812 4
      vertex -30.7159 20.3015 4
      vertex -32.3082 20.4584 2.4
    endloop
  endfacet
  facet normal 0.524294 -0.475088 0.706688
    outer loop
      vertex -35.3141 21.7035 2.4
      vertex -35.2021 21.8271 2.4
      vertex -36.3335 22.9585 4
    endloop
  endfacet
  facet normal 0.686312 0.17196 0.706686
    outer loop
      vertex -37.1579 19.6671 4
      vertex -35.6673 20.2933 2.4
      vertex -37.2366 19.9812 4
    endloop
  endfacet
  facet normal 0.23832 -0.666192 0.706677
    outer loop
      vertex -34.6506 22.1956 2.4
      vertex -34.4935 22.2518 2.4
      vertex -34.9579 23.7829 4
    endloop
  endfacet
  facet normal 0.666197 -0.238302 0.706678
    outer loop
      vertex -35.5706 21.2756 2.4
      vertex -37.0488 21.8879 4
      vertex -37.1579 21.5829 4
    endloop
  endfacet
  facet normal 0.639639 0.302429 0.706682
    outer loop
      vertex -35.4993 19.8236 2.4
      vertex -35.5706 19.9744 2.4
      vertex -37.0488 19.3621 4
    endloop
  endfacet
  facet normal -0.666192 0.23832 0.706677
    outer loop
      vertex -30.8421 19.6671 4
      vertex -32.3732 20.1315 2.4
      vertex -32.4294 19.9744 2.4
    endloop
  endfacet
  facet normal -0.69986 0.103856 0.70669
    outer loop
      vertex -30.7634 19.9812 4
      vertex -32.3082 20.4584 2.4
      vertex -32.3327 20.2933 2.4
    endloop
  endfacet
  facet normal 0.421536 0.568267 0.706668
    outer loop
      vertex -34.9445 19.2115 2.4
      vertex -35.0785 19.3109 2.4
      vertex -35.8334 17.8812 4
    endloop
  endfacet
  facet normal -0.421476 0.568305 0.706674
    outer loop
      vertex -32.1666 17.8812 4
      vertex -31.9065 18.0741 4
      vertex -32.9215 19.3109 2.4
    endloop
  endfacet
  facet normal 0.302629 -0.639562 0.706665
    outer loop
      vertex -34.8014 22.1243 2.4
      vertex -35.2629 23.6738 4
      vertex -35.5556 23.5353 4
    endloop
  endfacet
  facet normal 0.568197 -0.421615 0.706678
    outer loop
      vertex -35.3141 21.7035 2.4
      vertex -36.5509 22.7185 4
      vertex -36.7439 22.4584 4
    endloop
  endfacet
  facet normal 0.23832 0.666192 0.706677
    outer loop
      vertex -34.4935 18.9982 2.4
      vertex -34.6506 19.0544 2.4
      vertex -34.9579 17.4671 4
    endloop
  endfacet
  facet normal -0.686364 -0.171803 0.706674
    outer loop
      vertex -32.3327 20.9567 2.4
      vertex -30.8421 21.5829 4
      vertex -32.3732 21.1185 2.4
    endloop
  endfacet
  facet normal 0.421476 0.568305 0.706674
    outer loop
      vertex -35.8334 17.8812 4
      vertex -35.0785 19.3109 2.4
      vertex -36.0935 18.0741 4
    endloop
  endfacet
  facet normal -0.639639 0.302429 0.706682
    outer loop
      vertex -30.9512 19.3621 4
      vertex -32.4294 19.9744 2.4
      vertex -32.5007 19.8236 2.4
    endloop
  endfacet
  facet normal -0.58836 0.39224 0.707093
    outer loop
      vertex -32.5865 19.6805 2.4
      vertex -31.2651 18.7963 3.99
      vertex -31.2645 18.7972 3.99
    endloop
  endfacet
  facet normal -0.56826 0.42153 0.706677
    outer loop
      vertex -31.2651 18.7963 3.99
      vertex -32.5865 19.6805 2.4
      vertex -32.6859 19.5465 2.4
    endloop
  endfacet
  facet normal 0.606985 -0.363579 0.706667
    outer loop
      vertex -35.4993 21.4264 2.4
      vertex -36.7439 22.4584 4
      vertex -36.9103 22.1806 4
    endloop
  endfacet
  facet normal 0.302429 0.639639 0.706682
    outer loop
      vertex -34.6506 19.0544 2.4
      vertex -34.8014 19.1257 2.4
      vertex -35.2629 17.5762 4
    endloop
  endfacet
  facet normal 0.666192 -0.23832 0.706677
    outer loop
      vertex -35.6268 21.1185 2.4
      vertex -35.5706 21.2756 2.4
      vertex -37.1579 21.5829 4
    endloop
  endfacet
  facet normal 0.10379 0.699875 0.706684
    outer loop
      vertex -34.3235 17.3409 4
      vertex -34.1666 18.9332 2.4
      vertex -34.6438 17.3884 4
    endloop
  endfacet
  facet normal -0.0347823 0.706674 0.706684
    outer loop
      vertex -33.6765 17.3409 4
      vertex -33.8334 18.9332 2.4
      vertex -34 18.925 2.4
    endloop
  endfacet
  facet normal -0.686364 0.171803 0.706674
    outer loop
      vertex -30.8421 19.6671 4
      vertex -32.3327 20.2933 2.4
      vertex -32.3732 20.1315 2.4
    endloop
  endfacet
  facet normal -0.568305 -0.421476 0.706674
    outer loop
      vertex -31.2562 22.4584 4
      vertex -31.4491 22.7185 4
      vertex -32.6859 21.7035 2.4
    endloop
  endfacet
  facet normal 0.686364 0.171803 0.706674
    outer loop
      vertex -35.6268 20.1315 2.4
      vertex -35.6673 20.2933 2.4
      vertex -37.1579 19.6671 4
    endloop
  endfacet
  facet normal 0.302629 0.639562 0.706665
    outer loop
      vertex -35.2629 17.5762 4
      vertex -34.8014 19.1257 2.4
      vertex -35.5556 17.7147 4
    endloop
  endfacet
  facet normal 0.0347333 -0.70668 0.70668
    outer loop
      vertex -34 22.325 2.4
      vertex -34 23.925 4
      vertex -34.3235 23.9091 4
    endloop
  endfacet
  facet normal -0.0347333 0.70668 0.70668
    outer loop
      vertex -33.6765 17.3409 4
      vertex -34 18.925 2.4
      vertex -34 17.325 4
    endloop
  endfacet
  facet normal -0.639639 -0.302429 0.706682
    outer loop
      vertex -32.4294 21.2756 2.4
      vertex -30.9512 21.8879 4
      vertex -32.5007 21.4264 2.4
    endloop
  endfacet
  facet normal -0.524294 0.475088 0.706688
    outer loop
      vertex -31.6665 18.2915 4
      vertex -32.6859 19.5465 2.4
      vertex -32.7979 19.4229 2.4
    endloop
  endfacet
  facet normal 0.699875 -0.10379 0.706684
    outer loop
      vertex -35.6918 20.7916 2.4
      vertex -37.2366 21.2688 4
      vertex -37.2841 20.9485 4
    endloop
  endfacet
  facet normal 0.666192 0.23832 0.706677
    outer loop
      vertex -35.5706 19.9744 2.4
      vertex -35.6268 20.1315 2.4
      vertex -37.1579 19.6671 4
    endloop
  endfacet
  facet normal -0.171803 0.686364 0.706674
    outer loop
      vertex -33.0421 17.4671 4
      vertex -33.5065 18.9982 2.4
      vertex -33.6683 18.9577 2.4
    endloop
  endfacet
  facet normal 0.103856 -0.69986 0.70669
    outer loop
      vertex -34.3317 22.2923 2.4
      vertex -34.1666 22.3168 2.4
      vertex -34.6438 23.8616 4
    endloop
  endfacet
  facet normal 0.171803 -0.686364 0.706674
    outer loop
      vertex -34.4935 22.2518 2.4
      vertex -34.3317 22.2923 2.4
      vertex -34.9579 23.7829 4
    endloop
  endfacet
  facet normal -0.475088 0.524294 0.706688
    outer loop
      vertex -31.6665 18.2915 4
      vertex -32.7979 19.4229 2.4
      vertex -32.9215 19.3109 2.4
    endloop
  endfacet
  facet normal 0.171803 0.686364 0.706674
    outer loop
      vertex -34.3317 18.9577 2.4
      vertex -34.4935 18.9982 2.4
      vertex -34.9579 17.4671 4
    endloop
  endfacet
  facet normal 0.686312 -0.17196 0.706686
    outer loop
      vertex -35.6673 20.9567 2.4
      vertex -37.1579 21.5829 4
      vertex -37.2366 21.2688 4
    endloop
  endfacet
  facet normal -0.666197 -0.238302 0.706678
    outer loop
      vertex -30.8421 21.5829 4
      vertex -30.9512 21.8879 4
      vertex -32.4294 21.2756 2.4
    endloop
  endfacet
  facet normal -0.421476 -0.568305 0.706674
    outer loop
      vertex -31.9065 23.1759 4
      vertex -32.1666 23.3688 4
      vertex -32.9215 21.9391 2.4
    endloop
  endfacet
  facet normal 0.238302 -0.666197 0.706678
    outer loop
      vertex -34.6506 22.1956 2.4
      vertex -34.9579 23.7829 4
      vertex -35.2629 23.6738 4
    endloop
  endfacet
  facet normal 0.70668 -0.0347333 0.70668
    outer loop
      vertex -35.7 20.625 2.4
      vertex -37.2841 20.9485 4
      vertex -37.3 20.625 4
    endloop
  endfacet
  facet normal -0.606993 0.363516 0.706694
    outer loop
      vertex -31.0897 19.0694 4
      vertex -31.1562 18.9778 3.99
      vertex -31.1218 19.0158 4
    endloop
  endfacet
  facet normal -0.606891 0.363729 0.706671
    outer loop
      vertex -31.1562 18.9778 3.99
      vertex -32.5007 19.8236 2.4
      vertex -31.2639 18.7981 3.99
    endloop
  endfacet
  facet normal -0.607012 0.363533 0.706669
    outer loop
      vertex -32.5007 19.8236 2.4
      vertex -31.1562 18.9778 3.99
      vertex -31.0897 19.0694 4
    endloop
  endfacet
  facet normal 0.0347823 -0.706674 0.706684
    outer loop
      vertex -34.1666 22.3168 2.4
      vertex -34 22.325 2.4
      vertex -34.3235 23.9091 4
    endloop
  endfacet
  facet normal -0.17196 -0.686312 0.706686
    outer loop
      vertex -33.0421 23.7829 4
      vertex -33.3562 23.8616 4
      vertex -33.6683 22.2923 2.4
    endloop
  endfacet
  facet normal 0.568253 -0.421525 0.706686
    outer loop
      vertex -35.4135 21.5695 2.4
      vertex -35.3141 21.7035 2.4
      vertex -36.7439 22.4584 4
    endloop
  endfacet
  facet normal 0.70668 0.0347333 0.70668
    outer loop
      vertex -37.2841 20.3015 4
      vertex -35.7 20.625 2.4
      vertex -37.3 20.625 4
    endloop
  endfacet
  facet normal -0.639562 0.302629 0.706665
    outer loop
      vertex -31.0897 19.0694 4
      vertex -30.9512 19.3621 4
      vertex -32.5007 19.8236 2.4
    endloop
  endfacet
  facet normal -0.56831 0.421451 0.706684
    outer loop
      vertex -31.4568 18.5378 3.99
      vertex -31.2651 18.7963 3.99
      vertex -32.6859 19.5465 2.4
    endloop
  endfacet
  facet normal 0.666197 0.238302 0.706678
    outer loop
      vertex -37.0488 19.3621 4
      vertex -35.5706 19.9744 2.4
      vertex -37.1579 19.6671 4
    endloop
  endfacet
  facet normal 0.706674 -0.0347823 0.706684
    outer loop
      vertex -35.7 20.625 2.4
      vertex -35.6918 20.7916 2.4
      vertex -37.2841 20.9485 4
    endloop
  endfacet
  facet normal 0.363743 -0.606893 0.706663
    outer loop
      vertex -34.8014 22.1243 2.4
      vertex -35.5556 23.5353 4
      vertex -35.8334 23.3688 4
    endloop
  endfacet
  facet normal -0.302429 -0.639639 0.706682
    outer loop
      vertex -33.1986 22.1243 2.4
      vertex -32.7371 23.6738 4
      vertex -33.3494 22.1956 2.4
    endloop
  endfacet
  facet normal -0.302429 0.639639 0.706682
    outer loop
      vertex -32.7371 17.5762 4
      vertex -33.1986 19.1257 2.4
      vertex -33.3494 19.0544 2.4
    endloop
  endfacet
  facet normal 0.524383 0.475004 0.706678
    outer loop
      vertex -36.3335 18.2915 4
      vertex -35.3141 19.5465 2.4
      vertex -36.5509 18.5315 4
    endloop
  endfacet
  facet normal -0.363743 0.606893 0.706663
    outer loop
      vertex -32.4444 17.7147 4
      vertex -32.1666 17.8812 4
      vertex -33.1986 19.1257 2.4
    endloop
  endfacet
  facet normal -0.171803 -0.686364 0.706674
    outer loop
      vertex -33.5065 22.2518 2.4
      vertex -33.0421 23.7829 4
      vertex -33.6683 22.2923 2.4
    endloop
  endfacet
  facet normal 0.363743 0.606893 0.706663
    outer loop
      vertex -35.5556 17.7147 4
      vertex -34.8014 19.1257 2.4
      vertex -35.8334 17.8812 4
    endloop
  endfacet
  facet normal -0.639562 -0.302629 0.706665
    outer loop
      vertex -30.9512 21.8879 4
      vertex -31.0897 22.1806 4
      vertex -32.5007 21.4264 2.4
    endloop
  endfacet
  facet normal 0.699875 0.10379 0.706684
    outer loop
      vertex -37.2366 19.9812 4
      vertex -35.6918 20.4584 2.4
      vertex -37.2841 20.3015 4
    endloop
  endfacet
  facet normal 0.606808 -0.36383 0.706691
    outer loop
      vertex -35.4993 21.4264 2.4
      vertex -35.4135 21.5695 2.4
      vertex -36.7439 22.4584 4
    endloop
  endfacet
  facet normal 0.69986 0.103856 0.70669
    outer loop
      vertex -35.6673 20.2933 2.4
      vertex -35.6918 20.4584 2.4
      vertex -37.2366 19.9812 4
    endloop
  endfacet
  facet normal 0.706674 0.0347823 0.706684
    outer loop
      vertex -35.6918 20.4584 2.4
      vertex -35.7 20.625 2.4
      vertex -37.2841 20.3015 4
    endloop
  endfacet
  facet normal 0.475004 0.524383 0.706678
    outer loop
      vertex -36.0935 18.0741 4
      vertex -35.0785 19.3109 2.4
      vertex -36.3335 18.2915 4
    endloop
  endfacet
  facet normal 0.475088 -0.524294 0.706688
    outer loop
      vertex -35.2021 21.8271 2.4
      vertex -35.0785 21.9391 2.4
      vertex -36.3335 22.9585 4
    endloop
  endfacet
  facet normal 0.36384 -0.606824 0.706672
    outer loop
      vertex -34.9445 22.0385 2.4
      vertex -34.8014 22.1243 2.4
      vertex -35.8334 23.3688 4
    endloop
  endfacet
  facet normal -0.475004 -0.524383 0.706678
    outer loop
      vertex -31.6665 22.9585 4
      vertex -31.9065 23.1759 4
      vertex -32.9215 21.9391 2.4
    endloop
  endfacet
  facet normal -0.524294 -0.475088 0.706688
    outer loop
      vertex -32.6859 21.7035 2.4
      vertex -31.6665 22.9585 4
      vertex -32.7979 21.8271 2.4
    endloop
  endfacet
  facet normal 0.421536 -0.568267 0.706668
    outer loop
      vertex -35.0785 21.9391 2.4
      vertex -34.9445 22.0385 2.4
      vertex -35.8334 23.3688 4
    endloop
  endfacet
  facet normal 0.10379 -0.699875 0.706684
    outer loop
      vertex -34.1666 22.3168 2.4
      vertex -34.3235 23.9091 4
      vertex -34.6438 23.8616 4
    endloop
  endfacet
  facet normal -0.103856 -0.69986 0.70669
    outer loop
      vertex -33.6683 22.2923 2.4
      vertex -33.3562 23.8616 4
      vertex -33.8334 22.3168 2.4
    endloop
  endfacet
  facet normal -0.421536 -0.568267 0.706668
    outer loop
      vertex -32.9215 21.9391 2.4
      vertex -32.1666 23.3688 4
      vertex -33.0555 22.0385 2.4
    endloop
  endfacet
  facet normal 0.475004 -0.524383 0.706678
    outer loop
      vertex -35.0785 21.9391 2.4
      vertex -36.0935 23.1759 4
      vertex -36.3335 22.9585 4
    endloop
  endfacet
  facet normal 0.568253 0.421525 0.706686
    outer loop
      vertex -35.3141 19.5465 2.4
      vertex -35.4135 19.6805 2.4
      vertex -36.7439 18.7916 4
    endloop
  endfacet
  facet normal 0.103856 0.69986 0.70669
    outer loop
      vertex -34.1666 18.9332 2.4
      vertex -34.3317 18.9577 2.4
      vertex -34.6438 17.3884 4
    endloop
  endfacet
  facet normal -0.421536 0.568267 0.706668
    outer loop
      vertex -32.1666 17.8812 4
      vertex -32.9215 19.3109 2.4
      vertex -33.0555 19.2115 2.4
    endloop
  endfacet
  facet normal 0.475088 0.524294 0.706688
    outer loop
      vertex -35.0785 19.3109 2.4
      vertex -35.2021 19.4229 2.4
      vertex -36.3335 18.2915 4
    endloop
  endfacet
  facet normal 0.524294 0.475088 0.706688
    outer loop
      vertex -35.2021 19.4229 2.4
      vertex -35.3141 19.5465 2.4
      vertex -36.3335 18.2915 4
    endloop
  endfacet
  facet normal -0.606824 -0.36384 0.706672
    outer loop
      vertex -32.5007 21.4264 2.4
      vertex -31.2562 22.4584 4
      vertex -32.5865 21.5695 2.4
    endloop
  endfacet
  facet normal -0.23832 0.666192 0.706677
    outer loop
      vertex -33.0421 17.4671 4
      vertex -33.3494 19.0544 2.4
      vertex -33.5065 18.9982 2.4
    endloop
  endfacet
  facet normal 0.0347823 0.706674 0.706684
    outer loop
      vertex -34 18.925 2.4
      vertex -34.1666 18.9332 2.4
      vertex -34.3235 17.3409 4
    endloop
  endfacet
  facet normal 0.639639 -0.302429 0.706682
    outer loop
      vertex -35.5706 21.2756 2.4
      vertex -35.4993 21.4264 2.4
      vertex -37.0488 21.8879 4
    endloop
  endfacet
  facet normal -0.302629 -0.639562 0.706665
    outer loop
      vertex -32.4444 23.5353 4
      vertex -32.7371 23.6738 4
      vertex -33.1986 22.1243 2.4
    endloop
  endfacet
  facet normal -0.363743 -0.606893 0.706663
    outer loop
      vertex -32.1666 23.3688 4
      vertex -32.4444 23.5353 4
      vertex -33.1986 22.1243 2.4
    endloop
  endfacet
  facet normal 0.69986 -0.103856 0.70669
    outer loop
      vertex -35.6918 20.7916 2.4
      vertex -35.6673 20.9567 2.4
      vertex -37.2366 21.2688 4
    endloop
  endfacet
  facet normal -0.238302 -0.666197 0.706678
    outer loop
      vertex -32.7371 23.6738 4
      vertex -33.0421 23.7829 4
      vertex -33.3494 22.1956 2.4
    endloop
  endfacet
  facet normal -0.606893 -0.363743 0.706663
    outer loop
      vertex -31.0897 22.1806 4
      vertex -31.2562 22.4584 4
      vertex -32.5007 21.4264 2.4
    endloop
  endfacet
  facet normal -0.36384 -0.606824 0.706672
    outer loop
      vertex -33.0555 22.0385 2.4
      vertex -32.1666 23.3688 4
      vertex -33.1986 22.1243 2.4
    endloop
  endfacet
  facet normal -0.23832 -0.666192 0.706677
    outer loop
      vertex -33.3494 22.1956 2.4
      vertex -33.0421 23.7829 4
      vertex -33.5065 22.2518 2.4
    endloop
  endfacet
  facet normal -0.699875 -0.10379 0.706684
    outer loop
      vertex -30.7159 20.9485 4
      vertex -30.7634 21.2688 4
      vertex -32.3082 20.7916 2.4
    endloop
  endfacet
  facet normal -0.10379 -0.699875 0.706684
    outer loop
      vertex -33.3562 23.8616 4
      vertex -33.6765 23.9091 4
      vertex -33.8334 22.3168 2.4
    endloop
  endfacet
  facet normal -0.0347823 -0.706674 0.706684
    outer loop
      vertex -33.8334 22.3168 2.4
      vertex -33.6765 23.9091 4
      vertex -34 22.325 2.4
    endloop
  endfacet
  facet normal -0.475088 -0.524294 0.706688
    outer loop
      vertex -32.7979 21.8271 2.4
      vertex -31.6665 22.9585 4
      vertex -32.9215 21.9391 2.4
    endloop
  endfacet
  facet normal -0.666192 -0.23832 0.706677
    outer loop
      vertex -32.3732 21.1185 2.4
      vertex -30.8421 21.5829 4
      vertex -32.4294 21.2756 2.4
    endloop
  endfacet
  facet normal -0.686312 -0.17196 0.706686
    outer loop
      vertex -30.7634 21.2688 4
      vertex -30.8421 21.5829 4
      vertex -32.3327 20.9567 2.4
    endloop
  endfacet
  facet normal -0.69986 -0.103856 0.70669
    outer loop
      vertex -32.3082 20.7916 2.4
      vertex -30.7634 21.2688 4
      vertex -32.3327 20.9567 2.4
    endloop
  endfacet
  facet normal -0.671448 0.741051 0
    outer loop
      vertex 1.20208 -21.8271 0
      vertex 1.07847 -21.9391 2.4
      vertex 1.20208 -21.8271 2.4
    endloop
  endfacet
  facet normal -0.671448 0.741051 0
    outer loop
      vertex 1.07847 -21.9391 2.4
      vertex 1.20208 -21.8271 0
      vertex 1.07847 -21.9391 0
    endloop
  endfacet
  facet normal -0.989185 -0.14667 0
    outer loop
      vertex 1.69181 -20.4584 0
      vertex 1.66733 -20.2933 2.4
      vertex 1.66733 -20.2933 0
    endloop
  endfacet
  facet normal -0.989185 -0.14667 0
    outer loop
      vertex 1.66733 -20.2933 2.4
      vertex 1.69181 -20.4584 0
      vertex 1.69181 -20.4584 2.4
    endloop
  endfacet
  facet normal -0.998794 -0.0491004 0
    outer loop
      vertex 1.7 -20.625 0
      vertex 1.69181 -20.4584 2.4
      vertex 1.69181 -20.4584 0
    endloop
  endfacet
  facet normal -0.998794 -0.0491004 0
    outer loop
      vertex 1.69181 -20.4584 2.4
      vertex 1.7 -20.625 0
      vertex 1.7 -20.625 2.4
    endloop
  endfacet
  facet normal -0.97003 -0.242987 0
    outer loop
      vertex 1.66733 -20.2933 0
      vertex 1.6268 -20.1315 2.4
      vertex 1.6268 -20.1315 0
    endloop
  endfacet
  facet normal -0.97003 -0.242987 0
    outer loop
      vertex 1.6268 -20.1315 2.4
      vertex 1.66733 -20.2933 0
      vertex 1.66733 -20.2933 2.4
    endloop
  endfacet
  facet normal -0.427412 0.904057 0
    outer loop
      vertex 0.801374 -22.1243 0
      vertex 0.650561 -22.1956 2.4
      vertex 0.801374 -22.1243 2.4
    endloop
  endfacet
  facet normal -0.427412 0.904057 0
    outer loop
      vertex 0.650561 -22.1956 2.4
      vertex 0.801374 -22.1243 0
      vertex 0.650561 -22.1956 0
    endloop
  endfacet
  facet normal 0.0491516 -0.998791 0
    outer loop
      vertex -0.166629 -18.9332 0
      vertex 0 -18.925 2.4
      vertex -0.166629 -18.9332 2.4
    endloop
  endfacet
  facet normal 0.0491516 -0.998791 0
    outer loop
      vertex 0 -18.925 2.4
      vertex -0.166629 -18.9332 0
      vertex 0 -18.925 0
    endloop
  endfacet
  facet normal 0.427412 -0.904057 0
    outer loop
      vertex -0.801374 -19.1257 0
      vertex -0.650561 -19.0544 2.4
      vertex -0.801374 -19.1257 2.4
    endloop
  endfacet
  facet normal 0.427412 -0.904057 0
    outer loop
      vertex -0.650561 -19.0544 2.4
      vertex -0.801374 -19.1257 0
      vertex -0.650561 -19.0544 0
    endloop
  endfacet
  facet normal -0.740905 -0.67161 0
    outer loop
      vertex 1.31412 -19.5465 0
      vertex 1.20208 -19.4229 2.4
      vertex 1.20208 -19.4229 0
    endloop
  endfacet
  facet normal -0.740905 -0.67161 0
    outer loop
      vertex 1.20208 -19.4229 2.4
      vertex 1.31412 -19.5465 0
      vertex 1.31412 -19.5465 2.4
    endloop
  endfacet
  facet normal 0.146854 0.989158 -0
    outer loop
      vertex -0.166629 -22.3168 0
      vertex -0.331653 -22.2923 2.4
      vertex -0.166629 -22.3168 2.4
    endloop
  endfacet
  facet normal 0.146854 0.989158 0
    outer loop
      vertex -0.331653 -22.2923 2.4
      vertex -0.166629 -22.3168 0
      vertex -0.331653 -22.2923 0
    endloop
  endfacet
  facet normal -0.427412 -0.904057 0
    outer loop
      vertex 0.650561 -19.0544 0
      vertex 0.801374 -19.1257 2.4
      vertex 0.650561 -19.0544 2.4
    endloop
  endfacet
  facet normal -0.427412 -0.904057 -0
    outer loop
      vertex 0.801374 -19.1257 2.4
      vertex 0.650561 -19.0544 0
      vertex 0.801374 -19.1257 0
    endloop
  endfacet
  facet normal 0.146854 -0.989158 0
    outer loop
      vertex -0.331653 -18.9577 0
      vertex -0.166629 -18.9332 2.4
      vertex -0.331653 -18.9577 2.4
    endloop
  endfacet
  facet normal 0.146854 -0.989158 0
    outer loop
      vertex -0.166629 -18.9332 2.4
      vertex -0.331653 -18.9577 0
      vertex -0.166629 -18.9332 0
    endloop
  endfacet
  facet normal -0.242774 0.970083 0
    outer loop
      vertex 0.493484 -22.2518 0
      vertex 0.331653 -22.2923 2.4
      vertex 0.493484 -22.2518 2.4
    endloop
  endfacet
  facet normal -0.242774 0.970083 0
    outer loop
      vertex 0.331653 -22.2923 2.4
      vertex 0.493484 -22.2518 0
      vertex 0.331653 -22.2923 0
    endloop
  endfacet
  facet normal 0.595766 -0.803158 0
    outer loop
      vertex -1.07847 -19.3109 0
      vertex -0.944468 -19.2115 2.4
      vertex -1.07847 -19.3109 2.4
    endloop
  endfacet
  facet normal 0.595766 -0.803158 0
    outer loop
      vertex -0.944468 -19.2115 2.4
      vertex -1.07847 -19.3109 0
      vertex -0.944468 -19.2115 0
    endloop
  endfacet
  facet normal 0.903996 -0.42754 0
    outer loop
      vertex -1.57059 -19.9744 2.4
      vertex -1.49927 -19.8236 0
      vertex -1.49927 -19.8236 2.4
    endloop
  endfacet
  facet normal 0.903996 -0.42754 0
    outer loop
      vertex -1.49927 -19.8236 0
      vertex -1.57059 -19.9744 2.4
      vertex -1.57059 -19.9744 0
    endloop
  endfacet
  facet normal 0.427412 0.904057 -0
    outer loop
      vertex -0.650561 -22.1956 0
      vertex -0.801374 -22.1243 2.4
      vertex -0.650561 -22.1956 2.4
    endloop
  endfacet
  facet normal 0.427412 0.904057 0
    outer loop
      vertex -0.801374 -22.1243 2.4
      vertex -0.650561 -22.1956 0
      vertex -0.801374 -22.1243 0
    endloop
  endfacet
  facet normal -0.336874 0.94155 0
    outer loop
      vertex 0.650561 -22.1956 0
      vertex 0.493484 -22.2518 2.4
      vertex 0.650561 -22.1956 2.4
    endloop
  endfacet
  facet normal -0.336874 0.94155 0
    outer loop
      vertex 0.493484 -22.2518 2.4
      vertex 0.650561 -22.1956 0
      vertex 0.493484 -22.2518 0
    endloop
  endfacet
  facet normal 0.595766 0.803158 -0
    outer loop
      vertex -0.944468 -22.0385 0
      vertex -1.07847 -21.9391 2.4
      vertex -0.944468 -22.0385 2.4
    endloop
  endfacet
  facet normal 0.595766 0.803158 0
    outer loop
      vertex -1.07847 -21.9391 2.4
      vertex -0.944468 -22.0385 0
      vertex -1.07847 -21.9391 0
    endloop
  endfacet
  facet normal 0.903996 0.42754 0
    outer loop
      vertex -1.49927 -21.4264 2.4
      vertex -1.57059 -21.2756 0
      vertex -1.57059 -21.2756 2.4
    endloop
  endfacet
  facet normal 0.903996 0.42754 0
    outer loop
      vertex -1.57059 -21.2756 0
      vertex -1.49927 -21.4264 2.4
      vertex -1.49927 -21.4264 0
    endloop
  endfacet
  facet normal -0.514247 -0.857642 0
    outer loop
      vertex 0.801374 -19.1257 0
      vertex 0.944468 -19.2115 2.4
      vertex 0.801374 -19.1257 2.4
    endloop
  endfacet
  facet normal -0.514247 -0.857642 -0
    outer loop
      vertex 0.944468 -19.2115 2.4
      vertex 0.801374 -19.1257 0
      vertex 0.944468 -19.2115 0
    endloop
  endfacet
  facet normal -0.595766 0.803158 0
    outer loop
      vertex 1.07847 -21.9391 0
      vertex 0.944468 -22.0385 2.4
      vertex 1.07847 -21.9391 2.4
    endloop
  endfacet
  facet normal -0.595766 0.803158 0
    outer loop
      vertex 0.944468 -22.0385 2.4
      vertex 1.07847 -21.9391 0
      vertex 0.944468 -22.0385 0
    endloop
  endfacet
  facet normal 0.998794 0.0491004 0
    outer loop
      vertex -1.69181 -20.7916 2.4
      vertex -1.7 -20.625 0
      vertex -1.7 -20.625 2.4
    endloop
  endfacet
  facet normal 0.998794 0.0491004 0
    outer loop
      vertex -1.7 -20.625 0
      vertex -1.69181 -20.7916 2.4
      vertex -1.69181 -20.7916 0
    endloop
  endfacet
  facet normal -0.595766 -0.803158 0
    outer loop
      vertex 0.944468 -19.2115 0
      vertex 1.07847 -19.3109 2.4
      vertex 0.944468 -19.2115 2.4
    endloop
  endfacet
  facet normal -0.595766 -0.803158 -0
    outer loop
      vertex 1.07847 -19.3109 2.4
      vertex 0.944468 -19.2115 0
      vertex 1.07847 -19.3109 0
    endloop
  endfacet
  facet normal -0.97003 0.242987 0
    outer loop
      vertex 1.6268 -21.1185 0
      vertex 1.66733 -20.9567 2.4
      vertex 1.66733 -20.9567 0
    endloop
  endfacet
  facet normal -0.97003 0.242987 0
    outer loop
      vertex 1.66733 -20.9567 2.4
      vertex 1.6268 -21.1185 0
      vertex 1.6268 -21.1185 2.4
    endloop
  endfacet
  facet normal 0.514247 -0.857642 0
    outer loop
      vertex -0.944468 -19.2115 0
      vertex -0.801374 -19.1257 2.4
      vertex -0.944468 -19.2115 2.4
    endloop
  endfacet
  facet normal 0.514247 -0.857642 0
    outer loop
      vertex -0.801374 -19.1257 2.4
      vertex -0.944468 -19.2115 0
      vertex -0.801374 -19.1257 0
    endloop
  endfacet
  facet normal 0.941546 0.336883 0
    outer loop
      vertex -1.57059 -21.2756 2.4
      vertex -1.6268 -21.1185 0
      vertex -1.6268 -21.1185 2.4
    endloop
  endfacet
  facet normal 0.941546 0.336883 0
    outer loop
      vertex -1.6268 -21.1185 0
      vertex -1.57059 -21.2756 2.4
      vertex -1.57059 -21.2756 0
    endloop
  endfacet
  facet normal -0.242774 -0.970083 0
    outer loop
      vertex 0.331653 -18.9577 0
      vertex 0.493484 -18.9982 2.4
      vertex 0.331653 -18.9577 2.4
    endloop
  endfacet
  facet normal -0.242774 -0.970083 -0
    outer loop
      vertex 0.493484 -18.9982 2.4
      vertex 0.331653 -18.9577 0
      vertex 0.493484 -18.9982 0
    endloop
  endfacet
  facet normal 0.740905 -0.67161 0
    outer loop
      vertex -1.31412 -19.5465 2.4
      vertex -1.20208 -19.4229 0
      vertex -1.20208 -19.4229 2.4
    endloop
  endfacet
  facet normal 0.740905 -0.67161 0
    outer loop
      vertex -1.20208 -19.4229 0
      vertex -1.31412 -19.5465 2.4
      vertex -1.31412 -19.5465 0
    endloop
  endfacet
  facet normal -0.0491516 0.998791 0
    outer loop
      vertex 0.166629 -22.3168 0
      vertex 0 -22.325 2.4
      vertex 0.166629 -22.3168 2.4
    endloop
  endfacet
  facet normal -0.0491516 0.998791 0
    outer loop
      vertex 0 -22.325 2.4
      vertex 0.166629 -22.3168 0
      vertex 0 -22.325 0
    endloop
  endfacet
  facet normal -0.803211 -0.595695 0
    outer loop
      vertex 1.4135 -19.6805 0
      vertex 1.31412 -19.5465 2.4
      vertex 1.31412 -19.5465 0
    endloop
  endfacet
  facet normal -0.803211 -0.595695 0
    outer loop
      vertex 1.31412 -19.5465 2.4
      vertex 1.4135 -19.6805 0
      vertex 1.4135 -19.6805 2.4
    endloop
  endfacet
  facet normal 0.97003 0.242987 0
    outer loop
      vertex -1.6268 -21.1185 2.4
      vertex -1.66733 -20.9567 0
      vertex -1.66733 -20.9567 2.4
    endloop
  endfacet
  facet normal 0.97003 0.242987 0
    outer loop
      vertex -1.66733 -20.9567 0
      vertex -1.6268 -21.1185 2.4
      vertex -1.6268 -21.1185 0
    endloop
  endfacet
  facet normal -0.989185 0.14667 0
    outer loop
      vertex 1.66733 -20.9567 0
      vertex 1.69181 -20.7916 2.4
      vertex 1.69181 -20.7916 0
    endloop
  endfacet
  facet normal -0.989185 0.14667 0
    outer loop
      vertex 1.69181 -20.7916 2.4
      vertex 1.66733 -20.9567 0
      vertex 1.66733 -20.9567 2.4
    endloop
  endfacet
  facet normal -0.514247 0.857642 0
    outer loop
      vertex 0.944468 -22.0385 0
      vertex 0.801374 -22.1243 2.4
      vertex 0.944468 -22.0385 2.4
    endloop
  endfacet
  facet normal -0.514247 0.857642 0
    outer loop
      vertex 0.801374 -22.1243 2.4
      vertex 0.944468 -22.0385 0
      vertex 0.801374 -22.1243 0
    endloop
  endfacet
  facet normal 0.941546 -0.336883 0
    outer loop
      vertex -1.6268 -20.1315 2.4
      vertex -1.57059 -19.9744 0
      vertex -1.57059 -19.9744 2.4
    endloop
  endfacet
  facet normal 0.941546 -0.336883 0
    outer loop
      vertex -1.57059 -19.9744 0
      vertex -1.6268 -20.1315 2.4
      vertex -1.6268 -20.1315 0
    endloop
  endfacet
  facet normal 0.989185 -0.14667 0
    outer loop
      vertex -1.69181 -20.4584 2.4
      vertex -1.66733 -20.2933 0
      vertex -1.66733 -20.2933 2.4
    endloop
  endfacet
  facet normal 0.989185 -0.14667 0
    outer loop
      vertex -1.66733 -20.2933 0
      vertex -1.69181 -20.4584 2.4
      vertex -1.69181 -20.4584 0
    endloop
  endfacet
  facet normal -0.903996 0.42754 0
    outer loop
      vertex 1.49927 -21.4264 0
      vertex 1.57059 -21.2756 2.4
      vertex 1.57059 -21.2756 0
    endloop
  endfacet
  facet normal -0.903996 0.42754 0
    outer loop
      vertex 1.57059 -21.2756 2.4
      vertex 1.49927 -21.4264 0
      vertex 1.49927 -21.4264 2.4
    endloop
  endfacet
  facet normal -0.998794 0.0491004 0
    outer loop
      vertex 1.69181 -20.7916 0
      vertex 1.7 -20.625 2.4
      vertex 1.7 -20.625 0
    endloop
  endfacet
  facet normal -0.998794 0.0491004 0
    outer loop
      vertex 1.7 -20.625 2.4
      vertex 1.69181 -20.7916 0
      vertex 1.69181 -20.7916 2.4
    endloop
  endfacet
  facet normal -0.146854 0.989158 0
    outer loop
      vertex 0.331653 -22.2923 0
      vertex 0.166629 -22.3168 2.4
      vertex 0.331653 -22.2923 2.4
    endloop
  endfacet
  facet normal -0.146854 0.989158 0
    outer loop
      vertex 0.166629 -22.3168 2.4
      vertex 0.331653 -22.2923 0
      vertex 0.166629 -22.3168 0
    endloop
  endfacet
  facet normal -0.941546 -0.336883 0
    outer loop
      vertex 1.6268 -20.1315 0
      vertex 1.57059 -19.9744 2.4
      vertex 1.57059 -19.9744 0
    endloop
  endfacet
  facet normal -0.941546 -0.336883 0
    outer loop
      vertex 1.57059 -19.9744 2.4
      vertex 1.6268 -20.1315 0
      vertex 1.6268 -20.1315 2.4
    endloop
  endfacet
  facet normal -0.803211 0.595695 0
    outer loop
      vertex 1.31412 -21.7035 0
      vertex 1.4135 -21.5695 2.4
      vertex 1.4135 -21.5695 0
    endloop
  endfacet
  facet normal -0.803211 0.595695 0
    outer loop
      vertex 1.4135 -21.5695 2.4
      vertex 1.31412 -21.7035 0
      vertex 1.31412 -21.7035 2.4
    endloop
  endfacet
  facet normal -0.857731 0.514099 0
    outer loop
      vertex 1.4135 -21.5695 0
      vertex 1.49927 -21.4264 2.4
      vertex 1.49927 -21.4264 0
    endloop
  endfacet
  facet normal -0.857731 0.514099 0
    outer loop
      vertex 1.49927 -21.4264 2.4
      vertex 1.4135 -21.5695 0
      vertex 1.4135 -21.5695 2.4
    endloop
  endfacet
  facet normal 0.242774 -0.970083 0
    outer loop
      vertex -0.493484 -18.9982 0
      vertex -0.331653 -18.9577 2.4
      vertex -0.493484 -18.9982 2.4
    endloop
  endfacet
  facet normal 0.242774 -0.970083 0
    outer loop
      vertex -0.331653 -18.9577 2.4
      vertex -0.493484 -18.9982 0
      vertex -0.331653 -18.9577 0
    endloop
  endfacet
  facet normal -0.941546 0.336883 0
    outer loop
      vertex 1.57059 -21.2756 0
      vertex 1.6268 -21.1185 2.4
      vertex 1.6268 -21.1185 0
    endloop
  endfacet
  facet normal -0.941546 0.336883 0
    outer loop
      vertex 1.6268 -21.1185 2.4
      vertex 1.57059 -21.2756 0
      vertex 1.57059 -21.2756 2.4
    endloop
  endfacet
  facet normal -0.0491516 -0.998791 0
    outer loop
      vertex 0 -18.925 0
      vertex 0.166629 -18.9332 2.4
      vertex 0 -18.925 2.4
    endloop
  endfacet
  facet normal -0.0491516 -0.998791 -0
    outer loop
      vertex 0.166629 -18.9332 2.4
      vertex 0 -18.925 0
      vertex 0.166629 -18.9332 0
    endloop
  endfacet
  facet normal -0.903996 -0.42754 0
    outer loop
      vertex 1.57059 -19.9744 0
      vertex 1.49927 -19.8236 2.4
      vertex 1.49927 -19.8236 0
    endloop
  endfacet
  facet normal -0.903996 -0.42754 0
    outer loop
      vertex 1.49927 -19.8236 2.4
      vertex 1.57059 -19.9744 0
      vertex 1.57059 -19.9744 2.4
    endloop
  endfacet
  facet normal -0.146854 -0.989158 0
    outer loop
      vertex 0.166629 -18.9332 0
      vertex 0.331653 -18.9577 2.4
      vertex 0.166629 -18.9332 2.4
    endloop
  endfacet
  facet normal -0.146854 -0.989158 -0
    outer loop
      vertex 0.331653 -18.9577 2.4
      vertex 0.166629 -18.9332 0
      vertex 0.331653 -18.9577 0
    endloop
  endfacet
  facet normal 0.242774 0.970083 -0
    outer loop
      vertex -0.331653 -22.2923 0
      vertex -0.493484 -22.2518 2.4
      vertex -0.331653 -22.2923 2.4
    endloop
  endfacet
  facet normal 0.242774 0.970083 0
    outer loop
      vertex -0.493484 -22.2518 2.4
      vertex -0.331653 -22.2923 0
      vertex -0.493484 -22.2518 0
    endloop
  endfacet
  facet normal 0.857731 0.514099 0
    outer loop
      vertex -1.4135 -21.5695 2.4
      vertex -1.49927 -21.4264 0
      vertex -1.49927 -21.4264 2.4
    endloop
  endfacet
  facet normal 0.857731 0.514099 0
    outer loop
      vertex -1.49927 -21.4264 0
      vertex -1.4135 -21.5695 2.4
      vertex -1.4135 -21.5695 0
    endloop
  endfacet
  facet normal -0.857731 -0.514099 0
    outer loop
      vertex 1.49927 -19.8236 0
      vertex 1.4135 -19.6805 2.4
      vertex 1.4135 -19.6805 0
    endloop
  endfacet
  facet normal -0.857731 -0.514099 0
    outer loop
      vertex 1.4135 -19.6805 2.4
      vertex 1.49927 -19.8236 0
      vertex 1.49927 -19.8236 2.4
    endloop
  endfacet
  facet normal 0.336874 -0.94155 0
    outer loop
      vertex -0.650561 -19.0544 0
      vertex -0.493484 -18.9982 2.4
      vertex -0.650561 -19.0544 2.4
    endloop
  endfacet
  facet normal 0.336874 -0.94155 0
    outer loop
      vertex -0.493484 -18.9982 2.4
      vertex -0.650561 -19.0544 0
      vertex -0.493484 -18.9982 0
    endloop
  endfacet
  facet normal 0.740905 0.67161 0
    outer loop
      vertex -1.20208 -21.8271 2.4
      vertex -1.31412 -21.7035 0
      vertex -1.31412 -21.7035 2.4
    endloop
  endfacet
  facet normal 0.740905 0.67161 0
    outer loop
      vertex -1.31412 -21.7035 0
      vertex -1.20208 -21.8271 2.4
      vertex -1.20208 -21.8271 0
    endloop
  endfacet
  facet normal 0.671448 -0.741051 0
    outer loop
      vertex -1.20208 -19.4229 0
      vertex -1.07847 -19.3109 2.4
      vertex -1.20208 -19.4229 2.4
    endloop
  endfacet
  facet normal 0.671448 -0.741051 0
    outer loop
      vertex -1.07847 -19.3109 2.4
      vertex -1.20208 -19.4229 0
      vertex -1.07847 -19.3109 0
    endloop
  endfacet
  facet normal -0.336874 -0.94155 0
    outer loop
      vertex 0.493484 -18.9982 0
      vertex 0.650561 -19.0544 2.4
      vertex 0.493484 -18.9982 2.4
    endloop
  endfacet
  facet normal -0.336874 -0.94155 -0
    outer loop
      vertex 0.650561 -19.0544 2.4
      vertex 0.493484 -18.9982 0
      vertex 0.650561 -19.0544 0
    endloop
  endfacet
  facet normal 0.514247 0.857642 -0
    outer loop
      vertex -0.801374 -22.1243 0
      vertex -0.944468 -22.0385 2.4
      vertex -0.801374 -22.1243 2.4
    endloop
  endfacet
  facet normal 0.514247 0.857642 0
    outer loop
      vertex -0.944468 -22.0385 2.4
      vertex -0.801374 -22.1243 0
      vertex -0.944468 -22.0385 0
    endloop
  endfacet
  facet normal 0.97003 -0.242987 0
    outer loop
      vertex -1.66733 -20.2933 2.4
      vertex -1.6268 -20.1315 0
      vertex -1.6268 -20.1315 2.4
    endloop
  endfacet
  facet normal 0.97003 -0.242987 0
    outer loop
      vertex -1.6268 -20.1315 0
      vertex -1.66733 -20.2933 2.4
      vertex -1.66733 -20.2933 0
    endloop
  endfacet
  facet normal -0.671448 -0.741051 0
    outer loop
      vertex 1.07847 -19.3109 0
      vertex 1.20208 -19.4229 2.4
      vertex 1.07847 -19.3109 2.4
    endloop
  endfacet
  facet normal -0.671448 -0.741051 -0
    outer loop
      vertex 1.20208 -19.4229 2.4
      vertex 1.07847 -19.3109 0
      vertex 1.20208 -19.4229 0
    endloop
  endfacet
  facet normal 0.803211 0.595695 0
    outer loop
      vertex -1.31412 -21.7035 2.4
      vertex -1.4135 -21.5695 0
      vertex -1.4135 -21.5695 2.4
    endloop
  endfacet
  facet normal 0.803211 0.595695 0
    outer loop
      vertex -1.4135 -21.5695 0
      vertex -1.31412 -21.7035 2.4
      vertex -1.31412 -21.7035 0
    endloop
  endfacet
  facet normal 0.989185 0.14667 0
    outer loop
      vertex -1.66733 -20.9567 2.4
      vertex -1.69181 -20.7916 0
      vertex -1.69181 -20.7916 2.4
    endloop
  endfacet
  facet normal 0.989185 0.14667 0
    outer loop
      vertex -1.69181 -20.7916 0
      vertex -1.66733 -20.9567 2.4
      vertex -1.66733 -20.9567 0
    endloop
  endfacet
  facet normal 0.671448 0.741051 -0
    outer loop
      vertex -1.07847 -21.9391 0
      vertex -1.20208 -21.8271 2.4
      vertex -1.07847 -21.9391 2.4
    endloop
  endfacet
  facet normal 0.671448 0.741051 0
    outer loop
      vertex -1.20208 -21.8271 2.4
      vertex -1.07847 -21.9391 0
      vertex -1.20208 -21.8271 0
    endloop
  endfacet
  facet normal 0.803211 -0.595695 0
    outer loop
      vertex -1.4135 -19.6805 2.4
      vertex -1.31412 -19.5465 0
      vertex -1.31412 -19.5465 2.4
    endloop
  endfacet
  facet normal 0.803211 -0.595695 0
    outer loop
      vertex -1.31412 -19.5465 0
      vertex -1.4135 -19.6805 2.4
      vertex -1.4135 -19.6805 0
    endloop
  endfacet
  facet normal 0.857731 -0.514099 0
    outer loop
      vertex -1.49927 -19.8236 2.4
      vertex -1.4135 -19.6805 0
      vertex -1.4135 -19.6805 2.4
    endloop
  endfacet
  facet normal 0.857731 -0.514099 0
    outer loop
      vertex -1.4135 -19.6805 0
      vertex -1.49927 -19.8236 2.4
      vertex -1.49927 -19.8236 0
    endloop
  endfacet
  facet normal 0.0491516 0.998791 -0
    outer loop
      vertex 0 -22.325 0
      vertex -0.166629 -22.3168 2.4
      vertex 0 -22.325 2.4
    endloop
  endfacet
  facet normal 0.0491516 0.998791 0
    outer loop
      vertex -0.166629 -22.3168 2.4
      vertex 0 -22.325 0
      vertex -0.166629 -22.3168 0
    endloop
  endfacet
  facet normal 0.998794 -0.0491004 0
    outer loop
      vertex -1.7 -20.625 2.4
      vertex -1.69181 -20.4584 0
      vertex -1.69181 -20.4584 2.4
    endloop
  endfacet
  facet normal 0.998794 -0.0491004 0
    outer loop
      vertex -1.69181 -20.4584 0
      vertex -1.7 -20.625 2.4
      vertex -1.7 -20.625 0
    endloop
  endfacet
  facet normal 0.336874 0.94155 -0
    outer loop
      vertex -0.493484 -22.2518 0
      vertex -0.650561 -22.1956 2.4
      vertex -0.493484 -22.2518 2.4
    endloop
  endfacet
  facet normal 0.336874 0.94155 0
    outer loop
      vertex -0.650561 -22.1956 2.4
      vertex -0.493484 -22.2518 0
      vertex -0.650561 -22.1956 0
    endloop
  endfacet
  facet normal -0.740905 0.67161 0
    outer loop
      vertex 1.20208 -21.8271 0
      vertex 1.31412 -21.7035 2.4
      vertex 1.31412 -21.7035 0
    endloop
  endfacet
  facet normal -0.740905 0.67161 0
    outer loop
      vertex 1.31412 -21.7035 2.4
      vertex 1.20208 -21.8271 0
      vertex 1.20208 -21.8271 2.4
    endloop
  endfacet
  facet normal 0.238363 0.666174 0.706679
    outer loop
      vertex -0.957939 -23.7829 4
      vertex -0.650561 -22.1956 2.4
      vertex -1.26285 -23.6738 4
    endloop
  endfacet
  facet normal -0.70668 -0.0347465 0.70668
    outer loop
      vertex 2.52868 -20.625 3.22868
      vertex 2.52454 -20.4566 3.23282
      vertex 1.7 -20.625 2.4
    endloop
  endfacet
  facet normal -0.706685 -0.0345843 0.706683
    outer loop
      vertex 1.69181 -20.4584 2.4
      vertex 2.52454 -20.4566 3.23282
      vertex 2.52258 -20.3765 3.23478
    endloop
  endfacet
  facet normal -0.706681 -0.0347402 0.706679
    outer loop
      vertex 2.52454 -20.4566 3.23282
      vertex 1.69181 -20.4584 2.4
      vertex 1.7 -20.625 2.4
    endloop
  endfacet
  facet normal -0.302577 -0.639584 0.706668
    outer loop
      vertex 1.55561 -17.7147 4
      vertex 1.26285 -17.5762 4
      vertex 0.801374 -19.1257 2.4
    endloop
  endfacet
  facet normal 0.302408 0.639649 0.706681
    outer loop
      vertex -0.650561 -22.1956 2.4
      vertex -0.801374 -22.1243 2.4
      vertex -1.26285 -23.6738 4
    endloop
  endfacet
  facet normal 0.171939 -0.686314 0.706689
    outer loop
      vertex -0.331653 -18.9577 2.4
      vertex -0.643798 -17.3884 4
      vertex -0.957939 -17.4671 4
    endloop
  endfacet
  facet normal -0.666174 0.238356 0.706681
    outer loop
      vertex 2.42863 -21.631 3.32873
      vertex 2.46042 -21.4479 3.29694
      vertex 1.57059 -21.2756 2.4
    endloop
  endfacet
  facet normal 0.421453 -0.568318 0.706677
    outer loop
      vertex -1.07847 -19.3109 2.4
      vertex -1.83338 -17.8812 4
      vertex -2.0935 -18.0741 4
    endloop
  endfacet
  facet normal 0.666195 0.238301 0.70668
    outer loop
      vertex -3.0488 -21.8879 4
      vertex -1.57059 -21.2756 2.4
      vertex -3.1579 -21.5829 4
    endloop
  endfacet
  facet normal 0.524297 0.475101 0.706677
    outer loop
      vertex -2.33345 -22.9585 4
      vertex -1.31412 -21.7035 2.4
      vertex -2.55093 -22.7185 4
    endloop
  endfacet
  facet normal -0.639607 0.302498 0.706681
    outer loop
      vertex 1.49927 -21.4264 2.4
      vertex 2.42863 -21.631 3.32873
      vertex 1.57059 -21.2756 2.4
    endloop
  endfacet
  facet normal -0.63954 0.302695 0.706657
    outer loop
      vertex 2.42863 -21.631 3.32873
      vertex 1.49927 -21.4264 2.4
      vertex 2.41343 -21.6986 3.34393
    endloop
  endfacet
  facet normal 0.568282 0.421503 0.706676
    outer loop
      vertex -2.55093 -22.7185 4
      vertex -1.31412 -21.7035 2.4
      vertex -2.74385 -22.4584 4
    endloop
  endfacet
  facet normal 0.0347763 -0.706675 0.706683
    outer loop
      vertex -0.166629 -18.9332 2.4
      vertex 0 -18.925 2.4
      vertex -0.323456 -17.3409 4
    endloop
  endfacet
  facet normal -0.034738 -0.70668 0.70668
    outer loop
      vertex 0.323456 -17.3409 4
      vertex 0 -17.325 4
      vertex 0 -18.925 2.4
    endloop
  endfacet
  facet normal 0.171939 0.686314 0.706689
    outer loop
      vertex -0.643798 -23.8616 4
      vertex -0.331653 -22.2923 2.4
      vertex -0.957939 -23.7829 4
    endloop
  endfacet
  facet normal 0.103777 0.699879 0.706682
    outer loop
      vertex -0.323456 -23.9091 4
      vertex -0.166629 -22.3168 2.4
      vertex -0.643798 -23.8616 4
    endloop
  endfacet
  facet normal -0.524222 0.475193 0.706671
    outer loop
      vertex 1.20208 -21.8271 2.4
      vertex 2.10926 -22.6824 3.6481
      vertex 1.31412 -21.7035 2.4
    endloop
  endfacet
  facet normal -0.524412 0.474986 0.706668
    outer loop
      vertex 2.10926 -22.6824 3.6481
      vertex 1.20208 -21.8271 2.4
      vertex 2.09483 -22.7198 3.66253
    endloop
  endfacet
  facet normal 0.0347763 0.706675 0.706683
    outer loop
      vertex 0 -22.325 2.4
      vertex -0.166629 -22.3168 2.4
      vertex -0.323456 -23.9091 4
    endloop
  endfacet
  facet normal 0.666195 -0.238301 0.70668
    outer loop
      vertex -1.57059 -19.9744 2.4
      vertex -3.0488 -19.3621 4
      vertex -3.1579 -19.6671 4
    endloop
  endfacet
  facet normal 0.421531 0.568269 0.70667
    outer loop
      vertex -0.944468 -22.0385 2.4
      vertex -1.07847 -21.9391 2.4
      vertex -1.83338 -23.3688 4
    endloop
  endfacet
  facet normal -0.686334 0.17191 0.706677
    outer loop
      vertex 2.48243 -21.2991 3.27493
      vertex 2.50415 -21.1231 3.25321
      vertex 1.66733 -20.9567 2.4
    endloop
  endfacet
  facet normal 0.421531 -0.568269 0.70667
    outer loop
      vertex -1.07847 -19.3109 2.4
      vertex -0.944468 -19.2115 2.4
      vertex -1.83338 -17.8812 4
    endloop
  endfacet
  facet normal -0.475155 0.524227 0.706692
    outer loop
      vertex 1.96302 -23.017 3.79433
      vertex 2.08021 -22.7528 3.67714
      vertex 1.07847 -21.9391 2.4
    endloop
  endfacet
  facet normal 0.302577 -0.639584 0.706668
    outer loop
      vertex -0.801374 -19.1257 2.4
      vertex -1.26285 -17.5762 4
      vertex -1.55561 -17.7147 4
    endloop
  endfacet
  facet normal 0.606891 -0.363719 0.706677
    outer loop
      vertex -1.49927 -19.8236 2.4
      vertex -2.74385 -18.7916 4
      vertex -2.91034 -19.0694 4
    endloop
  endfacet
  facet normal 0.699869 0.103833 0.706683
    outer loop
      vertex -3.23659 -21.2688 4
      vertex -1.69181 -20.7916 2.4
      vertex -3.28411 -20.9485 4
    endloop
  endfacet
  facet normal 0.686325 0.171942 0.706678
    outer loop
      vertex -3.1579 -21.5829 4
      vertex -1.66733 -20.9567 2.4
      vertex -3.23659 -21.2688 4
    endloop
  endfacet
  facet normal 0.606891 0.363719 0.706677
    outer loop
      vertex -2.74385 -22.4584 4
      vertex -1.49927 -21.4264 2.4
      vertex -2.91034 -22.1806 4
    endloop
  endfacet
  facet normal 0.103902 -0.69985 0.706692
    outer loop
      vertex -0.331653 -18.9577 2.4
      vertex -0.166629 -18.9332 2.4
      vertex -0.643798 -17.3884 4
    endloop
  endfacet
  facet normal -0.706681 0.0347402 0.706679
    outer loop
      vertex 1.69181 -20.7916 2.4
      vertex 2.52454 -20.7934 3.23282
      vertex 1.7 -20.625 2.4
    endloop
  endfacet
  facet normal -0.706685 0.0345843 0.706683
    outer loop
      vertex 2.52454 -20.7934 3.23282
      vertex 1.69181 -20.7916 2.4
      vertex 2.52258 -20.8735 3.23478
    endloop
  endfacet
  facet normal -0.70668 0.0347465 0.70668
    outer loop
      vertex 2.52454 -20.7934 3.23282
      vertex 2.52868 -20.625 3.22868
      vertex 1.7 -20.625 2.4
    endloop
  endfacet
  facet normal 0.606874 -0.363743 0.706679
    outer loop
      vertex -1.49927 -19.8236 2.4
      vertex -1.4135 -19.6805 2.4
      vertex -2.74385 -18.7916 4
    endloop
  endfacet
  facet normal 0.639606 -0.302498 0.706682
    outer loop
      vertex -1.57059 -19.9744 2.4
      vertex -1.49927 -19.8236 2.4
      vertex -3.0488 -19.3621 4
    endloop
  endfacet
  facet normal -0.699852 0.103926 0.706687
    outer loop
      vertex 2.50996 -21.0443 3.2474
      vertex 2.52258 -20.8735 3.23478
      vertex 1.69181 -20.7916 2.4
    endloop
  endfacet
  facet normal 0.706681 0.0347115 0.706681
    outer loop
      vertex -3.28411 -20.9485 4
      vertex -1.7 -20.625 2.4
      vertex -3.3 -20.625 4
    endloop
  endfacet
  facet normal -0.364551 -0.606309 0.706747
    outer loop
      vertex 0.801374 -19.1257 2.4
      vertex 1.80623 -17.9218 3.95113
      vertex 1.80357 -17.9171 3.95379
    endloop
  endfacet
  facet normal -0.363847 -0.60681 0.70668
    outer loop
      vertex 1.80623 -17.9218 3.95113
      vertex 0.801374 -19.1257 2.4
      vertex 0.944468 -19.2115 2.4
    endloop
  endfacet
  facet normal -0.524124 0.475285 0.706681
    outer loop
      vertex 2.10926 -22.6824 3.6481
      vertex 2.20495 -22.4346 3.55241
      vertex 1.31412 -21.7035 2.4
    endloop
  endfacet
  facet normal 0.36385 -0.606816 0.706674
    outer loop
      vertex -0.944468 -19.2115 2.4
      vertex -0.801374 -19.1257 2.4
      vertex -1.83338 -17.8812 4
    endloop
  endfacet
  facet normal 0.034738 0.70668 0.70668
    outer loop
      vertex 0 -23.925 4
      vertex 0 -22.325 2.4
      vertex -0.323456 -23.9091 4
    endloop
  endfacet
  facet normal -0.171939 -0.686314 0.706689
    outer loop
      vertex 0.957939 -17.4671 4
      vertex 0.643798 -17.3884 4
      vertex 0.331653 -18.9577 2.4
    endloop
  endfacet
  facet normal 0.36385 0.606816 0.706674
    outer loop
      vertex -0.801374 -22.1243 2.4
      vertex -0.944468 -22.0385 2.4
      vertex -1.83338 -23.3688 4
    endloop
  endfacet
  facet normal -0.666189 0.238317 0.706681
    outer loop
      vertex 1.6268 -21.1185 2.4
      vertex 2.46042 -21.4479 3.29694
      vertex 2.47304 -21.3752 3.28432
    endloop
  endfacet
  facet normal -0.666174 0.238356 0.706681
    outer loop
      vertex 2.46042 -21.4479 3.29694
      vertex 1.6268 -21.1185 2.4
      vertex 1.57059 -21.2756 2.4
    endloop
  endfacet
  facet normal -0.699887 0.103775 0.706675
    outer loop
      vertex 1.66733 -20.9567 2.4
      vertex 2.50996 -21.0443 3.2474
      vertex 1.69181 -20.7916 2.4
    endloop
  endfacet
  facet normal -0.699895 0.103708 0.706676
    outer loop
      vertex 2.50996 -21.0443 3.2474
      vertex 1.66733 -20.9567 2.4
      vertex 2.50415 -21.1231 3.25321
    endloop
  endfacet
  facet normal -0.666174 -0.238356 0.706681
    outer loop
      vertex 2.46042 -19.8021 3.29694
      vertex 2.42863 -19.619 3.32873
      vertex 1.57059 -19.9744 2.4
    endloop
  endfacet
  facet normal 0.568282 -0.421503 0.706676
    outer loop
      vertex -1.31412 -19.5465 2.4
      vertex -2.55093 -18.5315 4
      vertex -2.74385 -18.7916 4
    endloop
  endfacet
  facet normal -0.103902 0.69985 0.706692
    outer loop
      vertex 0.643798 -23.8616 4
      vertex 0.331653 -22.2923 2.4
      vertex 0.166629 -22.3168 2.4
    endloop
  endfacet
  facet normal -0.56831 0.421482 0.706666
    outer loop
      vertex 1.31412 -21.7035 2.4
      vertex 2.29599 -22.1591 3.46137
      vertex 1.4135 -21.5695 2.4
    endloop
  endfacet
  facet normal -0.568557 0.421065 0.706715
    outer loop
      vertex 2.29599 -22.1591 3.46137
      vertex 1.31412 -21.7035 2.4
      vertex 2.27832 -22.2126 3.47903
    endloop
  endfacet
  facet normal 0.706681 -0.0347115 0.706681
    outer loop
      vertex -1.7 -20.625 2.4
      vertex -3.28411 -20.3015 4
      vertex -3.3 -20.625 4
    endloop
  endfacet
  facet normal 0.36377 -0.606873 0.706666
    outer loop
      vertex -0.801374 -19.1257 2.4
      vertex -1.55561 -17.7147 4
      vertex -1.83338 -17.8812 4
    endloop
  endfacet
  facet normal 0.475056 0.524332 0.706681
    outer loop
      vertex -2.0935 -23.1759 4
      vertex -1.07847 -21.9391 2.4
      vertex -2.33345 -22.9585 4
    endloop
  endfacet
  facet normal -0.171772 0.68637 0.706676
    outer loop
      vertex 0.957939 -23.7829 4
      vertex 0.493484 -22.2518 2.4
      vertex 0.331653 -22.2923 2.4
    endloop
  endfacet
  facet normal -0.238349 -0.666178 0.70668
    outer loop
      vertex 0.650561 -19.0544 2.4
      vertex 0.957939 -17.4671 4
      vertex 0.493484 -18.9982 2.4
    endloop
  endfacet
  facet normal -0.421392 0.568345 0.706692
    outer loop
      vertex 1.80901 -23.3227 3.94835
      vertex 1.96302 -23.017 3.79433
      vertex 1.07847 -21.9391 2.4
    endloop
  endfacet
  facet normal 0.639585 -0.302552 0.706678
    outer loop
      vertex -1.49927 -19.8236 2.4
      vertex -2.91034 -19.0694 4
      vertex -3.0488 -19.3621 4
    endloop
  endfacet
  facet normal -0.568334 0.42142 0.706684
    outer loop
      vertex 2.20495 -22.4346 3.55241
      vertex 2.27832 -22.2126 3.47903
      vertex 1.31412 -21.7035 2.4
    endloop
  endfacet
  facet normal -0.68633 0.171922 0.706678
    outer loop
      vertex 1.6268 -21.1185 2.4
      vertex 2.48243 -21.2991 3.27493
      vertex 1.66733 -20.9567 2.4
    endloop
  endfacet
  facet normal -0.686339 0.171885 0.706679
    outer loop
      vertex 2.48243 -21.2991 3.27493
      vertex 1.6268 -21.1185 2.4
      vertex 2.47304 -21.3752 3.28432
    endloop
  endfacet
  facet normal -0.103777 0.699879 0.706682
    outer loop
      vertex 0.323456 -23.9091 4
      vertex 0.643798 -23.8616 4
      vertex 0.166629 -22.3168 2.4
    endloop
  endfacet
  facet normal -0.0347763 0.706675 0.706683
    outer loop
      vertex 0.323456 -23.9091 4
      vertex 0.166629 -22.3168 2.4
      vertex 0 -22.325 2.4
    endloop
  endfacet
  facet normal 0.302408 -0.639649 0.706681
    outer loop
      vertex -0.801374 -19.1257 2.4
      vertex -0.650561 -19.0544 2.4
      vertex -1.26285 -17.5762 4
    endloop
  endfacet
  facet normal 0.171772 -0.68637 0.706676
    outer loop
      vertex -0.493484 -18.9982 2.4
      vertex -0.331653 -18.9577 2.4
      vertex -0.957939 -17.4671 4
    endloop
  endfacet
  facet normal -0.363847 0.60681 0.70668
    outer loop
      vertex 0.801374 -22.1243 2.4
      vertex 1.80623 -23.3282 3.95113
      vertex 0.944468 -22.0385 2.4
    endloop
  endfacet
  facet normal -0.364551 0.606309 0.706747
    outer loop
      vertex 1.80623 -23.3282 3.95113
      vertex 0.801374 -22.1243 2.4
      vertex 1.80357 -23.3329 3.95379
    endloop
  endfacet
  facet normal 0.36377 0.606873 0.706666
    outer loop
      vertex -1.55561 -23.5353 4
      vertex -0.801374 -22.1243 2.4
      vertex -1.83338 -23.3688 4
    endloop
  endfacet
  facet normal 0.103902 0.69985 0.706692
    outer loop
      vertex -0.166629 -22.3168 2.4
      vertex -0.331653 -22.2923 2.4
      vertex -0.643798 -23.8616 4
    endloop
  endfacet
  facet normal 0.686331 0.171922 0.706677
    outer loop
      vertex -1.6268 -21.1185 2.4
      vertex -1.66733 -20.9567 2.4
      vertex -3.1579 -21.5829 4
    endloop
  endfacet
  facet normal 0.421453 0.568318 0.706677
    outer loop
      vertex -1.83338 -23.3688 4
      vertex -1.07847 -21.9391 2.4
      vertex -2.0935 -23.1759 4
    endloop
  endfacet
  facet normal 0.47507 -0.524317 0.706683
    outer loop
      vertex -1.20208 -19.4229 2.4
      vertex -1.07847 -19.3109 2.4
      vertex -2.33345 -18.2915 4
    endloop
  endfacet
  facet normal 0.639585 0.302552 0.706678
    outer loop
      vertex -2.91034 -22.1806 4
      vertex -1.49927 -21.4264 2.4
      vertex -3.0488 -21.8879 4
    endloop
  endfacet
  facet normal -0.524412 -0.474986 0.706668
    outer loop
      vertex 1.20208 -19.4229 2.4
      vertex 2.10926 -18.5676 3.6481
      vertex 2.09483 -18.5302 3.66253
    endloop
  endfacet
  facet normal -0.524222 -0.475193 0.706671
    outer loop
      vertex 2.10926 -18.5676 3.6481
      vertex 1.20208 -19.4229 2.4
      vertex 1.31412 -19.5465 2.4
    endloop
  endfacet
  facet normal 0.475056 -0.524332 0.706681
    outer loop
      vertex -1.07847 -19.3109 2.4
      vertex -2.0935 -18.0741 4
      vertex -2.33345 -18.2915 4
    endloop
  endfacet
  facet normal 0.686325 -0.171942 0.706678
    outer loop
      vertex -1.66733 -20.2933 2.4
      vertex -3.1579 -19.6671 4
      vertex -3.23659 -19.9812 4
    endloop
  endfacet
  facet normal 0.699883 0.103774 0.706679
    outer loop
      vertex -1.66733 -20.9567 2.4
      vertex -1.69181 -20.7916 2.4
      vertex -3.23659 -21.2688 4
    endloop
  endfacet
  facet normal -0.606887 0.363731 0.706674
    outer loop
      vertex 2.31223 -22.1005 3.44513
      vertex 2.37002 -21.8918 3.38734
      vertex 1.49927 -21.4264 2.4
    endloop
  endfacet
  facet normal 0.171772 0.68637 0.706676
    outer loop
      vertex -0.331653 -22.2923 2.4
      vertex -0.493484 -22.2518 2.4
      vertex -0.957939 -23.7829 4
    endloop
  endfacet
  facet normal -0.034738 0.70668 0.70668
    outer loop
      vertex 0.323456 -23.9091 4
      vertex 0 -22.325 2.4
      vertex 0 -23.925 4
    endloop
  endfacet
  facet normal 0.568299 -0.421475 0.706679
    outer loop
      vertex -1.4135 -19.6805 2.4
      vertex -1.31412 -19.5465 2.4
      vertex -2.74385 -18.7916 4
    endloop
  endfacet
  facet normal 0.686331 -0.171922 0.706677
    outer loop
      vertex -1.66733 -20.2933 2.4
      vertex -1.6268 -20.1315 2.4
      vertex -3.1579 -19.6671 4
    endloop
  endfacet
  facet normal -0.639615 0.302497 0.706674
    outer loop
      vertex 2.37002 -21.8918 3.38734
      vertex 2.41343 -21.6986 3.34393
      vertex 1.49927 -21.4264 2.4
    endloop
  endfacet
  facet normal 0.706677 0.03474 0.706683
    outer loop
      vertex -1.69181 -20.7916 2.4
      vertex -1.7 -20.625 2.4
      vertex -3.28411 -20.9485 4
    endloop
  endfacet
  facet normal 0.47507 0.524317 0.706683
    outer loop
      vertex -1.07847 -21.9391 2.4
      vertex -1.20208 -21.8271 2.4
      vertex -2.33345 -22.9585 4
    endloop
  endfacet
  facet normal -0.63954 -0.302695 0.706657
    outer loop
      vertex 1.49927 -19.8236 2.4
      vertex 2.42863 -19.619 3.32873
      vertex 2.41343 -19.5514 3.34393
    endloop
  endfacet
  facet normal -0.639607 -0.302498 0.706681
    outer loop
      vertex 2.42863 -19.619 3.32873
      vertex 1.49927 -19.8236 2.4
      vertex 1.57059 -19.9744 2.4
    endloop
  endfacet
  facet normal -0.475079 0.524326 0.70667
    outer loop
      vertex 1.07847 -21.9391 2.4
      vertex 2.09483 -22.7198 3.66253
      vertex 1.20208 -21.8271 2.4
    endloop
  endfacet
  facet normal -0.475702 0.523649 0.706753
    outer loop
      vertex 2.09483 -22.7198 3.66253
      vertex 1.07847 -21.9391 2.4
      vertex 2.08021 -22.7528 3.67714
    endloop
  endfacet
  facet normal -0.363687 0.606896 0.706689
    outer loop
      vertex 1.80357 -23.3329 3.95379
      vertex 1.55561 -23.5353 4
      vertex 1.75736 -23.4144 4
    endloop
  endfacet
  facet normal -0.363702 0.606911 0.706668
    outer loop
      vertex 1.55561 -23.5353 4
      vertex 1.80357 -23.3329 3.95379
      vertex 0.801374 -22.1243 2.4
    endloop
  endfacet
  facet normal 0.103777 -0.699879 0.706682
    outer loop
      vertex -0.166629 -18.9332 2.4
      vertex -0.323456 -17.3409 4
      vertex -0.643798 -17.3884 4
    endloop
  endfacet
  facet normal -0.302408 0.639649 0.706681
    outer loop
      vertex 1.26285 -23.6738 4
      vertex 0.801374 -22.1243 2.4
      vertex 0.650561 -22.1956 2.4
    endloop
  endfacet
  facet normal 0.699869 -0.103833 0.706683
    outer loop
      vertex -1.69181 -20.4584 2.4
      vertex -3.23659 -19.9812 4
      vertex -3.28411 -20.3015 4
    endloop
  endfacet
  facet normal 0.606874 0.363743 0.706679
    outer loop
      vertex -1.4135 -21.5695 2.4
      vertex -1.49927 -21.4264 2.4
      vertex -2.74385 -22.4584 4
    endloop
  endfacet
  facet normal -0.238363 0.666174 0.706679
    outer loop
      vertex 0.957939 -23.7829 4
      vertex 1.26285 -23.6738 4
      vertex 0.650561 -22.1956 2.4
    endloop
  endfacet
  facet normal -0.699852 -0.103926 0.706687
    outer loop
      vertex 2.52258 -20.3765 3.23478
      vertex 2.50996 -20.2057 3.2474
      vertex 1.69181 -20.4584 2.4
    endloop
  endfacet
  facet normal -0.302577 0.639584 0.706668
    outer loop
      vertex 1.26285 -23.6738 4
      vertex 1.55561 -23.5353 4
      vertex 0.801374 -22.1243 2.4
    endloop
  endfacet
  facet normal -0.363687 -0.606896 0.706689
    outer loop
      vertex 1.55561 -17.7147 4
      vertex 1.80357 -17.9171 3.95379
      vertex 1.75736 -17.8356 4
    endloop
  endfacet
  facet normal -0.363702 -0.606911 0.706668
    outer loop
      vertex 1.80357 -17.9171 3.95379
      vertex 1.55561 -17.7147 4
      vertex 0.801374 -19.1257 2.4
    endloop
  endfacet
  facet normal 0.302577 0.639584 0.706668
    outer loop
      vertex -1.26285 -23.6738 4
      vertex -0.801374 -22.1243 2.4
      vertex -1.55561 -23.5353 4
    endloop
  endfacet
  facet normal -0.171939 0.686314 0.706689
    outer loop
      vertex 0.643798 -23.8616 4
      vertex 0.957939 -23.7829 4
      vertex 0.331653 -22.2923 2.4
    endloop
  endfacet
  facet normal 0.639606 0.302498 0.706682
    outer loop
      vertex -1.49927 -21.4264 2.4
      vertex -1.57059 -21.2756 2.4
      vertex -3.0488 -21.8879 4
    endloop
  endfacet
  facet normal -0.606877 0.363745 0.706675
    outer loop
      vertex 1.4135 -21.5695 2.4
      vertex 2.31223 -22.1005 3.44513
      vertex 1.49927 -21.4264 2.4
    endloop
  endfacet
  facet normal -0.606732 0.363988 0.706674
    outer loop
      vertex 2.31223 -22.1005 3.44513
      vertex 1.4135 -21.5695 2.4
      vertex 2.29599 -22.1591 3.46137
    endloop
  endfacet
  facet normal 0.66618 -0.238357 0.706676
    outer loop
      vertex -1.6268 -20.1315 2.4
      vertex -1.57059 -19.9744 2.4
      vertex -3.1579 -19.6671 4
    endloop
  endfacet
  facet normal 0.034738 -0.70668 0.70668
    outer loop
      vertex 0 -18.925 2.4
      vertex 0 -17.325 4
      vertex -0.323456 -17.3409 4
    endloop
  endfacet
  facet normal -0.421392 -0.568345 0.706692
    outer loop
      vertex 1.96302 -18.233 3.79433
      vertex 1.80901 -17.9273 3.94835
      vertex 1.07847 -19.3109 2.4
    endloop
  endfacet
  facet normal 0.238363 -0.666174 0.706679
    outer loop
      vertex -0.650561 -19.0544 2.4
      vertex -0.957939 -17.4671 4
      vertex -1.26285 -17.5762 4
    endloop
  endfacet
  facet normal -0.606732 -0.363988 0.706674
    outer loop
      vertex 1.4135 -19.6805 2.4
      vertex 2.31223 -19.1495 3.44513
      vertex 2.29599 -19.0909 3.46137
    endloop
  endfacet
  facet normal -0.606877 -0.363745 0.706675
    outer loop
      vertex 2.31223 -19.1495 3.44513
      vertex 1.4135 -19.6805 2.4
      vertex 1.49927 -19.8236 2.4
    endloop
  endfacet
  facet normal -0.171772 -0.68637 0.706676
    outer loop
      vertex 0.493484 -18.9982 2.4
      vertex 0.957939 -17.4671 4
      vertex 0.331653 -18.9577 2.4
    endloop
  endfacet
  facet normal -0.419859 -0.569437 0.706725
    outer loop
      vertex 0.944468 -19.2115 2.4
      vertex 1.80901 -17.9273 3.94835
      vertex 1.80623 -17.9218 3.95113
    endloop
  endfacet
  facet normal -0.421525 -0.568261 0.706679
    outer loop
      vertex 1.80901 -17.9273 3.94835
      vertex 0.944468 -19.2115 2.4
      vertex 1.07847 -19.3109 2.4
    endloop
  endfacet
  facet normal -0.699895 -0.103708 0.706676
    outer loop
      vertex 1.66733 -20.2933 2.4
      vertex 2.50996 -20.2057 3.2474
      vertex 2.50415 -20.1269 3.25321
    endloop
  endfacet
  facet normal -0.699887 -0.103775 0.706675
    outer loop
      vertex 2.50996 -20.2057 3.2474
      vertex 1.66733 -20.2933 2.4
      vertex 1.69181 -20.4584 2.4
    endloop
  endfacet
  facet normal -0.103902 -0.69985 0.706692
    outer loop
      vertex 0.331653 -18.9577 2.4
      vertex 0.643798 -17.3884 4
      vertex 0.166629 -18.9332 2.4
    endloop
  endfacet
  facet normal -0.568334 -0.42142 0.706684
    outer loop
      vertex 2.27832 -19.0374 3.47903
      vertex 2.20495 -18.8154 3.55241
      vertex 1.31412 -19.5465 2.4
    endloop
  endfacet
  facet normal 0.524211 0.475182 0.706686
    outer loop
      vertex -1.20208 -21.8271 2.4
      vertex -1.31412 -21.7035 2.4
      vertex -2.33345 -22.9585 4
    endloop
  endfacet
  facet normal -0.686334 -0.17191 0.706677
    outer loop
      vertex 2.50415 -20.1269 3.25321
      vertex 2.48243 -19.9509 3.27493
      vertex 1.66733 -20.2933 2.4
    endloop
  endfacet
  facet normal 0.524297 -0.475101 0.706677
    outer loop
      vertex -1.31412 -19.5465 2.4
      vertex -2.33345 -18.2915 4
      vertex -2.55093 -18.5315 4
    endloop
  endfacet
  facet normal 0.238349 0.666178 0.70668
    outer loop
      vertex -0.493484 -22.2518 2.4
      vertex -0.650561 -22.1956 2.4
      vertex -0.957939 -23.7829 4
    endloop
  endfacet
  facet normal 0.238349 -0.666178 0.70668
    outer loop
      vertex -0.650561 -19.0544 2.4
      vertex -0.493484 -18.9982 2.4
      vertex -0.957939 -17.4671 4
    endloop
  endfacet
  facet normal -0.421525 0.568261 0.706679
    outer loop
      vertex 0.944468 -22.0385 2.4
      vertex 1.80901 -23.3227 3.94835
      vertex 1.07847 -21.9391 2.4
    endloop
  endfacet
  facet normal -0.419859 0.569437 0.706725
    outer loop
      vertex 1.80901 -23.3227 3.94835
      vertex 0.944468 -22.0385 2.4
      vertex 1.80623 -23.3282 3.95113
    endloop
  endfacet
  facet normal 0.568299 0.421475 0.706679
    outer loop
      vertex -1.31412 -21.7035 2.4
      vertex -1.4135 -21.5695 2.4
      vertex -2.74385 -22.4584 4
    endloop
  endfacet
  facet normal -0.475155 -0.524227 0.706692
    outer loop
      vertex 2.08021 -18.4972 3.67714
      vertex 1.96302 -18.233 3.79433
      vertex 1.07847 -19.3109 2.4
    endloop
  endfacet
  facet normal -0.639615 -0.302497 0.706674
    outer loop
      vertex 2.41343 -19.5514 3.34393
      vertex 2.37002 -19.3582 3.38734
      vertex 1.49927 -19.8236 2.4
    endloop
  endfacet
  facet normal 0.66618 0.238357 0.706676
    outer loop
      vertex -1.57059 -21.2756 2.4
      vertex -1.6268 -21.1185 2.4
      vertex -3.1579 -21.5829 4
    endloop
  endfacet
  facet normal -0.0347763 -0.706675 0.706683
    outer loop
      vertex 0.166629 -18.9332 2.4
      vertex 0.323456 -17.3409 4
      vertex 0 -18.925 2.4
    endloop
  endfacet
  facet normal -0.238349 0.666178 0.70668
    outer loop
      vertex 0.957939 -23.7829 4
      vertex 0.650561 -22.1956 2.4
      vertex 0.493484 -22.2518 2.4
    endloop
  endfacet
  facet normal -0.103777 -0.699879 0.706682
    outer loop
      vertex 0.643798 -17.3884 4
      vertex 0.323456 -17.3409 4
      vertex 0.166629 -18.9332 2.4
    endloop
  endfacet
  facet normal 0.524211 -0.475182 0.706686
    outer loop
      vertex -1.31412 -19.5465 2.4
      vertex -1.20208 -19.4229 2.4
      vertex -2.33345 -18.2915 4
    endloop
  endfacet
  facet normal -0.686339 -0.171885 0.706679
    outer loop
      vertex 1.6268 -20.1315 2.4
      vertex 2.48243 -19.9509 3.27493
      vertex 2.47304 -19.8748 3.28432
    endloop
  endfacet
  facet normal -0.68633 -0.171922 0.706678
    outer loop
      vertex 2.48243 -19.9509 3.27493
      vertex 1.6268 -20.1315 2.4
      vertex 1.66733 -20.2933 2.4
    endloop
  endfacet
  facet normal 0.699883 -0.103774 0.706679
    outer loop
      vertex -1.69181 -20.4584 2.4
      vertex -1.66733 -20.2933 2.4
      vertex -3.23659 -19.9812 4
    endloop
  endfacet
  facet normal 0.706677 -0.03474 0.706683
    outer loop
      vertex -1.7 -20.625 2.4
      vertex -1.69181 -20.4584 2.4
      vertex -3.28411 -20.3015 4
    endloop
  endfacet
  facet normal -0.475702 -0.523649 0.706753
    outer loop
      vertex 1.07847 -19.3109 2.4
      vertex 2.09483 -18.5302 3.66253
      vertex 2.08021 -18.4972 3.67714
    endloop
  endfacet
  facet normal -0.475079 -0.524326 0.70667
    outer loop
      vertex 2.09483 -18.5302 3.66253
      vertex 1.07847 -19.3109 2.4
      vertex 1.20208 -19.4229 2.4
    endloop
  endfacet
  facet normal -0.606887 -0.363731 0.706674
    outer loop
      vertex 2.37002 -19.3582 3.38734
      vertex 2.31223 -19.1495 3.44513
      vertex 1.49927 -19.8236 2.4
    endloop
  endfacet
  facet normal -0.568557 -0.421065 0.706715
    outer loop
      vertex 1.31412 -19.5465 2.4
      vertex 2.29599 -19.0909 3.46137
      vertex 2.27832 -19.0374 3.47903
    endloop
  endfacet
  facet normal -0.56831 -0.421482 0.706666
    outer loop
      vertex 2.29599 -19.0909 3.46137
      vertex 1.31412 -19.5465 2.4
      vertex 1.4135 -19.6805 2.4
    endloop
  endfacet
  facet normal -0.524124 -0.475285 0.706681
    outer loop
      vertex 2.20495 -18.8154 3.55241
      vertex 2.10926 -18.5676 3.6481
      vertex 1.31412 -19.5465 2.4
    endloop
  endfacet
  facet normal -0.302408 -0.639649 0.706681
    outer loop
      vertex 0.801374 -19.1257 2.4
      vertex 1.26285 -17.5762 4
      vertex 0.650561 -19.0544 2.4
    endloop
  endfacet
  facet normal -0.238363 -0.666174 0.706679
    outer loop
      vertex 1.26285 -17.5762 4
      vertex 0.957939 -17.4671 4
      vertex 0.650561 -19.0544 2.4
    endloop
  endfacet
  facet normal -0.666189 -0.238317 0.706681
    outer loop
      vertex 2.46042 -19.8021 3.29694
      vertex 1.6268 -20.1315 2.4
      vertex 2.47304 -19.8748 3.28432
    endloop
  endfacet
  facet normal -0.666174 -0.238356 0.706681
    outer loop
      vertex 1.6268 -20.1315 2.4
      vertex 2.46042 -19.8021 3.29694
      vertex 1.57059 -19.9744 2.4
    endloop
  endfacet
  facet normal -0.989185 -0.14667 0
    outer loop
      vertex 1.69181 20.7916 0
      vertex 1.66733 20.9567 2.4
      vertex 1.66733 20.9567 0
    endloop
  endfacet
  facet normal -0.989185 -0.14667 0
    outer loop
      vertex 1.66733 20.9567 2.4
      vertex 1.69181 20.7916 0
      vertex 1.69181 20.7916 2.4
    endloop
  endfacet
  facet normal -0.998794 -0.0491004 0
    outer loop
      vertex 1.7 20.625 0
      vertex 1.69181 20.7916 2.4
      vertex 1.69181 20.7916 0
    endloop
  endfacet
  facet normal -0.998794 -0.0491004 0
    outer loop
      vertex 1.69181 20.7916 2.4
      vertex 1.7 20.625 0
      vertex 1.7 20.625 2.4
    endloop
  endfacet
  facet normal -0.97003 -0.242987 0
    outer loop
      vertex 1.66733 20.9567 0
      vertex 1.6268 21.1185 2.4
      vertex 1.6268 21.1185 0
    endloop
  endfacet
  facet normal -0.97003 -0.242987 0
    outer loop
      vertex 1.6268 21.1185 2.4
      vertex 1.66733 20.9567 0
      vertex 1.66733 20.9567 2.4
    endloop
  endfacet
  facet normal -0.427412 0.904057 0
    outer loop
      vertex 0.801374 19.1257 0
      vertex 0.650561 19.0544 2.4
      vertex 0.801374 19.1257 2.4
    endloop
  endfacet
  facet normal -0.427412 0.904057 0
    outer loop
      vertex 0.650561 19.0544 2.4
      vertex 0.801374 19.1257 0
      vertex 0.650561 19.0544 0
    endloop
  endfacet
  facet normal 0.0491516 -0.998791 0
    outer loop
      vertex -0.166629 22.3168 0
      vertex 0 22.325 2.4
      vertex -0.166629 22.3168 2.4
    endloop
  endfacet
  facet normal 0.0491516 -0.998791 0
    outer loop
      vertex 0 22.325 2.4
      vertex -0.166629 22.3168 0
      vertex 0 22.325 0
    endloop
  endfacet
  facet normal 0.427412 -0.904057 0
    outer loop
      vertex -0.801374 22.1243 0
      vertex -0.650561 22.1956 2.4
      vertex -0.801374 22.1243 2.4
    endloop
  endfacet
  facet normal 0.427412 -0.904057 0
    outer loop
      vertex -0.650561 22.1956 2.4
      vertex -0.801374 22.1243 0
      vertex -0.650561 22.1956 0
    endloop
  endfacet
  facet normal -0.740905 -0.67161 0
    outer loop
      vertex 1.31412 21.7035 0
      vertex 1.20208 21.8271 2.4
      vertex 1.20208 21.8271 0
    endloop
  endfacet
  facet normal -0.740905 -0.67161 0
    outer loop
      vertex 1.20208 21.8271 2.4
      vertex 1.31412 21.7035 0
      vertex 1.31412 21.7035 2.4
    endloop
  endfacet
  facet normal 0.146854 0.989158 -0
    outer loop
      vertex -0.166629 18.9332 0
      vertex -0.331653 18.9577 2.4
      vertex -0.166629 18.9332 2.4
    endloop
  endfacet
  facet normal 0.146854 0.989158 0
    outer loop
      vertex -0.331653 18.9577 2.4
      vertex -0.166629 18.9332 0
      vertex -0.331653 18.9577 0
    endloop
  endfacet
  facet normal -0.427412 -0.904057 0
    outer loop
      vertex 0.650561 22.1956 0
      vertex 0.801374 22.1243 2.4
      vertex 0.650561 22.1956 2.4
    endloop
  endfacet
  facet normal -0.427412 -0.904057 -0
    outer loop
      vertex 0.801374 22.1243 2.4
      vertex 0.650561 22.1956 0
      vertex 0.801374 22.1243 0
    endloop
  endfacet
  facet normal 0.146854 -0.989158 0
    outer loop
      vertex -0.331653 22.2923 0
      vertex -0.166629 22.3168 2.4
      vertex -0.331653 22.2923 2.4
    endloop
  endfacet
  facet normal 0.146854 -0.989158 0
    outer loop
      vertex -0.166629 22.3168 2.4
      vertex -0.331653 22.2923 0
      vertex -0.166629 22.3168 0
    endloop
  endfacet
  facet normal -0.242774 0.970083 0
    outer loop
      vertex 0.493484 18.9982 0
      vertex 0.331653 18.9577 2.4
      vertex 0.493484 18.9982 2.4
    endloop
  endfacet
  facet normal -0.242774 0.970083 0
    outer loop
      vertex 0.331653 18.9577 2.4
      vertex 0.493484 18.9982 0
      vertex 0.331653 18.9577 0
    endloop
  endfacet
  facet normal 0.595766 -0.803158 0
    outer loop
      vertex -1.07847 21.9391 0
      vertex -0.944468 22.0385 2.4
      vertex -1.07847 21.9391 2.4
    endloop
  endfacet
  facet normal 0.595766 -0.803158 0
    outer loop
      vertex -0.944468 22.0385 2.4
      vertex -1.07847 21.9391 0
      vertex -0.944468 22.0385 0
    endloop
  endfacet
  facet normal 0.903996 -0.42754 0
    outer loop
      vertex -1.57059 21.2756 2.4
      vertex -1.49927 21.4264 0
      vertex -1.49927 21.4264 2.4
    endloop
  endfacet
  facet normal 0.903996 -0.42754 0
    outer loop
      vertex -1.49927 21.4264 0
      vertex -1.57059 21.2756 2.4
      vertex -1.57059 21.2756 0
    endloop
  endfacet
  facet normal 0.427412 0.904057 -0
    outer loop
      vertex -0.650561 19.0544 0
      vertex -0.801374 19.1257 2.4
      vertex -0.650561 19.0544 2.4
    endloop
  endfacet
  facet normal 0.427412 0.904057 0
    outer loop
      vertex -0.801374 19.1257 2.4
      vertex -0.650561 19.0544 0
      vertex -0.801374 19.1257 0
    endloop
  endfacet
  facet normal -0.336874 0.94155 0
    outer loop
      vertex 0.650561 19.0544 0
      vertex 0.493484 18.9982 2.4
      vertex 0.650561 19.0544 2.4
    endloop
  endfacet
  facet normal -0.336874 0.94155 0
    outer loop
      vertex 0.493484 18.9982 2.4
      vertex 0.650561 19.0544 0
      vertex 0.493484 18.9982 0
    endloop
  endfacet
  facet normal 0.595766 0.803158 -0
    outer loop
      vertex -0.944468 19.2115 0
      vertex -1.07847 19.3109 2.4
      vertex -0.944468 19.2115 2.4
    endloop
  endfacet
  facet normal 0.595766 0.803158 0
    outer loop
      vertex -1.07847 19.3109 2.4
      vertex -0.944468 19.2115 0
      vertex -1.07847 19.3109 0
    endloop
  endfacet
  facet normal 0.903996 0.42754 0
    outer loop
      vertex -1.49927 19.8236 2.4
      vertex -1.57059 19.9744 0
      vertex -1.57059 19.9744 2.4
    endloop
  endfacet
  facet normal 0.903996 0.42754 0
    outer loop
      vertex -1.57059 19.9744 0
      vertex -1.49927 19.8236 2.4
      vertex -1.49927 19.8236 0
    endloop
  endfacet
  facet normal -0.514247 -0.857642 0
    outer loop
      vertex 0.801374 22.1243 0
      vertex 0.944468 22.0385 2.4
      vertex 0.801374 22.1243 2.4
    endloop
  endfacet
  facet normal -0.514247 -0.857642 -0
    outer loop
      vertex 0.944468 22.0385 2.4
      vertex 0.801374 22.1243 0
      vertex 0.944468 22.0385 0
    endloop
  endfacet
  facet normal 0.998794 0.0491004 0
    outer loop
      vertex -1.69181 20.4584 2.4
      vertex -1.7 20.625 0
      vertex -1.7 20.625 2.4
    endloop
  endfacet
  facet normal 0.998794 0.0491004 0
    outer loop
      vertex -1.7 20.625 0
      vertex -1.69181 20.4584 2.4
      vertex -1.69181 20.4584 0
    endloop
  endfacet
  facet normal 0.336874 0.94155 -0
    outer loop
      vertex -0.493484 18.9982 0
      vertex -0.650561 19.0544 2.4
      vertex -0.493484 18.9982 2.4
    endloop
  endfacet
  facet normal 0.336874 0.94155 0
    outer loop
      vertex -0.650561 19.0544 2.4
      vertex -0.493484 18.9982 0
      vertex -0.650561 19.0544 0
    endloop
  endfacet
  facet normal -0.595766 -0.803158 0
    outer loop
      vertex 0.944468 22.0385 0
      vertex 1.07847 21.9391 2.4
      vertex 0.944468 22.0385 2.4
    endloop
  endfacet
  facet normal -0.595766 -0.803158 -0
    outer loop
      vertex 1.07847 21.9391 2.4
      vertex 0.944468 22.0385 0
      vertex 1.07847 21.9391 0
    endloop
  endfacet
  facet normal -0.97003 0.242987 0
    outer loop
      vertex 1.6268 20.1315 0
      vertex 1.66733 20.2933 2.4
      vertex 1.66733 20.2933 0
    endloop
  endfacet
  facet normal -0.97003 0.242987 0
    outer loop
      vertex 1.66733 20.2933 2.4
      vertex 1.6268 20.1315 0
      vertex 1.6268 20.1315 2.4
    endloop
  endfacet
  facet normal 0.514247 -0.857642 0
    outer loop
      vertex -0.944468 22.0385 0
      vertex -0.801374 22.1243 2.4
      vertex -0.944468 22.0385 2.4
    endloop
  endfacet
  facet normal 0.514247 -0.857642 0
    outer loop
      vertex -0.801374 22.1243 2.4
      vertex -0.944468 22.0385 0
      vertex -0.801374 22.1243 0
    endloop
  endfacet
  facet normal 0.941546 0.336883 0
    outer loop
      vertex -1.57059 19.9744 2.4
      vertex -1.6268 20.1315 0
      vertex -1.6268 20.1315 2.4
    endloop
  endfacet
  facet normal 0.941546 0.336883 0
    outer loop
      vertex -1.6268 20.1315 0
      vertex -1.57059 19.9744 2.4
      vertex -1.57059 19.9744 0
    endloop
  endfacet
  facet normal -0.242774 -0.970083 0
    outer loop
      vertex 0.331653 22.2923 0
      vertex 0.493484 22.2518 2.4
      vertex 0.331653 22.2923 2.4
    endloop
  endfacet
  facet normal -0.242774 -0.970083 -0
    outer loop
      vertex 0.493484 22.2518 2.4
      vertex 0.331653 22.2923 0
      vertex 0.493484 22.2518 0
    endloop
  endfacet
  facet normal 0.740905 -0.67161 0
    outer loop
      vertex -1.31412 21.7035 2.4
      vertex -1.20208 21.8271 0
      vertex -1.20208 21.8271 2.4
    endloop
  endfacet
  facet normal 0.740905 -0.67161 0
    outer loop
      vertex -1.20208 21.8271 0
      vertex -1.31412 21.7035 2.4
      vertex -1.31412 21.7035 0
    endloop
  endfacet
  facet normal -0.0491516 0.998791 0
    outer loop
      vertex 0.166629 18.9332 0
      vertex 0 18.925 2.4
      vertex 0.166629 18.9332 2.4
    endloop
  endfacet
  facet normal -0.0491516 0.998791 0
    outer loop
      vertex 0 18.925 2.4
      vertex 0.166629 18.9332 0
      vertex 0 18.925 0
    endloop
  endfacet
  facet normal -0.803211 -0.595695 0
    outer loop
      vertex 1.4135 21.5695 0
      vertex 1.31412 21.7035 2.4
      vertex 1.31412 21.7035 0
    endloop
  endfacet
  facet normal -0.803211 -0.595695 0
    outer loop
      vertex 1.31412 21.7035 2.4
      vertex 1.4135 21.5695 0
      vertex 1.4135 21.5695 2.4
    endloop
  endfacet
  facet normal 0.97003 0.242987 0
    outer loop
      vertex -1.6268 20.1315 2.4
      vertex -1.66733 20.2933 0
      vertex -1.66733 20.2933 2.4
    endloop
  endfacet
  facet normal 0.97003 0.242987 0
    outer loop
      vertex -1.66733 20.2933 0
      vertex -1.6268 20.1315 2.4
      vertex -1.6268 20.1315 0
    endloop
  endfacet
  facet normal -0.989185 0.14667 0
    outer loop
      vertex 1.66733 20.2933 0
      vertex 1.69181 20.4584 2.4
      vertex 1.69181 20.4584 0
    endloop
  endfacet
  facet normal -0.989185 0.14667 0
    outer loop
      vertex 1.69181 20.4584 2.4
      vertex 1.66733 20.2933 0
      vertex 1.66733 20.2933 2.4
    endloop
  endfacet
  facet normal -0.514247 0.857642 0
    outer loop
      vertex 0.944468 19.2115 0
      vertex 0.801374 19.1257 2.4
      vertex 0.944468 19.2115 2.4
    endloop
  endfacet
  facet normal -0.514247 0.857642 0
    outer loop
      vertex 0.801374 19.1257 2.4
      vertex 0.944468 19.2115 0
      vertex 0.801374 19.1257 0
    endloop
  endfacet
  facet normal 0.941546 -0.336883 0
    outer loop
      vertex -1.6268 21.1185 2.4
      vertex -1.57059 21.2756 0
      vertex -1.57059 21.2756 2.4
    endloop
  endfacet
  facet normal 0.941546 -0.336883 0
    outer loop
      vertex -1.57059 21.2756 0
      vertex -1.6268 21.1185 2.4
      vertex -1.6268 21.1185 0
    endloop
  endfacet
  facet normal -0.671448 -0.741051 0
    outer loop
      vertex 1.07847 21.9391 0
      vertex 1.20208 21.8271 2.4
      vertex 1.07847 21.9391 2.4
    endloop
  endfacet
  facet normal -0.671448 -0.741051 -0
    outer loop
      vertex 1.20208 21.8271 2.4
      vertex 1.07847 21.9391 0
      vertex 1.20208 21.8271 0
    endloop
  endfacet
  facet normal 0.989185 -0.14667 0
    outer loop
      vertex -1.69181 20.7916 2.4
      vertex -1.66733 20.9567 0
      vertex -1.66733 20.9567 2.4
    endloop
  endfacet
  facet normal 0.989185 -0.14667 0
    outer loop
      vertex -1.66733 20.9567 0
      vertex -1.69181 20.7916 2.4
      vertex -1.69181 20.7916 0
    endloop
  endfacet
  facet normal -0.903996 0.42754 0
    outer loop
      vertex 1.49927 19.8236 0
      vertex 1.57059 19.9744 2.4
      vertex 1.57059 19.9744 0
    endloop
  endfacet
  facet normal -0.903996 0.42754 0
    outer loop
      vertex 1.57059 19.9744 2.4
      vertex 1.49927 19.8236 0
      vertex 1.49927 19.8236 2.4
    endloop
  endfacet
  facet normal -0.336874 -0.94155 0
    outer loop
      vertex 0.493484 22.2518 0
      vertex 0.650561 22.1956 2.4
      vertex 0.493484 22.2518 2.4
    endloop
  endfacet
  facet normal -0.336874 -0.94155 -0
    outer loop
      vertex 0.650561 22.1956 2.4
      vertex 0.493484 22.2518 0
      vertex 0.650561 22.1956 0
    endloop
  endfacet
  facet normal -0.998794 0.0491004 0
    outer loop
      vertex 1.69181 20.4584 0
      vertex 1.7 20.625 2.4
      vertex 1.7 20.625 0
    endloop
  endfacet
  facet normal -0.998794 0.0491004 0
    outer loop
      vertex 1.7 20.625 2.4
      vertex 1.69181 20.4584 0
      vertex 1.69181 20.4584 2.4
    endloop
  endfacet
  facet normal -0.146854 0.989158 0
    outer loop
      vertex 0.331653 18.9577 0
      vertex 0.166629 18.9332 2.4
      vertex 0.331653 18.9577 2.4
    endloop
  endfacet
  facet normal -0.146854 0.989158 0
    outer loop
      vertex 0.166629 18.9332 2.4
      vertex 0.331653 18.9577 0
      vertex 0.166629 18.9332 0
    endloop
  endfacet
  facet normal -0.941546 -0.336883 0
    outer loop
      vertex 1.6268 21.1185 0
      vertex 1.57059 21.2756 2.4
      vertex 1.57059 21.2756 0
    endloop
  endfacet
  facet normal -0.941546 -0.336883 0
    outer loop
      vertex 1.57059 21.2756 2.4
      vertex 1.6268 21.1185 0
      vertex 1.6268 21.1185 2.4
    endloop
  endfacet
  facet normal -0.803211 0.595695 0
    outer loop
      vertex 1.31412 19.5465 0
      vertex 1.4135 19.6805 2.4
      vertex 1.4135 19.6805 0
    endloop
  endfacet
  facet normal -0.803211 0.595695 0
    outer loop
      vertex 1.4135 19.6805 2.4
      vertex 1.31412 19.5465 0
      vertex 1.31412 19.5465 2.4
    endloop
  endfacet
  facet normal -0.857731 0.514099 0
    outer loop
      vertex 1.4135 19.6805 0
      vertex 1.49927 19.8236 2.4
      vertex 1.49927 19.8236 0
    endloop
  endfacet
  facet normal -0.857731 0.514099 0
    outer loop
      vertex 1.49927 19.8236 2.4
      vertex 1.4135 19.6805 0
      vertex 1.4135 19.6805 2.4
    endloop
  endfacet
  facet normal 0.242774 -0.970083 0
    outer loop
      vertex -0.493484 22.2518 0
      vertex -0.331653 22.2923 2.4
      vertex -0.493484 22.2518 2.4
    endloop
  endfacet
  facet normal 0.242774 -0.970083 0
    outer loop
      vertex -0.331653 22.2923 2.4
      vertex -0.493484 22.2518 0
      vertex -0.331653 22.2923 0
    endloop
  endfacet
  facet normal -0.941546 0.336883 0
    outer loop
      vertex 1.57059 19.9744 0
      vertex 1.6268 20.1315 2.4
      vertex 1.6268 20.1315 0
    endloop
  endfacet
  facet normal -0.941546 0.336883 0
    outer loop
      vertex 1.6268 20.1315 2.4
      vertex 1.57059 19.9744 0
      vertex 1.57059 19.9744 2.4
    endloop
  endfacet
  facet normal -0.0491516 -0.998791 0
    outer loop
      vertex 0 22.325 0
      vertex 0.166629 22.3168 2.4
      vertex 0 22.325 2.4
    endloop
  endfacet
  facet normal -0.0491516 -0.998791 -0
    outer loop
      vertex 0.166629 22.3168 2.4
      vertex 0 22.325 0
      vertex 0.166629 22.3168 0
    endloop
  endfacet
  facet normal -0.903996 -0.42754 0
    outer loop
      vertex 1.57059 21.2756 0
      vertex 1.49927 21.4264 2.4
      vertex 1.49927 21.4264 0
    endloop
  endfacet
  facet normal -0.903996 -0.42754 0
    outer loop
      vertex 1.49927 21.4264 2.4
      vertex 1.57059 21.2756 0
      vertex 1.57059 21.2756 2.4
    endloop
  endfacet
  facet normal -0.146854 -0.989158 0
    outer loop
      vertex 0.166629 22.3168 0
      vertex 0.331653 22.2923 2.4
      vertex 0.166629 22.3168 2.4
    endloop
  endfacet
  facet normal -0.146854 -0.989158 -0
    outer loop
      vertex 0.331653 22.2923 2.4
      vertex 0.166629 22.3168 0
      vertex 0.331653 22.2923 0
    endloop
  endfacet
  facet normal 0.242774 0.970083 -0
    outer loop
      vertex -0.331653 18.9577 0
      vertex -0.493484 18.9982 2.4
      vertex -0.331653 18.9577 2.4
    endloop
  endfacet
  facet normal 0.242774 0.970083 0
    outer loop
      vertex -0.493484 18.9982 2.4
      vertex -0.331653 18.9577 0
      vertex -0.493484 18.9982 0
    endloop
  endfacet
  facet normal 0.857731 0.514099 0
    outer loop
      vertex -1.4135 19.6805 2.4
      vertex -1.49927 19.8236 0
      vertex -1.49927 19.8236 2.4
    endloop
  endfacet
  facet normal 0.857731 0.514099 0
    outer loop
      vertex -1.49927 19.8236 0
      vertex -1.4135 19.6805 2.4
      vertex -1.4135 19.6805 0
    endloop
  endfacet
  facet normal -0.857731 -0.514099 0
    outer loop
      vertex 1.49927 21.4264 0
      vertex 1.4135 21.5695 2.4
      vertex 1.4135 21.5695 0
    endloop
  endfacet
  facet normal -0.857731 -0.514099 0
    outer loop
      vertex 1.4135 21.5695 2.4
      vertex 1.49927 21.4264 0
      vertex 1.49927 21.4264 2.4
    endloop
  endfacet
  facet normal 0.336874 -0.94155 0
    outer loop
      vertex -0.650561 22.1956 0
      vertex -0.493484 22.2518 2.4
      vertex -0.650561 22.1956 2.4
    endloop
  endfacet
  facet normal 0.336874 -0.94155 0
    outer loop
      vertex -0.493484 22.2518 2.4
      vertex -0.650561 22.1956 0
      vertex -0.493484 22.2518 0
    endloop
  endfacet
  facet normal 0.740905 0.67161 0
    outer loop
      vertex -1.20208 19.4229 2.4
      vertex -1.31412 19.5465 0
      vertex -1.31412 19.5465 2.4
    endloop
  endfacet
  facet normal 0.740905 0.67161 0
    outer loop
      vertex -1.31412 19.5465 0
      vertex -1.20208 19.4229 2.4
      vertex -1.20208 19.4229 0
    endloop
  endfacet
  facet normal 0.671448 -0.741051 0
    outer loop
      vertex -1.20208 21.8271 0
      vertex -1.07847 21.9391 2.4
      vertex -1.20208 21.8271 2.4
    endloop
  endfacet
  facet normal 0.671448 -0.741051 0
    outer loop
      vertex -1.07847 21.9391 2.4
      vertex -1.20208 21.8271 0
      vertex -1.07847 21.9391 0
    endloop
  endfacet
  facet normal 0.514247 0.857642 -0
    outer loop
      vertex -0.801374 19.1257 0
      vertex -0.944468 19.2115 2.4
      vertex -0.801374 19.1257 2.4
    endloop
  endfacet
  facet normal 0.514247 0.857642 0
    outer loop
      vertex -0.944468 19.2115 2.4
      vertex -0.801374 19.1257 0
      vertex -0.944468 19.2115 0
    endloop
  endfacet
  facet normal 0.97003 -0.242987 0
    outer loop
      vertex -1.66733 20.9567 2.4
      vertex -1.6268 21.1185 0
      vertex -1.6268 21.1185 2.4
    endloop
  endfacet
  facet normal 0.97003 -0.242987 0
    outer loop
      vertex -1.6268 21.1185 0
      vertex -1.66733 20.9567 2.4
      vertex -1.66733 20.9567 0
    endloop
  endfacet
  facet normal 0.803211 0.595695 0
    outer loop
      vertex -1.31412 19.5465 2.4
      vertex -1.4135 19.6805 0
      vertex -1.4135 19.6805 2.4
    endloop
  endfacet
  facet normal 0.803211 0.595695 0
    outer loop
      vertex -1.4135 19.6805 0
      vertex -1.31412 19.5465 2.4
      vertex -1.31412 19.5465 0
    endloop
  endfacet
  facet normal 0.989185 0.14667 0
    outer loop
      vertex -1.66733 20.2933 2.4
      vertex -1.69181 20.4584 0
      vertex -1.69181 20.4584 2.4
    endloop
  endfacet
  facet normal 0.989185 0.14667 0
    outer loop
      vertex -1.69181 20.4584 0
      vertex -1.66733 20.2933 2.4
      vertex -1.66733 20.2933 0
    endloop
  endfacet
  facet normal -0.595766 0.803158 0
    outer loop
      vertex 1.07847 19.3109 0
      vertex 0.944468 19.2115 2.4
      vertex 1.07847 19.3109 2.4
    endloop
  endfacet
  facet normal -0.595766 0.803158 0
    outer loop
      vertex 0.944468 19.2115 2.4
      vertex 1.07847 19.3109 0
      vertex 0.944468 19.2115 0
    endloop
  endfacet
  facet normal 0.671448 0.741051 -0
    outer loop
      vertex -1.07847 19.3109 0
      vertex -1.20208 19.4229 2.4
      vertex -1.07847 19.3109 2.4
    endloop
  endfacet
  facet normal 0.671448 0.741051 0
    outer loop
      vertex -1.20208 19.4229 2.4
      vertex -1.07847 19.3109 0
      vertex -1.20208 19.4229 0
    endloop
  endfacet
  facet normal 0.803211 -0.595695 0
    outer loop
      vertex -1.4135 21.5695 2.4
      vertex -1.31412 21.7035 0
      vertex -1.31412 21.7035 2.4
    endloop
  endfacet
  facet normal 0.803211 -0.595695 0
    outer loop
      vertex -1.31412 21.7035 0
      vertex -1.4135 21.5695 2.4
      vertex -1.4135 21.5695 0
    endloop
  endfacet
  facet normal 0.857731 -0.514099 0
    outer loop
      vertex -1.49927 21.4264 2.4
      vertex -1.4135 21.5695 0
      vertex -1.4135 21.5695 2.4
    endloop
  endfacet
  facet normal 0.857731 -0.514099 0
    outer loop
      vertex -1.4135 21.5695 0
      vertex -1.49927 21.4264 2.4
      vertex -1.49927 21.4264 0
    endloop
  endfacet
  facet normal 0.0491516 0.998791 -0
    outer loop
      vertex 0 18.925 0
      vertex -0.166629 18.9332 2.4
      vertex 0 18.925 2.4
    endloop
  endfacet
  facet normal 0.0491516 0.998791 0
    outer loop
      vertex -0.166629 18.9332 2.4
      vertex 0 18.925 0
      vertex -0.166629 18.9332 0
    endloop
  endfacet
  facet normal 0.998794 -0.0491004 0
    outer loop
      vertex -1.7 20.625 2.4
      vertex -1.69181 20.7916 0
      vertex -1.69181 20.7916 2.4
    endloop
  endfacet
  facet normal 0.998794 -0.0491004 0
    outer loop
      vertex -1.69181 20.7916 0
      vertex -1.7 20.625 2.4
      vertex -1.7 20.625 0
    endloop
  endfacet
  facet normal -0.740905 0.67161 0
    outer loop
      vertex 1.20208 19.4229 0
      vertex 1.31412 19.5465 2.4
      vertex 1.31412 19.5465 0
    endloop
  endfacet
  facet normal -0.740905 0.67161 0
    outer loop
      vertex 1.31412 19.5465 2.4
      vertex 1.20208 19.4229 0
      vertex 1.20208 19.4229 2.4
    endloop
  endfacet
  facet normal -0.671448 0.741051 0
    outer loop
      vertex 1.20208 19.4229 0
      vertex 1.07847 19.3109 2.4
      vertex 1.20208 19.4229 2.4
    endloop
  endfacet
  facet normal -0.671448 0.741051 0
    outer loop
      vertex 1.07847 19.3109 2.4
      vertex 1.20208 19.4229 0
      vertex 1.07847 19.3109 0
    endloop
  endfacet
  facet normal -0.238363 0.666174 0.706679
    outer loop
      vertex 0.957939 17.4671 4
      vertex 1.26285 17.5762 4
      vertex 0.650561 19.0544 2.4
    endloop
  endfacet
  facet normal -0.475155 0.524227 0.706692
    outer loop
      vertex 1.96302 18.233 3.79433
      vertex 2.08021 18.4972 3.67714
      vertex 1.07847 19.3109 2.4
    endloop
  endfacet
  facet normal -0.70668 -0.0347465 0.70668
    outer loop
      vertex 2.52868 20.625 3.22868
      vertex 2.52454 20.7934 3.23282
      vertex 1.7 20.625 2.4
    endloop
  endfacet
  facet normal -0.706685 -0.0345843 0.706683
    outer loop
      vertex 1.69181 20.7916 2.4
      vertex 2.52454 20.7934 3.23282
      vertex 2.52258 20.8735 3.23478
    endloop
  endfacet
  facet normal -0.706681 -0.0347402 0.706679
    outer loop
      vertex 2.52454 20.7934 3.23282
      vertex 1.69181 20.7916 2.4
      vertex 1.7 20.625 2.4
    endloop
  endfacet
  facet normal 0.524297 -0.475101 0.706677
    outer loop
      vertex -1.31412 21.7035 2.4
      vertex -2.33345 22.9585 4
      vertex -2.55093 22.7185 4
    endloop
  endfacet
  facet normal 0.171939 -0.686314 0.706689
    outer loop
      vertex -0.331653 22.2923 2.4
      vertex -0.643798 23.8616 4
      vertex -0.957939 23.7829 4
    endloop
  endfacet
  facet normal 0.034738 0.70668 0.70668
    outer loop
      vertex 0 17.325 4
      vertex 0 18.925 2.4
      vertex -0.323456 17.3409 4
    endloop
  endfacet
  facet normal -0.666174 0.238356 0.706681
    outer loop
      vertex 2.42863 19.619 3.32873
      vertex 2.46042 19.8021 3.29694
      vertex 1.57059 19.9744 2.4
    endloop
  endfacet
  facet normal 0.639585 -0.302552 0.706678
    outer loop
      vertex -1.49927 21.4264 2.4
      vertex -2.91034 22.1806 4
      vertex -3.0488 21.8879 4
    endloop
  endfacet
  facet normal 0.639585 0.302552 0.706678
    outer loop
      vertex -2.91034 19.0694 4
      vertex -1.49927 19.8236 2.4
      vertex -3.0488 19.3621 4
    endloop
  endfacet
  facet normal 0.421453 -0.568318 0.706677
    outer loop
      vertex -1.07847 21.9391 2.4
      vertex -1.83338 23.3688 4
      vertex -2.0935 23.1759 4
    endloop
  endfacet
  facet normal -0.103902 0.69985 0.706692
    outer loop
      vertex 0.643798 17.3884 4
      vertex 0.331653 18.9577 2.4
      vertex 0.166629 18.9332 2.4
    endloop
  endfacet
  facet normal -0.034738 -0.70668 0.70668
    outer loop
      vertex 0.323456 23.9091 4
      vertex 0 23.925 4
      vertex 0 22.325 2.4
    endloop
  endfacet
  facet normal 0.568282 0.421503 0.706676
    outer loop
      vertex -2.55093 18.5315 4
      vertex -1.31412 19.5465 2.4
      vertex -2.74385 18.7916 4
    endloop
  endfacet
  facet normal -0.103777 0.699879 0.706682
    outer loop
      vertex 0.323456 17.3409 4
      vertex 0.643798 17.3884 4
      vertex 0.166629 18.9332 2.4
    endloop
  endfacet
  facet normal -0.606877 0.363745 0.706675
    outer loop
      vertex 1.4135 19.6805 2.4
      vertex 2.31223 19.1495 3.44513
      vertex 1.49927 19.8236 2.4
    endloop
  endfacet
  facet normal -0.606732 0.363988 0.706674
    outer loop
      vertex 2.31223 19.1495 3.44513
      vertex 1.4135 19.6805 2.4
      vertex 2.29599 19.0909 3.46137
    endloop
  endfacet
  facet normal 0.238363 0.666174 0.706679
    outer loop
      vertex -0.957939 17.4671 4
      vertex -0.650561 19.0544 2.4
      vertex -1.26285 17.5762 4
    endloop
  endfacet
  facet normal 0.302408 -0.639649 0.706681
    outer loop
      vertex -0.801374 22.1243 2.4
      vertex -0.650561 22.1956 2.4
      vertex -1.26285 23.6738 4
    endloop
  endfacet
  facet normal -0.524124 -0.475285 0.706681
    outer loop
      vertex 2.20495 22.4346 3.55241
      vertex 2.10926 22.6824 3.6481
      vertex 1.31412 21.7035 2.4
    endloop
  endfacet
  facet normal 0.606874 0.363743 0.706679
    outer loop
      vertex -1.4135 19.6805 2.4
      vertex -1.49927 19.8236 2.4
      vertex -2.74385 18.7916 4
    endloop
  endfacet
  facet normal 0.686331 -0.171922 0.706677
    outer loop
      vertex -1.66733 20.9567 2.4
      vertex -1.6268 21.1185 2.4
      vertex -3.1579 21.5829 4
    endloop
  endfacet
  facet normal -0.686334 0.17191 0.706677
    outer loop
      vertex 2.48243 19.9509 3.27493
      vertex 2.50415 20.1269 3.25321
      vertex 1.66733 20.2933 2.4
    endloop
  endfacet
  facet normal -0.171939 0.686314 0.706689
    outer loop
      vertex 0.643798 17.3884 4
      vertex 0.957939 17.4671 4
      vertex 0.331653 18.9577 2.4
    endloop
  endfacet
  facet normal -0.568557 -0.421065 0.706715
    outer loop
      vertex 1.31412 21.7035 2.4
      vertex 2.29599 22.1591 3.46137
      vertex 2.27832 22.2126 3.47903
    endloop
  endfacet
  facet normal -0.56831 -0.421482 0.706666
    outer loop
      vertex 2.29599 22.1591 3.46137
      vertex 1.31412 21.7035 2.4
      vertex 1.4135 21.5695 2.4
    endloop
  endfacet
  facet normal -0.302577 0.639584 0.706668
    outer loop
      vertex 1.26285 17.5762 4
      vertex 1.55561 17.7147 4
      vertex 0.801374 19.1257 2.4
    endloop
  endfacet
  facet normal 0.606891 0.363719 0.706677
    outer loop
      vertex -2.74385 18.7916 4
      vertex -1.49927 19.8236 2.4
      vertex -2.91034 19.0694 4
    endloop
  endfacet
  facet normal 0.36385 0.606816 0.706674
    outer loop
      vertex -0.801374 19.1257 2.4
      vertex -0.944468 19.2115 2.4
      vertex -1.83338 17.8812 4
    endloop
  endfacet
  facet normal 0.171939 0.686314 0.706689
    outer loop
      vertex -0.643798 17.3884 4
      vertex -0.331653 18.9577 2.4
      vertex -0.957939 17.4671 4
    endloop
  endfacet
  facet normal -0.524124 0.475285 0.706681
    outer loop
      vertex 2.10926 18.5676 3.6481
      vertex 2.20495 18.8154 3.55241
      vertex 1.31412 19.5465 2.4
    endloop
  endfacet
  facet normal -0.363847 0.60681 0.70668
    outer loop
      vertex 0.801374 19.1257 2.4
      vertex 1.80623 17.9218 3.95113
      vertex 0.944468 19.2115 2.4
    endloop
  endfacet
  facet normal -0.364551 0.606309 0.706747
    outer loop
      vertex 1.80623 17.9218 3.95113
      vertex 0.801374 19.1257 2.4
      vertex 1.80357 17.9171 3.95379
    endloop
  endfacet
  facet normal -0.706681 0.0347402 0.706679
    outer loop
      vertex 1.69181 20.4584 2.4
      vertex 2.52454 20.4566 3.23282
      vertex 1.7 20.625 2.4
    endloop
  endfacet
  facet normal -0.706685 0.0345843 0.706683
    outer loop
      vertex 2.52454 20.4566 3.23282
      vertex 1.69181 20.4584 2.4
      vertex 2.52258 20.3765 3.23478
    endloop
  endfacet
  facet normal -0.70668 0.0347465 0.70668
    outer loop
      vertex 2.52454 20.4566 3.23282
      vertex 2.52868 20.625 3.22868
      vertex 1.7 20.625 2.4
    endloop
  endfacet
  facet normal -0.699852 0.103926 0.706687
    outer loop
      vertex 2.50996 20.2057 3.2474
      vertex 2.52258 20.3765 3.23478
      vertex 1.69181 20.4584 2.4
    endloop
  endfacet
  facet normal 0.524211 -0.475182 0.706686
    outer loop
      vertex -1.31412 21.7035 2.4
      vertex -1.20208 21.8271 2.4
      vertex -2.33345 22.9585 4
    endloop
  endfacet
  facet normal 0.686325 0.171942 0.706678
    outer loop
      vertex -3.1579 19.6671 4
      vertex -1.66733 20.2933 2.4
      vertex -3.23659 19.9812 4
    endloop
  endfacet
  facet normal 0.238349 -0.666178 0.70668
    outer loop
      vertex -0.650561 22.1956 2.4
      vertex -0.493484 22.2518 2.4
      vertex -0.957939 23.7829 4
    endloop
  endfacet
  facet normal 0.666195 -0.238301 0.70668
    outer loop
      vertex -1.57059 21.2756 2.4
      vertex -3.0488 21.8879 4
      vertex -3.1579 21.5829 4
    endloop
  endfacet
  facet normal 0.639606 0.302498 0.706682
    outer loop
      vertex -1.49927 19.8236 2.4
      vertex -1.57059 19.9744 2.4
      vertex -3.0488 19.3621 4
    endloop
  endfacet
  facet normal -0.666189 0.238317 0.706681
    outer loop
      vertex 1.6268 20.1315 2.4
      vertex 2.46042 19.8021 3.29694
      vertex 2.47304 19.8748 3.28432
    endloop
  endfacet
  facet normal -0.666174 0.238356 0.706681
    outer loop
      vertex 2.46042 19.8021 3.29694
      vertex 1.6268 20.1315 2.4
      vertex 1.57059 19.9744 2.4
    endloop
  endfacet
  facet normal -0.699887 0.103775 0.706675
    outer loop
      vertex 1.66733 20.2933 2.4
      vertex 2.50996 20.2057 3.2474
      vertex 1.69181 20.4584 2.4
    endloop
  endfacet
  facet normal -0.699895 0.103708 0.706676
    outer loop
      vertex 2.50996 20.2057 3.2474
      vertex 1.66733 20.2933 2.4
      vertex 2.50415 20.1269 3.25321
    endloop
  endfacet
  facet normal 0.421531 0.568269 0.70667
    outer loop
      vertex -0.944468 19.2115 2.4
      vertex -1.07847 19.3109 2.4
      vertex -1.83338 17.8812 4
    endloop
  endfacet
  facet normal -0.421392 0.568345 0.706692
    outer loop
      vertex 1.80901 17.9273 3.94835
      vertex 1.96302 18.233 3.79433
      vertex 1.07847 19.3109 2.4
    endloop
  endfacet
  facet normal 0.302577 -0.639584 0.706668
    outer loop
      vertex -0.801374 22.1243 2.4
      vertex -1.26285 23.6738 4
      vertex -1.55561 23.5353 4
    endloop
  endfacet
  facet normal 0.568282 -0.421503 0.706676
    outer loop
      vertex -1.31412 21.7035 2.4
      vertex -2.55093 22.7185 4
      vertex -2.74385 22.4584 4
    endloop
  endfacet
  facet normal 0.238349 0.666178 0.70668
    outer loop
      vertex -0.493484 18.9982 2.4
      vertex -0.650561 19.0544 2.4
      vertex -0.957939 17.4671 4
    endloop
  endfacet
  facet normal -0.686339 -0.171885 0.706679
    outer loop
      vertex 1.6268 21.1185 2.4
      vertex 2.48243 21.2991 3.27493
      vertex 2.47304 21.3752 3.28432
    endloop
  endfacet
  facet normal -0.68633 -0.171922 0.706678
    outer loop
      vertex 2.48243 21.2991 3.27493
      vertex 1.6268 21.1185 2.4
      vertex 1.66733 20.9567 2.4
    endloop
  endfacet
  facet normal 0.421453 0.568318 0.706677
    outer loop
      vertex -1.83338 17.8812 4
      vertex -1.07847 19.3109 2.4
      vertex -2.0935 18.0741 4
    endloop
  endfacet
  facet normal -0.639607 0.302498 0.706681
    outer loop
      vertex 1.49927 19.8236 2.4
      vertex 2.42863 19.619 3.32873
      vertex 1.57059 19.9744 2.4
    endloop
  endfacet
  facet normal -0.63954 0.302695 0.706657
    outer loop
      vertex 2.42863 19.619 3.32873
      vertex 1.49927 19.8236 2.4
      vertex 2.41343 19.5514 3.34393
    endloop
  endfacet
  facet normal -0.56831 0.421482 0.706666
    outer loop
      vertex 1.31412 19.5465 2.4
      vertex 2.29599 19.0909 3.46137
      vertex 1.4135 19.6805 2.4
    endloop
  endfacet
  facet normal -0.568557 0.421065 0.706715
    outer loop
      vertex 2.29599 19.0909 3.46137
      vertex 1.31412 19.5465 2.4
      vertex 2.27832 19.0374 3.47903
    endloop
  endfacet
  facet normal 0.606891 -0.363719 0.706677
    outer loop
      vertex -1.49927 21.4264 2.4
      vertex -2.74385 22.4584 4
      vertex -2.91034 22.1806 4
    endloop
  endfacet
  facet normal 0.302408 0.639649 0.706681
    outer loop
      vertex -0.650561 19.0544 2.4
      vertex -0.801374 19.1257 2.4
      vertex -1.26285 17.5762 4
    endloop
  endfacet
  facet normal 0.66618 -0.238357 0.706676
    outer loop
      vertex -1.6268 21.1185 2.4
      vertex -1.57059 21.2756 2.4
      vertex -3.1579 21.5829 4
    endloop
  endfacet
  facet normal 0.103777 0.699879 0.706682
    outer loop
      vertex -0.323456 17.3409 4
      vertex -0.166629 18.9332 2.4
      vertex -0.643798 17.3884 4
    endloop
  endfacet
  facet normal -0.0347763 0.706675 0.706683
    outer loop
      vertex 0.323456 17.3409 4
      vertex 0.166629 18.9332 2.4
      vertex 0 18.925 2.4
    endloop
  endfacet
  facet normal -0.68633 0.171922 0.706678
    outer loop
      vertex 1.6268 20.1315 2.4
      vertex 2.48243 19.9509 3.27493
      vertex 1.66733 20.2933 2.4
    endloop
  endfacet
  facet normal -0.686339 0.171885 0.706679
    outer loop
      vertex 2.48243 19.9509 3.27493
      vertex 1.6268 20.1315 2.4
      vertex 2.47304 19.8748 3.28432
    endloop
  endfacet
  facet normal -0.568334 -0.42142 0.706684
    outer loop
      vertex 2.27832 22.2126 3.47903
      vertex 2.20495 22.4346 3.55241
      vertex 1.31412 21.7035 2.4
    endloop
  endfacet
  facet normal 0.686331 0.171922 0.706677
    outer loop
      vertex -1.6268 20.1315 2.4
      vertex -1.66733 20.2933 2.4
      vertex -3.1579 19.6671 4
    endloop
  endfacet
  facet normal 0.302577 0.639584 0.706668
    outer loop
      vertex -1.26285 17.5762 4
      vertex -0.801374 19.1257 2.4
      vertex -1.55561 17.7147 4
    endloop
  endfacet
  facet normal 0.034738 -0.70668 0.70668
    outer loop
      vertex 0 22.325 2.4
      vertex 0 23.925 4
      vertex -0.323456 23.9091 4
    endloop
  endfacet
  facet normal -0.034738 0.70668 0.70668
    outer loop
      vertex 0.323456 17.3409 4
      vertex 0 18.925 2.4
      vertex 0 17.325 4
    endloop
  endfacet
  facet normal -0.63954 -0.302695 0.706657
    outer loop
      vertex 1.49927 21.4264 2.4
      vertex 2.42863 21.631 3.32873
      vertex 2.41343 21.6986 3.34393
    endloop
  endfacet
  facet normal -0.639607 -0.302498 0.706681
    outer loop
      vertex 2.42863 21.631 3.32873
      vertex 1.49927 21.4264 2.4
      vertex 1.57059 21.2756 2.4
    endloop
  endfacet
  facet normal -0.524222 0.475193 0.706671
    outer loop
      vertex 1.20208 19.4229 2.4
      vertex 2.10926 18.5676 3.6481
      vertex 1.31412 19.5465 2.4
    endloop
  endfacet
  facet normal -0.524412 0.474986 0.706668
    outer loop
      vertex 2.10926 18.5676 3.6481
      vertex 1.20208 19.4229 2.4
      vertex 2.09483 18.5302 3.66253
    endloop
  endfacet
  facet normal 0.699869 -0.103833 0.706683
    outer loop
      vertex -1.69181 20.7916 2.4
      vertex -3.23659 21.2688 4
      vertex -3.28411 20.9485 4
    endloop
  endfacet
  facet normal 0.66618 0.238357 0.706676
    outer loop
      vertex -1.57059 19.9744 2.4
      vertex -1.6268 20.1315 2.4
      vertex -3.1579 19.6671 4
    endloop
  endfacet
  facet normal -0.171772 0.68637 0.706676
    outer loop
      vertex 0.957939 17.4671 4
      vertex 0.493484 18.9982 2.4
      vertex 0.331653 18.9577 2.4
    endloop
  endfacet
  facet normal 0.103902 -0.69985 0.706692
    outer loop
      vertex -0.331653 22.2923 2.4
      vertex -0.166629 22.3168 2.4
      vertex -0.643798 23.8616 4
    endloop
  endfacet
  facet normal 0.171772 -0.68637 0.706676
    outer loop
      vertex -0.493484 22.2518 2.4
      vertex -0.331653 22.2923 2.4
      vertex -0.957939 23.7829 4
    endloop
  endfacet
  facet normal -0.475079 0.524326 0.70667
    outer loop
      vertex 1.07847 19.3109 2.4
      vertex 2.09483 18.5302 3.66253
      vertex 1.20208 19.4229 2.4
    endloop
  endfacet
  facet normal -0.475702 0.523649 0.706753
    outer loop
      vertex 2.09483 18.5302 3.66253
      vertex 1.07847 19.3109 2.4
      vertex 2.08021 18.4972 3.67714
    endloop
  endfacet
  facet normal 0.171772 0.68637 0.706676
    outer loop
      vertex -0.331653 18.9577 2.4
      vertex -0.493484 18.9982 2.4
      vertex -0.957939 17.4671 4
    endloop
  endfacet
  facet normal 0.686325 -0.171942 0.706678
    outer loop
      vertex -1.66733 20.9567 2.4
      vertex -3.1579 21.5829 4
      vertex -3.23659 21.2688 4
    endloop
  endfacet
  facet normal -0.666174 -0.238356 0.706681
    outer loop
      vertex 2.46042 21.4479 3.29694
      vertex 2.42863 21.631 3.32873
      vertex 1.57059 21.2756 2.4
    endloop
  endfacet
  facet normal -0.421392 -0.568345 0.706692
    outer loop
      vertex 1.96302 23.017 3.79433
      vertex 1.80901 23.3227 3.94835
      vertex 1.07847 21.9391 2.4
    endloop
  endfacet
  facet normal 0.238363 -0.666174 0.706679
    outer loop
      vertex -0.650561 22.1956 2.4
      vertex -0.957939 23.7829 4
      vertex -1.26285 23.6738 4
    endloop
  endfacet
  facet normal 0.706681 -0.0347115 0.706681
    outer loop
      vertex -1.7 20.625 2.4
      vertex -3.28411 20.9485 4
      vertex -3.3 20.625 4
    endloop
  endfacet
  facet normal -0.606887 0.363731 0.706674
    outer loop
      vertex 2.31223 19.1495 3.44513
      vertex 2.37002 19.3582 3.38734
      vertex 1.49927 19.8236 2.4
    endloop
  endfacet
  facet normal 0.0347763 -0.706675 0.706683
    outer loop
      vertex -0.166629 22.3168 2.4
      vertex 0 22.325 2.4
      vertex -0.323456 23.9091 4
    endloop
  endfacet
  facet normal -0.171939 -0.686314 0.706689
    outer loop
      vertex 0.957939 23.7829 4
      vertex 0.643798 23.8616 4
      vertex 0.331653 22.2923 2.4
    endloop
  endfacet
  facet normal 0.568299 -0.421475 0.706679
    outer loop
      vertex -1.4135 21.5695 2.4
      vertex -1.31412 21.7035 2.4
      vertex -2.74385 22.4584 4
    endloop
  endfacet
  facet normal 0.706681 0.0347115 0.706681
    outer loop
      vertex -3.28411 20.3015 4
      vertex -1.7 20.625 2.4
      vertex -3.3 20.625 4
    endloop
  endfacet
  facet normal -0.639615 0.302497 0.706674
    outer loop
      vertex 2.37002 19.3582 3.38734
      vertex 2.41343 19.5514 3.34393
      vertex 1.49927 19.8236 2.4
    endloop
  endfacet
  facet normal -0.568334 0.42142 0.706684
    outer loop
      vertex 2.20495 18.8154 3.55241
      vertex 2.27832 19.0374 3.47903
      vertex 1.31412 19.5465 2.4
    endloop
  endfacet
  facet normal 0.666195 0.238301 0.70668
    outer loop
      vertex -3.0488 19.3621 4
      vertex -1.57059 19.9744 2.4
      vertex -3.1579 19.6671 4
    endloop
  endfacet
  facet normal 0.706677 -0.03474 0.706683
    outer loop
      vertex -1.7 20.625 2.4
      vertex -1.69181 20.7916 2.4
      vertex -3.28411 20.9485 4
    endloop
  endfacet
  facet normal 0.36377 -0.606873 0.706666
    outer loop
      vertex -0.801374 22.1243 2.4
      vertex -1.55561 23.5353 4
      vertex -1.83338 23.3688 4
    endloop
  endfacet
  facet normal -0.302408 -0.639649 0.706681
    outer loop
      vertex 0.801374 22.1243 2.4
      vertex 1.26285 23.6738 4
      vertex 0.650561 22.1956 2.4
    endloop
  endfacet
  facet normal -0.302408 0.639649 0.706681
    outer loop
      vertex 1.26285 17.5762 4
      vertex 0.801374 19.1257 2.4
      vertex 0.650561 19.0544 2.4
    endloop
  endfacet
  facet normal 0.524297 0.475101 0.706677
    outer loop
      vertex -2.33345 18.2915 4
      vertex -1.31412 19.5465 2.4
      vertex -2.55093 18.5315 4
    endloop
  endfacet
  facet normal -0.363687 0.606896 0.706689
    outer loop
      vertex 1.80357 17.9171 3.95379
      vertex 1.55561 17.7147 4
      vertex 1.75736 17.8356 4
    endloop
  endfacet
  facet normal -0.363702 0.606911 0.706668
    outer loop
      vertex 1.55561 17.7147 4
      vertex 1.80357 17.9171 3.95379
      vertex 0.801374 19.1257 2.4
    endloop
  endfacet
  facet normal -0.171772 -0.68637 0.706676
    outer loop
      vertex 0.493484 22.2518 2.4
      vertex 0.957939 23.7829 4
      vertex 0.331653 22.2923 2.4
    endloop
  endfacet
  facet normal 0.36377 0.606873 0.706666
    outer loop
      vertex -1.55561 17.7147 4
      vertex -0.801374 19.1257 2.4
      vertex -1.83338 17.8812 4
    endloop
  endfacet
  facet normal -0.639615 -0.302497 0.706674
    outer loop
      vertex 2.41343 21.6986 3.34393
      vertex 2.37002 21.8918 3.38734
      vertex 1.49927 21.4264 2.4
    endloop
  endfacet
  facet normal 0.699869 0.103833 0.706683
    outer loop
      vertex -3.23659 19.9812 4
      vertex -1.69181 20.4584 2.4
      vertex -3.28411 20.3015 4
    endloop
  endfacet
  facet normal 0.606874 -0.363743 0.706679
    outer loop
      vertex -1.49927 21.4264 2.4
      vertex -1.4135 21.5695 2.4
      vertex -2.74385 22.4584 4
    endloop
  endfacet
  facet normal 0.699883 0.103774 0.706679
    outer loop
      vertex -1.66733 20.2933 2.4
      vertex -1.69181 20.4584 2.4
      vertex -3.23659 19.9812 4
    endloop
  endfacet
  facet normal 0.706677 0.03474 0.706683
    outer loop
      vertex -1.69181 20.4584 2.4
      vertex -1.7 20.625 2.4
      vertex -3.28411 20.3015 4
    endloop
  endfacet
  facet normal 0.475056 0.524332 0.706681
    outer loop
      vertex -2.0935 18.0741 4
      vertex -1.07847 19.3109 2.4
      vertex -2.33345 18.2915 4
    endloop
  endfacet
  facet normal 0.47507 -0.524317 0.706683
    outer loop
      vertex -1.20208 21.8271 2.4
      vertex -1.07847 21.9391 2.4
      vertex -2.33345 22.9585 4
    endloop
  endfacet
  facet normal 0.36385 -0.606816 0.706674
    outer loop
      vertex -0.944468 22.0385 2.4
      vertex -0.801374 22.1243 2.4
      vertex -1.83338 23.3688 4
    endloop
  endfacet
  facet normal -0.475155 -0.524227 0.706692
    outer loop
      vertex 2.08021 22.7528 3.67714
      vertex 1.96302 23.017 3.79433
      vertex 1.07847 21.9391 2.4
    endloop
  endfacet
  facet normal -0.524412 -0.474986 0.706668
    outer loop
      vertex 1.20208 21.8271 2.4
      vertex 2.10926 22.6824 3.6481
      vertex 2.09483 22.7198 3.66253
    endloop
  endfacet
  facet normal -0.524222 -0.475193 0.706671
    outer loop
      vertex 2.10926 22.6824 3.6481
      vertex 1.20208 21.8271 2.4
      vertex 1.31412 21.7035 2.4
    endloop
  endfacet
  facet normal 0.421531 -0.568269 0.70667
    outer loop
      vertex -1.07847 21.9391 2.4
      vertex -0.944468 22.0385 2.4
      vertex -1.83338 23.3688 4
    endloop
  endfacet
  facet normal 0.103777 -0.699879 0.706682
    outer loop
      vertex -0.166629 22.3168 2.4
      vertex -0.323456 23.9091 4
      vertex -0.643798 23.8616 4
    endloop
  endfacet
  facet normal -0.103902 -0.69985 0.706692
    outer loop
      vertex 0.331653 22.2923 2.4
      vertex 0.643798 23.8616 4
      vertex 0.166629 22.3168 2.4
    endloop
  endfacet
  facet normal -0.419859 -0.569437 0.706725
    outer loop
      vertex 0.944468 22.0385 2.4
      vertex 1.80901 23.3227 3.94835
      vertex 1.80623 23.3282 3.95113
    endloop
  endfacet
  facet normal -0.421525 -0.568261 0.706679
    outer loop
      vertex 1.80901 23.3227 3.94835
      vertex 0.944468 22.0385 2.4
      vertex 1.07847 21.9391 2.4
    endloop
  endfacet
  facet normal 0.475056 -0.524332 0.706681
    outer loop
      vertex -1.07847 21.9391 2.4
      vertex -2.0935 23.1759 4
      vertex -2.33345 22.9585 4
    endloop
  endfacet
  facet normal 0.568299 0.421475 0.706679
    outer loop
      vertex -1.31412 19.5465 2.4
      vertex -1.4135 19.6805 2.4
      vertex -2.74385 18.7916 4
    endloop
  endfacet
  facet normal 0.103902 0.69985 0.706692
    outer loop
      vertex -0.166629 18.9332 2.4
      vertex -0.331653 18.9577 2.4
      vertex -0.643798 17.3884 4
    endloop
  endfacet
  facet normal -0.421525 0.568261 0.706679
    outer loop
      vertex 0.944468 19.2115 2.4
      vertex 1.80901 17.9273 3.94835
      vertex 1.07847 19.3109 2.4
    endloop
  endfacet
  facet normal -0.419859 0.569437 0.706725
    outer loop
      vertex 1.80901 17.9273 3.94835
      vertex 0.944468 19.2115 2.4
      vertex 1.80623 17.9218 3.95113
    endloop
  endfacet
  facet normal 0.47507 0.524317 0.706683
    outer loop
      vertex -1.07847 19.3109 2.4
      vertex -1.20208 19.4229 2.4
      vertex -2.33345 18.2915 4
    endloop
  endfacet
  facet normal 0.524211 0.475182 0.706686
    outer loop
      vertex -1.20208 19.4229 2.4
      vertex -1.31412 19.5465 2.4
      vertex -2.33345 18.2915 4
    endloop
  endfacet
  facet normal -0.606732 -0.363988 0.706674
    outer loop
      vertex 1.4135 21.5695 2.4
      vertex 2.31223 22.1005 3.44513
      vertex 2.29599 22.1591 3.46137
    endloop
  endfacet
  facet normal -0.606877 -0.363745 0.706675
    outer loop
      vertex 2.31223 22.1005 3.44513
      vertex 1.4135 21.5695 2.4
      vertex 1.49927 21.4264 2.4
    endloop
  endfacet
  facet normal -0.238349 0.666178 0.70668
    outer loop
      vertex 0.957939 17.4671 4
      vertex 0.650561 19.0544 2.4
      vertex 0.493484 18.9982 2.4
    endloop
  endfacet
  facet normal 0.0347763 0.706675 0.706683
    outer loop
      vertex 0 18.925 2.4
      vertex -0.166629 18.9332 2.4
      vertex -0.323456 17.3409 4
    endloop
  endfacet
  facet normal 0.639606 -0.302498 0.706682
    outer loop
      vertex -1.57059 21.2756 2.4
      vertex -1.49927 21.4264 2.4
      vertex -3.0488 21.8879 4
    endloop
  endfacet
  facet normal -0.302577 -0.639584 0.706668
    outer loop
      vertex 1.55561 23.5353 4
      vertex 1.26285 23.6738 4
      vertex 0.801374 22.1243 2.4
    endloop
  endfacet
  facet normal -0.363687 -0.606896 0.706689
    outer loop
      vertex 1.55561 23.5353 4
      vertex 1.80357 23.3329 3.95379
      vertex 1.75736 23.4144 4
    endloop
  endfacet
  facet normal -0.363702 -0.606911 0.706668
    outer loop
      vertex 1.80357 23.3329 3.95379
      vertex 1.55561 23.5353 4
      vertex 0.801374 22.1243 2.4
    endloop
  endfacet
  facet normal 0.699883 -0.103774 0.706679
    outer loop
      vertex -1.69181 20.7916 2.4
      vertex -1.66733 20.9567 2.4
      vertex -3.23659 21.2688 4
    endloop
  endfacet
  facet normal -0.238363 -0.666174 0.706679
    outer loop
      vertex 1.26285 23.6738 4
      vertex 0.957939 23.7829 4
      vertex 0.650561 22.1956 2.4
    endloop
  endfacet
  facet normal -0.606887 -0.363731 0.706674
    outer loop
      vertex 2.37002 21.8918 3.38734
      vertex 2.31223 22.1005 3.44513
      vertex 1.49927 21.4264 2.4
    endloop
  endfacet
  facet normal -0.364551 -0.606309 0.706747
    outer loop
      vertex 0.801374 22.1243 2.4
      vertex 1.80623 23.3282 3.95113
      vertex 1.80357 23.3329 3.95379
    endloop
  endfacet
  facet normal -0.363847 -0.60681 0.70668
    outer loop
      vertex 1.80623 23.3282 3.95113
      vertex 0.801374 22.1243 2.4
      vertex 0.944468 22.0385 2.4
    endloop
  endfacet
  facet normal -0.238349 -0.666178 0.70668
    outer loop
      vertex 0.650561 22.1956 2.4
      vertex 0.957939 23.7829 4
      vertex 0.493484 22.2518 2.4
    endloop
  endfacet
  facet normal -0.699852 -0.103926 0.706687
    outer loop
      vertex 2.52258 20.8735 3.23478
      vertex 2.50996 21.0443 3.2474
      vertex 1.69181 20.7916 2.4
    endloop
  endfacet
  facet normal -0.103777 -0.699879 0.706682
    outer loop
      vertex 0.643798 23.8616 4
      vertex 0.323456 23.9091 4
      vertex 0.166629 22.3168 2.4
    endloop
  endfacet
  facet normal -0.0347763 -0.706675 0.706683
    outer loop
      vertex 0.166629 22.3168 2.4
      vertex 0.323456 23.9091 4
      vertex 0 22.325 2.4
    endloop
  endfacet
  facet normal -0.475702 -0.523649 0.706753
    outer loop
      vertex 1.07847 21.9391 2.4
      vertex 2.09483 22.7198 3.66253
      vertex 2.08021 22.7528 3.67714
    endloop
  endfacet
  facet normal -0.475079 -0.524326 0.70667
    outer loop
      vertex 2.09483 22.7198 3.66253
      vertex 1.07847 21.9391 2.4
      vertex 1.20208 21.8271 2.4
    endloop
  endfacet
  facet normal -0.666189 -0.238317 0.706681
    outer loop
      vertex 2.46042 21.4479 3.29694
      vertex 1.6268 21.1185 2.4
      vertex 2.47304 21.3752 3.28432
    endloop
  endfacet
  facet normal -0.666174 -0.238356 0.706681
    outer loop
      vertex 1.6268 21.1185 2.4
      vertex 2.46042 21.4479 3.29694
      vertex 1.57059 21.2756 2.4
    endloop
  endfacet
  facet normal -0.686334 -0.17191 0.706677
    outer loop
      vertex 2.50415 21.1231 3.25321
      vertex 2.48243 21.2991 3.27493
      vertex 1.66733 20.9567 2.4
    endloop
  endfacet
  facet normal -0.699895 -0.103708 0.706676
    outer loop
      vertex 1.66733 20.9567 2.4
      vertex 2.50996 21.0443 3.2474
      vertex 2.50415 21.1231 3.25321
    endloop
  endfacet
  facet normal -0.699887 -0.103775 0.706675
    outer loop
      vertex 2.50996 21.0443 3.2474
      vertex 1.66733 20.9567 2.4
      vertex 1.69181 20.7916 2.4
    endloop
  endfacet
  facet normal -0.904125 -0.427269 0
    outer loop
      vertex -39.6458 -25.0392 0
      vertex -39.7716 -24.773 4
      vertex -39.7716 -24.773 0
    endloop
  endfacet
  facet normal -0.904125 -0.427269 0
    outer loop
      vertex -39.7716 -24.773 4
      vertex -39.6458 -25.0392 0
      vertex -39.6458 -25.0392 4
    endloop
  endfacet
  facet normal 0 -1 0
    outer loop
      vertex -37 -26.625 0
      vertex 1.75736 -26.625 4
      vertex -37 -26.625 4
    endloop
  endfacet
  facet normal 0 -1 0
    outer loop
      vertex 3 -26.625 0
      vertex 1.75736 -26.625 4
      vertex -37 -26.625 0
    endloop
  endfacet
  facet normal 0 -1 0
    outer loop
      vertex 1.75736 -26.625 4
      vertex 3 -26.625 0
      vertex 3 -26.625 2.75736
    endloop
  endfacet
  facet normal -0.941527 -0.336939 0
    outer loop
      vertex -39.7716 -24.773 0
      vertex -39.8708 -24.4958 4
      vertex -39.8708 -24.4958 0
    endloop
  endfacet
  facet normal -0.941527 -0.336939 0
    outer loop
      vertex -39.8708 -24.4958 4
      vertex -39.7716 -24.773 0
      vertex -39.7716 -24.773 4
    endloop
  endfacet
  facet normal -0.989231 0.146364 0
    outer loop
      vertex -39.9855 23.919 0
      vertex -39.9424 24.2103 4
      vertex -39.9424 24.2103 0
    endloop
  endfacet
  facet normal -0.989231 0.146364 0
    outer loop
      vertex -39.9424 24.2103 4
      vertex -39.9855 23.919 0
      vertex -39.9855 23.919 4
    endloop
  endfacet
  facet normal 0.803257 0.595633 0
    outer loop
      vertex 5.4944 25.2917 0.262959
      vertex 5.31903 25.5282 0
      vertex 5.31903 25.5282 0.438329
    endloop
  endfacet
  facet normal 0.803257 0.595633 0
    outer loop
      vertex 5.31903 25.5282 0
      vertex 5.4944 25.2917 0.262959
      vertex 5.4944 25.2917 0
    endloop
  endfacet
  facet normal 0 1 -0
    outer loop
      vertex 3 26.625 0
      vertex 1.75736 26.625 4
      vertex 3 26.625 2.75736
    endloop
  endfacet
  facet normal 0 1 0
    outer loop
      vertex 1.75736 26.625 4
      vertex 3 26.625 0
      vertex -37 26.625 0
    endloop
  endfacet
  facet normal 0 1 0
    outer loop
      vertex 1.75736 26.625 4
      vertex -37 26.625 0
      vertex -37 26.625 4
    endloop
  endfacet
  facet normal 0.671539 -0.740969 0
    outer loop
      vertex 4.90317 -25.944 0
      vertex 5.12131 -25.7463 0.636052
      vertex 4.90317 -25.944 0.854192
    endloop
  endfacet
  facet normal 0.671539 -0.740969 0
    outer loop
      vertex 5.12131 -25.7463 0.636052
      vertex 4.90317 -25.944 0
      vertex 5.12131 -25.7463 0
    endloop
  endfacet
  facet normal -0.243255 0.969962 0
    outer loop
      vertex -37.5853 26.5674 0
      vertex -37.8708 26.4958 4
      vertex -37.5853 26.5674 4
    endloop
  endfacet
  facet normal -0.243255 0.969962 0
    outer loop
      vertex -37.8708 26.4958 4
      vertex -37.5853 26.5674 0
      vertex -37.8708 26.4958 0
    endloop
  endfacet
  facet normal -0.146364 0.989231 0
    outer loop
      vertex -37.294 26.6105 0
      vertex -37.5853 26.5674 4
      vertex -37.294 26.6105 4
    endloop
  endfacet
  facet normal -0.146364 0.989231 0
    outer loop
      vertex -37.5853 26.5674 4
      vertex -37.294 26.6105 0
      vertex -37.5853 26.5674 0
    endloop
  endfacet
  facet normal 0.740874 0.671644 0
    outer loop
      vertex 5.31903 25.5282 0.438329
      vertex 5.12131 25.7463 0
      vertex 5.12131 25.7463 0.636052
    endloop
  endfacet
  facet normal 0.740874 0.671644 0
    outer loop
      vertex 5.12131 25.7463 0
      vertex 5.31903 25.5282 0.438329
      vertex 5.31903 25.5282 0
    endloop
  endfacet
  facet normal -0.969962 -0.243255 0
    outer loop
      vertex -39.8708 -24.4958 0
      vertex -39.9424 -24.2103 4
      vertex -39.9424 -24.2103 0
    endloop
  endfacet
  facet normal -0.969962 -0.243255 0
    outer loop
      vertex -39.9424 -24.2103 4
      vertex -39.8708 -24.4958 0
      vertex -39.8708 -24.4958 4
    endloop
  endfacet
  facet normal -0.857643 0.514246 0
    outer loop
      vertex -39.6458 25.0392 0
      vertex -39.4944 25.2917 4
      vertex -39.4944 25.2917 0
    endloop
  endfacet
  facet normal -0.857643 0.514246 0
    outer loop
      vertex -39.4944 25.2917 4
      vertex -39.6458 25.0392 0
      vertex -39.6458 25.0392 4
    endloop
  endfacet
  facet normal -1 0 0
    outer loop
      vertex -40 -23.625 0
      vertex -40 23.625 4
      vertex -40 23.625 0
    endloop
  endfacet
  facet normal -1 -0 0
    outer loop
      vertex -40 23.625 4
      vertex -40 -23.625 0
      vertex -40 -23.625 4
    endloop
  endfacet
  facet normal 0.740874 -0.671644 0
    outer loop
      vertex 5.12131 -25.7463 0
      vertex 5.31903 -25.5282 0.438329
      vertex 5.12131 -25.7463 0.636052
    endloop
  endfacet
  facet normal 0.740874 -0.671644 0
    outer loop
      vertex 5.31903 -25.5282 0.438329
      vertex 5.12131 -25.7463 0
      vertex 5.31903 -25.5282 0
    endloop
  endfacet
  facet normal 0.146398 -0.989226 0
    outer loop
      vertex 3.29404 -26.6105 0
      vertex 3.58527 -26.5674 2.17209
      vertex 3.29404 -26.6105 2.46332
    endloop
  endfacet
  facet normal 0.146398 -0.989226 0
    outer loop
      vertex 3.58527 -26.5674 2.17209
      vertex 3.29404 -26.6105 0
      vertex 3.58527 -26.5674 0
    endloop
  endfacet
  facet normal -0.740908 0.671607 0
    outer loop
      vertex -39.319 25.5282 0
      vertex -39.1213 25.7463 4
      vertex -39.1213 25.7463 0
    endloop
  endfacet
  facet normal -0.740908 0.671607 0
    outer loop
      vertex -39.1213 25.7463 4
      vertex -39.319 25.5282 0
      vertex -39.319 25.5282 4
    endloop
  endfacet
  facet normal 0.595747 0.803172 0
    outer loop
      vertex 4.6667 26.1194 0
      vertex 4.90317 25.944 0.854192
      vertex 4.90317 25.944 0
    endloop
  endfacet
  facet normal 0.595747 0.803172 0
    outer loop
      vertex 4.90317 25.944 0.854192
      vertex 4.6667 26.1194 0
      vertex 4.6667 26.1194 1.09066
    endloop
  endfacet
  facet normal -0.989231 -0.146364 0
    outer loop
      vertex -39.9424 -24.2103 0
      vertex -39.9855 -23.919 4
      vertex -39.9855 -23.919 0
    endloop
  endfacet
  facet normal -0.989231 -0.146364 0
    outer loop
      vertex -39.9855 -23.919 4
      vertex -39.9424 -24.2103 0
      vertex -39.9424 -24.2103 4
    endloop
  endfacet
  facet normal 0.33695 0.941523 0
    outer loop
      vertex 3.87085 26.4958 0
      vertex 4.14804 26.3966 1.60932
      vertex 4.14804 26.3966 0
    endloop
  endfacet
  facet normal 0.33695 0.941523 0
    outer loop
      vertex 4.14804 26.3966 1.60932
      vertex 3.87085 26.4958 0
      vertex 3.87085 26.4958 1.88651
    endloop
  endfacet
  facet normal -0.0492599 0.998786 0
    outer loop
      vertex -37 26.625 0
      vertex -37.294 26.6105 4
      vertex -37 26.625 4
    endloop
  endfacet
  facet normal -0.0492599 0.998786 0
    outer loop
      vertex -37.294 26.6105 4
      vertex -37 26.625 0
      vertex -37.294 26.6105 0
    endloop
  endfacet
  facet normal 0.671539 0.740969 0
    outer loop
      vertex 4.90317 25.944 0
      vertex 5.12131 25.7463 0.636052
      vertex 5.12131 25.7463 0
    endloop
  endfacet
  facet normal 0.671539 0.740969 0
    outer loop
      vertex 5.12131 25.7463 0.636052
      vertex 4.90317 25.944 0
      vertex 4.90317 25.944 0.854192
    endloop
  endfacet
  facet normal -0.998786 -0.0492599 0
    outer loop
      vertex -39.9855 -23.919 0
      vertex -40 -23.625 4
      vertex -40 -23.625 0
    endloop
  endfacet
  facet normal -0.998786 -0.0492599 0
    outer loop
      vertex -40 -23.625 4
      vertex -39.9855 -23.919 0
      vertex -39.9855 -23.919 4
    endloop
  endfacet
  facet normal -0.998786 0.0492599 0
    outer loop
      vertex -40 23.625 0
      vertex -39.9855 23.919 4
      vertex -39.9855 23.919 0
    endloop
  endfacet
  facet normal -0.998786 0.0492599 0
    outer loop
      vertex -39.9855 23.919 4
      vertex -40 23.625 0
      vertex -40 23.625 4
    endloop
  endfacet
  facet normal -0.740908 -0.671607 0
    outer loop
      vertex -39.1213 -25.7463 0
      vertex -39.319 -25.5282 4
      vertex -39.319 -25.5282 0
    endloop
  endfacet
  facet normal -0.740908 -0.671607 0
    outer loop
      vertex -39.319 -25.5282 4
      vertex -39.1213 -25.7463 0
      vertex -39.1213 -25.7463 4
    endloop
  endfacet
  facet normal -0.969962 0.243255 0
    outer loop
      vertex -39.9424 24.2103 0
      vertex -39.8708 24.4958 4
      vertex -39.8708 24.4958 0
    endloop
  endfacet
  facet normal -0.969962 0.243255 0
    outer loop
      vertex -39.8708 24.4958 4
      vertex -39.9424 24.2103 0
      vertex -39.9424 24.2103 4
    endloop
  endfacet
  facet normal -0.803208 0.595699 0
    outer loop
      vertex -39.4944 25.2917 0
      vertex -39.319 25.5282 4
      vertex -39.319 25.5282 0
    endloop
  endfacet
  facet normal -0.803208 0.595699 0
    outer loop
      vertex -39.319 25.5282 4
      vertex -39.4944 25.2917 0
      vertex -39.4944 25.2917 4
    endloop
  endfacet
  facet normal 0.0492532 0.998786 0
    outer loop
      vertex 3 26.625 0
      vertex 3.29404 26.6105 2.46332
      vertex 3.29404 26.6105 0
    endloop
  endfacet
  facet normal 0.0492532 0.998786 0
    outer loop
      vertex 3.29404 26.6105 2.46332
      vertex 3 26.625 0
      vertex 3 26.625 2.75736
    endloop
  endfacet
  facet normal -0.671607 0.740908 0
    outer loop
      vertex -38.9032 25.944 0
      vertex -39.1213 25.7463 4
      vertex -38.9032 25.944 4
    endloop
  endfacet
  facet normal -0.671607 0.740908 0
    outer loop
      vertex -39.1213 25.7463 4
      vertex -38.9032 25.944 0
      vertex -39.1213 25.7463 0
    endloop
  endfacet
  facet normal 0.146398 0.989226 0
    outer loop
      vertex 3.29404 26.6105 0
      vertex 3.58527 26.5674 2.17209
      vertex 3.58527 26.5674 0
    endloop
  endfacet
  facet normal 0.146398 0.989226 0
    outer loop
      vertex 3.58527 26.5674 2.17209
      vertex 3.29404 26.6105 0
      vertex 3.29404 26.6105 2.46332
    endloop
  endfacet
  facet normal -0.671607 -0.740908 0
    outer loop
      vertex -39.1213 -25.7463 0
      vertex -38.9032 -25.944 4
      vertex -39.1213 -25.7463 4
    endloop
  endfacet
  facet normal -0.671607 -0.740908 -0
    outer loop
      vertex -38.9032 -25.944 4
      vertex -39.1213 -25.7463 0
      vertex -38.9032 -25.944 0
    endloop
  endfacet
  facet normal -0.803208 -0.595699 0
    outer loop
      vertex -39.319 -25.5282 0
      vertex -39.4944 -25.2917 4
      vertex -39.4944 -25.2917 0
    endloop
  endfacet
  facet normal -0.803208 -0.595699 0
    outer loop
      vertex -39.4944 -25.2917 4
      vertex -39.319 -25.5282 0
      vertex -39.319 -25.5282 4
    endloop
  endfacet
  facet normal 0.243191 0.969978 0
    outer loop
      vertex 3.58527 26.5674 0
      vertex 3.87085 26.4958 1.88651
      vertex 3.87085 26.4958 0
    endloop
  endfacet
  facet normal 0.243191 0.969978 0
    outer loop
      vertex 3.87085 26.4958 1.88651
      vertex 3.58527 26.5674 0
      vertex 3.58527 26.5674 2.17209
    endloop
  endfacet
  facet normal 0.427347 0.904088 0
    outer loop
      vertex 4.14804 26.3966 0
      vertex 4.41418 26.2708 1.34317
      vertex 4.41418 26.2708 0
    endloop
  endfacet
  facet normal 0.427347 0.904088 0
    outer loop
      vertex 4.41418 26.2708 1.34317
      vertex 4.14804 26.3966 0
      vertex 4.14804 26.3966 1.60932
    endloop
  endfacet
  facet normal -0.904125 0.427269 0
    outer loop
      vertex -39.7716 24.773 0
      vertex -39.6458 25.0392 4
      vertex -39.6458 25.0392 0
    endloop
  endfacet
  facet normal -0.904125 0.427269 0
    outer loop
      vertex -39.6458 25.0392 4
      vertex -39.7716 24.773 0
      vertex -39.7716 24.773 4
    endloop
  endfacet
  facet normal 0.243191 -0.969978 0
    outer loop
      vertex 3.58527 -26.5674 0
      vertex 3.87085 -26.4958 1.88651
      vertex 3.58527 -26.5674 2.17209
    endloop
  endfacet
  facet normal 0.243191 -0.969978 0
    outer loop
      vertex 3.87085 -26.4958 1.88651
      vertex 3.58527 -26.5674 0
      vertex 3.87085 -26.4958 0
    endloop
  endfacet
  facet normal -0.941527 0.336939 0
    outer loop
      vertex -39.8708 24.4958 0
      vertex -39.7716 24.773 4
      vertex -39.7716 24.773 0
    endloop
  endfacet
  facet normal -0.941527 0.336939 0
    outer loop
      vertex -39.7716 24.773 4
      vertex -39.8708 24.4958 0
      vertex -39.8708 24.4958 4
    endloop
  endfacet
  facet normal 0.514216 0.857661 0
    outer loop
      vertex 4.41418 26.2708 0
      vertex 4.6667 26.1194 1.09066
      vertex 4.6667 26.1194 0
    endloop
  endfacet
  facet normal 0.514216 0.857661 0
    outer loop
      vertex 4.6667 26.1194 1.09066
      vertex 4.41418 26.2708 0
      vertex 4.41418 26.2708 1.34317
    endloop
  endfacet
  facet normal -0.336939 0.941527 0
    outer loop
      vertex -37.8708 26.4958 0
      vertex -38.148 26.3966 4
      vertex -37.8708 26.4958 4
    endloop
  endfacet
  facet normal -0.336939 0.941527 0
    outer loop
      vertex -38.148 26.3966 4
      vertex -37.8708 26.4958 0
      vertex -38.148 26.3966 0
    endloop
  endfacet
  facet normal -0.857643 -0.514246 0
    outer loop
      vertex -39.4944 -25.2917 0
      vertex -39.6458 -25.0392 4
      vertex -39.6458 -25.0392 0
    endloop
  endfacet
  facet normal -0.857643 -0.514246 0
    outer loop
      vertex -39.6458 -25.0392 4
      vertex -39.4944 -25.2917 0
      vertex -39.4944 -25.2917 4
    endloop
  endfacet
  facet normal 0.514216 -0.857661 0
    outer loop
      vertex 4.41418 -26.2708 0
      vertex 4.6667 -26.1194 1.09066
      vertex 4.41418 -26.2708 1.34317
    endloop
  endfacet
  facet normal 0.514216 -0.857661 0
    outer loop
      vertex 4.6667 -26.1194 1.09066
      vertex 4.41418 -26.2708 0
      vertex 4.6667 -26.1194 0
    endloop
  endfacet
  facet normal 0.427347 -0.904088 0
    outer loop
      vertex 4.14804 -26.3966 0
      vertex 4.41418 -26.2708 1.34317
      vertex 4.14804 -26.3966 1.60932
    endloop
  endfacet
  facet normal 0.427347 -0.904088 0
    outer loop
      vertex 4.41418 -26.2708 1.34317
      vertex 4.14804 -26.3966 0
      vertex 4.41418 -26.2708 0
    endloop
  endfacet
  facet normal -0.243255 -0.969962 0
    outer loop
      vertex -37.8708 -26.4958 0
      vertex -37.5853 -26.5674 4
      vertex -37.8708 -26.4958 4
    endloop
  endfacet
  facet normal -0.243255 -0.969962 -0
    outer loop
      vertex -37.5853 -26.5674 4
      vertex -37.8708 -26.4958 0
      vertex -37.5853 -26.5674 0
    endloop
  endfacet
  facet normal 0.904004 -0.427525 0
    outer loop
      vertex 5.64575 -25.0392 0.111607
      vertex 5.64575 -25.0392 0
      vertex 5.75736 -24.8032 0
    endloop
  endfacet
  facet normal 0.857718 -0.514121 0
    outer loop
      vertex 5.4944 -25.2917 0
      vertex 5.64575 -25.0392 0.111607
      vertex 5.4944 -25.2917 0.262959
    endloop
  endfacet
  facet normal 0.857718 -0.514121 0
    outer loop
      vertex 5.64575 -25.0392 0.111607
      vertex 5.4944 -25.2917 0
      vertex 5.64575 -25.0392 0
    endloop
  endfacet
  facet normal 0.33695 -0.941523 0
    outer loop
      vertex 3.87085 -26.4958 0
      vertex 4.14804 -26.3966 1.60932
      vertex 3.87085 -26.4958 1.88651
    endloop
  endfacet
  facet normal 0.33695 -0.941523 0
    outer loop
      vertex 4.14804 -26.3966 1.60932
      vertex 3.87085 -26.4958 0
      vertex 4.14804 -26.3966 0
    endloop
  endfacet
  facet normal 0.904004 0.427525 0
    outer loop
      vertex 5.75736 24.8032 0
      vertex 5.64575 25.0392 0
      vertex 5.64575 25.0392 0.111607
    endloop
  endfacet
  facet normal 0.857718 0.514121 0
    outer loop
      vertex 5.64575 25.0392 0.111607
      vertex 5.4944 25.2917 0
      vertex 5.4944 25.2917 0.262959
    endloop
  endfacet
  facet normal 0.857718 0.514121 0
    outer loop
      vertex 5.4944 25.2917 0
      vertex 5.64575 25.0392 0.111607
      vertex 5.64575 25.0392 0
    endloop
  endfacet
  facet normal 0.0492532 -0.998786 0
    outer loop
      vertex 3 -26.625 0
      vertex 3.29404 -26.6105 2.46332
      vertex 3 -26.625 2.75736
    endloop
  endfacet
  facet normal 0.0492532 -0.998786 0
    outer loop
      vertex 3.29404 -26.6105 2.46332
      vertex 3 -26.625 0
      vertex 3.29404 -26.6105 0
    endloop
  endfacet
  facet normal 0.803257 -0.595633 0
    outer loop
      vertex 5.31903 -25.5282 0
      vertex 5.4944 -25.2917 0.262959
      vertex 5.31903 -25.5282 0.438329
    endloop
  endfacet
  facet normal 0.803257 -0.595633 0
    outer loop
      vertex 5.4944 -25.2917 0.262959
      vertex 5.31903 -25.5282 0
      vertex 5.4944 -25.2917 0
    endloop
  endfacet
  facet normal -0.427269 0.904125 0
    outer loop
      vertex -38.148 26.3966 0
      vertex -38.4142 26.2708 4
      vertex -38.148 26.3966 4
    endloop
  endfacet
  facet normal -0.427269 0.904125 0
    outer loop
      vertex -38.4142 26.2708 4
      vertex -38.148 26.3966 0
      vertex -38.4142 26.2708 0
    endloop
  endfacet
  facet normal -0.595699 0.803208 0
    outer loop
      vertex -38.6667 26.1194 0
      vertex -38.9032 25.944 4
      vertex -38.6667 26.1194 4
    endloop
  endfacet
  facet normal -0.595699 0.803208 0
    outer loop
      vertex -38.9032 25.944 4
      vertex -38.6667 26.1194 0
      vertex -38.9032 25.944 0
    endloop
  endfacet
  facet normal -0.514246 0.857643 0
    outer loop
      vertex -38.4142 26.2708 0
      vertex -38.6667 26.1194 4
      vertex -38.4142 26.2708 4
    endloop
  endfacet
  facet normal -0.514246 0.857643 0
    outer loop
      vertex -38.6667 26.1194 4
      vertex -38.4142 26.2708 0
      vertex -38.6667 26.1194 0
    endloop
  endfacet
  facet normal -0.595699 -0.803208 0
    outer loop
      vertex -38.9032 -25.944 0
      vertex -38.6667 -26.1194 4
      vertex -38.9032 -25.944 4
    endloop
  endfacet
  facet normal -0.595699 -0.803208 -0
    outer loop
      vertex -38.6667 -26.1194 4
      vertex -38.9032 -25.944 0
      vertex -38.6667 -26.1194 0
    endloop
  endfacet
  facet normal 0.595747 -0.803172 0
    outer loop
      vertex 4.6667 -26.1194 0
      vertex 4.90317 -25.944 0.854192
      vertex 4.6667 -26.1194 1.09066
    endloop
  endfacet
  facet normal 0.595747 -0.803172 0
    outer loop
      vertex 4.90317 -25.944 0.854192
      vertex 4.6667 -26.1194 0
      vertex 4.90317 -25.944 0
    endloop
  endfacet
  facet normal -0.427269 -0.904125 0
    outer loop
      vertex -38.4142 -26.2708 0
      vertex -38.148 -26.3966 4
      vertex -38.4142 -26.2708 4
    endloop
  endfacet
  facet normal -0.427269 -0.904125 -0
    outer loop
      vertex -38.148 -26.3966 4
      vertex -38.4142 -26.2708 0
      vertex -38.148 -26.3966 0
    endloop
  endfacet
  facet normal -0.0492599 -0.998786 0
    outer loop
      vertex -37.294 -26.6105 0
      vertex -37 -26.625 4
      vertex -37.294 -26.6105 4
    endloop
  endfacet
  facet normal -0.0492599 -0.998786 -0
    outer loop
      vertex -37 -26.625 4
      vertex -37.294 -26.6105 0
      vertex -37 -26.625 0
    endloop
  endfacet
  facet normal -0.146364 -0.989231 0
    outer loop
      vertex -37.5853 -26.5674 0
      vertex -37.294 -26.6105 4
      vertex -37.5853 -26.5674 4
    endloop
  endfacet
  facet normal -0.146364 -0.989231 -0
    outer loop
      vertex -37.294 -26.6105 4
      vertex -37.5853 -26.5674 0
      vertex -37.294 -26.6105 0
    endloop
  endfacet
  facet normal -0.336939 -0.941527 0
    outer loop
      vertex -38.148 -26.3966 0
      vertex -37.8708 -26.4958 4
      vertex -38.148 -26.3966 4
    endloop
  endfacet
  facet normal -0.336939 -0.941527 -0
    outer loop
      vertex -37.8708 -26.4958 4
      vertex -38.148 -26.3966 0
      vertex -37.8708 -26.4958 0
    endloop
  endfacet
  facet normal 0 0 -1
    outer loop
      vertex -32.5865 -19.6805 0
      vertex -1.4135 -19.6805 0
      vertex -32.5007 -19.8236 0
    endloop
  endfacet
  facet normal 0 0 -1
    outer loop
      vertex -1.07847 19.3109 0
      vertex -32.3082 20.4584 0
      vertex -32.3 20.625 0
    endloop
  endfacet
  facet normal 0 0 -1
    outer loop
      vertex -1.4135 -19.6805 0
      vertex -32.5865 -19.6805 0
      vertex -1.31412 -19.5465 0
    endloop
  endfacet
  facet normal 0 0 -1
    outer loop
      vertex -1.07847 19.3109 0
      vertex -32.3327 20.2933 0
      vertex -32.3082 20.4584 0
    endloop
  endfacet
  facet normal 0 0 -1
    outer loop
      vertex -32.6859 -19.5465 0
      vertex -1.31412 -19.5465 0
      vertex -32.5865 -19.6805 0
    endloop
  endfacet
  facet normal 0 0 -1
    outer loop
      vertex -1.07847 19.3109 0
      vertex -32.3732 20.1315 0
      vertex -32.3327 20.2933 0
    endloop
  endfacet
  facet normal 0 0 -1
    outer loop
      vertex -1.31412 -19.5465 0
      vertex -32.6859 -19.5465 0
      vertex -1.20208 -19.4229 0
    endloop
  endfacet
  facet normal 0 0 -1
    outer loop
      vertex -1.07847 19.3109 0
      vertex -32.4294 19.9744 0
      vertex -32.3732 20.1315 0
    endloop
  endfacet
  facet normal 0 0 -1
    outer loop
      vertex -32.7979 -19.4229 0
      vertex -1.20208 -19.4229 0
      vertex -32.6859 -19.5465 0
    endloop
  endfacet
  facet normal 0 0 -1
    outer loop
      vertex -1.07847 19.3109 0
      vertex -32.5007 19.8236 0
      vertex -32.4294 19.9744 0
    endloop
  endfacet
  facet normal 0 0 -1
    outer loop
      vertex -1.20208 -19.4229 0
      vertex -32.7979 -19.4229 0
      vertex -1.07847 -19.3109 0
    endloop
  endfacet
  facet normal 0 0 -1
    outer loop
      vertex -1.07847 19.3109 0
      vertex -32.5865 19.6805 0
      vertex -32.5007 19.8236 0
    endloop
  endfacet
  facet normal 0 0 -1
    outer loop
      vertex -32.9215 -19.3109 0
      vertex -1.07847 -19.3109 0
      vertex -32.7979 -19.4229 0
    endloop
  endfacet
  facet normal 0 0 -1
    outer loop
      vertex -1.07847 19.3109 0
      vertex -32.6859 19.5465 0
      vertex -32.5865 19.6805 0
    endloop
  endfacet
  facet normal 0 0 -1
    outer loop
      vertex -1.07847 -19.3109 0
      vertex -32.9215 -19.3109 0
      vertex -1.07847 19.3109 0
    endloop
  endfacet
  facet normal 0 0 -1
    outer loop
      vertex -1.07847 19.3109 0
      vertex -32.7979 19.4229 0
      vertex -32.6859 19.5465 0
    endloop
  endfacet
  facet normal 0 0 -1
    outer loop
      vertex -32.9215 19.3109 0
      vertex -1.07847 19.3109 0
      vertex -32.9215 -19.3109 0
    endloop
  endfacet
  facet normal 0 0 -1
    outer loop
      vertex -1.07847 19.3109 0
      vertex -32.9215 19.3109 0
      vertex -32.7979 19.4229 0
    endloop
  endfacet
  facet normal 0 0 -1
    outer loop
      vertex -33.0555 -19.2115 0
      vertex -32.9215 19.3109 0
      vertex -32.9215 -19.3109 0
    endloop
  endfacet
  facet normal 0 0 -1
    outer loop
      vertex -33.0555 -19.2115 0
      vertex -33.0555 19.2115 0
      vertex -32.9215 19.3109 0
    endloop
  endfacet
  facet normal 0 0 -1
    outer loop
      vertex -33.1986 -19.1257 0
      vertex -33.0555 19.2115 0
      vertex -33.0555 -19.2115 0
    endloop
  endfacet
  facet normal 0 0 -1
    outer loop
      vertex -33.1986 -19.1257 0
      vertex -33.1986 19.1257 0
      vertex -33.0555 19.2115 0
    endloop
  endfacet
  facet normal 0 0 -1
    outer loop
      vertex -33.3494 -19.0544 0
      vertex -33.1986 19.1257 0
      vertex -33.1986 -19.1257 0
    endloop
  endfacet
  facet normal 0 0 -1
    outer loop
      vertex -33.3494 -19.0544 0
      vertex -33.3494 19.0544 0
      vertex -33.1986 19.1257 0
    endloop
  endfacet
  facet normal 0 0 -1
    outer loop
      vertex -33.5065 -18.9982 0
      vertex -33.3494 19.0544 0
      vertex -33.3494 -19.0544 0
    endloop
  endfacet
  facet normal 0 0 -1
    outer loop
      vertex -33.5065 -18.9982 0
      vertex -33.5065 18.9982 0
      vertex -33.3494 19.0544 0
    endloop
  endfacet
  facet normal 0 0 -1
    outer loop
      vertex -33.6683 -18.9577 0
      vertex -33.5065 18.9982 0
      vertex -33.5065 -18.9982 0
    endloop
  endfacet
  facet normal 0 0 -1
    outer loop
      vertex -33.6683 -18.9577 0
      vertex -33.6683 18.9577 0
      vertex -33.5065 18.9982 0
    endloop
  endfacet
  facet normal 0 0 -1
    outer loop
      vertex -33.8334 -18.9332 0
      vertex -33.6683 18.9577 0
      vertex -33.6683 -18.9577 0
    endloop
  endfacet
  facet normal 0 0 -1
    outer loop
      vertex -33.8334 -18.9332 0
      vertex -33.8334 18.9332 0
      vertex -33.6683 18.9577 0
    endloop
  endfacet
  facet normal 0 0 -1
    outer loop
      vertex -34 -18.925 0
      vertex -33.8334 18.9332 0
      vertex -33.8334 -18.9332 0
    endloop
  endfacet
  facet normal 0 0 -1
    outer loop
      vertex -34 -18.925 0
      vertex -34 18.925 0
      vertex -33.8334 18.9332 0
    endloop
  endfacet
  facet normal 0 0 -1
    outer loop
      vertex -34.1666 -18.9332 0
      vertex -34 18.925 0
      vertex -34 -18.925 0
    endloop
  endfacet
  facet normal 0 0 -1
    outer loop
      vertex -34.1666 -18.9332 0
      vertex -34.1666 18.9332 0
      vertex -34 18.925 0
    endloop
  endfacet
  facet normal 0 0 -1
    outer loop
      vertex -34.3317 -18.9577 0
      vertex -34.1666 18.9332 0
      vertex -34.1666 -18.9332 0
    endloop
  endfacet
  facet normal 0 0 -1
    outer loop
      vertex -34.3317 -18.9577 0
      vertex -34.3317 18.9577 0
      vertex -34.1666 18.9332 0
    endloop
  endfacet
  facet normal 0 0 -1
    outer loop
      vertex -34.4935 -18.9982 0
      vertex -34.3317 18.9577 0
      vertex -34.3317 -18.9577 0
    endloop
  endfacet
  facet normal 0 0 -1
    outer loop
      vertex -34.4935 -18.9982 0
      vertex -34.4935 18.9982 0
      vertex -34.3317 18.9577 0
    endloop
  endfacet
  facet normal 0 0 -1
    outer loop
      vertex -34.6506 -19.0544 0
      vertex -34.4935 18.9982 0
      vertex -34.4935 -18.9982 0
    endloop
  endfacet
  facet normal 0 0 -1
    outer loop
      vertex -34.6506 -19.0544 0
      vertex -34.6506 19.0544 0
      vertex -34.4935 18.9982 0
    endloop
  endfacet
  facet normal 0 0 -1
    outer loop
      vertex -34.8014 -19.1257 0
      vertex -34.6506 19.0544 0
      vertex -34.6506 -19.0544 0
    endloop
  endfacet
  facet normal 0 0 -1
    outer loop
      vertex -34.8014 -19.1257 0
      vertex -34.8014 19.1257 0
      vertex -34.6506 19.0544 0
    endloop
  endfacet
  facet normal 0 0 -1
    outer loop
      vertex -34.9445 -19.2115 0
      vertex -34.8014 19.1257 0
      vertex -34.8014 -19.1257 0
    endloop
  endfacet
  facet normal 0 0 -1
    outer loop
      vertex -34.9445 -19.2115 0
      vertex -34.9445 19.2115 0
      vertex -34.8014 19.1257 0
    endloop
  endfacet
  facet normal 0 0 -1
    outer loop
      vertex -35.0785 -19.3109 0
      vertex -34.9445 19.2115 0
      vertex -34.9445 -19.2115 0
    endloop
  endfacet
  facet normal 0 0 -1
    outer loop
      vertex -35.0785 -19.3109 0
      vertex -35.0785 19.3109 0
      vertex -34.9445 19.2115 0
    endloop
  endfacet
  facet normal 0 0 -1
    outer loop
      vertex -35.2021 -19.4229 0
      vertex -35.0785 19.3109 0
      vertex -35.0785 -19.3109 0
    endloop
  endfacet
  facet normal 0 0 -1
    outer loop
      vertex -35.2021 -19.4229 0
      vertex -35.2021 19.4229 0
      vertex -35.0785 19.3109 0
    endloop
  endfacet
  facet normal 0 0 -1
    outer loop
      vertex -35.3141 -19.5465 0
      vertex -35.2021 19.4229 0
      vertex -35.2021 -19.4229 0
    endloop
  endfacet
  facet normal 0 0 -1
    outer loop
      vertex -35.3141 -19.5465 0
      vertex -35.3141 19.5465 0
      vertex -35.2021 19.4229 0
    endloop
  endfacet
  facet normal 0 0 -1
    outer loop
      vertex -40 -23.625 0
      vertex -35.3141 -19.5465 0
      vertex -35.4135 -19.6805 0
    endloop
  endfacet
  facet normal -0 0 -1
    outer loop
      vertex -35.3141 -19.5465 0
      vertex -40 -23.625 0
      vertex -35.3141 19.5465 0
    endloop
  endfacet
  facet normal 0 0 -1
    outer loop
      vertex -40 -23.625 0
      vertex -35.4135 -19.6805 0
      vertex -35.4993 -19.8236 0
    endloop
  endfacet
  facet normal 0 0 -1
    outer loop
      vertex -40 23.625 0
      vertex -35.3141 19.5465 0
      vertex -40 -23.625 0
    endloop
  endfacet
  facet normal 0 0 -1
    outer loop
      vertex -40 -23.625 0
      vertex -35.4993 -19.8236 0
      vertex -35.5706 -19.9744 0
    endloop
  endfacet
  facet normal 0 0 -1
    outer loop
      vertex -35.3141 19.5465 0
      vertex -40 23.625 0
      vertex -35.4135 19.6805 0
    endloop
  endfacet
  facet normal 0 0 -1
    outer loop
      vertex -40 -23.625 0
      vertex -35.5706 -19.9744 0
      vertex -35.6268 -20.1315 0
    endloop
  endfacet
  facet normal 0 0 -1
    outer loop
      vertex -35.4135 19.6805 0
      vertex -40 23.625 0
      vertex -35.4993 19.8236 0
    endloop
  endfacet
  facet normal 0 0 -1
    outer loop
      vertex -40 -23.625 0
      vertex -35.6268 -20.1315 0
      vertex -35.6673 -20.2933 0
    endloop
  endfacet
  facet normal 0 0 -1
    outer loop
      vertex -35.4993 19.8236 0
      vertex -40 23.625 0
      vertex -35.5706 19.9744 0
    endloop
  endfacet
  facet normal 0 0 -1
    outer loop
      vertex -40 -23.625 0
      vertex -35.6673 -20.2933 0
      vertex -35.6918 -20.4584 0
    endloop
  endfacet
  facet normal 0 0 -1
    outer loop
      vertex -35.5706 19.9744 0
      vertex -40 23.625 0
      vertex -35.6268 20.1315 0
    endloop
  endfacet
  facet normal 0 0 -1
    outer loop
      vertex -40 -23.625 0
      vertex -35.6918 -20.4584 0
      vertex -35.7 -20.625 0
    endloop
  endfacet
  facet normal 0 0 -1
    outer loop
      vertex -35.6268 20.1315 0
      vertex -40 23.625 0
      vertex -35.6673 20.2933 0
    endloop
  endfacet
  facet normal 0 0 -1
    outer loop
      vertex 1.6268 -20.1315 0
      vertex 5.75736 -24.8032 0
      vertex 1.66733 -20.2933 0
    endloop
  endfacet
  facet normal 0 0 -1
    outer loop
      vertex 5.75736 24.8032 0
      vertex 1.69181 20.4584 0
      vertex 1.7 20.625 0
    endloop
  endfacet
  facet normal 0 0 -1
    outer loop
      vertex 1.57059 -19.9744 0
      vertex 5.75736 -24.8032 0
      vertex 1.6268 -20.1315 0
    endloop
  endfacet
  facet normal 0 0 -1
    outer loop
      vertex 5.75736 24.8032 0
      vertex 1.66733 20.2933 0
      vertex 1.69181 20.4584 0
    endloop
  endfacet
  facet normal 0 0 -1
    outer loop
      vertex 1.49927 -19.8236 0
      vertex 5.75736 -24.8032 0
      vertex 1.57059 -19.9744 0
    endloop
  endfacet
  facet normal 0 0 -1
    outer loop
      vertex 5.75736 24.8032 0
      vertex 1.6268 20.1315 0
      vertex 1.66733 20.2933 0
    endloop
  endfacet
  facet normal 0 0 -1
    outer loop
      vertex 1.4135 -19.6805 0
      vertex 5.75736 -24.8032 0
      vertex 1.49927 -19.8236 0
    endloop
  endfacet
  facet normal 0 0 -1
    outer loop
      vertex 5.75736 24.8032 0
      vertex 1.57059 19.9744 0
      vertex 1.6268 20.1315 0
    endloop
  endfacet
  facet normal 0 0 -1
    outer loop
      vertex 5.75736 -24.8032 0
      vertex 1.4135 -19.6805 0
      vertex 5.75736 24.8032 0
    endloop
  endfacet
  facet normal 0 0 -1
    outer loop
      vertex 5.75736 24.8032 0
      vertex 1.49927 19.8236 0
      vertex 1.57059 19.9744 0
    endloop
  endfacet
  facet normal 0 0 -1
    outer loop
      vertex 1.4135 19.6805 0
      vertex 5.75736 24.8032 0
      vertex 1.4135 -19.6805 0
    endloop
  endfacet
  facet normal 0 0 -1
    outer loop
      vertex 5.75736 24.8032 0
      vertex 1.4135 19.6805 0
      vertex 1.49927 19.8236 0
    endloop
  endfacet
  facet normal 0 0 -1
    outer loop
      vertex 1.31412 -19.5465 0
      vertex 1.4135 19.6805 0
      vertex 1.4135 -19.6805 0
    endloop
  endfacet
  facet normal 0 0 -1
    outer loop
      vertex 1.31412 -19.5465 0
      vertex 1.31412 19.5465 0
      vertex 1.4135 19.6805 0
    endloop
  endfacet
  facet normal 0 0 -1
    outer loop
      vertex 1.20208 -19.4229 0
      vertex 1.31412 19.5465 0
      vertex 1.31412 -19.5465 0
    endloop
  endfacet
  facet normal 0 0 -1
    outer loop
      vertex 1.20208 -19.4229 0
      vertex 1.20208 19.4229 0
      vertex 1.31412 19.5465 0
    endloop
  endfacet
  facet normal 0 0 -1
    outer loop
      vertex 1.07847 -19.3109 0
      vertex 1.20208 19.4229 0
      vertex 1.20208 -19.4229 0
    endloop
  endfacet
  facet normal 0 0 -1
    outer loop
      vertex 1.07847 -19.3109 0
      vertex 1.07847 19.3109 0
      vertex 1.20208 19.4229 0
    endloop
  endfacet
  facet normal 0 0 -1
    outer loop
      vertex 0.944468 -19.2115 0
      vertex 1.07847 19.3109 0
      vertex 1.07847 -19.3109 0
    endloop
  endfacet
  facet normal 0 0 -1
    outer loop
      vertex 0.944468 -19.2115 0
      vertex 0.944468 19.2115 0
      vertex 1.07847 19.3109 0
    endloop
  endfacet
  facet normal 0 0 -1
    outer loop
      vertex 0.801374 -19.1257 0
      vertex 0.944468 19.2115 0
      vertex 0.944468 -19.2115 0
    endloop
  endfacet
  facet normal 0 0 -1
    outer loop
      vertex 0.801374 -19.1257 0
      vertex 0.801374 19.1257 0
      vertex 0.944468 19.2115 0
    endloop
  endfacet
  facet normal 0 0 -1
    outer loop
      vertex 0.650561 -19.0544 0
      vertex 0.801374 19.1257 0
      vertex 0.801374 -19.1257 0
    endloop
  endfacet
  facet normal 0 0 -1
    outer loop
      vertex 0.650561 -19.0544 0
      vertex 0.650561 19.0544 0
      vertex 0.801374 19.1257 0
    endloop
  endfacet
  facet normal 0 0 -1
    outer loop
      vertex 0.493484 -18.9982 0
      vertex 0.650561 19.0544 0
      vertex 0.650561 -19.0544 0
    endloop
  endfacet
  facet normal 0 0 -1
    outer loop
      vertex 0.493484 -18.9982 0
      vertex 0.493484 18.9982 0
      vertex 0.650561 19.0544 0
    endloop
  endfacet
  facet normal 0 0 -1
    outer loop
      vertex 0.331653 -18.9577 0
      vertex 0.493484 18.9982 0
      vertex 0.493484 -18.9982 0
    endloop
  endfacet
  facet normal 0 0 -1
    outer loop
      vertex 0.331653 -18.9577 0
      vertex 0.331653 18.9577 0
      vertex 0.493484 18.9982 0
    endloop
  endfacet
  facet normal 0 0 -1
    outer loop
      vertex 0.166629 -18.9332 0
      vertex 0.331653 18.9577 0
      vertex 0.331653 -18.9577 0
    endloop
  endfacet
  facet normal 0 0 -1
    outer loop
      vertex 0.166629 -18.9332 0
      vertex 0.166629 18.9332 0
      vertex 0.331653 18.9577 0
    endloop
  endfacet
  facet normal 0 0 -1
    outer loop
      vertex 0 -18.925 0
      vertex 0.166629 18.9332 0
      vertex 0.166629 -18.9332 0
    endloop
  endfacet
  facet normal 0 0 -1
    outer loop
      vertex 0 -18.925 0
      vertex 0 18.925 0
      vertex 0.166629 18.9332 0
    endloop
  endfacet
  facet normal 0 0 -1
    outer loop
      vertex -0.166629 -18.9332 0
      vertex 0 18.925 0
      vertex 0 -18.925 0
    endloop
  endfacet
  facet normal 0 0 -1
    outer loop
      vertex -0.166629 -18.9332 0
      vertex -0.166629 18.9332 0
      vertex 0 18.925 0
    endloop
  endfacet
  facet normal 0 0 -1
    outer loop
      vertex -0.331653 -18.9577 0
      vertex -0.166629 18.9332 0
      vertex -0.166629 -18.9332 0
    endloop
  endfacet
  facet normal 0 0 -1
    outer loop
      vertex -0.331653 -18.9577 0
      vertex -0.331653 18.9577 0
      vertex -0.166629 18.9332 0
    endloop
  endfacet
  facet normal 0 0 -1
    outer loop
      vertex -0.493484 -18.9982 0
      vertex -0.331653 18.9577 0
      vertex -0.331653 -18.9577 0
    endloop
  endfacet
  facet normal 0 0 -1
    outer loop
      vertex -0.493484 -18.9982 0
      vertex -0.493484 18.9982 0
      vertex -0.331653 18.9577 0
    endloop
  endfacet
  facet normal 0 0 -1
    outer loop
      vertex -0.650561 -19.0544 0
      vertex -0.493484 18.9982 0
      vertex -0.493484 -18.9982 0
    endloop
  endfacet
  facet normal 0 0 -1
    outer loop
      vertex -0.650561 -19.0544 0
      vertex -0.650561 19.0544 0
      vertex -0.493484 18.9982 0
    endloop
  endfacet
  facet normal 0 0 -1
    outer loop
      vertex -0.801374 -19.1257 0
      vertex -0.650561 19.0544 0
      vertex -0.650561 -19.0544 0
    endloop
  endfacet
  facet normal 0 0 -1
    outer loop
      vertex -0.801374 -19.1257 0
      vertex -0.801374 19.1257 0
      vertex -0.650561 19.0544 0
    endloop
  endfacet
  facet normal 0 0 -1
    outer loop
      vertex -0.944468 -19.2115 0
      vertex -0.801374 19.1257 0
      vertex -0.801374 -19.1257 0
    endloop
  endfacet
  facet normal 0 0 -1
    outer loop
      vertex -0.944468 -19.2115 0
      vertex -0.944468 19.2115 0
      vertex -0.801374 19.1257 0
    endloop
  endfacet
  facet normal 0 0 -1
    outer loop
      vertex -1.07847 -19.3109 0
      vertex -0.944468 19.2115 0
      vertex -0.944468 -19.2115 0
    endloop
  endfacet
  facet normal 0 0 -1
    outer loop
      vertex -1.07847 -19.3109 0
      vertex -1.07847 19.3109 0
      vertex -0.944468 19.2115 0
    endloop
  endfacet
  facet normal 0 0 -1
    outer loop
      vertex -1.57059 -19.9744 0
      vertex -32.4294 -19.9744 0
      vertex -1.49927 -19.8236 0
    endloop
  endfacet
  facet normal 0 0 -1
    outer loop
      vertex -32.5007 -19.8236 0
      vertex -1.49927 -19.8236 0
      vertex -32.4294 -19.9744 0
    endloop
  endfacet
  facet normal 0 0 -1
    outer loop
      vertex -32.4294 -19.9744 0
      vertex -1.57059 -19.9744 0
      vertex -32.3732 -20.1315 0
    endloop
  endfacet
  facet normal 0 0 -1
    outer loop
      vertex -1.49927 -19.8236 0
      vertex -32.5007 -19.8236 0
      vertex -1.4135 -19.6805 0
    endloop
  endfacet
  facet normal 0 0 -1
    outer loop
      vertex -1.6268 -20.1315 0
      vertex -32.3732 -20.1315 0
      vertex -1.57059 -19.9744 0
    endloop
  endfacet
  facet normal 0 0 -1
    outer loop
      vertex -1.07847 19.3109 0
      vertex -32.3 20.625 0
      vertex -1.20208 19.4229 0
    endloop
  endfacet
  facet normal 0 0 -1
    outer loop
      vertex -32.3732 -20.1315 0
      vertex -1.6268 -20.1315 0
      vertex -32.3327 -20.2933 0
    endloop
  endfacet
  facet normal 0 0 -1
    outer loop
      vertex -1.20208 19.4229 0
      vertex -32.3 20.625 0
      vertex -1.31412 19.5465 0
    endloop
  endfacet
  facet normal 0 0 -1
    outer loop
      vertex -1.66733 -20.2933 0
      vertex -32.3327 -20.2933 0
      vertex -1.6268 -20.1315 0
    endloop
  endfacet
  facet normal 0 0 -1
    outer loop
      vertex -1.31412 19.5465 0
      vertex -32.3 20.625 0
      vertex -1.4135 19.6805 0
    endloop
  endfacet
  facet normal 0 0 -1
    outer loop
      vertex -32.3327 -20.2933 0
      vertex -1.66733 -20.2933 0
      vertex -32.3082 -20.4584 0
    endloop
  endfacet
  facet normal 0 0 -1
    outer loop
      vertex -1.4135 19.6805 0
      vertex -32.3 20.625 0
      vertex -1.49927 19.8236 0
    endloop
  endfacet
  facet normal 0 0 -1
    outer loop
      vertex -1.69181 -20.4584 0
      vertex -32.3082 -20.4584 0
      vertex -1.66733 -20.2933 0
    endloop
  endfacet
  facet normal 0 0 -1
    outer loop
      vertex -1.49927 19.8236 0
      vertex -32.3 20.625 0
      vertex -1.57059 19.9744 0
    endloop
  endfacet
  facet normal 0 0 -1
    outer loop
      vertex -32.3082 -20.4584 0
      vertex -1.69181 -20.4584 0
      vertex -32.3 -20.625 0
    endloop
  endfacet
  facet normal 0 0 -1
    outer loop
      vertex -1.57059 19.9744 0
      vertex -32.3 20.625 0
      vertex -1.6268 20.1315 0
    endloop
  endfacet
  facet normal 0 0 -1
    outer loop
      vertex -32.3 -20.625 0
      vertex -1.69181 -20.4584 0
      vertex -1.7 -20.625 0
    endloop
  endfacet
  facet normal 0 0 -1
    outer loop
      vertex -1.6268 20.1315 0
      vertex -32.3 20.625 0
      vertex -1.66733 20.2933 0
    endloop
  endfacet
  facet normal 0 0 -1
    outer loop
      vertex 1.20208 -21.8271 0
      vertex 5.75736 -24.8032 0
      vertex 5.64575 -25.0392 0
    endloop
  endfacet
  facet normal 0 0 -1
    outer loop
      vertex 1.69181 -20.4584 0
      vertex 5.75736 -24.8032 0
      vertex 1.7 -20.625 0
    endloop
  endfacet
  facet normal 0 0 -1
    outer loop
      vertex 1.20208 -21.8271 0
      vertex 5.64575 -25.0392 0
      vertex 5.4944 -25.2917 0
    endloop
  endfacet
  facet normal 0 0 -1
    outer loop
      vertex 1.66733 -20.2933 0
      vertex 5.75736 -24.8032 0
      vertex 1.69181 -20.4584 0
    endloop
  endfacet
  facet normal 0 0 -1
    outer loop
      vertex 1.20208 -21.8271 0
      vertex 5.4944 -25.2917 0
      vertex 5.31903 -25.5282 0
    endloop
  endfacet
  facet normal 0 0 -1
    outer loop
      vertex 1.69181 20.7916 0
      vertex 5.75736 24.8032 0
      vertex 1.7 20.625 0
    endloop
  endfacet
  facet normal 0 0 -1
    outer loop
      vertex 1.20208 -21.8271 0
      vertex 5.31903 -25.5282 0
      vertex 5.12131 -25.7463 0
    endloop
  endfacet
  facet normal 0 0 -1
    outer loop
      vertex 1.66733 20.9567 0
      vertex 5.75736 24.8032 0
      vertex 1.69181 20.7916 0
    endloop
  endfacet
  facet normal 0 0 -1
    outer loop
      vertex 1.20208 -21.8271 0
      vertex 5.12131 -25.7463 0
      vertex 4.90317 -25.944 0
    endloop
  endfacet
  facet normal 0 0 -1
    outer loop
      vertex 1.6268 21.1185 0
      vertex 5.75736 24.8032 0
      vertex 1.66733 20.9567 0
    endloop
  endfacet
  facet normal 0 0 -1
    outer loop
      vertex 1.20208 -21.8271 0
      vertex 4.90317 -25.944 0
      vertex 4.6667 -26.1194 0
    endloop
  endfacet
  facet normal 0 0 -1
    outer loop
      vertex 1.57059 21.2756 0
      vertex 5.75736 24.8032 0
      vertex 1.6268 21.1185 0
    endloop
  endfacet
  facet normal 0 0 -1
    outer loop
      vertex 1.20208 -21.8271 0
      vertex 4.6667 -26.1194 0
      vertex 4.41418 -26.2708 0
    endloop
  endfacet
  facet normal 0 0 -1
    outer loop
      vertex 1.49927 21.4264 0
      vertex 5.75736 24.8032 0
      vertex 1.57059 21.2756 0
    endloop
  endfacet
  facet normal 0 0 -1
    outer loop
      vertex 1.20208 -21.8271 0
      vertex 4.41418 -26.2708 0
      vertex 4.14804 -26.3966 0
    endloop
  endfacet
  facet normal 0 0 -1
    outer loop
      vertex 1.4135 21.5695 0
      vertex 5.75736 24.8032 0
      vertex 1.49927 21.4264 0
    endloop
  endfacet
  facet normal 0 0 -1
    outer loop
      vertex 1.20208 -21.8271 0
      vertex 4.14804 -26.3966 0
      vertex 3.87085 -26.4958 0
    endloop
  endfacet
  facet normal 0 0 -1
    outer loop
      vertex 1.31412 21.7035 0
      vertex 5.75736 24.8032 0
      vertex 1.4135 21.5695 0
    endloop
  endfacet
  facet normal 0 0 -1
    outer loop
      vertex 1.20208 -21.8271 0
      vertex 3.87085 -26.4958 0
      vertex 3.58527 -26.5674 0
    endloop
  endfacet
  facet normal 0 0 -1
    outer loop
      vertex 1.20208 21.8271 0
      vertex 5.75736 24.8032 0
      vertex 1.31412 21.7035 0
    endloop
  endfacet
  facet normal 0 0 -1
    outer loop
      vertex 1.20208 -21.8271 0
      vertex 3.58527 -26.5674 0
      vertex 3.29404 -26.6105 0
    endloop
  endfacet
  facet normal -0 0 -1
    outer loop
      vertex 5.75736 24.8032 0
      vertex 1.20208 21.8271 0
      vertex 5.64575 25.0392 0
    endloop
  endfacet
  facet normal 0 0 -1
    outer loop
      vertex 1.20208 -21.8271 0
      vertex 3.29404 -26.6105 0
      vertex 3 -26.625 0
    endloop
  endfacet
  facet normal -0 0 -1
    outer loop
      vertex 5.64575 25.0392 0
      vertex 1.20208 21.8271 0
      vertex 5.4944 25.2917 0
    endloop
  endfacet
  facet normal -0 0 -1
    outer loop
      vertex 5.4944 25.2917 0
      vertex 1.20208 21.8271 0
      vertex 5.31903 25.5282 0
    endloop
  endfacet
  facet normal 0 0 -1
    outer loop
      vertex 5.75736 -24.8032 0
      vertex 1.69181 -20.7916 0
      vertex 1.7 -20.625 0
    endloop
  endfacet
  facet normal 0 0 -1
    outer loop
      vertex 5.75736 -24.8032 0
      vertex 1.66733 -20.9567 0
      vertex 1.69181 -20.7916 0
    endloop
  endfacet
  facet normal 0 0 -1
    outer loop
      vertex 5.75736 -24.8032 0
      vertex 1.6268 -21.1185 0
      vertex 1.66733 -20.9567 0
    endloop
  endfacet
  facet normal 0 0 -1
    outer loop
      vertex 5.75736 -24.8032 0
      vertex 1.57059 -21.2756 0
      vertex 1.6268 -21.1185 0
    endloop
  endfacet
  facet normal 0 0 -1
    outer loop
      vertex 5.75736 -24.8032 0
      vertex 1.49927 -21.4264 0
      vertex 1.57059 -21.2756 0
    endloop
  endfacet
  facet normal 0 0 -1
    outer loop
      vertex 5.75736 -24.8032 0
      vertex 1.4135 -21.5695 0
      vertex 1.49927 -21.4264 0
    endloop
  endfacet
  facet normal 0 0 -1
    outer loop
      vertex 5.75736 -24.8032 0
      vertex 1.31412 -21.7035 0
      vertex 1.4135 -21.5695 0
    endloop
  endfacet
  facet normal 0 0 -1
    outer loop
      vertex 5.75736 -24.8032 0
      vertex 1.20208 -21.8271 0
      vertex 1.31412 -21.7035 0
    endloop
  endfacet
  facet normal 0 0 -1
    outer loop
      vertex 3 -26.625 0
      vertex 1.07847 -21.9391 0
      vertex 1.20208 -21.8271 0
    endloop
  endfacet
  facet normal 0 0 -1
    outer loop
      vertex 3 -26.625 0
      vertex 0.944468 -22.0385 0
      vertex 1.07847 -21.9391 0
    endloop
  endfacet
  facet normal 0 0 -1
    outer loop
      vertex 3 -26.625 0
      vertex 0.801374 -22.1243 0
      vertex 0.944468 -22.0385 0
    endloop
  endfacet
  facet normal 0 0 -1
    outer loop
      vertex 3 -26.625 0
      vertex 0.650561 -22.1956 0
      vertex 0.801374 -22.1243 0
    endloop
  endfacet
  facet normal 0 0 -1
    outer loop
      vertex 3 -26.625 0
      vertex 0.493484 -22.2518 0
      vertex 0.650561 -22.1956 0
    endloop
  endfacet
  facet normal 0 0 -1
    outer loop
      vertex 3 -26.625 0
      vertex 0.331653 -22.2923 0
      vertex 0.493484 -22.2518 0
    endloop
  endfacet
  facet normal 0 0 -1
    outer loop
      vertex 3 -26.625 0
      vertex 0.166629 -22.3168 0
      vertex 0.331653 -22.2923 0
    endloop
  endfacet
  facet normal 0 0 -1
    outer loop
      vertex 3 -26.625 0
      vertex 0 -22.325 0
      vertex 0.166629 -22.3168 0
    endloop
  endfacet
  facet normal 0 0 -1
    outer loop
      vertex 3 -26.625 0
      vertex -0.166629 -22.3168 0
      vertex 0 -22.325 0
    endloop
  endfacet
  facet normal 0 0 -1
    outer loop
      vertex 3 -26.625 0
      vertex -0.331653 -22.2923 0
      vertex -0.166629 -22.3168 0
    endloop
  endfacet
  facet normal 0 0 -1
    outer loop
      vertex 3 -26.625 0
      vertex -0.493484 -22.2518 0
      vertex -0.331653 -22.2923 0
    endloop
  endfacet
  facet normal 0 0 -1
    outer loop
      vertex 3 -26.625 0
      vertex -0.650561 -22.1956 0
      vertex -0.493484 -22.2518 0
    endloop
  endfacet
  facet normal 0 0 -1
    outer loop
      vertex 3 -26.625 0
      vertex -0.801374 -22.1243 0
      vertex -0.650561 -22.1956 0
    endloop
  endfacet
  facet normal 0 0 -1
    outer loop
      vertex 3 -26.625 0
      vertex -0.944468 -22.0385 0
      vertex -0.801374 -22.1243 0
    endloop
  endfacet
  facet normal 0 0 -1
    outer loop
      vertex 3 -26.625 0
      vertex -1.07847 -21.9391 0
      vertex -0.944468 -22.0385 0
    endloop
  endfacet
  facet normal 0 0 -1
    outer loop
      vertex -32.9215 -21.9391 0
      vertex -1.07847 -21.9391 0
      vertex 3 -26.625 0
    endloop
  endfacet
  facet normal 0 0 -1
    outer loop
      vertex -1.07847 -21.9391 0
      vertex -32.9215 -21.9391 0
      vertex -1.20208 -21.8271 0
    endloop
  endfacet
  facet normal 0 0 -1
    outer loop
      vertex -1.66733 20.2933 0
      vertex -32.3 20.625 0
      vertex -1.69181 20.4584 0
    endloop
  endfacet
  facet normal 0 0 -1
    outer loop
      vertex -1.69181 -20.7916 0
      vertex -32.3 -20.625 0
      vertex -1.7 -20.625 0
    endloop
  endfacet
  facet normal 0 0 -1
    outer loop
      vertex -32.3082 -20.7916 0
      vertex -1.69181 -20.7916 0
      vertex -1.66733 -20.9567 0
    endloop
  endfacet
  facet normal 0 0 -1
    outer loop
      vertex -32.3327 -20.9567 0
      vertex -1.66733 -20.9567 0
      vertex -1.6268 -21.1185 0
    endloop
  endfacet
  facet normal 0 0 -1
    outer loop
      vertex -32.3732 -21.1185 0
      vertex -1.6268 -21.1185 0
      vertex -1.57059 -21.2756 0
    endloop
  endfacet
  facet normal 0 0 -1
    outer loop
      vertex -32.4294 -21.2756 0
      vertex -1.57059 -21.2756 0
      vertex -1.49927 -21.4264 0
    endloop
  endfacet
  facet normal 0 0 -1
    outer loop
      vertex -32.5007 -21.4264 0
      vertex -1.49927 -21.4264 0
      vertex -1.4135 -21.5695 0
    endloop
  endfacet
  facet normal 0 0 -1
    outer loop
      vertex -32.5865 -21.5695 0
      vertex -1.4135 -21.5695 0
      vertex -1.31412 -21.7035 0
    endloop
  endfacet
  facet normal 0 -0 -1
    outer loop
      vertex -32.7979 -21.8271 0
      vertex -1.20208 -21.8271 0
      vertex -32.9215 -21.9391 0
    endloop
  endfacet
  facet normal 0 0 -1
    outer loop
      vertex -1.69181 -20.7916 0
      vertex -32.3082 -20.7916 0
      vertex -32.3 -20.625 0
    endloop
  endfacet
  facet normal 0 0 -1
    outer loop
      vertex -1.66733 -20.9567 0
      vertex -32.3327 -20.9567 0
      vertex -32.3082 -20.7916 0
    endloop
  endfacet
  facet normal 0 0 -1
    outer loop
      vertex -1.6268 -21.1185 0
      vertex -32.3732 -21.1185 0
      vertex -32.3327 -20.9567 0
    endloop
  endfacet
  facet normal 0 0 -1
    outer loop
      vertex -1.57059 -21.2756 0
      vertex -32.4294 -21.2756 0
      vertex -32.3732 -21.1185 0
    endloop
  endfacet
  facet normal 0 0 -1
    outer loop
      vertex -1.49927 -21.4264 0
      vertex -32.5007 -21.4264 0
      vertex -32.4294 -21.2756 0
    endloop
  endfacet
  facet normal 0 0 -1
    outer loop
      vertex -1.4135 -21.5695 0
      vertex -32.5865 -21.5695 0
      vertex -32.5007 -21.4264 0
    endloop
  endfacet
  facet normal 0 0 -1
    outer loop
      vertex -1.31412 -21.7035 0
      vertex -32.6859 -21.7035 0
      vertex -32.5865 -21.5695 0
    endloop
  endfacet
  facet normal -0 0 -1
    outer loop
      vertex -1.31412 -21.7035 0
      vertex -32.7979 -21.8271 0
      vertex -32.6859 -21.7035 0
    endloop
  endfacet
  facet normal 0 0 -1
    outer loop
      vertex -1.20208 -21.8271 0
      vertex -32.7979 -21.8271 0
      vertex -1.31412 -21.7035 0
    endloop
  endfacet
  facet normal 0 0 -1
    outer loop
      vertex -37 -26.625 0
      vertex -32.9215 -21.9391 0
      vertex 3 -26.625 0
    endloop
  endfacet
  facet normal 0 0 -1
    outer loop
      vertex -32.9215 -21.9391 0
      vertex -37 -26.625 0
      vertex -33.0555 -22.0385 0
    endloop
  endfacet
  facet normal 0 0 -1
    outer loop
      vertex -33.0555 -22.0385 0
      vertex -37 -26.625 0
      vertex -33.1986 -22.1243 0
    endloop
  endfacet
  facet normal 0 0 -1
    outer loop
      vertex -33.1986 -22.1243 0
      vertex -37 -26.625 0
      vertex -33.3494 -22.1956 0
    endloop
  endfacet
  facet normal 0 0 -1
    outer loop
      vertex -33.3494 -22.1956 0
      vertex -37 -26.625 0
      vertex -33.5065 -22.2518 0
    endloop
  endfacet
  facet normal 0 0 -1
    outer loop
      vertex -33.5065 -22.2518 0
      vertex -37 -26.625 0
      vertex -33.6683 -22.2923 0
    endloop
  endfacet
  facet normal 0 0 -1
    outer loop
      vertex -33.6683 -22.2923 0
      vertex -37 -26.625 0
      vertex -33.8334 -22.3168 0
    endloop
  endfacet
  facet normal 0 0 -1
    outer loop
      vertex -33.8334 -22.3168 0
      vertex -37 -26.625 0
      vertex -34 -22.325 0
    endloop
  endfacet
  facet normal -0 0 -1
    outer loop
      vertex -35.6918 -20.7916 0
      vertex -40 -23.625 0
      vertex -35.7 -20.625 0
    endloop
  endfacet
  facet normal -0 0 -1
    outer loop
      vertex -35.6673 -20.9567 0
      vertex -40 -23.625 0
      vertex -35.6918 -20.7916 0
    endloop
  endfacet
  facet normal -0 0 -1
    outer loop
      vertex -35.6268 -21.1185 0
      vertex -40 -23.625 0
      vertex -35.6673 -20.9567 0
    endloop
  endfacet
  facet normal -0 0 -1
    outer loop
      vertex -35.5706 -21.2756 0
      vertex -40 -23.625 0
      vertex -35.6268 -21.1185 0
    endloop
  endfacet
  facet normal -0 0 -1
    outer loop
      vertex -35.4993 -21.4264 0
      vertex -40 -23.625 0
      vertex -35.5706 -21.2756 0
    endloop
  endfacet
  facet normal -0 0 -1
    outer loop
      vertex -35.4135 -21.5695 0
      vertex -40 -23.625 0
      vertex -35.4993 -21.4264 0
    endloop
  endfacet
  facet normal -0 0 -1
    outer loop
      vertex -35.3141 -21.7035 0
      vertex -40 -23.625 0
      vertex -35.4135 -21.5695 0
    endloop
  endfacet
  facet normal -0 0 -1
    outer loop
      vertex -35.2021 -21.8271 0
      vertex -40 -23.625 0
      vertex -35.3141 -21.7035 0
    endloop
  endfacet
  facet normal 0 0 -1
    outer loop
      vertex -40 -23.625 0
      vertex -35.2021 -21.8271 0
      vertex -37 -26.625 0
    endloop
  endfacet
  facet normal -0 0 -1
    outer loop
      vertex -35.0785 -21.9391 0
      vertex -37 -26.625 0
      vertex -35.2021 -21.8271 0
    endloop
  endfacet
  facet normal -0 0 -1
    outer loop
      vertex -34.9445 -22.0385 0
      vertex -37 -26.625 0
      vertex -35.0785 -21.9391 0
    endloop
  endfacet
  facet normal -0 0 -1
    outer loop
      vertex -34.8014 -22.1243 0
      vertex -37 -26.625 0
      vertex -34.9445 -22.0385 0
    endloop
  endfacet
  facet normal -0 0 -1
    outer loop
      vertex -34.6506 -22.1956 0
      vertex -37 -26.625 0
      vertex -34.8014 -22.1243 0
    endloop
  endfacet
  facet normal -0 0 -1
    outer loop
      vertex -34.4935 -22.2518 0
      vertex -37 -26.625 0
      vertex -34.6506 -22.1956 0
    endloop
  endfacet
  facet normal -0 0 -1
    outer loop
      vertex -34.3317 -22.2923 0
      vertex -37 -26.625 0
      vertex -34.4935 -22.2518 0
    endloop
  endfacet
  facet normal -0 0 -1
    outer loop
      vertex -34.1666 -22.3168 0
      vertex -37 -26.625 0
      vertex -34.3317 -22.2923 0
    endloop
  endfacet
  facet normal -0 0 -1
    outer loop
      vertex -34 -22.325 0
      vertex -37 -26.625 0
      vertex -34.1666 -22.3168 0
    endloop
  endfacet
  facet normal -0 0 -1
    outer loop
      vertex 5.31903 25.5282 0
      vertex 1.20208 21.8271 0
      vertex 5.12131 25.7463 0
    endloop
  endfacet
  facet normal -0 0 -1
    outer loop
      vertex 5.12131 25.7463 0
      vertex 1.20208 21.8271 0
      vertex 4.90317 25.944 0
    endloop
  endfacet
  facet normal -0 0 -1
    outer loop
      vertex 4.90317 25.944 0
      vertex 1.20208 21.8271 0
      vertex 4.6667 26.1194 0
    endloop
  endfacet
  facet normal -0 0 -1
    outer loop
      vertex 4.6667 26.1194 0
      vertex 1.20208 21.8271 0
      vertex 4.41418 26.2708 0
    endloop
  endfacet
  facet normal -0 0 -1
    outer loop
      vertex 4.41418 26.2708 0
      vertex 1.20208 21.8271 0
      vertex 4.14804 26.3966 0
    endloop
  endfacet
  facet normal -0 0 -1
    outer loop
      vertex 4.14804 26.3966 0
      vertex 1.20208 21.8271 0
      vertex 3.87085 26.4958 0
    endloop
  endfacet
  facet normal -0 0 -1
    outer loop
      vertex 3.87085 26.4958 0
      vertex 1.20208 21.8271 0
      vertex 3.58527 26.5674 0
    endloop
  endfacet
  facet normal -0 0 -1
    outer loop
      vertex 3.58527 26.5674 0
      vertex 1.20208 21.8271 0
      vertex 3.29404 26.6105 0
    endloop
  endfacet
  facet normal -0 0 -1
    outer loop
      vertex 3.29404 26.6105 0
      vertex 1.20208 21.8271 0
      vertex 3 26.625 0
    endloop
  endfacet
  facet normal 0 0 -1
    outer loop
      vertex 1.07847 21.9391 0
      vertex 3 26.625 0
      vertex 1.20208 21.8271 0
    endloop
  endfacet
  facet normal 0 0 -1
    outer loop
      vertex 0.944468 22.0385 0
      vertex 3 26.625 0
      vertex 1.07847 21.9391 0
    endloop
  endfacet
  facet normal 0 0 -1
    outer loop
      vertex 0.801374 22.1243 0
      vertex 3 26.625 0
      vertex 0.944468 22.0385 0
    endloop
  endfacet
  facet normal 0 0 -1
    outer loop
      vertex 0.650561 22.1956 0
      vertex 3 26.625 0
      vertex 0.801374 22.1243 0
    endloop
  endfacet
  facet normal 0 0 -1
    outer loop
      vertex 0.493484 22.2518 0
      vertex 3 26.625 0
      vertex 0.650561 22.1956 0
    endloop
  endfacet
  facet normal 0 0 -1
    outer loop
      vertex 0.331653 22.2923 0
      vertex 3 26.625 0
      vertex 0.493484 22.2518 0
    endloop
  endfacet
  facet normal 0 0 -1
    outer loop
      vertex 0.166629 22.3168 0
      vertex 3 26.625 0
      vertex 0.331653 22.2923 0
    endloop
  endfacet
  facet normal 0 0 -1
    outer loop
      vertex 0 22.325 0
      vertex 3 26.625 0
      vertex 0.166629 22.3168 0
    endloop
  endfacet
  facet normal 0 0 -1
    outer loop
      vertex -0.166629 22.3168 0
      vertex 3 26.625 0
      vertex 0 22.325 0
    endloop
  endfacet
  facet normal 0 0 -1
    outer loop
      vertex -0.331653 22.2923 0
      vertex 3 26.625 0
      vertex -0.166629 22.3168 0
    endloop
  endfacet
  facet normal 0 0 -1
    outer loop
      vertex -0.493484 22.2518 0
      vertex 3 26.625 0
      vertex -0.331653 22.2923 0
    endloop
  endfacet
  facet normal 0 0 -1
    outer loop
      vertex -0.650561 22.1956 0
      vertex 3 26.625 0
      vertex -0.493484 22.2518 0
    endloop
  endfacet
  facet normal 0 0 -1
    outer loop
      vertex -0.801374 22.1243 0
      vertex 3 26.625 0
      vertex -0.650561 22.1956 0
    endloop
  endfacet
  facet normal 0 0 -1
    outer loop
      vertex -0.944468 22.0385 0
      vertex 3 26.625 0
      vertex -0.801374 22.1243 0
    endloop
  endfacet
  facet normal 0 0 -1
    outer loop
      vertex -1.07847 21.9391 0
      vertex 3 26.625 0
      vertex -0.944468 22.0385 0
    endloop
  endfacet
  facet normal 0 0 -1
    outer loop
      vertex -32.9215 21.9391 0
      vertex -1.07847 21.9391 0
      vertex -1.20208 21.8271 0
    endloop
  endfacet
  facet normal 0 0 -1
    outer loop
      vertex -32.7979 21.8271 0
      vertex -1.20208 21.8271 0
      vertex -1.31412 21.7035 0
    endloop
  endfacet
  facet normal 0 0 -1
    outer loop
      vertex -1.69181 20.4584 0
      vertex -32.3 20.625 0
      vertex -1.7 20.625 0
    endloop
  endfacet
  facet normal 0 0 -1
    outer loop
      vertex -1.7 20.625 0
      vertex -32.3 20.625 0
      vertex -1.69181 20.7916 0
    endloop
  endfacet
  facet normal 0 0 -1
    outer loop
      vertex -32.3082 20.7916 0
      vertex -1.69181 20.7916 0
      vertex -32.3 20.625 0
    endloop
  endfacet
  facet normal 0 0 -1
    outer loop
      vertex -1.69181 20.7916 0
      vertex -32.3082 20.7916 0
      vertex -1.66733 20.9567 0
    endloop
  endfacet
  facet normal 0 0 -1
    outer loop
      vertex -32.3327 20.9567 0
      vertex -1.66733 20.9567 0
      vertex -32.3082 20.7916 0
    endloop
  endfacet
  facet normal 0 0 -1
    outer loop
      vertex -1.66733 20.9567 0
      vertex -32.3327 20.9567 0
      vertex -1.6268 21.1185 0
    endloop
  endfacet
  facet normal 0 0 -1
    outer loop
      vertex -32.3732 21.1185 0
      vertex -1.6268 21.1185 0
      vertex -32.3327 20.9567 0
    endloop
  endfacet
  facet normal 0 0 -1
    outer loop
      vertex -1.6268 21.1185 0
      vertex -32.3732 21.1185 0
      vertex -1.57059 21.2756 0
    endloop
  endfacet
  facet normal 0 0 -1
    outer loop
      vertex -32.4294 21.2756 0
      vertex -1.57059 21.2756 0
      vertex -32.3732 21.1185 0
    endloop
  endfacet
  facet normal 0 0 -1
    outer loop
      vertex -1.57059 21.2756 0
      vertex -32.4294 21.2756 0
      vertex -1.49927 21.4264 0
    endloop
  endfacet
  facet normal 0 0 -1
    outer loop
      vertex -32.5007 21.4264 0
      vertex -1.49927 21.4264 0
      vertex -32.4294 21.2756 0
    endloop
  endfacet
  facet normal 0 0 -1
    outer loop
      vertex -1.49927 21.4264 0
      vertex -32.5007 21.4264 0
      vertex -1.4135 21.5695 0
    endloop
  endfacet
  facet normal 0 0 -1
    outer loop
      vertex -32.5865 21.5695 0
      vertex -1.4135 21.5695 0
      vertex -32.5007 21.4264 0
    endloop
  endfacet
  facet normal 0 0 -1
    outer loop
      vertex -1.4135 21.5695 0
      vertex -32.5865 21.5695 0
      vertex -1.31412 21.7035 0
    endloop
  endfacet
  facet normal 0 0 -1
    outer loop
      vertex -32.6859 21.7035 0
      vertex -1.31412 21.7035 0
      vertex -32.5865 21.5695 0
    endloop
  endfacet
  facet normal 0 0 -1
    outer loop
      vertex -32.7979 21.8271 0
      vertex -1.31412 21.7035 0
      vertex -32.6859 21.7035 0
    endloop
  endfacet
  facet normal 0 0 -1
    outer loop
      vertex -1.20208 21.8271 0
      vertex -32.7979 21.8271 0
      vertex -32.9215 21.9391 0
    endloop
  endfacet
  facet normal 0 0 -1
    outer loop
      vertex -1.07847 21.9391 0
      vertex -32.9215 21.9391 0
      vertex 3 26.625 0
    endloop
  endfacet
  facet normal 0 0 -1
    outer loop
      vertex -37 26.625 0
      vertex -32.9215 21.9391 0
      vertex -33.0555 22.0385 0
    endloop
  endfacet
  facet normal 0 0 -1
    outer loop
      vertex -37 26.625 0
      vertex -33.0555 22.0385 0
      vertex -33.1986 22.1243 0
    endloop
  endfacet
  facet normal 0 0 -1
    outer loop
      vertex -37 26.625 0
      vertex -33.1986 22.1243 0
      vertex -33.3494 22.1956 0
    endloop
  endfacet
  facet normal 0 0 -1
    outer loop
      vertex -37 26.625 0
      vertex -33.3494 22.1956 0
      vertex -33.5065 22.2518 0
    endloop
  endfacet
  facet normal 0 0 -1
    outer loop
      vertex -37 26.625 0
      vertex -33.5065 22.2518 0
      vertex -33.6683 22.2923 0
    endloop
  endfacet
  facet normal 0 0 -1
    outer loop
      vertex -37 26.625 0
      vertex -33.6683 22.2923 0
      vertex -33.8334 22.3168 0
    endloop
  endfacet
  facet normal 0 0 -1
    outer loop
      vertex -37 26.625 0
      vertex -33.8334 22.3168 0
      vertex -34 22.325 0
    endloop
  endfacet
  facet normal 0 0 -1
    outer loop
      vertex -37 26.625 0
      vertex -34 22.325 0
      vertex -34.1666 22.3168 0
    endloop
  endfacet
  facet normal 0 0 -1
    outer loop
      vertex -32.9215 21.9391 0
      vertex -37 26.625 0
      vertex 3 26.625 0
    endloop
  endfacet
  facet normal 0 0 -1
    outer loop
      vertex -34.3317 22.2923 0
      vertex -37 26.625 0
      vertex -34.1666 22.3168 0
    endloop
  endfacet
  facet normal 0 0 -1
    outer loop
      vertex -34.4935 22.2518 0
      vertex -37 26.625 0
      vertex -34.3317 22.2923 0
    endloop
  endfacet
  facet normal 0 0 -1
    outer loop
      vertex -34.6506 22.1956 0
      vertex -37 26.625 0
      vertex -34.4935 22.2518 0
    endloop
  endfacet
  facet normal 0 0 -1
    outer loop
      vertex -34.8014 22.1243 0
      vertex -37 26.625 0
      vertex -34.6506 22.1956 0
    endloop
  endfacet
  facet normal 0 0 -1
    outer loop
      vertex -34.9445 22.0385 0
      vertex -37 26.625 0
      vertex -34.8014 22.1243 0
    endloop
  endfacet
  facet normal 0 0 -1
    outer loop
      vertex -35.0785 21.9391 0
      vertex -37 26.625 0
      vertex -34.9445 22.0385 0
    endloop
  endfacet
  facet normal 0 0 -1
    outer loop
      vertex -35.2021 21.8271 0
      vertex -37 26.625 0
      vertex -35.0785 21.9391 0
    endloop
  endfacet
  facet normal 0 0 -1
    outer loop
      vertex -40 23.625 0
      vertex -35.2021 21.8271 0
      vertex -35.3141 21.7035 0
    endloop
  endfacet
  facet normal 0 0 -1
    outer loop
      vertex -40 23.625 0
      vertex -35.3141 21.7035 0
      vertex -35.4135 21.5695 0
    endloop
  endfacet
  facet normal 0 0 -1
    outer loop
      vertex -40 23.625 0
      vertex -35.4135 21.5695 0
      vertex -35.4993 21.4264 0
    endloop
  endfacet
  facet normal 0 0 -1
    outer loop
      vertex -40 23.625 0
      vertex -35.4993 21.4264 0
      vertex -35.5706 21.2756 0
    endloop
  endfacet
  facet normal 0 0 -1
    outer loop
      vertex -40 23.625 0
      vertex -35.5706 21.2756 0
      vertex -35.6268 21.1185 0
    endloop
  endfacet
  facet normal 0 0 -1
    outer loop
      vertex -40 23.625 0
      vertex -35.6268 21.1185 0
      vertex -35.6673 20.9567 0
    endloop
  endfacet
  facet normal 0 0 -1
    outer loop
      vertex -40 23.625 0
      vertex -35.6673 20.9567 0
      vertex -35.6918 20.7916 0
    endloop
  endfacet
  facet normal 0 0 -1
    outer loop
      vertex -40 23.625 0
      vertex -35.6918 20.7916 0
      vertex -35.7 20.625 0
    endloop
  endfacet
  facet normal 0 0 -1
    outer loop
      vertex -35.6673 20.2933 0
      vertex -40 23.625 0
      vertex -35.6918 20.4584 0
    endloop
  endfacet
  facet normal 0 0 -1
    outer loop
      vertex -40 -23.625 0
      vertex -37 -26.625 0
      vertex -37.294 -26.6105 0
    endloop
  endfacet
  facet normal 0 0 -1
    outer loop
      vertex -35.6918 20.4584 0
      vertex -40 23.625 0
      vertex -35.7 20.625 0
    endloop
  endfacet
  facet normal 0 0 -1
    outer loop
      vertex -40 -23.625 0
      vertex -37.294 -26.6105 0
      vertex -37.5853 -26.5674 0
    endloop
  endfacet
  facet normal 0 0 -1
    outer loop
      vertex -35.2021 21.8271 0
      vertex -40 23.625 0
      vertex -39.9424 24.2103 0
    endloop
  endfacet
  facet normal 0 0 -1
    outer loop
      vertex -40 -23.625 0
      vertex -37.5853 -26.5674 0
      vertex -37.8708 -26.4958 0
    endloop
  endfacet
  facet normal 0 0 -1
    outer loop
      vertex -35.2021 21.8271 0
      vertex -37.294 26.6105 0
      vertex -37 26.625 0
    endloop
  endfacet
  facet normal 0 0 -1
    outer loop
      vertex -40 -23.625 0
      vertex -37.8708 -26.4958 0
      vertex -38.148 -26.3966 0
    endloop
  endfacet
  facet normal 0 0 -1
    outer loop
      vertex -35.2021 21.8271 0
      vertex -37.5853 26.5674 0
      vertex -37.294 26.6105 0
    endloop
  endfacet
  facet normal 0 0 -1
    outer loop
      vertex -40 -23.625 0
      vertex -38.148 -26.3966 0
      vertex -38.4142 -26.2708 0
    endloop
  endfacet
  facet normal 0 0 -1
    outer loop
      vertex -35.2021 21.8271 0
      vertex -37.8708 26.4958 0
      vertex -37.5853 26.5674 0
    endloop
  endfacet
  facet normal 0 0 -1
    outer loop
      vertex -40 -23.625 0
      vertex -38.4142 -26.2708 0
      vertex -38.6667 -26.1194 0
    endloop
  endfacet
  facet normal 0 0 -1
    outer loop
      vertex -35.2021 21.8271 0
      vertex -38.148 26.3966 0
      vertex -37.8708 26.4958 0
    endloop
  endfacet
  facet normal 0 0 -1
    outer loop
      vertex -40 -23.625 0
      vertex -38.6667 -26.1194 0
      vertex -38.9032 -25.944 0
    endloop
  endfacet
  facet normal 0 0 -1
    outer loop
      vertex -35.2021 21.8271 0
      vertex -38.4142 26.2708 0
      vertex -38.148 26.3966 0
    endloop
  endfacet
  facet normal 0 0 -1
    outer loop
      vertex -40 -23.625 0
      vertex -38.9032 -25.944 0
      vertex -39.1213 -25.7463 0
    endloop
  endfacet
  facet normal 0 0 -1
    outer loop
      vertex -35.2021 21.8271 0
      vertex -38.6667 26.1194 0
      vertex -38.4142 26.2708 0
    endloop
  endfacet
  facet normal 0 0 -1
    outer loop
      vertex -40 -23.625 0
      vertex -39.1213 -25.7463 0
      vertex -39.319 -25.5282 0
    endloop
  endfacet
  facet normal 0 0 -1
    outer loop
      vertex -35.2021 21.8271 0
      vertex -38.9032 25.944 0
      vertex -38.6667 26.1194 0
    endloop
  endfacet
  facet normal 0 0 -1
    outer loop
      vertex -40 -23.625 0
      vertex -39.319 -25.5282 0
      vertex -39.4944 -25.2917 0
    endloop
  endfacet
  facet normal 0 0 -1
    outer loop
      vertex -35.2021 21.8271 0
      vertex -39.1213 25.7463 0
      vertex -38.9032 25.944 0
    endloop
  endfacet
  facet normal 0 0 -1
    outer loop
      vertex -40 -23.625 0
      vertex -39.4944 -25.2917 0
      vertex -39.6458 -25.0392 0
    endloop
  endfacet
  facet normal 0 0 -1
    outer loop
      vertex -35.2021 21.8271 0
      vertex -39.319 25.5282 0
      vertex -39.1213 25.7463 0
    endloop
  endfacet
  facet normal 0 0 -1
    outer loop
      vertex -40 -23.625 0
      vertex -39.6458 -25.0392 0
      vertex -39.7716 -24.773 0
    endloop
  endfacet
  facet normal 0 0 -1
    outer loop
      vertex -35.2021 21.8271 0
      vertex -39.4944 25.2917 0
      vertex -39.319 25.5282 0
    endloop
  endfacet
  facet normal 0 0 -1
    outer loop
      vertex -40 -23.625 0
      vertex -39.7716 -24.773 0
      vertex -39.8708 -24.4958 0
    endloop
  endfacet
  facet normal 0 0 -1
    outer loop
      vertex -35.2021 21.8271 0
      vertex -39.6458 25.0392 0
      vertex -39.4944 25.2917 0
    endloop
  endfacet
  facet normal 0 0 -1
    outer loop
      vertex -40 -23.625 0
      vertex -39.8708 -24.4958 0
      vertex -39.9424 -24.2103 0
    endloop
  endfacet
  facet normal 0 0 -1
    outer loop
      vertex -35.2021 21.8271 0
      vertex -39.7716 24.773 0
      vertex -39.6458 25.0392 0
    endloop
  endfacet
  facet normal 0 0 -1
    outer loop
      vertex -40 -23.625 0
      vertex -39.9424 -24.2103 0
      vertex -39.9855 -23.919 0
    endloop
  endfacet
  facet normal 0 0 -1
    outer loop
      vertex -35.2021 21.8271 0
      vertex -39.8708 24.4958 0
      vertex -39.7716 24.773 0
    endloop
  endfacet
  facet normal 0 0 -1
    outer loop
      vertex -35.2021 21.8271 0
      vertex -39.9424 24.2103 0
      vertex -39.8708 24.4958 0
    endloop
  endfacet
  facet normal 0 0 -1
    outer loop
      vertex -39.9424 24.2103 0
      vertex -40 23.625 0
      vertex -39.9855 23.919 0
    endloop
  endfacet
  facet normal -0.514246 -0.857643 0
    outer loop
      vertex -38.6667 -26.1194 0
      vertex -38.4142 -26.2708 4
      vertex -38.6667 -26.1194 4
    endloop
  endfacet
  facet normal -0.514246 -0.857643 -0
    outer loop
      vertex -38.4142 -26.2708 4
      vertex -38.6667 -26.1194 0
      vertex -38.4142 -26.2708 0
    endloop
  endfacet
  facet normal 0.707107 -2.04507e-15 0.707107
    outer loop
      vertex 2.50996 20.2057 3.2474
      vertex 5.75736 24.8032 0
      vertex 2.52258 20.3765 3.23478
    endloop
  endfacet
  facet normal 0.707107 0 0.707107
    outer loop
      vertex 5.75736 -24.8032 0
      vertex 2.52454 -20.4566 3.23282
      vertex 2.52868 -20.625 3.22868
    endloop
  endfacet
  facet normal 0.707107 4.46373e-15 0.707107
    outer loop
      vertex 2.50415 20.1269 3.25321
      vertex 5.75736 24.8032 0
      vertex 2.50996 20.2057 3.2474
    endloop
  endfacet
  facet normal 0.707107 -5.01568e-15 0.707107
    outer loop
      vertex 5.75736 -24.8032 0
      vertex 2.52258 -20.3765 3.23478
      vertex 2.52454 -20.4566 3.23282
    endloop
  endfacet
  facet normal 0.707107 -2.16681e-15 0.707107
    outer loop
      vertex 2.48243 19.9509 3.27493
      vertex 5.75736 24.8032 0
      vertex 2.50415 20.1269 3.25321
    endloop
  endfacet
  facet normal 0.707107 0 0.707107
    outer loop
      vertex 5.75736 -24.8032 0
      vertex 2.50996 -20.2057 3.2474
      vertex 2.52258 -20.3765 3.23478
    endloop
  endfacet
  facet normal 0.707107 5.07135e-15 0.707107
    outer loop
      vertex 2.47304 19.8748 3.28432
      vertex 5.75736 24.8032 0
      vertex 2.48243 19.9509 3.27493
    endloop
  endfacet
  facet normal 0.707107 -5.48064e-15 0.707107
    outer loop
      vertex 5.75736 -24.8032 0
      vertex 2.50415 -20.1269 3.25321
      vertex 2.50996 -20.2057 3.2474
    endloop
  endfacet
  facet normal 0.707107 0 0.707107
    outer loop
      vertex 2.46042 19.8021 3.29694
      vertex 5.75736 24.8032 0
      vertex 2.47304 19.8748 3.28432
    endloop
  endfacet
  facet normal 0.707107 2.66685e-15 0.707107
    outer loop
      vertex 5.75736 -24.8032 0
      vertex 2.48243 -19.9509 3.27493
      vertex 2.50415 -20.1269 3.25321
    endloop
  endfacet
  facet normal 0.707107 0 0.707107
    outer loop
      vertex 2.42863 19.619 3.32873
      vertex 5.75736 24.8032 0
      vertex 2.46042 19.8021 3.29694
    endloop
  endfacet
  facet normal 0.707107 -6.16753e-15 0.707107
    outer loop
      vertex 5.75736 -24.8032 0
      vertex 2.47304 -19.8748 3.28432
      vertex 2.48243 -19.9509 3.27493
    endloop
  endfacet
  facet normal 0.707107 -7.14729e-15 0.707107
    outer loop
      vertex 2.41343 19.5514 3.34393
      vertex 5.75736 24.8032 0
      vertex 2.42863 19.619 3.32873
    endloop
  endfacet
  facet normal 0.707107 0 0.707107
    outer loop
      vertex 5.75736 -24.8032 0
      vertex 2.46042 -19.8021 3.29694
      vertex 2.47304 -19.8748 3.28432
    endloop
  endfacet
  facet normal 0.707107 0 0.707107
    outer loop
      vertex 2.37002 19.3582 3.38734
      vertex 5.75736 24.8032 0
      vertex 2.41343 19.5514 3.34393
    endloop
  endfacet
  facet normal 0.707107 0 0.707107
    outer loop
      vertex 5.75736 -24.8032 0
      vertex 2.42863 -19.619 3.32873
      vertex 2.46042 -19.8021 3.29694
    endloop
  endfacet
  facet normal 0.707107 5.00321e-17 0.707107
    outer loop
      vertex 2.31223 19.1495 3.44513
      vertex 5.75736 24.8032 0
      vertex 2.37002 19.3582 3.38734
    endloop
  endfacet
  facet normal 0.707107 8.59017e-15 0.707107
    outer loop
      vertex 5.75736 -24.8032 0
      vertex 2.41343 -19.5514 3.34393
      vertex 2.42863 -19.619 3.32873
    endloop
  endfacet
  facet normal 0.707107 9.89612e-15 0.707107
    outer loop
      vertex 2.29599 19.0909 3.46137
      vertex 5.75736 24.8032 0
      vertex 2.31223 19.1495 3.44513
    endloop
  endfacet
  facet normal 0.707107 0 0.707107
    outer loop
      vertex 5.75736 -24.8032 0
      vertex 2.37002 -19.3582 3.38734
      vertex 2.41343 -19.5514 3.34393
    endloop
  endfacet
  facet normal 0.707346 -0.000290423 0.706867
    outer loop
      vertex 2.27832 19.0374 3.47903
      vertex 5.75736 24.8032 0
      vertex 2.29599 19.0909 3.46137
    endloop
  endfacet
  facet normal 0.707107 0 0.707107
    outer loop
      vertex 5.75736 -24.8032 0
      vertex 2.31223 -19.1495 3.44513
      vertex 2.37002 -19.3582 3.38734
    endloop
  endfacet
  facet normal 0.707046 7.19174e-05 0.707167
    outer loop
      vertex 2.20495 18.8154 3.55241
      vertex 5.75736 24.8032 0
      vertex 2.27832 19.0374 3.47903
    endloop
  endfacet
  facet normal 0.707107 -1.14117e-14 0.707107
    outer loop
      vertex 5.75736 -24.8032 0
      vertex 2.29599 -19.0909 3.46137
      vertex 2.31223 -19.1495 3.44513
    endloop
  endfacet
  facet normal 0.707107 -3.70408e-15 0.707107
    outer loop
      vertex 2.10926 18.5676 3.6481
      vertex 5.75736 24.8032 0
      vertex 2.20495 18.8154 3.55241
    endloop
  endfacet
  facet normal 0.707346 0.000290423 0.706867
    outer loop
      vertex 5.75736 -24.8032 0
      vertex 2.27832 -19.0374 3.47903
      vertex 2.29599 -19.0909 3.46137
    endloop
  endfacet
  facet normal 0.707107 1.0561e-16 0.707107
    outer loop
      vertex 2.09483 18.5302 3.66253
      vertex 5.75736 24.8032 0
      vertex 2.10926 18.5676 3.6481
    endloop
  endfacet
  facet normal 0.707046 -7.19174e-05 0.707167
    outer loop
      vertex 5.75736 -24.8032 0
      vertex 2.20495 -18.8154 3.55241
      vertex 2.27832 -19.0374 3.47903
    endloop
  endfacet
  facet normal 0.707866 -0.000887415 0.706346
    outer loop
      vertex 2.08021 18.4972 3.67714
      vertex 5.75736 24.8032 0
      vertex 2.09483 18.5302 3.66253
    endloop
  endfacet
  facet normal 0.707107 4.08726e-15 0.707107
    outer loop
      vertex 5.75736 -24.8032 0
      vertex 2.10926 -18.5676 3.6481
      vertex 2.20495 -18.8154 3.55241
    endloop
  endfacet
  facet normal 0.707103 3.5641e-06 0.707111
    outer loop
      vertex 1.96302 18.233 3.79433
      vertex 5.75736 24.8032 0
      vertex 2.08021 18.4972 3.67714
    endloop
  endfacet
  facet normal 0.707107 0 0.707107
    outer loop
      vertex 5.75736 -24.8032 0
      vertex 2.09483 -18.5302 3.66253
      vertex 2.10926 -18.5676 3.6481
    endloop
  endfacet
  facet normal 0.707106 0 0.707108
    outer loop
      vertex 5.75736 24.8032 0
      vertex 1.96302 18.233 3.79433
      vertex 5.75736 -24.8032 0
    endloop
  endfacet
  facet normal 0.707866 0.000887415 0.706346
    outer loop
      vertex 5.75736 -24.8032 0
      vertex 2.08021 -18.4972 3.67714
      vertex 2.09483 -18.5302 3.66253
    endloop
  endfacet
  facet normal 0.707106 -0 0.707108
    outer loop
      vertex 1.96302 -18.233 3.79433
      vertex 5.75736 -24.8032 0
      vertex 1.96302 18.233 3.79433
    endloop
  endfacet
  facet normal 0.707103 -3.5641e-06 0.707111
    outer loop
      vertex 5.75736 -24.8032 0
      vertex 1.96302 -18.233 3.79433
      vertex 2.08021 -18.4972 3.67714
    endloop
  endfacet
  facet normal 0.70713 0 0.707084
    outer loop
      vertex 1.80901 17.9273 3.94835
      vertex 1.96302 -18.233 3.79433
      vertex 1.96302 18.233 3.79433
    endloop
  endfacet
  facet normal 0.70713 0 0.707084
    outer loop
      vertex 1.80901 17.9273 3.94835
      vertex 1.80901 -17.9273 3.94835
      vertex 1.96302 -18.233 3.79433
    endloop
  endfacet
  facet normal 0.707107 0 0.707107
    outer loop
      vertex 1.80623 17.9218 3.95113
      vertex 1.80901 -17.9273 3.94835
      vertex 1.80901 17.9273 3.94835
    endloop
  endfacet
  facet normal 0.707107 0 0.707107
    outer loop
      vertex 1.80623 17.9218 3.95113
      vertex 1.80623 -17.9218 3.95113
      vertex 1.80901 -17.9273 3.94835
    endloop
  endfacet
  facet normal 0.707107 0 0.707107
    outer loop
      vertex 1.80357 17.9171 3.95379
      vertex 1.80623 -17.9218 3.95113
      vertex 1.80623 17.9218 3.95113
    endloop
  endfacet
  facet normal 0.707107 0 0.707107
    outer loop
      vertex 1.80357 17.9171 3.95379
      vertex 1.80357 -17.9171 3.95379
      vertex 1.80623 -17.9218 3.95113
    endloop
  endfacet
  facet normal 0.707107 0 0.707107
    outer loop
      vertex 1.75736 17.8356 4
      vertex 1.80357 -17.9171 3.95379
      vertex 1.80357 17.9171 3.95379
    endloop
  endfacet
  facet normal 0.707107 0 0.707107
    outer loop
      vertex 1.80357 -17.9171 3.95379
      vertex 1.75736 17.8356 4
      vertex 1.75736 -17.8356 4
    endloop
  endfacet
  facet normal 0.707104 6.63106e-06 0.707109
    outer loop
      vertex 1.96302 23.017 3.79433
      vertex 5.75736 24.8032 0
      vertex 5.64575 25.0392 0.111607
    endloop
  endfacet
  facet normal 0.707107 -1.92706e-15 0.707107
    outer loop
      vertex 2.52454 20.4566 3.23282
      vertex 5.75736 24.8032 0
      vertex 2.52868 20.625 3.22868
    endloop
  endfacet
  facet normal 0.707107 -4.82002e-06 0.707106
    outer loop
      vertex 1.96302 23.017 3.79433
      vertex 5.64575 25.0392 0.111607
      vertex 5.4944 25.2917 0.262959
    endloop
  endfacet
  facet normal 0.707107 4.05809e-15 0.707107
    outer loop
      vertex 2.52258 20.3765 3.23478
      vertex 5.75736 24.8032 0
      vertex 2.52454 20.4566 3.23282
    endloop
  endfacet
  facet normal 0.707107 1.01903e-07 0.707107
    outer loop
      vertex 1.80901 23.3227 3.94835
      vertex 5.4944 25.2917 0.262959
      vertex 5.31903 25.5282 0.438329
    endloop
  endfacet
  facet normal 0.707107 -1.80822e-15 0.707107
    outer loop
      vertex 2.52454 -20.7934 3.23282
      vertex 5.75736 -24.8032 0
      vertex 2.52868 -20.625 3.22868
    endloop
  endfacet
  facet normal 0.707109 -6.08023e-06 0.707105
    outer loop
      vertex 1.80901 23.3227 3.94835
      vertex 5.31903 25.5282 0.438329
      vertex 5.12131 25.7463 0.636052
    endloop
  endfacet
  facet normal 0.707107 3.80898e-15 0.707107
    outer loop
      vertex 2.52258 -20.8735 3.23478
      vertex 5.75736 -24.8032 0
      vertex 2.52454 -20.7934 3.23282
    endloop
  endfacet
  facet normal 0.707107 -2.60802e-07 0.707107
    outer loop
      vertex 1.80623 23.3282 3.95113
      vertex 5.12131 25.7463 0.636052
      vertex 4.90317 25.944 0.854192
    endloop
  endfacet
  facet normal 0.707107 -1.68687e-15 0.707107
    outer loop
      vertex 2.50996 -21.0443 3.2474
      vertex 5.75736 -24.8032 0
      vertex 2.52258 -20.8735 3.23478
    endloop
  endfacet
  facet normal 0.707105 3.48724e-06 0.707108
    outer loop
      vertex 1.80357 23.3329 3.95379
      vertex 4.90317 25.944 0.854192
      vertex 4.6667 26.1194 1.09066
    endloop
  endfacet
  facet normal 0.707107 3.68342e-15 0.707107
    outer loop
      vertex 2.50415 -21.1231 3.25321
      vertex 5.75736 -24.8032 0
      vertex 2.50996 -21.0443 3.2474
    endloop
  endfacet
  facet normal 0.707098 1.83103e-05 0.707115
    outer loop
      vertex 1.75736 23.4144 4
      vertex 4.6667 26.1194 1.09066
      vertex 4.41418 26.2708 1.34317
    endloop
  endfacet
  facet normal 0.707107 -1.56408e-15 0.707107
    outer loop
      vertex 2.48243 -21.2991 3.27493
      vertex 5.75736 -24.8032 0
      vertex 2.50415 -21.1231 3.25321
    endloop
  endfacet
  facet normal 0.707116 -1.54459e-05 0.707097
    outer loop
      vertex 1.75736 23.4144 4
      vertex 4.41418 26.2708 1.34317
      vertex 4.14804 26.3966 1.60932
    endloop
  endfacet
  facet normal 0.707107 3.66087e-15 0.707107
    outer loop
      vertex 2.47304 -21.3752 3.28432
      vertex 5.75736 -24.8032 0
      vertex 2.48243 -21.2991 3.27493
    endloop
  endfacet
  facet normal 0.707107 5.90376e-16 0.707107
    outer loop
      vertex 1.75736 23.4144 4
      vertex 4.14804 26.3966 1.60932
      vertex 3.87085 26.4958 1.88651
    endloop
  endfacet
  facet normal 0.707107 0 0.707107
    outer loop
      vertex 2.46042 -21.4479 3.29694
      vertex 5.75736 -24.8032 0
      vertex 2.47304 -21.3752 3.28432
    endloop
  endfacet
  facet normal 0.707107 -3.04484e-16 0.707107
    outer loop
      vertex 1.75736 23.4144 4
      vertex 3.87085 26.4958 1.88651
      vertex 3.58527 26.5674 2.17209
    endloop
  endfacet
  facet normal 0.707107 0 0.707107
    outer loop
      vertex 2.42863 -21.631 3.32873
      vertex 5.75736 -24.8032 0
      vertex 2.46042 -21.4479 3.29694
    endloop
  endfacet
  facet normal 0.707107 3.14954e-16 0.707107
    outer loop
      vertex 1.75736 23.4144 4
      vertex 3.58527 26.5674 2.17209
      vertex 3.29404 26.6105 2.46332
    endloop
  endfacet
  facet normal 0.707107 -3.82482e-15 0.707107
    outer loop
      vertex 2.41343 -21.6986 3.34393
      vertex 5.75736 -24.8032 0
      vertex 2.42863 -21.631 3.32873
    endloop
  endfacet
  facet normal 0.707107 0 0.707107
    outer loop
      vertex 1.75736 23.4144 4
      vertex 3.29404 26.6105 2.46332
      vertex 3 26.625 2.75736
    endloop
  endfacet
  facet normal 0.707107 0 0.707107
    outer loop
      vertex 2.37002 -21.8918 3.38734
      vertex 5.75736 -24.8032 0
      vertex 2.41343 -21.6986 3.34393
    endloop
  endfacet
  facet normal 0.707107 2.24251e-17 0.707107
    outer loop
      vertex 2.31223 -22.1005 3.44513
      vertex 5.75736 -24.8032 0
      vertex 2.37002 -21.8918 3.38734
    endloop
  endfacet
  facet normal 0.707107 0 0.707107
    outer loop
      vertex 5.75736 24.8032 0
      vertex 2.52454 20.7934 3.23282
      vertex 2.52868 20.625 3.22868
    endloop
  endfacet
  facet normal 0.707107 -4.70778e-15 0.707107
    outer loop
      vertex 5.75736 24.8032 0
      vertex 2.52258 20.8735 3.23478
      vertex 2.52454 20.7934 3.23282
    endloop
  endfacet
  facet normal 0.707107 0 0.707107
    outer loop
      vertex 5.75736 24.8032 0
      vertex 2.50996 21.0443 3.2474
      vertex 2.52258 20.8735 3.23478
    endloop
  endfacet
  facet normal 0.707107 -4.52257e-15 0.707107
    outer loop
      vertex 5.75736 24.8032 0
      vertex 2.50415 21.1231 3.25321
      vertex 2.50996 21.0443 3.2474
    endloop
  endfacet
  facet normal 0.707107 1.92503e-15 0.707107
    outer loop
      vertex 5.75736 24.8032 0
      vertex 2.48243 21.2991 3.27493
      vertex 2.50415 21.1231 3.25321
    endloop
  endfacet
  facet normal 0.707107 -4.45218e-15 0.707107
    outer loop
      vertex 5.75736 24.8032 0
      vertex 2.47304 21.3752 3.28432
      vertex 2.48243 21.2991 3.27493
    endloop
  endfacet
  facet normal 0.707107 0 0.707107
    outer loop
      vertex 5.75736 24.8032 0
      vertex 2.46042 21.4479 3.29694
      vertex 2.47304 21.3752 3.28432
    endloop
  endfacet
  facet normal 0.707107 0 0.707107
    outer loop
      vertex 5.75736 24.8032 0
      vertex 2.42863 21.631 3.32873
      vertex 2.46042 21.4479 3.29694
    endloop
  endfacet
  facet normal 0.707107 4.59697e-15 0.707107
    outer loop
      vertex 5.75736 24.8032 0
      vertex 2.41343 21.6986 3.34393
      vertex 2.42863 21.631 3.32873
    endloop
  endfacet
  facet normal 0.707107 0 0.707107
    outer loop
      vertex 5.75736 24.8032 0
      vertex 2.37002 21.8918 3.38734
      vertex 2.41343 21.6986 3.34393
    endloop
  endfacet
  facet normal 0.707107 0 0.707107
    outer loop
      vertex 5.75736 24.8032 0
      vertex 2.31223 22.1005 3.44513
      vertex 2.37002 21.8918 3.38734
    endloop
  endfacet
  facet normal 0.707107 -5.11064e-15 0.707107
    outer loop
      vertex 5.75736 24.8032 0
      vertex 2.29599 22.1591 3.46137
      vertex 2.31223 22.1005 3.44513
    endloop
  endfacet
  facet normal 0.707066 0.000105548 0.707147
    outer loop
      vertex 5.75736 24.8032 0
      vertex 2.27832 22.2126 3.47903
      vertex 2.29599 22.1591 3.46137
    endloop
  endfacet
  facet normal 0.707115 -2.60999e-05 0.707098
    outer loop
      vertex 5.75736 24.8032 0
      vertex 2.20495 22.4346 3.55241
      vertex 2.27832 22.2126 3.47903
    endloop
  endfacet
  facet normal 0.707107 1.13473e-15 0.707107
    outer loop
      vertex 5.75736 24.8032 0
      vertex 2.10926 22.6824 3.6481
      vertex 2.20495 22.4346 3.55241
    endloop
  endfacet
  facet normal 0.707107 0 0.707107
    outer loop
      vertex 5.75736 24.8032 0
      vertex 2.09483 22.7198 3.66253
      vertex 2.10926 22.6824 3.6481
    endloop
  endfacet
  facet normal 0.707058 0.000171156 0.707155
    outer loop
      vertex 5.75736 24.8032 0
      vertex 2.08021 22.7528 3.67714
      vertex 2.09483 22.7198 3.66253
    endloop
  endfacet
  facet normal 0.707106 -6.83831e-07 0.707108
    outer loop
      vertex 5.75736 24.8032 0
      vertex 1.96302 23.017 3.79433
      vertex 2.08021 22.7528 3.67714
    endloop
  endfacet
  facet normal 0.707112 -1.81489e-05 0.707102
    outer loop
      vertex 5.4944 25.2917 0.262959
      vertex 1.80901 23.3227 3.94835
      vertex 1.96302 23.017 3.79433
    endloop
  endfacet
  facet normal 0.707107 -1.57543e-07 0.707107
    outer loop
      vertex 5.12131 25.7463 0.636052
      vertex 1.80623 23.3282 3.95113
      vertex 1.80901 23.3227 3.94835
    endloop
  endfacet
  facet normal 0.707107 -1.74857e-07 0.707107
    outer loop
      vertex 4.90317 25.944 0.854192
      vertex 1.80357 23.3329 3.95379
      vertex 1.80623 23.3282 3.95113
    endloop
  endfacet
  facet normal 0.707107 -0 0.707107
    outer loop
      vertex 1.75736 23.4144 4
      vertex 3 26.625 2.75736
      vertex 1.75736 26.625 4
    endloop
  endfacet
  facet normal 0.707107 -3.46877e-15 0.707107
    outer loop
      vertex 4.6667 26.1194 1.09066
      vertex 1.75736 23.4144 4
      vertex 1.80357 23.3329 3.95379
    endloop
  endfacet
  facet normal 0.707107 4.43188e-15 0.707107
    outer loop
      vertex 2.29599 -22.1591 3.46137
      vertex 5.75736 -24.8032 0
      vertex 2.31223 -22.1005 3.44513
    endloop
  endfacet
  facet normal 0.707066 -0.000105548 0.707147
    outer loop
      vertex 2.27832 -22.2126 3.47903
      vertex 5.75736 -24.8032 0
      vertex 2.29599 -22.1591 3.46137
    endloop
  endfacet
  facet normal 0.707115 2.60999e-05 0.707098
    outer loop
      vertex 2.20495 -22.4346 3.55241
      vertex 5.75736 -24.8032 0
      vertex 2.27832 -22.2126 3.47903
    endloop
  endfacet
  facet normal 0.707107 -1.02835e-15 0.707107
    outer loop
      vertex 2.10926 -22.6824 3.6481
      vertex 5.75736 -24.8032 0
      vertex 2.20495 -22.4346 3.55241
    endloop
  endfacet
  facet normal 0.707107 2.93731e-17 0.707107
    outer loop
      vertex 2.09483 -22.7198 3.66253
      vertex 5.75736 -24.8032 0
      vertex 2.10926 -22.6824 3.6481
    endloop
  endfacet
  facet normal 0.707058 -0.000171156 0.707155
    outer loop
      vertex 2.08021 -22.7528 3.67714
      vertex 5.75736 -24.8032 0
      vertex 2.09483 -22.7198 3.66253
    endloop
  endfacet
  facet normal 0.707106 6.83831e-07 0.707108
    outer loop
      vertex 1.96302 -23.017 3.79433
      vertex 5.75736 -24.8032 0
      vertex 2.08021 -22.7528 3.67714
    endloop
  endfacet
  facet normal 0.707104 -6.63106e-06 0.707109
    outer loop
      vertex 5.75736 -24.8032 0
      vertex 1.96302 -23.017 3.79433
      vertex 5.64575 -25.0392 0.111607
    endloop
  endfacet
  facet normal 0.707107 4.82002e-06 0.707106
    outer loop
      vertex 5.64575 -25.0392 0.111607
      vertex 1.96302 -23.017 3.79433
      vertex 5.4944 -25.2917 0.262959
    endloop
  endfacet
  facet normal 0.707112 1.81489e-05 0.707102
    outer loop
      vertex 1.80901 -23.3227 3.94835
      vertex 5.4944 -25.2917 0.262959
      vertex 1.96302 -23.017 3.79433
    endloop
  endfacet
  facet normal 0.707107 -1.01903e-07 0.707107
    outer loop
      vertex 5.4944 -25.2917 0.262959
      vertex 1.80901 -23.3227 3.94835
      vertex 5.31903 -25.5282 0.438329
    endloop
  endfacet
  facet normal 0.707109 6.08023e-06 0.707105
    outer loop
      vertex 5.31903 -25.5282 0.438329
      vertex 1.80901 -23.3227 3.94835
      vertex 5.12131 -25.7463 0.636052
    endloop
  endfacet
  facet normal 0.707107 1.57543e-07 0.707107
    outer loop
      vertex 1.80623 -23.3282 3.95113
      vertex 5.12131 -25.7463 0.636052
      vertex 1.80901 -23.3227 3.94835
    endloop
  endfacet
  facet normal 0.707107 2.60802e-07 0.707107
    outer loop
      vertex 5.12131 -25.7463 0.636052
      vertex 1.80623 -23.3282 3.95113
      vertex 4.90317 -25.944 0.854192
    endloop
  endfacet
  facet normal 0.707107 1.74857e-07 0.707107
    outer loop
      vertex 1.80357 -23.3329 3.95379
      vertex 4.90317 -25.944 0.854192
      vertex 1.80623 -23.3282 3.95113
    endloop
  endfacet
  facet normal 0.707105 -3.48724e-06 0.707108
    outer loop
      vertex 4.90317 -25.944 0.854192
      vertex 1.80357 -23.3329 3.95379
      vertex 4.6667 -26.1194 1.09066
    endloop
  endfacet
  facet normal 0.707107 -5.41995e-17 0.707107
    outer loop
      vertex 1.75736 -23.4144 4
      vertex 4.6667 -26.1194 1.09066
      vertex 1.80357 -23.3329 3.95379
    endloop
  endfacet
  facet normal 0.707098 -1.83103e-05 0.707115
    outer loop
      vertex 4.6667 -26.1194 1.09066
      vertex 1.75736 -23.4144 4
      vertex 4.41418 -26.2708 1.34317
    endloop
  endfacet
  facet normal 0.707116 1.54459e-05 0.707097
    outer loop
      vertex 4.41418 -26.2708 1.34317
      vertex 1.75736 -23.4144 4
      vertex 4.14804 -26.3966 1.60932
    endloop
  endfacet
  facet normal 0.707107 -3.68985e-16 0.707107
    outer loop
      vertex 4.14804 -26.3966 1.60932
      vertex 1.75736 -23.4144 4
      vertex 3.87085 -26.4958 1.88651
    endloop
  endfacet
  facet normal 0.707107 -7.61211e-17 0.707107
    outer loop
      vertex 3.87085 -26.4958 1.88651
      vertex 1.75736 -23.4144 4
      vertex 3.58527 -26.5674 2.17209
    endloop
  endfacet
  facet normal 0.707107 0 0.707107
    outer loop
      vertex 3.58527 -26.5674 2.17209
      vertex 1.75736 -23.4144 4
      vertex 3.29404 -26.6105 2.46332
    endloop
  endfacet
  facet normal 0.707107 -4.08001e-17 0.707107
    outer loop
      vertex 3.29404 -26.6105 2.46332
      vertex 1.75736 -23.4144 4
      vertex 3 -26.625 2.75736
    endloop
  endfacet
  facet normal 0.707107 0 0.707107
    outer loop
      vertex 3 -26.625 2.75736
      vertex 1.75736 -23.4144 4
      vertex 1.75736 -26.625 4
    endloop
  endfacet
  facet normal 0.0379775 0.989176 0.141734
    outer loop
      vertex 12.4766 -11.0826 63.9262
      vertex 2.74194 -11.0394 66.2331
      vertex 2.81732 -11.0826 66.5144
    endloop
  endfacet
  facet normal 0.0379769 0.989176 0.141731
    outer loop
      vertex 2.74194 -11.0394 66.2331
      vertex 12.4766 -11.0826 63.9262
      vertex 12.4012 -11.0394 63.6449
    endloop
  endfacet
  facet normal 0.0126567 0.998804 0.0472355
    outer loop
      vertex 12.4012 -11.0394 63.6449
      vertex 2.66584 -11.025 65.949
      vertex 2.74194 -11.0394 66.2331
    endloop
  endfacet
  facet normal 0.0126567 0.998804 0.0472355
    outer loop
      vertex 2.66584 -11.025 65.949
      vertex 12.4012 -11.0394 63.6449
      vertex 12.3251 -11.025 63.3608
    endloop
  endfacet
  facet normal 0.0629526 0.969969 0.234942
    outer loop
      vertex 12.5505 -11.1542 64.202
      vertex 2.81732 -11.0826 66.5144
      vertex 2.89123 -11.1542 66.7902
    endloop
  endfacet
  facet normal 0.0629531 0.969968 0.234944
    outer loop
      vertex 2.81732 -11.0826 66.5144
      vertex 12.5505 -11.1542 64.202
      vertex 12.4766 -11.0826 63.9262
    endloop
  endfacet
  facet normal -0.0871946 -0.941543 -0.325413
    outer loop
      vertex 2.3687 -16.7966 64.8401
      vertex 12.0997 -16.8958 62.5197
      vertex 2.44044 -16.8958 65.1079
    endloop
  endfacet
  facet normal -0.0871971 -0.941539 -0.325424
    outer loop
      vertex 12.0997 -16.8958 62.5197
      vertex 2.3687 -16.7966 64.8401
      vertex 12.028 -16.7966 62.2519
    endloop
  endfacet
  facet normal 0.22198 0.514156 0.828473
    outer loop
      vertex 12.9707 -12.3583 65.7703
      vertex 3.35061 -12.6108 68.5046
      vertex 13.0099 -12.6108 65.9165
    endloop
  endfacet
  facet normal 0.222029 0.513895 0.828622
    outer loop
      vertex 3.35061 -12.6108 68.5046
      vertex 12.9707 -12.3583 65.7703
      vertex 3.31144 -12.3583 68.3585
    endloop
  endfacet
  facet normal -0.110596 -0.904104 -0.412752
    outer loop
      vertex 2.29982 -16.6708 64.583
      vertex 12.028 -16.7966 62.2519
      vertex 2.3687 -16.7966 64.8401
    endloop
  endfacet
  facet normal -0.110595 -0.904107 -0.412745
    outer loop
      vertex 12.028 -16.7966 62.2519
      vertex 2.29982 -16.6708 64.583
      vertex 11.9591 -16.6708 61.9948
    endloop
  endfacet
  facet normal 0.207895 -0.595651 0.775873
    outer loop
      vertex 3.31144 -15.6917 68.3585
      vertex 12.9253 -15.9282 65.6009
      vertex 12.9707 -15.6917 65.7703
    endloop
  endfacet
  facet normal 0.207849 -0.595857 0.775728
    outer loop
      vertex 12.9253 -15.9282 65.6009
      vertex 3.31144 -15.6917 68.3585
      vertex 3.26605 -15.9282 68.189
    endloop
  endfacet
  facet normal -0.258509 0.0489378 -0.964768
    outer loop
      vertex 11.5486 -14.025 60.4631
      vertex 1.89312 -13.7309 63.0652
      vertex 11.5524 -13.7309 60.477
    endloop
  endfacet
  facet normal -0.258511 0.0488852 -0.96477
    outer loop
      vertex 1.89312 -13.7309 63.0652
      vertex 11.5486 -14.025 60.4631
      vertex 1.88938 -14.025 63.0513
    endloop
  endfacet
  facet normal 0.0629526 -0.969969 0.234942
    outer loop
      vertex 2.81732 -16.9674 66.5144
      vertex 12.5505 -16.8958 64.202
      vertex 2.89123 -16.8958 66.7902
    endloop
  endfacet
  facet normal 0.0629531 -0.969968 0.234944
    outer loop
      vertex 12.5505 -16.8958 64.202
      vertex 2.81732 -16.9674 66.5144
      vertex 12.4766 -16.9674 63.9262
    endloop
  endfacet
  facet normal -0.221989 -0.514156 -0.828471
    outer loop
      vertex 2.02024 -15.6917 63.5396
      vertex 11.6403 -15.4392 60.8052
      vertex 11.6795 -15.6917 60.9514
    endloop
  endfacet
  facet normal -0.221991 -0.514143 -0.828478
    outer loop
      vertex 11.6403 -15.4392 60.8052
      vertex 2.02024 -15.6917 63.5396
      vertex 1.98106 -15.4392 63.3934
    endloop
  endfacet
  facet normal -0.233958 0.427661 -0.873138
    outer loop
      vertex 11.6077 -12.8769 60.6836
      vertex 1.98106 -12.6108 63.3934
      vertex 11.6403 -12.6108 60.8052
    endloop
  endfacet
  facet normal -0.23396 0.427647 -0.873144
    outer loop
      vertex 1.98106 -12.6108 63.3934
      vertex 11.6077 -12.8769 60.6836
      vertex 1.94848 -12.8769 63.2718
    endloop
  endfacet
  facet normal -0.221989 0.514156 -0.828471
    outer loop
      vertex 11.6403 -12.6108 60.8052
      vertex 2.02024 -12.3583 63.5396
      vertex 11.6795 -12.3583 60.9514
    endloop
  endfacet
  facet normal -0.221991 0.514143 -0.828478
    outer loop
      vertex 2.02024 -12.3583 63.5396
      vertex 11.6403 -12.6108 60.8052
      vertex 1.98106 -12.6108 63.3934
    endloop
  endfacet
  facet normal 0.256009 -0.146993 0.955433
    outer loop
      vertex 3.43855 -14.3191 68.8329
      vertex 13.0866 -14.6103 66.2029
      vertex 13.0978 -14.3191 66.2447
    endloop
  endfacet
  facet normal 0.25601 -0.146976 0.955436
    outer loop
      vertex 13.0866 -14.6103 66.2029
      vertex 3.43855 -14.3191 68.8329
      vertex 3.42737 -14.6103 68.7911
    endloop
  endfacet
  facet normal 0.110629 0.904046 0.412871
    outer loop
      vertex 12.6911 -11.3792 64.7268
      vertex 2.96297 -11.2534 67.058
      vertex 3.03186 -11.3792 67.315
    endloop
  endfacet
  facet normal 0.110628 0.904048 0.412867
    outer loop
      vertex 2.96297 -11.2534 67.058
      vertex 12.6911 -11.3792 64.7268
      vertex 12.6222 -11.2534 64.4698
    endloop
  endfacet
  facet normal -0.25602 -0.146672 -0.95548
    outer loop
      vertex 1.9043 -14.6103 63.1069
      vertex 11.5524 -14.3191 60.477
      vertex 11.5636 -14.6103 60.5187
    endloop
  endfacet
  facet normal -0.256021 -0.146655 -0.955482
    outer loop
      vertex 11.5524 -14.3191 60.477
      vertex 1.9043 -14.6103 63.1069
      vertex 1.89312 -14.3191 63.0652
    endloop
  endfacet
  facet normal 0.207895 0.595651 0.775873
    outer loop
      vertex 12.9253 -12.1218 65.6009
      vertex 3.31144 -12.3583 68.3585
      vertex 12.9707 -12.3583 65.7703
    endloop
  endfacet
  facet normal 0.207849 0.595857 0.775728
    outer loop
      vertex 3.31144 -12.3583 68.3585
      vertex 12.9253 -12.1218 65.6009
      vertex 3.26605 -12.1218 68.189
    endloop
  endfacet
  facet normal 0.256009 0.146993 0.955433
    outer loop
      vertex 13.0866 -13.4397 66.2029
      vertex 3.43855 -13.7309 68.8329
      vertex 13.0978 -13.7309 66.2447
    endloop
  endfacet
  facet normal 0.25601 0.146976 0.955436
    outer loop
      vertex 3.43855 -13.7309 68.8329
      vertex 13.0866 -13.4397 66.2029
      vertex 3.42737 -13.4397 68.7911
    endloop
  endfacet
  facet normal -0.173811 0.740959 -0.648667
    outer loop
      vertex 11.8325 -11.706 61.5225
      vertex 2.1168 -11.9037 63.9
      vertex 2.17326 -11.706 64.1107
    endloop
  endfacet
  facet normal -0.173817 0.740935 -0.648693
    outer loop
      vertex 2.1168 -11.9037 63.9
      vertex 11.8325 -11.706 61.5225
      vertex 11.7761 -11.9037 61.3118
    endloop
  endfacet
  facet normal -0.0629523 -0.969969 -0.23494
    outer loop
      vertex 2.44044 -16.8958 65.1079
      vertex 12.1736 -16.9674 62.7955
      vertex 2.51436 -16.9674 65.3837
    endloop
  endfacet
  facet normal -0.0629532 -0.969968 -0.234944
    outer loop
      vertex 12.1736 -16.9674 62.7955
      vertex 2.44044 -16.8958 65.1079
      vertex 12.0997 -16.8958 62.5197
    endloop
  endfacet
  facet normal 0.258509 -0.0489378 0.964769
    outer loop
      vertex 3.44229 -14.025 68.8468
      vertex 13.0978 -14.3191 66.2447
      vertex 13.1016 -14.025 66.2586
    endloop
  endfacet
  facet normal 0.258511 -0.0488852 0.964771
    outer loop
      vertex 13.0978 -14.3191 66.2447
      vertex 3.44229 -14.025 68.8468
      vertex 3.43855 -14.3191 68.8329
    endloop
  endfacet
  facet normal 0.22198 -0.514156 0.828473
    outer loop
      vertex 3.35061 -15.4392 68.5046
      vertex 12.9707 -15.6917 65.7703
      vertex 13.0099 -15.4392 65.9165
    endloop
  endfacet
  facet normal 0.222029 -0.513895 0.828622
    outer loop
      vertex 12.9707 -15.6917 65.7703
      vertex 3.35061 -15.4392 68.5046
      vertex 3.31144 -15.6917 68.3585
    endloop
  endfacet
  facet normal 0.154195 0.80316 0.575464
    outer loop
      vertex 12.8177 -11.706 65.1992
      vertex 3.09721 -11.5306 67.559
      vertex 3.15842 -11.706 67.7874
    endloop
  endfacet
  facet normal 0.154196 0.803156 0.575468
    outer loop
      vertex 3.09721 -11.5306 67.559
      vertex 12.8177 -11.706 65.1992
      vertex 12.7565 -11.5306 64.9708
    endloop
  endfacet
  facet normal 0.133058 -0.857732 0.496579
    outer loop
      vertex 3.03186 -16.6708 67.315
      vertex 12.7565 -16.5194 64.9708
      vertex 3.09721 -16.5194 67.559
    endloop
  endfacet
  facet normal 0.133054 -0.857744 0.49656
    outer loop
      vertex 12.7565 -16.5194 64.9708
      vertex 3.03186 -16.6708 67.315
      vertex 12.6911 -16.6708 64.7268
    endloop
  endfacet
  facet normal -0.0379778 0.989176 -0.141735
    outer loop
      vertex 12.249 -11.0394 63.0768
      vertex 2.51436 -11.0826 65.3837
      vertex 2.58973 -11.0394 65.665
    endloop
  endfacet
  facet normal -0.0379769 0.989176 -0.141731
    outer loop
      vertex 2.51436 -11.0826 65.3837
      vertex 12.249 -11.0394 63.0768
      vertex 12.1736 -11.0826 62.7955
    endloop
  endfacet
  facet normal -0.251064 0.242963 -0.936982
    outer loop
      vertex 11.5636 -13.4397 60.5187
      vertex 1.92281 -13.1541 63.176
      vertex 11.5821 -13.1541 60.5878
    endloop
  endfacet
  facet normal -0.251063 0.242971 -0.93698
    outer loop
      vertex 1.92281 -13.1541 63.176
      vertex 11.5636 -13.4397 60.5187
      vertex 1.9043 -13.4397 63.1069
    endloop
  endfacet
  facet normal 0.173812 -0.740955 0.648672
    outer loop
      vertex 3.15842 -16.344 67.7874
      vertex 12.8741 -16.1463 65.4099
      vertex 3.21487 -16.1463 67.9981
    endloop
  endfacet
  facet normal 0.173817 -0.740935 0.648693
    outer loop
      vertex 12.8741 -16.1463 65.4099
      vertex 3.15842 -16.344 67.7874
      vertex 12.8177 -16.344 65.1992
    endloop
  endfacet
  facet normal -0.173811 -0.740959 -0.648667
    outer loop
      vertex 2.1168 -16.1463 63.9
      vertex 11.8325 -16.344 61.5225
      vertex 2.17326 -16.344 64.1107
    endloop
  endfacet
  facet normal -0.173817 -0.740935 -0.648693
    outer loop
      vertex 11.8325 -16.344 61.5225
      vertex 2.1168 -16.1463 63.9
      vertex 11.7761 -16.1463 61.3118
    endloop
  endfacet
  facet normal -0.133095 0.857648 -0.496715
    outer loop
      vertex 11.9591 -11.3792 61.9948
      vertex 2.23446 -11.5306 64.3391
      vertex 2.29982 -11.3792 64.583
    endloop
  endfacet
  facet normal -0.133091 0.857657 -0.4967
    outer loop
      vertex 2.23446 -11.5306 64.3391
      vertex 11.9591 -11.3792 61.9948
      vertex 11.8937 -11.5306 61.7509
    endloop
  endfacet
  facet normal 0.24368 -0.337008 0.90942
    outer loop
      vertex 3.40886 -14.8959 68.722
      vertex 13.0424 -15.173 66.038
      vertex 13.0681 -14.8959 66.1338
    endloop
  endfacet
  facet normal 0.243683 -0.336985 0.909428
    outer loop
      vertex 13.0424 -15.173 66.038
      vertex 3.40886 -14.8959 68.722
      vertex 3.38319 -15.173 68.6262
    endloop
  endfacet
  facet normal -0.110596 0.904104 -0.412752
    outer loop
      vertex 12.028 -11.2534 62.2519
      vertex 2.29982 -11.3792 64.583
      vertex 2.3687 -11.2534 64.8401
    endloop
  endfacet
  facet normal -0.110595 0.904107 -0.412745
    outer loop
      vertex 2.29982 -11.3792 64.583
      vertex 12.028 -11.2534 62.2519
      vertex 11.9591 -11.3792 61.9948
    endloop
  endfacet
  facet normal -0.25602 0.146672 -0.95548
    outer loop
      vertex 11.5524 -13.7309 60.477
      vertex 1.9043 -13.4397 63.1069
      vertex 11.5636 -13.4397 60.5187
    endloop
  endfacet
  facet normal -0.256021 0.146655 -0.955482
    outer loop
      vertex 1.9043 -13.4397 63.1069
      vertex 11.5524 -13.7309 60.477
      vertex 1.89312 -13.7309 63.0652
    endloop
  endfacet
  facet normal -0.0126608 -0.998803 -0.0472505
    outer loop
      vertex 2.58973 -17.0106 65.665
      vertex 12.3251 -17.025 63.3608
      vertex 2.66584 -17.025 65.949
    endloop
  endfacet
  facet normal -0.0126609 -0.998803 -0.0472509
    outer loop
      vertex 12.3251 -17.025 63.3608
      vertex 2.58973 -17.0106 65.665
      vertex 12.249 -17.0106 63.0768
    endloop
  endfacet
  facet normal 0.0871948 0.941543 0.325413
    outer loop
      vertex 12.6222 -11.2534 64.4698
      vertex 2.89123 -11.1542 66.7902
      vertex 2.96297 -11.2534 67.058
    endloop
  endfacet
  facet normal 0.0871974 0.941539 0.325424
    outer loop
      vertex 2.89123 -11.1542 66.7902
      vertex 12.6222 -11.2534 64.4698
      vertex 12.5505 -11.1542 64.202
    endloop
  endfacet
  facet normal 0.0126567 -0.998804 0.0472355
    outer loop
      vertex 2.66584 -17.025 65.949
      vertex 12.4012 -17.0106 63.6449
      vertex 2.74194 -17.0106 66.2331
    endloop
  endfacet
  facet normal 0.0126567 -0.998804 0.0472355
    outer loop
      vertex 12.4012 -17.0106 63.6449
      vertex 2.66584 -17.025 65.949
      vertex 12.3251 -17.025 63.3608
    endloop
  endfacet
  facet normal 0.251065 0.242963 0.936982
    outer loop
      vertex 13.0681 -13.1541 66.1338
      vertex 3.42737 -13.4397 68.7911
      vertex 13.0866 -13.4397 66.2029
    endloop
  endfacet
  facet normal 0.251064 0.242971 0.93698
    outer loop
      vertex 3.42737 -13.4397 68.7911
      vertex 13.0681 -13.1541 66.1338
      vertex 3.40886 -13.1541 68.722
    endloop
  endfacet
  facet normal -0.233974 -0.42753 -0.873198
    outer loop
      vertex 1.98106 -15.4392 63.3934
      vertex 11.6077 -15.173 60.6836
      vertex 11.6403 -15.4392 60.8052
    endloop
  endfacet
  facet normal -0.233976 -0.427515 -0.873204
    outer loop
      vertex 11.6077 -15.173 60.6836
      vertex 1.98106 -15.4392 63.3934
      vertex 1.94848 -15.173 63.2718
    endloop
  endfacet
  facet normal -0.258509 -0.0489378 -0.964768
    outer loop
      vertex 1.89312 -14.3191 63.0652
      vertex 11.5486 -14.025 60.4631
      vertex 11.5524 -14.3191 60.477
    endloop
  endfacet
  facet normal -0.258511 -0.0488852 -0.96477
    outer loop
      vertex 11.5486 -14.025 60.4631
      vertex 1.89312 -14.3191 63.0652
      vertex 1.88938 -14.025 63.0513
    endloop
  endfacet
  facet normal 0.24369 0.336901 0.909458
    outer loop
      vertex 13.0424 -12.8769 66.038
      vertex 3.40886 -13.1541 68.722
      vertex 13.0681 -13.1541 66.1338
    endloop
  endfacet
  facet normal 0.243693 0.336877 0.909466
    outer loop
      vertex 3.40886 -13.1541 68.722
      vertex 13.0424 -12.8769 66.038
      vertex 3.38319 -12.8769 68.6262
    endloop
  endfacet
  facet normal -0.191742 -0.671688 -0.715591
    outer loop
      vertex 2.1168 -16.1463 63.9
      vertex 11.7249 -15.9282 61.1208
      vertex 11.7761 -16.1463 61.3118
    endloop
  endfacet
  facet normal -0.191746 -0.671673 -0.715604
    outer loop
      vertex 11.7249 -15.9282 61.1208
      vertex 2.1168 -16.1463 63.9
      vertex 2.06563 -15.9282 63.709
    endloop
  endfacet
  facet normal -0.0871946 0.941543 -0.325413
    outer loop
      vertex 12.0997 -11.1542 62.5197
      vertex 2.3687 -11.2534 64.8401
      vertex 2.44044 -11.1542 65.1079
    endloop
  endfacet
  facet normal -0.0871971 0.941539 -0.325424
    outer loop
      vertex 2.3687 -11.2534 64.8401
      vertex 12.0997 -11.1542 62.5197
      vertex 12.028 -11.2534 62.2519
    endloop
  endfacet
  facet normal -0.154197 0.803156 -0.575468
    outer loop
      vertex 11.8937 -11.5306 61.7509
      vertex 2.17326 -11.706 64.1107
      vertex 2.23446 -11.5306 64.3391
    endloop
  endfacet
  facet normal -0.154197 0.803156 -0.575468
    outer loop
      vertex 2.17326 -11.706 64.1107
      vertex 11.8937 -11.5306 61.7509
      vertex 11.8325 -11.706 61.5225
    endloop
  endfacet
  facet normal 0.234 0.427321 0.873293
    outer loop
      vertex 13.0099 -12.6108 65.9165
      vertex 3.38319 -12.8769 68.6262
      vertex 13.0424 -12.8769 66.038
    endloop
  endfacet
  facet normal 0.23395 0.427647 0.873147
    outer loop
      vertex 3.38319 -12.8769 68.6262
      vertex 13.0099 -12.6108 65.9165
      vertex 3.35061 -12.6108 68.5046
    endloop
  endfacet
  facet normal 0.191736 0.671688 0.715593
    outer loop
      vertex 12.8741 -11.9037 65.4099
      vertex 3.26605 -12.1218 68.189
      vertex 12.9253 -12.1218 65.6009
    endloop
  endfacet
  facet normal 0.191788 0.671498 0.715757
    outer loop
      vertex 3.26605 -12.1218 68.189
      vertex 12.8741 -11.9037 65.4099
      vertex 3.21487 -11.9037 67.9981
    endloop
  endfacet
  facet normal 0.133058 0.857732 0.496579
    outer loop
      vertex 12.7565 -11.5306 64.9708
      vertex 3.03186 -11.3792 67.315
      vertex 3.09721 -11.5306 67.559
    endloop
  endfacet
  facet normal 0.133054 0.857744 0.49656
    outer loop
      vertex 3.03186 -11.3792 67.315
      vertex 12.7565 -11.5306 64.9708
      vertex 12.6911 -11.3792 64.7268
    endloop
  endfacet
  facet normal -0.0126608 0.998803 -0.0472505
    outer loop
      vertex 12.3251 -11.025 63.3608
      vertex 2.58973 -11.0394 65.665
      vertex 2.66584 -11.025 65.949
    endloop
  endfacet
  facet normal -0.0126609 0.998803 -0.0472509
    outer loop
      vertex 2.58973 -11.0394 65.665
      vertex 12.3251 -11.025 63.3608
      vertex 12.249 -11.0394 63.0768
    endloop
  endfacet
  facet normal 0.258509 0.0489378 0.964769
    outer loop
      vertex 13.0978 -13.7309 66.2447
      vertex 3.44229 -14.025 68.8468
      vertex 13.1016 -14.025 66.2586
    endloop
  endfacet
  facet normal 0.258511 0.0488852 0.964771
    outer loop
      vertex 3.44229 -14.025 68.8468
      vertex 13.0978 -13.7309 66.2447
      vertex 3.43855 -13.7309 68.8329
    endloop
  endfacet
  facet normal -0.251064 -0.242963 -0.936982
    outer loop
      vertex 1.92281 -14.8959 63.176
      vertex 11.5636 -14.6103 60.5187
      vertex 11.5821 -14.8959 60.5878
    endloop
  endfacet
  facet normal -0.251063 -0.242971 -0.93698
    outer loop
      vertex 11.5636 -14.6103 60.5187
      vertex 1.92281 -14.8959 63.176
      vertex 1.9043 -14.6103 63.1069
    endloop
  endfacet
  facet normal 0.191736 -0.671688 0.715593
    outer loop
      vertex 3.26605 -15.9282 68.189
      vertex 12.8741 -16.1463 65.4099
      vertex 12.9253 -15.9282 65.6009
    endloop
  endfacet
  facet normal 0.191788 -0.671498 0.715757
    outer loop
      vertex 12.8741 -16.1463 65.4099
      vertex 3.26605 -15.9282 68.189
      vertex 3.21487 -16.1463 67.9981
    endloop
  endfacet
  facet normal 0.234016 -0.42719 0.873353
    outer loop
      vertex 3.38319 -15.173 68.6262
      vertex 13.0099 -15.4392 65.9165
      vertex 13.0424 -15.173 66.038
    endloop
  endfacet
  facet normal 0.233966 -0.427515 0.873207
    outer loop
      vertex 13.0099 -15.4392 65.9165
      vertex 3.38319 -15.173 68.6262
      vertex 3.35061 -15.4392 68.5046
    endloop
  endfacet
  facet normal 0.0871948 -0.941543 0.325413
    outer loop
      vertex 2.89123 -16.8958 66.7902
      vertex 12.6222 -16.7966 64.4698
      vertex 2.96297 -16.7966 67.058
    endloop
  endfacet
  facet normal 0.0871974 -0.941539 0.325424
    outer loop
      vertex 12.6222 -16.7966 64.4698
      vertex 2.89123 -16.8958 66.7902
      vertex 12.5505 -16.8958 64.202
    endloop
  endfacet
  facet normal 0.965947 0 -0.258742
    outer loop
      vertex 12.3251 -12.975 63.3608
      vertex 12.3251 -11.025 63.3608
      vertex 12.4012 -11.0394 63.6449
    endloop
  endfacet
  facet normal 0.965903 -9.60857e-06 -0.258903
    outer loop
      vertex 12.3517 -12.9801 63.4603
      vertex 12.4012 -11.0394 63.6449
      vertex 12.4766 -11.0826 63.9262
    endloop
  endfacet
  facet normal 0.965924 0 -0.258827
    outer loop
      vertex 12.3251 -11.025 63.3608
      vertex 12.3251 -12.975 63.3608
      vertex 12.249 -11.0394 63.0768
    endloop
  endfacet
  facet normal 0.965925 -1.40404e-05 -0.258821
    outer loop
      vertex 12.3781 -12.9952 63.5587
      vertex 12.4766 -11.0826 63.9262
      vertex 12.5505 -11.1542 64.202
    endloop
  endfacet
  facet normal 0.966008 4.95345e-05 -0.258512
    outer loop
      vertex 12.2985 -12.9801 63.2614
      vertex 12.249 -11.0394 63.0768
      vertex 12.3251 -12.975 63.3608
    endloop
  endfacet
  facet normal 0.965971 -5.98297e-05 -0.258649
    outer loop
      vertex 12.404 -13.0202 63.6553
      vertex 12.5505 -11.1542 64.202
      vertex 12.6222 -11.2534 64.4698
    endloop
  endfacet
  facet normal 0.965903 9.60857e-06 -0.258903
    outer loop
      vertex 12.249 -11.0394 63.0768
      vertex 12.2985 -12.9801 63.2614
      vertex 12.1736 -11.0826 62.7955
    endloop
  endfacet
  facet normal 0.965899 6.3537e-05 -0.25892
    outer loop
      vertex 12.4291 -13.0549 63.749
      vertex 12.6222 -11.2534 64.4698
      vertex 12.6911 -11.3792 64.7268
    endloop
  endfacet
  facet normal 0.965845 -4.78563e-05 -0.259122
    outer loop
      vertex 12.2721 -12.9952 63.163
      vertex 12.1736 -11.0826 62.7955
      vertex 12.2985 -12.9801 63.2614
    endloop
  endfacet
  facet normal 0.965911 3.67147e-05 -0.258873
    outer loop
      vertex 12.4532 -13.099 63.8389
      vertex 12.6911 -11.3792 64.7268
      vertex 12.7565 -11.5306 64.9708
    endloop
  endfacet
  facet normal 0.965925 1.40404e-05 -0.258821
    outer loop
      vertex 12.1736 -11.0826 62.7955
      vertex 12.2721 -12.9952 63.163
      vertex 12.0997 -11.1542 62.5197
    endloop
  endfacet
  facet normal 0.965926 4.25515e-06 -0.258818
    outer loop
      vertex 12.4761 -13.152 63.9243
      vertex 12.7565 -11.5306 64.9708
      vertex 12.8177 -11.706 65.1992
    endloop
  endfacet
  facet normal 0.965888 -3.80033e-05 -0.25896
    outer loop
      vertex 12.2462 -13.0202 63.0664
      vertex 12.0997 -11.1542 62.5197
      vertex 12.2721 -12.9952 63.163
    endloop
  endfacet
  facet normal 0.965961 -0.000128686 -0.258688
    outer loop
      vertex 12.4975 -13.2133 64.0043
      vertex 12.8177 -11.706 65.1992
      vertex 12.8741 -11.9037 65.4099
    endloop
  endfacet
  facet normal 0.965971 5.98297e-05 -0.258649
    outer loop
      vertex 12.0997 -11.1542 62.5197
      vertex 12.2462 -13.0202 63.0664
      vertex 12.028 -11.2534 62.2519
    endloop
  endfacet
  facet normal 0.965921 7.75753e-05 -0.258839
    outer loop
      vertex 12.5173 -13.2825 64.078
      vertex 12.8741 -11.9037 65.4099
      vertex 12.9253 -12.1218 65.6009
    endloop
  endfacet
  facet normal 0.965943 6.92763e-06 -0.258756
    outer loop
      vertex 12.2211 -13.0549 62.9727
      vertex 12.028 -11.2534 62.2519
      vertex 12.2462 -13.0202 63.0664
    endloop
  endfacet
  facet normal 0.965924 3.3935e-05 -0.258825
    outer loop
      vertex 12.5352 -13.3589 64.1449
      vertex 12.9253 -12.1218 65.6009
      vertex 12.9707 -12.3583 65.7703
    endloop
  endfacet
  facet normal 0.96592 -2.98404e-05 -0.258841
    outer loop
      vertex 12.028 -11.2534 62.2519
      vertex 12.2211 -13.0549 62.9727
      vertex 11.9591 -11.3792 61.9948
    endloop
  endfacet
  facet normal 0.96592 8.63621e-05 -0.258839
    outer loop
      vertex 12.5511 -13.4417 64.2041
      vertex 12.9707 -12.3583 65.7703
      vertex 13.0099 -12.6108 65.9165
    endloop
  endfacet
  facet normal 0.96596 6.28073e-05 -0.258693
    outer loop
      vertex 12.197 -13.099 62.8827
      vertex 11.9591 -11.3792 61.9948
      vertex 12.2211 -13.0549 62.9727
    endloop
  endfacet
  facet normal 0.96595 -0.000158134 -0.258728
    outer loop
      vertex 12.5648 -13.53 64.2553
      vertex 13.0099 -12.6108 65.9165
      vertex 13.0424 -12.8769 66.038
    endloop
  endfacet
  facet normal 0.965891 -7.82113e-05 -0.258948
    outer loop
      vertex 11.9591 -11.3792 61.9948
      vertex 12.197 -13.099 62.8827
      vertex 11.8937 -11.5306 61.7509
    endloop
  endfacet
  facet normal 0.965838 -0.000232924 -0.259148
    outer loop
      vertex 12.1741 -13.152 62.7974
      vertex 11.8937 -11.5306 61.7509
      vertex 12.197 -13.099 62.8827
    endloop
  endfacet
  facet normal 0.966073 -7.41329e-05 -0.25827
    outer loop
      vertex 12.4012 -11.0394 63.6449
      vertex 12.3517 -12.9801 63.4603
      vertex 12.3251 -12.975 63.3608
    endloop
  endfacet
  facet normal 0.965845 4.78563e-05 -0.259122
    outer loop
      vertex 12.4766 -11.0826 63.9262
      vertex 12.3781 -12.9952 63.5587
      vertex 12.3517 -12.9801 63.4603
    endloop
  endfacet
  facet normal 0.965888 3.80033e-05 -0.25896
    outer loop
      vertex 12.5505 -11.1542 64.202
      vertex 12.404 -13.0202 63.6553
      vertex 12.3781 -12.9952 63.5587
    endloop
  endfacet
  facet normal 0.965943 -6.92763e-06 -0.258756
    outer loop
      vertex 12.6222 -11.2534 64.4698
      vertex 12.4291 -13.0549 63.749
      vertex 12.404 -13.0202 63.6553
    endloop
  endfacet
  facet normal 0.965902 5.57309e-05 -0.258907
    outer loop
      vertex 12.6911 -11.3792 64.7268
      vertex 12.4532 -13.099 63.8389
      vertex 12.4291 -13.0549 63.749
    endloop
  endfacet
  facet normal 0.965892 9.30868e-05 -0.258946
    outer loop
      vertex 12.7565 -11.5306 64.9708
      vertex 12.4761 -13.152 63.9243
      vertex 12.4532 -13.099 63.8389
    endloop
  endfacet
  facet normal 0.965923 0.000102217 -0.25883
    outer loop
      vertex 12.5762 -13.6232 64.2979
      vertex 13.0424 -12.8769 66.038
      vertex 13.0681 -13.1541 66.1338
    endloop
  endfacet
  facet normal 0.965991 -0.000224963 -0.258575
    outer loop
      vertex 12.8177 -11.706 65.1992
      vertex 12.4975 -13.2133 64.0043
      vertex 12.4761 -13.152 63.9243
    endloop
  endfacet
  facet normal 0.965843 0.0003761 -0.259127
    outer loop
      vertex 12.8741 -11.9037 65.4099
      vertex 12.5173 -13.2825 64.078
      vertex 12.4975 -13.2133 64.0043
    endloop
  endfacet
  facet normal 0.965969 -0.000175716 -0.258659
    outer loop
      vertex 12.9253 -12.1218 65.6009
      vertex 12.5352 -13.3589 64.1449
      vertex 12.5173 -13.2825 64.078
    endloop
  endfacet
  facet normal 0.965936 -4.1837e-05 -0.258781
    outer loop
      vertex 12.5852 -13.7202 64.3314
      vertex 13.0681 -13.1541 66.1338
      vertex 13.0866 -13.4397 66.2029
    endloop
  endfacet
  facet normal 0.965882 0.000310268 -0.258984
    outer loop
      vertex 12.9707 -12.3583 65.7703
      vertex 12.5511 -13.4417 64.2041
      vertex 12.5352 -13.3589 64.1449
    endloop
  endfacet
  facet normal 0.965949 -0.000152959 -0.258731
    outer loop
      vertex 13.0099 -12.6108 65.9165
      vertex 12.5648 -13.53 64.2553
      vertex 12.5511 -13.4417 64.2041
    endloop
  endfacet
  facet normal 0.965946 -0.000114438 -0.258743
    outer loop
      vertex 13.0424 -12.8769 66.038
      vertex 12.5762 -13.6232 64.2979
      vertex 12.5648 -13.53 64.2553
    endloop
  endfacet
  facet normal 0.965915 0.000221546 -0.258858
    outer loop
      vertex 13.0681 -13.1541 66.1338
      vertex 12.5852 -13.7202 64.3314
      vertex 12.5762 -13.6232 64.2979
    endloop
  endfacet
  facet normal 0.965924 -2.16263e-06 -0.258827
    outer loop
      vertex 12.5916 -13.8202 64.3556
      vertex 13.0866 -13.4397 66.2029
      vertex 13.0978 -13.7309 66.2447
    endloop
  endfacet
  facet normal 0.965963 -0.000778397 -0.258678
    outer loop
      vertex 13.0866 -13.4397 66.2029
      vertex 12.5916 -13.8202 64.3556
      vertex 12.5852 -13.7202 64.3314
    endloop
  endfacet
  facet normal 0.965925 -0.000114783 -0.258822
    outer loop
      vertex 13.0978 -13.7309 66.2447
      vertex 12.5955 -13.9221 64.3702
      vertex 12.5916 -13.8202 64.3556
    endloop
  endfacet
  facet normal 0.965916 0.000246087 -0.258857
    outer loop
      vertex 13.1016 -14.025 66.2586
      vertex 12.5955 -13.9221 64.3702
      vertex 13.0978 -13.7309 66.2447
    endloop
  endfacet
  facet normal 0.965923 0.000816697 -0.258827
    outer loop
      vertex 13.1016 -14.025 66.2586
      vertex 12.5969 -14.025 64.3751
      vertex 12.5955 -13.9221 64.3702
    endloop
  endfacet
  facet normal 0.965923 -0.000816697 -0.258827
    outer loop
      vertex 13.1016 -14.025 66.2586
      vertex 12.5955 -14.1279 64.3702
      vertex 12.5969 -14.025 64.3751
    endloop
  endfacet
  facet normal 0.965916 -0.000246087 -0.258857
    outer loop
      vertex 13.0978 -14.3191 66.2447
      vertex 12.5955 -14.1279 64.3702
      vertex 13.1016 -14.025 66.2586
    endloop
  endfacet
  facet normal 0.965925 0.000114783 -0.258822
    outer loop
      vertex 12.5955 -14.1279 64.3702
      vertex 13.0978 -14.3191 66.2447
      vertex 12.5916 -14.2298 64.3556
    endloop
  endfacet
  facet normal 0.965924 2.16263e-06 -0.258827
    outer loop
      vertex 13.0866 -14.6103 66.2029
      vertex 12.5916 -14.2298 64.3556
      vertex 13.0978 -14.3191 66.2447
    endloop
  endfacet
  facet normal 0.965963 0.000778397 -0.258678
    outer loop
      vertex 12.5916 -14.2298 64.3556
      vertex 13.0866 -14.6103 66.2029
      vertex 12.5852 -14.3298 64.3314
    endloop
  endfacet
  facet normal 0.965936 4.1837e-05 -0.258781
    outer loop
      vertex 13.0681 -14.8959 66.1338
      vertex 12.5852 -14.3298 64.3314
      vertex 13.0866 -14.6103 66.2029
    endloop
  endfacet
  facet normal 0.965915 -0.000221546 -0.258858
    outer loop
      vertex 12.5852 -14.3298 64.3314
      vertex 13.0681 -14.8959 66.1338
      vertex 12.5762 -14.4268 64.2979
    endloop
  endfacet
  facet normal 0.965923 -0.00010225 -0.25883
    outer loop
      vertex 13.0424 -15.173 66.038
      vertex 12.5762 -14.4268 64.2979
      vertex 13.0681 -14.8959 66.1338
    endloop
  endfacet
  facet normal 0.965946 0.00011444 -0.258743
    outer loop
      vertex 12.5762 -14.4268 64.2979
      vertex 13.0424 -15.173 66.038
      vertex 12.5648 -14.52 64.2553
    endloop
  endfacet
  facet normal 0.96595 0.000158087 -0.258728
    outer loop
      vertex 13.0099 -15.4392 65.9165
      vertex 12.5648 -14.52 64.2553
      vertex 13.0424 -15.173 66.038
    endloop
  endfacet
  facet normal 0.965949 0.000152959 -0.258731
    outer loop
      vertex 12.5648 -14.52 64.2553
      vertex 13.0099 -15.4392 65.9165
      vertex 12.5511 -14.6083 64.2041
    endloop
  endfacet
  facet normal 0.96592 -8.63621e-05 -0.258839
    outer loop
      vertex 12.9707 -15.6917 65.7703
      vertex 12.5511 -14.6083 64.2041
      vertex 13.0099 -15.4392 65.9165
    endloop
  endfacet
  facet normal 0.965882 -0.000310268 -0.258984
    outer loop
      vertex 12.5511 -14.6083 64.2041
      vertex 12.9707 -15.6917 65.7703
      vertex 12.5352 -14.6911 64.1449
    endloop
  endfacet
  facet normal 0.965924 -3.3935e-05 -0.258825
    outer loop
      vertex 12.9253 -15.9282 65.6009
      vertex 12.5352 -14.6911 64.1449
      vertex 12.9707 -15.6917 65.7703
    endloop
  endfacet
  facet normal 0.965969 0.000175716 -0.258659
    outer loop
      vertex 12.5352 -14.6911 64.1449
      vertex 12.9253 -15.9282 65.6009
      vertex 12.5173 -14.7675 64.078
    endloop
  endfacet
  facet normal 0.965921 -7.75753e-05 -0.258839
    outer loop
      vertex 12.8741 -16.1463 65.4099
      vertex 12.5173 -14.7675 64.078
      vertex 12.9253 -15.9282 65.6009
    endloop
  endfacet
  facet normal 0.965843 -0.0003761 -0.259127
    outer loop
      vertex 12.5173 -14.7675 64.078
      vertex 12.8741 -16.1463 65.4099
      vertex 12.4975 -14.8367 64.0043
    endloop
  endfacet
  facet normal 0.965961 0.000128686 -0.258688
    outer loop
      vertex 12.8177 -16.344 65.1992
      vertex 12.4975 -14.8367 64.0043
      vertex 12.8741 -16.1463 65.4099
    endloop
  endfacet
  facet normal 0.965926 -4.25515e-06 -0.258818
    outer loop
      vertex 12.7565 -16.5194 64.9708
      vertex 12.4761 -14.898 63.9243
      vertex 12.8177 -16.344 65.1992
    endloop
  endfacet
  facet normal 0.965991 0.000224963 -0.258575
    outer loop
      vertex 12.4975 -14.8367 64.0043
      vertex 12.8177 -16.344 65.1992
      vertex 12.4761 -14.898 63.9243
    endloop
  endfacet
  facet normal 0.965926 -4.25515e-06 -0.258818
    outer loop
      vertex 11.8937 -11.5306 61.7509
      vertex 12.1741 -13.152 62.7974
      vertex 11.8325 -11.706 61.5225
    endloop
  endfacet
  facet normal 0.965991 0.000224963 -0.258575
    outer loop
      vertex 12.1527 -13.2133 62.7174
      vertex 11.8325 -11.706 61.5225
      vertex 12.1741 -13.152 62.7974
    endloop
  endfacet
  facet normal 0.965961 0.000128686 -0.258688
    outer loop
      vertex 11.8325 -11.706 61.5225
      vertex 12.1527 -13.2133 62.7174
      vertex 11.7761 -11.9037 61.3118
    endloop
  endfacet
  facet normal 0.965843 -0.0003761 -0.259127
    outer loop
      vertex 12.1329 -13.2825 62.6437
      vertex 11.7761 -11.9037 61.3118
      vertex 12.1527 -13.2133 62.7174
    endloop
  endfacet
  facet normal 0.965921 -7.75753e-05 -0.258839
    outer loop
      vertex 11.7761 -11.9037 61.3118
      vertex 12.1329 -13.2825 62.6437
      vertex 11.7249 -12.1218 61.1208
    endloop
  endfacet
  facet normal 0.965969 0.000175716 -0.258659
    outer loop
      vertex 12.115 -13.3589 62.5768
      vertex 11.7249 -12.1218 61.1208
      vertex 12.1329 -13.2825 62.6437
    endloop
  endfacet
  facet normal 0.965924 -3.3935e-05 -0.258825
    outer loop
      vertex 11.7249 -12.1218 61.1208
      vertex 12.115 -13.3589 62.5768
      vertex 11.6795 -12.3583 60.9514
    endloop
  endfacet
  facet normal 0.965882 -0.000310268 -0.258984
    outer loop
      vertex 12.0991 -13.4417 62.5176
      vertex 11.6795 -12.3583 60.9514
      vertex 12.115 -13.3589 62.5768
    endloop
  endfacet
  facet normal 0.96592 -8.63621e-05 -0.258839
    outer loop
      vertex 11.6795 -12.3583 60.9514
      vertex 12.0991 -13.4417 62.5176
      vertex 11.6403 -12.6108 60.8052
    endloop
  endfacet
  facet normal 0.965949 0.000152959 -0.258731
    outer loop
      vertex 12.0854 -13.53 62.4664
      vertex 11.6403 -12.6108 60.8052
      vertex 12.0991 -13.4417 62.5176
    endloop
  endfacet
  facet normal 0.965921 -5.39975e-05 -0.258838
    outer loop
      vertex 11.6403 -12.6108 60.8052
      vertex 12.0854 -13.53 62.4664
      vertex 11.6077 -12.8769 60.6836
    endloop
  endfacet
  facet normal 0.965938 0.000129968 -0.258775
    outer loop
      vertex 12.074 -13.6232 62.4238
      vertex 11.6077 -12.8769 60.6836
      vertex 12.0854 -13.53 62.4664
    endloop
  endfacet
  facet normal 0.965947 0.000213496 -0.258741
    outer loop
      vertex 11.6077 -12.8769 60.6836
      vertex 12.074 -13.6232 62.4238
      vertex 11.5821 -13.1541 60.5878
    endloop
  endfacet
  facet normal 0.965919 -0.000226021 -0.258846
    outer loop
      vertex 12.065 -13.7202 62.3903
      vertex 11.5821 -13.1541 60.5878
      vertex 12.074 -13.6232 62.4238
    endloop
  endfacet
  facet normal 0.965939 3.86089e-05 -0.258769
    outer loop
      vertex 11.5821 -13.1541 60.5878
      vertex 12.065 -13.7202 62.3903
      vertex 11.5636 -13.4397 60.5187
    endloop
  endfacet
  facet normal 0.965967 0.000775172 -0.258665
    outer loop
      vertex 12.0586 -13.8202 62.3661
      vertex 11.5636 -13.4397 60.5187
      vertex 12.065 -13.7202 62.3903
    endloop
  endfacet
  facet normal 0.965923 -8.61226e-05 -0.258831
    outer loop
      vertex 11.5636 -13.4397 60.5187
      vertex 12.0586 -13.8202 62.3661
      vertex 11.5524 -13.7309 60.477
    endloop
  endfacet
  facet normal 0.965914 -0.000826745 -0.258864
    outer loop
      vertex 12.0546 -13.9221 62.3515
      vertex 11.5524 -13.7309 60.477
      vertex 12.0586 -13.8202 62.3661
    endloop
  endfacet
  facet normal 0.965938 0.000119258 -0.258774
    outer loop
      vertex 12.0533 -14.025 62.3466
      vertex 11.5524 -13.7309 60.477
      vertex 12.0546 -13.9221 62.3515
    endloop
  endfacet
  facet normal 0.965924 -0.000247559 -0.258828
    outer loop
      vertex 12.0533 -14.025 62.3466
      vertex 11.5486 -14.025 60.4631
      vertex 11.5524 -13.7309 60.477
    endloop
  endfacet
  facet normal 0.965924 -0.000122004 -0.258828
    outer loop
      vertex 12.0546 -14.1279 62.3515
      vertex 11.5486 -14.025 60.4631
      vertex 12.0533 -14.025 62.3466
    endloop
  endfacet
  facet normal 0.965914 0.000826745 -0.258864
    outer loop
      vertex 11.5524 -14.3191 60.477
      vertex 12.0546 -14.1279 62.3515
      vertex 12.0586 -14.2298 62.3661
    endloop
  endfacet
  facet normal 0.965929 0.000248514 -0.258809
    outer loop
      vertex 12.0546 -14.1279 62.3515
      vertex 11.5524 -14.3191 60.477
      vertex 11.5486 -14.025 60.4631
    endloop
  endfacet
  facet normal 0.965967 -0.000775172 -0.258665
    outer loop
      vertex 11.5636 -14.6103 60.5187
      vertex 12.0586 -14.2298 62.3661
      vertex 12.065 -14.3298 62.3903
    endloop
  endfacet
  facet normal 0.965919 0.000226021 -0.258846
    outer loop
      vertex 11.5821 -14.8959 60.5878
      vertex 12.065 -14.3298 62.3903
      vertex 12.074 -14.4268 62.4238
    endloop
  endfacet
  facet normal 0.965938 -0.00012997 -0.258775
    outer loop
      vertex 11.6077 -15.173 60.6836
      vertex 12.074 -14.4268 62.4238
      vertex 12.0854 -14.52 62.4664
    endloop
  endfacet
  facet normal 0.965949 -0.000152959 -0.258731
    outer loop
      vertex 11.6403 -15.4392 60.8052
      vertex 12.0854 -14.52 62.4664
      vertex 12.0991 -14.6083 62.5176
    endloop
  endfacet
  facet normal 0.965923 8.61226e-05 -0.258831
    outer loop
      vertex 12.0586 -14.2298 62.3661
      vertex 11.5636 -14.6103 60.5187
      vertex 11.5524 -14.3191 60.477
    endloop
  endfacet
  facet normal 0.965882 0.000310268 -0.258984
    outer loop
      vertex 11.6795 -15.6917 60.9514
      vertex 12.0991 -14.6083 62.5176
      vertex 12.115 -14.6911 62.5768
    endloop
  endfacet
  facet normal 0.965969 -0.000175716 -0.258659
    outer loop
      vertex 11.7249 -15.9282 61.1208
      vertex 12.115 -14.6911 62.5768
      vertex 12.1329 -14.7675 62.6437
    endloop
  endfacet
  facet normal 0.965843 0.0003761 -0.259127
    outer loop
      vertex 11.7761 -16.1463 61.3118
      vertex 12.1329 -14.7675 62.6437
      vertex 12.1527 -14.8367 62.7174
    endloop
  endfacet
  facet normal 0.965939 -3.86089e-05 -0.258769
    outer loop
      vertex 12.065 -14.3298 62.3903
      vertex 11.5821 -14.8959 60.5878
      vertex 11.5636 -14.6103 60.5187
    endloop
  endfacet
  facet normal 0.965991 -0.000224963 -0.258575
    outer loop
      vertex 11.8325 -16.344 61.5225
      vertex 12.1527 -14.8367 62.7174
      vertex 12.1741 -14.898 62.7974
    endloop
  endfacet
  facet normal 0.965838 0.000232924 -0.259148
    outer loop
      vertex 11.8937 -16.5194 61.7509
      vertex 12.1741 -14.898 62.7974
      vertex 12.197 -14.951 62.8827
    endloop
  endfacet
  facet normal 0.96596 -6.28073e-05 -0.258693
    outer loop
      vertex 11.9591 -16.6708 61.9948
      vertex 12.197 -14.951 62.8827
      vertex 12.2211 -14.9951 62.9727
    endloop
  endfacet
  facet normal 0.965943 -6.92763e-06 -0.258756
    outer loop
      vertex 12.028 -16.7966 62.2519
      vertex 12.2211 -14.9951 62.9727
      vertex 12.2462 -15.0298 63.0664
    endloop
  endfacet
  facet normal 0.965888 3.80033e-05 -0.25896
    outer loop
      vertex 12.0997 -16.8958 62.5197
      vertex 12.2462 -15.0298 63.0664
      vertex 12.2721 -15.0548 63.163
    endloop
  endfacet
  facet normal 0.965845 4.78563e-05 -0.259122
    outer loop
      vertex 12.1736 -16.9674 62.7955
      vertex 12.2721 -15.0548 63.163
      vertex 12.2985 -15.0699 63.2614
    endloop
  endfacet
  facet normal 0.965947 -0.000213567 -0.258741
    outer loop
      vertex 12.074 -14.4268 62.4238
      vertex 11.6077 -15.173 60.6836
      vertex 11.5821 -14.8959 60.5878
    endloop
  endfacet
  facet normal 0.966008 -4.95345e-05 -0.258512
    outer loop
      vertex 12.249 -17.0106 63.0768
      vertex 12.2985 -15.0699 63.2614
      vertex 12.3251 -15.075 63.3608
    endloop
  endfacet
  facet normal 0.965892 -9.30868e-05 -0.258946
    outer loop
      vertex 12.4761 -14.898 63.9243
      vertex 12.7565 -16.5194 64.9708
      vertex 12.4532 -14.951 63.8389
    endloop
  endfacet
  facet normal 0.965911 -3.67147e-05 -0.258873
    outer loop
      vertex 12.6911 -16.6708 64.7268
      vertex 12.4532 -14.951 63.8389
      vertex 12.7565 -16.5194 64.9708
    endloop
  endfacet
  facet normal 0.965921 5.39813e-05 -0.258838
    outer loop
      vertex 12.0854 -14.52 62.4664
      vertex 11.6403 -15.4392 60.8052
      vertex 11.6077 -15.173 60.6836
    endloop
  endfacet
  facet normal 0.965902 -5.57309e-05 -0.258907
    outer loop
      vertex 12.4532 -14.951 63.8389
      vertex 12.6911 -16.6708 64.7268
      vertex 12.4291 -14.9951 63.749
    endloop
  endfacet
  facet normal 0.96592 8.63621e-05 -0.258839
    outer loop
      vertex 12.0991 -14.6083 62.5176
      vertex 11.6795 -15.6917 60.9514
      vertex 11.6403 -15.4392 60.8052
    endloop
  endfacet
  facet normal 0.965899 -6.3537e-05 -0.25892
    outer loop
      vertex 12.6222 -16.7966 64.4698
      vertex 12.4291 -14.9951 63.749
      vertex 12.6911 -16.6708 64.7268
    endloop
  endfacet
  facet normal 0.965924 3.3935e-05 -0.258825
    outer loop
      vertex 12.115 -14.6911 62.5768
      vertex 11.7249 -15.9282 61.1208
      vertex 11.6795 -15.6917 60.9514
    endloop
  endfacet
  facet normal 0.965943 6.92763e-06 -0.258756
    outer loop
      vertex 12.4291 -14.9951 63.749
      vertex 12.6222 -16.7966 64.4698
      vertex 12.404 -15.0298 63.6553
    endloop
  endfacet
  facet normal 0.965921 7.75753e-05 -0.258839
    outer loop
      vertex 12.1329 -14.7675 62.6437
      vertex 11.7761 -16.1463 61.3118
      vertex 11.7249 -15.9282 61.1208
    endloop
  endfacet
  facet normal 0.965971 5.98297e-05 -0.258649
    outer loop
      vertex 12.5505 -16.8958 64.202
      vertex 12.404 -15.0298 63.6553
      vertex 12.6222 -16.7966 64.4698
    endloop
  endfacet
  facet normal 0.965961 -0.000128686 -0.258688
    outer loop
      vertex 12.1527 -14.8367 62.7174
      vertex 11.8325 -16.344 61.5225
      vertex 11.7761 -16.1463 61.3118
    endloop
  endfacet
  facet normal 0.965888 -3.80033e-05 -0.25896
    outer loop
      vertex 12.404 -15.0298 63.6553
      vertex 12.5505 -16.8958 64.202
      vertex 12.3781 -15.0548 63.5587
    endloop
  endfacet
  facet normal 0.965926 4.25515e-06 -0.258818
    outer loop
      vertex 12.1741 -14.898 62.7974
      vertex 11.8937 -16.5194 61.7509
      vertex 11.8325 -16.344 61.5225
    endloop
  endfacet
  facet normal 0.965925 1.40404e-05 -0.258821
    outer loop
      vertex 12.4766 -16.9674 63.9262
      vertex 12.3781 -15.0548 63.5587
      vertex 12.5505 -16.8958 64.202
    endloop
  endfacet
  facet normal 0.965891 7.82113e-05 -0.258948
    outer loop
      vertex 12.197 -14.951 62.8827
      vertex 11.9591 -16.6708 61.9948
      vertex 11.8937 -16.5194 61.7509
    endloop
  endfacet
  facet normal 0.965845 -4.78563e-05 -0.259122
    outer loop
      vertex 12.3781 -15.0548 63.5587
      vertex 12.4766 -16.9674 63.9262
      vertex 12.3517 -15.0699 63.4603
    endloop
  endfacet
  facet normal 0.96592 2.98404e-05 -0.258841
    outer loop
      vertex 12.2211 -14.9951 62.9727
      vertex 12.028 -16.7966 62.2519
      vertex 11.9591 -16.6708 61.9948
    endloop
  endfacet
  facet normal 0.965903 9.60857e-06 -0.258903
    outer loop
      vertex 12.4012 -17.0106 63.6449
      vertex 12.3517 -15.0699 63.4603
      vertex 12.4766 -16.9674 63.9262
    endloop
  endfacet
  facet normal 0.965971 -5.98297e-05 -0.258649
    outer loop
      vertex 12.2462 -15.0298 63.0664
      vertex 12.0997 -16.8958 62.5197
      vertex 12.028 -16.7966 62.2519
    endloop
  endfacet
  facet normal 0.966073 7.41329e-05 -0.25827
    outer loop
      vertex 12.3517 -15.0699 63.4603
      vertex 12.4012 -17.0106 63.6449
      vertex 12.3251 -15.075 63.3608
    endloop
  endfacet
  facet normal 0.965925 -1.40404e-05 -0.258821
    outer loop
      vertex 12.2721 -15.0548 63.163
      vertex 12.1736 -16.9674 62.7955
      vertex 12.0997 -16.8958 62.5197
    endloop
  endfacet
  facet normal 0.965947 0 -0.258742
    outer loop
      vertex 12.3251 -17.025 63.3608
      vertex 12.3251 -15.075 63.3608
      vertex 12.4012 -17.0106 63.6449
    endloop
  endfacet
  facet normal 0.965903 -9.60857e-06 -0.258903
    outer loop
      vertex 12.2985 -15.0699 63.2614
      vertex 12.249 -17.0106 63.0768
      vertex 12.1736 -16.9674 62.7955
    endloop
  endfacet
  facet normal 0.965924 0 -0.258827
    outer loop
      vertex 12.3251 -15.075 63.3608
      vertex 12.3251 -17.025 63.3608
      vertex 12.249 -17.0106 63.0768
    endloop
  endfacet
  facet normal -0.243697 0.336823 -0.909484
    outer loop
      vertex 11.5821 -13.1541 60.5878
      vertex 1.94848 -12.8769 63.2718
      vertex 11.6077 -12.8769 60.6836
    endloop
  endfacet
  facet normal -0.243691 0.336877 -0.909466
    outer loop
      vertex 1.94848 -12.8769 63.2718
      vertex 11.5821 -13.1541 60.5878
      vertex 1.92281 -13.1541 63.176
    endloop
  endfacet
  facet normal 0.251065 -0.242963 0.936982
    outer loop
      vertex 3.42737 -14.6103 68.7911
      vertex 13.0681 -14.8959 66.1338
      vertex 13.0866 -14.6103 66.2029
    endloop
  endfacet
  facet normal 0.251064 -0.242971 0.93698
    outer loop
      vertex 13.0681 -14.8959 66.1338
      vertex 3.42737 -14.6103 68.7911
      vertex 3.40886 -14.8959 68.722
    endloop
  endfacet
  facet normal -0.207895 0.595651 -0.775874
    outer loop
      vertex 11.6795 -12.3583 60.9514
      vertex 2.06563 -12.1218 63.709
      vertex 11.7249 -12.1218 61.1208
    endloop
  endfacet
  facet normal -0.207896 0.595645 -0.775878
    outer loop
      vertex 2.06563 -12.1218 63.709
      vertex 11.6795 -12.3583 60.9514
      vertex 2.02024 -12.3583 63.5396
    endloop
  endfacet
  facet normal -0.0629523 0.969969 -0.23494
    outer loop
      vertex 12.1736 -11.0826 62.7955
      vertex 2.44044 -11.1542 65.1079
      vertex 2.51436 -11.0826 65.3837
    endloop
  endfacet
  facet normal -0.0629532 0.969968 -0.234944
    outer loop
      vertex 2.44044 -11.1542 65.1079
      vertex 12.1736 -11.0826 62.7955
      vertex 12.0997 -11.1542 62.5197
    endloop
  endfacet
  facet normal -0.243688 -0.336931 -0.909447
    outer loop
      vertex 1.94848 -15.173 63.2718
      vertex 11.5821 -14.8959 60.5878
      vertex 11.6077 -15.173 60.6836
    endloop
  endfacet
  facet normal -0.243681 -0.336985 -0.909429
    outer loop
      vertex 11.5821 -14.8959 60.5878
      vertex 1.94848 -15.173 63.2718
      vertex 1.92281 -14.8959 63.176
    endloop
  endfacet
  facet normal 0.154195 -0.80316 0.575464
    outer loop
      vertex 3.09721 -16.5194 67.559
      vertex 12.8177 -16.344 65.1992
      vertex 3.15842 -16.344 67.7874
    endloop
  endfacet
  facet normal 0.154196 -0.803156 0.575468
    outer loop
      vertex 12.8177 -16.344 65.1992
      vertex 3.09721 -16.5194 67.559
      vertex 12.7565 -16.5194 64.9708
    endloop
  endfacet
  facet normal -0.154197 -0.803156 -0.575468
    outer loop
      vertex 2.17326 -16.344 64.1107
      vertex 11.8937 -16.5194 61.7509
      vertex 2.23446 -16.5194 64.3391
    endloop
  endfacet
  facet normal -0.154197 -0.803156 -0.575468
    outer loop
      vertex 11.8937 -16.5194 61.7509
      vertex 2.17326 -16.344 64.1107
      vertex 11.8325 -16.344 61.5225
    endloop
  endfacet
  facet normal -0.0379778 -0.989176 -0.141735
    outer loop
      vertex 2.51436 -16.9674 65.3837
      vertex 12.249 -17.0106 63.0768
      vertex 2.58973 -17.0106 65.665
    endloop
  endfacet
  facet normal -0.0379769 -0.989176 -0.141731
    outer loop
      vertex 12.249 -17.0106 63.0768
      vertex 2.51436 -16.9674 65.3837
      vertex 12.1736 -16.9674 62.7955
    endloop
  endfacet
  facet normal -0.207895 -0.595651 -0.775874
    outer loop
      vertex 2.06563 -15.9282 63.709
      vertex 11.6795 -15.6917 60.9514
      vertex 11.7249 -15.9282 61.1208
    endloop
  endfacet
  facet normal -0.207896 -0.595645 -0.775878
    outer loop
      vertex 11.6795 -15.6917 60.9514
      vertex 2.06563 -15.9282 63.709
      vertex 2.02024 -15.6917 63.5396
    endloop
  endfacet
  facet normal 0.173812 0.740955 0.648672
    outer loop
      vertex 12.8741 -11.9037 65.4099
      vertex 3.15842 -11.706 67.7874
      vertex 3.21487 -11.9037 67.9981
    endloop
  endfacet
  facet normal 0.173817 0.740935 0.648693
    outer loop
      vertex 3.15842 -11.706 67.7874
      vertex 12.8741 -11.9037 65.4099
      vertex 12.8177 -11.706 65.1992
    endloop
  endfacet
  facet normal 0.110629 -0.904046 0.412871
    outer loop
      vertex 2.96297 -16.7966 67.058
      vertex 12.6911 -16.6708 64.7268
      vertex 3.03186 -16.6708 67.315
    endloop
  endfacet
  facet normal 0.110628 -0.904048 0.412867
    outer loop
      vertex 12.6911 -16.6708 64.7268
      vertex 2.96297 -16.7966 67.058
      vertex 12.6222 -16.7966 64.4698
    endloop
  endfacet
  facet normal 0.0379775 -0.989176 0.141734
    outer loop
      vertex 2.74194 -17.0106 66.2331
      vertex 12.4766 -16.9674 63.9262
      vertex 2.81732 -16.9674 66.5144
    endloop
  endfacet
  facet normal 0.0379769 -0.989176 0.141731
    outer loop
      vertex 12.4766 -16.9674 63.9262
      vertex 2.74194 -17.0106 66.2331
      vertex 12.4012 -17.0106 63.6449
    endloop
  endfacet
  facet normal -0.133095 -0.857648 -0.496715
    outer loop
      vertex 2.23446 -16.5194 64.3391
      vertex 11.9591 -16.6708 61.9948
      vertex 2.29982 -16.6708 64.583
    endloop
  endfacet
  facet normal -0.133091 -0.857657 -0.4967
    outer loop
      vertex 11.9591 -16.6708 61.9948
      vertex 2.23446 -16.5194 64.3391
      vertex 11.8937 -16.5194 61.7509
    endloop
  endfacet
  facet normal -0.191742 0.671688 -0.715591
    outer loop
      vertex 11.7249 -12.1218 61.1208
      vertex 2.1168 -11.9037 63.9
      vertex 11.7761 -11.9037 61.3118
    endloop
  endfacet
  facet normal -0.191746 0.671673 -0.715604
    outer loop
      vertex 2.1168 -11.9037 63.9
      vertex 11.7249 -12.1218 61.1208
      vertex 2.06563 -12.1218 63.709
    endloop
  endfacet
  facet normal 0.96593 6.48277e-06 -0.258805
    outer loop
      vertex 6.08225 19.125 78.6993
      vertex 5.4352 21.625 76.2844
      vertex 5.49862 21.613 76.5211
    endloop
  endfacet
  facet normal 0.965926 -6.39107e-06 -0.25882
    outer loop
      vertex 5.4352 21.625 76.2844
      vertex -0.992819 19.8764 52.2948
      vertex -5.4352 21.625 35.7156
    endloop
  endfacet
  facet normal 0.965922 -1.8887e-05 -0.258832
    outer loop
      vertex 6.08225 19.125 78.6993
      vertex 5.49862 21.613 76.5211
      vertex 5.56143 21.577 76.7555
    endloop
  endfacet
  facet normal 0.96593 0.000160146 -0.258803
    outer loop
      vertex -1.15918 19.8902 51.6739
      vertex -5.4352 21.625 35.7156
      vertex -0.992819 19.8764 52.2948
    endloop
  endfacet
  facet normal 0.965927 -3.37029e-06 -0.258814
    outer loop
      vertex 6.08225 19.125 78.6993
      vertex 5.56143 21.577 76.7555
      vertex 5.62303 21.5173 76.9854
    endloop
  endfacet
  facet normal 0.965927 3.23179e-05 -0.258816
    outer loop
      vertex -1.33648 19.895 51.0122
      vertex -5.4352 21.625 35.7156
      vertex -1.15918 19.8902 51.6739
    endloop
  endfacet
  facet normal 0.965924 -1.22171e-05 -0.258825
    outer loop
      vertex 6.08225 19.125 78.6993
      vertex 5.62303 21.5173 76.9854
      vertex 5.68281 21.4347 77.2085
    endloop
  endfacet
  facet normal 0.965926 1.2343e-05 -0.258818
    outer loop
      vertex -6.05028 19.895 33.42
      vertex -5.4352 21.625 35.7156
      vertex -1.33648 19.895 51.0122
    endloop
  endfacet
  facet normal 0.96596 8.00878e-05 -0.258692
    outer loop
      vertex 6.08225 19.125 78.6993
      vertex 5.68281 21.4347 77.2085
      vertex 5.74021 21.3298 77.4228
    endloop
  endfacet
  facet normal 0.965922 3.05875e-05 -0.258834
    outer loop
      vertex -5.49862 21.613 35.4789
      vertex -6.05028 19.895 33.42
      vertex -5.56143 21.577 35.2445
    endloop
  endfacet
  facet normal 0.965884 -9.56534e-05 -0.258975
    outer loop
      vertex 6.08225 19.125 78.6993
      vertex 5.74021 21.3298 77.4228
      vertex 5.79468 21.2037 77.626
    endloop
  endfacet
  facet normal 0.965927 8.98919e-06 -0.258815
    outer loop
      vertex -5.56143 21.577 35.2445
      vertex -6.05028 19.895 33.42
      vertex -5.62303 21.5173 35.0146
    endloop
  endfacet
  facet normal 0.96596 6.07718e-05 -0.258693
    outer loop
      vertex 6.08225 19.125 78.6993
      vertex 5.79468 21.2037 77.626
      vertex 5.84568 21.0575 77.8164
    endloop
  endfacet
  facet normal 0.965923 2.39696e-05 -0.258829
    outer loop
      vertex -5.62303 21.5173 35.0146
      vertex -6.05028 19.895 33.42
      vertex -5.68281 21.4347 34.7915
    endloop
  endfacet
  facet normal 0.96593 6.21097e-06 -0.258804
    outer loop
      vertex 6.08225 19.125 78.6993
      vertex 5.84568 21.0575 77.8164
      vertex 5.89273 20.8928 77.992
    endloop
  endfacet
  facet normal 0.965966 -0.000128325 -0.25867
    outer loop
      vertex -5.68281 21.4347 34.7915
      vertex -6.05028 19.895 33.42
      vertex -5.74021 21.3298 34.5772
    endloop
  endfacet
  facet normal 0.9659 -4.20094e-05 -0.258916
    outer loop
      vertex 6.08225 19.125 78.6993
      vertex 5.89273 20.8928 77.992
      vertex 5.93537 20.711 78.1511
    endloop
  endfacet
  facet normal 0.965872 0.000175494 -0.259021
    outer loop
      vertex -5.74021 21.3298 34.5772
      vertex -6.05028 19.895 33.42
      vertex -5.79468 21.2037 34.374
    endloop
  endfacet
  facet normal 0.965936 8.75146e-06 -0.258779
    outer loop
      vertex 6.08225 19.125 78.6993
      vertex 5.93537 20.711 78.1511
      vertex 5.9732 20.5139 78.2923
    endloop
  endfacet
  facet normal 0.965969 -0.000107778 -0.258659
    outer loop
      vertex -5.79468 21.2037 34.374
      vertex -6.05028 19.895 33.42
      vertex -5.84568 21.0575 34.1836
    endloop
  endfacet
  facet normal 0.965907 -2.53227e-05 -0.258888
    outer loop
      vertex 6.08225 19.125 78.6993
      vertex 5.9732 20.5139 78.2923
      vertex 6.00584 20.3035 78.4141
    endloop
  endfacet
  facet normal 0.965879 0.000113909 -0.258993
    outer loop
      vertex -5.89273 20.8928 34.008
      vertex -6.05028 19.895 33.42
      vertex -5.93537 20.711 33.8489
    endloop
  endfacet
  facet normal 0.965883 -4.89957e-05 -0.258979
    outer loop
      vertex 6.08225 19.125 78.6993
      vertex 6.00584 20.3035 78.4141
      vertex 6.03299 20.0817 78.5154
    endloop
  endfacet
  facet normal 0.965933 -1.57405e-07 -0.258791
    outer loop
      vertex -5.93537 20.711 33.8489
      vertex -6.05028 19.895 33.42
      vertex -5.9732 20.5139 33.7077
    endloop
  endfacet
  facet normal 0.965857 0.00014205 -0.259076
    outer loop
      vertex -5.9732 20.5139 33.7077
      vertex -6.05028 19.895 33.42
      vertex -6.00584 20.3035 33.5859
    endloop
  endfacet
  facet normal 0.96593 -4.68359e-06 -0.258805
    outer loop
      vertex -5.84568 21.0575 34.1836
      vertex -6.05028 19.895 33.42
      vertex -5.89273 20.8928 34.008
    endloop
  endfacet
  facet normal 0.96593 -6.28199e-06 -0.258805
    outer loop
      vertex -5.4352 21.625 35.7156
      vertex -6.05028 19.895 33.42
      vertex -5.49862 21.613 35.4789
    endloop
  endfacet
  facet normal 0.965925 4.15534e-05 -0.258823
    outer loop
      vertex 5.4352 21.625 76.2844
      vertex -0.837941 19.8543 52.8728
      vertex -0.992819 19.8764 52.2948
    endloop
  endfacet
  facet normal 0.965962 1.17761e-05 -0.258684
    outer loop
      vertex 6.08225 19.125 78.6993
      vertex 6.03299 20.0817 78.5154
      vertex 6.05439 19.8507 78.5953
    endloop
  endfacet
  facet normal 0.965925 1.34247e-05 -0.258821
    outer loop
      vertex 5.4352 21.625 76.2844
      vertex -0.794506 19.846 53.0349
      vertex -0.837941 19.8543 52.8728
    endloop
  endfacet
  facet normal 0.965922 0.000207003 -0.258835
    outer loop
      vertex 5.4352 21.625 76.2844
      vertex -0.65095 19.8164 53.5706
      vertex -0.794506 19.846 53.0349
    endloop
  endfacet
  facet normal 0.965926 -2.24222e-06 -0.258819
    outer loop
      vertex 5.4352 21.625 76.2844
      vertex -0.519387 19.78 54.0616
      vertex -0.65095 19.8164 53.5706
    endloop
  endfacet
  facet normal 0.965929 -0.000161103 -0.258807
    outer loop
      vertex 5.4352 21.625 76.2844
      vertex -0.399868 19.7376 54.5077
      vertex -0.519387 19.78 54.0616
    endloop
  endfacet
  facet normal 0.965921 0.000203486 -0.258836
    outer loop
      vertex 5.4352 21.625 76.2844
      vertex -0.292349 19.6896 54.9089
      vertex -0.399868 19.7376 54.5077
    endloop
  endfacet
  facet normal 0.965928 -0.000103091 -0.25881
    outer loop
      vertex 5.4352 21.625 76.2844
      vertex -0.196727 19.6368 55.2658
      vertex -0.292349 19.6896 54.9089
    endloop
  endfacet
  facet normal 0.96577 -9.84216e-05 -0.259402
    outer loop
      vertex 6.08225 19.125 78.6993
      vertex 6.05439 19.8507 78.5953
      vertex 6.06981 19.6127 78.6528
    endloop
  endfacet
  facet normal 0.96592 0.000233387 -0.25884
    outer loop
      vertex 5.4352 21.625 76.2844
      vertex -0.151755 19.6111 55.4336
      vertex -0.196727 19.6368 55.2658
    endloop
  endfacet
  facet normal 0.965932 -0.000242656 -0.258797
    outer loop
      vertex 5.4352 21.625 76.2844
      vertex -0.0676142 19.5537 55.7477
      vertex -0.151755 19.6111 55.4336
    endloop
  endfacet
  facet normal 0.965923 0.00010788 -0.25883
    outer loop
      vertex 5.4352 21.625 76.2844
      vertex 0.00487624 19.4924 56.0182
      vertex -0.0676142 19.5537 55.7477
    endloop
  endfacet
  facet normal 0.965929 -0.000134862 -0.258806
    outer loop
      vertex 5.4352 21.625 76.2844
      vertex 0.0494814 19.4492 56.1847
      vertex 0.00487624 19.4924 56.0182
    endloop
  endfacet
  facet normal 0.965924 7.30143e-05 -0.258827
    outer loop
      vertex 5.4352 21.625 76.2844
      vertex 0.110688 19.3843 56.4131
      vertex 0.0494814 19.4492 56.1847
    endloop
  endfacet
  facet normal 0.965819 -7.94884e-05 -0.259216
    outer loop
      vertex 6.08225 19.125 78.6993
      vertex 6.06981 19.6127 78.6528
      vertex 6.07913 19.37 78.6876
    endloop
  endfacet
  facet normal 0.965923 7.94498e-05 -0.258828
    outer loop
      vertex 5.4352 21.625 76.2844
      vertex 0.160534 19.3162 56.5991
      vertex 0.110688 19.3843 56.4131
    endloop
  endfacet
  facet normal 0.965929 -0.000121293 -0.258806
    outer loop
      vertex 5.4352 21.625 76.2844
      vertex 0.204173 19.2559 56.762
      vertex 0.160534 19.3162 56.5991
    endloop
  endfacet
  facet normal 0.965921 0.000145702 -0.258836
    outer loop
      vertex 5.4352 21.625 76.2844
      vertex 0.246068 19.1793 56.9183
      vertex 0.204173 19.2559 56.762
    endloop
  endfacet
  facet normal 0.965927 -2.77846e-06 -0.258814
    outer loop
      vertex 5.4352 21.625 76.2844
      vertex 6.08225 19.125 78.6993
      vertex 4.4555 6.21736 72.6282
    endloop
  endfacet
  facet normal 0.965927 -5.00865e-05 -0.258813
    outer loop
      vertex 5.4352 21.625 76.2844
      vertex 0.284916 19.1081 57.0633
      vertex 0.246068 19.1793 56.9183
    endloop
  endfacet
  facet normal 0.965928 -7.67713e-05 -0.25881
    outer loop
      vertex 5.4352 21.625 76.2844
      vertex 0.324778 19.0158 57.2121
      vertex 0.284916 19.1081 57.0633
    endloop
  endfacet
  facet normal 0.965923 7.89285e-05 -0.25883
    outer loop
      vertex 5.4352 21.625 76.2844
      vertex 0.352518 18.9421 57.3156
      vertex 0.324778 19.0158 57.2121
    endloop
  endfacet
  facet normal 0.965926 -2.10117e-05 -0.258817
    outer loop
      vertex 5.4352 21.625 76.2844
      vertex 0.389921 18.8349 57.4552
      vertex 0.352518 18.9421 57.3156
    endloop
  endfacet
  facet normal 0.965928 -7.54375e-05 -0.258809
    outer loop
      vertex 5.4352 21.625 76.2844
      vertex 0.424422 18.7141 57.584
      vertex 0.389921 18.8349 57.4552
    endloop
  endfacet
  facet normal 0.965925 1.40214e-05 -0.258822
    outer loop
      vertex 5.4352 21.625 76.2844
      vertex 0.455694 18.5808 57.7007
      vertex 0.424422 18.7141 57.584
    endloop
  endfacet
  facet normal 0.965922 9.95628e-05 -0.258835
    outer loop
      vertex 5.4352 21.625 76.2844
      vertex 0.472423 18.5046 57.7631
      vertex 0.455694 18.5808 57.7007
    endloop
  endfacet
  facet normal 0.965923 6.80083e-05 -0.25883
    outer loop
      vertex 5.4352 21.625 76.2844
      vertex 0.500194 18.36 57.8667
      vertex 0.472423 18.5046 57.7631
    endloop
  endfacet
  facet normal 0.96593 -8.7562e-05 -0.258804
    outer loop
      vertex 5.4352 21.625 76.2844
      vertex 0.52416 18.2055 57.9562
      vertex 0.500194 18.36 57.8667
    endloop
  endfacet
  facet normal 0.965927 -2.44522e-05 -0.258815
    outer loop
      vertex 5.4352 21.625 76.2844
      vertex 0.544091 18.0426 58.0306
      vertex 0.52416 18.2055 57.9562
    endloop
  endfacet
  facet normal 0.965924 2.73052e-05 -0.258825
    outer loop
      vertex 5.4352 21.625 76.2844
      vertex 0.559798 17.873 58.0892
      vertex 0.544091 18.0426 58.0306
    endloop
  endfacet
  facet normal 0.965922 6.87842e-05 -0.258833
    outer loop
      vertex 5.4352 21.625 76.2844
      vertex 0.565404 17.7952 58.1101
      vertex 0.559798 17.873 58.0892
    endloop
  endfacet
  facet normal 0.965926 -1.192e-05 -0.258817
    outer loop
      vertex 5.4352 21.625 76.2844
      vertex 0.576736 17.6204 58.1524
      vertex 0.565404 17.7952 58.1101
    endloop
  endfacet
  facet normal 0.965923 5.40287e-05 -0.258831
    outer loop
      vertex 5.4352 21.625 76.2844
      vertex 0.583579 17.4422 58.1779
      vertex 0.576736 17.6204 58.1524
    endloop
  endfacet
  facet normal 0.965931 -8.68475e-05 -0.2588
    outer loop
      vertex 5.4352 21.625 76.2844
      vertex 0.585867 17.2622 58.1865
      vertex 0.583579 17.4422 58.1779
    endloop
  endfacet
  facet normal 0.965938 -2.10354e-05 -0.258772
    outer loop
      vertex 4.53087 6.26055 72.9094
      vertex 6.08225 19.125 78.6993
      vertex 4.60698 6.275 73.1935
    endloop
  endfacet
  facet normal 0.965924 3.80779e-06 -0.258827
    outer loop
      vertex 6.08225 19.125 78.6993
      vertex 4.68308 6.26055 73.4775
      vertex 4.60698 6.275 73.1935
    endloop
  endfacet
  facet normal 0.965921 8.23205e-06 -0.258837
    outer loop
      vertex 6.08225 19.125 78.6993
      vertex 4.75846 6.21736 73.7588
      vertex 4.68308 6.26055 73.4775
    endloop
  endfacet
  facet normal 0.96594 -2.00622e-05 -0.258768
    outer loop
      vertex 6.08225 19.125 78.6993
      vertex 4.83237 6.14582 74.0347
      vertex 4.75846 6.21736 73.7588
    endloop
  endfacet
  facet normal 0.96591 2.26132e-05 -0.258879
    outer loop
      vertex 6.08225 19.125 78.6993
      vertex 4.90412 6.04664 74.3024
      vertex 4.83237 6.14582 74.0347
    endloop
  endfacet
  facet normal 0.965934 -9.55863e-06 -0.258789
    outer loop
      vertex 6.08225 19.125 78.6993
      vertex 4.973 5.92076 74.5595
      vertex 4.90412 6.04664 74.3024
    endloop
  endfacet
  facet normal 0.96592 7.84698e-06 -0.258841
    outer loop
      vertex 6.08225 19.125 78.6993
      vertex 5.03836 5.76941 74.8034
      vertex 4.973 5.92076 74.5595
    endloop
  endfacet
  facet normal 0.965926 1.19108e-06 -0.25882
    outer loop
      vertex 6.08225 19.125 78.6993
      vertex 5.09956 5.59403 75.0318
      vertex 5.03836 5.76941 74.8034
    endloop
  endfacet
  facet normal 0.965923 3.85362e-06 -0.258829
    outer loop
      vertex 6.08225 19.125 78.6993
      vertex 5.15602 5.39632 75.2425
      vertex 5.09956 5.59403 75.0318
    endloop
  endfacet
  facet normal 0.965934 -7.28804e-06 -0.258788
    outer loop
      vertex 6.08225 19.125 78.6993
      vertex 5.20719 5.17818 75.4335
      vertex 5.15602 5.39632 75.2425
    endloop
  endfacet
  facet normal 0.965927 -1.54679e-07 -0.258816
    outer loop
      vertex 6.08225 19.125 78.6993
      vertex 5.25258 4.94171 75.6029
      vertex 5.20719 5.17818 75.4335
    endloop
  endfacet
  facet normal 0.965931 -3.98009e-06 -0.2588
    outer loop
      vertex 6.08225 19.125 78.6993
      vertex 5.29175 4.68919 75.7491
      vertex 5.25258 4.94171 75.6029
    endloop
  endfacet
  facet normal 0.96593 -2.7694e-06 -0.258805
    outer loop
      vertex 6.08225 19.125 78.6993
      vertex 5.32433 4.42305 75.8707
      vertex 5.29175 4.68919 75.7491
    endloop
  endfacet
  facet normal 0.965925 6.28227e-07 -0.258822
    outer loop
      vertex 6.08225 19.125 78.6993
      vertex 5.35 4.14585 75.9665
      vertex 5.32433 4.42305 75.8707
    endloop
  endfacet
  facet normal 0.965916 6.90643e-06 -0.258854
    outer loop
      vertex 6.08225 19.125 78.6993
      vertex 5.36852 3.86027 76.0356
      vertex 5.35 4.14585 75.9665
    endloop
  endfacet
  facet normal 0.965909 1.20545e-05 -0.258881
    outer loop
      vertex 6.08225 19.125 78.6993
      vertex 5.3797 3.56905 76.0773
      vertex 5.36852 3.86027 76.0356
    endloop
  endfacet
  facet normal 0.96597 -2.87412e-05 -0.258656
    outer loop
      vertex 6.08225 19.125 78.6993
      vertex 5.38344 3.275 76.0913
      vertex 5.3797 3.56905 76.0773
    endloop
  endfacet
  facet normal 0.965847 5.21397e-05 -0.259114
    outer loop
      vertex 6.08225 19.125 78.6993
      vertex 5.3797 2.98095 76.0773
      vertex 5.38344 3.275 76.0913
    endloop
  endfacet
  facet normal 0.965927 0 -0.258815
    outer loop
      vertex 5.3797 -2.83095 76.0773
      vertex 5.3797 2.98095 76.0773
      vertex 6.08225 19.125 78.6993
    endloop
  endfacet
  facet normal 0.965924 0 -0.258827
    outer loop
      vertex 4.68308 0.289445 73.4775
      vertex 4.60698 -0.125 73.1935
      vertex 4.60698 0.275 73.1935
    endloop
  endfacet
  facet normal 0.965921 0 -0.258838
    outer loop
      vertex 4.68308 -0.139445 73.4775
      vertex 4.68308 0.289445 73.4775
      vertex 4.75846 0.332644 73.7588
    endloop
  endfacet
  facet normal 0.965941 0 -0.258763
    outer loop
      vertex 4.75846 -0.182644 73.7588
      vertex 4.75846 0.332644 73.7588
      vertex 4.83237 0.404179 74.0347
    endloop
  endfacet
  facet normal 0.965908 0 -0.258886
    outer loop
      vertex 4.83237 -0.254178 74.0347
      vertex 4.83237 0.404179 74.0347
      vertex 4.90412 0.503361 74.3024
    endloop
  endfacet
  facet normal 0.965935 0 -0.258785
    outer loop
      vertex 4.90412 -0.353361 74.3024
      vertex 4.90412 0.503361 74.3024
      vertex 4.973 0.629235 74.5595
    endloop
  endfacet
  facet normal 0.965924 0 -0.258827
    outer loop
      vertex 4.68308 0.289445 73.4775
      vertex 4.68308 -0.139445 73.4775
      vertex 4.60698 -0.125 73.1935
    endloop
  endfacet
  facet normal 0.965919 0 -0.258846
    outer loop
      vertex 4.973 -0.479236 74.5595
      vertex 4.973 0.629235 74.5595
      vertex 5.03836 0.780591 74.8034
    endloop
  endfacet
  facet normal 0.965921 0 -0.258838
    outer loop
      vertex 4.75846 0.332644 73.7588
      vertex 4.75846 -0.182644 73.7588
      vertex 4.68308 -0.139445 73.4775
    endloop
  endfacet
  facet normal 0.965925 0 -0.258821
    outer loop
      vertex 5.03836 -0.63059 74.8034
      vertex 5.03836 0.780591 74.8034
      vertex 5.09956 0.955968 75.0318
    endloop
  endfacet
  facet normal 0.965941 0 -0.258763
    outer loop
      vertex 4.83237 0.404179 74.0347
      vertex 4.83237 -0.254178 74.0347
      vertex 4.75846 -0.182644 73.7588
    endloop
  endfacet
  facet normal 0.965922 0 -0.258832
    outer loop
      vertex 5.09956 -0.805968 75.0318
      vertex 5.09956 0.955968 75.0318
      vertex 5.15602 1.15368 75.2425
    endloop
  endfacet
  facet normal 0.965936 0 -0.25878
    outer loop
      vertex 5.15602 -1.00368 75.2425
      vertex 5.15602 1.15368 75.2425
      vertex 5.20719 1.37182 75.4335
    endloop
  endfacet
  facet normal 0.965908 0 -0.258886
    outer loop
      vertex 4.90412 0.503361 74.3024
      vertex 4.90412 -0.353361 74.3024
      vertex 4.83237 -0.254178 74.0347
    endloop
  endfacet
  facet normal 0.965927 0 -0.258816
    outer loop
      vertex 5.20719 -1.22182 75.4335
      vertex 5.20719 1.37182 75.4335
      vertex 5.25258 1.60829 75.6029
    endloop
  endfacet
  facet normal 0.965935 0 -0.258785
    outer loop
      vertex 4.973 0.629235 74.5595
      vertex 4.973 -0.479236 74.5595
      vertex 4.90412 -0.353361 74.3024
    endloop
  endfacet
  facet normal 0.965933 0 -0.258793
    outer loop
      vertex 5.25258 -1.45829 75.6029
      vertex 5.25258 1.60829 75.6029
      vertex 5.29175 1.86081 75.7491
    endloop
  endfacet
  facet normal 0.965919 0 -0.258846
    outer loop
      vertex 5.03836 0.780591 74.8034
      vertex 5.03836 -0.63059 74.8034
      vertex 4.973 -0.479236 74.5595
    endloop
  endfacet
  facet normal 0.965931 0 -0.2588
    outer loop
      vertex 5.29175 -1.71081 75.7491
      vertex 5.29175 1.86081 75.7491
      vertex 5.32433 2.12695 75.8707
    endloop
  endfacet
  facet normal 0.965925 0 -0.258821
    outer loop
      vertex 5.09956 0.955968 75.0318
      vertex 5.09956 -0.805968 75.0318
      vertex 5.03836 -0.63059 74.8034
    endloop
  endfacet
  facet normal 0.965925 0 -0.258823
    outer loop
      vertex 5.32433 -1.97695 75.8707
      vertex 5.32433 2.12695 75.8707
      vertex 5.35 2.40415 75.9665
    endloop
  endfacet
  facet normal 0.965922 0 -0.258832
    outer loop
      vertex 5.15602 1.15368 75.2425
      vertex 5.15602 -1.00368 75.2425
      vertex 5.09956 -0.805968 75.0318
    endloop
  endfacet
  facet normal 0.965909 0 -0.25888
    outer loop
      vertex 5.35 -2.25415 75.9665
      vertex 5.35 2.40415 75.9665
      vertex 5.36852 2.68973 76.0356
    endloop
  endfacet
  facet normal 0.965936 0 -0.25878
    outer loop
      vertex 5.20719 1.37182 75.4335
      vertex 5.20719 -1.22182 75.4335
      vertex 5.15602 -1.00368 75.2425
    endloop
  endfacet
  facet normal 0.965888 0 -0.25896
    outer loop
      vertex 5.3797 2.98095 76.0773
      vertex 5.3797 -2.83095 76.0773
      vertex 5.36852 2.68973 76.0356
    endloop
  endfacet
  facet normal 0.965927 0 -0.258816
    outer loop
      vertex 5.25258 1.60829 75.6029
      vertex 5.25258 -1.45829 75.6029
      vertex 5.20719 -1.22182 75.4335
    endloop
  endfacet
  facet normal 0.965933 0 -0.258793
    outer loop
      vertex 5.29175 1.86081 75.7491
      vertex 5.29175 -1.71081 75.7491
      vertex 5.25258 -1.45829 75.6029
    endloop
  endfacet
  facet normal 0.965931 0 -0.2588
    outer loop
      vertex 5.32433 2.12695 75.8707
      vertex 5.32433 -1.97695 75.8707
      vertex 5.29175 -1.71081 75.7491
    endloop
  endfacet
  facet normal 0.965925 0 -0.258823
    outer loop
      vertex 5.35 2.40415 75.9665
      vertex 5.35 -2.25415 75.9665
      vertex 5.32433 -1.97695 75.8707
    endloop
  endfacet
  facet normal 0.965909 0 -0.25888
    outer loop
      vertex 5.36852 2.68973 76.0356
      vertex 5.36852 -2.53973 76.0356
      vertex 5.35 -2.25415 75.9665
    endloop
  endfacet
  facet normal 0.965888 0 -0.25896
    outer loop
      vertex 5.36852 2.68973 76.0356
      vertex 5.3797 -2.83095 76.0773
      vertex 5.36852 -2.53973 76.0356
    endloop
  endfacet
  facet normal 0.965982 -2.63535e-05 -0.258609
    outer loop
      vertex 6.08225 19.125 78.6993
      vertex 5.38344 -3.125 76.0913
      vertex 5.3797 -2.83095 76.0773
    endloop
  endfacet
  facet normal 0.965926 0 -0.258819
    outer loop
      vertex 6.08225 -19.125 78.6993
      vertex 5.38344 -3.125 76.0913
      vertex 6.08225 19.125 78.6993
    endloop
  endfacet
  facet normal 0.965924 7.91398e-06 -0.258827
    outer loop
      vertex 3.38319 -12.8769 68.6262
      vertex 4.60698 -6.125 73.1935
      vertex 4.68308 -6.11055 73.4775
    endloop
  endfacet
  facet normal 0.96592 1.71346e-05 -0.25884
    outer loop
      vertex 3.40886 -13.1541 68.722
      vertex 4.68308 -6.11055 73.4775
      vertex 4.75846 -6.06736 73.7588
    endloop
  endfacet
  facet normal 0.965944 -4.92848e-05 -0.258751
    outer loop
      vertex 3.43855 -13.7309 68.8329
      vertex 4.75846 -6.06736 73.7588
      vertex 4.83237 -5.99582 74.0347
    endloop
  endfacet
  facet normal 0.96591 -2.23849e-05 -0.258879
    outer loop
      vertex 6.08225 -19.125 78.6993
      vertex 4.83237 -5.99582 74.0347
      vertex 4.90412 -5.89664 74.3024
    endloop
  endfacet
  facet normal 0.965934 9.46541e-06 -0.258789
    outer loop
      vertex 6.08225 -19.125 78.6993
      vertex 4.90412 -5.89664 74.3024
      vertex 4.973 -5.77076 74.5595
    endloop
  endfacet
  facet normal 0.965945 -0.000110656 -0.258747
    outer loop
      vertex 4.60698 -6.125 73.1935
      vertex 2.74194 -11.0394 66.2331
      vertex 2.66584 -11.025 65.949
    endloop
  endfacet
  facet normal 0.96592 -7.77306e-06 -0.258841
    outer loop
      vertex 6.08225 -19.125 78.6993
      vertex 4.973 -5.77076 74.5595
      vertex 5.03836 -5.61941 74.8034
    endloop
  endfacet
  facet normal 0.965922 2.24965e-05 -0.258835
    outer loop
      vertex 4.60698 -6.125 73.1935
      vertex 2.81732 -11.0826 66.5144
      vertex 2.74194 -11.0394 66.2331
    endloop
  endfacet
  facet normal 0.96592 3.35243e-05 -0.258842
    outer loop
      vertex 4.60698 -6.125 73.1935
      vertex 2.89123 -11.1542 66.7902
      vertex 2.81732 -11.0826 66.5144
    endloop
  endfacet
  facet normal 0.965936 -5.12241e-05 -0.25878
    outer loop
      vertex 4.60698 -6.125 73.1935
      vertex 2.96297 -11.2534 67.058
      vertex 2.89123 -11.1542 66.7902
    endloop
  endfacet
  facet normal 0.96591 7.58111e-05 -0.258879
    outer loop
      vertex 4.60698 -6.125 73.1935
      vertex 3.03186 -11.3792 67.315
      vertex 2.96297 -11.2534 67.058
    endloop
  endfacet
  facet normal 0.965926 -1.18025e-06 -0.25882
    outer loop
      vertex 6.08225 -19.125 78.6993
      vertex 5.03836 -5.61941 74.8034
      vertex 5.09956 -5.44403 75.0318
    endloop
  endfacet
  facet normal 0.965943 -7.52932e-05 -0.258753
    outer loop
      vertex 4.60698 -6.125 73.1935
      vertex 3.09721 -11.5306 67.559
      vertex 3.03186 -11.3792 67.315
    endloop
  endfacet
  facet normal 0.96592 2.44538e-05 -0.258843
    outer loop
      vertex 4.60698 -6.125 73.1935
      vertex 3.15842 -11.706 67.7874
      vertex 3.09721 -11.5306 67.559
    endloop
  endfacet
  facet normal 0.96593 -1.6028e-05 -0.258804
    outer loop
      vertex 4.60698 -6.125 73.1935
      vertex 3.21487 -11.9037 67.9981
      vertex 3.15842 -11.706 67.7874
    endloop
  endfacet
  facet normal 0.965908 6.33954e-05 -0.258886
    outer loop
      vertex 4.60698 -6.125 73.1935
      vertex 3.26605 -12.1218 68.189
      vertex 3.21487 -11.9037 67.9981
    endloop
  endfacet
  facet normal 0.965923 -3.81986e-06 -0.258829
    outer loop
      vertex 6.08225 -19.125 78.6993
      vertex 5.09956 -5.44403 75.0318
      vertex 5.15602 -5.24632 75.2425
    endloop
  endfacet
  facet normal 0.965944 -5.8562e-05 -0.25875
    outer loop
      vertex 4.60698 -6.125 73.1935
      vertex 3.31144 -12.3583 68.3585
      vertex 3.26605 -12.1218 68.189
    endloop
  endfacet
  facet normal 0.96591 4.91927e-05 -0.258879
    outer loop
      vertex 4.60698 -6.125 73.1935
      vertex 3.35061 -12.6108 68.5046
      vertex 3.31144 -12.3583 68.3585
    endloop
  endfacet
  facet normal 0.965928 -4.85243e-06 -0.25881
    outer loop
      vertex 4.60698 -6.125 73.1935
      vertex 3.38319 -12.8769 68.6262
      vertex 3.35061 -12.6108 68.5046
    endloop
  endfacet
  facet normal 0.965934 7.22672e-06 -0.258788
    outer loop
      vertex 6.08225 -19.125 78.6993
      vertex 5.15602 -5.24632 75.2425
      vertex 5.20719 -5.02818 75.4335
    endloop
  endfacet
  facet normal 0.965926 1.65221e-06 -0.258819
    outer loop
      vertex 4.68308 -6.11055 73.4775
      vertex 3.40886 -13.1541 68.722
      vertex 3.38319 -12.8769 68.6262
    endloop
  endfacet
  facet normal 0.965931 -1.31208e-05 -0.258801
    outer loop
      vertex 4.75846 -6.06736 73.7588
      vertex 3.42737 -13.4397 68.7911
      vertex 3.40886 -13.1541 68.722
    endloop
  endfacet
  facet normal 0.965926 1.20416e-07 -0.25882
    outer loop
      vertex 4.83237 -5.99582 74.0347
      vertex 6.08225 -19.125 78.6993
      vertex 3.43855 -13.7309 68.8329
    endloop
  endfacet
  facet normal 0.965946 -5.54194e-05 -0.258742
    outer loop
      vertex 4.75846 -6.06736 73.7588
      vertex 3.43855 -13.7309 68.8329
      vertex 3.42737 -13.4397 68.7911
    endloop
  endfacet
  facet normal 0.965933 5.22501e-05 -0.258793
    outer loop
      vertex 3.43855 -13.7309 68.8329
      vertex 6.08225 -19.125 78.6993
      vertex 3.44229 -14.025 68.8468
    endloop
  endfacet
  facet normal 0.965927 1.53435e-07 -0.258816
    outer loop
      vertex 6.08225 -19.125 78.6993
      vertex 5.20719 -5.02818 75.4335
      vertex 5.25258 -4.79171 75.6029
    endloop
  endfacet
  facet normal 0.96592 -4.97539e-05 -0.258842
    outer loop
      vertex 3.44229 -14.025 68.8468
      vertex 6.08225 -19.125 78.6993
      vertex 3.43855 -14.3191 68.8329
    endloop
  endfacet
  facet normal 0.965933 6.29425e-05 -0.258791
    outer loop
      vertex 3.43855 -14.3191 68.8329
      vertex 6.08225 -19.125 78.6993
      vertex 3.42737 -14.6103 68.7911
    endloop
  endfacet
  facet normal 0.965928 1.58109e-05 -0.258811
    outer loop
      vertex 3.42737 -14.6103 68.7911
      vertex 6.08225 -19.125 78.6993
      vertex 3.40886 -14.8959 68.722
    endloop
  endfacet
  facet normal 0.965926 -1.98953e-06 -0.258818
    outer loop
      vertex 3.40886 -14.8959 68.722
      vertex 6.08225 -19.125 78.6993
      vertex 3.38319 -15.173 68.6262
    endloop
  endfacet
  facet normal 0.965927 4.46822e-06 -0.258816
    outer loop
      vertex 5.4352 -21.625 76.2844
      vertex 3.38319 -15.173 68.6262
      vertex 6.08225 -19.125 78.6993
    endloop
  endfacet
  facet normal 0.965919 8.91799e-05 -0.258846
    outer loop
      vertex 2.02024 -15.6917 63.5396
      vertex 0.583579 -17.4422 58.1779
      vertex 0.585867 -17.2622 58.1865
    endloop
  endfacet
  facet normal 0.965944 0.000166711 -0.25875
    outer loop
      vertex 5.4352 -21.625 76.2844
      vertex 2.66584 -17.025 65.949
      vertex 2.74194 -17.0106 66.2331
    endloop
  endfacet
  facet normal 0.965927 -5.64833e-05 -0.258815
    outer loop
      vertex 2.58973 -17.0106 65.665
      vertex 0.576736 -17.6204 58.1524
      vertex 0.583579 -17.4422 58.1779
    endloop
  endfacet
  facet normal 0.965926 1.26521e-05 -0.25882
    outer loop
      vertex 2.58973 -17.0106 65.665
      vertex 0.565404 -17.7952 58.1101
      vertex 0.576736 -17.6204 58.1524
    endloop
  endfacet
  facet normal 0.965928 -7.49855e-05 -0.258811
    outer loop
      vertex 2.58973 -17.0106 65.665
      vertex 0.559798 -17.873 58.0892
      vertex 0.565404 -17.7952 58.1101
    endloop
  endfacet
  facet normal 0.965927 -3.05788e-05 -0.258816
    outer loop
      vertex 2.58973 -17.0106 65.665
      vertex 0.544091 -18.0426 58.0306
      vertex 0.559798 -17.873 58.0892
    endloop
  endfacet
  facet normal 0.965925 2.8406e-05 -0.258824
    outer loop
      vertex 2.58973 -17.0106 65.665
      vertex 0.52416 -18.2055 57.9562
      vertex 0.544091 -18.0426 58.0306
    endloop
  endfacet
  facet normal 0.965922 0.0001064 -0.258835
    outer loop
      vertex 2.58973 -17.0106 65.665
      vertex 0.500194 -18.36 57.8667
      vertex 0.52416 -18.2055 57.9562
    endloop
  endfacet
  facet normal 0.965922 -2.95289e-05 -0.258834
    outer loop
      vertex 5.4352 -21.625 76.2844
      vertex 2.74194 -17.0106 66.2331
      vertex 2.81732 -16.9674 66.5144
    endloop
  endfacet
  facet normal 0.96593 -8.86492e-05 -0.258803
    outer loop
      vertex 2.58973 -17.0106 65.665
      vertex 0.472423 -18.5046 57.7631
      vertex 0.500194 -18.36 57.8667
    endloop
  endfacet
  facet normal 0.965932 -0.000134628 -0.258795
    outer loop
      vertex 2.58973 -17.0106 65.665
      vertex 0.455694 -18.5808 57.7007
      vertex 0.472423 -18.5046 57.7631
    endloop
  endfacet
  facet normal 0.965927 -1.9341e-05 -0.258816
    outer loop
      vertex 2.58973 -17.0106 65.665
      vertex 0.424422 -18.7141 57.584
      vertex 0.455694 -18.5808 57.7007
    endloop
  endfacet
  facet normal 0.96592 0.000113711 -0.258843
    outer loop
      vertex 2.58973 -17.0106 65.665
      vertex 0.389921 -18.8349 57.4552
      vertex 0.424422 -18.7141 57.584
    endloop
  endfacet
  facet normal 0.965924 3.42666e-05 -0.258826
    outer loop
      vertex 2.58973 -17.0106 65.665
      vertex 0.352518 -18.9421 57.3156
      vertex 0.389921 -18.8349 57.4552
    endloop
  endfacet
  facet normal 0.965934 -0.00014163 -0.258788
    outer loop
      vertex 2.58973 -17.0106 65.665
      vertex 0.324778 -19.0158 57.2121
      vertex 0.352518 -18.9421 57.3156
    endloop
  endfacet
  facet normal 0.965917 0.000151069 -0.258853
    outer loop
      vertex 2.58973 -17.0106 65.665
      vertex 0.284916 -19.1081 57.0633
      vertex 0.324778 -19.0158 57.2121
    endloop
  endfacet
  facet normal 0.96597 2.86803e-05 -0.258654
    outer loop
      vertex 5.38344 -3.125 76.0913
      vertex 6.08225 -19.125 78.6993
      vertex 5.3797 -3.41905 76.0773
    endloop
  endfacet
  facet normal 0.965909 -1.20014e-05 -0.258882
    outer loop
      vertex 6.08225 -19.125 78.6993
      vertex 5.36852 -3.71027 76.0356
      vertex 5.3797 -3.41905 76.0773
    endloop
  endfacet
  facet normal 0.965916 -6.86722e-06 -0.258854
    outer loop
      vertex 6.08225 -19.125 78.6993
      vertex 5.35 -3.99585 75.9665
      vertex 5.36852 -3.71027 76.0356
    endloop
  endfacet
  facet normal 0.965925 -6.24136e-07 -0.258822
    outer loop
      vertex 6.08225 -19.125 78.6993
      vertex 5.32433 -4.27305 75.8707
      vertex 5.35 -3.99585 75.9665
    endloop
  endfacet
  facet normal 0.96593 2.74966e-06 -0.258805
    outer loop
      vertex 6.08225 -19.125 78.6993
      vertex 5.29175 -4.53919 75.7491
      vertex 5.32433 -4.27305 75.8707
    endloop
  endfacet
  facet normal 0.965931 3.94976e-06 -0.2588
    outer loop
      vertex 6.08225 -19.125 78.6993
      vertex 5.25258 -4.79171 75.6029
      vertex 5.29175 -4.53919 75.7491
    endloop
  endfacet
  facet normal 0.965927 6.9318e-06 -0.258814
    outer loop
      vertex 3.38319 -15.173 68.6262
      vertex 5.4352 -21.625 76.2844
      vertex 3.35061 -15.4392 68.5046
    endloop
  endfacet
  facet normal 0.965914 -5.93283e-05 -0.258863
    outer loop
      vertex 3.35061 -15.4392 68.5046
      vertex 5.4352 -21.625 76.2844
      vertex 3.31144 -15.6917 68.3585
    endloop
  endfacet
  facet normal 0.965939 7.40238e-05 -0.25877
    outer loop
      vertex 3.31144 -15.6917 68.3585
      vertex 5.4352 -21.625 76.2844
      vertex 3.26605 -15.9282 68.189
    endloop
  endfacet
  facet normal 0.965912 -7.84873e-05 -0.25887
    outer loop
      vertex 3.26605 -15.9282 68.189
      vertex 5.4352 -21.625 76.2844
      vertex 3.21487 -16.1463 67.9981
    endloop
  endfacet
  facet normal 0.965929 2.14094e-05 -0.258808
    outer loop
      vertex 3.21487 -16.1463 67.9981
      vertex 5.4352 -21.625 76.2844
      vertex 3.15842 -16.344 67.7874
    endloop
  endfacet
  facet normal 0.965921 -3.03823e-05 -0.258838
    outer loop
      vertex 3.15842 -16.344 67.7874
      vertex 5.4352 -21.625 76.2844
      vertex 3.09721 -16.5194 67.559
    endloop
  endfacet
  facet normal 0.96594 9.96011e-05 -0.258767
    outer loop
      vertex 3.09721 -16.5194 67.559
      vertex 5.4352 -21.625 76.2844
      vertex 3.03186 -16.6708 67.315
    endloop
  endfacet
  facet normal 0.965912 -9.797e-05 -0.258869
    outer loop
      vertex 3.03186 -16.6708 67.315
      vertex 5.4352 -21.625 76.2844
      vertex 2.96297 -16.7966 67.058
    endloop
  endfacet
  facet normal 0.965934 7.05359e-05 -0.258787
    outer loop
      vertex 2.96297 -16.7966 67.058
      vertex 5.4352 -21.625 76.2844
      vertex 2.89123 -16.8958 66.7902
    endloop
  endfacet
  facet normal 0.96592 -4.35207e-05 -0.25884
    outer loop
      vertex 2.89123 -16.8958 66.7902
      vertex 5.4352 -21.625 76.2844
      vertex 2.81732 -16.9674 66.5144
    endloop
  endfacet
  facet normal 0.965926 -1.54411e-06 -0.25882
    outer loop
      vertex 2.66584 -17.025 65.949
      vertex 5.4352 -21.625 76.2844
      vertex 0.284916 -19.1081 57.0633
    endloop
  endfacet
  facet normal 0.965927 5.00865e-05 -0.258813
    outer loop
      vertex 0.284916 -19.1081 57.0633
      vertex 5.4352 -21.625 76.2844
      vertex 0.246068 -19.1793 56.9183
    endloop
  endfacet
  facet normal 0.965921 -0.000145702 -0.258836
    outer loop
      vertex 0.246068 -19.1793 56.9183
      vertex 5.4352 -21.625 76.2844
      vertex 0.204173 -19.2559 56.762
    endloop
  endfacet
  facet normal 0.965912 6.18241e-05 -0.258871
    outer loop
      vertex 5.4352 -21.625 76.2844
      vertex 6.08225 -19.125 78.6993
      vertex 6.07913 -19.37 78.6876
    endloop
  endfacet
  facet normal 0.965929 0.000121293 -0.258806
    outer loop
      vertex 0.204173 -19.2559 56.762
      vertex 5.4352 -21.625 76.2844
      vertex 0.160534 -19.3162 56.5991
    endloop
  endfacet
  facet normal 0.965923 -7.94498e-05 -0.258828
    outer loop
      vertex 0.160534 -19.3162 56.5991
      vertex 5.4352 -21.625 76.2844
      vertex 0.110688 -19.3843 56.4131
    endloop
  endfacet
  facet normal 0.965924 -7.30143e-05 -0.258827
    outer loop
      vertex 0.110688 -19.3843 56.4131
      vertex 5.4352 -21.625 76.2844
      vertex 0.0494814 -19.4492 56.1847
    endloop
  endfacet
  facet normal 0.965929 0.000134862 -0.258806
    outer loop
      vertex 0.0494814 -19.4492 56.1847
      vertex 5.4352 -21.625 76.2844
      vertex 0.00487624 -19.4924 56.0182
    endloop
  endfacet
  facet normal 0.965923 -0.00010788 -0.25883
    outer loop
      vertex 0.00487624 -19.4924 56.0182
      vertex 5.4352 -21.625 76.2844
      vertex -0.0676142 -19.5537 55.7477
    endloop
  endfacet
  facet normal 0.965921 2.09341e-05 -0.258835
    outer loop
      vertex 5.4352 -21.625 76.2844
      vertex 6.07913 -19.37 78.6876
      vertex 6.06981 -19.6127 78.6528
    endloop
  endfacet
  facet normal 0.965932 0.000242656 -0.258797
    outer loop
      vertex -0.0676142 -19.5537 55.7477
      vertex 5.4352 -21.625 76.2844
      vertex -0.151755 -19.6111 55.4336
    endloop
  endfacet
  facet normal 0.96592 -0.000233387 -0.25884
    outer loop
      vertex -0.151755 -19.6111 55.4336
      vertex 5.4352 -21.625 76.2844
      vertex -0.196727 -19.6368 55.2658
    endloop
  endfacet
  facet normal 0.965928 0.000103091 -0.25881
    outer loop
      vertex -0.196727 -19.6368 55.2658
      vertex 5.4352 -21.625 76.2844
      vertex -0.292349 -19.6896 54.9089
    endloop
  endfacet
  facet normal 0.965921 -0.000203486 -0.258836
    outer loop
      vertex -0.292349 -19.6896 54.9089
      vertex 5.4352 -21.625 76.2844
      vertex -0.399868 -19.7376 54.5077
    endloop
  endfacet
  facet normal 0.965929 0.000161103 -0.258807
    outer loop
      vertex -0.399868 -19.7376 54.5077
      vertex 5.4352 -21.625 76.2844
      vertex -0.519387 -19.78 54.0616
    endloop
  endfacet
  facet normal 0.965926 2.24222e-06 -0.258819
    outer loop
      vertex -0.519387 -19.78 54.0616
      vertex 5.4352 -21.625 76.2844
      vertex -0.65095 -19.8164 53.5706
    endloop
  endfacet
  facet normal 0.96594 -6.60956e-05 -0.258766
    outer loop
      vertex 5.4352 -21.625 76.2844
      vertex 6.06981 -19.6127 78.6528
      vertex 6.05439 -19.8507 78.5953
    endloop
  endfacet
  facet normal 0.965922 -0.000207003 -0.258835
    outer loop
      vertex -0.65095 -19.8164 53.5706
      vertex 5.4352 -21.625 76.2844
      vertex -0.794506 -19.846 53.0349
    endloop
  endfacet
  facet normal 0.965925 -1.34247e-05 -0.258821
    outer loop
      vertex -0.794506 -19.846 53.0349
      vertex 5.4352 -21.625 76.2844
      vertex -0.837941 -19.8543 52.8728
    endloop
  endfacet
  facet normal 0.965925 -4.15534e-05 -0.258823
    outer loop
      vertex -0.837941 -19.8543 52.8728
      vertex 5.4352 -21.625 76.2844
      vertex -0.992819 -19.8764 52.2948
    endloop
  endfacet
  facet normal 0.965926 6.39107e-06 -0.25882
    outer loop
      vertex -5.4352 -21.625 35.7156
      vertex -0.992819 -19.8764 52.2948
      vertex 5.4352 -21.625 76.2844
    endloop
  endfacet
  facet normal 0.965918 4.93268e-05 -0.258849
    outer loop
      vertex 5.4352 -21.625 76.2844
      vertex 6.05439 -19.8507 78.5953
      vertex 6.03299 -20.0817 78.5154
    endloop
  endfacet
  facet normal 0.96593 -0.000160146 -0.258803
    outer loop
      vertex -0.992819 -19.8764 52.2948
      vertex -5.4352 -21.625 35.7156
      vertex -1.15918 -19.8902 51.6739
    endloop
  endfacet
  facet normal 0.965927 -3.23179e-05 -0.258816
    outer loop
      vertex -1.15918 -19.8902 51.6739
      vertex -5.4352 -21.625 35.7156
      vertex -1.33648 -19.895 51.0122
    endloop
  endfacet
  facet normal 0.965934 -4.42961e-05 -0.258789
    outer loop
      vertex 5.4352 -21.625 76.2844
      vertex 6.03299 -20.0817 78.5154
      vertex 6.00584 -20.3035 78.4141
    endloop
  endfacet
  facet normal 0.965926 -1.2343e-05 -0.258818
    outer loop
      vertex -1.33648 -19.895 51.0122
      vertex -5.4352 -21.625 35.7156
      vertex -6.05028 -19.895 33.42
    endloop
  endfacet
  facet normal 0.965932 -3.18108e-05 -0.258796
    outer loop
      vertex 5.4352 -21.625 76.2844
      vertex 6.00584 -20.3035 78.4141
      vertex 5.9732 -20.5139 78.2923
    endloop
  endfacet
  facet normal 0.965904 -0.000131836 -0.258902
    outer loop
      vertex -6.05028 -19.895 33.42
      vertex -5.4352 -21.625 35.7156
      vertex -6.03299 -20.0817 33.4846
    endloop
  endfacet
  facet normal 0.965924 2.72668e-05 -0.258826
    outer loop
      vertex 5.4352 -21.625 76.2844
      vertex 5.9732 -20.5139 78.2923
      vertex 5.93537 -20.711 78.1511
    endloop
  endfacet
  facet normal 0.965934 4.42961e-05 -0.258789
    outer loop
      vertex -6.03299 -20.0817 33.4846
      vertex -5.4352 -21.625 35.7156
      vertex -6.00584 -20.3035 33.5859
    endloop
  endfacet
  facet normal 0.965939 -9.48315e-05 -0.258771
    outer loop
      vertex 5.4352 -21.625 76.2844
      vertex 5.93537 -20.711 78.1511
      vertex 5.89273 -20.8928 77.992
    endloop
  endfacet
  facet normal 0.965932 3.18108e-05 -0.258796
    outer loop
      vertex -6.00584 -20.3035 33.5859
      vertex -5.4352 -21.625 35.7156
      vertex -5.9732 -20.5139 33.7077
    endloop
  endfacet
  facet normal 0.965929 -1.97403e-06 -0.258808
    outer loop
      vertex 5.4352 -21.625 76.2844
      vertex 5.89273 -20.8928 77.992
      vertex 5.84568 -21.0575 77.8164
    endloop
  endfacet
  facet normal 0.965924 -2.72668e-05 -0.258826
    outer loop
      vertex -5.9732 -20.5139 33.7077
      vertex -5.4352 -21.625 35.7156
      vertex -5.93537 -20.711 33.8489
    endloop
  endfacet
  facet normal 0.965911 0.000194905 -0.258876
    outer loop
      vertex 5.4352 -21.625 76.2844
      vertex 5.84568 -21.0575 77.8164
      vertex 5.79468 -21.2037 77.626
    endloop
  endfacet
  facet normal 0.965939 9.48315e-05 -0.258771
    outer loop
      vertex -5.93537 -20.711 33.8489
      vertex -5.4352 -21.625 35.7156
      vertex -5.89273 -20.8928 34.008
    endloop
  endfacet
  facet normal 0.965954 -0.000353889 -0.258715
    outer loop
      vertex 5.4352 -21.625 76.2844
      vertex 5.79468 -21.2037 77.626
      vertex 5.74021 -21.3298 77.4228
    endloop
  endfacet
  facet normal 0.965929 1.97403e-06 -0.258808
    outer loop
      vertex -5.89273 -20.8928 34.008
      vertex -5.4352 -21.625 35.7156
      vertex -5.84568 -21.0575 34.1836
    endloop
  endfacet
  facet normal 0.965909 0.000335112 -0.258882
    outer loop
      vertex 5.4352 -21.625 76.2844
      vertex 5.74021 -21.3298 77.4228
      vertex 5.68281 -21.4347 77.2085
    endloop
  endfacet
  facet normal 0.965911 -0.000194905 -0.258876
    outer loop
      vertex -5.84568 -21.0575 34.1836
      vertex -5.4352 -21.625 35.7156
      vertex -5.79468 -21.2037 34.374
    endloop
  endfacet
  facet normal 0.965928 -2.58628e-05 -0.258812
    outer loop
      vertex 5.4352 -21.625 76.2844
      vertex 5.68281 -21.4347 77.2085
      vertex 5.62303 -21.5173 76.9854
    endloop
  endfacet
  facet normal 0.965954 0.000353889 -0.258715
    outer loop
      vertex -5.79468 -21.2037 34.374
      vertex -5.4352 -21.625 35.7156
      vertex -5.74021 -21.3298 34.5772
    endloop
  endfacet
  facet normal 0.965926 2.92217e-05 -0.25882
    outer loop
      vertex 5.4352 -21.625 76.2844
      vertex 5.62303 -21.5173 76.9854
      vertex 5.56143 -21.577 76.7555
    endloop
  endfacet
  facet normal 0.965909 -0.000335112 -0.258882
    outer loop
      vertex -5.74021 -21.3298 34.5772
      vertex -5.4352 -21.625 35.7156
      vertex -5.68281 -21.4347 34.7915
    endloop
  endfacet
  facet normal 0.965933 -0.000250265 -0.258794
    outer loop
      vertex 5.4352 -21.625 76.2844
      vertex 5.56143 -21.577 76.7555
      vertex 5.49862 -21.613 76.5211
    endloop
  endfacet
  facet normal 0.965928 2.58628e-05 -0.258812
    outer loop
      vertex -5.68281 -21.4347 34.7915
      vertex -5.4352 -21.625 35.7156
      vertex -5.62303 -21.5173 35.0146
    endloop
  endfacet
  facet normal 0.965926 -2.92217e-05 -0.25882
    outer loop
      vertex -5.62303 -21.5173 35.0146
      vertex -5.4352 -21.625 35.7156
      vertex -5.56143 -21.577 35.2445
    endloop
  endfacet
  facet normal 0.965933 0.000250265 -0.258794
    outer loop
      vertex -5.56143 -21.577 35.2445
      vertex -5.4352 -21.625 35.7156
      vertex -5.49862 -21.613 35.4789
    endloop
  endfacet
  facet normal 0.965631 0.000508257 -0.259917
    outer loop
      vertex -6.00584 20.3035 33.5859
      vertex -6.05028 19.895 33.42
      vertex -6.03299 20.0817 33.4846
    endloop
  endfacet
  facet normal 0.965905 3.92128e-05 -0.258897
    outer loop
      vertex 4.4555 6.21736 72.6282
      vertex 6.08225 19.125 78.6993
      vertex 4.53087 6.26055 72.9094
    endloop
  endfacet
  facet normal 0.965942 -1.68249e-05 -0.258759
    outer loop
      vertex 5.4352 21.625 76.2844
      vertex 4.4555 6.21736 72.6282
      vertex 4.38159 6.14582 72.3523
    endloop
  endfacet
  facet normal 0.965933 -7.352e-06 -0.258794
    outer loop
      vertex 5.4352 21.625 76.2844
      vertex 4.38159 6.14582 72.3523
      vertex 4.30984 6.04664 72.0845
    endloop
  endfacet
  facet normal 0.965926 2.23232e-07 -0.25882
    outer loop
      vertex 5.4352 21.625 76.2844
      vertex 4.30984 6.04664 72.0845
      vertex 0.585867 17.2622 58.1865
    endloop
  endfacet
  facet normal 0.965916 -4.86263e-05 -0.258857
    outer loop
      vertex 4.24096 5.92076 71.8275
      vertex 0.585867 17.2622 58.1865
      vertex 4.30984 6.04664 72.0845
    endloop
  endfacet
  facet normal 0.965922 -1.97108e-05 -0.258834
    outer loop
      vertex 4.1756 5.76941 71.5836
      vertex 0.585867 17.2622 58.1865
      vertex 4.24096 5.92076 71.8275
    endloop
  endfacet
  facet normal 0.965941 6.82317e-05 -0.258764
    outer loop
      vertex 4.1144 5.59403 71.3551
      vertex 0.585867 17.2622 58.1865
      vertex 4.1756 5.76941 71.5836
    endloop
  endfacet
  facet normal 0.965924 -7.10848e-06 -0.258826
    outer loop
      vertex 4.05794 5.39632 71.1444
      vertex 0.585867 17.2622 58.1865
      vertex 4.1144 5.59403 71.3551
    endloop
  endfacet
  facet normal 0.965915 -4.496e-05 -0.258858
    outer loop
      vertex 4.00677 5.17818 70.9535
      vertex 0.585867 17.2622 58.1865
      vertex 4.05794 5.39632 71.1444
    endloop
  endfacet
  facet normal 0.965926 1.30382e-06 -0.258818
    outer loop
      vertex 3.96138 4.94171 70.7841
      vertex 0.585867 17.2622 58.1865
      vertex 4.00677 5.17818 70.9535
    endloop
  endfacet
  facet normal 0.965922 -1.43398e-05 -0.258832
    outer loop
      vertex 3.9222 4.68919 70.6379
      vertex 0.585867 17.2622 58.1865
      vertex 3.96138 4.94171 70.7841
    endloop
  endfacet
  facet normal 0.965934 3.11151e-05 -0.258789
    outer loop
      vertex 3.88963 4.42305 70.5163
      vertex 0.585867 17.2622 58.1865
      vertex 3.9222 4.68919 70.6379
    endloop
  endfacet
  facet normal 0.965925 -1.13692e-06 -0.25882
    outer loop
      vertex 3.86396 4.14585 70.4205
      vertex 0.585867 17.2622 58.1865
      vertex 3.88963 4.42305 70.5163
    endloop
  endfacet
  facet normal 0.965922 -1.26123e-05 -0.258832
    outer loop
      vertex 3.84544 3.86027 70.3514
      vertex 0.585867 17.2622 58.1865
      vertex 3.86396 4.14585 70.4205
    endloop
  endfacet
  facet normal 0.965921 -1.86961e-05 -0.258838
    outer loop
      vertex 3.83426 3.56905 70.3097
      vertex 0.585867 17.2622 58.1865
      vertex 3.84544 3.86027 70.3514
    endloop
  endfacet
  facet normal 0.965936 3.51591e-05 -0.258781
    outer loop
      vertex 3.83052 3.275 70.2957
      vertex 0.585867 17.2622 58.1865
      vertex 3.83426 3.56905 70.3097
    endloop
  endfacet
  facet normal 0.965914 -3.92504e-05 -0.258862
    outer loop
      vertex 3.83426 2.98095 70.3097
      vertex 0.585867 17.2622 58.1865
      vertex 3.83052 3.275 70.2957
    endloop
  endfacet
  facet normal 0.965917 1.63389e-05 -0.258853
    outer loop
      vertex 2.23446 -11.5306 64.3391
      vertex 3.83426 2.98095 70.3097
      vertex 3.84544 2.68973 70.3514
    endloop
  endfacet
  facet normal 0.965909 0 -0.25888
    outer loop
      vertex 3.84544 -2.53973 70.3514
      vertex 3.84544 2.68973 70.3514
      vertex 3.86396 2.40415 70.4205
    endloop
  endfacet
  facet normal 0.965925 0 -0.258823
    outer loop
      vertex 3.86396 -2.25415 70.4205
      vertex 3.86396 2.40415 70.4205
      vertex 3.88963 2.12695 70.5163
    endloop
  endfacet
  facet normal 0.965951 0 -0.258725
    outer loop
      vertex 3.88963 -1.97695 70.5163
      vertex 3.88963 2.12695 70.5163
      vertex 3.9222 1.86081 70.6379
    endloop
  endfacet
  facet normal 0.965916 0 -0.258855
    outer loop
      vertex 3.9222 -1.71081 70.6379
      vertex 3.9222 1.86081 70.6379
      vertex 3.96138 1.60829 70.7841
    endloop
  endfacet
  facet normal 0.965927 0 -0.258816
    outer loop
      vertex 3.96138 -1.45829 70.7841
      vertex 3.96138 1.60829 70.7841
      vertex 4.00677 1.37182 70.9535
    endloop
  endfacet
  facet normal 0.965938 0 -0.258773
    outer loop
      vertex 4.60698 -0.125 73.1935
      vertex 4.53087 0.289445 72.9094
      vertex 4.60698 0.275 73.1935
    endloop
  endfacet
  facet normal 0.965938 0 -0.258773
    outer loop
      vertex 4.53087 -0.139445 72.9094
      vertex 4.53087 0.289445 72.9094
      vertex 4.60698 -0.125 73.1935
    endloop
  endfacet
  facet normal 0.965906 0 -0.258892
    outer loop
      vertex 4.53087 0.289445 72.9094
      vertex 4.53087 -0.139445 72.9094
      vertex 4.4555 0.332644 72.6282
    endloop
  endfacet
  facet normal 0.965906 0 -0.258892
    outer loop
      vertex 4.4555 -0.182644 72.6282
      vertex 4.4555 0.332644 72.6282
      vertex 4.53087 -0.139445 72.9094
    endloop
  endfacet
  facet normal 0.965941 0 -0.258763
    outer loop
      vertex 4.4555 0.332644 72.6282
      vertex 4.4555 -0.182644 72.6282
      vertex 4.38159 0.404179 72.3523
    endloop
  endfacet
  facet normal 0.965941 0 -0.258763
    outer loop
      vertex 4.38159 -0.254178 72.3523
      vertex 4.38159 0.404179 72.3523
      vertex 4.4555 -0.182644 72.6282
    endloop
  endfacet
  facet normal 0.965932 0 -0.258796
    outer loop
      vertex 4.38159 0.404179 72.3523
      vertex 4.38159 -0.254178 72.3523
      vertex 4.30984 0.503361 72.0845
    endloop
  endfacet
  facet normal 0.965932 0 -0.258796
    outer loop
      vertex 4.30984 -0.353361 72.0845
      vertex 4.30984 0.503361 72.0845
      vertex 4.38159 -0.254178 72.3523
    endloop
  endfacet
  facet normal 0.96591 0 -0.258879
    outer loop
      vertex 4.30984 0.503361 72.0845
      vertex 4.30984 -0.353361 72.0845
      vertex 4.24096 0.629235 71.8275
    endloop
  endfacet
  facet normal 0.96591 0 -0.258879
    outer loop
      vertex 4.24096 -0.479236 71.8275
      vertex 4.24096 0.629235 71.8275
      vertex 4.30984 -0.353361 72.0845
    endloop
  endfacet
  facet normal 0.965919 0 -0.258846
    outer loop
      vertex 4.24096 0.629235 71.8275
      vertex 4.24096 -0.479236 71.8275
      vertex 4.1756 0.780591 71.5836
    endloop
  endfacet
  facet normal 0.965919 0 -0.258846
    outer loop
      vertex 4.1756 -0.63059 71.5836
      vertex 4.1756 0.780591 71.5836
      vertex 4.24096 -0.479236 71.8275
    endloop
  endfacet
  facet normal 0.965954 0 -0.258715
    outer loop
      vertex 4.1756 0.780591 71.5836
      vertex 4.1756 -0.63059 71.5836
      vertex 4.1144 0.955968 71.3551
    endloop
  endfacet
  facet normal 0.965954 0 -0.258715
    outer loop
      vertex 4.1144 -0.805968 71.3551
      vertex 4.1144 0.955968 71.3551
      vertex 4.1756 -0.63059 71.5836
    endloop
  endfacet
  facet normal 0.965922 0 -0.258832
    outer loop
      vertex 4.1144 0.955968 71.3551
      vertex 4.1144 -0.805968 71.3551
      vertex 4.05794 1.15368 71.1444
    endloop
  endfacet
  facet normal 0.965922 0 -0.258832
    outer loop
      vertex 4.05794 -1.00368 71.1444
      vertex 4.05794 1.15368 71.1444
      vertex 4.1144 -0.805968 71.3551
    endloop
  endfacet
  facet normal 0.965902 0 -0.258906
    outer loop
      vertex 4.05794 1.15368 71.1444
      vertex 4.05794 -1.00368 71.1444
      vertex 4.00677 1.37182 70.9535
    endloop
  endfacet
  facet normal 0.965902 0 -0.258906
    outer loop
      vertex 4.00677 -1.22182 70.9535
      vertex 4.00677 1.37182 70.9535
      vertex 4.05794 -1.00368 71.1444
    endloop
  endfacet
  facet normal 0.965927 0 -0.258816
    outer loop
      vertex 3.96138 -1.45829 70.7841
      vertex 4.00677 1.37182 70.9535
      vertex 4.00677 -1.22182 70.9535
    endloop
  endfacet
  facet normal 0.965916 0 -0.258855
    outer loop
      vertex 3.96138 1.60829 70.7841
      vertex 3.96138 -1.45829 70.7841
      vertex 3.9222 -1.71081 70.6379
    endloop
  endfacet
  facet normal 0.965951 0 -0.258725
    outer loop
      vertex 3.9222 1.86081 70.6379
      vertex 3.9222 -1.71081 70.6379
      vertex 3.88963 -1.97695 70.5163
    endloop
  endfacet
  facet normal 0.965925 0 -0.258823
    outer loop
      vertex 3.88963 2.12695 70.5163
      vertex 3.88963 -1.97695 70.5163
      vertex 3.86396 -2.25415 70.4205
    endloop
  endfacet
  facet normal 0.965909 0 -0.25888
    outer loop
      vertex 3.86396 2.40415 70.4205
      vertex 3.86396 -2.25415 70.4205
      vertex 3.84544 -2.53973 70.3514
    endloop
  endfacet
  facet normal 0.965926 0 -0.258817
    outer loop
      vertex 3.84544 2.68973 70.3514
      vertex 3.84544 -2.53973 70.3514
      vertex 2.23446 -11.5306 64.3391
    endloop
  endfacet
  facet normal 0.965937 -2.82562e-05 -0.258776
    outer loop
      vertex 2.29982 -11.3792 64.583
      vertex 3.84544 -2.53973 70.3514
      vertex 3.83426 -2.83095 70.3097
    endloop
  endfacet
  facet normal 0.965911 3.98802e-05 -0.258874
    outer loop
      vertex 2.3687 -11.2534 64.8401
      vertex 3.83426 -2.83095 70.3097
      vertex 3.83052 -3.125 70.2957
    endloop
  endfacet
  facet normal 0.965939 -3.46466e-05 -0.258771
    outer loop
      vertex 2.44044 -11.1542 65.1079
      vertex 3.83052 -3.125 70.2957
      vertex 3.83426 -3.41905 70.3097
    endloop
  endfacet
  facet normal 0.96592 1.80891e-05 -0.258842
    outer loop
      vertex 2.51436 -11.0826 65.3837
      vertex 3.83426 -3.41905 70.3097
      vertex 3.84544 -3.71027 70.3514
    endloop
  endfacet
  facet normal 0.965922 1.21114e-05 -0.258834
    outer loop
      vertex 2.51436 -11.0826 65.3837
      vertex 3.84544 -3.71027 70.3514
      vertex 3.86396 -3.99585 70.4205
    endloop
  endfacet
  facet normal 0.965926 1.1879e-06 -0.25882
    outer loop
      vertex 2.58973 -11.0394 65.665
      vertex 3.86396 -3.99585 70.4205
      vertex 3.88963 -4.27305 70.5163
    endloop
  endfacet
  facet normal 0.965936 -2.65144e-05 -0.25878
    outer loop
      vertex 2.66584 -11.025 65.949
      vertex 3.88963 -4.27305 70.5163
      vertex 3.9222 -4.53919 70.6379
    endloop
  endfacet
  facet normal 0.965937 -6.38758e-05 -0.258777
    outer loop
      vertex 2.66584 -11.025 65.949
      vertex 4.53087 -6.11055 72.9094
      vertex 4.60698 -6.125 73.1935
    endloop
  endfacet
  facet normal 0.96591 9.12267e-05 -0.258879
    outer loop
      vertex 2.66584 -11.025 65.949
      vertex 4.4555 -6.06736 72.6282
      vertex 4.53087 -6.11055 72.9094
    endloop
  endfacet
  facet normal 0.965937 -5.62728e-05 -0.258777
    outer loop
      vertex 2.66584 -11.025 65.949
      vertex 4.38159 -5.99582 72.3523
      vertex 4.4555 -6.06736 72.6282
    endloop
  endfacet
  facet normal 0.96593 -2.0019e-05 -0.258803
    outer loop
      vertex 2.66584 -11.025 65.949
      vertex 4.30984 -5.89664 72.0845
      vertex 4.38159 -5.99582 72.3523
    endloop
  endfacet
  facet normal 0.965916 4.86302e-05 -0.258857
    outer loop
      vertex 2.66584 -11.025 65.949
      vertex 4.24096 -5.77076 71.8275
      vertex 4.30984 -5.89664 72.0845
    endloop
  endfacet
  facet normal 0.965922 2.09056e-05 -0.258834
    outer loop
      vertex 2.66584 -11.025 65.949
      vertex 4.1756 -5.61941 71.5836
      vertex 4.24096 -5.77076 71.8275
    endloop
  endfacet
  facet normal 0.965942 -6.19698e-05 -0.258759
    outer loop
      vertex 2.66584 -11.025 65.949
      vertex 4.1144 -5.44403 71.3551
      vertex 4.1756 -5.61941 71.5836
    endloop
  endfacet
  facet normal 0.965924 7.23512e-06 -0.258826
    outer loop
      vertex 2.66584 -11.025 65.949
      vertex 4.05794 -5.24632 71.1444
      vertex 4.1144 -5.44403 71.3551
    endloop
  endfacet
  facet normal 0.965914 4.1776e-05 -0.258862
    outer loop
      vertex 2.66584 -11.025 65.949
      vertex 4.00677 -5.02818 70.9535
      vertex 4.05794 -5.24632 71.1444
    endloop
  endfacet
  facet normal 0.965927 3.13151e-07 -0.258815
    outer loop
      vertex 2.66584 -11.025 65.949
      vertex 3.96138 -4.79171 70.7841
      vertex 4.00677 -5.02818 70.9535
    endloop
  endfacet
  facet normal 0.965922 1.41654e-05 -0.258832
    outer loop
      vertex 2.66584 -11.025 65.949
      vertex 3.9222 -4.53919 70.6379
      vertex 3.96138 -4.79171 70.7841
    endloop
  endfacet
  facet normal 0.965915 3.17365e-05 -0.25886
    outer loop
      vertex 3.88963 -4.27305 70.5163
      vertex 2.66584 -11.025 65.949
      vertex 2.58973 -11.0394 65.665
    endloop
  endfacet
  facet normal 0.96593 -1.02602e-05 -0.258804
    outer loop
      vertex 3.86396 -3.99585 70.4205
      vertex 2.58973 -11.0394 65.665
      vertex 2.51436 -11.0826 65.3837
    endloop
  endfacet
  facet normal 0.965905 5.56755e-05 -0.258897
    outer loop
      vertex 3.83426 -3.41905 70.3097
      vertex 2.51436 -11.0826 65.3837
      vertex 2.44044 -11.1542 65.1079
    endloop
  endfacet
  facet normal 0.965946 -5.35372e-05 -0.258744
    outer loop
      vertex 3.83052 -3.125 70.2957
      vertex 2.44044 -11.1542 65.1079
      vertex 2.3687 -11.2534 64.8401
    endloop
  endfacet
  facet normal 0.965939 -3.23179e-05 -0.25877
    outer loop
      vertex 3.83426 -2.83095 70.3097
      vertex 2.3687 -11.2534 64.8401
      vertex 2.29982 -11.3792 64.583
    endloop
  endfacet
  facet normal 0.965913 3.45711e-05 -0.258866
    outer loop
      vertex 3.84544 -2.53973 70.3514
      vertex 2.29982 -11.3792 64.583
      vertex 2.23446 -11.5306 64.3391
    endloop
  endfacet
  facet normal 0.965925 2.72668e-06 -0.258823
    outer loop
      vertex 3.83426 2.98095 70.3097
      vertex 2.23446 -11.5306 64.3391
      vertex 2.17326 -11.706 64.1107
    endloop
  endfacet
  facet normal 0.965926 5.54401e-07 -0.258818
    outer loop
      vertex 3.83426 2.98095 70.3097
      vertex 2.17326 -11.706 64.1107
      vertex 0.585867 17.2622 58.1865
    endloop
  endfacet
  facet normal 0.965923 -2.20766e-06 -0.25883
    outer loop
      vertex 2.1168 -11.9037 63.9
      vertex 0.585867 17.2622 58.1865
      vertex 2.17326 -11.706 64.1107
    endloop
  endfacet
  facet normal 0.965934 6.85937e-06 -0.258787
    outer loop
      vertex 2.06563 -12.1218 63.709
      vertex 0.585867 17.2622 58.1865
      vertex 2.1168 -11.9037 63.9
    endloop
  endfacet
  facet normal 0.965922 1.23761e-05 -0.258832
    outer loop
      vertex 0.585867 -17.2622 58.1865
      vertex 2.06563 -12.1218 63.709
      vertex 2.02024 -12.3583 63.5396
    endloop
  endfacet
  facet normal 0.965935 -4.43247e-05 -0.258784
    outer loop
      vertex 0.585867 -17.2622 58.1865
      vertex 2.02024 -12.3583 63.5396
      vertex 1.98106 -12.6108 63.3934
    endloop
  endfacet
  facet normal 0.965922 1.72779e-05 -0.258835
    outer loop
      vertex 0.585867 -17.2622 58.1865
      vertex 1.98106 -12.6108 63.3934
      vertex 1.94848 -12.8769 63.2718
    endloop
  endfacet
  facet normal 0.965926 -1.29397e-06 -0.25882
    outer loop
      vertex 0.585867 -17.2622 58.1865
      vertex 1.94848 -12.8769 63.2718
      vertex 1.92281 -13.1541 63.176
    endloop
  endfacet
  facet normal 0.965921 2.29528e-05 -0.258839
    outer loop
      vertex 0.585867 -17.2622 58.1865
      vertex 1.92281 -13.1541 63.176
      vertex 1.9043 -13.4397 63.1069
    endloop
  endfacet
  facet normal 0.96593 -2.38299e-05 -0.258805
    outer loop
      vertex 0.585867 -17.2622 58.1865
      vertex 1.9043 -13.4397 63.1069
      vertex 1.89312 -13.7309 63.0652
    endloop
  endfacet
  facet normal 0.965935 -5.26424e-05 -0.258785
    outer loop
      vertex 0.585867 -17.2622 58.1865
      vertex 1.89312 -13.7309 63.0652
      vertex 1.88938 -14.025 63.0513
    endloop
  endfacet
  facet normal 0.965918 4.94312e-05 -0.258849
    outer loop
      vertex 0.585867 -17.2622 58.1865
      vertex 1.88938 -14.025 63.0513
      vertex 1.89312 -14.3191 63.0652
    endloop
  endfacet
  facet normal 0.965922 1.96613e-05 -0.258832
    outer loop
      vertex 0.585867 -17.2622 58.1865
      vertex 1.89312 -14.3191 63.0652
      vertex 1.9043 -14.6103 63.1069
    endloop
  endfacet
  facet normal 0.965925 0 -0.258821
    outer loop
      vertex 2.06563 -12.1218 63.709
      vertex 0.585867 -17.2622 58.1865
      vertex 0.585867 17.2622 58.1865
    endloop
  endfacet
  facet normal 0.965927 -1.64886e-05 -0.258814
    outer loop
      vertex 1.92281 -14.8959 63.176
      vertex 0.585867 -17.2622 58.1865
      vertex 1.9043 -14.6103 63.1069
    endloop
  endfacet
  facet normal 0.965925 7.95653e-07 -0.258821
    outer loop
      vertex 1.94848 -15.173 63.2718
      vertex 0.585867 -17.2622 58.1865
      vertex 1.92281 -14.8959 63.176
    endloop
  endfacet
  facet normal 0.965926 -8.8117e-06 -0.258818
    outer loop
      vertex 1.98106 -15.4392 63.3934
      vertex 0.585867 -17.2622 58.1865
      vertex 1.94848 -15.173 63.2718
    endloop
  endfacet
  facet normal 0.965924 1.77914e-05 -0.258826
    outer loop
      vertex 2.02024 -15.6917 63.5396
      vertex 0.585867 -17.2622 58.1865
      vertex 1.98106 -15.4392 63.3934
    endloop
  endfacet
  facet normal 0.965926 -1.73506e-06 -0.258818
    outer loop
      vertex 0.583579 -17.4422 58.1779
      vertex 2.02024 -15.6917 63.5396
      vertex 2.06563 -15.9282 63.709
    endloop
  endfacet
  facet normal 0.965928 -2.92935e-05 -0.258811
    outer loop
      vertex 0.583579 -17.4422 58.1779
      vertex 2.06563 -15.9282 63.709
      vertex 2.1168 -16.1463 63.9
    endloop
  endfacet
  facet normal 0.965926 1.38263e-05 -0.25882
    outer loop
      vertex 0.583579 -17.4422 58.1779
      vertex 2.1168 -16.1463 63.9
      vertex 2.17326 -16.344 64.1107
    endloop
  endfacet
  facet normal 0.965926 3.15602e-06 -0.258818
    outer loop
      vertex 0.583579 -17.4422 58.1779
      vertex 2.17326 -16.344 64.1107
      vertex 2.23446 -16.5194 64.3391
    endloop
  endfacet
  facet normal 0.965925 3.85044e-05 -0.258823
    outer loop
      vertex 0.583579 -17.4422 58.1779
      vertex 2.23446 -16.5194 64.3391
      vertex 2.29982 -16.6708 64.583
    endloop
  endfacet
  facet normal 0.965928 -5.99064e-05 -0.258812
    outer loop
      vertex 0.583579 -17.4422 58.1779
      vertex 2.29982 -16.6708 64.583
      vertex 2.3687 -16.7966 64.8401
    endloop
  endfacet
  facet normal 0.965929 -0.000126479 -0.258806
    outer loop
      vertex 0.583579 -17.4422 58.1779
      vertex 2.3687 -16.7966 64.8401
      vertex 2.44044 -16.8958 65.1079
    endloop
  endfacet
  facet normal 0.965923 0.000214028 -0.258831
    outer loop
      vertex 0.583579 -17.4422 58.1779
      vertex 2.44044 -16.8958 65.1079
      vertex 2.51436 -16.9674 65.3837
    endloop
  endfacet
  facet normal 0.965927 -5.98191e-05 -0.258814
    outer loop
      vertex 0.583579 -17.4422 58.1779
      vertex 2.51436 -16.9674 65.3837
      vertex 2.58973 -17.0106 65.665
    endloop
  endfacet
  facet normal 0.965917 0.000145261 -0.258852
    outer loop
      vertex 0.284916 -19.1081 57.0633
      vertex 2.58973 -17.0106 65.665
      vertex 2.66584 -17.025 65.949
    endloop
  endfacet
  facet normal -0.0628828 -0.970036 -0.234682
    outer loop
      vertex 4.38159 -5.99582 72.3523
      vertex 14.1148 -6.06736 70.04
      vertex 4.4555 -6.06736 72.6282
    endloop
  endfacet
  facet normal -0.0628785 -0.970041 -0.234664
    outer loop
      vertex 14.1148 -6.06736 70.04
      vertex 4.38159 -5.99582 72.3523
      vertex 14.0408 -5.99582 69.7641
    endloop
  endfacet
  facet normal 0.243688 0.336901 0.909458
    outer loop
      vertex 14.9836 -1.97695 73.2825
      vertex 5.35 -2.25415 75.9665
      vertex 15.0093 -2.25415 73.3783
    endloop
  endfacet
  facet normal 0.243691 0.336877 0.909466
    outer loop
      vertex 5.35 -2.25415 75.9665
      vertex 14.9836 -1.97695 73.2825
      vertex 5.32433 -1.97695 75.8707
    endloop
  endfacet
  facet normal 0.207887 0.5957 0.775838
    outer loop
      vertex 14.8664 -1.22182 72.8453
      vertex 5.25258 -1.45829 75.6029
      vertex 14.9118 -1.45829 73.0147
    endloop
  endfacet
  facet normal 0.207888 0.595694 0.775842
    outer loop
      vertex 5.25258 -1.45829 75.6029
      vertex 14.8664 -1.22182 72.8453
      vertex 5.20719 -1.22182 75.4335
    endloop
  endfacet
  facet normal -0.0126961 0.998796 -0.0473823
    outer loop
      vertex 14.2662 -0.125 70.6053
      vertex 4.53087 -0.139445 72.9094
      vertex 4.60698 -0.125 73.1935
    endloop
  endfacet
  facet normal -0.0126999 0.998795 -0.0473984
    outer loop
      vertex 4.53087 -0.139445 72.9094
      vertex 14.2662 -0.125 70.6053
      vertex 14.1901 -0.139445 70.3213
    endloop
  endfacet
  facet normal 0.251063 -0.242979 0.936978
    outer loop
      vertex 5.36852 -3.71027 76.0356
      vertex 15.0093 -3.99585 73.3783
      vertex 15.0278 -3.71027 73.4474
    endloop
  endfacet
  facet normal 0.251061 -0.242995 0.936975
    outer loop
      vertex 15.0093 -3.99585 73.3783
      vertex 5.36852 -3.71027 76.0356
      vertex 5.35 -3.99585 75.9665
    endloop
  endfacet
  facet normal -0.0871787 -0.941566 -0.325352
    outer loop
      vertex 4.30984 -5.89664 72.0845
      vertex 14.0408 -5.99582 69.7641
      vertex 4.38159 -5.99582 72.3523
    endloop
  endfacet
  facet normal -0.0872057 -0.941523 -0.325467
    outer loop
      vertex 14.0408 -5.99582 69.7641
      vertex 4.30984 -5.89664 72.0845
      vertex 13.9691 -5.89664 69.4964
    endloop
  endfacet
  facet normal -0.133065 0.857717 -0.496604
    outer loop
      vertex 13.9002 -0.479236 69.2393
      vertex 4.1756 -0.63059 71.5836
      vertex 4.24096 -0.479236 71.8275
    endloop
  endfacet
  facet normal -0.133071 0.857703 -0.496627
    outer loop
      vertex 4.1756 -0.63059 71.5836
      vertex 13.9002 -0.479236 69.2393
      vertex 13.8349 -0.63059 68.9954
    endloop
  endfacet
  facet normal 0.087205 -0.941528 0.325453
    outer loop
      vertex 4.83237 -5.99582 74.0347
      vertex 14.5634 -5.89664 71.7142
      vertex 4.90412 -5.89664 74.3024
    endloop
  endfacet
  facet normal 0.0872019 -0.941533 0.32544
    outer loop
      vertex 14.5634 -5.89664 71.7142
      vertex 4.83237 -5.99582 74.0347
      vertex 14.4916 -5.99582 71.4465
    endloop
  endfacet
  facet normal 0.233964 0.427608 0.873162
    outer loop
      vertex 14.951 -1.71081 73.1609
      vertex 5.32433 -1.97695 75.8707
      vertex 14.9836 -1.97695 73.2825
    endloop
  endfacet
  facet normal 0.233966 0.427594 0.873169
    outer loop
      vertex 5.32433 -1.97695 75.8707
      vertex 14.951 -1.71081 73.1609
      vertex 5.29175 -1.71081 75.7491
    endloop
  endfacet
  facet normal 0.0379767 0.989177 0.14173
    outer loop
      vertex 14.4177 -0.182644 71.1706
      vertex 4.68308 -0.139445 73.4775
      vertex 4.75846 -0.182644 73.7588
    endloop
  endfacet
  facet normal 0.0379762 0.989177 0.141728
    outer loop
      vertex 4.68308 -0.139445 73.4775
      vertex 14.4177 -0.182644 71.1706
      vertex 14.3423 -0.139445 70.8893
    endloop
  endfacet
  facet normal 0.154184 0.803192 0.575421
    outer loop
      vertex 14.7588 -0.805968 72.4436
      vertex 5.03836 -0.63059 74.8034
      vertex 5.09956 -0.805968 75.0318
    endloop
  endfacet
  facet normal 0.154184 0.803192 0.575421
    outer loop
      vertex 5.03836 -0.63059 74.8034
      vertex 14.7588 -0.805968 72.4436
      vertex 14.6976 -0.63059 72.2152
    endloop
  endfacet
  facet normal 0.0127048 -0.998794 0.0474146
    outer loop
      vertex 4.60698 -6.125 73.1935
      vertex 14.3423 -6.11055 70.8893
      vertex 4.68308 -6.11055 73.4775
    endloop
  endfacet
  facet normal 0.0127048 -0.998794 0.0474146
    outer loop
      vertex 14.3423 -6.11055 70.8893
      vertex 4.60698 -6.125 73.1935
      vertex 14.2662 -6.125 70.6053
    endloop
  endfacet
  facet normal -0.11068 0.903946 -0.413076
    outer loop
      vertex 13.9691 -0.353361 69.4964
      vertex 4.24096 -0.479236 71.8275
      vertex 4.30984 -0.353361 72.0845
    endloop
  endfacet
  facet normal -0.110649 0.904009 -0.412946
    outer loop
      vertex 4.24096 -0.479236 71.8275
      vertex 13.9691 -0.353361 69.4964
      vertex 13.9002 -0.479236 69.2393
    endloop
  endfacet
  facet normal 0.0628782 0.970041 0.234663
    outer loop
      vertex 14.4916 -0.254178 71.4465
      vertex 4.75846 -0.182644 73.7588
      vertex 4.83237 -0.254178 74.0347
    endloop
  endfacet
  facet normal 0.0628787 0.97004 0.234665
    outer loop
      vertex 4.75846 -0.182644 73.7588
      vertex 14.4916 -0.254178 71.4465
      vertex 14.4177 -0.182644 71.1706
    endloop
  endfacet
  facet normal 0.0127004 0.998795 0.0473982
    outer loop
      vertex 14.3423 -0.139445 70.8893
      vertex 4.60698 -0.125 73.1935
      vertex 4.68308 -0.139445 73.4775
    endloop
  endfacet
  facet normal 0.0127004 0.998795 0.0473982
    outer loop
      vertex 4.60698 -0.125 73.1935
      vertex 14.3423 -0.139445 70.8893
      vertex 14.2662 -0.125 70.6053
    endloop
  endfacet
  facet normal 0.0872074 0.941525 0.325462
    outer loop
      vertex 14.5634 -0.353361 71.7142
      vertex 4.83237 -0.254178 74.0347
      vertex 4.90412 -0.353361 74.3024
    endloop
  endfacet
  facet normal 0.0872042 0.94153 0.325448
    outer loop
      vertex 4.83237 -0.254178 74.0347
      vertex 14.5634 -0.353361 71.7142
      vertex 14.4916 -0.254178 71.4465
    endloop
  endfacet
  facet normal 0.258507 0.0491857 0.964756
    outer loop
      vertex 15.039 -2.83095 73.4891
      vertex 5.38344 -3.125 76.0913
      vertex 15.0427 -3.125 73.5031
    endloop
  endfacet
  facet normal 0.258505 0.0492208 0.964755
    outer loop
      vertex 5.38344 -3.125 76.0913
      vertex 15.039 -2.83095 73.4891
      vertex 5.3797 -2.83095 76.0773
    endloop
  endfacet
  facet normal -0.0127005 -0.998795 -0.0473986
    outer loop
      vertex 4.53087 -6.11055 72.9094
      vertex 14.2662 -6.125 70.6053
      vertex 4.60698 -6.125 73.1935
    endloop
  endfacet
  facet normal -0.0127043 -0.998794 -0.0474147
    outer loop
      vertex 14.2662 -6.125 70.6053
      vertex 4.53087 -6.11055 72.9094
      vertex 14.1901 -6.11055 70.3213
    endloop
  endfacet
  facet normal 0.243688 -0.336901 0.909458
    outer loop
      vertex 5.35 -3.99585 75.9665
      vertex 14.9836 -4.27305 73.2825
      vertex 15.0093 -3.99585 73.3783
    endloop
  endfacet
  facet normal 0.243691 -0.336877 0.909466
    outer loop
      vertex 14.9836 -4.27305 73.2825
      vertex 5.35 -3.99585 75.9665
      vertex 5.32433 -4.27305 75.8707
    endloop
  endfacet
  facet normal 0.233964 -0.427608 0.873162
    outer loop
      vertex 5.32433 -4.27305 75.8707
      vertex 14.951 -4.53919 73.1609
      vertex 14.9836 -4.27305 73.2825
    endloop
  endfacet
  facet normal 0.233966 -0.427594 0.873169
    outer loop
      vertex 14.951 -4.53919 73.1609
      vertex 5.32433 -4.27305 75.8707
      vertex 5.29175 -4.53919 75.7491
    endloop
  endfacet
  facet normal 0.173815 -0.740942 0.648686
    outer loop
      vertex 5.09956 -5.44403 75.0318
      vertex 14.8153 -5.24632 72.6543
      vertex 5.15602 -5.24632 75.2425
    endloop
  endfacet
  facet normal 0.173811 -0.740958 0.648669
    outer loop
      vertex 14.8153 -5.24632 72.6543
      vertex 5.09956 -5.44403 75.0318
      vertex 14.7588 -5.44403 72.4436
    endloop
  endfacet
  facet normal -0.0628778 0.970041 -0.234663
    outer loop
      vertex 14.1148 -0.182644 70.04
      vertex 4.38159 -0.254178 72.3523
      vertex 4.4555 -0.182644 72.6282
    endloop
  endfacet
  facet normal -0.0628735 0.970046 -0.234645
    outer loop
      vertex 4.38159 -0.254178 72.3523
      vertex 14.1148 -0.182644 70.04
      vertex 14.0408 -0.254178 69.7641
    endloop
  endfacet
  facet normal 0.25602 -0.146662 0.955481
    outer loop
      vertex 5.3797 -3.41905 76.0773
      vertex 15.0278 -3.71027 73.4474
      vertex 15.039 -3.41905 73.4891
    endloop
  endfacet
  facet normal 0.256021 -0.146645 0.955483
    outer loop
      vertex 15.0278 -3.71027 73.4474
      vertex 5.3797 -3.41905 76.0773
      vertex 5.36852 -3.71027 76.0356
    endloop
  endfacet
  facet normal -0.0379881 0.989169 -0.141778
    outer loop
      vertex 14.1901 -0.139445 70.3213
      vertex 4.4555 -0.182644 72.6282
      vertex 4.53087 -0.139445 72.9094
    endloop
  endfacet
  facet normal -0.0379792 0.989175 -0.14174
    outer loop
      vertex 4.4555 -0.182644 72.6282
      vertex 14.1901 -0.139445 70.3213
      vertex 14.1148 -0.182644 70.04
    endloop
  endfacet
  facet normal 0.221994 -0.514126 0.828488
    outer loop
      vertex 5.29175 -4.53919 75.7491
      vertex 14.9118 -4.79171 73.0147
      vertex 14.951 -4.53919 73.1609
    endloop
  endfacet
  facet normal 0.221997 -0.514107 0.828499
    outer loop
      vertex 14.9118 -4.79171 73.0147
      vertex 5.29175 -4.53919 75.7491
      vertex 5.25258 -4.79171 75.6029
    endloop
  endfacet
  facet normal -0.173808 -0.740942 -0.648687
    outer loop
      vertex 4.05794 -5.24632 71.1444
      vertex 13.7737 -5.44403 68.767
      vertex 4.1144 -5.44403 71.3551
    endloop
  endfacet
  facet normal -0.173805 -0.740958 -0.64867
    outer loop
      vertex 13.7737 -5.44403 68.767
      vertex 4.05794 -5.24632 71.1444
      vertex 13.7172 -5.24632 68.5563
    endloop
  endfacet
  facet normal -0.256021 0.146662 -0.955481
    outer loop
      vertex 13.4935 -2.83095 67.7215
      vertex 3.84544 -2.53973 70.3514
      vertex 13.5047 -2.53973 67.7632
    endloop
  endfacet
  facet normal -0.256022 0.146645 -0.955483
    outer loop
      vertex 3.84544 -2.53973 70.3514
      vertex 13.4935 -2.83095 67.7215
      vertex 3.83426 -2.83095 70.3097
    endloop
  endfacet
  facet normal 0.207887 -0.5957 0.775838
    outer loop
      vertex 5.25258 -4.79171 75.6029
      vertex 14.8664 -5.02818 72.8453
      vertex 14.9118 -4.79171 73.0147
    endloop
  endfacet
  facet normal 0.207888 -0.595694 0.775842
    outer loop
      vertex 14.8664 -5.02818 72.8453
      vertex 5.25258 -4.79171 75.6029
      vertex 5.20719 -5.02818 75.4335
    endloop
  endfacet
  facet normal 0.173816 0.740939 0.648689
    outer loop
      vertex 14.8153 -1.00368 72.6543
      vertex 5.09956 -0.805968 75.0318
      vertex 5.15602 -1.00368 75.2425
    endloop
  endfacet
  facet normal 0.173812 0.740955 0.648672
    outer loop
      vertex 5.09956 -0.805968 75.0318
      vertex 14.8153 -1.00368 72.6543
      vertex 14.7588 -0.805968 72.4436
    endloop
  endfacet
  facet normal -0.256021 -0.146662 -0.955481
    outer loop
      vertex 3.84544 -3.71027 70.3514
      vertex 13.4935 -3.41905 67.7215
      vertex 13.5047 -3.71027 67.7632
    endloop
  endfacet
  facet normal -0.256022 -0.146645 -0.955483
    outer loop
      vertex 13.4935 -3.41905 67.7215
      vertex 3.84544 -3.71027 70.3514
      vertex 3.83426 -3.41905 70.3097
    endloop
  endfacet
  facet normal 0.258507 -0.0491857 0.964756
    outer loop
      vertex 5.38344 -3.125 76.0913
      vertex 15.039 -3.41905 73.4891
      vertex 15.0427 -3.125 73.5031
    endloop
  endfacet
  facet normal 0.258505 -0.0492208 0.964755
    outer loop
      vertex 15.039 -3.41905 73.4891
      vertex 5.38344 -3.125 76.0913
      vertex 5.3797 -3.41905 76.0773
    endloop
  endfacet
  facet normal 0.133065 0.857717 0.496604
    outer loop
      vertex 14.6976 -0.63059 72.2152
      vertex 4.973 -0.479236 74.5595
      vertex 5.03836 -0.63059 74.8034
    endloop
  endfacet
  facet normal 0.133071 0.857703 0.496627
    outer loop
      vertex 4.973 -0.479236 74.5595
      vertex 14.6976 -0.63059 72.2152
      vertex 14.6323 -0.479236 71.9713
    endloop
  endfacet
  facet normal 0.110654 -0.903999 0.412966
    outer loop
      vertex 4.90412 -5.89664 74.3024
      vertex 14.6323 -5.77076 71.9713
      vertex 4.973 -5.77076 74.5595
    endloop
  endfacet
  facet normal 0.110652 -0.904002 0.41296
    outer loop
      vertex 14.6323 -5.77076 71.9713
      vertex 4.90412 -5.89664 74.3024
      vertex 14.5634 -5.89664 71.7142
    endloop
  endfacet
  facet normal -0.258507 -0.0491857 -0.964756
    outer loop
      vertex 3.83426 -3.41905 70.3097
      vertex 13.4898 -3.125 67.7075
      vertex 13.4935 -3.41905 67.7215
    endloop
  endfacet
  facet normal -0.258506 -0.0492208 -0.964755
    outer loop
      vertex 13.4898 -3.125 67.7075
      vertex 3.83426 -3.41905 70.3097
      vertex 3.83052 -3.125 70.2957
    endloop
  endfacet
  facet normal -0.154143 0.803309 -0.57527
    outer loop
      vertex 13.8349 -0.63059 68.9954
      vertex 4.1144 -0.805968 71.3551
      vertex 4.1756 -0.63059 71.5836
    endloop
  endfacet
  facet normal -0.154178 0.803192 -0.575423
    outer loop
      vertex 4.1144 -0.805968 71.3551
      vertex 13.8349 -0.63059 68.9954
      vertex 13.7737 -0.805968 68.767
    endloop
  endfacet
  facet normal -0.251064 -0.242979 -0.936978
    outer loop
      vertex 3.86396 -3.99585 70.4205
      vertex 13.5047 -3.71027 67.7632
      vertex 13.5232 -3.99585 67.8323
    endloop
  endfacet
  facet normal -0.251062 -0.242995 -0.936974
    outer loop
      vertex 13.5047 -3.71027 67.7632
      vertex 3.86396 -3.99585 70.4205
      vertex 3.84544 -3.71027 70.3514
    endloop
  endfacet
  facet normal -0.207887 -0.5957 -0.775838
    outer loop
      vertex 4.00677 -5.02818 70.9535
      vertex 13.6206 -4.79171 68.1959
      vertex 13.666 -5.02818 68.3653
    endloop
  endfacet
  facet normal -0.207888 -0.595694 -0.775842
    outer loop
      vertex 13.6206 -4.79171 68.1959
      vertex 4.00677 -5.02818 70.9535
      vertex 3.96138 -4.79171 70.7841
    endloop
  endfacet
  facet normal -0.133063 -0.857723 -0.496594
    outer loop
      vertex 4.1756 -5.61941 71.5836
      vertex 13.9002 -5.77076 69.2393
      vertex 4.24096 -5.77076 71.8275
    endloop
  endfacet
  facet normal -0.133068 -0.857709 -0.496617
    outer loop
      vertex 13.9002 -5.77076 69.2393
      vertex 4.1756 -5.61941 71.5836
      vertex 13.8349 -5.61941 68.9954
    endloop
  endfacet
  facet normal -0.222004 0.514062 -0.828526
    outer loop
      vertex 13.5815 -1.71081 68.0497
      vertex 3.96138 -1.45829 70.7841
      vertex 13.6206 -1.45829 68.1959
    endloop
  endfacet
  facet normal -0.221995 0.514113 -0.828496
    outer loop
      vertex 3.96138 -1.45829 70.7841
      vertex 13.5815 -1.71081 68.0497
      vertex 3.9222 -1.71081 70.6379
    endloop
  endfacet
  facet normal 0.965924 0 -0.258827
    outer loop
      vertex 14.2662 -2.075 70.6053
      vertex 14.2662 -0.125 70.6053
      vertex 14.3423 -0.139445 70.8893
    endloop
  endfacet
  facet normal 0.965905 3.94475e-05 -0.258896
    outer loop
      vertex 14.2929 -2.08006 70.7047
      vertex 14.3423 -0.139445 70.8893
      vertex 14.4177 -0.182644 71.1706
    endloop
  endfacet
  facet normal 0.965924 0 -0.258827
    outer loop
      vertex 14.2662 -0.125 70.6053
      vertex 14.2662 -2.075 70.6053
      vertex 14.1901 -0.139445 70.3213
    endloop
  endfacet
  facet normal 0.96595 4.01064e-06 -0.258729
    outer loop
      vertex 14.3193 -2.09517 70.8032
      vertex 14.4177 -0.182644 71.1706
      vertex 14.4916 -0.254178 71.4465
    endloop
  endfacet
  facet normal 0.966008 4.95386e-05 -0.258512
    outer loop
      vertex 14.2396 -2.08006 70.5059
      vertex 14.1901 -0.139445 70.3213
      vertex 14.2662 -2.075 70.6053
    endloop
  endfacet
  facet normal 0.965869 7.35866e-05 -0.259029
    outer loop
      vertex 14.3451 -2.12021 70.8997
      vertex 14.4916 -0.254178 71.4465
      vertex 14.5634 -0.353361 71.7142
    endloop
  endfacet
  facet normal 0.965988 4.18054e-05 -0.258588
    outer loop
      vertex 14.1901 -0.139445 70.3213
      vertex 14.2396 -2.08006 70.5059
      vertex 14.1148 -0.182644 70.04
    endloop
  endfacet
  facet normal 0.965914 -1.49967e-05 -0.258862
    outer loop
      vertex 14.3702 -2.15493 70.9934
      vertex 14.5634 -0.353361 71.7142
      vertex 14.6323 -0.479236 71.9713
    endloop
  endfacet
  facet normal 0.96591 -3.46648e-05 -0.258878
    outer loop
      vertex 14.2132 -2.09517 70.4074
      vertex 14.1148 -0.182644 70.04
      vertex 14.2396 -2.08006 70.5059
    endloop
  endfacet
  facet normal 0.96596 -0.000119177 -0.258693
    outer loop
      vertex 14.3943 -2.19898 71.0834
      vertex 14.6323 -0.479236 71.9713
      vertex 14.6976 -0.63059 72.2152
    endloop
  endfacet
  facet normal 0.965866 -6.80704e-05 -0.25904
    outer loop
      vertex 14.1148 -0.182644 70.04
      vertex 14.2132 -2.09517 70.4074
      vertex 14.0408 -0.254178 69.7641
    endloop
  endfacet
  facet normal 0.965924 -6.41814e-06 -0.258825
    outer loop
      vertex 14.4172 -2.25196 71.1688
      vertex 14.6976 -0.63059 72.2152
      vertex 14.7588 -0.805968 72.4436
    endloop
  endfacet
  facet normal 0.965826 -0.000123966 -0.25919
    outer loop
      vertex 14.1873 -2.12021 70.3109
      vertex 14.0408 -0.254178 69.7641
      vertex 14.2132 -2.09517 70.4074
    endloop
  endfacet
  facet normal 0.965895 7.97167e-05 -0.258934
    outer loop
      vertex 14.4386 -2.31334 71.2487
      vertex 14.7588 -0.805968 72.4436
      vertex 14.8153 -1.00368 72.6543
    endloop
  endfacet
  facet normal 0.965951 2.17865e-05 -0.258726
    outer loop
      vertex 14.0408 -0.254178 69.7641
      vertex 14.1873 -2.12021 70.3109
      vertex 13.9691 -0.353361 69.4964
    endloop
  endfacet
  facet normal 0.965971 -0.000188014 -0.25865
    outer loop
      vertex 14.4584 -2.38254 71.3224
      vertex 14.8153 -1.00368 72.6543
      vertex 14.8664 -1.22182 72.8453
    endloop
  endfacet
  facet normal 0.965943 6.92689e-06 -0.258756
    outer loop
      vertex 14.1622 -2.15493 70.2172
      vertex 13.9691 -0.353361 69.4964
      vertex 14.1873 -2.12021 70.3109
    endloop
  endfacet
  facet normal 0.965924 3.3938e-05 -0.258825
    outer loop
      vertex 14.4763 -2.45889 71.3893
      vertex 14.8664 -1.22182 72.8453
      vertex 14.9118 -1.45829 73.0147
    endloop
  endfacet
  facet normal 0.96592 -2.98366e-05 -0.258841
    outer loop
      vertex 13.9691 -0.353361 69.4964
      vertex 14.1622 -2.15493 70.2172
      vertex 13.9002 -0.479236 69.2393
    endloop
  endfacet
  facet normal 0.965918 7.95254e-05 -0.25885
    outer loop
      vertex 14.4922 -2.54165 71.4486
      vertex 14.9118 -1.45829 73.0147
      vertex 14.951 -1.71081 73.1609
    endloop
  endfacet
  facet normal 0.96596 6.28233e-05 -0.258693
    outer loop
      vertex 14.1381 -2.19898 70.1272
      vertex 13.9002 -0.479236 69.2393
      vertex 14.1622 -2.15493 70.2172
    endloop
  endfacet
  facet normal 0.965918 4.83079e-05 -0.258849
    outer loop
      vertex 14.5059 -2.63003 71.4998
      vertex 14.951 -1.71081 73.1609
      vertex 14.9836 -1.97695 73.2825
    endloop
  endfacet
  facet normal 0.965966 7.66379e-05 -0.258668
    outer loop
      vertex 13.9002 -0.479236 69.2393
      vertex 14.1381 -2.19898 70.1272
      vertex 13.8349 -0.63059 68.9954
    endloop
  endfacet
  facet normal 0.966092 0.000439642 -0.258199
    outer loop
      vertex 14.1153 -2.25196 70.0418
      vertex 13.8349 -0.63059 68.9954
      vertex 14.1381 -2.19898 70.1272
    endloop
  endfacet
  facet normal 0.965767 9.19772e-05 -0.259412
    outer loop
      vertex 14.3423 -0.139445 70.8893
      vertex 14.2929 -2.08006 70.7047
      vertex 14.2662 -2.075 70.6053
    endloop
  endfacet
  facet normal 0.96591 3.46648e-05 -0.258878
    outer loop
      vertex 14.4177 -0.182644 71.1706
      vertex 14.3193 -2.09517 70.8032
      vertex 14.2929 -2.08006 70.7047
    endloop
  endfacet
  facet normal 0.966059 -0.000148625 -0.258322
    outer loop
      vertex 14.4916 -0.254178 71.4465
      vertex 14.3451 -2.12021 70.8997
      vertex 14.3193 -2.09517 70.8032
    endloop
  endfacet
  facet normal 0.965938 -5.36208e-05 -0.258772
    outer loop
      vertex 14.5634 -0.353361 71.7142
      vertex 14.3702 -2.15493 70.9934
      vertex 14.3451 -2.12021 70.8997
    endloop
  endfacet
  facet normal 0.965954 -0.000107661 -0.258714
    outer loop
      vertex 14.6323 -0.479236 71.9713
      vertex 14.3943 -2.19898 71.0834
      vertex 14.3702 -2.15493 70.9934
    endloop
  endfacet
  facet normal 0.96589 8.16933e-05 -0.258953
    outer loop
      vertex 14.6976 -0.63059 72.2152
      vertex 14.4172 -2.25196 71.1688
      vertex 14.3943 -2.19898 71.0834
    endloop
  endfacet
  facet normal 0.965914 8.99868e-05 -0.258863
    outer loop
      vertex 14.5173 -2.72318 71.5423
      vertex 14.9836 -1.97695 73.2825
      vertex 15.0093 -2.25415 73.3783
    endloop
  endfacet
  facet normal 0.965941 -6.5399e-05 -0.258763
    outer loop
      vertex 14.7588 -0.805968 72.4436
      vertex 14.4386 -2.31334 71.2487
      vertex 14.4172 -2.25196 71.1688
    endloop
  endfacet
  facet normal 0.965835 0.000339356 -0.259159
    outer loop
      vertex 14.8153 -1.00368 72.6543
      vertex 14.4584 -2.38254 71.3224
      vertex 14.4386 -2.31334 71.2487
    endloop
  endfacet
  facet normal 0.965969 -0.000175784 -0.258659
    outer loop
      vertex 14.8664 -1.22182 72.8453
      vertex 14.4763 -2.45889 71.3893
      vertex 14.4584 -2.38254 71.3224
    endloop
  endfacet
  facet normal 0.965927 -5.06618e-05 -0.258815
    outer loop
      vertex 14.5263 -2.8202 71.5758
      vertex 15.0093 -2.25415 73.3783
      vertex 15.0278 -2.53973 73.4474
    endloop
  endfacet
  facet normal 0.965915 9.32264e-05 -0.258859
    outer loop
      vertex 14.9118 -1.45829 73.0147
      vertex 14.4922 -2.54165 71.4486
      vertex 14.4763 -2.45889 71.3893
    endloop
  endfacet
  facet normal 0.965947 -0.000159686 -0.258742
    outer loop
      vertex 14.951 -1.71081 73.1609
      vertex 14.5059 -2.63003 71.4998
      vertex 14.4922 -2.54165 71.4486
    endloop
  endfacet
  facet normal 0.965913 0.000102315 -0.258868
    outer loop
      vertex 14.9836 -1.97695 73.2825
      vertex 14.5173 -2.72318 71.5423
      vertex 14.5059 -2.63003 71.4998
    endloop
  endfacet
  facet normal 0.965906 0.000209285 -0.258891
    outer loop
      vertex 15.0093 -2.25415 73.3783
      vertex 14.5263 -2.8202 71.5758
      vertex 14.5173 -2.72318 71.5423
    endloop
  endfacet
  facet normal 0.965923 8.61174e-05 -0.258831
    outer loop
      vertex 14.5328 -2.92015 71.6
      vertex 15.0278 -2.53973 73.4474
      vertex 15.039 -2.83095 73.4891
    endloop
  endfacet
  facet normal 0.96592 0.000144997 -0.258842
    outer loop
      vertex 15.0278 -2.53973 73.4474
      vertex 14.5328 -2.92015 71.6
      vertex 14.5263 -2.8202 71.5758
    endloop
  endfacet
  facet normal 0.965925 -0.00011475 -0.258822
    outer loop
      vertex 15.039 -2.83095 73.4891
      vertex 14.5367 -3.02208 71.6146
      vertex 14.5328 -2.92015 71.6
    endloop
  endfacet
  facet normal 0.965926 -0.000168378 -0.258817
    outer loop
      vertex 15.0427 -3.125 73.5031
      vertex 14.5367 -3.02208 71.6146
      vertex 15.039 -2.83095 73.4891
    endloop
  endfacet
  facet normal 0.965927 -0.000121326 -0.258815
    outer loop
      vertex 15.0427 -3.125 73.5031
      vertex 14.538 -3.125 71.6195
      vertex 14.5367 -3.02208 71.6146
    endloop
  endfacet
  facet normal 0.965927 0.000121326 -0.258815
    outer loop
      vertex 15.0427 -3.125 73.5031
      vertex 14.5367 -3.22792 71.6146
      vertex 14.538 -3.125 71.6195
    endloop
  endfacet
  facet normal 0.965926 0.000168378 -0.258817
    outer loop
      vertex 15.039 -3.41905 73.4891
      vertex 14.5367 -3.22792 71.6146
      vertex 15.0427 -3.125 73.5031
    endloop
  endfacet
  facet normal 0.965925 0.000114761 -0.258822
    outer loop
      vertex 14.5367 -3.22792 71.6146
      vertex 15.039 -3.41905 73.4891
      vertex 14.5328 -3.32984 71.6
    endloop
  endfacet
  facet normal 0.965923 -8.61173e-05 -0.258831
    outer loop
      vertex 15.0278 -3.71027 73.4474
      vertex 14.5328 -3.32984 71.6
      vertex 15.039 -3.41905 73.4891
    endloop
  endfacet
  facet normal 0.96592 -0.000144983 -0.258842
    outer loop
      vertex 14.5328 -3.32984 71.6
      vertex 15.0278 -3.71027 73.4474
      vertex 14.5263 -3.4298 71.5758
    endloop
  endfacet
  facet normal 0.965927 5.06618e-05 -0.258815
    outer loop
      vertex 15.0093 -3.99585 73.3783
      vertex 14.5263 -3.4298 71.5758
      vertex 15.0278 -3.71027 73.4474
    endloop
  endfacet
  facet normal 0.965906 -0.000209285 -0.258891
    outer loop
      vertex 14.5263 -3.4298 71.5758
      vertex 15.0093 -3.99585 73.3783
      vertex 14.5173 -3.52682 71.5423
    endloop
  endfacet
  facet normal 0.965914 -8.99868e-05 -0.258863
    outer loop
      vertex 14.9836 -4.27305 73.2825
      vertex 14.5173 -3.52682 71.5423
      vertex 15.0093 -3.99585 73.3783
    endloop
  endfacet
  facet normal 0.965913 -0.000102315 -0.258868
    outer loop
      vertex 14.5173 -3.52682 71.5423
      vertex 14.9836 -4.27305 73.2825
      vertex 14.5059 -3.61997 71.4998
    endloop
  endfacet
  facet normal 0.965918 -4.83079e-05 -0.258849
    outer loop
      vertex 14.951 -4.53919 73.1609
      vertex 14.5059 -3.61997 71.4998
      vertex 14.9836 -4.27305 73.2825
    endloop
  endfacet
  facet normal 0.965947 0.000159686 -0.258742
    outer loop
      vertex 14.5059 -3.61997 71.4998
      vertex 14.951 -4.53919 73.1609
      vertex 14.4922 -3.70835 71.4486
    endloop
  endfacet
  facet normal 0.965918 -7.95254e-05 -0.25885
    outer loop
      vertex 14.9118 -4.79171 73.0147
      vertex 14.4922 -3.70835 71.4486
      vertex 14.951 -4.53919 73.1609
    endloop
  endfacet
  facet normal 0.965915 -9.32264e-05 -0.258859
    outer loop
      vertex 14.4922 -3.70835 71.4486
      vertex 14.9118 -4.79171 73.0147
      vertex 14.4763 -3.79111 71.3893
    endloop
  endfacet
  facet normal 0.965924 -3.3938e-05 -0.258825
    outer loop
      vertex 14.8664 -5.02818 72.8453
      vertex 14.4763 -3.79111 71.3893
      vertex 14.9118 -4.79171 73.0147
    endloop
  endfacet
  facet normal 0.965969 0.000175784 -0.258659
    outer loop
      vertex 14.4763 -3.79111 71.3893
      vertex 14.8664 -5.02818 72.8453
      vertex 14.4584 -3.86746 71.3224
    endloop
  endfacet
  facet normal 0.965971 0.000188014 -0.25865
    outer loop
      vertex 14.8153 -5.24632 72.6543
      vertex 14.4584 -3.86746 71.3224
      vertex 14.8664 -5.02818 72.8453
    endloop
  endfacet
  facet normal 0.965835 -0.000339356 -0.259159
    outer loop
      vertex 14.4584 -3.86746 71.3224
      vertex 14.8153 -5.24632 72.6543
      vertex 14.4386 -3.93666 71.2487
    endloop
  endfacet
  facet normal 0.965895 -7.97171e-05 -0.258934
    outer loop
      vertex 14.7588 -5.44403 72.4436
      vertex 14.4386 -3.93666 71.2487
      vertex 14.8153 -5.24632 72.6543
    endloop
  endfacet
  facet normal 0.965924 6.41812e-06 -0.258825
    outer loop
      vertex 14.6976 -5.61941 72.2152
      vertex 14.4172 -3.99804 71.1688
      vertex 14.7588 -5.44403 72.4436
    endloop
  endfacet
  facet normal 0.965941 6.5399e-05 -0.258763
    outer loop
      vertex 14.4386 -3.93666 71.2487
      vertex 14.7588 -5.44403 72.4436
      vertex 14.4172 -3.99804 71.1688
    endloop
  endfacet
  facet normal 0.965924 6.41814e-06 -0.258825
    outer loop
      vertex 13.8349 -0.63059 68.9954
      vertex 14.1153 -2.25196 70.0418
      vertex 13.7737 -0.805968 68.767
    endloop
  endfacet
  facet normal 0.96576 -0.000569941 -0.259435
    outer loop
      vertex 14.0938 -2.31334 69.9619
      vertex 13.7737 -0.805968 68.767
      vertex 14.1153 -2.25196 70.0418
    endloop
  endfacet
  facet normal 0.965904 -0.000116463 -0.258901
    outer loop
      vertex 13.7737 -0.805968 68.767
      vertex 14.0938 -2.31334 69.9619
      vertex 13.7172 -1.00368 68.5563
    endloop
  endfacet
  facet normal 0.96605 0.000511918 -0.258355
    outer loop
      vertex 14.0741 -2.38254 69.8881
      vertex 13.7172 -1.00368 68.5563
      vertex 14.0938 -2.31334 69.9619
    endloop
  endfacet
  facet normal 0.965908 -3.53312e-05 -0.258884
    outer loop
      vertex 13.7172 -1.00368 68.5563
      vertex 14.0741 -2.38254 69.8881
      vertex 13.666 -1.22182 68.3653
    endloop
  endfacet
  facet normal 0.965918 1.47528e-05 -0.258848
    outer loop
      vertex 14.0562 -2.45889 69.8213
      vertex 13.666 -1.22182 68.3653
      vertex 14.0741 -2.38254 69.8881
    endloop
  endfacet
  facet normal 0.965914 -4.3948e-06 -0.258863
    outer loop
      vertex 13.666 -1.22182 68.3653
      vertex 14.0562 -2.45889 69.8213
      vertex 13.6206 -1.45829 68.1959
    endloop
  endfacet
  facet normal 0.965905 -6.36783e-05 -0.258897
    outer loop
      vertex 14.0403 -2.54165 69.762
      vertex 13.6206 -1.45829 68.1959
      vertex 14.0562 -2.45889 69.8213
    endloop
  endfacet
  facet normal 0.965954 0.000219104 -0.258715
    outer loop
      vertex 13.6206 -1.45829 68.1959
      vertex 14.0403 -2.54165 69.762
      vertex 13.5815 -1.71081 68.0497
    endloop
  endfacet
  facet normal 0.965947 0.000159686 -0.258742
    outer loop
      vertex 14.0266 -2.63003 69.7108
      vertex 13.5815 -1.71081 68.0497
      vertex 14.0403 -2.54165 69.762
    endloop
  endfacet
  facet normal 0.965918 -4.83079e-05 -0.258849
    outer loop
      vertex 13.5815 -1.71081 68.0497
      vertex 14.0266 -2.63003 69.7108
      vertex 13.5489 -1.97695 67.9281
    endloop
  endfacet
  facet normal 0.965913 -0.000102315 -0.258868
    outer loop
      vertex 14.0152 -2.72318 69.6683
      vertex 13.5489 -1.97695 67.9281
      vertex 14.0266 -2.63003 69.7108
    endloop
  endfacet
  facet normal 0.965914 -8.99868e-05 -0.258863
    outer loop
      vertex 13.5489 -1.97695 67.9281
      vertex 14.0152 -2.72318 69.6683
      vertex 13.5232 -2.25415 67.8323
    endloop
  endfacet
  facet normal 0.965922 3.58693e-05 -0.258833
    outer loop
      vertex 14.0062 -2.8202 69.6347
      vertex 13.5232 -2.25415 67.8323
      vertex 14.0152 -2.72318 69.6683
    endloop
  endfacet
  facet normal 0.965924 5.38907e-05 -0.258827
    outer loop
      vertex 13.5232 -2.25415 67.8323
      vertex 14.0062 -2.8202 69.6347
      vertex 13.5047 -2.53973 67.7632
    endloop
  endfacet
  facet normal 0.965907 -0.000391714 -0.25889
    outer loop
      vertex 13.9997 -2.92015 69.6106
      vertex 13.5047 -2.53973 67.7632
      vertex 14.0062 -2.8202 69.6347
    endloop
  endfacet
  facet normal 0.965923 -8.61174e-05 -0.258831
    outer loop
      vertex 13.5047 -2.53973 67.7632
      vertex 13.9997 -2.92015 69.6106
      vertex 13.4935 -2.83095 67.7215
    endloop
  endfacet
  facet normal 0.965928 0.000366955 -0.258811
    outer loop
      vertex 13.9958 -3.02208 69.5959
      vertex 13.4935 -2.83095 67.7215
      vertex 13.9997 -2.92015 69.6106
    endloop
  endfacet
  facet normal 0.965915 -0.000127971 -0.258858
    outer loop
      vertex 13.9945 -3.125 69.5911
      vertex 13.4935 -2.83095 67.7215
      vertex 13.9958 -3.02208 69.5959
    endloop
  endfacet
  facet normal 0.965927 0.000168256 -0.258815
    outer loop
      vertex 13.9945 -3.125 69.5911
      vertex 13.4898 -3.125 67.7075
      vertex 13.4935 -2.83095 67.7215
    endloop
  endfacet
  facet normal 0.965927 0.000130145 -0.258815
    outer loop
      vertex 13.9958 -3.22792 69.5959
      vertex 13.4898 -3.125 67.7075
      vertex 13.9945 -3.125 69.5911
    endloop
  endfacet
  facet normal 0.965928 -0.000366991 -0.258811
    outer loop
      vertex 13.4935 -3.41905 67.7215
      vertex 13.9958 -3.22792 69.5959
      vertex 13.9997 -3.32984 69.6106
    endloop
  endfacet
  facet normal 0.965923 -0.000169032 -0.25883
    outer loop
      vertex 13.9958 -3.22792 69.5959
      vertex 13.4935 -3.41905 67.7215
      vertex 13.4898 -3.125 67.7075
    endloop
  endfacet
  facet normal 0.965907 0.000391676 -0.25889
    outer loop
      vertex 13.5047 -3.71027 67.7632
      vertex 13.9997 -3.32984 69.6106
      vertex 14.0062 -3.4298 69.6347
    endloop
  endfacet
  facet normal 0.965922 -3.58693e-05 -0.258833
    outer loop
      vertex 13.5232 -3.99585 67.8323
      vertex 14.0062 -3.4298 69.6347
      vertex 14.0152 -3.52682 69.6683
    endloop
  endfacet
  facet normal 0.965913 0.000102315 -0.258868
    outer loop
      vertex 13.5489 -4.27305 67.9281
      vertex 14.0152 -3.52682 69.6683
      vertex 14.0266 -3.61997 69.7108
    endloop
  endfacet
  facet normal 0.965947 -0.000159686 -0.258742
    outer loop
      vertex 13.5815 -4.53919 68.0497
      vertex 14.0266 -3.61997 69.7108
      vertex 14.0403 -3.70835 69.762
    endloop
  endfacet
  facet normal 0.965923 8.61173e-05 -0.258831
    outer loop
      vertex 13.9997 -3.32984 69.6106
      vertex 13.5047 -3.71027 67.7632
      vertex 13.4935 -3.41905 67.7215
    endloop
  endfacet
  facet normal 0.965905 6.36783e-05 -0.258897
    outer loop
      vertex 13.6206 -4.79171 68.1959
      vertex 14.0403 -3.70835 69.762
      vertex 14.0562 -3.79111 69.8213
    endloop
  endfacet
  facet normal 0.965918 -1.47528e-05 -0.258848
    outer loop
      vertex 13.666 -5.02818 68.3653
      vertex 14.0562 -3.79111 69.8213
      vertex 14.0741 -3.86746 69.8881
    endloop
  endfacet
  facet normal 0.96605 -0.000511918 -0.258355
    outer loop
      vertex 13.7172 -5.24632 68.5563
      vertex 14.0741 -3.86746 69.8881
      vertex 14.0938 -3.93666 69.9619
    endloop
  endfacet
  facet normal 0.965924 -5.38907e-05 -0.258827
    outer loop
      vertex 14.0062 -3.4298 69.6347
      vertex 13.5232 -3.99585 67.8323
      vertex 13.5047 -3.71027 67.7632
    endloop
  endfacet
  facet normal 0.96576 0.000569942 -0.259435
    outer loop
      vertex 13.7737 -5.44403 68.767
      vertex 14.0938 -3.93666 69.9619
      vertex 14.1153 -3.99804 70.0418
    endloop
  endfacet
  facet normal 0.966092 -0.000439642 -0.258199
    outer loop
      vertex 13.8349 -5.61941 68.9954
      vertex 14.1153 -3.99804 70.0418
      vertex 14.1381 -4.05102 70.1272
    endloop
  endfacet
  facet normal 0.96596 -6.28234e-05 -0.258693
    outer loop
      vertex 13.9002 -5.77076 69.2393
      vertex 14.1381 -4.05102 70.1272
      vertex 14.1622 -4.09507 70.2172
    endloop
  endfacet
  facet normal 0.965943 -6.92688e-06 -0.258756
    outer loop
      vertex 13.9691 -5.89664 69.4964
      vertex 14.1622 -4.09507 70.2172
      vertex 14.1873 -4.12979 70.3109
    endloop
  endfacet
  facet normal 0.965826 0.000123969 -0.25919
    outer loop
      vertex 14.0408 -5.99582 69.7641
      vertex 14.1873 -4.12979 70.3109
      vertex 14.2132 -4.15482 70.4074
    endloop
  endfacet
  facet normal 0.96591 3.46639e-05 -0.258878
    outer loop
      vertex 14.1148 -6.06736 70.04
      vertex 14.2132 -4.15482 70.4074
      vertex 14.2396 -4.16994 70.5059
    endloop
  endfacet
  facet normal 0.965914 8.99868e-05 -0.258863
    outer loop
      vertex 14.0152 -3.52682 69.6683
      vertex 13.5489 -4.27305 67.9281
      vertex 13.5232 -3.99585 67.8323
    endloop
  endfacet
  facet normal 0.966008 -4.95387e-05 -0.258512
    outer loop
      vertex 14.1901 -6.11055 70.3213
      vertex 14.2396 -4.16994 70.5059
      vertex 14.2662 -4.175 70.6053
    endloop
  endfacet
  facet normal 0.96589 -8.16933e-05 -0.258953
    outer loop
      vertex 14.4172 -3.99804 71.1688
      vertex 14.6976 -5.61941 72.2152
      vertex 14.3943 -4.05102 71.0834
    endloop
  endfacet
  facet normal 0.96596 0.000119178 -0.258693
    outer loop
      vertex 14.6323 -5.77076 71.9713
      vertex 14.3943 -4.05102 71.0834
      vertex 14.6976 -5.61941 72.2152
    endloop
  endfacet
  facet normal 0.965918 4.83079e-05 -0.258849
    outer loop
      vertex 14.0266 -3.61997 69.7108
      vertex 13.5815 -4.53919 68.0497
      vertex 13.5489 -4.27305 67.9281
    endloop
  endfacet
  facet normal 0.965954 0.000107661 -0.258714
    outer loop
      vertex 14.3943 -4.05102 71.0834
      vertex 14.6323 -5.77076 71.9713
      vertex 14.3702 -4.09507 70.9934
    endloop
  endfacet
  facet normal 0.965954 -0.000219104 -0.258715
    outer loop
      vertex 14.0403 -3.70835 69.762
      vertex 13.6206 -4.79171 68.1959
      vertex 13.5815 -4.53919 68.0497
    endloop
  endfacet
  facet normal 0.965914 1.49966e-05 -0.258862
    outer loop
      vertex 14.5634 -5.89664 71.7142
      vertex 14.3702 -4.09507 70.9934
      vertex 14.6323 -5.77076 71.9713
    endloop
  endfacet
  facet normal 0.965914 4.3948e-06 -0.258863
    outer loop
      vertex 14.0562 -3.79111 69.8213
      vertex 13.666 -5.02818 68.3653
      vertex 13.6206 -4.79171 68.1959
    endloop
  endfacet
  facet normal 0.965938 5.36208e-05 -0.258772
    outer loop
      vertex 14.3702 -4.09507 70.9934
      vertex 14.5634 -5.89664 71.7142
      vertex 14.3451 -4.12979 70.8997
    endloop
  endfacet
  facet normal 0.965908 3.53312e-05 -0.258884
    outer loop
      vertex 14.0741 -3.86746 69.8881
      vertex 13.7172 -5.24632 68.5563
      vertex 13.666 -5.02818 68.3653
    endloop
  endfacet
  facet normal 0.965869 -7.35869e-05 -0.259029
    outer loop
      vertex 14.4916 -5.99582 71.4465
      vertex 14.3451 -4.12979 70.8997
      vertex 14.5634 -5.89664 71.7142
    endloop
  endfacet
  facet normal 0.965904 0.000116464 -0.258901
    outer loop
      vertex 14.0938 -3.93666 69.9619
      vertex 13.7737 -5.44403 68.767
      vertex 13.7172 -5.24632 68.5563
    endloop
  endfacet
  facet normal 0.966059 0.00014863 -0.258322
    outer loop
      vertex 14.3451 -4.12979 70.8997
      vertex 14.4916 -5.99582 71.4465
      vertex 14.3193 -4.15482 70.8032
    endloop
  endfacet
  facet normal 0.965924 -6.41812e-06 -0.258825
    outer loop
      vertex 14.1153 -3.99804 70.0418
      vertex 13.8349 -5.61941 68.9954
      vertex 13.7737 -5.44403 68.767
    endloop
  endfacet
  facet normal 0.96595 -4.0106e-06 -0.258729
    outer loop
      vertex 14.4177 -6.06736 71.1706
      vertex 14.3193 -4.15482 70.8032
      vertex 14.4916 -5.99582 71.4465
    endloop
  endfacet
  facet normal 0.965966 -7.66385e-05 -0.258668
    outer loop
      vertex 14.1381 -4.05102 70.1272
      vertex 13.9002 -5.77076 69.2393
      vertex 13.8349 -5.61941 68.9954
    endloop
  endfacet
  facet normal 0.96591 -3.46639e-05 -0.258878
    outer loop
      vertex 14.3193 -4.15482 70.8032
      vertex 14.4177 -6.06736 71.1706
      vertex 14.2929 -4.16994 70.7047
    endloop
  endfacet
  facet normal 0.96592 2.98363e-05 -0.258841
    outer loop
      vertex 14.1622 -4.09507 70.2172
      vertex 13.9691 -5.89664 69.4964
      vertex 13.9002 -5.77076 69.2393
    endloop
  endfacet
  facet normal 0.965905 -3.94477e-05 -0.258896
    outer loop
      vertex 14.3423 -6.11055 70.8893
      vertex 14.2929 -4.16994 70.7047
      vertex 14.4177 -6.06736 71.1706
    endloop
  endfacet
  facet normal 0.965951 -2.17866e-05 -0.258726
    outer loop
      vertex 14.1873 -4.12979 70.3109
      vertex 14.0408 -5.99582 69.7641
      vertex 13.9691 -5.89664 69.4964
    endloop
  endfacet
  facet normal 0.965767 -9.19775e-05 -0.259412
    outer loop
      vertex 14.2929 -4.16994 70.7047
      vertex 14.3423 -6.11055 70.8893
      vertex 14.2662 -4.175 70.6053
    endloop
  endfacet
  facet normal 0.965866 6.80697e-05 -0.25904
    outer loop
      vertex 14.2132 -4.15482 70.4074
      vertex 14.1148 -6.06736 70.04
      vertex 14.0408 -5.99582 69.7641
    endloop
  endfacet
  facet normal 0.965924 0 -0.258827
    outer loop
      vertex 14.2662 -6.125 70.6053
      vertex 14.2662 -4.175 70.6053
      vertex 14.3423 -6.11055 70.8893
    endloop
  endfacet
  facet normal 0.965988 -4.18056e-05 -0.258588
    outer loop
      vertex 14.2396 -4.16994 70.5059
      vertex 14.1901 -6.11055 70.3213
      vertex 14.1148 -6.06736 70.04
    endloop
  endfacet
  facet normal 0.965924 0 -0.258827
    outer loop
      vertex 14.2662 -4.175 70.6053
      vertex 14.2662 -6.125 70.6053
      vertex 14.1901 -6.11055 70.3213
    endloop
  endfacet
  facet normal -0.207887 0.5957 -0.775838
    outer loop
      vertex 13.6206 -1.45829 68.1959
      vertex 4.00677 -1.22182 70.9535
      vertex 13.666 -1.22182 68.3653
    endloop
  endfacet
  facet normal -0.207888 0.595694 -0.775842
    outer loop
      vertex 4.00677 -1.22182 70.9535
      vertex 13.6206 -1.45829 68.1959
      vertex 3.96138 -1.45829 70.7841
    endloop
  endfacet
  facet normal 0.191771 0.671572 0.715692
    outer loop
      vertex 14.8153 -1.00368 72.6543
      vertex 5.20719 -1.22182 75.4335
      vertex 14.8664 -1.22182 72.8453
    endloop
  endfacet
  facet normal 0.191762 0.671606 0.715663
    outer loop
      vertex 5.20719 -1.22182 75.4335
      vertex 14.8153 -1.00368 72.6543
      vertex 5.15602 -1.00368 75.2425
    endloop
  endfacet
  facet normal 0.11065 0.904006 0.412953
    outer loop
      vertex 14.6323 -0.479236 71.9713
      vertex 4.90412 -0.353361 74.3024
      vertex 4.973 -0.479236 74.5595
    endloop
  endfacet
  facet normal 0.110649 0.904009 0.412946
    outer loop
      vertex 4.90412 -0.353361 74.3024
      vertex 14.6323 -0.479236 71.9713
      vertex 14.5634 -0.353361 71.7142
    endloop
  endfacet
  facet normal -0.154144 -0.803305 -0.575274
    outer loop
      vertex 4.1144 -5.44403 71.3551
      vertex 13.8349 -5.61941 68.9954
      vertex 4.1756 -5.61941 71.5836
    endloop
  endfacet
  facet normal -0.154179 -0.803189 -0.575427
    outer loop
      vertex 13.8349 -5.61941 68.9954
      vertex 4.1144 -5.44403 71.3551
      vertex 13.7737 -5.44403 68.767
    endloop
  endfacet
  facet normal 0.251063 0.242979 0.936978
    outer loop
      vertex 15.0093 -2.25415 73.3783
      vertex 5.36852 -2.53973 76.0356
      vertex 15.0278 -2.53973 73.4474
    endloop
  endfacet
  facet normal 0.251061 0.242995 0.936975
    outer loop
      vertex 5.36852 -2.53973 76.0356
      vertex 15.0093 -2.25415 73.3783
      vertex 5.35 -2.25415 75.9665
    endloop
  endfacet
  facet normal -0.258507 0.0491857 -0.964756
    outer loop
      vertex 13.4898 -3.125 67.7075
      vertex 3.83426 -2.83095 70.3097
      vertex 13.4935 -2.83095 67.7215
    endloop
  endfacet
  facet normal -0.258506 0.0492208 -0.964755
    outer loop
      vertex 3.83426 -2.83095 70.3097
      vertex 13.4898 -3.125 67.7075
      vertex 3.83052 -3.125 70.2957
    endloop
  endfacet
  facet normal -0.191752 -0.67162 -0.715652
    outer loop
      vertex 4.05794 -5.24632 71.1444
      vertex 13.666 -5.02818 68.3653
      vertex 13.7172 -5.24632 68.5563
    endloop
  endfacet
  facet normal -0.191805 -0.671425 -0.71582
    outer loop
      vertex 13.666 -5.02818 68.3653
      vertex 4.05794 -5.24632 71.1444
      vertex 4.00677 -5.02818 70.9535
    endloop
  endfacet
  facet normal 0.191771 -0.671572 0.715692
    outer loop
      vertex 5.20719 -5.02818 75.4335
      vertex 14.8153 -5.24632 72.6543
      vertex 14.8664 -5.02818 72.8453
    endloop
  endfacet
  facet normal 0.191762 -0.671606 0.715663
    outer loop
      vertex 14.8153 -5.24632 72.6543
      vertex 5.20719 -5.02818 75.4335
      vertex 5.15602 -5.24632 75.2425
    endloop
  endfacet
  facet normal -0.173809 0.740939 -0.648691
    outer loop
      vertex 13.7737 -0.805968 68.767
      vertex 4.05794 -1.00368 71.1444
      vertex 4.1144 -0.805968 71.3551
    endloop
  endfacet
  facet normal -0.173806 0.740955 -0.648674
    outer loop
      vertex 4.05794 -1.00368 71.1444
      vertex 13.7737 -0.805968 68.767
      vertex 13.7172 -1.00368 68.5563
    endloop
  endfacet
  facet normal 0.221994 0.514126 0.828488
    outer loop
      vertex 14.9118 -1.45829 73.0147
      vertex 5.29175 -1.71081 75.7491
      vertex 14.951 -1.71081 73.1609
    endloop
  endfacet
  facet normal 0.221997 0.514107 0.828499
    outer loop
      vertex 5.29175 -1.71081 75.7491
      vertex 14.9118 -1.45829 73.0147
      vertex 5.25258 -1.45829 75.6029
    endloop
  endfacet
  facet normal 0.037969 -0.989181 0.141701
    outer loop
      vertex 4.68308 -6.11055 73.4775
      vertex 14.4177 -6.06736 71.1706
      vertex 4.75846 -6.06736 73.7588
    endloop
  endfacet
  facet normal 0.0379684 -0.989181 0.141699
    outer loop
      vertex 14.4177 -6.06736 71.1706
      vertex 4.68308 -6.11055 73.4775
      vertex 14.3423 -6.11055 70.8893
    endloop
  endfacet
  facet normal 0.0628832 -0.970036 0.234682
    outer loop
      vertex 4.75846 -6.06736 73.7588
      vertex 14.4916 -5.99582 71.4465
      vertex 4.83237 -5.99582 74.0347
    endloop
  endfacet
  facet normal 0.0628837 -0.970036 0.234684
    outer loop
      vertex 14.4916 -5.99582 71.4465
      vertex 4.75846 -6.06736 73.7588
      vertex 14.4177 -6.06736 71.1706
    endloop
  endfacet
  facet normal -0.0379803 -0.989174 -0.141749
    outer loop
      vertex 4.4555 -6.06736 72.6282
      vertex 14.1901 -6.11055 70.3213
      vertex 4.53087 -6.11055 72.9094
    endloop
  endfacet
  facet normal -0.0379714 -0.989179 -0.141711
    outer loop
      vertex 14.1901 -6.11055 70.3213
      vertex 4.4555 -6.06736 72.6282
      vertex 14.1148 -6.06736 70.04
    endloop
  endfacet
  facet normal -0.243689 -0.336901 -0.909458
    outer loop
      vertex 3.88963 -4.27305 70.5163
      vertex 13.5232 -3.99585 67.8323
      vertex 13.5489 -4.27305 67.9281
    endloop
  endfacet
  facet normal -0.243692 -0.336877 -0.909466
    outer loop
      vertex 13.5232 -3.99585 67.8323
      vertex 3.88963 -4.27305 70.5163
      vertex 3.86396 -3.99585 70.4205
    endloop
  endfacet
  facet normal 0.25602 0.146662 0.955481
    outer loop
      vertex 15.0278 -2.53973 73.4474
      vertex 5.3797 -2.83095 76.0773
      vertex 15.039 -2.83095 73.4891
    endloop
  endfacet
  facet normal 0.256021 0.146645 0.955483
    outer loop
      vertex 5.3797 -2.83095 76.0773
      vertex 15.0278 -2.53973 73.4474
      vertex 5.36852 -2.53973 76.0356
    endloop
  endfacet
  facet normal -0.087181 0.941562 -0.325361
    outer loop
      vertex 14.0408 -0.254178 69.7641
      vertex 4.30984 -0.353361 72.0845
      vertex 4.38159 -0.254178 72.3523
    endloop
  endfacet
  facet normal -0.087208 0.94152 -0.325476
    outer loop
      vertex 4.30984 -0.353361 72.0845
      vertex 14.0408 -0.254178 69.7641
      vertex 13.9691 -0.353361 69.4964
    endloop
  endfacet
  facet normal -0.233963 0.427608 -0.873162
    outer loop
      vertex 13.5489 -1.97695 67.9281
      vertex 3.9222 -1.71081 70.6379
      vertex 13.5815 -1.71081 68.0497
    endloop
  endfacet
  facet normal -0.233966 0.427587 -0.873172
    outer loop
      vertex 3.9222 -1.71081 70.6379
      vertex 13.5489 -1.97695 67.9281
      vertex 3.88963 -1.97695 70.5163
    endloop
  endfacet
  facet normal -0.243689 0.336901 -0.909458
    outer loop
      vertex 13.5232 -2.25415 67.8323
      vertex 3.88963 -1.97695 70.5163
      vertex 13.5489 -1.97695 67.9281
    endloop
  endfacet
  facet normal -0.243692 0.336877 -0.909466
    outer loop
      vertex 3.88963 -1.97695 70.5163
      vertex 13.5232 -2.25415 67.8323
      vertex 3.86396 -2.25415 70.4205
    endloop
  endfacet
  facet normal -0.222004 -0.514062 -0.828526
    outer loop
      vertex 3.96138 -4.79171 70.7841
      vertex 13.5815 -4.53919 68.0497
      vertex 13.6206 -4.79171 68.1959
    endloop
  endfacet
  facet normal -0.221995 -0.514113 -0.828496
    outer loop
      vertex 13.5815 -4.53919 68.0497
      vertex 3.96138 -4.79171 70.7841
      vertex 3.9222 -4.53919 70.6379
    endloop
  endfacet
  facet normal -0.251064 0.242979 -0.936978
    outer loop
      vertex 13.5047 -2.53973 67.7632
      vertex 3.86396 -2.25415 70.4205
      vertex 13.5232 -2.25415 67.8323
    endloop
  endfacet
  facet normal -0.251062 0.242995 -0.936974
    outer loop
      vertex 3.86396 -2.25415 70.4205
      vertex 13.5047 -2.53973 67.7632
      vertex 3.84544 -2.53973 70.3514
    endloop
  endfacet
  facet normal -0.233963 -0.427608 -0.873162
    outer loop
      vertex 3.9222 -4.53919 70.6379
      vertex 13.5489 -4.27305 67.9281
      vertex 13.5815 -4.53919 68.0497
    endloop
  endfacet
  facet normal -0.233966 -0.427587 -0.873172
    outer loop
      vertex 13.5489 -4.27305 67.9281
      vertex 3.9222 -4.53919 70.6379
      vertex 3.88963 -4.27305 70.5163
    endloop
  endfacet
  facet normal -0.110683 -0.903939 -0.41309
    outer loop
      vertex 4.24096 -5.77076 71.8275
      vertex 13.9691 -5.89664 69.4964
      vertex 4.30984 -5.89664 72.0845
    endloop
  endfacet
  facet normal -0.110653 -0.904002 -0.412959
    outer loop
      vertex 13.9691 -5.89664 69.4964
      vertex 4.24096 -5.77076 71.8275
      vertex 13.9002 -5.77076 69.2393
    endloop
  endfacet
  facet normal -0.191752 0.67162 -0.715652
    outer loop
      vertex 13.666 -1.22182 68.3653
      vertex 4.05794 -1.00368 71.1444
      vertex 13.7172 -1.00368 68.5563
    endloop
  endfacet
  facet normal -0.191805 0.671425 -0.71582
    outer loop
      vertex 4.05794 -1.00368 71.1444
      vertex 13.666 -1.22182 68.3653
      vertex 4.00677 -1.22182 70.9535
    endloop
  endfacet
  facet normal 0.133063 -0.857723 0.496594
    outer loop
      vertex 4.973 -5.77076 74.5595
      vertex 14.6976 -5.61941 72.2152
      vertex 5.03836 -5.61941 74.8034
    endloop
  endfacet
  facet normal 0.133068 -0.857709 0.496617
    outer loop
      vertex 14.6976 -5.61941 72.2152
      vertex 4.973 -5.77076 74.5595
      vertex 14.6323 -5.77076 71.9713
    endloop
  endfacet
  facet normal 0.154186 -0.803189 0.575425
    outer loop
      vertex 5.03836 -5.61941 74.8034
      vertex 14.7588 -5.44403 72.4436
      vertex 5.09956 -5.44403 75.0318
    endloop
  endfacet
  facet normal 0.154186 -0.803189 0.575425
    outer loop
      vertex 14.7588 -5.44403 72.4436
      vertex 5.03836 -5.61941 74.8034
      vertex 14.6976 -5.61941 72.2152
    endloop
  endfacet
  facet normal 0.25602 -0.146662 0.955481
    outer loop
      vertex 5.3797 2.98095 76.0773
      vertex 15.0278 2.68973 73.4474
      vertex 15.039 2.98095 73.4891
    endloop
  endfacet
  facet normal 0.256021 -0.146645 0.955483
    outer loop
      vertex 15.0278 2.68973 73.4474
      vertex 5.3797 2.98095 76.0773
      vertex 5.36852 2.68973 76.0356
    endloop
  endfacet
  facet normal 0.037969 0.989181 0.141701
    outer loop
      vertex 14.4177 6.21736 71.1706
      vertex 4.68308 6.26055 73.4775
      vertex 4.75846 6.21736 73.7588
    endloop
  endfacet
  facet normal 0.0379684 0.989181 0.141699
    outer loop
      vertex 4.68308 6.26055 73.4775
      vertex 14.4177 6.21736 71.1706
      vertex 14.3423 6.26055 70.8893
    endloop
  endfacet
  facet normal 0.0127048 0.998794 0.0474146
    outer loop
      vertex 14.3423 6.26055 70.8893
      vertex 4.60698 6.275 73.1935
      vertex 4.68308 6.26055 73.4775
    endloop
  endfacet
  facet normal 0.0127048 0.998794 0.0474146
    outer loop
      vertex 4.60698 6.275 73.1935
      vertex 14.3423 6.26055 70.8893
      vertex 14.2662 6.275 70.6053
    endloop
  endfacet
  facet normal 0.0628832 0.970036 0.234682
    outer loop
      vertex 14.4916 6.14582 71.4465
      vertex 4.75846 6.21736 73.7588
      vertex 4.83237 6.14582 74.0347
    endloop
  endfacet
  facet normal 0.0628837 0.970036 0.234684
    outer loop
      vertex 4.75846 6.21736 73.7588
      vertex 14.4916 6.14582 71.4465
      vertex 14.4177 6.21736 71.1706
    endloop
  endfacet
  facet normal -0.0127005 0.998795 -0.0473986
    outer loop
      vertex 14.2662 6.275 70.6053
      vertex 4.53087 6.26055 72.9094
      vertex 4.60698 6.275 73.1935
    endloop
  endfacet
  facet normal -0.0127043 0.998794 -0.0474147
    outer loop
      vertex 4.53087 6.26055 72.9094
      vertex 14.2662 6.275 70.6053
      vertex 14.1901 6.26055 70.3213
    endloop
  endfacet
  facet normal 0.233964 0.427608 0.873162
    outer loop
      vertex 14.951 4.68919 73.1609
      vertex 5.32433 4.42305 75.8707
      vertex 14.9836 4.42305 73.2825
    endloop
  endfacet
  facet normal 0.233966 0.427594 0.873169
    outer loop
      vertex 5.32433 4.42305 75.8707
      vertex 14.951 4.68919 73.1609
      vertex 5.29175 4.68919 75.7491
    endloop
  endfacet
  facet normal 0.173815 0.740942 0.648686
    outer loop
      vertex 14.8153 5.39632 72.6543
      vertex 5.09956 5.59403 75.0318
      vertex 5.15602 5.39632 75.2425
    endloop
  endfacet
  facet normal 0.173811 0.740958 0.648669
    outer loop
      vertex 5.09956 5.59403 75.0318
      vertex 14.8153 5.39632 72.6543
      vertex 14.7588 5.59403 72.4436
    endloop
  endfacet
  facet normal -0.222004 0.514062 -0.828526
    outer loop
      vertex 13.5815 4.68919 68.0497
      vertex 3.96138 4.94171 70.7841
      vertex 13.6206 4.94171 68.1959
    endloop
  endfacet
  facet normal -0.221995 0.514113 -0.828496
    outer loop
      vertex 3.96138 4.94171 70.7841
      vertex 13.5815 4.68919 68.0497
      vertex 3.9222 4.68919 70.6379
    endloop
  endfacet
  facet normal 0.243688 0.336901 0.909458
    outer loop
      vertex 14.9836 4.42305 73.2825
      vertex 5.35 4.14585 75.9665
      vertex 15.0093 4.14585 73.3783
    endloop
  endfacet
  facet normal 0.243691 0.336877 0.909466
    outer loop
      vertex 5.35 4.14585 75.9665
      vertex 14.9836 4.42305 73.2825
      vertex 5.32433 4.42305 75.8707
    endloop
  endfacet
  facet normal -0.256021 -0.146662 -0.955481
    outer loop
      vertex 3.84544 2.68973 70.3514
      vertex 13.4935 2.98095 67.7215
      vertex 13.5047 2.68973 67.7632
    endloop
  endfacet
  facet normal -0.256022 -0.146645 -0.955483
    outer loop
      vertex 13.4935 2.98095 67.7215
      vertex 3.84544 2.68973 70.3514
      vertex 3.83426 2.98095 70.3097
    endloop
  endfacet
  facet normal 0.154186 0.803189 0.575425
    outer loop
      vertex 14.7588 5.59403 72.4436
      vertex 5.03836 5.76941 74.8034
      vertex 5.09956 5.59403 75.0318
    endloop
  endfacet
  facet normal 0.154186 0.803189 0.575425
    outer loop
      vertex 5.03836 5.76941 74.8034
      vertex 14.7588 5.59403 72.4436
      vertex 14.6976 5.76941 72.2152
    endloop
  endfacet
  facet normal 0.221994 0.514126 0.828488
    outer loop
      vertex 14.9118 4.94171 73.0147
      vertex 5.29175 4.68919 75.7491
      vertex 14.951 4.68919 73.1609
    endloop
  endfacet
  facet normal 0.221997 0.514107 0.828499
    outer loop
      vertex 5.29175 4.68919 75.7491
      vertex 14.9118 4.94171 73.0147
      vertex 5.25258 4.94171 75.6029
    endloop
  endfacet
  facet normal 0.0872066 -0.941526 0.325459
    outer loop
      vertex 4.83237 0.404179 74.0347
      vertex 14.5634 0.503361 71.7142
      vertex 4.90412 0.503361 74.3024
    endloop
  endfacet
  facet normal 0.0872034 -0.941531 0.325445
    outer loop
      vertex 14.5634 0.503361 71.7142
      vertex 4.83237 0.404179 74.0347
      vertex 14.4916 0.404179 71.4465
    endloop
  endfacet
  facet normal -0.173809 -0.740939 -0.648691
    outer loop
      vertex 4.05794 1.15368 71.1444
      vertex 13.7737 0.955968 68.767
      vertex 4.1144 0.955968 71.3551
    endloop
  endfacet
  facet normal -0.173806 -0.740955 -0.648674
    outer loop
      vertex 13.7737 0.955968 68.767
      vertex 4.05794 1.15368 71.1444
      vertex 13.7172 1.15368 68.5563
    endloop
  endfacet
  facet normal 0.221994 -0.514126 0.828488
    outer loop
      vertex 5.29175 1.86081 75.7491
      vertex 14.9118 1.60829 73.0147
      vertex 14.951 1.86081 73.1609
    endloop
  endfacet
  facet normal 0.221997 -0.514107 0.828499
    outer loop
      vertex 14.9118 1.60829 73.0147
      vertex 5.29175 1.86081 75.7491
      vertex 5.25258 1.60829 75.6029
    endloop
  endfacet
  facet normal 0.251063 -0.242979 0.936978
    outer loop
      vertex 5.36852 2.68973 76.0356
      vertex 15.0093 2.40415 73.3783
      vertex 15.0278 2.68973 73.4474
    endloop
  endfacet
  facet normal 0.251061 -0.242995 0.936975
    outer loop
      vertex 15.0093 2.40415 73.3783
      vertex 5.36852 2.68973 76.0356
      vertex 5.35 2.40415 75.9665
    endloop
  endfacet
  facet normal -0.243689 -0.336901 -0.909458
    outer loop
      vertex 3.88963 2.12695 70.5163
      vertex 13.5232 2.40415 67.8323
      vertex 13.5489 2.12695 67.9281
    endloop
  endfacet
  facet normal -0.243692 -0.336877 -0.909466
    outer loop
      vertex 13.5232 2.40415 67.8323
      vertex 3.88963 2.12695 70.5163
      vertex 3.86396 2.40415 70.4205
    endloop
  endfacet
  facet normal 0.243688 -0.336901 0.909458
    outer loop
      vertex 5.35 2.40415 75.9665
      vertex 14.9836 2.12695 73.2825
      vertex 15.0093 2.40415 73.3783
    endloop
  endfacet
  facet normal 0.243691 -0.336877 0.909466
    outer loop
      vertex 14.9836 2.12695 73.2825
      vertex 5.35 2.40415 75.9665
      vertex 5.32433 2.12695 75.8707
    endloop
  endfacet
  facet normal -0.110683 0.903939 -0.41309
    outer loop
      vertex 13.9691 6.04664 69.4964
      vertex 4.24096 5.92076 71.8275
      vertex 4.30984 6.04664 72.0845
    endloop
  endfacet
  facet normal -0.110653 0.904002 -0.412959
    outer loop
      vertex 4.24096 5.92076 71.8275
      vertex 13.9691 6.04664 69.4964
      vertex 13.9002 5.92076 69.2393
    endloop
  endfacet
  facet normal 0.207887 0.5957 0.775838
    outer loop
      vertex 14.8664 5.17818 72.8453
      vertex 5.25258 4.94171 75.6029
      vertex 14.9118 4.94171 73.0147
    endloop
  endfacet
  facet normal 0.207888 0.595694 0.775842
    outer loop
      vertex 5.25258 4.94171 75.6029
      vertex 14.8664 5.17818 72.8453
      vertex 5.20719 5.17818 75.4335
    endloop
  endfacet
  facet normal -0.0379803 0.989174 -0.141749
    outer loop
      vertex 14.1901 6.26055 70.3213
      vertex 4.4555 6.21736 72.6282
      vertex 4.53087 6.26055 72.9094
    endloop
  endfacet
  facet normal -0.0379714 0.989179 -0.141711
    outer loop
      vertex 4.4555 6.21736 72.6282
      vertex 14.1901 6.26055 70.3213
      vertex 14.1148 6.21736 70.04
    endloop
  endfacet
  facet normal -0.251064 0.242979 -0.936978
    outer loop
      vertex 13.5047 3.86027 67.7632
      vertex 3.86396 4.14585 70.4205
      vertex 13.5232 4.14585 67.8323
    endloop
  endfacet
  facet normal -0.251062 0.242995 -0.936974
    outer loop
      vertex 3.86396 4.14585 70.4205
      vertex 13.5047 3.86027 67.7632
      vertex 3.84544 3.86027 70.3514
    endloop
  endfacet
  facet normal -0.0628786 -0.97004 -0.234666
    outer loop
      vertex 4.38159 0.404179 72.3523
      vertex 14.1148 0.332644 70.04
      vertex 4.4555 0.332644 72.6282
    endloop
  endfacet
  facet normal -0.0628744 -0.970045 -0.234648
    outer loop
      vertex 14.1148 0.332644 70.04
      vertex 4.38159 0.404179 72.3523
      vertex 14.0408 0.404179 69.7641
    endloop
  endfacet
  facet normal -0.133063 0.857723 -0.496594
    outer loop
      vertex 13.9002 5.92076 69.2393
      vertex 4.1756 5.76941 71.5836
      vertex 4.24096 5.92076 71.8275
    endloop
  endfacet
  facet normal -0.133068 0.857709 -0.496617
    outer loop
      vertex 4.1756 5.76941 71.5836
      vertex 13.9002 5.92076 69.2393
      vertex 13.8349 5.76941 68.9954
    endloop
  endfacet
  facet normal -0.233963 -0.427608 -0.873162
    outer loop
      vertex 3.9222 1.86081 70.6379
      vertex 13.5489 2.12695 67.9281
      vertex 13.5815 1.86081 68.0497
    endloop
  endfacet
  facet normal -0.233966 -0.427587 -0.873172
    outer loop
      vertex 13.5489 2.12695 67.9281
      vertex 3.9222 1.86081 70.6379
      vertex 3.88963 2.12695 70.5163
    endloop
  endfacet
  facet normal 0.0628791 -0.97004 0.234666
    outer loop
      vertex 4.75846 0.332644 73.7588
      vertex 14.4916 0.404179 71.4465
      vertex 4.83237 0.404179 74.0347
    endloop
  endfacet
  facet normal 0.0628795 -0.97004 0.234668
    outer loop
      vertex 14.4916 0.404179 71.4465
      vertex 4.75846 0.332644 73.7588
      vertex 14.4177 0.332644 71.1706
    endloop
  endfacet
  facet normal 0.207887 -0.5957 0.775838
    outer loop
      vertex 5.25258 1.60829 75.6029
      vertex 14.8664 1.37182 72.8453
      vertex 14.9118 1.60829 73.0147
    endloop
  endfacet
  facet normal 0.207888 -0.595694 0.775842
    outer loop
      vertex 14.8664 1.37182 72.8453
      vertex 5.25258 1.60829 75.6029
      vertex 5.20719 1.37182 75.4335
    endloop
  endfacet
  facet normal -0.0628828 0.970036 -0.234682
    outer loop
      vertex 14.1148 6.21736 70.04
      vertex 4.38159 6.14582 72.3523
      vertex 4.4555 6.21736 72.6282
    endloop
  endfacet
  facet normal -0.0628785 0.970041 -0.234664
    outer loop
      vertex 4.38159 6.14582 72.3523
      vertex 14.1148 6.21736 70.04
      vertex 14.0408 6.14582 69.7641
    endloop
  endfacet
  facet normal -0.0126961 -0.998796 -0.0473823
    outer loop
      vertex 4.53087 0.289445 72.9094
      vertex 14.2662 0.275 70.6053
      vertex 4.60698 0.275 73.1935
    endloop
  endfacet
  facet normal -0.0126999 -0.998795 -0.0473984
    outer loop
      vertex 14.2662 0.275 70.6053
      vertex 4.53087 0.289445 72.9094
      vertex 14.1901 0.289445 70.3213
    endloop
  endfacet
  facet normal 0.251063 0.242979 0.936978
    outer loop
      vertex 15.0093 4.14585 73.3783
      vertex 5.36852 3.86027 76.0356
      vertex 15.0278 3.86027 73.4474
    endloop
  endfacet
  facet normal 0.251061 0.242995 0.936975
    outer loop
      vertex 5.36852 3.86027 76.0356
      vertex 15.0093 4.14585 73.3783
      vertex 5.35 4.14585 75.9665
    endloop
  endfacet
  facet normal 0.154184 -0.803194 0.575419
    outer loop
      vertex 5.03836 0.780591 74.8034
      vertex 14.7588 0.955968 72.4436
      vertex 5.09956 0.955968 75.0318
    endloop
  endfacet
  facet normal 0.154184 -0.803194 0.575419
    outer loop
      vertex 14.7588 0.955968 72.4436
      vertex 5.03836 0.780591 74.8034
      vertex 14.6976 0.780591 72.2152
    endloop
  endfacet
  facet normal -0.207887 0.5957 -0.775838
    outer loop
      vertex 13.6206 4.94171 68.1959
      vertex 4.00677 5.17818 70.9535
      vertex 13.666 5.17818 68.3653
    endloop
  endfacet
  facet normal -0.207888 0.595694 -0.775842
    outer loop
      vertex 4.00677 5.17818 70.9535
      vertex 13.6206 4.94171 68.1959
      vertex 3.96138 4.94171 70.7841
    endloop
  endfacet
  facet normal -0.243689 0.336901 -0.909458
    outer loop
      vertex 13.5232 4.14585 67.8323
      vertex 3.88963 4.42305 70.5163
      vertex 13.5489 4.42305 67.9281
    endloop
  endfacet
  facet normal -0.243692 0.336877 -0.909466
    outer loop
      vertex 3.88963 4.42305 70.5163
      vertex 13.5232 4.14585 67.8323
      vertex 3.86396 4.14585 70.4205
    endloop
  endfacet
  facet normal -0.207887 -0.5957 -0.775838
    outer loop
      vertex 4.00677 1.37182 70.9535
      vertex 13.6206 1.60829 68.1959
      vertex 13.666 1.37182 68.3653
    endloop
  endfacet
  facet normal -0.207888 -0.595694 -0.775842
    outer loop
      vertex 13.6206 1.60829 68.1959
      vertex 4.00677 1.37182 70.9535
      vertex 3.96138 1.60829 70.7841
    endloop
  endfacet
  facet normal -0.256021 0.146662 -0.955481
    outer loop
      vertex 13.4935 3.56905 67.7215
      vertex 3.84544 3.86027 70.3514
      vertex 13.5047 3.86027 67.7632
    endloop
  endfacet
  facet normal -0.256022 0.146645 -0.955483
    outer loop
      vertex 3.84544 3.86027 70.3514
      vertex 13.4935 3.56905 67.7215
      vertex 3.83426 3.56905 70.3097
    endloop
  endfacet
  facet normal -0.233963 0.427608 -0.873162
    outer loop
      vertex 13.5489 4.42305 67.9281
      vertex 3.9222 4.68919 70.6379
      vertex 13.5815 4.68919 68.0497
    endloop
  endfacet
  facet normal -0.233966 0.427587 -0.873172
    outer loop
      vertex 3.9222 4.68919 70.6379
      vertex 13.5489 4.42305 67.9281
      vertex 3.88963 4.42305 70.5163
    endloop
  endfacet
  facet normal -0.154142 -0.80331 -0.575268
    outer loop
      vertex 4.1144 0.955968 71.3551
      vertex 13.8349 0.780591 68.9954
      vertex 4.1756 0.780591 71.5836
    endloop
  endfacet
  facet normal -0.154177 -0.803194 -0.575421
    outer loop
      vertex 13.8349 0.780591 68.9954
      vertex 4.1144 0.955968 71.3551
      vertex 13.7737 0.955968 68.767
    endloop
  endfacet
  facet normal -0.191752 -0.67162 -0.715652
    outer loop
      vertex 4.05794 1.15368 71.1444
      vertex 13.666 1.37182 68.3653
      vertex 13.7172 1.15368 68.5563
    endloop
  endfacet
  facet normal -0.191805 -0.671425 -0.71582
    outer loop
      vertex 13.666 1.37182 68.3653
      vertex 4.05794 1.15368 71.1444
      vertex 4.00677 1.37182 70.9535
    endloop
  endfacet
  facet normal 0.233964 -0.427608 0.873162
    outer loop
      vertex 5.32433 2.12695 75.8707
      vertex 14.951 1.86081 73.1609
      vertex 14.9836 2.12695 73.2825
    endloop
  endfacet
  facet normal 0.233966 -0.427594 0.873169
    outer loop
      vertex 14.951 1.86081 73.1609
      vertex 5.32433 2.12695 75.8707
      vertex 5.29175 1.86081 75.7491
    endloop
  endfacet
  facet normal -0.110679 -0.903947 -0.413073
    outer loop
      vertex 4.24096 0.629235 71.8275
      vertex 13.9691 0.503361 69.4964
      vertex 4.30984 0.503361 72.0845
    endloop
  endfacet
  facet normal -0.110648 -0.90401 -0.412943
    outer loop
      vertex 13.9691 0.503361 69.4964
      vertex 4.24096 0.629235 71.8275
      vertex 13.9002 0.629235 69.2393
    endloop
  endfacet
  facet normal 0.191771 0.671572 0.715692
    outer loop
      vertex 14.8153 5.39632 72.6543
      vertex 5.20719 5.17818 75.4335
      vertex 14.8664 5.17818 72.8453
    endloop
  endfacet
  facet normal 0.191762 0.671606 0.715663
    outer loop
      vertex 5.20719 5.17818 75.4335
      vertex 14.8153 5.39632 72.6543
      vertex 5.15602 5.39632 75.2425
    endloop
  endfacet
  facet normal -0.0379881 -0.989169 -0.141778
    outer loop
      vertex 4.4555 0.332644 72.6282
      vertex 14.1901 0.289445 70.3213
      vertex 4.53087 0.289445 72.9094
    endloop
  endfacet
  facet normal -0.0379792 -0.989175 -0.14174
    outer loop
      vertex 14.1901 0.289445 70.3213
      vertex 4.4555 0.332644 72.6282
      vertex 14.1148 0.332644 70.04
    endloop
  endfacet
  facet normal -0.154144 0.803305 -0.575274
    outer loop
      vertex 13.8349 5.76941 68.9954
      vertex 4.1144 5.59403 71.3551
      vertex 4.1756 5.76941 71.5836
    endloop
  endfacet
  facet normal -0.154179 0.803189 -0.575427
    outer loop
      vertex 4.1144 5.59403 71.3551
      vertex 13.8349 5.76941 68.9954
      vertex 13.7737 5.59403 68.767
    endloop
  endfacet
  facet normal 0.11065 -0.904007 0.41295
    outer loop
      vertex 4.90412 0.503361 74.3024
      vertex 14.6323 0.629235 71.9713
      vertex 4.973 0.629235 74.5595
    endloop
  endfacet
  facet normal 0.110648 -0.90401 0.412943
    outer loop
      vertex 14.6323 0.629235 71.9713
      vertex 4.90412 0.503361 74.3024
      vertex 14.5634 0.503361 71.7142
    endloop
  endfacet
  facet normal 0.258507 -0.0491857 0.964756
    outer loop
      vertex 5.38344 3.275 76.0913
      vertex 15.039 2.98095 73.4891
      vertex 15.0427 3.275 73.5031
    endloop
  endfacet
  facet normal 0.258505 -0.0492208 0.964755
    outer loop
      vertex 15.039 2.98095 73.4891
      vertex 5.38344 3.275 76.0913
      vertex 5.3797 2.98095 76.0773
    endloop
  endfacet
  facet normal 0.087205 0.941528 0.325453
    outer loop
      vertex 14.5634 6.04664 71.7142
      vertex 4.83237 6.14582 74.0347
      vertex 4.90412 6.04664 74.3024
    endloop
  endfacet
  facet normal 0.0872019 0.941533 0.32544
    outer loop
      vertex 4.83237 6.14582 74.0347
      vertex 14.5634 6.04664 71.7142
      vertex 14.4916 6.14582 71.4465
    endloop
  endfacet
  facet normal 0.191771 -0.671572 0.715692
    outer loop
      vertex 5.20719 1.37182 75.4335
      vertex 14.8153 1.15368 72.6543
      vertex 14.8664 1.37182 72.8453
    endloop
  endfacet
  facet normal 0.191762 -0.671606 0.715663
    outer loop
      vertex 14.8153 1.15368 72.6543
      vertex 5.20719 1.37182 75.4335
      vertex 5.15602 1.15368 75.2425
    endloop
  endfacet
  facet normal -0.258507 -0.0491857 -0.964756
    outer loop
      vertex 3.83426 2.98095 70.3097
      vertex 13.4898 3.275 67.7075
      vertex 13.4935 2.98095 67.7215
    endloop
  endfacet
  facet normal -0.258506 -0.0492208 -0.964755
    outer loop
      vertex 13.4898 3.275 67.7075
      vertex 3.83426 2.98095 70.3097
      vertex 3.83052 3.275 70.2957
    endloop
  endfacet
  facet normal -0.0871803 -0.941563 -0.325358
    outer loop
      vertex 4.30984 0.503361 72.0845
      vertex 14.0408 0.404179 69.7641
      vertex 4.38159 0.404179 72.3523
    endloop
  endfacet
  facet normal -0.0872072 -0.941521 -0.325473
    outer loop
      vertex 14.0408 0.404179 69.7641
      vertex 4.30984 0.503361 72.0845
      vertex 13.9691 0.503361 69.4964
    endloop
  endfacet
  facet normal 0.110654 0.903999 0.412966
    outer loop
      vertex 14.6323 5.92076 71.9713
      vertex 4.90412 6.04664 74.3024
      vertex 4.973 5.92076 74.5595
    endloop
  endfacet
  facet normal 0.110652 0.904002 0.41296
    outer loop
      vertex 4.90412 6.04664 74.3024
      vertex 14.6323 5.92076 71.9713
      vertex 14.5634 6.04664 71.7142
    endloop
  endfacet
  facet normal -0.0871787 0.941566 -0.325352
    outer loop
      vertex 14.0408 6.14582 69.7641
      vertex 4.30984 6.04664 72.0845
      vertex 4.38159 6.14582 72.3523
    endloop
  endfacet
  facet normal -0.0872057 0.941523 -0.325467
    outer loop
      vertex 4.30984 6.04664 72.0845
      vertex 14.0408 6.14582 69.7641
      vertex 13.9691 6.04664 69.4964
    endloop
  endfacet
  facet normal 0.0379767 -0.989177 0.14173
    outer loop
      vertex 4.68308 0.289445 73.4775
      vertex 14.4177 0.332644 71.1706
      vertex 4.75846 0.332644 73.7588
    endloop
  endfacet
  facet normal 0.0379762 -0.989177 0.141728
    outer loop
      vertex 14.4177 0.332644 71.1706
      vertex 4.68308 0.289445 73.4775
      vertex 14.3423 0.289445 70.8893
    endloop
  endfacet
  facet normal 0.133063 0.857723 0.496594
    outer loop
      vertex 14.6976 5.76941 72.2152
      vertex 4.973 5.92076 74.5595
      vertex 5.03836 5.76941 74.8034
    endloop
  endfacet
  facet normal 0.133068 0.857709 0.496617
    outer loop
      vertex 4.973 5.92076 74.5595
      vertex 14.6976 5.76941 72.2152
      vertex 14.6323 5.92076 71.9713
    endloop
  endfacet
  facet normal -0.173808 0.740942 -0.648687
    outer loop
      vertex 13.7737 5.59403 68.767
      vertex 4.05794 5.39632 71.1444
      vertex 4.1144 5.59403 71.3551
    endloop
  endfacet
  facet normal -0.173805 0.740958 -0.64867
    outer loop
      vertex 4.05794 5.39632 71.1444
      vertex 13.7737 5.59403 68.767
      vertex 13.7172 5.39632 68.5563
    endloop
  endfacet
  facet normal 0.173816 -0.740939 0.648689
    outer loop
      vertex 5.09956 0.955968 75.0318
      vertex 14.8153 1.15368 72.6543
      vertex 5.15602 1.15368 75.2425
    endloop
  endfacet
  facet normal 0.173812 -0.740955 0.648672
    outer loop
      vertex 14.8153 1.15368 72.6543
      vertex 5.09956 0.955968 75.0318
      vertex 14.7588 0.955968 72.4436
    endloop
  endfacet
  facet normal 0.258507 0.0491857 0.964756
    outer loop
      vertex 15.039 3.56905 73.4891
      vertex 5.38344 3.275 76.0913
      vertex 15.0427 3.275 73.5031
    endloop
  endfacet
  facet normal 0.258505 0.0492208 0.964755
    outer loop
      vertex 5.38344 3.275 76.0913
      vertex 15.039 3.56905 73.4891
      vertex 5.3797 3.56905 76.0773
    endloop
  endfacet
  facet normal -0.258507 0.0491857 -0.964756
    outer loop
      vertex 13.4898 3.275 67.7075
      vertex 3.83426 3.56905 70.3097
      vertex 13.4935 3.56905 67.7215
    endloop
  endfacet
  facet normal -0.258506 0.0492208 -0.964755
    outer loop
      vertex 3.83426 3.56905 70.3097
      vertex 13.4898 3.275 67.7075
      vertex 3.83052 3.275 70.2957
    endloop
  endfacet
  facet normal 0.133067 -0.857714 0.496609
    outer loop
      vertex 4.973 0.629235 74.5595
      vertex 14.6976 0.780591 72.2152
      vertex 5.03836 0.780591 74.8034
    endloop
  endfacet
  facet normal 0.133072 -0.8577 0.496631
    outer loop
      vertex 14.6976 0.780591 72.2152
      vertex 4.973 0.629235 74.5595
      vertex 14.6323 0.629235 71.9713
    endloop
  endfacet
  facet normal 0.25602 0.146662 0.955481
    outer loop
      vertex 15.0278 3.86027 73.4474
      vertex 5.3797 3.56905 76.0773
      vertex 15.039 3.56905 73.4891
    endloop
  endfacet
  facet normal 0.256021 0.146645 0.955483
    outer loop
      vertex 5.3797 3.56905 76.0773
      vertex 15.0278 3.86027 73.4474
      vertex 5.36852 3.86027 76.0356
    endloop
  endfacet
  facet normal -0.251064 -0.242979 -0.936978
    outer loop
      vertex 3.86396 2.40415 70.4205
      vertex 13.5047 2.68973 67.7632
      vertex 13.5232 2.40415 67.8323
    endloop
  endfacet
  facet normal -0.251062 -0.242995 -0.936974
    outer loop
      vertex 13.5047 2.68973 67.7632
      vertex 3.86396 2.40415 70.4205
      vertex 3.84544 2.68973 70.3514
    endloop
  endfacet
  facet normal -0.133067 -0.857714 -0.496609
    outer loop
      vertex 4.1756 0.780591 71.5836
      vertex 13.9002 0.629235 69.2393
      vertex 4.24096 0.629235 71.8275
    endloop
  endfacet
  facet normal -0.133072 -0.8577 -0.496631
    outer loop
      vertex 13.9002 0.629235 69.2393
      vertex 4.1756 0.780591 71.5836
      vertex 13.8349 0.780591 68.9954
    endloop
  endfacet
  facet normal -0.191752 0.67162 -0.715652
    outer loop
      vertex 13.666 5.17818 68.3653
      vertex 4.05794 5.39632 71.1444
      vertex 13.7172 5.39632 68.5563
    endloop
  endfacet
  facet normal -0.191805 0.671425 -0.71582
    outer loop
      vertex 4.05794 5.39632 71.1444
      vertex 13.666 5.17818 68.3653
      vertex 4.00677 5.17818 70.9535
    endloop
  endfacet
  facet normal 0.0127004 -0.998795 0.0473982
    outer loop
      vertex 4.60698 0.275 73.1935
      vertex 14.3423 0.289445 70.8893
      vertex 4.68308 0.289445 73.4775
    endloop
  endfacet
  facet normal 0.0127004 -0.998795 0.0473982
    outer loop
      vertex 14.3423 0.289445 70.8893
      vertex 4.60698 0.275 73.1935
      vertex 14.2662 0.275 70.6053
    endloop
  endfacet
  facet normal 0.965924 0 -0.258827
    outer loop
      vertex 14.2662 4.325 70.6053
      vertex 14.2662 6.275 70.6053
      vertex 14.3423 6.26055 70.8893
    endloop
  endfacet
  facet normal 0.965905 3.94477e-05 -0.258896
    outer loop
      vertex 14.2929 4.31994 70.7047
      vertex 14.3423 6.26055 70.8893
      vertex 14.4177 6.21736 71.1706
    endloop
  endfacet
  facet normal 0.965924 0 -0.258827
    outer loop
      vertex 14.2662 6.275 70.6053
      vertex 14.2662 4.325 70.6053
      vertex 14.1901 6.26055 70.3213
    endloop
  endfacet
  facet normal 0.96595 4.0106e-06 -0.258729
    outer loop
      vertex 14.3193 4.30482 70.8032
      vertex 14.4177 6.21736 71.1706
      vertex 14.4916 6.14582 71.4465
    endloop
  endfacet
  facet normal 0.966008 4.95387e-05 -0.258512
    outer loop
      vertex 14.2396 4.31994 70.5059
      vertex 14.1901 6.26055 70.3213
      vertex 14.2662 4.325 70.6053
    endloop
  endfacet
  facet normal 0.965869 7.35869e-05 -0.259029
    outer loop
      vertex 14.3451 4.27979 70.8997
      vertex 14.4916 6.14582 71.4465
      vertex 14.5634 6.04664 71.7142
    endloop
  endfacet
  facet normal 0.965988 4.18056e-05 -0.258588
    outer loop
      vertex 14.1901 6.26055 70.3213
      vertex 14.2396 4.31994 70.5059
      vertex 14.1148 6.21736 70.04
    endloop
  endfacet
  facet normal 0.965914 -1.49966e-05 -0.258862
    outer loop
      vertex 14.3702 4.24507 70.9934
      vertex 14.5634 6.04664 71.7142
      vertex 14.6323 5.92076 71.9713
    endloop
  endfacet
  facet normal 0.96591 -3.46639e-05 -0.258878
    outer loop
      vertex 14.2132 4.30482 70.4074
      vertex 14.1148 6.21736 70.04
      vertex 14.2396 4.31994 70.5059
    endloop
  endfacet
  facet normal 0.96596 -0.000119178 -0.258693
    outer loop
      vertex 14.3943 4.20102 71.0834
      vertex 14.6323 5.92076 71.9713
      vertex 14.6976 5.76941 72.2152
    endloop
  endfacet
  facet normal 0.965866 -6.80697e-05 -0.25904
    outer loop
      vertex 14.1148 6.21736 70.04
      vertex 14.2132 4.30482 70.4074
      vertex 14.0408 6.14582 69.7641
    endloop
  endfacet
  facet normal 0.965924 -6.41812e-06 -0.258825
    outer loop
      vertex 14.4172 4.14804 71.1688
      vertex 14.6976 5.76941 72.2152
      vertex 14.7588 5.59403 72.4436
    endloop
  endfacet
  facet normal 0.965826 -0.000123969 -0.25919
    outer loop
      vertex 14.1873 4.27979 70.3109
      vertex 14.0408 6.14582 69.7641
      vertex 14.2132 4.30482 70.4074
    endloop
  endfacet
  facet normal 0.965895 7.97171e-05 -0.258934
    outer loop
      vertex 14.4386 4.08666 71.2487
      vertex 14.7588 5.59403 72.4436
      vertex 14.8153 5.39632 72.6543
    endloop
  endfacet
  facet normal 0.965951 2.17866e-05 -0.258726
    outer loop
      vertex 14.0408 6.14582 69.7641
      vertex 14.1873 4.27979 70.3109
      vertex 13.9691 6.04664 69.4964
    endloop
  endfacet
  facet normal 0.965971 -0.000188014 -0.25865
    outer loop
      vertex 14.4584 4.01746 71.3224
      vertex 14.8153 5.39632 72.6543
      vertex 14.8664 5.17818 72.8453
    endloop
  endfacet
  facet normal 0.965943 6.92688e-06 -0.258756
    outer loop
      vertex 14.1622 4.24507 70.2172
      vertex 13.9691 6.04664 69.4964
      vertex 14.1873 4.27979 70.3109
    endloop
  endfacet
  facet normal 0.965924 3.3938e-05 -0.258825
    outer loop
      vertex 14.4763 3.94111 71.3893
      vertex 14.8664 5.17818 72.8453
      vertex 14.9118 4.94171 73.0147
    endloop
  endfacet
  facet normal 0.96592 -2.98363e-05 -0.258841
    outer loop
      vertex 13.9691 6.04664 69.4964
      vertex 14.1622 4.24507 70.2172
      vertex 13.9002 5.92076 69.2393
    endloop
  endfacet
  facet normal 0.965918 7.95254e-05 -0.25885
    outer loop
      vertex 14.4922 3.85835 71.4486
      vertex 14.9118 4.94171 73.0147
      vertex 14.951 4.68919 73.1609
    endloop
  endfacet
  facet normal 0.96596 6.28234e-05 -0.258693
    outer loop
      vertex 14.1381 4.20102 70.1272
      vertex 13.9002 5.92076 69.2393
      vertex 14.1622 4.24507 70.2172
    endloop
  endfacet
  facet normal 0.965918 4.83079e-05 -0.258849
    outer loop
      vertex 14.5059 3.76997 71.4998
      vertex 14.951 4.68919 73.1609
      vertex 14.9836 4.42305 73.2825
    endloop
  endfacet
  facet normal 0.965966 7.66385e-05 -0.258668
    outer loop
      vertex 13.9002 5.92076 69.2393
      vertex 14.1381 4.20102 70.1272
      vertex 13.8349 5.76941 68.9954
    endloop
  endfacet
  facet normal 0.966092 0.000439642 -0.258199
    outer loop
      vertex 14.1153 4.14804 70.0418
      vertex 13.8349 5.76941 68.9954
      vertex 14.1381 4.20102 70.1272
    endloop
  endfacet
  facet normal 0.965767 9.19775e-05 -0.259412
    outer loop
      vertex 14.3423 6.26055 70.8893
      vertex 14.2929 4.31994 70.7047
      vertex 14.2662 4.325 70.6053
    endloop
  endfacet
  facet normal 0.96591 3.46639e-05 -0.258878
    outer loop
      vertex 14.4177 6.21736 71.1706
      vertex 14.3193 4.30482 70.8032
      vertex 14.2929 4.31994 70.7047
    endloop
  endfacet
  facet normal 0.966059 -0.00014863 -0.258322
    outer loop
      vertex 14.4916 6.14582 71.4465
      vertex 14.3451 4.27979 70.8997
      vertex 14.3193 4.30482 70.8032
    endloop
  endfacet
  facet normal 0.965938 -5.36208e-05 -0.258772
    outer loop
      vertex 14.5634 6.04664 71.7142
      vertex 14.3702 4.24507 70.9934
      vertex 14.3451 4.27979 70.8997
    endloop
  endfacet
  facet normal 0.965954 -0.000107661 -0.258714
    outer loop
      vertex 14.6323 5.92076 71.9713
      vertex 14.3943 4.20102 71.0834
      vertex 14.3702 4.24507 70.9934
    endloop
  endfacet
  facet normal 0.96589 8.16933e-05 -0.258953
    outer loop
      vertex 14.6976 5.76941 72.2152
      vertex 14.4172 4.14804 71.1688
      vertex 14.3943 4.20102 71.0834
    endloop
  endfacet
  facet normal 0.965914 8.99868e-05 -0.258863
    outer loop
      vertex 14.5173 3.67682 71.5423
      vertex 14.9836 4.42305 73.2825
      vertex 15.0093 4.14585 73.3783
    endloop
  endfacet
  facet normal 0.965941 -6.5399e-05 -0.258763
    outer loop
      vertex 14.7588 5.59403 72.4436
      vertex 14.4386 4.08666 71.2487
      vertex 14.4172 4.14804 71.1688
    endloop
  endfacet
  facet normal 0.965835 0.000339356 -0.259159
    outer loop
      vertex 14.8153 5.39632 72.6543
      vertex 14.4584 4.01746 71.3224
      vertex 14.4386 4.08666 71.2487
    endloop
  endfacet
  facet normal 0.965969 -0.000175784 -0.258659
    outer loop
      vertex 14.8664 5.17818 72.8453
      vertex 14.4763 3.94111 71.3893
      vertex 14.4584 4.01746 71.3224
    endloop
  endfacet
  facet normal 0.965927 -5.06618e-05 -0.258815
    outer loop
      vertex 14.5263 3.5798 71.5758
      vertex 15.0093 4.14585 73.3783
      vertex 15.0278 3.86027 73.4474
    endloop
  endfacet
  facet normal 0.965915 9.32264e-05 -0.258859
    outer loop
      vertex 14.9118 4.94171 73.0147
      vertex 14.4922 3.85835 71.4486
      vertex 14.4763 3.94111 71.3893
    endloop
  endfacet
  facet normal 0.965947 -0.000159686 -0.258742
    outer loop
      vertex 14.951 4.68919 73.1609
      vertex 14.5059 3.76997 71.4998
      vertex 14.4922 3.85835 71.4486
    endloop
  endfacet
  facet normal 0.965913 0.000102315 -0.258868
    outer loop
      vertex 14.9836 4.42305 73.2825
      vertex 14.5173 3.67682 71.5423
      vertex 14.5059 3.76997 71.4998
    endloop
  endfacet
  facet normal 0.965906 0.000209285 -0.258891
    outer loop
      vertex 15.0093 4.14585 73.3783
      vertex 14.5263 3.5798 71.5758
      vertex 14.5173 3.67682 71.5423
    endloop
  endfacet
  facet normal 0.965923 8.61173e-05 -0.258831
    outer loop
      vertex 14.5328 3.47984 71.6
      vertex 15.0278 3.86027 73.4474
      vertex 15.039 3.56905 73.4891
    endloop
  endfacet
  facet normal 0.96592 0.000144983 -0.258842
    outer loop
      vertex 15.0278 3.86027 73.4474
      vertex 14.5328 3.47984 71.6
      vertex 14.5263 3.5798 71.5758
    endloop
  endfacet
  facet normal 0.965925 -0.000114761 -0.258822
    outer loop
      vertex 15.039 3.56905 73.4891
      vertex 14.5367 3.37792 71.6146
      vertex 14.5328 3.47984 71.6
    endloop
  endfacet
  facet normal 0.965926 -0.000168378 -0.258817
    outer loop
      vertex 15.0427 3.275 73.5031
      vertex 14.5367 3.37792 71.6146
      vertex 15.039 3.56905 73.4891
    endloop
  endfacet
  facet normal 0.965927 -0.000121326 -0.258815
    outer loop
      vertex 15.0427 3.275 73.5031
      vertex 14.538 3.275 71.6195
      vertex 14.5367 3.37792 71.6146
    endloop
  endfacet
  facet normal 0.965927 0.000121326 -0.258815
    outer loop
      vertex 15.0427 3.275 73.5031
      vertex 14.5367 3.17208 71.6146
      vertex 14.538 3.275 71.6195
    endloop
  endfacet
  facet normal 0.965926 0.000168378 -0.258817
    outer loop
      vertex 15.039 2.98095 73.4891
      vertex 14.5367 3.17208 71.6146
      vertex 15.0427 3.275 73.5031
    endloop
  endfacet
  facet normal 0.965925 0.000114761 -0.258822
    outer loop
      vertex 14.5367 3.17208 71.6146
      vertex 15.039 2.98095 73.4891
      vertex 14.5328 3.07016 71.6
    endloop
  endfacet
  facet normal 0.965923 -8.61173e-05 -0.258831
    outer loop
      vertex 15.0278 2.68973 73.4474
      vertex 14.5328 3.07016 71.6
      vertex 15.039 2.98095 73.4891
    endloop
  endfacet
  facet normal 0.96592 -0.000144983 -0.258842
    outer loop
      vertex 14.5328 3.07016 71.6
      vertex 15.0278 2.68973 73.4474
      vertex 14.5263 2.9702 71.5758
    endloop
  endfacet
  facet normal 0.965927 5.06618e-05 -0.258815
    outer loop
      vertex 15.0093 2.40415 73.3783
      vertex 14.5263 2.9702 71.5758
      vertex 15.0278 2.68973 73.4474
    endloop
  endfacet
  facet normal 0.965906 -0.000209285 -0.258891
    outer loop
      vertex 14.5263 2.9702 71.5758
      vertex 15.0093 2.40415 73.3783
      vertex 14.5173 2.87318 71.5423
    endloop
  endfacet
  facet normal 0.965914 -8.99868e-05 -0.258863
    outer loop
      vertex 14.9836 2.12695 73.2825
      vertex 14.5173 2.87318 71.5423
      vertex 15.0093 2.40415 73.3783
    endloop
  endfacet
  facet normal 0.965913 -0.000102315 -0.258868
    outer loop
      vertex 14.5173 2.87318 71.5423
      vertex 14.9836 2.12695 73.2825
      vertex 14.5059 2.78003 71.4998
    endloop
  endfacet
  facet normal 0.965918 -4.83079e-05 -0.258849
    outer loop
      vertex 14.951 1.86081 73.1609
      vertex 14.5059 2.78003 71.4998
      vertex 14.9836 2.12695 73.2825
    endloop
  endfacet
  facet normal 0.965947 0.000159686 -0.258742
    outer loop
      vertex 14.5059 2.78003 71.4998
      vertex 14.951 1.86081 73.1609
      vertex 14.4922 2.69165 71.4486
    endloop
  endfacet
  facet normal 0.965918 -7.95254e-05 -0.25885
    outer loop
      vertex 14.9118 1.60829 73.0147
      vertex 14.4922 2.69165 71.4486
      vertex 14.951 1.86081 73.1609
    endloop
  endfacet
  facet normal 0.965915 -9.32264e-05 -0.258859
    outer loop
      vertex 14.4922 2.69165 71.4486
      vertex 14.9118 1.60829 73.0147
      vertex 14.4763 2.60889 71.3893
    endloop
  endfacet
  facet normal 0.965924 -3.3938e-05 -0.258825
    outer loop
      vertex 14.8664 1.37182 72.8453
      vertex 14.4763 2.60889 71.3893
      vertex 14.9118 1.60829 73.0147
    endloop
  endfacet
  facet normal 0.965969 0.000175784 -0.258659
    outer loop
      vertex 14.4763 2.60889 71.3893
      vertex 14.8664 1.37182 72.8453
      vertex 14.4584 2.53254 71.3224
    endloop
  endfacet
  facet normal 0.965971 0.000188014 -0.25865
    outer loop
      vertex 14.8153 1.15368 72.6543
      vertex 14.4584 2.53254 71.3224
      vertex 14.8664 1.37182 72.8453
    endloop
  endfacet
  facet normal 0.965835 -0.000339356 -0.259159
    outer loop
      vertex 14.4584 2.53254 71.3224
      vertex 14.8153 1.15368 72.6543
      vertex 14.4386 2.46334 71.2487
    endloop
  endfacet
  facet normal 0.965895 -7.97167e-05 -0.258934
    outer loop
      vertex 14.7588 0.955968 72.4436
      vertex 14.4386 2.46334 71.2487
      vertex 14.8153 1.15368 72.6543
    endloop
  endfacet
  facet normal 0.965924 6.41816e-06 -0.258825
    outer loop
      vertex 14.6976 0.780591 72.2152
      vertex 14.4172 2.40196 71.1688
      vertex 14.7588 0.955968 72.4436
    endloop
  endfacet
  facet normal 0.965941 6.5399e-05 -0.258763
    outer loop
      vertex 14.4386 2.46334 71.2487
      vertex 14.7588 0.955968 72.4436
      vertex 14.4172 2.40196 71.1688
    endloop
  endfacet
  facet normal 0.965924 6.41812e-06 -0.258825
    outer loop
      vertex 13.8349 5.76941 68.9954
      vertex 14.1153 4.14804 70.0418
      vertex 13.7737 5.59403 68.767
    endloop
  endfacet
  facet normal 0.96576 -0.000569942 -0.259435
    outer loop
      vertex 14.0938 4.08666 69.9619
      vertex 13.7737 5.59403 68.767
      vertex 14.1153 4.14804 70.0418
    endloop
  endfacet
  facet normal 0.965904 -0.000116464 -0.258901
    outer loop
      vertex 13.7737 5.59403 68.767
      vertex 14.0938 4.08666 69.9619
      vertex 13.7172 5.39632 68.5563
    endloop
  endfacet
  facet normal 0.96605 0.000511918 -0.258355
    outer loop
      vertex 14.0741 4.01746 69.8881
      vertex 13.7172 5.39632 68.5563
      vertex 14.0938 4.08666 69.9619
    endloop
  endfacet
  facet normal 0.965908 -3.53312e-05 -0.258884
    outer loop
      vertex 13.7172 5.39632 68.5563
      vertex 14.0741 4.01746 69.8881
      vertex 13.666 5.17818 68.3653
    endloop
  endfacet
  facet normal 0.965918 1.47528e-05 -0.258848
    outer loop
      vertex 14.0562 3.94111 69.8213
      vertex 13.666 5.17818 68.3653
      vertex 14.0741 4.01746 69.8881
    endloop
  endfacet
  facet normal 0.965914 -4.3948e-06 -0.258863
    outer loop
      vertex 13.666 5.17818 68.3653
      vertex 14.0562 3.94111 69.8213
      vertex 13.6206 4.94171 68.1959
    endloop
  endfacet
  facet normal 0.965905 -6.36783e-05 -0.258897
    outer loop
      vertex 14.0403 3.85835 69.762
      vertex 13.6206 4.94171 68.1959
      vertex 14.0562 3.94111 69.8213
    endloop
  endfacet
  facet normal 0.965954 0.000219104 -0.258715
    outer loop
      vertex 13.6206 4.94171 68.1959
      vertex 14.0403 3.85835 69.762
      vertex 13.5815 4.68919 68.0497
    endloop
  endfacet
  facet normal 0.965947 0.000159686 -0.258742
    outer loop
      vertex 14.0266 3.76997 69.7108
      vertex 13.5815 4.68919 68.0497
      vertex 14.0403 3.85835 69.762
    endloop
  endfacet
  facet normal 0.965918 -4.83079e-05 -0.258849
    outer loop
      vertex 13.5815 4.68919 68.0497
      vertex 14.0266 3.76997 69.7108
      vertex 13.5489 4.42305 67.9281
    endloop
  endfacet
  facet normal 0.965913 -0.000102315 -0.258868
    outer loop
      vertex 14.0152 3.67682 69.6683
      vertex 13.5489 4.42305 67.9281
      vertex 14.0266 3.76997 69.7108
    endloop
  endfacet
  facet normal 0.965914 -8.99868e-05 -0.258863
    outer loop
      vertex 13.5489 4.42305 67.9281
      vertex 14.0152 3.67682 69.6683
      vertex 13.5232 4.14585 67.8323
    endloop
  endfacet
  facet normal 0.965922 3.58693e-05 -0.258833
    outer loop
      vertex 14.0062 3.5798 69.6347
      vertex 13.5232 4.14585 67.8323
      vertex 14.0152 3.67682 69.6683
    endloop
  endfacet
  facet normal 0.965924 5.38907e-05 -0.258827
    outer loop
      vertex 13.5232 4.14585 67.8323
      vertex 14.0062 3.5798 69.6347
      vertex 13.5047 3.86027 67.7632
    endloop
  endfacet
  facet normal 0.965907 -0.000391676 -0.25889
    outer loop
      vertex 13.9997 3.47984 69.6106
      vertex 13.5047 3.86027 67.7632
      vertex 14.0062 3.5798 69.6347
    endloop
  endfacet
  facet normal 0.965923 -8.61173e-05 -0.258831
    outer loop
      vertex 13.5047 3.86027 67.7632
      vertex 13.9997 3.47984 69.6106
      vertex 13.4935 3.56905 67.7215
    endloop
  endfacet
  facet normal 0.965928 0.000366991 -0.258811
    outer loop
      vertex 13.9958 3.37792 69.5959
      vertex 13.4935 3.56905 67.7215
      vertex 13.9997 3.47984 69.6106
    endloop
  endfacet
  facet normal 0.965915 -0.000127971 -0.258858
    outer loop
      vertex 13.9945 3.275 69.5911
      vertex 13.4935 3.56905 67.7215
      vertex 13.9958 3.37792 69.5959
    endloop
  endfacet
  facet normal 0.965927 0.000168256 -0.258815
    outer loop
      vertex 13.9945 3.275 69.5911
      vertex 13.4898 3.275 67.7075
      vertex 13.4935 3.56905 67.7215
    endloop
  endfacet
  facet normal 0.965927 0.000130145 -0.258815
    outer loop
      vertex 13.9958 3.17208 69.5959
      vertex 13.4898 3.275 67.7075
      vertex 13.9945 3.275 69.5911
    endloop
  endfacet
  facet normal 0.965928 -0.000366991 -0.258811
    outer loop
      vertex 13.4935 2.98095 67.7215
      vertex 13.9958 3.17208 69.5959
      vertex 13.9997 3.07016 69.6106
    endloop
  endfacet
  facet normal 0.965923 -0.000169032 -0.25883
    outer loop
      vertex 13.9958 3.17208 69.5959
      vertex 13.4935 2.98095 67.7215
      vertex 13.4898 3.275 67.7075
    endloop
  endfacet
  facet normal 0.965907 0.000391676 -0.25889
    outer loop
      vertex 13.5047 2.68973 67.7632
      vertex 13.9997 3.07016 69.6106
      vertex 14.0062 2.9702 69.6347
    endloop
  endfacet
  facet normal 0.965922 -3.58693e-05 -0.258833
    outer loop
      vertex 13.5232 2.40415 67.8323
      vertex 14.0062 2.9702 69.6347
      vertex 14.0152 2.87318 69.6683
    endloop
  endfacet
  facet normal 0.965913 0.000102315 -0.258868
    outer loop
      vertex 13.5489 2.12695 67.9281
      vertex 14.0152 2.87318 69.6683
      vertex 14.0266 2.78003 69.7108
    endloop
  endfacet
  facet normal 0.965947 -0.000159686 -0.258742
    outer loop
      vertex 13.5815 1.86081 68.0497
      vertex 14.0266 2.78003 69.7108
      vertex 14.0403 2.69165 69.762
    endloop
  endfacet
  facet normal 0.965923 8.61173e-05 -0.258831
    outer loop
      vertex 13.9997 3.07016 69.6106
      vertex 13.5047 2.68973 67.7632
      vertex 13.4935 2.98095 67.7215
    endloop
  endfacet
  facet normal 0.965905 6.36783e-05 -0.258897
    outer loop
      vertex 13.6206 1.60829 68.1959
      vertex 14.0403 2.69165 69.762
      vertex 14.0562 2.60889 69.8213
    endloop
  endfacet
  facet normal 0.965918 -1.47528e-05 -0.258848
    outer loop
      vertex 13.666 1.37182 68.3653
      vertex 14.0562 2.60889 69.8213
      vertex 14.0741 2.53254 69.8881
    endloop
  endfacet
  facet normal 0.96605 -0.000511918 -0.258355
    outer loop
      vertex 13.7172 1.15368 68.5563
      vertex 14.0741 2.53254 69.8881
      vertex 14.0938 2.46334 69.9619
    endloop
  endfacet
  facet normal 0.965924 -5.38907e-05 -0.258827
    outer loop
      vertex 14.0062 2.9702 69.6347
      vertex 13.5232 2.40415 67.8323
      vertex 13.5047 2.68973 67.7632
    endloop
  endfacet
  facet normal 0.96576 0.000569941 -0.259435
    outer loop
      vertex 13.7737 0.955968 68.767
      vertex 14.0938 2.46334 69.9619
      vertex 14.1153 2.40196 70.0418
    endloop
  endfacet
  facet normal 0.966092 -0.000439642 -0.258199
    outer loop
      vertex 13.8349 0.780591 68.9954
      vertex 14.1153 2.40196 70.0418
      vertex 14.1381 2.34898 70.1272
    endloop
  endfacet
  facet normal 0.96596 -6.28233e-05 -0.258693
    outer loop
      vertex 13.9002 0.629235 69.2393
      vertex 14.1381 2.34898 70.1272
      vertex 14.1622 2.30493 70.2172
    endloop
  endfacet
  facet normal 0.965943 -6.92689e-06 -0.258756
    outer loop
      vertex 13.9691 0.503361 69.4964
      vertex 14.1622 2.30493 70.2172
      vertex 14.1873 2.27021 70.3109
    endloop
  endfacet
  facet normal 0.965826 0.000123969 -0.25919
    outer loop
      vertex 14.0408 0.404179 69.7641
      vertex 14.1873 2.27021 70.3109
      vertex 14.2132 2.24518 70.4074
    endloop
  endfacet
  facet normal 0.96591 3.4664e-05 -0.258878
    outer loop
      vertex 14.1148 0.332644 70.04
      vertex 14.2132 2.24518 70.4074
      vertex 14.2396 2.23006 70.5059
    endloop
  endfacet
  facet normal 0.965914 8.99868e-05 -0.258863
    outer loop
      vertex 14.0152 2.87318 69.6683
      vertex 13.5489 2.12695 67.9281
      vertex 13.5232 2.40415 67.8323
    endloop
  endfacet
  facet normal 0.966008 -4.95386e-05 -0.258512
    outer loop
      vertex 14.1901 0.289445 70.3213
      vertex 14.2396 2.23006 70.5059
      vertex 14.2662 2.225 70.6053
    endloop
  endfacet
  facet normal 0.96589 -8.16933e-05 -0.258953
    outer loop
      vertex 14.4172 2.40196 71.1688
      vertex 14.6976 0.780591 72.2152
      vertex 14.3943 2.34898 71.0834
    endloop
  endfacet
  facet normal 0.96596 0.000119176 -0.258693
    outer loop
      vertex 14.6323 0.629235 71.9713
      vertex 14.3943 2.34898 71.0834
      vertex 14.6976 0.780591 72.2152
    endloop
  endfacet
  facet normal 0.965918 4.83079e-05 -0.258849
    outer loop
      vertex 14.0266 2.78003 69.7108
      vertex 13.5815 1.86081 68.0497
      vertex 13.5489 2.12695 67.9281
    endloop
  endfacet
  facet normal 0.965954 0.000107661 -0.258714
    outer loop
      vertex 14.3943 2.34898 71.0834
      vertex 14.6323 0.629235 71.9713
      vertex 14.3702 2.30493 70.9934
    endloop
  endfacet
  facet normal 0.965954 -0.000219104 -0.258715
    outer loop
      vertex 14.0403 2.69165 69.762
      vertex 13.6206 1.60829 68.1959
      vertex 13.5815 1.86081 68.0497
    endloop
  endfacet
  facet normal 0.965914 1.49967e-05 -0.258862
    outer loop
      vertex 14.5634 0.503361 71.7142
      vertex 14.3702 2.30493 70.9934
      vertex 14.6323 0.629235 71.9713
    endloop
  endfacet
  facet normal 0.965914 4.3948e-06 -0.258863
    outer loop
      vertex 14.0562 2.60889 69.8213
      vertex 13.666 1.37182 68.3653
      vertex 13.6206 1.60829 68.1959
    endloop
  endfacet
  facet normal 0.965938 5.36208e-05 -0.258772
    outer loop
      vertex 14.3702 2.30493 70.9934
      vertex 14.5634 0.503361 71.7142
      vertex 14.3451 2.27021 70.8997
    endloop
  endfacet
  facet normal 0.965908 3.53312e-05 -0.258884
    outer loop
      vertex 14.0741 2.53254 69.8881
      vertex 13.7172 1.15368 68.5563
      vertex 13.666 1.37182 68.3653
    endloop
  endfacet
  facet normal 0.965869 -7.35867e-05 -0.259029
    outer loop
      vertex 14.4916 0.404179 71.4465
      vertex 14.3451 2.27021 70.8997
      vertex 14.5634 0.503361 71.7142
    endloop
  endfacet
  facet normal 0.965904 0.000116463 -0.258901
    outer loop
      vertex 14.0938 2.46334 69.9619
      vertex 13.7737 0.955968 68.767
      vertex 13.7172 1.15368 68.5563
    endloop
  endfacet
  facet normal 0.966059 0.00014863 -0.258322
    outer loop
      vertex 14.3451 2.27021 70.8997
      vertex 14.4916 0.404179 71.4465
      vertex 14.3193 2.24518 70.8032
    endloop
  endfacet
  facet normal 0.965924 -6.41816e-06 -0.258825
    outer loop
      vertex 14.1153 2.40196 70.0418
      vertex 13.8349 0.780591 68.9954
      vertex 13.7737 0.955968 68.767
    endloop
  endfacet
  facet normal 0.96595 -4.01062e-06 -0.258729
    outer loop
      vertex 14.4177 0.332644 71.1706
      vertex 14.3193 2.24518 70.8032
      vertex 14.4916 0.404179 71.4465
    endloop
  endfacet
  facet normal 0.965966 -7.66376e-05 -0.258668
    outer loop
      vertex 14.1381 2.34898 70.1272
      vertex 13.9002 0.629235 69.2393
      vertex 13.8349 0.780591 68.9954
    endloop
  endfacet
  facet normal 0.96591 -3.4664e-05 -0.258878
    outer loop
      vertex 14.3193 2.24518 70.8032
      vertex 14.4177 0.332644 71.1706
      vertex 14.2929 2.23006 70.7047
    endloop
  endfacet
  facet normal 0.96592 2.98366e-05 -0.258841
    outer loop
      vertex 14.1622 2.30493 70.2172
      vertex 13.9691 0.503361 69.4964
      vertex 13.9002 0.629235 69.2393
    endloop
  endfacet
  facet normal 0.965905 -3.94475e-05 -0.258896
    outer loop
      vertex 14.3423 0.289445 70.8893
      vertex 14.2929 2.23006 70.7047
      vertex 14.4177 0.332644 71.1706
    endloop
  endfacet
  facet normal 0.965951 -2.17866e-05 -0.258726
    outer loop
      vertex 14.1873 2.27021 70.3109
      vertex 14.0408 0.404179 69.7641
      vertex 13.9691 0.503361 69.4964
    endloop
  endfacet
  facet normal 0.965767 -9.19772e-05 -0.259412
    outer loop
      vertex 14.2929 2.23006 70.7047
      vertex 14.3423 0.289445 70.8893
      vertex 14.2662 2.225 70.6053
    endloop
  endfacet
  facet normal 0.965866 6.807e-05 -0.25904
    outer loop
      vertex 14.2132 2.24518 70.4074
      vertex 14.1148 0.332644 70.04
      vertex 14.0408 0.404179 69.7641
    endloop
  endfacet
  facet normal 0.965924 0 -0.258827
    outer loop
      vertex 14.2662 0.275 70.6053
      vertex 14.2662 2.225 70.6053
      vertex 14.3423 0.289445 70.8893
    endloop
  endfacet
  facet normal 0.965988 -4.18054e-05 -0.258588
    outer loop
      vertex 14.2396 2.23006 70.5059
      vertex 14.1901 0.289445 70.3213
      vertex 14.1148 0.332644 70.04
    endloop
  endfacet
  facet normal 0.965924 0 -0.258827
    outer loop
      vertex 14.2662 2.225 70.6053
      vertex 14.2662 0.275 70.6053
      vertex 14.1901 0.289445 70.3213
    endloop
  endfacet
  facet normal -0.222004 -0.514062 -0.828526
    outer loop
      vertex 3.96138 1.60829 70.7841
      vertex 13.5815 1.86081 68.0497
      vertex 13.6206 1.60829 68.1959
    endloop
  endfacet
  facet normal -0.221995 -0.514113 -0.828496
    outer loop
      vertex 13.5815 1.86081 68.0497
      vertex 3.96138 1.60829 70.7841
      vertex 3.9222 1.86081 70.6379
    endloop
  endfacet
  facet normal 0 -1 0
    outer loop
      vertex -1.3212 -13.3875 35.6485
      vertex 5.12992 -13.3875 36.5081
      vertex -1.10705 -13.3875 38.1793
    endloop
  endfacet
  facet normal 0 -1 0
    outer loop
      vertex 5.12992 -13.3875 36.5081
      vertex -1.3212 -13.3875 35.6485
      vertex 4.48288 -13.3875 34.0933
    endloop
  endfacet
  facet normal 0.965926 0 -0.258818
    outer loop
      vertex 5.12992 -13.3875 36.5081
      vertex 4.48288 13.3875 34.0933
      vertex 5.12992 13.3875 36.5081
    endloop
  endfacet
  facet normal 0.965926 0 -0.258818
    outer loop
      vertex 4.48288 13.3875 34.0933
      vertex 5.12992 -13.3875 36.5081
      vertex 4.48288 -13.3875 34.0933
    endloop
  endfacet
  facet normal 0.25882 0 0.965925
    outer loop
      vertex -1.10705 13.3875 38.1793
      vertex 5.12992 -13.3875 36.5081
      vertex 5.12992 13.3875 36.5081
    endloop
  endfacet
  facet normal 0.25882 0 0.965925
    outer loop
      vertex 5.12992 -13.3875 36.5081
      vertex -1.10705 13.3875 38.1793
      vertex -1.10705 -13.3875 38.1793
    endloop
  endfacet
  facet normal 0 1 0
    outer loop
      vertex 5.12992 13.3875 36.5081
      vertex -1.3212 13.3875 35.6485
      vertex -1.10705 13.3875 38.1793
    endloop
  endfacet
  facet normal -0 1 0
    outer loop
      vertex -1.3212 13.3875 35.6485
      vertex 5.12992 13.3875 36.5081
      vertex 4.48288 13.3875 34.0933
    endloop
  endfacet
  facet normal -0.258819 0 -0.965926
    outer loop
      vertex -1.3212 -13.3875 35.6485
      vertex 4.48288 13.3875 34.0933
      vertex 4.48288 -13.3875 34.0933
    endloop
  endfacet
  facet normal -0.258819 0 -0.965926
    outer loop
      vertex 4.48288 13.3875 34.0933
      vertex -1.3212 -13.3875 35.6485
      vertex -1.3212 13.3875 35.6485
    endloop
  endfacet
  facet normal -0.965925 0 0.258823
    outer loop
      vertex 5.76954 -13.3875 32.7133
      vertex 6.67541 13.3875 36.094
      vertex 5.76954 13.3875 32.7133
    endloop
  endfacet
  facet normal -0.965925 0 0.258823
    outer loop
      vertex 6.67541 13.3875 36.094
      vertex 5.76954 -13.3875 32.7133
      vertex 6.67541 -13.3875 36.094
    endloop
  endfacet
  facet normal 0 -1 0
    outer loop
      vertex 5.76954 -13.3875 32.7133
      vertex 8.60726 -13.3875 35.5764
      vertex 6.67541 -13.3875 36.094
    endloop
  endfacet
  facet normal 0 -1 0
    outer loop
      vertex 8.60726 -13.3875 35.5764
      vertex 5.76954 -13.3875 32.7133
      vertex 7.70139 -13.3875 32.1956
    endloop
  endfacet
  facet normal 0.965927 0 -0.258816
    outer loop
      vertex 8.60726 -13.3875 35.5764
      vertex 7.70139 13.3875 32.1956
      vertex 8.60726 13.3875 35.5764
    endloop
  endfacet
  facet normal 0.965927 0 -0.258816
    outer loop
      vertex 7.70139 13.3875 32.1956
      vertex 8.60726 -13.3875 35.5764
      vertex 7.70139 -13.3875 32.1956
    endloop
  endfacet
  facet normal 0.258801 0 0.965931
    outer loop
      vertex 6.67541 13.3875 36.094
      vertex 8.60726 -13.3875 35.5764
      vertex 8.60726 13.3875 35.5764
    endloop
  endfacet
  facet normal 0.258801 0 0.965931
    outer loop
      vertex 8.60726 -13.3875 35.5764
      vertex 6.67541 13.3875 36.094
      vertex 6.67541 -13.3875 36.094
    endloop
  endfacet
  facet normal 0 1 0
    outer loop
      vertex 8.60726 13.3875 35.5764
      vertex 5.76954 13.3875 32.7133
      vertex 6.67541 13.3875 36.094
    endloop
  endfacet
  facet normal -0 1 0
    outer loop
      vertex 5.76954 13.3875 32.7133
      vertex 8.60726 13.3875 35.5764
      vertex 7.70139 13.3875 32.1956
    endloop
  endfacet
  facet normal -0.258848 0 -0.965918
    outer loop
      vertex 5.76954 -13.3875 32.7133
      vertex 7.70139 13.3875 32.1956
      vertex 7.70139 -13.3875 32.1956
    endloop
  endfacet
  facet normal -0.258848 0 -0.965918
    outer loop
      vertex 7.70139 13.3875 32.1956
      vertex 5.76954 -13.3875 32.7133
      vertex 5.76954 13.3875 32.7133
    endloop
  endfacet
  facet normal -0.0379775 -0.989175 -0.141745
    outer loop
      vertex -8.94217 -21.577 36.1503
      vertex -5.49862 -21.613 35.4789
      vertex -8.87936 -21.613 36.3847
    endloop
  endfacet
  facet normal -0.0379775 -0.989175 -0.141745
    outer loop
      vertex -5.49862 -21.613 35.4789
      vertex -8.94217 -21.577 36.1503
      vertex -5.56143 -21.577 35.2445
    endloop
  endfacet
  facet normal -0.0126583 -0.998803 -0.0472448
    outer loop
      vertex -8.87936 -21.613 36.3847
      vertex -5.4352 -21.625 35.7156
      vertex -8.81594 -21.625 36.6214
    endloop
  endfacet
  facet normal -0.0126583 -0.998803 -0.0472448
    outer loop
      vertex -5.4352 -21.625 35.7156
      vertex -8.87936 -21.613 36.3847
      vertex -5.49862 -21.613 35.4789
    endloop
  endfacet
  facet normal 0.222009 -0.514069 0.82852
    outer loop
      vertex 2.6251 -20.3035 79.32
      vertex 5.9732 -20.5139 78.2923
      vertex 6.00584 -20.3035 78.4141
    endloop
  endfacet
  facet normal 0.221942 -0.514359 0.828358
    outer loop
      vertex 5.9732 -20.5139 78.2923
      vertex 2.6251 -20.3035 79.32
      vertex 2.59246 -20.5139 79.1981
    endloop
  endfacet
  facet normal 0.0126596 -0.998803 0.0472445
    outer loop
      vertex 2.05446 -21.625 77.1903
      vertex 5.49862 -21.613 76.5211
      vertex 2.11788 -21.613 77.427
    endloop
  endfacet
  facet normal 0.0126596 -0.998803 0.0472445
    outer loop
      vertex 5.49862 -21.613 76.5211
      vertex 2.05446 -21.625 77.1903
      vertex 5.4352 -21.625 76.2844
    endloop
  endfacet
  facet normal 0 1 0
    outer loop
      vertex 5.4352 21.625 76.2844
      vertex -8.81594 21.625 36.6214
      vertex 2.05446 21.625 77.1903
    endloop
  endfacet
  facet normal -0 1 0
    outer loop
      vertex -8.81594 21.625 36.6214
      vertex 5.4352 21.625 76.2844
      vertex -5.4352 21.625 35.7156
    endloop
  endfacet
  facet normal 0.258801 0 0.965931
    outer loop
      vertex 2.70151 19.125 79.6051
      vertex 6.08225 -19.125 78.6993
      vertex 6.08225 19.125 78.6993
    endloop
  endfacet
  facet normal 0.258801 0 0.965931
    outer loop
      vertex 6.08225 -19.125 78.6993
      vertex 2.70151 19.125 79.6051
      vertex 2.70151 -19.125 79.6051
    endloop
  endfacet
  facet normal -0.222009 0.514069 -0.82852
    outer loop
      vertex -6.00584 20.3035 33.5859
      vertex -9.35394 20.5139 34.6136
      vertex -5.9732 20.5139 33.7077
    endloop
  endfacet
  facet normal -0.222009 0.514069 -0.82852
    outer loop
      vertex -9.35394 20.5139 34.6136
      vertex -6.00584 20.3035 33.5859
      vertex -9.38658 20.3035 34.4918
    endloop
  endfacet
  facet normal 0 -1 0
    outer loop
      vertex -8.81594 -21.625 36.6214
      vertex 5.4352 -21.625 76.2844
      vertex 2.05446 -21.625 77.1903
    endloop
  endfacet
  facet normal 0 -1 0
    outer loop
      vertex 5.4352 -21.625 76.2844
      vertex -8.81594 -21.625 36.6214
      vertex -5.4352 -21.625 35.7156
    endloop
  endfacet
  facet normal 0.0629711 0.969953 0.235003
    outer loop
      vertex 5.62303 21.5173 76.9854
      vertex 2.18069 21.577 77.6614
      vertex 2.24229 21.5173 77.8913
    endloop
  endfacet
  facet normal 0.0629711 0.969953 0.235003
    outer loop
      vertex 2.18069 21.577 77.6614
      vertex 5.62303 21.5173 76.9854
      vertex 5.56143 21.577 76.7555
    endloop
  endfacet
  facet normal -0.0379775 0.989175 -0.141745
    outer loop
      vertex -5.49862 21.613 35.4789
      vertex -8.94217 21.577 36.1503
      vertex -8.87936 21.613 36.3847
    endloop
  endfacet
  facet normal -0.0379775 0.989175 -0.141745
    outer loop
      vertex -8.94217 21.577 36.1503
      vertex -5.49862 21.613 35.4789
      vertex -5.56143 21.577 35.2445
    endloop
  endfacet
  facet normal -0.19181 0.671427 -0.715818
    outer loop
      vertex -5.93537 20.711 33.8489
      vertex -9.27347 20.8928 34.9139
      vertex -5.89273 20.8928 34.008
    endloop
  endfacet
  facet normal -0.191739 0.671643 -0.715634
    outer loop
      vertex -9.27347 20.8928 34.9139
      vertex -5.93537 20.711 33.8489
      vertex -9.31611 20.711 34.7547
    endloop
  endfacet
  facet normal -0.133024 0.857821 -0.496436
    outer loop
      vertex -5.74021 21.3298 34.5772
      vertex -9.17542 21.2037 35.2798
      vertex -9.12095 21.3298 35.4831
    endloop
  endfacet
  facet normal -0.133056 0.857717 -0.496607
    outer loop
      vertex -9.17542 21.2037 35.2798
      vertex -5.74021 21.3298 34.5772
      vertex -5.79468 21.2037 34.374
    endloop
  endfacet
  facet normal 0.0871568 0.941599 0.325262
    outer loop
      vertex 5.68281 21.4347 77.2085
      vertex 2.24229 21.5173 77.8913
      vertex 2.30207 21.4347 78.1144
    endloop
  endfacet
  facet normal 0.0871568 0.941599 0.325262
    outer loop
      vertex 2.24229 21.5173 77.8913
      vertex 5.68281 21.4347 77.2085
      vertex 5.62303 21.5173 76.9854
    endloop
  endfacet
  facet normal 0.0871568 -0.941599 0.325262
    outer loop
      vertex 2.24229 -21.5173 77.8913
      vertex 5.68281 -21.4347 77.2085
      vertex 2.30207 -21.4347 78.1144
    endloop
  endfacet
  facet normal 0.0871568 -0.941599 0.325262
    outer loop
      vertex 5.68281 -21.4347 77.2085
      vertex 2.24229 -21.5173 77.8913
      vertex 5.62303 -21.5173 76.9854
    endloop
  endfacet
  facet normal -0.154224 -0.803045 -0.575616
    outer loop
      vertex -9.22642 -21.0575 35.0895
      vertex -5.79468 -21.2037 34.374
      vertex -9.17542 -21.2037 35.2798
    endloop
  endfacet
  facet normal -0.154192 -0.803185 -0.57543
    outer loop
      vertex -5.79468 -21.2037 34.374
      vertex -9.22642 -21.0575 35.0895
      vertex -5.84568 -21.0575 34.1836
    endloop
  endfacet
  facet normal -0.0629647 0.969953 -0.235005
    outer loop
      vertex -5.56143 21.577 35.2445
      vertex -9.00377 21.5173 35.9204
      vertex -8.94217 21.577 36.1503
    endloop
  endfacet
  facet normal -0.0629647 0.969953 -0.235005
    outer loop
      vertex -9.00377 21.5173 35.9204
      vertex -5.56143 21.577 35.2445
      vertex -5.62303 21.5173 35.0146
    endloop
  endfacet
  facet normal -0.207871 -0.595701 -0.775842
    outer loop
      vertex -9.31611 -20.711 34.7547
      vertex -5.9732 -20.5139 33.7077
      vertex -5.93537 -20.711 33.8489
    endloop
  endfacet
  facet normal -0.207941 -0.595447 -0.776018
    outer loop
      vertex -5.9732 -20.5139 33.7077
      vertex -9.31611 -20.711 34.7547
      vertex -9.35394 -20.5139 34.6136
    endloop
  endfacet
  facet normal 0.0379814 -0.989175 0.141743
    outer loop
      vertex 2.11788 -21.613 77.427
      vertex 5.56143 -21.577 76.7555
      vertex 2.18069 -21.577 77.6614
    endloop
  endfacet
  facet normal 0.0379814 -0.989175 0.141743
    outer loop
      vertex 5.56143 -21.577 76.7555
      vertex 2.11788 -21.613 77.427
      vertex 5.49862 -21.613 76.5211
    endloop
  endfacet
  facet normal -0.154224 0.803045 -0.575616
    outer loop
      vertex -5.79468 21.2037 34.374
      vertex -9.22642 21.0575 35.0895
      vertex -9.17542 21.2037 35.2798
    endloop
  endfacet
  facet normal -0.154192 0.803185 -0.57543
    outer loop
      vertex -9.22642 21.0575 35.0895
      vertex -5.79468 21.2037 34.374
      vertex -5.84568 21.0575 34.1836
    endloop
  endfacet
  facet normal 0.173761 -0.74109 0.648531
    outer loop
      vertex 2.46494 -21.0575 78.7222
      vertex 5.89273 -20.8928 77.992
      vertex 2.51199 -20.8928 78.8978
    endloop
  endfacet
  facet normal 0.173761 -0.74109 0.648531
    outer loop
      vertex 5.89273 -20.8928 77.992
      vertex 2.46494 -21.0575 78.7222
      vertex 5.84568 -21.0575 77.8164
    endloop
  endfacet
  facet normal 0.222009 0.514069 0.82852
    outer loop
      vertex 5.9732 20.5139 78.2923
      vertex 2.6251 20.3035 79.32
      vertex 6.00584 20.3035 78.4141
    endloop
  endfacet
  facet normal 0.221942 0.514359 0.828358
    outer loop
      vertex 2.6251 20.3035 79.32
      vertex 5.9732 20.5139 78.2923
      vertex 2.59246 20.5139 79.1981
    endloop
  endfacet
  facet normal 0.0126596 0.998803 0.0472445
    outer loop
      vertex 5.49862 21.613 76.5211
      vertex 2.05446 21.625 77.1903
      vertex 2.11788 21.613 77.427
    endloop
  endfacet
  facet normal 0.0126596 0.998803 0.0472445
    outer loop
      vertex 2.05446 21.625 77.1903
      vertex 5.49862 21.613 76.5211
      vertex 5.4352 21.625 76.2844
    endloop
  endfacet
  facet normal 0.154224 -0.803045 0.575616
    outer loop
      vertex 2.41394 -21.2037 78.5319
      vertex 5.84568 -21.0575 77.8164
      vertex 2.46494 -21.0575 78.7222
    endloop
  endfacet
  facet normal 0.154192 -0.803185 0.57543
    outer loop
      vertex 5.84568 -21.0575 77.8164
      vertex 2.41394 -21.2037 78.5319
      vertex 5.79468 -21.2037 77.626
    endloop
  endfacet
  facet normal -0.243643 -0.337209 -0.909356
    outer loop
      vertex -9.41373 -20.0817 34.3904
      vertex -6.05028 -19.895 33.42
      vertex -6.03299 -20.0817 33.4846
    endloop
  endfacet
  facet normal -0.243708 -0.336777 -0.909498
    outer loop
      vertex -6.05028 -19.895 33.42
      vertex -9.41373 -20.0817 34.3904
      vertex -9.43102 -19.895 34.3259
    endloop
  endfacet
  facet normal -0.173779 0.74109 -0.648526
    outer loop
      vertex -5.84568 21.0575 34.1836
      vertex -9.27347 20.8928 34.9139
      vertex -9.22642 21.0575 35.0895
    endloop
  endfacet
  facet normal -0.173779 0.74109 -0.648526
    outer loop
      vertex -9.27347 20.8928 34.9139
      vertex -5.84568 21.0575 34.1836
      vertex -5.89273 20.8928 34.008
    endloop
  endfacet
  facet normal 0.233989 0.427461 0.873228
    outer loop
      vertex 6.00584 20.3035 78.4141
      vertex 2.65225 20.0817 79.4213
      vertex 6.03299 20.0817 78.5154
    endloop
  endfacet
  facet normal 0.233989 0.427461 0.873228
    outer loop
      vertex 2.65225 20.0817 79.4213
      vertex 6.00584 20.3035 78.4141
      vertex 2.6251 20.3035 79.32
    endloop
  endfacet
  facet normal 0.207871 0.595701 0.775842
    outer loop
      vertex 5.93537 20.711 78.1511
      vertex 2.59246 20.5139 79.1981
      vertex 5.9732 20.5139 78.2923
    endloop
  endfacet
  facet normal 0.207941 0.595447 0.776018
    outer loop
      vertex 2.59246 20.5139 79.1981
      vertex 5.93537 20.711 78.1511
      vertex 2.55463 20.711 79.057
    endloop
  endfacet
  facet normal 0.0379814 0.989175 0.141743
    outer loop
      vertex 5.56143 21.577 76.7555
      vertex 2.11788 21.613 77.427
      vertex 2.18069 21.577 77.6614
    endloop
  endfacet
  facet normal 0.0379814 0.989175 0.141743
    outer loop
      vertex 2.11788 21.613 77.427
      vertex 5.56143 21.577 76.7555
      vertex 5.49862 21.613 76.5211
    endloop
  endfacet
  facet normal 0.19181 0.671427 0.715818
    outer loop
      vertex 5.89273 20.8928 77.992
      vertex 2.55463 20.711 79.057
      vertex 5.93537 20.711 78.1511
    endloop
  endfacet
  facet normal 0.191739 0.671643 0.715634
    outer loop
      vertex 2.55463 20.711 79.057
      vertex 5.89273 20.8928 77.992
      vertex 2.51199 20.8928 78.8978
    endloop
  endfacet
  facet normal 0.133024 -0.857821 0.496436
    outer loop
      vertex 2.35947 -21.3298 78.3286
      vertex 5.79468 -21.2037 77.626
      vertex 2.41394 -21.2037 78.5319
    endloop
  endfacet
  facet normal 0.133056 -0.857717 0.496607
    outer loop
      vertex 5.79468 -21.2037 77.626
      vertex 2.35947 -21.3298 78.3286
      vertex 5.74021 -21.3298 77.4228
    endloop
  endfacet
  facet normal 0.243652 -0.337118 0.909387
    outer loop
      vertex 2.67365 -19.8507 79.5011
      vertex 6.03299 -20.0817 78.5154
      vertex 6.05439 -19.8507 78.5953
    endloop
  endfacet
  facet normal 0.243709 -0.336769 0.909501
    outer loop
      vertex 6.03299 -20.0817 78.5154
      vertex 2.67365 -19.8507 79.5011
      vertex 2.65225 -20.0817 79.4213
    endloop
  endfacet
  facet normal -0.110666 0.903963 -0.413042
    outer loop
      vertex -5.68281 21.4347 34.7915
      vertex -9.12095 21.3298 35.4831
      vertex -9.06355 21.4347 35.6973
    endloop
  endfacet
  facet normal -0.110638 0.904035 -0.412892
    outer loop
      vertex -9.12095 21.3298 35.4831
      vertex -5.68281 21.4347 34.7915
      vertex -5.74021 21.3298 34.5772
    endloop
  endfacet
  facet normal 0.258486 -0.0493636 0.964753
    outer loop
      vertex 2.70151 -19.125 79.6051
      vertex 6.07913 -19.37 78.6876
      vertex 6.08225 -19.125 78.6993
    endloop
  endfacet
  facet normal 0.258517 -0.0489708 0.964765
    outer loop
      vertex 6.07913 -19.37 78.6876
      vertex 2.70151 -19.125 79.6051
      vertex 2.69839 -19.37 79.5935
    endloop
  endfacet
  facet normal 0.110666 -0.903963 0.413042
    outer loop
      vertex 2.30207 -21.4347 78.1144
      vertex 5.74021 -21.3298 77.4228
      vertex 2.35947 -21.3298 78.3286
    endloop
  endfacet
  facet normal 0.110638 -0.904035 0.412892
    outer loop
      vertex 5.74021 -21.3298 77.4228
      vertex 2.30207 -21.4347 78.1144
      vertex 5.68281 -21.4347 77.2085
    endloop
  endfacet
  facet normal -0.207871 0.595701 -0.775842
    outer loop
      vertex -5.9732 20.5139 33.7077
      vertex -9.31611 20.711 34.7547
      vertex -5.93537 20.711 33.8489
    endloop
  endfacet
  facet normal -0.207941 0.595447 -0.776018
    outer loop
      vertex -9.31611 20.711 34.7547
      vertex -5.9732 20.5139 33.7077
      vertex -9.35394 20.5139 34.6136
    endloop
  endfacet
  facet normal 0.258486 0.0493636 0.964753
    outer loop
      vertex 6.07913 19.37 78.6876
      vertex 2.70151 19.125 79.6051
      vertex 6.08225 19.125 78.6993
    endloop
  endfacet
  facet normal 0.258517 0.0489708 0.964765
    outer loop
      vertex 2.70151 19.125 79.6051
      vertex 6.07913 19.37 78.6876
      vertex 2.69839 19.37 79.5935
    endloop
  endfacet
  facet normal 0.243652 0.337118 0.909387
    outer loop
      vertex 6.03299 20.0817 78.5154
      vertex 2.67365 19.8507 79.5011
      vertex 6.05439 19.8507 78.5953
    endloop
  endfacet
  facet normal 0.243709 0.336769 0.909501
    outer loop
      vertex 2.67365 19.8507 79.5011
      vertex 6.03299 20.0817 78.5154
      vertex 2.65225 20.0817 79.4213
    endloop
  endfacet
  facet normal 0.0629711 -0.969953 0.235003
    outer loop
      vertex 2.18069 -21.577 77.6614
      vertex 5.62303 -21.5173 76.9854
      vertex 2.24229 -21.5173 77.8913
    endloop
  endfacet
  facet normal 0.0629711 -0.969953 0.235003
    outer loop
      vertex 5.62303 -21.5173 76.9854
      vertex 2.18069 -21.577 77.6614
      vertex 5.56143 -21.577 76.7555
    endloop
  endfacet
  facet normal 0.251092 -0.242657 0.937054
    outer loop
      vertex 2.68907 -19.6127 79.5587
      vertex 6.05439 -19.8507 78.5953
      vertex 6.06981 -19.6127 78.6528
    endloop
  endfacet
  facet normal 0.251042 -0.243028 0.936971
    outer loop
      vertex 6.05439 -19.8507 78.5953
      vertex 2.68907 -19.6127 79.5587
      vertex 2.67365 -19.8507 79.5011
    endloop
  endfacet
  facet normal 0.173761 0.74109 0.648531
    outer loop
      vertex 5.89273 20.8928 77.992
      vertex 2.46494 21.0575 78.7222
      vertex 2.51199 20.8928 78.8978
    endloop
  endfacet
  facet normal 0.173761 0.74109 0.648531
    outer loop
      vertex 2.46494 21.0575 78.7222
      vertex 5.89273 20.8928 77.992
      vertex 5.84568 21.0575 77.8164
    endloop
  endfacet
  facet normal 0.19181 -0.671427 0.715818
    outer loop
      vertex 2.55463 -20.711 79.057
      vertex 5.89273 -20.8928 77.992
      vertex 5.93537 -20.711 78.1511
    endloop
  endfacet
  facet normal 0.191739 -0.671643 0.715634
    outer loop
      vertex 5.89273 -20.8928 77.992
      vertex 2.55463 -20.711 79.057
      vertex 2.51199 -20.8928 78.8978
    endloop
  endfacet
  facet normal 0.133024 0.857821 0.496436
    outer loop
      vertex 5.79468 21.2037 77.626
      vertex 2.35947 21.3298 78.3286
      vertex 2.41394 21.2037 78.5319
    endloop
  endfacet
  facet normal 0.133056 0.857717 0.496607
    outer loop
      vertex 2.35947 21.3298 78.3286
      vertex 5.79468 21.2037 77.626
      vertex 5.74021 21.3298 77.4228
    endloop
  endfacet
  facet normal 0.110666 0.903963 0.413042
    outer loop
      vertex 5.74021 21.3298 77.4228
      vertex 2.30207 21.4347 78.1144
      vertex 2.35947 21.3298 78.3286
    endloop
  endfacet
  facet normal 0.110638 0.904035 0.412892
    outer loop
      vertex 2.30207 21.4347 78.1144
      vertex 5.74021 21.3298 77.4228
      vertex 5.68281 21.4347 77.2085
    endloop
  endfacet
  facet normal -0.173779 -0.74109 -0.648526
    outer loop
      vertex -9.27347 -20.8928 34.9139
      vertex -5.84568 -21.0575 34.1836
      vertex -9.22642 -21.0575 35.0895
    endloop
  endfacet
  facet normal -0.173779 -0.74109 -0.648526
    outer loop
      vertex -5.84568 -21.0575 34.1836
      vertex -9.27347 -20.8928 34.9139
      vertex -5.89273 -20.8928 34.008
    endloop
  endfacet
  facet normal -0.243643 0.337209 -0.909356
    outer loop
      vertex -6.05028 19.895 33.42
      vertex -9.41373 20.0817 34.3904
      vertex -6.03299 20.0817 33.4846
    endloop
  endfacet
  facet normal -0.243708 0.336777 -0.909498
    outer loop
      vertex -9.41373 20.0817 34.3904
      vertex -6.05028 19.895 33.42
      vertex -9.43102 19.895 34.3259
    endloop
  endfacet
  facet normal 0.256023 0.146831 0.955454
    outer loop
      vertex 6.06981 19.6127 78.6528
      vertex 2.69839 19.37 79.5935
      vertex 6.07913 19.37 78.6876
    endloop
  endfacet
  facet normal 0.256023 0.146831 0.955454
    outer loop
      vertex 2.69839 19.37 79.5935
      vertex 6.06981 19.6127 78.6528
      vertex 2.68907 19.6127 79.5587
    endloop
  endfacet
  facet normal -0.222009 -0.514069 -0.82852
    outer loop
      vertex -9.35394 -20.5139 34.6136
      vertex -6.00584 -20.3035 33.5859
      vertex -5.9732 -20.5139 33.7077
    endloop
  endfacet
  facet normal -0.222009 -0.514069 -0.82852
    outer loop
      vertex -6.00584 -20.3035 33.5859
      vertex -9.35394 -20.5139 34.6136
      vertex -9.38658 -20.3035 34.4918
    endloop
  endfacet
  facet normal -0.233989 -0.427461 -0.873228
    outer loop
      vertex -9.38658 -20.3035 34.4918
      vertex -6.03299 -20.0817 33.4846
      vertex -6.00584 -20.3035 33.5859
    endloop
  endfacet
  facet normal -0.233926 -0.427782 -0.873087
    outer loop
      vertex -6.03299 -20.0817 33.4846
      vertex -9.38658 -20.3035 34.4918
      vertex -9.41373 -20.0817 34.3904
    endloop
  endfacet
  facet normal -0.233989 0.427461 -0.873228
    outer loop
      vertex -6.03299 20.0817 33.4846
      vertex -9.38658 20.3035 34.4918
      vertex -6.00584 20.3035 33.5859
    endloop
  endfacet
  facet normal -0.233926 0.427782 -0.873087
    outer loop
      vertex -9.38658 20.3035 34.4918
      vertex -6.03299 20.0817 33.4846
      vertex -9.41373 20.0817 34.3904
    endloop
  endfacet
  facet normal 0.154224 0.803045 0.575616
    outer loop
      vertex 5.84568 21.0575 77.8164
      vertex 2.41394 21.2037 78.5319
      vertex 2.46494 21.0575 78.7222
    endloop
  endfacet
  facet normal 0.154192 0.803185 0.57543
    outer loop
      vertex 2.41394 21.2037 78.5319
      vertex 5.84568 21.0575 77.8164
      vertex 5.79468 21.2037 77.626
    endloop
  endfacet
  facet normal 0.251092 0.242657 0.937054
    outer loop
      vertex 6.05439 19.8507 78.5953
      vertex 2.68907 19.6127 79.5587
      vertex 6.06981 19.6127 78.6528
    endloop
  endfacet
  facet normal 0.251042 0.243028 0.936971
    outer loop
      vertex 2.68907 19.6127 79.5587
      vertex 6.05439 19.8507 78.5953
      vertex 2.67365 19.8507 79.5011
    endloop
  endfacet
  facet normal 0.256023 -0.146831 0.955454
    outer loop
      vertex 2.69839 -19.37 79.5935
      vertex 6.06981 -19.6127 78.6528
      vertex 6.07913 -19.37 78.6876
    endloop
  endfacet
  facet normal 0.256023 -0.146831 0.955454
    outer loop
      vertex 6.06981 -19.6127 78.6528
      vertex 2.69839 -19.37 79.5935
      vertex 2.68907 -19.6127 79.5587
    endloop
  endfacet
  facet normal 0.233989 -0.427461 0.873228
    outer loop
      vertex 2.65225 -20.0817 79.4213
      vertex 6.00584 -20.3035 78.4141
      vertex 6.03299 -20.0817 78.5154
    endloop
  endfacet
  facet normal 0.233989 -0.427461 0.873228
    outer loop
      vertex 6.00584 -20.3035 78.4141
      vertex 2.65225 -20.0817 79.4213
      vertex 2.6251 -20.3035 79.32
    endloop
  endfacet
  facet normal 0.207871 -0.595701 0.775842
    outer loop
      vertex 2.59246 -20.5139 79.1981
      vertex 5.93537 -20.711 78.1511
      vertex 5.9732 -20.5139 78.2923
    endloop
  endfacet
  facet normal 0.207941 -0.595447 0.776018
    outer loop
      vertex 5.93537 -20.711 78.1511
      vertex 2.59246 -20.5139 79.1981
      vertex 2.55463 -20.711 79.057
    endloop
  endfacet
  facet normal -0.96593 2.23207e-05 0.258804
    outer loop
      vertex -9.43102 19.895 34.3259
      vertex -8.81594 21.625 36.6214
      vertex -8.87936 21.613 36.3847
    endloop
  endfacet
  facet normal -0.965926 1.03626e-06 0.258819
    outer loop
      vertex -8.81594 21.625 36.6214
      vertex 1.54991 19.895 75.3073
      vertex 2.05446 21.625 77.1903
    endloop
  endfacet
  facet normal -0.965923 -1.21232e-05 0.258831
    outer loop
      vertex -9.43102 19.895 34.3259
      vertex -8.87936 21.613 36.3847
      vertex -8.94217 21.577 36.1503
    endloop
  endfacet
  facet normal -0.965732 -0.000840829 0.25954
    outer loop
      vertex 1.55034 19.895 75.3089
      vertex 2.05446 21.625 77.1903
      vertex 1.54991 19.895 75.3073
    endloop
  endfacet
  facet normal -0.965928 1.24316e-05 0.25881
    outer loop
      vertex -9.43102 19.895 34.3259
      vertex -8.94217 21.577 36.1503
      vertex -9.00377 21.5173 35.9204
    endloop
  endfacet
  facet normal -0.964691 -0.00526654 0.263331
    outer loop
      vertex 1.55075 19.8949 75.3104
      vertex 2.05446 21.625 77.1903
      vertex 1.55034 19.895 75.3089
    endloop
  endfacet
  facet normal -0.965925 1.1118e-06 0.258821
    outer loop
      vertex -9.43102 19.895 34.3259
      vertex -9.00377 21.5173 35.9204
      vertex -9.06355 21.4347 35.6973
    endloop
  endfacet
  facet normal -0.965075 -0.00365289 0.261949
    outer loop
      vertex 1.55113 19.8949 75.3118
      vertex 2.05446 21.625 77.1903
      vertex 1.55075 19.8949 75.3104
    endloop
  endfacet
  facet normal -0.965916 -3.26537e-05 0.258856
    outer loop
      vertex -9.43102 19.895 34.3259
      vertex -9.06355 21.4347 35.6973
      vertex -9.12095 21.3298 35.4831
    endloop
  endfacet
  facet normal -0.965936 3.53183e-05 0.258783
    outer loop
      vertex 1.61449 19.8829 75.5483
      vertex 2.05446 21.625 77.1903
      vertex 1.55113 19.8949 75.3118
    endloop
  endfacet
  facet normal -0.965935 3.013e-05 0.258784
    outer loop
      vertex -9.43102 19.895 34.3259
      vertex -9.12095 21.3298 35.4831
      vertex -9.17542 21.2037 35.2798
    endloop
  endfacet
  facet normal -0.968292 0.00923901 0.249649
    outer loop
      vertex 1.61485 19.8828 75.5497
      vertex 2.05446 21.625 77.1903
      vertex 1.61449 19.8829 75.5483
    endloop
  endfacet
  facet normal -0.9659 -7.24521e-05 0.258915
    outer loop
      vertex -9.43102 19.895 34.3259
      vertex -9.17542 21.2037 35.2798
      vertex -9.22642 21.0575 35.0895
    endloop
  endfacet
  facet normal -0.966212 0.00108847 0.257747
    outer loop
      vertex 1.61517 19.8827 75.5509
      vertex 2.05446 21.625 77.1903
      vertex 1.61485 19.8828 75.5497
    endloop
  endfacet
  facet normal -0.96593 4.68359e-06 0.258805
    outer loop
      vertex -9.43102 19.895 34.3259
      vertex -9.22642 21.0575 35.0895
      vertex -9.27347 20.8928 34.9139
    endloop
  endfacet
  facet normal -0.964848 -0.00398884 0.262778
    outer loop
      vertex 1.61547 19.8826 75.552
      vertex 2.05446 21.625 77.1903
      vertex 1.61517 19.8827 75.5509
    endloop
  endfacet
  facet normal -0.966004 0.00017925 0.258529
    outer loop
      vertex -9.43102 19.895 34.3259
      vertex -9.27347 20.8928 34.9139
      vertex -9.31611 20.711 34.7547
    endloop
  endfacet
  facet normal -0.965507 -0.00156296 0.260374
    outer loop
      vertex 1.61574 19.8824 75.553
      vertex 2.05446 21.625 77.1903
      vertex 1.61547 19.8826 75.552
    endloop
  endfacet
  facet normal -0.965803 -0.000242956 0.259279
    outer loop
      vertex -9.43102 19.895 34.3259
      vertex -9.31611 20.711 34.7547
      vertex -9.35394 20.5139 34.6136
    endloop
  endfacet
  facet normal -0.96592 -1.80483e-05 0.258841
    outer loop
      vertex 1.6785 19.8465 75.7872
      vertex 2.05446 21.625 77.1903
      vertex 1.61574 19.8824 75.553
    endloop
  endfacet
  facet normal -0.965857 -0.00014205 0.259076
    outer loop
      vertex -9.43102 19.895 34.3259
      vertex -9.35394 20.5139 34.6136
      vertex -9.38658 20.3035 34.4918
    endloop
  endfacet
  facet normal -0.966189 0.000832005 0.257835
    outer loop
      vertex 1.67874 19.8463 75.7881
      vertex 2.05446 21.625 77.1903
      vertex 1.6785 19.8465 75.7872
    endloop
  endfacet
  facet normal -0.966205 0.000424269 0.257775
    outer loop
      vertex -9.43102 19.895 34.3259
      vertex -9.38658 20.3035 34.4918
      vertex -9.41373 20.0817 34.3904
    endloop
  endfacet
  facet normal -0.967108 0.00378261 0.254339
    outer loop
      vertex 1.67895 19.8462 75.7889
      vertex 2.05446 21.625 77.1903
      vertex 1.67874 19.8463 75.7881
    endloop
  endfacet
  facet normal -0.965926 1.56265e-06 0.258819
    outer loop
      vertex -8.81594 21.625 36.6214
      vertex -9.43102 19.895 34.3259
      vertex 1.54991 19.895 75.3073
    endloop
  endfacet
  facet normal -0.968006 0.00672966 0.250838
    outer loop
      vertex 1.67913 19.846 75.7896
      vertex 2.05446 21.625 77.1903
      vertex 1.67895 19.8462 75.7889
    endloop
  endfacet
  facet normal -0.965924 4.23962e-07 0.258827
    outer loop
      vertex 1.74068 19.7864 76.0193
      vertex 2.05446 21.625 77.1903
      vertex 1.67913 19.846 75.7896
    endloop
  endfacet
  facet normal -0.966205 0.000718957 0.257774
    outer loop
      vertex 1.74084 19.7863 76.0199
      vertex 2.05446 21.625 77.1903
      vertex 1.74068 19.7864 76.0193
    endloop
  endfacet
  facet normal -0.965913 -2.63122e-05 0.258867
    outer loop
      vertex 1.80058 19.7037 76.2428
      vertex 2.05446 21.625 77.1903
      vertex 1.74084 19.7863 76.0199
    endloop
  endfacet
  facet normal -0.967508 0.00316713 0.252819
    outer loop
      vertex 1.80071 19.7035 76.2433
      vertex 2.05446 21.625 77.1903
      vertex 1.80058 19.7037 76.2428
    endloop
  endfacet
  facet normal -0.965918 -1.50438e-05 0.25885
    outer loop
      vertex 1.85806 19.5987 76.4573
      vertex 2.05446 21.625 77.1903
      vertex 1.80071 19.7035 76.2433
    endloop
  endfacet
  facet normal -0.969499 0.00532803 0.245039
    outer loop
      vertex 1.85816 19.5985 76.4577
      vertex 2.05446 21.625 77.1903
      vertex 1.85806 19.5987 76.4573
    endloop
  endfacet
  facet normal -0.965917 -1.32018e-05 0.258854
    outer loop
      vertex 1.91259 19.4724 76.6608
      vertex 2.05446 21.625 77.1903
      vertex 1.85816 19.5985 76.4577
    endloop
  endfacet
  facet normal -0.965929 -4.887e-07 0.258805
    outer loop
      vertex 2.05446 21.625 77.1903
      vertex 1.91259 19.4724 76.6608
      vertex 2.11788 21.613 77.427
    endloop
  endfacet
  facet normal -0.965923 -9.20779e-06 0.258828
    outer loop
      vertex 2.11788 21.613 77.427
      vertex 1.91259 19.4724 76.6608
      vertex 2.18069 21.577 77.6614
    endloop
  endfacet
  facet normal -0.971948 0.0121426 0.234883
    outer loop
      vertex 1.91266 19.4722 76.6611
      vertex 2.18069 21.577 77.6614
      vertex 1.91259 19.4724 76.6608
    endloop
  endfacet
  facet normal -0.965927 2.8732e-06 0.258814
    outer loop
      vertex 2.18069 21.577 77.6614
      vertex 1.91266 19.4722 76.6611
      vertex 2.24229 21.5173 77.8913
    endloop
  endfacet
  facet normal -0.965929 7.87235e-06 0.258806
    outer loop
      vertex 1.96362 19.3262 76.8513
      vertex 2.24229 21.5173 77.8913
      vertex 1.91266 19.4722 76.6611
    endloop
  endfacet
  facet normal -0.965925 1.29409e-07 0.258821
    outer loop
      vertex 2.24229 21.5173 77.8913
      vertex 1.96362 19.3262 76.8513
      vertex 2.30207 21.4347 78.1144
    endloop
  endfacet
  facet normal -0.965921 -9.83879e-06 0.258837
    outer loop
      vertex 2.30207 21.4347 78.1144
      vertex 1.96362 19.3262 76.8513
      vertex 2.35947 21.3298 78.3286
    endloop
  endfacet
  facet normal -0.965929 1.26497e-05 0.258808
    outer loop
      vertex 2.35947 21.3298 78.3286
      vertex 1.96362 19.3262 76.8513
      vertex 2.41394 21.2037 78.5319
    endloop
  endfacet
  facet normal -0.965929 1.4897e-05 0.258806
    outer loop
      vertex 2.01064 19.1616 77.0268
      vertex 2.41394 21.2037 78.5319
      vertex 1.96362 19.3262 76.8513
    endloop
  endfacet
  facet normal -0.965918 -1.92181e-05 0.258849
    outer loop
      vertex 2.41394 21.2037 78.5319
      vertex 2.01064 19.1616 77.0268
      vertex 2.46494 21.0575 78.7222
    endloop
  endfacet
  facet normal -0.965926 1.02722e-05 0.258818
    outer loop
      vertex 2.46494 21.0575 78.7222
      vertex 2.01064 19.1616 77.0268
      vertex 2.51199 20.8928 78.8978
    endloop
  endfacet
  facet normal -0.965936 5.56576e-05 0.258779
    outer loop
      vertex 2.51199 20.8928 78.8978
      vertex 2.01064 19.1616 77.0268
      vertex 2.55463 20.711 79.057
    endloop
  endfacet
  facet normal -0.965922 -1.94867e-05 0.258833
    outer loop
      vertex 2.05325 18.9799 77.1858
      vertex 2.55463 20.711 79.057
      vertex 2.01064 19.1616 77.0268
    endloop
  endfacet
  facet normal -0.965911 -6.73979e-05 0.258874
    outer loop
      vertex 2.55463 20.711 79.057
      vertex 2.05325 18.9799 77.1858
      vertex 2.59246 20.5139 79.1981
    endloop
  endfacet
  facet normal -0.965938 7.63199e-05 0.258772
    outer loop
      vertex 2.59246 20.5139 79.1981
      vertex 2.05325 18.9799 77.1858
      vertex 2.6251 20.3035 79.32
    endloop
  endfacet
  facet normal -0.971152 0.0407273 0.234958
    outer loop
      vertex 2.05329 18.9797 77.186
      vertex 2.6251 20.3035 79.32
      vertex 2.05325 18.9799 77.1858
    endloop
  endfacet
  facet normal -0.965922 -2.18605e-05 0.258834
    outer loop
      vertex 2.6251 20.3035 79.32
      vertex 2.05329 18.9797 77.186
      vertex 2.65225 20.0817 79.4213
    endloop
  endfacet
  facet normal -0.965916 -6.64692e-05 0.258855
    outer loop
      vertex 2.09109 18.7828 77.327
      vertex 2.65225 20.0817 79.4213
      vertex 2.05329 18.9797 77.186
    endloop
  endfacet
  facet normal -0.965917 -6.15821e-05 0.258852
    outer loop
      vertex 2.65225 20.0817 79.4213
      vertex 2.09109 18.7828 77.327
      vertex 2.67365 19.8507 79.5011
    endloop
  endfacet
  facet normal -0.965931 5.14443e-05 0.2588
    outer loop
      vertex 2.67365 19.8507 79.5011
      vertex 2.09109 18.7828 77.327
      vertex 2.68907 19.6127 79.5587
    endloop
  endfacet
  facet normal -0.965928 1.7371e-05 0.258812
    outer loop
      vertex 2.68907 19.6127 79.5587
      vertex 2.09109 18.7828 77.327
      vertex 2.69839 19.37 79.5935
    endloop
  endfacet
  facet normal -0.965931 6.32775e-05 0.258801
    outer loop
      vertex 2.12371 18.5725 77.4488
      vertex 2.69839 19.37 79.5935
      vertex 2.09109 18.7828 77.327
    endloop
  endfacet
  facet normal -0.965921 -4.54795e-05 0.258839
    outer loop
      vertex 2.69839 19.37 79.5935
      vertex 2.12371 18.5725 77.4488
      vertex 2.70151 19.125 79.6051
    endloop
  endfacet
  facet normal -0.96592 -4.89684e-05 0.25884
    outer loop
      vertex 2.15084 18.3509 77.55
      vertex 2.70151 19.125 79.6051
      vertex 2.12371 18.5725 77.4488
    endloop
  endfacet
  facet normal -0.965926 9.77641e-06 0.258819
    outer loop
      vertex 2.17222 18.12 77.6298
      vertex 2.70151 19.125 79.6051
      vertex 2.15084 18.3509 77.55
    endloop
  endfacet
  facet normal -0.958451 -0.0479225 0.281203
    outer loop
      vertex 2.17223 18.1198 77.6298
      vertex 2.70151 19.125 79.6051
      vertex 2.17222 18.12 77.6298
    endloop
  endfacet
  facet normal -0.965932 5.01652e-05 0.258795
    outer loop
      vertex 2.18765 17.882 77.6874
      vertex 2.70151 19.125 79.6051
      vertex 2.17223 18.1198 77.6298
    endloop
  endfacet
  facet normal -0.965917 -4.34228e-05 0.258852
    outer loop
      vertex 2.19696 17.6395 77.7221
      vertex 2.70151 19.125 79.6051
      vertex 2.18765 17.882 77.6874
    endloop
  endfacet
  facet normal -0.965937 5.70749e-05 0.258778
    outer loop
      vertex 2.20008 17.3946 77.7338
      vertex 2.70151 19.125 79.6051
      vertex 2.19696 17.6395 77.7221
    endloop
  endfacet
  facet normal -0.965924 0 0.258827
    outer loop
      vertex 2.20008 -17.3946 77.7338
      vertex 2.70151 19.125 79.6051
      vertex 2.20008 17.3946 77.7338
    endloop
  endfacet
  facet normal -0.965937 -5.70749e-05 0.258778
    outer loop
      vertex 2.70151 -19.125 79.6051
      vertex 2.20008 -17.3946 77.7338
      vertex 2.19696 -17.6395 77.7221
    endloop
  endfacet
  facet normal -0.965924 0 0.258827
    outer loop
      vertex 2.20008 -17.3946 77.7338
      vertex 2.70151 -19.125 79.6051
      vertex 2.70151 19.125 79.6051
    endloop
  endfacet
  facet normal -0.965917 4.34228e-05 0.258852
    outer loop
      vertex 2.18765 -17.882 77.6874
      vertex 2.70151 -19.125 79.6051
      vertex 2.19696 -17.6395 77.7221
    endloop
  endfacet
  facet normal -0.965932 -5.01652e-05 0.258795
    outer loop
      vertex 2.17223 -18.1198 77.6298
      vertex 2.70151 -19.125 79.6051
      vertex 2.18765 -17.882 77.6874
    endloop
  endfacet
  facet normal -0.958451 0.0479225 0.281203
    outer loop
      vertex 2.17222 -18.12 77.6298
      vertex 2.70151 -19.125 79.6051
      vertex 2.17223 -18.1198 77.6298
    endloop
  endfacet
  facet normal -0.965926 -9.77641e-06 0.258819
    outer loop
      vertex 2.15084 -18.3509 77.55
      vertex 2.70151 -19.125 79.6051
      vertex 2.17222 -18.12 77.6298
    endloop
  endfacet
  facet normal -0.96592 4.89684e-05 0.25884
    outer loop
      vertex 2.12371 -18.5725 77.4488
      vertex 2.70151 -19.125 79.6051
      vertex 2.15084 -18.3509 77.55
    endloop
  endfacet
  facet normal -0.965931 -6.32775e-05 0.258801
    outer loop
      vertex 2.69839 -19.37 79.5935
      vertex 2.12371 -18.5725 77.4488
      vertex 2.09109 -18.7828 77.327
    endloop
  endfacet
  facet normal -0.965916 6.64692e-05 0.258855
    outer loop
      vertex 2.65225 -20.0817 79.4213
      vertex 2.09109 -18.7828 77.327
      vertex 2.05329 -18.9797 77.186
    endloop
  endfacet
  facet normal -0.971152 -0.0407273 0.234958
    outer loop
      vertex 2.6251 -20.3035 79.32
      vertex 2.05329 -18.9797 77.186
      vertex 2.05325 -18.9799 77.1858
    endloop
  endfacet
  facet normal -0.965922 1.94867e-05 0.258833
    outer loop
      vertex 2.55463 -20.711 79.057
      vertex 2.05325 -18.9799 77.1858
      vertex 2.01064 -19.1616 77.0268
    endloop
  endfacet
  facet normal -0.965929 -1.4897e-05 0.258806
    outer loop
      vertex 2.41394 -21.2037 78.5319
      vertex 2.01064 -19.1616 77.0268
      vertex 1.96362 -19.3262 76.8513
    endloop
  endfacet
  facet normal -0.965921 4.54795e-05 0.258839
    outer loop
      vertex 2.12371 -18.5725 77.4488
      vertex 2.69839 -19.37 79.5935
      vertex 2.70151 -19.125 79.6051
    endloop
  endfacet
  facet normal -0.965929 -7.87235e-06 0.258806
    outer loop
      vertex 2.24229 -21.5173 77.8913
      vertex 1.96362 -19.3262 76.8513
      vertex 1.91266 -19.4722 76.6611
    endloop
  endfacet
  facet normal -0.971948 -0.0121426 0.234883
    outer loop
      vertex 2.18069 -21.577 77.6614
      vertex 1.91266 -19.4722 76.6611
      vertex 1.91259 -19.4724 76.6608
    endloop
  endfacet
  facet normal -0.965917 1.32018e-05 0.258854
    outer loop
      vertex 2.05446 -21.625 77.1903
      vertex 1.91259 -19.4724 76.6608
      vertex 1.85816 -19.5985 76.4577
    endloop
  endfacet
  facet normal -0.969499 -0.00532803 0.245039
    outer loop
      vertex 2.05446 -21.625 77.1903
      vertex 1.85816 -19.5985 76.4577
      vertex 1.85806 -19.5987 76.4573
    endloop
  endfacet
  facet normal -0.965928 -1.7371e-05 0.258812
    outer loop
      vertex 2.09109 -18.7828 77.327
      vertex 2.68907 -19.6127 79.5587
      vertex 2.69839 -19.37 79.5935
    endloop
  endfacet
  facet normal -0.965918 1.50438e-05 0.25885
    outer loop
      vertex 2.05446 -21.625 77.1903
      vertex 1.85806 -19.5987 76.4573
      vertex 1.80071 -19.7035 76.2433
    endloop
  endfacet
  facet normal -0.967508 -0.00316713 0.252819
    outer loop
      vertex 2.05446 -21.625 77.1903
      vertex 1.80071 -19.7035 76.2433
      vertex 1.80058 -19.7037 76.2428
    endloop
  endfacet
  facet normal -0.965913 2.63122e-05 0.258867
    outer loop
      vertex 2.05446 -21.625 77.1903
      vertex 1.80058 -19.7037 76.2428
      vertex 1.74084 -19.7863 76.0199
    endloop
  endfacet
  facet normal -0.966205 -0.000718957 0.257774
    outer loop
      vertex 2.05446 -21.625 77.1903
      vertex 1.74084 -19.7863 76.0199
      vertex 1.74068 -19.7864 76.0193
    endloop
  endfacet
  facet normal -0.965924 -4.23962e-07 0.258827
    outer loop
      vertex 2.05446 -21.625 77.1903
      vertex 1.74068 -19.7864 76.0193
      vertex 1.67913 -19.846 75.7896
    endloop
  endfacet
  facet normal -0.968006 -0.00672966 0.250838
    outer loop
      vertex 2.05446 -21.625 77.1903
      vertex 1.67913 -19.846 75.7896
      vertex 1.67895 -19.8462 75.7889
    endloop
  endfacet
  facet normal -0.967108 -0.00378261 0.254339
    outer loop
      vertex 2.05446 -21.625 77.1903
      vertex 1.67895 -19.8462 75.7889
      vertex 1.67874 -19.8463 75.7881
    endloop
  endfacet
  facet normal -0.966189 -0.000832005 0.257835
    outer loop
      vertex 2.05446 -21.625 77.1903
      vertex 1.67874 -19.8463 75.7881
      vertex 1.6785 -19.8465 75.7872
    endloop
  endfacet
  facet normal -0.965931 -5.14443e-05 0.2588
    outer loop
      vertex 2.09109 -18.7828 77.327
      vertex 2.67365 -19.8507 79.5011
      vertex 2.68907 -19.6127 79.5587
    endloop
  endfacet
  facet normal -0.96592 1.80483e-05 0.258841
    outer loop
      vertex 2.05446 -21.625 77.1903
      vertex 1.6785 -19.8465 75.7872
      vertex 1.61574 -19.8824 75.553
    endloop
  endfacet
  facet normal -0.965507 0.00156296 0.260374
    outer loop
      vertex 2.05446 -21.625 77.1903
      vertex 1.61574 -19.8824 75.553
      vertex 1.61547 -19.8826 75.552
    endloop
  endfacet
  facet normal -0.964848 0.00398884 0.262778
    outer loop
      vertex 2.05446 -21.625 77.1903
      vertex 1.61547 -19.8826 75.552
      vertex 1.61517 -19.8827 75.5509
    endloop
  endfacet
  facet normal -0.966212 -0.00108847 0.257747
    outer loop
      vertex 2.05446 -21.625 77.1903
      vertex 1.61517 -19.8827 75.5509
      vertex 1.61485 -19.8828 75.5497
    endloop
  endfacet
  facet normal -0.968292 -0.00923901 0.249649
    outer loop
      vertex 2.05446 -21.625 77.1903
      vertex 1.61485 -19.8828 75.5497
      vertex 1.61449 -19.8829 75.5483
    endloop
  endfacet
  facet normal -0.965936 -3.53183e-05 0.258783
    outer loop
      vertex 2.05446 -21.625 77.1903
      vertex 1.61449 -19.8829 75.5483
      vertex 1.55113 -19.8949 75.3118
    endloop
  endfacet
  facet normal -0.965075 0.00365289 0.261949
    outer loop
      vertex 2.05446 -21.625 77.1903
      vertex 1.55113 -19.8949 75.3118
      vertex 1.55075 -19.8949 75.3104
    endloop
  endfacet
  facet normal -0.964691 0.00526654 0.263331
    outer loop
      vertex 2.05446 -21.625 77.1903
      vertex 1.55075 -19.8949 75.3104
      vertex 1.55034 -19.895 75.3089
    endloop
  endfacet
  facet normal -0.965917 6.15821e-05 0.258852
    outer loop
      vertex 2.09109 -18.7828 77.327
      vertex 2.65225 -20.0817 79.4213
      vertex 2.67365 -19.8507 79.5011
    endloop
  endfacet
  facet normal -0.965732 0.000840829 0.25954
    outer loop
      vertex 2.05446 -21.625 77.1903
      vertex 1.55034 -19.895 75.3089
      vertex 1.54991 -19.895 75.3073
    endloop
  endfacet
  facet normal -0.965926 -1.56265e-06 0.258819
    outer loop
      vertex -9.43102 -19.895 34.3259
      vertex -8.81594 -21.625 36.6214
      vertex 1.54991 -19.895 75.3073
    endloop
  endfacet
  facet normal -0.965904 0.000126342 0.258899
    outer loop
      vertex -8.81594 -21.625 36.6214
      vertex -9.41373 -20.0817 34.3904
      vertex -9.38658 -20.3035 34.4918
    endloop
  endfacet
  facet normal -0.965926 -1.03626e-06 0.258819
    outer loop
      vertex 2.05446 -21.625 77.1903
      vertex 1.54991 -19.895 75.3073
      vertex -8.81594 -21.625 36.6214
    endloop
  endfacet
  facet normal -0.965927 -2.08319e-05 0.258814
    outer loop
      vertex -8.81594 -21.625 36.6214
      vertex -9.38658 -20.3035 34.4918
      vertex -9.35394 -20.5139 34.6136
    endloop
  endfacet
  facet normal -0.965929 4.887e-07 0.258805
    outer loop
      vertex 1.91259 -19.4724 76.6608
      vertex 2.05446 -21.625 77.1903
      vertex 2.11788 -21.613 77.427
    endloop
  endfacet
  facet normal -0.965949 -0.000174926 0.258734
    outer loop
      vertex -8.81594 -21.625 36.6214
      vertex -9.35394 -20.5139 34.6136
      vertex -9.31611 -20.711 34.7547
    endloop
  endfacet
  facet normal -0.965922 2.18605e-05 0.258834
    outer loop
      vertex 2.05329 -18.9797 77.186
      vertex 2.6251 -20.3035 79.32
      vertex 2.65225 -20.0817 79.4213
    endloop
  endfacet
  facet normal -0.965908 0.00015434 0.258884
    outer loop
      vertex -8.81594 -21.625 36.6214
      vertex -9.31611 -20.711 34.7547
      vertex -9.27347 -20.8928 34.9139
    endloop
  endfacet
  facet normal -0.965938 -7.63199e-05 0.258772
    outer loop
      vertex 2.05325 -18.9799 77.1858
      vertex 2.59246 -20.5139 79.1981
      vertex 2.6251 -20.3035 79.32
    endloop
  endfacet
  facet normal -0.965922 2.77974e-05 0.258834
    outer loop
      vertex -8.81594 -21.625 36.6214
      vertex -9.27347 -20.8928 34.9139
      vertex -9.22642 -21.0575 35.0895
    endloop
  endfacet
  facet normal -0.965911 6.73979e-05 0.258874
    outer loop
      vertex 2.05325 -18.9799 77.1858
      vertex 2.55463 -20.711 79.057
      vertex 2.59246 -20.5139 79.1981
    endloop
  endfacet
  facet normal -0.965934 -0.000104582 0.258788
    outer loop
      vertex -8.81594 -21.625 36.6214
      vertex -9.22642 -21.0575 35.0895
      vertex -9.17542 -21.2037 35.2798
    endloop
  endfacet
  facet normal -0.965936 -5.56576e-05 0.258779
    outer loop
      vertex 2.01064 -19.1616 77.0268
      vertex 2.51199 -20.8928 78.8978
      vertex 2.55463 -20.711 79.057
    endloop
  endfacet
  facet normal -0.965921 6.16613e-05 0.258837
    outer loop
      vertex -8.81594 -21.625 36.6214
      vertex -9.17542 -21.2037 35.2798
      vertex -9.12095 -21.3298 35.4831
    endloop
  endfacet
  facet normal -0.965926 -1.02722e-05 0.258818
    outer loop
      vertex 2.01064 -19.1616 77.0268
      vertex 2.46494 -21.0575 78.7222
      vertex 2.51199 -20.8928 78.8978
    endloop
  endfacet
  facet normal -0.965931 -9.0754e-05 0.2588
    outer loop
      vertex -8.81594 -21.625 36.6214
      vertex -9.12095 -21.3298 35.4831
      vertex -9.06355 -21.4347 35.6973
    endloop
  endfacet
  facet normal -0.965918 1.92181e-05 0.258849
    outer loop
      vertex 2.01064 -19.1616 77.0268
      vertex 2.41394 -21.2037 78.5319
      vertex 2.46494 -21.0575 78.7222
    endloop
  endfacet
  facet normal -0.965928 -2.58628e-05 0.258812
    outer loop
      vertex -8.81594 -21.625 36.6214
      vertex -9.06355 -21.4347 35.6973
      vertex -9.00377 -21.5173 35.9204
    endloop
  endfacet
  facet normal -0.965929 -1.26497e-05 0.258808
    outer loop
      vertex 1.96362 -19.3262 76.8513
      vertex 2.35947 -21.3298 78.3286
      vertex 2.41394 -21.2037 78.5319
    endloop
  endfacet
  facet normal -0.965926 2.92217e-05 0.25882
    outer loop
      vertex -8.81594 -21.625 36.6214
      vertex -9.00377 -21.5173 35.9204
      vertex -8.94217 -21.577 36.1503
    endloop
  endfacet
  facet normal -0.965921 9.83879e-06 0.258837
    outer loop
      vertex 1.96362 -19.3262 76.8513
      vertex 2.30207 -21.4347 78.1144
      vertex 2.35947 -21.3298 78.3286
    endloop
  endfacet
  facet normal -0.965933 -0.000250265 0.258794
    outer loop
      vertex -8.81594 -21.625 36.6214
      vertex -8.94217 -21.577 36.1503
      vertex -8.87936 -21.613 36.3847
    endloop
  endfacet
  facet normal -0.965925 -1.29409e-07 0.258821
    outer loop
      vertex 1.96362 -19.3262 76.8513
      vertex 2.24229 -21.5173 77.8913
      vertex 2.30207 -21.4347 78.1144
    endloop
  endfacet
  facet normal -0.965927 -2.8732e-06 0.258814
    outer loop
      vertex 1.91266 -19.4722 76.6611
      vertex 2.18069 -21.577 77.6614
      vertex 2.24229 -21.5173 77.8913
    endloop
  endfacet
  facet normal -0.965923 9.20779e-06 0.258828
    outer loop
      vertex 1.91259 -19.4724 76.6608
      vertex 2.11788 -21.613 77.427
      vertex 2.18069 -21.577 77.6614
    endloop
  endfacet
  facet normal -0.965935 -5.03864e-05 0.258785
    outer loop
      vertex -8.81594 -21.625 36.6214
      vertex -9.43102 -19.895 34.3259
      vertex -9.41373 -20.0817 34.3904
    endloop
  endfacet
  facet normal -0.0126583 0.998803 -0.0472448
    outer loop
      vertex -5.4352 21.625 35.7156
      vertex -8.87936 21.613 36.3847
      vertex -8.81594 21.625 36.6214
    endloop
  endfacet
  facet normal -0.0126583 0.998803 -0.0472448
    outer loop
      vertex -8.87936 21.613 36.3847
      vertex -5.4352 21.625 35.7156
      vertex -5.49862 21.613 35.4789
    endloop
  endfacet
  facet normal -0.133024 -0.857821 -0.496436
    outer loop
      vertex -9.17542 -21.2037 35.2798
      vertex -5.74021 -21.3298 34.5772
      vertex -9.12095 -21.3298 35.4831
    endloop
  endfacet
  facet normal -0.133056 -0.857717 -0.496607
    outer loop
      vertex -5.74021 -21.3298 34.5772
      vertex -9.17542 -21.2037 35.2798
      vertex -5.79468 -21.2037 34.374
    endloop
  endfacet
  facet normal -0.0871478 -0.941599 -0.325264
    outer loop
      vertex -9.06355 -21.4347 35.6973
      vertex -5.62303 -21.5173 35.0146
      vertex -9.00377 -21.5173 35.9204
    endloop
  endfacet
  facet normal -0.0871478 -0.941599 -0.325264
    outer loop
      vertex -5.62303 -21.5173 35.0146
      vertex -9.06355 -21.4347 35.6973
      vertex -5.68281 -21.4347 34.7915
    endloop
  endfacet
  facet normal -0.0871478 0.941599 -0.325264
    outer loop
      vertex -5.62303 21.5173 35.0146
      vertex -9.06355 21.4347 35.6973
      vertex -9.00377 21.5173 35.9204
    endloop
  endfacet
  facet normal -0.0871478 0.941599 -0.325264
    outer loop
      vertex -9.06355 21.4347 35.6973
      vertex -5.62303 21.5173 35.0146
      vertex -5.68281 21.4347 34.7915
    endloop
  endfacet
  facet normal -0.110666 -0.903963 -0.413042
    outer loop
      vertex -9.12095 -21.3298 35.4831
      vertex -5.68281 -21.4347 34.7915
      vertex -9.06355 -21.4347 35.6973
    endloop
  endfacet
  facet normal -0.110638 -0.904035 -0.412892
    outer loop
      vertex -5.68281 -21.4347 34.7915
      vertex -9.12095 -21.3298 35.4831
      vertex -5.74021 -21.3298 34.5772
    endloop
  endfacet
  facet normal -0.19181 -0.671427 -0.715818
    outer loop
      vertex -9.27347 -20.8928 34.9139
      vertex -5.93537 -20.711 33.8489
      vertex -5.89273 -20.8928 34.008
    endloop
  endfacet
  facet normal -0.191739 -0.671643 -0.715634
    outer loop
      vertex -5.93537 -20.711 33.8489
      vertex -9.27347 -20.8928 34.9139
      vertex -9.31611 -20.711 34.7547
    endloop
  endfacet
  facet normal -0.0629647 -0.969953 -0.235005
    outer loop
      vertex -9.00377 -21.5173 35.9204
      vertex -5.56143 -21.577 35.2445
      vertex -8.94217 -21.577 36.1503
    endloop
  endfacet
  facet normal -0.0629647 -0.969953 -0.235005
    outer loop
      vertex -5.56143 -21.577 35.2445
      vertex -9.00377 -21.5173 35.9204
      vertex -5.62303 -21.5173 35.0146
    endloop
  endfacet
  facet normal -0.0379235 -0.989207 -0.141531
    outer loop
      vertex 1.28307 -12.9801 66.4261
      vertex 12.3781 -12.9952 63.5587
      vertex 1.2918 -12.9952 66.5293
    endloop
  endfacet
  facet normal -0.0379456 -0.989194 -0.141617
    outer loop
      vertex 12.3781 -12.9952 63.5587
      vertex 1.28307 -12.9801 66.4261
      vertex 12.3517 -12.9801 63.4603
    endloop
  endfacet
  facet normal -0.0128079 -0.998775 -0.0478002
    outer loop
      vertex 1.27425 -12.975 66.3219
      vertex 12.3517 -12.9801 63.4603
      vertex 1.28307 -12.9801 66.4261
    endloop
  endfacet
  facet normal -0.0128005 -0.998776 -0.0477715
    outer loop
      vertex 12.3517 -12.9801 63.4603
      vertex 1.27425 -12.975 66.3219
      vertex 12.3251 -12.975 63.3608
    endloop
  endfacet
  facet normal -0.062792 -0.970124 -0.234344
    outer loop
      vertex 1.2918 -12.9952 66.5293
      vertex 12.404 -13.0202 63.6553
      vertex 1.30036 -13.0202 66.6305
    endloop
  endfacet
  facet normal -0.0627665 -0.970149 -0.234245
    outer loop
      vertex 12.404 -13.0202 63.6553
      vertex 1.2918 -12.9952 66.5293
      vertex 12.3781 -12.9952 63.5587
    endloop
  endfacet
  facet normal -0.258495 0.0494572 -0.964746
    outer loop
      vertex 12.5955 -14.1279 64.3702
      vertex 1.36419 -14.025 67.3848
      vertex 12.5969 -14.025 64.3751
    endloop
  endfacet
  facet normal -0.258507 0.0488969 -0.964771
    outer loop
      vertex 1.36419 -14.025 67.3848
      vertex 12.5955 -14.1279 64.3702
      vertex 1.36376 -14.1279 67.3797
    endloop
  endfacet
  facet normal -0.154023 -0.803642 -0.574836
    outer loop
      vertex 1.32422 -13.152 66.9124
      vertex 12.4975 -13.2133 64.0043
      vertex 1.33131 -13.2133 66.9962
    endloop
  endfacet
  facet normal -0.153985 -0.803756 -0.574687
    outer loop
      vertex 12.4975 -13.2133 64.0043
      vertex 1.32422 -13.152 66.9124
      vertex 12.4761 -13.152 63.9243
    endloop
  endfacet
  facet normal 0.208018 -0.595006 0.776335
    outer loop
      vertex 1.20473 -13.3589 65.5002
      vertex 12.0991 -13.4417 62.5176
      vertex 12.115 -13.3589 62.5768
    endloop
  endfacet
  facet normal 0.207958 -0.595303 0.776123
    outer loop
      vertex 12.0991 -13.4417 62.5176
      vertex 1.20473 -13.3589 65.5002
      vertex 1.19947 -13.4417 65.4381
    endloop
  endfacet
  facet normal -0.208019 -0.595006 -0.776335
    outer loop
      vertex 1.34903 -13.4417 67.2057
      vertex 12.5352 -13.3589 64.1449
      vertex 12.5511 -13.4417 64.2041
    endloop
  endfacet
  facet normal -0.207962 -0.595287 -0.776135
    outer loop
      vertex 12.5352 -13.3589 64.1449
      vertex 1.34903 -13.4417 67.2057
      vertex 1.34378 -13.3589 67.1436
    endloop
  endfacet
  facet normal -0.251069 -0.242826 -0.937016
    outer loop
      vertex 1.36246 -13.8202 67.3644
      vertex 12.5852 -13.7202 64.3314
      vertex 12.5916 -13.8202 64.3556
    endloop
  endfacet
  facet normal -0.251096 -0.242461 -0.937104
    outer loop
      vertex 12.5852 -13.7202 64.3314
      vertex 1.36246 -13.8202 67.3644
      vertex 1.36032 -13.7202 67.3391
    endloop
  endfacet
  facet normal 0.0128082 -0.998775 0.0478002
    outer loop
      vertex 1.26543 -12.9801 66.2177
      vertex 12.3251 -12.975 63.3608
      vertex 1.27425 -12.975 66.3219
    endloop
  endfacet
  facet normal 0.0128123 -0.998774 0.0478163
    outer loop
      vertex 12.3251 -12.975 63.3608
      vertex 1.26543 -12.9801 66.2177
      vertex 12.2985 -12.9801 63.2614
    endloop
  endfacet
  facet normal -0.256016 0.146697 -0.955477
    outer loop
      vertex 12.5916 -14.2298 64.3556
      vertex 1.36376 -14.1279 67.3797
      vertex 12.5955 -14.1279 64.3702
    endloop
  endfacet
  facet normal -0.256015 0.146728 -0.955472
    outer loop
      vertex 1.36376 -14.1279 67.3797
      vertex 12.5916 -14.2298 64.3556
      vertex 1.36246 -14.2298 67.3644
    endloop
  endfacet
  facet normal -0.233946 -0.427703 -0.873121
    outer loop
      vertex 1.35735 -13.6232 67.3039
      vertex 12.5648 -13.53 64.2553
      vertex 12.5762 -13.6232 64.2979
    endloop
  endfacet
  facet normal -0.233988 -0.427383 -0.873266
    outer loop
      vertex 12.5648 -13.53 64.2553
      vertex 1.35735 -13.6232 67.3039
      vertex 1.35357 -13.53 67.2593
    endloop
  endfacet
  facet normal 0.208018 0.595006 0.776335
    outer loop
      vertex 12.0991 -14.6083 62.5176
      vertex 1.20473 -14.6911 65.5002
      vertex 12.115 -14.6911 62.5768
    endloop
  endfacet
  facet normal 0.207958 0.595303 0.776123
    outer loop
      vertex 1.20473 -14.6911 65.5002
      vertex 12.0991 -14.6083 62.5176
      vertex 1.19947 -14.6083 65.4381
    endloop
  endfacet
  facet normal 0.0128082 0.998775 0.0478002
    outer loop
      vertex 12.3251 -15.075 63.3608
      vertex 1.26543 -15.0699 66.2177
      vertex 1.27425 -15.075 66.3219
    endloop
  endfacet
  facet normal 0.0128123 0.998774 0.0478163
    outer loop
      vertex 1.26543 -15.0699 66.2177
      vertex 12.3251 -15.075 63.3608
      vertex 12.2985 -15.0699 63.2614
    endloop
  endfacet
  facet normal -0.243705 0.336724 -0.909519
    outer loop
      vertex 12.5762 -14.4268 64.2979
      vertex 1.36032 -14.3298 67.3391
      vertex 12.5852 -14.3298 64.3314
    endloop
  endfacet
  facet normal -0.243634 0.337425 -0.909278
    outer loop
      vertex 1.36032 -14.3298 67.3391
      vertex 12.5762 -14.4268 64.2979
      vertex 1.35735 -14.4268 67.3039
    endloop
  endfacet
  facet normal 0.258508 0.0492066 0.964755
    outer loop
      vertex 12.0533 -14.025 62.3466
      vertex 1.18474 -14.1279 65.2641
      vertex 12.0546 -14.1279 62.3515
    endloop
  endfacet
  facet normal 0.258515 0.0488968 0.964769
    outer loop
      vertex 1.18474 -14.1279 65.2641
      vertex 12.0533 -14.025 62.3466
      vertex 1.18431 -14.025 65.259
    endloop
  endfacet
  facet normal 0.243709 -0.336724 0.909518
    outer loop
      vertex 1.19116 -13.6232 65.3399
      vertex 12.065 -13.7202 62.3903
      vertex 12.074 -13.6232 62.4238
    endloop
  endfacet
  facet normal 0.243635 -0.337447 0.90927
    outer loop
      vertex 12.065 -13.7202 62.3903
      vertex 1.19116 -13.6232 65.3399
      vertex 1.18818 -13.7202 65.3047
    endloop
  endfacet
  facet normal 0.133184 0.857441 0.497049
    outer loop
      vertex 12.197 -14.951 62.8827
      vertex 1.22428 -14.898 65.7314
      vertex 1.23185 -14.951 65.8208
    endloop
  endfacet
  facet normal 0.133176 0.85746 0.497018
    outer loop
      vertex 1.22428 -14.898 65.7314
      vertex 12.197 -14.951 62.8827
      vertex 12.1741 -14.898 62.7974
    endloop
  endfacet
  facet normal 0.243709 0.336724 0.909518
    outer loop
      vertex 12.065 -14.3298 62.3903
      vertex 1.19116 -14.4268 65.3399
      vertex 12.074 -14.4268 62.4238
    endloop
  endfacet
  facet normal 0.243635 0.337447 0.90927
    outer loop
      vertex 1.19116 -14.4268 65.3399
      vertex 12.065 -14.3298 62.3903
      vertex 1.18818 -14.3298 65.3047
    endloop
  endfacet
  facet normal 0.154027 -0.803642 0.574835
    outer loop
      vertex 1.21719 -13.2133 65.6476
      vertex 12.1741 -13.152 62.7974
      vertex 1.22428 -13.152 65.7314
    endloop
  endfacet
  facet normal 0.153989 -0.803756 0.574686
    outer loop
      vertex 12.1741 -13.152 62.7974
      vertex 1.21719 -13.2133 65.6476
      vertex 12.1527 -13.2133 62.7174
    endloop
  endfacet
  facet normal 0.233952 -0.427703 0.873119
    outer loop
      vertex 1.19493 -13.53 65.3845
      vertex 12.074 -13.6232 62.4238
      vertex 12.0854 -13.53 62.4664
    endloop
  endfacet
  facet normal 0.233997 -0.427362 0.873274
    outer loop
      vertex 12.074 -13.6232 62.4238
      vertex 1.19493 -13.53 65.3845
      vertex 1.19116 -13.6232 65.3399
    endloop
  endfacet
  facet normal -0.243705 -0.336724 -0.909519
    outer loop
      vertex 1.36032 -13.7202 67.3391
      vertex 12.5762 -13.6232 64.2979
      vertex 12.5852 -13.7202 64.3314
    endloop
  endfacet
  facet normal -0.243634 -0.337425 -0.909278
    outer loop
      vertex 12.5762 -13.6232 64.2979
      vertex 1.36032 -13.7202 67.3391
      vertex 1.35735 -13.6232 67.3039
    endloop
  endfacet
  facet normal 0.25107 -0.242826 0.937016
    outer loop
      vertex 1.18818 -13.7202 65.3047
      vertex 12.0586 -13.8202 62.3661
      vertex 12.065 -13.7202 62.3903
    endloop
  endfacet
  facet normal 0.251097 -0.242461 0.937104
    outer loop
      vertex 12.0586 -13.8202 62.3661
      vertex 1.18818 -13.7202 65.3047
      vertex 1.18604 -13.8202 65.2794
    endloop
  endfacet
  facet normal 0.154027 0.803642 0.574835
    outer loop
      vertex 12.1741 -14.898 62.7974
      vertex 1.21719 -14.8367 65.6476
      vertex 1.22428 -14.898 65.7314
    endloop
  endfacet
  facet normal 0.153989 0.803756 0.574686
    outer loop
      vertex 1.21719 -14.8367 65.6476
      vertex 12.1741 -14.898 62.7974
      vertex 12.1527 -14.8367 62.7174
    endloop
  endfacet
  facet normal 0.191761 0.671604 0.715665
    outer loop
      vertex 12.115 -14.6911 62.5768
      vertex 1.21065 -14.7675 65.5703
      vertex 12.1329 -14.7675 62.6437
    endloop
  endfacet
  facet normal 0.191774 0.671552 0.71571
    outer loop
      vertex 1.21065 -14.7675 65.5703
      vertex 12.115 -14.6911 62.5768
      vertex 1.20473 -14.6911 65.5002
    endloop
  endfacet
  facet normal 0.062848 -0.970069 0.234557
    outer loop
      vertex 1.24814 -13.0202 66.0134
      vertex 12.2721 -12.9952 63.163
      vertex 1.2567 -12.9952 66.1145
    endloop
  endfacet
  facet normal 0.0627674 -0.970149 0.234245
    outer loop
      vertex 12.2721 -12.9952 63.163
      vertex 1.24814 -13.0202 66.0134
      vertex 12.2462 -13.0202 63.0664
    endloop
  endfacet
  facet normal -0.251069 0.242826 -0.937016
    outer loop
      vertex 12.5852 -14.3298 64.3314
      vertex 1.36246 -14.2298 67.3644
      vertex 12.5916 -14.2298 64.3556
    endloop
  endfacet
  facet normal -0.251096 0.242461 -0.937104
    outer loop
      vertex 1.36246 -14.2298 67.3644
      vertex 12.5852 -14.3298 64.3314
      vertex 1.36032 -14.3298 67.3391
    endloop
  endfacet
  facet normal 0.0870992 0.941677 0.32505
    outer loop
      vertex 12.2462 -15.0298 63.0664
      vertex 1.23983 -14.9951 65.9151
      vertex 1.24814 -15.0298 66.0134
    endloop
  endfacet
  facet normal 0.0871741 0.94157 0.325341
    outer loop
      vertex 1.23983 -14.9951 65.9151
      vertex 12.2462 -15.0298 63.0664
      vertex 12.2211 -14.9951 62.9727
    endloop
  endfacet
  facet normal 0.062848 0.970069 0.234557
    outer loop
      vertex 12.2721 -15.0548 63.163
      vertex 1.24814 -15.0298 66.0134
      vertex 1.2567 -15.0548 66.1145
    endloop
  endfacet
  facet normal 0.0627674 0.970149 0.234245
    outer loop
      vertex 1.24814 -15.0298 66.0134
      vertex 12.2721 -15.0548 63.163
      vertex 12.2462 -15.0298 63.0664
    endloop
  endfacet
  facet normal -0.110749 -0.90383 -0.41331
    outer loop
      vertex 1.30867 -13.0549 66.7287
      vertex 12.4532 -13.099 63.8389
      vertex 1.31665 -13.099 66.823
    endloop
  endfacet
  facet normal -0.110822 -0.903692 -0.413593
    outer loop
      vertex 12.4532 -13.099 63.8389
      vertex 1.30867 -13.0549 66.7287
      vertex 12.4291 -13.0549 63.749
    endloop
  endfacet
  facet normal 0.037923 0.989207 0.141531
    outer loop
      vertex 12.2985 -15.0699 63.2614
      vertex 1.2567 -15.0548 66.1145
      vertex 1.26543 -15.0699 66.2177
    endloop
  endfacet
  facet normal 0.0379452 0.989194 0.141617
    outer loop
      vertex 1.2567 -15.0548 66.1145
      vertex 12.2985 -15.0699 63.2614
      vertex 12.2721 -15.0548 63.163
    endloop
  endfacet
  facet normal -0.0379235 0.989207 -0.141531
    outer loop
      vertex 12.3781 -15.0548 63.5587
      vertex 1.28307 -15.0699 66.4261
      vertex 1.2918 -15.0548 66.5293
    endloop
  endfacet
  facet normal -0.0379456 0.989194 -0.141617
    outer loop
      vertex 1.28307 -15.0699 66.4261
      vertex 12.3781 -15.0548 63.5587
      vertex 12.3517 -15.0699 63.4603
    endloop
  endfacet
  facet normal 0.173804 0.740987 0.648637
    outer loop
      vertex 12.1527 -14.8367 62.7174
      vertex 1.21065 -14.7675 65.5703
      vertex 1.21719 -14.8367 65.6476
    endloop
  endfacet
  facet normal 0.173858 0.740789 0.648849
    outer loop
      vertex 1.21065 -14.7675 65.5703
      vertex 12.1527 -14.8367 62.7174
      vertex 12.1329 -14.7675 62.6437
    endloop
  endfacet
  facet normal -0.19176 -0.671604 -0.715665
    outer loop
      vertex 1.34378 -13.3589 67.1436
      vertex 12.5173 -13.2825 64.078
      vertex 12.5352 -13.3589 64.1449
    endloop
  endfacet
  facet normal -0.191769 -0.671566 -0.715698
    outer loop
      vertex 12.5173 -13.2825 64.078
      vertex 1.34378 -13.3589 67.1436
      vertex 1.33785 -13.2825 67.0735
    endloop
  endfacet
  facet normal -0.233946 0.427703 -0.873121
    outer loop
      vertex 12.5648 -14.52 64.2553
      vertex 1.35735 -14.4268 67.3039
      vertex 12.5762 -14.4268 64.2979
    endloop
  endfacet
  facet normal -0.233988 0.427383 -0.873266
    outer loop
      vertex 1.35735 -14.4268 67.3039
      vertex 12.5648 -14.52 64.2553
      vertex 1.35357 -14.52 67.2593
    endloop
  endfacet
  facet normal -0.221909 0.514647 -0.828187
    outer loop
      vertex 12.5511 -14.6083 64.2041
      vertex 1.35357 -14.52 67.2593
      vertex 12.5648 -14.52 64.2553
    endloop
  endfacet
  facet normal -0.221971 0.514272 -0.828404
    outer loop
      vertex 1.35357 -14.52 67.2593
      vertex 12.5511 -14.6083 64.2041
      vertex 1.34903 -14.6083 67.2057
    endloop
  endfacet
  facet normal 0.25601 -0.146943 0.955441
    outer loop
      vertex 1.18604 -13.8202 65.2794
      vertex 12.0546 -13.9221 62.3515
      vertex 12.0586 -13.8202 62.3661
    endloop
  endfacet
  facet normal 0.25602 -0.146727 0.955471
    outer loop
      vertex 12.0546 -13.9221 62.3515
      vertex 1.18604 -13.8202 65.2794
      vertex 1.18474 -13.9221 65.2641
    endloop
  endfacet
  facet normal 0.133184 -0.857441 0.497049
    outer loop
      vertex 1.22428 -13.152 65.7314
      vertex 12.197 -13.099 62.8827
      vertex 1.23185 -13.099 65.8208
    endloop
  endfacet
  facet normal 0.133176 -0.85746 0.497018
    outer loop
      vertex 12.197 -13.099 62.8827
      vertex 1.22428 -13.152 65.7314
      vertex 12.1741 -13.152 62.7974
    endloop
  endfacet
  facet normal -0.0871735 -0.941571 -0.325337
    outer loop
      vertex 1.30036 -13.0202 66.6305
      vertex 12.4291 -13.0549 63.749
      vertex 1.30867 -13.0549 66.7287
    endloop
  endfacet
  facet normal -0.0871744 -0.94157 -0.32534
    outer loop
      vertex 12.4291 -13.0549 63.749
      vertex 1.30036 -13.0202 66.6305
      vertex 12.404 -13.0202 63.6553
    endloop
  endfacet
  facet normal -0.258495 -0.0494572 -0.964746
    outer loop
      vertex 1.36419 -14.025 67.3848
      vertex 12.5955 -13.9221 64.3702
      vertex 12.5969 -14.025 64.3751
    endloop
  endfacet
  facet normal -0.258507 -0.0488969 -0.964771
    outer loop
      vertex 12.5955 -13.9221 64.3702
      vertex 1.36419 -14.025 67.3848
      vertex 1.36376 -13.9221 67.3797
    endloop
  endfacet
  facet normal -0.133182 0.857441 -0.497049
    outer loop
      vertex 12.4761 -14.898 63.9243
      vertex 1.31665 -14.951 66.823
      vertex 1.32422 -14.898 66.9124
    endloop
  endfacet
  facet normal -0.133072 0.857708 -0.496618
    outer loop
      vertex 1.31665 -14.951 66.823
      vertex 12.4761 -14.898 63.9243
      vertex 12.4532 -14.951 63.8389
    endloop
  endfacet
  facet normal -0.1738 -0.740988 -0.648638
    outer loop
      vertex 1.33131 -13.2133 66.9962
      vertex 12.5173 -13.2825 64.078
      vertex 1.33785 -13.2825 67.0735
    endloop
  endfacet
  facet normal -0.173855 -0.740789 -0.64885
    outer loop
      vertex 12.5173 -13.2825 64.078
      vertex 1.33131 -13.2133 66.9962
      vertex 12.4975 -13.2133 64.0043
    endloop
  endfacet
  facet normal 0.221909 0.514647 0.828188
    outer loop
      vertex 12.0854 -14.52 62.4664
      vertex 1.19947 -14.6083 65.4381
      vertex 12.0991 -14.6083 62.5176
    endloop
  endfacet
  facet normal 0.221971 0.514272 0.828404
    outer loop
      vertex 1.19947 -14.6083 65.4381
      vertex 12.0854 -14.52 62.4664
      vertex 1.19493 -14.52 65.3845
    endloop
  endfacet
  facet normal -0.0871735 0.941571 -0.325337
    outer loop
      vertex 12.4291 -14.9951 63.749
      vertex 1.30036 -15.0298 66.6305
      vertex 1.30867 -14.9951 66.7287
    endloop
  endfacet
  facet normal -0.0871744 0.94157 -0.32534
    outer loop
      vertex 1.30036 -15.0298 66.6305
      vertex 12.4291 -14.9951 63.749
      vertex 12.404 -15.0298 63.6553
    endloop
  endfacet
  facet normal -0.221909 -0.514647 -0.828187
    outer loop
      vertex 1.35357 -13.53 67.2593
      vertex 12.5511 -13.4417 64.2041
      vertex 12.5648 -13.53 64.2553
    endloop
  endfacet
  facet normal -0.221971 -0.514272 -0.828404
    outer loop
      vertex 12.5511 -13.4417 64.2041
      vertex 1.35357 -13.53 67.2593
      vertex 1.34903 -13.4417 67.2057
    endloop
  endfacet
  facet normal 0.25107 0.242826 0.937016
    outer loop
      vertex 12.0586 -14.2298 62.3661
      vertex 1.18818 -14.3298 65.3047
      vertex 12.065 -14.3298 62.3903
    endloop
  endfacet
  facet normal 0.251097 0.242461 0.937104
    outer loop
      vertex 1.18818 -14.3298 65.3047
      vertex 12.0586 -14.2298 62.3661
      vertex 1.18604 -14.2298 65.2794
    endloop
  endfacet
  facet normal 0.037923 -0.989207 0.141531
    outer loop
      vertex 1.2567 -12.9952 66.1145
      vertex 12.2985 -12.9801 63.2614
      vertex 1.26543 -12.9801 66.2177
    endloop
  endfacet
  facet normal 0.0379452 -0.989194 0.141617
    outer loop
      vertex 12.2985 -12.9801 63.2614
      vertex 1.2567 -12.9952 66.1145
      vertex 12.2721 -12.9952 63.163
    endloop
  endfacet
  facet normal -0.133182 -0.857441 -0.497049
    outer loop
      vertex 1.31665 -13.099 66.823
      vertex 12.4761 -13.152 63.9243
      vertex 1.32422 -13.152 66.9124
    endloop
  endfacet
  facet normal -0.133072 -0.857708 -0.496618
    outer loop
      vertex 12.4761 -13.152 63.9243
      vertex 1.31665 -13.099 66.823
      vertex 12.4532 -13.099 63.8389
    endloop
  endfacet
  facet normal 0.221909 -0.514647 0.828188
    outer loop
      vertex 1.19947 -13.4417 65.4381
      vertex 12.0854 -13.53 62.4664
      vertex 12.0991 -13.4417 62.5176
    endloop
  endfacet
  facet normal 0.221971 -0.514272 0.828404
    outer loop
      vertex 12.0854 -13.53 62.4664
      vertex 1.19947 -13.4417 65.4381
      vertex 1.19493 -13.53 65.3845
    endloop
  endfacet
  facet normal 0.191761 -0.671604 0.715665
    outer loop
      vertex 1.21065 -13.2825 65.5703
      vertex 12.115 -13.3589 62.5768
      vertex 12.1329 -13.2825 62.6437
    endloop
  endfacet
  facet normal 0.191774 -0.671552 0.71571
    outer loop
      vertex 12.115 -13.3589 62.5768
      vertex 1.21065 -13.2825 65.5703
      vertex 1.20473 -13.3589 65.5002
    endloop
  endfacet
  facet normal -0.208019 0.595006 -0.776335
    outer loop
      vertex 12.5352 -14.6911 64.1449
      vertex 1.34903 -14.6083 67.2057
      vertex 12.5511 -14.6083 64.2041
    endloop
  endfacet
  facet normal -0.207962 0.595287 -0.776135
    outer loop
      vertex 1.34903 -14.6083 67.2057
      vertex 12.5352 -14.6911 64.1449
      vertex 1.34378 -14.6911 67.1436
    endloop
  endfacet
  facet normal -0.256016 -0.146697 -0.955477
    outer loop
      vertex 1.36376 -13.9221 67.3797
      vertex 12.5916 -13.8202 64.3556
      vertex 12.5955 -13.9221 64.3702
    endloop
  endfacet
  facet normal -0.256015 -0.146728 -0.955472
    outer loop
      vertex 12.5916 -13.8202 64.3556
      vertex 1.36376 -13.9221 67.3797
      vertex 1.36246 -13.8202 67.3644
    endloop
  endfacet
  facet normal 0.110745 0.903831 0.413311
    outer loop
      vertex 12.2211 -14.9951 62.9727
      vertex 1.23185 -14.951 65.8208
      vertex 1.23983 -14.9951 65.9151
    endloop
  endfacet
  facet normal 0.110728 0.903864 0.413243
    outer loop
      vertex 1.23185 -14.951 65.8208
      vertex 12.2211 -14.9951 62.9727
      vertex 12.197 -14.951 62.8827
    endloop
  endfacet
  facet normal -0.19176 0.671604 -0.715665
    outer loop
      vertex 12.5173 -14.7675 64.078
      vertex 1.34378 -14.6911 67.1436
      vertex 12.5352 -14.6911 64.1449
    endloop
  endfacet
  facet normal -0.191769 0.671566 -0.715698
    outer loop
      vertex 1.34378 -14.6911 67.1436
      vertex 12.5173 -14.7675 64.078
      vertex 1.33785 -14.7675 67.0735
    endloop
  endfacet
  facet normal 0.110745 -0.903831 0.413311
    outer loop
      vertex 1.23185 -13.099 65.8208
      vertex 12.2211 -13.0549 62.9727
      vertex 1.23983 -13.0549 65.9151
    endloop
  endfacet
  facet normal 0.110728 -0.903864 0.413243
    outer loop
      vertex 12.2211 -13.0549 62.9727
      vertex 1.23185 -13.099 65.8208
      vertex 12.197 -13.099 62.8827
    endloop
  endfacet
  facet normal 0.258508 -0.0492066 0.964755
    outer loop
      vertex 1.18474 -13.9221 65.2641
      vertex 12.0533 -14.025 62.3466
      vertex 12.0546 -13.9221 62.3515
    endloop
  endfacet
  facet normal 0.258515 -0.0488968 0.964769
    outer loop
      vertex 12.0533 -14.025 62.3466
      vertex 1.18474 -13.9221 65.2641
      vertex 1.18431 -14.025 65.259
    endloop
  endfacet
  facet normal 0.0870992 -0.941677 0.32505
    outer loop
      vertex 1.23983 -13.0549 65.9151
      vertex 12.2462 -13.0202 63.0664
      vertex 1.24814 -13.0202 66.0134
    endloop
  endfacet
  facet normal 0.0871741 -0.94157 0.325341
    outer loop
      vertex 12.2462 -13.0202 63.0664
      vertex 1.23983 -13.0549 65.9151
      vertex 12.2211 -13.0549 62.9727
    endloop
  endfacet
  facet normal 0.25601 0.146943 0.955441
    outer loop
      vertex 12.0546 -14.1279 62.3515
      vertex 1.18604 -14.2298 65.2794
      vertex 12.0586 -14.2298 62.3661
    endloop
  endfacet
  facet normal 0.25602 0.146727 0.955471
    outer loop
      vertex 1.18604 -14.2298 65.2794
      vertex 12.0546 -14.1279 62.3515
      vertex 1.18474 -14.1279 65.2641
    endloop
  endfacet
  facet normal -0.062792 0.970124 -0.234344
    outer loop
      vertex 12.404 -15.0298 63.6553
      vertex 1.2918 -15.0548 66.5293
      vertex 1.30036 -15.0298 66.6305
    endloop
  endfacet
  facet normal -0.0627665 0.970149 -0.234245
    outer loop
      vertex 1.2918 -15.0548 66.5293
      vertex 12.404 -15.0298 63.6553
      vertex 12.3781 -15.0548 63.5587
    endloop
  endfacet
  facet normal 0.233952 0.427703 0.873119
    outer loop
      vertex 12.074 -14.4268 62.4238
      vertex 1.19493 -14.52 65.3845
      vertex 12.0854 -14.52 62.4664
    endloop
  endfacet
  facet normal 0.233997 0.427362 0.873274
    outer loop
      vertex 1.19493 -14.52 65.3845
      vertex 12.074 -14.4268 62.4238
      vertex 1.19116 -14.4268 65.3399
    endloop
  endfacet
  facet normal -0.0128079 0.998775 -0.0478002
    outer loop
      vertex 12.3517 -15.0699 63.4603
      vertex 1.27425 -15.075 66.3219
      vertex 1.28307 -15.0699 66.4261
    endloop
  endfacet
  facet normal -0.0128005 0.998776 -0.0477715
    outer loop
      vertex 1.27425 -15.075 66.3219
      vertex 12.3517 -15.0699 63.4603
      vertex 12.3251 -15.075 63.3608
    endloop
  endfacet
  facet normal 0.173804 -0.740987 0.648637
    outer loop
      vertex 1.21065 -13.2825 65.5703
      vertex 12.1527 -13.2133 62.7174
      vertex 1.21719 -13.2133 65.6476
    endloop
  endfacet
  facet normal 0.173858 -0.740789 0.648849
    outer loop
      vertex 12.1527 -13.2133 62.7174
      vertex 1.21065 -13.2825 65.5703
      vertex 12.1329 -13.2825 62.6437
    endloop
  endfacet
  facet normal -0.110749 0.90383 -0.41331
    outer loop
      vertex 12.4532 -14.951 63.8389
      vertex 1.30867 -14.9951 66.7287
      vertex 1.31665 -14.951 66.823
    endloop
  endfacet
  facet normal -0.110822 0.903692 -0.413593
    outer loop
      vertex 1.30867 -14.9951 66.7287
      vertex 12.4532 -14.951 63.8389
      vertex 12.4291 -14.9951 63.749
    endloop
  endfacet
  facet normal -0.1738 0.740988 -0.648638
    outer loop
      vertex 12.5173 -14.7675 64.078
      vertex 1.33131 -14.8367 66.9962
      vertex 1.33785 -14.7675 67.0735
    endloop
  endfacet
  facet normal -0.173855 0.740789 -0.64885
    outer loop
      vertex 1.33131 -14.8367 66.9962
      vertex 12.5173 -14.7675 64.078
      vertex 12.4975 -14.8367 64.0043
    endloop
  endfacet
  facet normal -0.154023 0.803642 -0.574836
    outer loop
      vertex 12.4975 -14.8367 64.0043
      vertex 1.32422 -14.898 66.9124
      vertex 1.33131 -14.8367 66.9962
    endloop
  endfacet
  facet normal -0.153985 0.803756 -0.574687
    outer loop
      vertex 1.32422 -14.898 66.9124
      vertex 12.4975 -14.8367 64.0043
      vertex 12.4761 -14.898 63.9243
    endloop
  endfacet
  facet normal -0.0379459 -0.989194 -0.141619
    outer loop
      vertex 1.9255 -2.08006 74.0185
      vertex 14.3193 -2.09517 70.8032
      vertex 1.93424 -2.09517 74.1217
    endloop
  endfacet
  facet normal -0.037935 -0.9892 -0.141577
    outer loop
      vertex 14.3193 -2.09517 70.8032
      vertex 1.9255 -2.08006 74.0185
      vertex 14.2929 -2.08006 70.7047
    endloop
  endfacet
  facet normal -0.012708 -0.998794 -0.0474274
    outer loop
      vertex 1.91669 -2.075 73.9143
      vertex 14.2929 -2.08006 70.7047
      vertex 1.9255 -2.08006 74.0185
    endloop
  endfacet
  facet normal -0.0127088 -0.998794 -0.0474303
    outer loop
      vertex 14.2929 -2.08006 70.7047
      vertex 1.91669 -2.075 73.9143
      vertex 14.2662 -2.075 70.6053
    endloop
  endfacet
  facet normal -0.062887 -0.970032 -0.234697
    outer loop
      vertex 1.93424 -2.09517 74.1217
      vertex 14.3451 -2.12021 70.8997
      vertex 1.9428 -2.12021 74.2229
    endloop
  endfacet
  facet normal -0.0629317 -0.969988 -0.234869
    outer loop
      vertex 14.3451 -2.12021 70.8997
      vertex 1.93424 -2.09517 74.1217
      vertex 14.3193 -2.09517 70.8032
    endloop
  endfacet
  facet normal 0.234023 -0.427124 0.873383
    outer loop
      vertex 1.83737 -2.63003 72.9769
      vertex 14.0152 -2.72318 69.6683
      vertex 14.0266 -2.63003 69.7108
    endloop
  endfacet
  facet normal 0.233964 -0.427571 0.87318
    outer loop
      vertex 14.0152 -2.72318 69.6683
      vertex 1.83737 -2.63003 72.9769
      vertex 1.83359 -2.72318 72.9323
    endloop
  endfacet
  facet normal -0.234025 -0.427124 -0.873383
    outer loop
      vertex 1.99978 -2.72318 74.8964
      vertex 14.5059 -2.63003 71.4998
      vertex 14.5173 -2.72318 71.5423
    endloop
  endfacet
  facet normal -0.233969 -0.42755 -0.873189
    outer loop
      vertex 14.5059 -2.63003 71.4998
      vertex 1.99978 -2.72318 74.8964
      vertex 1.99601 -2.63003 74.8518
    endloop
  endfacet
  facet normal -0.251054 -0.243177 -0.936929
    outer loop
      vertex 2.0049 -2.92015 74.9569
      vertex 14.5263 -2.8202 71.5758
      vertex 14.5328 -2.92015 71.6
    endloop
  endfacet
  facet normal -0.251034 -0.243457 -0.936862
    outer loop
      vertex 14.5263 -2.8202 71.5758
      vertex 2.0049 -2.92015 74.9569
      vertex 2.00276 -2.8202 74.9315
    endloop
  endfacet
  facet normal -0.207863 0.595797 -0.77577
    outer loop
      vertex 14.4763 -3.79111 71.3893
      vertex 1.99147 -3.70835 74.7981
      vertex 14.4922 -3.70835 71.4486
    endloop
  endfacet
  facet normal -0.207925 0.595489 -0.77599
    outer loop
      vertex 1.99147 -3.70835 74.7981
      vertex 14.4763 -3.79111 71.3893
      vertex 1.98621 -3.79111 74.736
    endloop
  endfacet
  facet normal 0.24363 0.337493 0.909254
    outer loop
      vertex 14.0062 -3.4298 69.6347
      vertex 1.83359 -3.52682 72.9323
      vertex 14.0152 -3.52682 69.6683
    endloop
  endfacet
  facet normal 0.243727 0.336531 0.909584
    outer loop
      vertex 1.83359 -3.52682 72.9323
      vertex 14.0062 -3.4298 69.6347
      vertex 1.83062 -3.4298 72.8972
    endloop
  endfacet
  facet normal 0.251113 0.242272 0.937148
    outer loop
      vertex 13.9997 -3.32984 69.6106
      vertex 1.83062 -3.4298 72.8972
      vertex 14.0062 -3.4298 69.6347
    endloop
  endfacet
  facet normal 0.251028 0.243434 0.93687
    outer loop
      vertex 1.83062 -3.4298 72.8972
      vertex 13.9997 -3.32984 69.6106
      vertex 1.82848 -3.32984 72.8718
    endloop
  endfacet
  facet normal 0.25598 0.147586 0.95535
    outer loop
      vertex 13.9958 -3.22792 69.5959
      vertex 1.82848 -3.32984 72.8718
      vertex 13.9997 -3.32984 69.6106
    endloop
  endfacet
  facet normal 0.256021 0.146699 0.955475
    outer loop
      vertex 1.82848 -3.32984 72.8718
      vertex 13.9958 -3.22792 69.5959
      vertex 1.82718 -3.22792 72.8565
    endloop
  endfacet
  facet normal -0.258508 0.0491971 -0.964756
    outer loop
      vertex 14.5367 -3.22792 71.6146
      vertex 2.00663 -3.125 74.9773
      vertex 14.538 -3.125 71.6195
    endloop
  endfacet
  facet normal -0.258514 0.0488874 -0.96477
    outer loop
      vertex 2.00663 -3.125 74.9773
      vertex 14.5367 -3.22792 71.6146
      vertex 2.0062 -3.22792 74.9722
    endloop
  endfacet
  facet normal 0.207866 -0.595797 0.775769
    outer loop
      vertex 1.84716 -2.45889 73.0927
      vertex 14.0403 -2.54165 69.762
      vertex 14.0562 -2.45889 69.8213
    endloop
  endfacet
  facet normal 0.20781 -0.596077 0.775569
    outer loop
      vertex 14.0403 -2.54165 69.762
      vertex 1.84716 -2.45889 73.0927
      vertex 1.84191 -2.54165 73.0305
    endloop
  endfacet
  facet normal -0.110643 -0.904018 -0.412928
    outer loop
      vertex 1.95111 -2.15493 74.3211
      vertex 14.3943 -2.19898 71.0834
      vertex 1.95909 -2.19898 74.4154
    endloop
  endfacet
  facet normal -0.110626 -0.904051 -0.41286
    outer loop
      vertex 14.3943 -2.19898 71.0834
      vertex 1.95111 -2.15493 74.3211
      vertex 14.3702 -2.15493 70.9934
    endloop
  endfacet
  facet normal 0.0628878 -0.970032 0.234697
    outer loop
      vertex 1.89058 -2.12021 73.6058
      vertex 14.2132 -2.09517 70.4074
      vertex 1.89914 -2.09517 73.707
    endloop
  endfacet
  facet normal 0.0629176 -0.970003 0.234811
    outer loop
      vertex 14.2132 -2.09517 70.4074
      vertex 1.89058 -2.12021 73.6058
      vertex 14.1873 -2.12021 70.3109
    endloop
  endfacet
  facet normal -0.207863 -0.595797 -0.77577
    outer loop
      vertex 1.99147 -2.54165 74.7981
      vertex 14.4763 -2.45889 71.3893
      vertex 14.4922 -2.54165 71.4486
    endloop
  endfacet
  facet normal -0.207925 -0.595489 -0.77599
    outer loop
      vertex 14.4763 -2.45889 71.3893
      vertex 1.99147 -2.54165 74.7981
      vertex 1.98621 -2.45889 74.736
    endloop
  endfacet
  facet normal -0.251055 0.243154 -0.936935
    outer loop
      vertex 14.5263 -3.4298 71.5758
      vertex 2.0049 -3.32984 74.9569
      vertex 14.5328 -3.32984 71.6
    endloop
  endfacet
  facet normal -0.251035 0.243434 -0.936868
    outer loop
      vertex 2.0049 -3.32984 74.9569
      vertex 14.5263 -3.4298 71.5758
      vertex 2.00276 -3.4298 74.9315
    endloop
  endfacet
  facet normal -0.221964 -0.514305 -0.828386
    outer loop
      vertex 1.99601 -2.63003 74.8518
      vertex 14.4922 -2.54165 71.4486
      vertex 14.5059 -2.63003 71.4998
    endloop
  endfacet
  facet normal -0.221913 -0.514619 -0.828204
    outer loop
      vertex 14.4922 -2.54165 71.4486
      vertex 1.99601 -2.63003 74.8518
      vertex 1.99147 -2.54165 74.7981
    endloop
  endfacet
  facet normal -0.0872187 -0.94151 -0.325503
    outer loop
      vertex 1.9428 -2.12021 74.2229
      vertex 14.3702 -2.15493 70.9934
      vertex 1.95111 -2.15493 74.3211
    endloop
  endfacet
  facet normal -0.0872196 -0.941508 -0.325507
    outer loop
      vertex 14.3702 -2.15493 70.9934
      vertex 1.9428 -2.12021 74.2229
      vertex 14.3451 -2.12021 70.8997
    endloop
  endfacet
  facet normal 0.110644 0.904018 0.412928
    outer loop
      vertex 14.1622 -4.09507 70.2172
      vertex 1.87429 -4.05102 73.4133
      vertex 1.88227 -4.09507 73.5076
    endloop
  endfacet
  facet normal 0.110626 0.904051 0.41286
    outer loop
      vertex 1.87429 -4.05102 73.4133
      vertex 14.1622 -4.09507 70.2172
      vertex 14.1381 -4.05102 70.1272
    endloop
  endfacet
  facet normal -0.0379705 0.98918 -0.141711
    outer loop
      vertex 14.3193 -4.15482 70.8032
      vertex 1.9255 -4.16994 74.0185
      vertex 1.93424 -4.15482 74.1217
    endloop
  endfacet
  facet normal -0.0379596 0.989186 -0.141669
    outer loop
      vertex 1.9255 -4.16994 74.0185
      vertex 14.3193 -4.15482 70.8032
      vertex 14.2929 -4.16994 70.7047
    endloop
  endfacet
  facet normal 0.0379479 -0.989193 0.141622
    outer loop
      vertex 1.89914 -2.09517 73.707
      vertex 14.2396 -2.08006 70.5059
      vertex 1.90787 -2.08006 73.8102
    endloop
  endfacet
  facet normal 0.037936 -0.9892 0.141577
    outer loop
      vertex 14.2396 -2.08006 70.5059
      vertex 1.89914 -2.09517 73.707
      vertex 14.2132 -2.09517 70.4074
    endloop
  endfacet
  facet normal 0.207866 0.595797 0.775769
    outer loop
      vertex 14.0403 -3.70835 69.762
      vertex 1.84716 -3.79111 73.0927
      vertex 14.0562 -3.79111 69.8213
    endloop
  endfacet
  facet normal 0.20781 0.596077 0.775569
    outer loop
      vertex 1.84716 -3.79111 73.0927
      vertex 14.0403 -3.70835 69.762
      vertex 1.84191 -3.70835 73.0305
    endloop
  endfacet
  facet normal -0.154159 -0.80327 -0.575319
    outer loop
      vertex 1.96666 -2.25196 74.5049
      vertex 14.4386 -2.31334 71.2487
      vertex 1.97375 -2.31334 74.5887
    endloop
  endfacet
  facet normal -0.154232 -0.803052 -0.575604
    outer loop
      vertex 14.4386 -2.31334 71.2487
      vertex 1.96666 -2.25196 74.5049
      vertex 14.4172 -2.25196 71.1688
    endloop
  endfacet
  facet normal 0.0127196 0.998792 0.0474707
    outer loop
      vertex 14.2662 -4.175 70.6053
      vertex 1.90787 -4.16994 73.8102
      vertex 1.91669 -4.175 73.9143
    endloop
  endfacet
  facet normal 0.0127122 0.998793 0.0474421
    outer loop
      vertex 1.90787 -4.16994 73.8102
      vertex 14.2662 -4.175 70.6053
      vertex 14.2396 -4.16994 70.5059
    endloop
  endfacet
  facet normal 0.25852 -0.0482619 0.9648
    outer loop
      vertex 1.82718 -3.02208 72.8565
      vertex 13.9945 -3.125 69.5911
      vertex 13.9958 -3.02208 69.5959
    endloop
  endfacet
  facet normal 0.258507 -0.0488874 0.964772
    outer loop
      vertex 13.9945 -3.125 69.5911
      vertex 1.82718 -3.02208 72.8565
      vertex 1.82675 -3.125 72.8514
    endloop
  endfacet
  facet normal -0.173807 -0.740987 -0.648637
    outer loop
      vertex 1.97375 -2.31334 74.5887
      vertex 14.4584 -2.38254 71.3224
      vertex 1.98029 -2.38254 74.666
    endloop
  endfacet
  facet normal -0.173861 -0.740789 -0.648848
    outer loop
      vertex 14.4584 -2.38254 71.3224
      vertex 1.97375 -2.31334 74.5887
      vertex 14.4386 -2.31334 71.2487
    endloop
  endfacet
  facet normal -0.256025 -0.146655 -0.955481
    outer loop
      vertex 2.0062 -3.02208 74.9722
      vertex 14.5328 -2.92015 71.6
      vertex 14.5367 -3.02208 71.6146
    endloop
  endfacet
  facet normal -0.256024 -0.146685 -0.955476
    outer loop
      vertex 14.5328 -2.92015 71.6
      vertex 2.0062 -3.02208 74.9722
      vertex 2.0049 -2.92015 74.9569
    endloop
  endfacet
  facet normal 0.0127196 -0.998792 0.0474707
    outer loop
      vertex 1.90787 -2.08006 73.8102
      vertex 14.2662 -2.075 70.6053
      vertex 1.91669 -2.075 73.9143
    endloop
  endfacet
  facet normal 0.0127122 -0.998793 0.0474421
    outer loop
      vertex 14.2662 -2.075 70.6053
      vertex 1.90787 -2.08006 73.8102
      vertex 14.2396 -2.08006 70.5059
    endloop
  endfacet
  facet normal 0.0872185 0.94151 0.325503
    outer loop
      vertex 14.1873 -4.12979 70.3109
      vertex 1.88227 -4.09507 73.5076
      vertex 1.89058 -4.12979 73.6058
    endloop
  endfacet
  facet normal 0.0872193 0.941508 0.325507
    outer loop
      vertex 1.88227 -4.09507 73.5076
      vertex 14.1873 -4.12979 70.3109
      vertex 14.1622 -4.09507 70.2172
    endloop
  endfacet
  facet normal 0.110644 -0.904018 0.412928
    outer loop
      vertex 1.87429 -2.19898 73.4133
      vertex 14.1622 -2.15493 70.2172
      vertex 1.88227 -2.15493 73.5076
    endloop
  endfacet
  facet normal 0.110626 -0.904051 0.41286
    outer loop
      vertex 14.1622 -2.15493 70.2172
      vertex 1.87429 -2.19898 73.4133
      vertex 14.1381 -2.19898 70.1272
    endloop
  endfacet
  facet normal -0.173807 0.740987 -0.648637
    outer loop
      vertex 14.4584 -3.86746 71.3224
      vertex 1.97375 -3.93666 74.5887
      vertex 1.98029 -3.86746 74.666
    endloop
  endfacet
  facet normal -0.173861 0.740789 -0.648848
    outer loop
      vertex 1.97375 -3.93666 74.5887
      vertex 14.4584 -3.86746 71.3224
      vertex 14.4386 -3.93666 71.2487
    endloop
  endfacet
  facet normal 0.0628642 0.970055 0.234608
    outer loop
      vertex 14.2132 -4.15482 70.4074
      vertex 1.89058 -4.12979 73.6058
      vertex 1.89914 -4.15482 73.707
    endloop
  endfacet
  facet normal 0.062894 0.970025 0.234723
    outer loop
      vertex 1.89058 -4.12979 73.6058
      vertex 14.2132 -4.15482 70.4074
      vertex 14.1873 -4.12979 70.3109
    endloop
  endfacet
  facet normal 0.221962 -0.514305 0.828386
    outer loop
      vertex 1.84191 -2.54165 73.0305
      vertex 14.0266 -2.63003 69.7108
      vertex 14.0403 -2.54165 69.762
    endloop
  endfacet
  facet normal 0.222024 -0.513929 0.828602
    outer loop
      vertex 14.0266 -2.63003 69.7108
      vertex 1.84191 -2.54165 73.0305
      vertex 1.83737 -2.63003 72.9769
    endloop
  endfacet
  facet normal -0.0872187 0.94151 -0.325503
    outer loop
      vertex 14.3702 -4.09507 70.9934
      vertex 1.9428 -4.12979 74.2229
      vertex 1.95111 -4.09507 74.3211
    endloop
  endfacet
  facet normal -0.0872196 0.941508 -0.325507
    outer loop
      vertex 1.9428 -4.12979 74.2229
      vertex 14.3702 -4.09507 70.9934
      vertex 14.3451 -4.12979 70.8997
    endloop
  endfacet
  facet normal -0.243712 -0.336662 -0.90954
    outer loop
      vertex 2.00276 -2.8202 74.9315
      vertex 14.5173 -2.72318 71.5423
      vertex 14.5263 -2.8202 71.5758
    endloop
  endfacet
  facet normal -0.243723 -0.336554 -0.909577
    outer loop
      vertex 14.5173 -2.72318 71.5423
      vertex 2.00276 -2.8202 74.9315
      vertex 1.99978 -2.72318 74.8964
    endloop
  endfacet
  facet normal -0.258508 -0.0491971 -0.964756
    outer loop
      vertex 2.00663 -3.125 74.9773
      vertex 14.5367 -3.02208 71.6146
      vertex 14.538 -3.125 71.6195
    endloop
  endfacet
  facet normal -0.258514 -0.0488874 -0.96477
    outer loop
      vertex 14.5367 -3.02208 71.6146
      vertex 2.00663 -3.125 74.9773
      vertex 2.0062 -3.02208 74.9722
    endloop
  endfacet
  facet normal -0.256025 0.146669 -0.955479
    outer loop
      vertex 14.5328 -3.32984 71.6
      vertex 2.0062 -3.22792 74.9722
      vertex 14.5367 -3.22792 71.6146
    endloop
  endfacet
  facet normal -0.256023 0.146699 -0.955474
    outer loop
      vertex 2.0062 -3.22792 74.9722
      vertex 14.5328 -3.32984 71.6
      vertex 2.0049 -3.32984 74.9569
    endloop
  endfacet
  facet normal 0.24363 -0.337493 0.909254
    outer loop
      vertex 1.83359 -2.72318 72.9323
      vertex 14.0062 -2.8202 69.6347
      vertex 14.0152 -2.72318 69.6683
    endloop
  endfacet
  facet normal 0.243727 -0.336531 0.909584
    outer loop
      vertex 14.0062 -2.8202 69.6347
      vertex 1.83359 -2.72318 72.9323
      vertex 1.83062 -2.8202 72.8972
    endloop
  endfacet
  facet normal 0.154157 -0.80327 0.575319
    outer loop
      vertex 1.85963 -2.31334 73.24
      vertex 14.1153 -2.25196 70.0418
      vertex 1.86672 -2.25196 73.3238
    endloop
  endfacet
  facet normal 0.1542 -0.803141 0.575488
    outer loop
      vertex 14.1153 -2.25196 70.0418
      vertex 1.85963 -2.31334 73.24
      vertex 14.0938 -2.31334 69.9619
    endloop
  endfacet
  facet normal 0.133041 -0.857774 0.496511
    outer loop
      vertex 1.86672 -2.25196 73.3238
      vertex 14.1381 -2.19898 70.1272
      vertex 1.87429 -2.19898 73.4133
    endloop
  endfacet
  facet normal 0.13306 -0.857727 0.496588
    outer loop
      vertex 14.1381 -2.19898 70.1272
      vertex 1.86672 -2.25196 73.3238
      vertex 14.1153 -2.25196 70.0418
    endloop
  endfacet
  facet normal 0.25598 -0.147572 0.955352
    outer loop
      vertex 1.82848 -2.92015 72.8718
      vertex 13.9958 -3.02208 69.5959
      vertex 13.9997 -2.92015 69.6106
    endloop
  endfacet
  facet normal 0.256022 -0.146685 0.955477
    outer loop
      vertex 13.9958 -3.02208 69.5959
      vertex 1.82848 -2.92015 72.8718
      vertex 1.82718 -3.02208 72.8565
    endloop
  endfacet
  facet normal 0.0872185 -0.94151 0.325503
    outer loop
      vertex 1.88227 -2.15493 73.5076
      vertex 14.1873 -2.12021 70.3109
      vertex 1.89058 -2.12021 73.6058
    endloop
  endfacet
  facet normal 0.0872193 -0.941508 0.325507
    outer loop
      vertex 14.1873 -2.12021 70.3109
      vertex 1.88227 -2.15493 73.5076
      vertex 14.1622 -2.15493 70.2172
    endloop
  endfacet
  facet normal 0.234023 0.427124 0.873383
    outer loop
      vertex 14.0152 -3.52682 69.6683
      vertex 1.83737 -3.61997 72.9769
      vertex 14.0266 -3.61997 69.7108
    endloop
  endfacet
  facet normal 0.233964 0.427571 0.87318
    outer loop
      vertex 1.83737 -3.61997 72.9769
      vertex 14.0152 -3.52682 69.6683
      vertex 1.83359 -3.52682 72.9323
    endloop
  endfacet
  facet normal -0.110643 0.904018 -0.412928
    outer loop
      vertex 14.3943 -4.05102 71.0834
      vertex 1.95111 -4.09507 74.3211
      vertex 1.95909 -4.05102 74.4154
    endloop
  endfacet
  facet normal -0.110626 0.904051 -0.41286
    outer loop
      vertex 1.95111 -4.09507 74.3211
      vertex 14.3943 -4.05102 71.0834
      vertex 14.3702 -4.09507 70.9934
    endloop
  endfacet
  facet normal 0.133041 0.857774 0.496511
    outer loop
      vertex 14.1381 -4.05102 70.1272
      vertex 1.86672 -3.99804 73.3238
      vertex 1.87429 -4.05102 73.4133
    endloop
  endfacet
  facet normal 0.13306 0.857727 0.496588
    outer loop
      vertex 1.86672 -3.99804 73.3238
      vertex 14.1381 -4.05102 70.1272
      vertex 14.1153 -3.99804 70.0418
    endloop
  endfacet
  facet normal -0.133039 -0.857774 -0.496511
    outer loop
      vertex 1.95909 -2.19898 74.4154
      vertex 14.4172 -2.25196 71.1688
      vertex 1.96666 -2.25196 74.5049
    endloop
  endfacet
  facet normal -0.133031 -0.857793 -0.496481
    outer loop
      vertex 14.4172 -2.25196 71.1688
      vertex 1.95909 -2.19898 74.4154
      vertex 14.3943 -2.19898 71.0834
    endloop
  endfacet
  facet normal -0.243712 0.336662 -0.90954
    outer loop
      vertex 14.5173 -3.52682 71.5423
      vertex 2.00276 -3.4298 74.9315
      vertex 14.5263 -3.4298 71.5758
    endloop
  endfacet
  facet normal -0.243723 0.336554 -0.909577
    outer loop
      vertex 2.00276 -3.4298 74.9315
      vertex 14.5173 -3.52682 71.5423
      vertex 1.99978 -3.52682 74.8964
    endloop
  endfacet
  facet normal 0.1738 0.740988 0.648638
    outer loop
      vertex 14.0938 -3.93666 69.9619
      vertex 1.85309 -3.86746 73.1627
      vertex 1.85963 -3.93666 73.24
    endloop
  endfacet
  facet normal 0.17377 0.741098 0.648519
    outer loop
      vertex 1.85309 -3.86746 73.1627
      vertex 14.0938 -3.93666 69.9619
      vertex 14.0741 -3.86746 69.8881
    endloop
  endfacet
  facet normal -0.191705 0.671845 -0.715454
    outer loop
      vertex 14.4584 -3.86746 71.3224
      vertex 1.98621 -3.79111 74.736
      vertex 14.4763 -3.79111 71.3893
    endloop
  endfacet
  facet normal -0.191843 0.671278 -0.715948
    outer loop
      vertex 1.98621 -3.79111 74.736
      vertex 14.4584 -3.86746 71.3224
      vertex 1.98029 -3.86746 74.666
    endloop
  endfacet
  facet normal 0.251111 -0.242295 0.937143
    outer loop
      vertex 1.83062 -2.8202 72.8972
      vertex 13.9997 -2.92015 69.6106
      vertex 14.0062 -2.8202 69.6347
    endloop
  endfacet
  facet normal 0.251027 -0.243457 0.936864
    outer loop
      vertex 13.9997 -2.92015 69.6106
      vertex 1.83062 -2.8202 72.8972
      vertex 1.82848 -2.92015 72.8718
    endloop
  endfacet
  facet normal -0.221964 0.514305 -0.828386
    outer loop
      vertex 14.4922 -3.70835 71.4486
      vertex 1.99601 -3.61997 74.8518
      vertex 14.5059 -3.61997 71.4998
    endloop
  endfacet
  facet normal -0.221913 0.514619 -0.828204
    outer loop
      vertex 1.99601 -3.61997 74.8518
      vertex 14.4922 -3.70835 71.4486
      vertex 1.99147 -3.70835 74.7981
    endloop
  endfacet
  facet normal -0.234025 0.427124 -0.873383
    outer loop
      vertex 14.5059 -3.61997 71.4998
      vertex 1.99978 -3.52682 74.8964
      vertex 14.5173 -3.52682 71.5423
    endloop
  endfacet
  facet normal -0.233969 0.42755 -0.873189
    outer loop
      vertex 1.99978 -3.52682 74.8964
      vertex 14.5059 -3.61997 71.4998
      vertex 1.99601 -3.61997 74.8518
    endloop
  endfacet
  facet normal 0.221962 0.514305 0.828386
    outer loop
      vertex 14.0266 -3.61997 69.7108
      vertex 1.84191 -3.70835 73.0305
      vertex 14.0403 -3.70835 69.762
    endloop
  endfacet
  facet normal 0.222024 0.513929 0.828602
    outer loop
      vertex 1.84191 -3.70835 73.0305
      vertex 14.0266 -3.61997 69.7108
      vertex 1.83737 -3.61997 72.9769
    endloop
  endfacet
  facet normal -0.191705 -0.671845 -0.715454
    outer loop
      vertex 1.98621 -2.45889 74.736
      vertex 14.4584 -2.38254 71.3224
      vertex 14.4763 -2.45889 71.3893
    endloop
  endfacet
  facet normal -0.191843 -0.671278 -0.715948
    outer loop
      vertex 14.4584 -2.38254 71.3224
      vertex 1.98621 -2.45889 74.736
      vertex 1.98029 -2.38254 74.666
    endloop
  endfacet
  facet normal -0.0628634 0.970055 -0.234608
    outer loop
      vertex 14.3451 -4.12979 70.8997
      vertex 1.93424 -4.15482 74.1217
      vertex 1.9428 -4.12979 74.2229
    endloop
  endfacet
  facet normal -0.062908 0.970011 -0.234781
    outer loop
      vertex 1.93424 -4.15482 74.1217
      vertex 14.3451 -4.12979 70.8997
      vertex 14.3193 -4.15482 70.8032
    endloop
  endfacet
  facet normal 0.154157 0.80327 0.575319
    outer loop
      vertex 14.1153 -3.99804 70.0418
      vertex 1.85963 -3.93666 73.24
      vertex 1.86672 -3.99804 73.3238
    endloop
  endfacet
  facet normal 0.1542 0.803141 0.575488
    outer loop
      vertex 1.85963 -3.93666 73.24
      vertex 14.1153 -3.99804 70.0418
      vertex 14.0938 -3.93666 69.9619
    endloop
  endfacet
  facet normal 0.0379724 0.989179 0.141714
    outer loop
      vertex 14.2396 -4.16994 70.5059
      vertex 1.89914 -4.15482 73.707
      vertex 1.90787 -4.16994 73.8102
    endloop
  endfacet
  facet normal 0.0379606 0.989186 0.141668
    outer loop
      vertex 1.89914 -4.15482 73.707
      vertex 14.2396 -4.16994 70.5059
      vertex 14.2132 -4.15482 70.4074
    endloop
  endfacet
  facet normal 0.191825 0.67133 0.715904
    outer loop
      vertex 14.0562 -3.79111 69.8213
      vertex 1.85309 -3.86746 73.1627
      vertex 14.0741 -3.86746 69.8881
    endloop
  endfacet
  facet normal 0.191835 0.671292 0.715937
    outer loop
      vertex 1.85309 -3.86746 73.1627
      vertex 14.0562 -3.79111 69.8213
      vertex 1.84716 -3.79111 73.0927
    endloop
  endfacet
  facet normal -0.154159 0.80327 -0.575319
    outer loop
      vertex 14.4386 -3.93666 71.2487
      vertex 1.96666 -3.99804 74.5049
      vertex 1.97375 -3.93666 74.5887
    endloop
  endfacet
  facet normal -0.154232 0.803052 -0.575604
    outer loop
      vertex 1.96666 -3.99804 74.5049
      vertex 14.4386 -3.93666 71.2487
      vertex 14.4172 -3.99804 71.1688
    endloop
  endfacet
  facet normal -0.133039 0.857774 -0.496511
    outer loop
      vertex 14.4172 -3.99804 71.1688
      vertex 1.95909 -4.05102 74.4154
      vertex 1.96666 -3.99804 74.5049
    endloop
  endfacet
  facet normal -0.133031 0.857793 -0.496481
    outer loop
      vertex 1.95909 -4.05102 74.4154
      vertex 14.4172 -3.99804 71.1688
      vertex 14.3943 -4.05102 71.0834
    endloop
  endfacet
  facet normal 0.25852 0.0482619 0.9648
    outer loop
      vertex 13.9945 -3.125 69.5911
      vertex 1.82718 -3.22792 72.8565
      vertex 13.9958 -3.22792 69.5959
    endloop
  endfacet
  facet normal 0.258507 0.0488874 0.964772
    outer loop
      vertex 1.82718 -3.22792 72.8565
      vertex 13.9945 -3.125 69.5911
      vertex 1.82675 -3.125 72.8514
    endloop
  endfacet
  facet normal -0.012708 0.998794 -0.0474274
    outer loop
      vertex 14.2929 -4.16994 70.7047
      vertex 1.91669 -4.175 73.9143
      vertex 1.9255 -4.16994 74.0185
    endloop
  endfacet
  facet normal -0.0127088 0.998794 -0.0474303
    outer loop
      vertex 1.91669 -4.175 73.9143
      vertex 14.2929 -4.16994 70.7047
      vertex 14.2662 -4.175 70.6053
    endloop
  endfacet
  facet normal 0.1738 -0.740988 0.648638
    outer loop
      vertex 1.85309 -2.38254 73.1627
      vertex 14.0938 -2.31334 69.9619
      vertex 1.85963 -2.31334 73.24
    endloop
  endfacet
  facet normal 0.17377 -0.741098 0.648519
    outer loop
      vertex 14.0938 -2.31334 69.9619
      vertex 1.85309 -2.38254 73.1627
      vertex 14.0741 -2.38254 69.8881
    endloop
  endfacet
  facet normal 0.191825 -0.67133 0.715904
    outer loop
      vertex 1.85309 -2.38254 73.1627
      vertex 14.0562 -2.45889 69.8213
      vertex 14.0741 -2.38254 69.8881
    endloop
  endfacet
  facet normal 0.191835 -0.671292 0.715937
    outer loop
      vertex 14.0562 -2.45889 69.8213
      vertex 1.85309 -2.38254 73.1627
      vertex 1.84716 -2.45889 73.0927
    endloop
  endfacet
  facet normal -0.0379705 -0.98918 -0.141711
    outer loop
      vertex 1.9255 4.31994 74.0185
      vertex 14.3193 4.30482 70.8032
      vertex 1.93424 4.30482 74.1217
    endloop
  endfacet
  facet normal -0.0379596 -0.989186 -0.141669
    outer loop
      vertex 14.3193 4.30482 70.8032
      vertex 1.9255 4.31994 74.0185
      vertex 14.2929 4.31994 70.7047
    endloop
  endfacet
  facet normal -0.012708 -0.998794 -0.0474274
    outer loop
      vertex 1.91669 4.325 73.9143
      vertex 14.2929 4.31994 70.7047
      vertex 1.9255 4.31994 74.0185
    endloop
  endfacet
  facet normal -0.0127088 -0.998794 -0.0474303
    outer loop
      vertex 14.2929 4.31994 70.7047
      vertex 1.91669 4.325 73.9143
      vertex 14.2662 4.325 70.6053
    endloop
  endfacet
  facet normal -0.0628634 -0.970055 -0.234608
    outer loop
      vertex 1.93424 4.30482 74.1217
      vertex 14.3451 4.27979 70.8997
      vertex 1.9428 4.27979 74.2229
    endloop
  endfacet
  facet normal -0.062908 -0.970011 -0.234781
    outer loop
      vertex 14.3451 4.27979 70.8997
      vertex 1.93424 4.30482 74.1217
      vertex 14.3193 4.30482 70.8032
    endloop
  endfacet
  facet normal 0.221962 0.514305 0.828386
    outer loop
      vertex 14.0266 2.78003 69.7108
      vertex 1.84191 2.69165 73.0305
      vertex 14.0403 2.69165 69.762
    endloop
  endfacet
  facet normal 0.222024 0.513929 0.828602
    outer loop
      vertex 1.84191 2.69165 73.0305
      vertex 14.0266 2.78003 69.7108
      vertex 1.83737 2.78003 72.9769
    endloop
  endfacet
  facet normal -0.243712 -0.336662 -0.90954
    outer loop
      vertex 2.00276 3.5798 74.9315
      vertex 14.5173 3.67682 71.5423
      vertex 14.5263 3.5798 71.5758
    endloop
  endfacet
  facet normal -0.243723 -0.336554 -0.909577
    outer loop
      vertex 14.5173 3.67682 71.5423
      vertex 2.00276 3.5798 74.9315
      vertex 1.99978 3.67682 74.8964
    endloop
  endfacet
  facet normal 0.0872185 0.94151 0.325503
    outer loop
      vertex 14.1873 2.27021 70.3109
      vertex 1.88227 2.30493 73.5076
      vertex 1.89058 2.27021 73.6058
    endloop
  endfacet
  facet normal 0.0872193 0.941508 0.325507
    outer loop
      vertex 1.88227 2.30493 73.5076
      vertex 14.1873 2.27021 70.3109
      vertex 14.1622 2.30493 70.2172
    endloop
  endfacet
  facet normal -0.256025 0.146669 -0.955479
    outer loop
      vertex 14.5328 3.07016 71.6
      vertex 2.0062 3.17208 74.9722
      vertex 14.5367 3.17208 71.6146
    endloop
  endfacet
  facet normal -0.256023 0.146699 -0.955474
    outer loop
      vertex 2.0062 3.17208 74.9722
      vertex 14.5328 3.07016 71.6
      vertex 2.0049 3.07016 74.9569
    endloop
  endfacet
  facet normal 0.25598 -0.147586 0.95535
    outer loop
      vertex 1.82848 3.47984 72.8718
      vertex 13.9958 3.37792 69.5959
      vertex 13.9997 3.47984 69.6106
    endloop
  endfacet
  facet normal 0.256021 -0.146699 0.955475
    outer loop
      vertex 13.9958 3.37792 69.5959
      vertex 1.82848 3.47984 72.8718
      vertex 1.82718 3.37792 72.8565
    endloop
  endfacet
  facet normal -0.173807 0.740987 -0.648637
    outer loop
      vertex 14.4584 2.53254 71.3224
      vertex 1.97375 2.46334 74.5887
      vertex 1.98029 2.53254 74.666
    endloop
  endfacet
  facet normal -0.173861 0.740789 -0.648848
    outer loop
      vertex 1.97375 2.46334 74.5887
      vertex 14.4584 2.53254 71.3224
      vertex 14.4386 2.46334 71.2487
    endloop
  endfacet
  facet normal 0.133041 -0.857774 0.496511
    outer loop
      vertex 1.86672 4.14804 73.3238
      vertex 14.1381 4.20102 70.1272
      vertex 1.87429 4.20102 73.4133
    endloop
  endfacet
  facet normal 0.13306 -0.857727 0.496588
    outer loop
      vertex 14.1381 4.20102 70.1272
      vertex 1.86672 4.14804 73.3238
      vertex 14.1153 4.14804 70.0418
    endloop
  endfacet
  facet normal 0.234023 -0.427124 0.873383
    outer loop
      vertex 1.83737 3.76997 72.9769
      vertex 14.0152 3.67682 69.6683
      vertex 14.0266 3.76997 69.7108
    endloop
  endfacet
  facet normal 0.233964 -0.427571 0.87318
    outer loop
      vertex 14.0152 3.67682 69.6683
      vertex 1.83737 3.76997 72.9769
      vertex 1.83359 3.67682 72.9323
    endloop
  endfacet
  facet normal 0.1738 -0.740988 0.648638
    outer loop
      vertex 1.85309 4.01746 73.1627
      vertex 14.0938 4.08666 69.9619
      vertex 1.85963 4.08666 73.24
    endloop
  endfacet
  facet normal 0.17377 -0.741098 0.648519
    outer loop
      vertex 14.0938 4.08666 69.9619
      vertex 1.85309 4.01746 73.1627
      vertex 14.0741 4.01746 69.8881
    endloop
  endfacet
  facet normal 0.110644 -0.904018 0.412928
    outer loop
      vertex 1.87429 4.20102 73.4133
      vertex 14.1622 4.24507 70.2172
      vertex 1.88227 4.24507 73.5076
    endloop
  endfacet
  facet normal 0.110626 -0.904051 0.41286
    outer loop
      vertex 14.1622 4.24507 70.2172
      vertex 1.87429 4.20102 73.4133
      vertex 14.1381 4.20102 70.1272
    endloop
  endfacet
  facet normal 0.251113 0.242272 0.937148
    outer loop
      vertex 13.9997 3.07016 69.6106
      vertex 1.83062 2.9702 72.8972
      vertex 14.0062 2.9702 69.6347
    endloop
  endfacet
  facet normal 0.251028 0.243434 0.93687
    outer loop
      vertex 1.83062 2.9702 72.8972
      vertex 13.9997 3.07016 69.6106
      vertex 1.82848 3.07016 72.8718
    endloop
  endfacet
  facet normal 0.0379724 -0.989179 0.141714
    outer loop
      vertex 1.89914 4.30482 73.707
      vertex 14.2396 4.31994 70.5059
      vertex 1.90787 4.31994 73.8102
    endloop
  endfacet
  facet normal 0.0379606 -0.989186 0.141668
    outer loop
      vertex 14.2396 4.31994 70.5059
      vertex 1.89914 4.30482 73.707
      vertex 14.2132 4.30482 70.4074
    endloop
  endfacet
  facet normal 0.25598 0.147586 0.95535
    outer loop
      vertex 13.9958 3.17208 69.5959
      vertex 1.82848 3.07016 72.8718
      vertex 13.9997 3.07016 69.6106
    endloop
  endfacet
  facet normal 0.256021 0.146699 0.955475
    outer loop
      vertex 1.82848 3.07016 72.8718
      vertex 13.9958 3.17208 69.5959
      vertex 1.82718 3.17208 72.8565
    endloop
  endfacet
  facet normal 0.234023 0.427124 0.873383
    outer loop
      vertex 14.0152 2.87318 69.6683
      vertex 1.83737 2.78003 72.9769
      vertex 14.0266 2.78003 69.7108
    endloop
  endfacet
  facet normal 0.233964 0.427571 0.87318
    outer loop
      vertex 1.83737 2.78003 72.9769
      vertex 14.0152 2.87318 69.6683
      vertex 1.83359 2.87318 72.9323
    endloop
  endfacet
  facet normal -0.234025 -0.427124 -0.873383
    outer loop
      vertex 1.99978 3.67682 74.8964
      vertex 14.5059 3.76997 71.4998
      vertex 14.5173 3.67682 71.5423
    endloop
  endfacet
  facet normal -0.233969 -0.42755 -0.873189
    outer loop
      vertex 14.5059 3.76997 71.4998
      vertex 1.99978 3.67682 74.8964
      vertex 1.99601 3.76997 74.8518
    endloop
  endfacet
  facet normal -0.0379705 0.98918 -0.141711
    outer loop
      vertex 14.3193 2.24518 70.8032
      vertex 1.9255 2.23006 74.0185
      vertex 1.93424 2.24518 74.1217
    endloop
  endfacet
  facet normal -0.0379596 0.989186 -0.141669
    outer loop
      vertex 1.9255 2.23006 74.0185
      vertex 14.3193 2.24518 70.8032
      vertex 14.2929 2.23006 70.7047
    endloop
  endfacet
  facet normal 0.0628642 0.970055 0.234608
    outer loop
      vertex 14.2132 2.24518 70.4074
      vertex 1.89058 2.27021 73.6058
      vertex 1.89914 2.24518 73.707
    endloop
  endfacet
  facet normal 0.062894 0.970025 0.234723
    outer loop
      vertex 1.89058 2.27021 73.6058
      vertex 14.2132 2.24518 70.4074
      vertex 14.1873 2.27021 70.3109
    endloop
  endfacet
  facet normal 0.0628642 -0.970055 0.234608
    outer loop
      vertex 1.89058 4.27979 73.6058
      vertex 14.2132 4.30482 70.4074
      vertex 1.89914 4.30482 73.707
    endloop
  endfacet
  facet normal 0.062894 -0.970025 0.234723
    outer loop
      vertex 14.2132 4.30482 70.4074
      vertex 1.89058 4.27979 73.6058
      vertex 14.1873 4.27979 70.3109
    endloop
  endfacet
  facet normal -0.243712 0.336662 -0.90954
    outer loop
      vertex 14.5173 2.87318 71.5423
      vertex 2.00276 2.9702 74.9315
      vertex 14.5263 2.9702 71.5758
    endloop
  endfacet
  facet normal -0.243723 0.336554 -0.909577
    outer loop
      vertex 2.00276 2.9702 74.9315
      vertex 14.5173 2.87318 71.5423
      vertex 1.99978 2.87318 74.8964
    endloop
  endfacet
  facet normal -0.207863 0.595797 -0.77577
    outer loop
      vertex 14.4763 2.60889 71.3893
      vertex 1.99147 2.69165 74.7981
      vertex 14.4922 2.69165 71.4486
    endloop
  endfacet
  facet normal -0.207925 0.595489 -0.77599
    outer loop
      vertex 1.99147 2.69165 74.7981
      vertex 14.4763 2.60889 71.3893
      vertex 1.98621 2.60889 74.736
    endloop
  endfacet
  facet normal 0.251113 -0.242272 0.937148
    outer loop
      vertex 1.83062 3.5798 72.8972
      vertex 13.9997 3.47984 69.6106
      vertex 14.0062 3.5798 69.6347
    endloop
  endfacet
  facet normal 0.251028 -0.243434 0.93687
    outer loop
      vertex 13.9997 3.47984 69.6106
      vertex 1.83062 3.5798 72.8972
      vertex 1.82848 3.47984 72.8718
    endloop
  endfacet
  facet normal -0.251055 0.243154 -0.936935
    outer loop
      vertex 14.5263 2.9702 71.5758
      vertex 2.0049 3.07016 74.9569
      vertex 14.5328 3.07016 71.6
    endloop
  endfacet
  facet normal -0.251035 0.243434 -0.936868
    outer loop
      vertex 2.0049 3.07016 74.9569
      vertex 14.5263 2.9702 71.5758
      vertex 2.00276 2.9702 74.9315
    endloop
  endfacet
  facet normal -0.154159 -0.80327 -0.575319
    outer loop
      vertex 1.96666 4.14804 74.5049
      vertex 14.4386 4.08666 71.2487
      vertex 1.97375 4.08666 74.5887
    endloop
  endfacet
  facet normal -0.154232 -0.803052 -0.575604
    outer loop
      vertex 14.4386 4.08666 71.2487
      vertex 1.96666 4.14804 74.5049
      vertex 14.4172 4.14804 71.1688
    endloop
  endfacet
  facet normal 0.0127196 -0.998792 0.0474707
    outer loop
      vertex 1.90787 4.31994 73.8102
      vertex 14.2662 4.325 70.6053
      vertex 1.91669 4.325 73.9143
    endloop
  endfacet
  facet normal 0.0127122 -0.998793 0.0474421
    outer loop
      vertex 14.2662 4.325 70.6053
      vertex 1.90787 4.31994 73.8102
      vertex 14.2396 4.31994 70.5059
    endloop
  endfacet
  facet normal -0.133039 -0.857774 -0.496511
    outer loop
      vertex 1.95909 4.20102 74.4154
      vertex 14.4172 4.14804 71.1688
      vertex 1.96666 4.14804 74.5049
    endloop
  endfacet
  facet normal -0.133031 -0.857793 -0.496481
    outer loop
      vertex 14.4172 4.14804 71.1688
      vertex 1.95909 4.20102 74.4154
      vertex 14.3943 4.20102 71.0834
    endloop
  endfacet
  facet normal -0.251055 -0.243154 -0.936935
    outer loop
      vertex 2.0049 3.47984 74.9569
      vertex 14.5263 3.5798 71.5758
      vertex 14.5328 3.47984 71.6
    endloop
  endfacet
  facet normal -0.251035 -0.243434 -0.936868
    outer loop
      vertex 14.5263 3.5798 71.5758
      vertex 2.0049 3.47984 74.9569
      vertex 2.00276 3.5798 74.9315
    endloop
  endfacet
  facet normal 0.207866 0.595797 0.775769
    outer loop
      vertex 14.0403 2.69165 69.762
      vertex 1.84716 2.60889 73.0927
      vertex 14.0562 2.60889 69.8213
    endloop
  endfacet
  facet normal 0.20781 0.596077 0.775569
    outer loop
      vertex 1.84716 2.60889 73.0927
      vertex 14.0403 2.69165 69.762
      vertex 1.84191 2.69165 73.0305
    endloop
  endfacet
  facet normal -0.221964 0.514305 -0.828386
    outer loop
      vertex 14.4922 2.69165 71.4486
      vertex 1.99601 2.78003 74.8518
      vertex 14.5059 2.78003 71.4998
    endloop
  endfacet
  facet normal -0.221913 0.514619 -0.828204
    outer loop
      vertex 1.99601 2.78003 74.8518
      vertex 14.4922 2.69165 71.4486
      vertex 1.99147 2.69165 74.7981
    endloop
  endfacet
  facet normal -0.221964 -0.514305 -0.828386
    outer loop
      vertex 1.99601 3.76997 74.8518
      vertex 14.4922 3.85835 71.4486
      vertex 14.5059 3.76997 71.4998
    endloop
  endfacet
  facet normal -0.221913 -0.514619 -0.828204
    outer loop
      vertex 14.4922 3.85835 71.4486
      vertex 1.99601 3.76997 74.8518
      vertex 1.99147 3.85835 74.7981
    endloop
  endfacet
  facet normal -0.207863 -0.595797 -0.77577
    outer loop
      vertex 1.99147 3.85835 74.7981
      vertex 14.4763 3.94111 71.3893
      vertex 14.4922 3.85835 71.4486
    endloop
  endfacet
  facet normal -0.207925 -0.595489 -0.77599
    outer loop
      vertex 14.4763 3.94111 71.3893
      vertex 1.99147 3.85835 74.7981
      vertex 1.98621 3.94111 74.736
    endloop
  endfacet
  facet normal 0.25852 -0.0482619 0.9648
    outer loop
      vertex 1.82718 3.37792 72.8565
      vertex 13.9945 3.275 69.5911
      vertex 13.9958 3.37792 69.5959
    endloop
  endfacet
  facet normal 0.258507 -0.0488874 0.964772
    outer loop
      vertex 13.9945 3.275 69.5911
      vertex 1.82718 3.37792 72.8565
      vertex 1.82675 3.275 72.8514
    endloop
  endfacet
  facet normal -0.0872187 -0.94151 -0.325503
    outer loop
      vertex 1.9428 4.27979 74.2229
      vertex 14.3702 4.24507 70.9934
      vertex 1.95111 4.24507 74.3211
    endloop
  endfacet
  facet normal -0.0872196 -0.941508 -0.325507
    outer loop
      vertex 14.3702 4.24507 70.9934
      vertex 1.9428 4.27979 74.2229
      vertex 14.3451 4.27979 70.8997
    endloop
  endfacet
  facet normal 0.154157 -0.80327 0.575319
    outer loop
      vertex 1.85963 4.08666 73.24
      vertex 14.1153 4.14804 70.0418
      vertex 1.86672 4.14804 73.3238
    endloop
  endfacet
  facet normal 0.1542 -0.803141 0.575488
    outer loop
      vertex 14.1153 4.14804 70.0418
      vertex 1.85963 4.08666 73.24
      vertex 14.0938 4.08666 69.9619
    endloop
  endfacet
  facet normal 0.110644 0.904018 0.412928
    outer loop
      vertex 14.1622 2.30493 70.2172
      vertex 1.87429 2.34898 73.4133
      vertex 1.88227 2.30493 73.5076
    endloop
  endfacet
  facet normal 0.110626 0.904051 0.41286
    outer loop
      vertex 1.87429 2.34898 73.4133
      vertex 14.1622 2.30493 70.2172
      vertex 14.1381 2.34898 70.1272
    endloop
  endfacet
  facet normal 0.191825 0.67133 0.715904
    outer loop
      vertex 14.0562 2.60889 69.8213
      vertex 1.85309 2.53254 73.1627
      vertex 14.0741 2.53254 69.8881
    endloop
  endfacet
  facet normal 0.191835 0.671292 0.715937
    outer loop
      vertex 1.85309 2.53254 73.1627
      vertex 14.0562 2.60889 69.8213
      vertex 1.84716 2.60889 73.0927
    endloop
  endfacet
  facet normal 0.0872185 -0.94151 0.325503
    outer loop
      vertex 1.88227 4.24507 73.5076
      vertex 14.1873 4.27979 70.3109
      vertex 1.89058 4.27979 73.6058
    endloop
  endfacet
  facet normal 0.0872193 -0.941508 0.325507
    outer loop
      vertex 14.1873 4.27979 70.3109
      vertex 1.88227 4.24507 73.5076
      vertex 14.1622 4.24507 70.2172
    endloop
  endfacet
  facet normal -0.173807 -0.740987 -0.648637
    outer loop
      vertex 1.97375 4.08666 74.5887
      vertex 14.4584 4.01746 71.3224
      vertex 1.98029 4.01746 74.666
    endloop
  endfacet
  facet normal -0.173861 -0.740789 -0.648848
    outer loop
      vertex 14.4584 4.01746 71.3224
      vertex 1.97375 4.08666 74.5887
      vertex 14.4386 4.08666 71.2487
    endloop
  endfacet
  facet normal -0.258508 0.0491971 -0.964756
    outer loop
      vertex 14.5367 3.17208 71.6146
      vertex 2.00663 3.275 74.9773
      vertex 14.538 3.275 71.6195
    endloop
  endfacet
  facet normal -0.258514 0.0488874 -0.96477
    outer loop
      vertex 2.00663 3.275 74.9773
      vertex 14.5367 3.17208 71.6146
      vertex 2.0062 3.17208 74.9722
    endloop
  endfacet
  facet normal -0.0872187 0.94151 -0.325503
    outer loop
      vertex 14.3702 2.30493 70.9934
      vertex 1.9428 2.27021 74.2229
      vertex 1.95111 2.30493 74.3211
    endloop
  endfacet
  facet normal -0.0872196 0.941508 -0.325507
    outer loop
      vertex 1.9428 2.27021 74.2229
      vertex 14.3702 2.30493 70.9934
      vertex 14.3451 2.27021 70.8997
    endloop
  endfacet
  facet normal -0.191705 -0.671845 -0.715454
    outer loop
      vertex 1.98621 3.94111 74.736
      vertex 14.4584 4.01746 71.3224
      vertex 14.4763 3.94111 71.3893
    endloop
  endfacet
  facet normal -0.191843 -0.671278 -0.715948
    outer loop
      vertex 14.4584 4.01746 71.3224
      vertex 1.98621 3.94111 74.736
      vertex 1.98029 4.01746 74.666
    endloop
  endfacet
  facet normal -0.110643 -0.904018 -0.412928
    outer loop
      vertex 1.95111 4.24507 74.3211
      vertex 14.3943 4.20102 71.0834
      vertex 1.95909 4.20102 74.4154
    endloop
  endfacet
  facet normal -0.110626 -0.904051 -0.41286
    outer loop
      vertex 14.3943 4.20102 71.0834
      vertex 1.95111 4.24507 74.3211
      vertex 14.3702 4.24507 70.9934
    endloop
  endfacet
  facet normal -0.133039 0.857774 -0.496511
    outer loop
      vertex 14.4172 2.40196 71.1688
      vertex 1.95909 2.34898 74.4154
      vertex 1.96666 2.40196 74.5049
    endloop
  endfacet
  facet normal -0.133031 0.857793 -0.496481
    outer loop
      vertex 1.95909 2.34898 74.4154
      vertex 14.4172 2.40196 71.1688
      vertex 14.3943 2.34898 71.0834
    endloop
  endfacet
  facet normal 0.207866 -0.595797 0.775769
    outer loop
      vertex 1.84716 3.94111 73.0927
      vertex 14.0403 3.85835 69.762
      vertex 14.0562 3.94111 69.8213
    endloop
  endfacet
  facet normal 0.20781 -0.596077 0.775569
    outer loop
      vertex 14.0403 3.85835 69.762
      vertex 1.84716 3.94111 73.0927
      vertex 1.84191 3.85835 73.0305
    endloop
  endfacet
  facet normal -0.256025 -0.146669 -0.955479
    outer loop
      vertex 2.0062 3.37792 74.9722
      vertex 14.5328 3.47984 71.6
      vertex 14.5367 3.37792 71.6146
    endloop
  endfacet
  facet normal -0.256023 -0.146699 -0.955474
    outer loop
      vertex 14.5328 3.47984 71.6
      vertex 2.0062 3.37792 74.9722
      vertex 2.0049 3.47984 74.9569
    endloop
  endfacet
  facet normal -0.191705 0.671845 -0.715454
    outer loop
      vertex 14.4584 2.53254 71.3224
      vertex 1.98621 2.60889 74.736
      vertex 14.4763 2.60889 71.3893
    endloop
  endfacet
  facet normal -0.191843 0.671278 -0.715948
    outer loop
      vertex 1.98621 2.60889 74.736
      vertex 14.4584 2.53254 71.3224
      vertex 1.98029 2.53254 74.666
    endloop
  endfacet
  facet normal -0.234025 0.427124 -0.873383
    outer loop
      vertex 14.5059 2.78003 71.4998
      vertex 1.99978 2.87318 74.8964
      vertex 14.5173 2.87318 71.5423
    endloop
  endfacet
  facet normal -0.233969 0.42755 -0.873189
    outer loop
      vertex 1.99978 2.87318 74.8964
      vertex 14.5059 2.78003 71.4998
      vertex 1.99601 2.78003 74.8518
    endloop
  endfacet
  facet normal 0.133041 0.857774 0.496511
    outer loop
      vertex 14.1381 2.34898 70.1272
      vertex 1.86672 2.40196 73.3238
      vertex 1.87429 2.34898 73.4133
    endloop
  endfacet
  facet normal 0.13306 0.857727 0.496588
    outer loop
      vertex 1.86672 2.40196 73.3238
      vertex 14.1381 2.34898 70.1272
      vertex 14.1153 2.40196 70.0418
    endloop
  endfacet
  facet normal 0.1738 0.740988 0.648638
    outer loop
      vertex 14.0938 2.46334 69.9619
      vertex 1.85309 2.53254 73.1627
      vertex 1.85963 2.46334 73.24
    endloop
  endfacet
  facet normal 0.17377 0.741098 0.648519
    outer loop
      vertex 1.85309 2.53254 73.1627
      vertex 14.0938 2.46334 69.9619
      vertex 14.0741 2.53254 69.8881
    endloop
  endfacet
  facet normal 0.0379724 0.989179 0.141714
    outer loop
      vertex 14.2396 2.23006 70.5059
      vertex 1.89914 2.24518 73.707
      vertex 1.90787 2.23006 73.8102
    endloop
  endfacet
  facet normal 0.0379606 0.989186 0.141668
    outer loop
      vertex 1.89914 2.24518 73.707
      vertex 14.2396 2.23006 70.5059
      vertex 14.2132 2.24518 70.4074
    endloop
  endfacet
  facet normal -0.258508 -0.0491971 -0.964756
    outer loop
      vertex 2.00663 3.275 74.9773
      vertex 14.5367 3.37792 71.6146
      vertex 14.538 3.275 71.6195
    endloop
  endfacet
  facet normal -0.258514 -0.0488874 -0.96477
    outer loop
      vertex 14.5367 3.37792 71.6146
      vertex 2.00663 3.275 74.9773
      vertex 2.0062 3.37792 74.9722
    endloop
  endfacet
  facet normal 0.154157 0.80327 0.575319
    outer loop
      vertex 14.1153 2.40196 70.0418
      vertex 1.85963 2.46334 73.24
      vertex 1.86672 2.40196 73.3238
    endloop
  endfacet
  facet normal 0.1542 0.803141 0.575488
    outer loop
      vertex 1.85963 2.46334 73.24
      vertex 14.1153 2.40196 70.0418
      vertex 14.0938 2.46334 69.9619
    endloop
  endfacet
  facet normal 0.24363 -0.337493 0.909254
    outer loop
      vertex 1.83359 3.67682 72.9323
      vertex 14.0062 3.5798 69.6347
      vertex 14.0152 3.67682 69.6683
    endloop
  endfacet
  facet normal 0.243727 -0.336531 0.909584
    outer loop
      vertex 14.0062 3.5798 69.6347
      vertex 1.83359 3.67682 72.9323
      vertex 1.83062 3.5798 72.8972
    endloop
  endfacet
  facet normal 0.0127196 0.998792 0.0474707
    outer loop
      vertex 14.2662 2.225 70.6053
      vertex 1.90787 2.23006 73.8102
      vertex 1.91669 2.225 73.9143
    endloop
  endfacet
  facet normal 0.0127122 0.998793 0.0474421
    outer loop
      vertex 1.90787 2.23006 73.8102
      vertex 14.2662 2.225 70.6053
      vertex 14.2396 2.23006 70.5059
    endloop
  endfacet
  facet normal -0.154159 0.80327 -0.575319
    outer loop
      vertex 14.4386 2.46334 71.2487
      vertex 1.96666 2.40196 74.5049
      vertex 1.97375 2.46334 74.5887
    endloop
  endfacet
  facet normal -0.154232 0.803052 -0.575604
    outer loop
      vertex 1.96666 2.40196 74.5049
      vertex 14.4386 2.46334 71.2487
      vertex 14.4172 2.40196 71.1688
    endloop
  endfacet
  facet normal 0.221962 -0.514305 0.828386
    outer loop
      vertex 1.84191 3.85835 73.0305
      vertex 14.0266 3.76997 69.7108
      vertex 14.0403 3.85835 69.762
    endloop
  endfacet
  facet normal 0.222024 -0.513929 0.828602
    outer loop
      vertex 14.0266 3.76997 69.7108
      vertex 1.84191 3.85835 73.0305
      vertex 1.83737 3.76997 72.9769
    endloop
  endfacet
  facet normal -0.0628634 0.970055 -0.234608
    outer loop
      vertex 14.3451 2.27021 70.8997
      vertex 1.93424 2.24518 74.1217
      vertex 1.9428 2.27021 74.2229
    endloop
  endfacet
  facet normal -0.062908 0.970011 -0.234781
    outer loop
      vertex 1.93424 2.24518 74.1217
      vertex 14.3451 2.27021 70.8997
      vertex 14.3193 2.24518 70.8032
    endloop
  endfacet
  facet normal -0.110643 0.904018 -0.412928
    outer loop
      vertex 14.3943 2.34898 71.0834
      vertex 1.95111 2.30493 74.3211
      vertex 1.95909 2.34898 74.4154
    endloop
  endfacet
  facet normal -0.110626 0.904051 -0.41286
    outer loop
      vertex 1.95111 2.30493 74.3211
      vertex 14.3943 2.34898 71.0834
      vertex 14.3702 2.30493 70.9934
    endloop
  endfacet
  facet normal 0.25852 0.0482619 0.9648
    outer loop
      vertex 13.9945 3.275 69.5911
      vertex 1.82718 3.17208 72.8565
      vertex 13.9958 3.17208 69.5959
    endloop
  endfacet
  facet normal 0.258507 0.0488874 0.964772
    outer loop
      vertex 1.82718 3.17208 72.8565
      vertex 13.9945 3.275 69.5911
      vertex 1.82675 3.275 72.8514
    endloop
  endfacet
  facet normal -0.012708 0.998794 -0.0474274
    outer loop
      vertex 14.2929 2.23006 70.7047
      vertex 1.91669 2.225 73.9143
      vertex 1.9255 2.23006 74.0185
    endloop
  endfacet
  facet normal -0.0127088 0.998794 -0.0474303
    outer loop
      vertex 1.91669 2.225 73.9143
      vertex 14.2929 2.23006 70.7047
      vertex 14.2662 2.225 70.6053
    endloop
  endfacet
  facet normal 0.24363 0.337493 0.909254
    outer loop
      vertex 14.0062 2.9702 69.6347
      vertex 1.83359 2.87318 72.9323
      vertex 14.0152 2.87318 69.6683
    endloop
  endfacet
  facet normal 0.243727 0.336531 0.909584
    outer loop
      vertex 1.83359 2.87318 72.9323
      vertex 14.0062 2.9702 69.6347
      vertex 1.83062 2.9702 72.8972
    endloop
  endfacet
  facet normal 0.191825 -0.67133 0.715904
    outer loop
      vertex 1.85309 4.01746 73.1627
      vertex 14.0562 3.94111 69.8213
      vertex 14.0741 4.01746 69.8881
    endloop
  endfacet
  facet normal 0.191835 -0.671292 0.715937
    outer loop
      vertex 14.0562 3.94111 69.8213
      vertex 1.85309 4.01746 73.1627
      vertex 1.84716 3.94111 73.0927
    endloop
  endfacet
  facet normal 0.14634 0.989084 -0.0172266
    outer loop
      vertex -6.41361 19.8373 4
      vertex -1.15918 19.8902 51.6739
      vertex -0.992819 19.8764 52.2948
    endloop
  endfacet
  facet normal 0.146729 0.989026 -0.0172693
    outer loop
      vertex -1.15918 19.8902 51.6739
      vertex -6.41361 19.8373 4
      vertex -6.7048 19.8805 4
    endloop
  endfacet
  facet normal -0.907144 0 0.420819
    outer loop
      vertex -32 -16.895 4.01
      vertex 2.20008 17.3946 77.7338
      vertex -32 16.895 4.01
    endloop
  endfacet
  facet normal -0.907144 0 0.420819
    outer loop
      vertex 2.20008 17.3946 77.7338
      vertex -32 -16.895 4.01
      vertex 2.20008 -17.3946 77.7338
    endloop
  endfacet
  facet normal 0.97846 0.1876 -0.0861476
    outer loop
      vertex -4.05681 17.4805 4
      vertex 0.389921 18.8349 57.4552
      vertex 0.424422 18.7141 57.584
    endloop
  endfacet
  facet normal 0 0.999679 -0.025329
    outer loop
      vertex 0.389921 18.8349 57.4552
      vertex -4.05681 17.4805 4
      vertex -4.05682 17.4805 4
    endloop
  endfacet
  facet normal -0.906426 0.0447047 0.419993
    outer loop
      vertex -32 16.895 4.01
      vertex 2.17222 18.12 77.6298
      vertex -31.9855 17.189 4.01
    endloop
  endfacet
  facet normal -0.90583 -0.0452915 0.421214
    outer loop
      vertex 2.17222 18.12 77.6298
      vertex -32 16.895 4.01
      vertex 2.17223 18.1198 77.6298
    endloop
  endfacet
  facet normal -0.893027 -0.183159 0.411043
    outer loop
      vertex 2.01064 -19.1616 77.0268
      vertex -31.9424 -17.4803 4.01
      vertex 1.96362 -19.3262 76.8513
    endloop
  endfacet
  facet normal 0.90249 0.422138 -0.0855055
    outer loop
      vertex -4.22752 18.0433 4
      vertex 0.160534 19.3162 56.5991
      vertex 0.204173 19.2559 56.762
    endloop
  endfacet
  facet normal 0 0.999707 -0.024193
    outer loop
      vertex 0.160534 19.3162 56.5991
      vertex -4.22752 18.0433 4
      vertex -4.22753 18.0433 4
    endloop
  endfacet
  facet normal -1 0 0
    outer loop
      vertex -32 -16.895 4
      vertex -32 16.895 4.01
      vertex -32 16.895 4
    endloop
  endfacet
  facet normal -1 -0 0
    outer loop
      vertex -32 16.895 4.01
      vertex -32 -16.895 4
      vertex -32 -16.895 4.01
    endloop
  endfacet
  facet normal -0.514246 -0.857643 0
    outer loop
      vertex -30.6667 -19.3894 4
      vertex -30.4142 -19.5408 4.01
      vertex -30.6667 -19.3894 4.01
    endloop
  endfacet
  facet normal -0.514246 -0.857643 -0
    outer loop
      vertex -30.4142 -19.5408 4.01
      vertex -30.6667 -19.3894 4
      vertex -30.4142 -19.5408 4
    endloop
  endfacet
  facet normal 0.996079 0.0261556 -0.0845191
    outer loop
      vertex -3.99915 16.8951 4
      vertex 0.576736 17.6204 58.1524
      vertex 0.583579 17.4422 58.1779
    endloop
  endfacet
  facet normal 0 0.99991 -0.0133925
    outer loop
      vertex 0.576736 17.6204 58.1524
      vertex -3.99915 16.8951 4
      vertex -3.99916 16.8951 4
    endloop
  endfacet
  facet normal -0.242935 -0.970042 0
    outer loop
      vertex -29.8708 -19.7658 4
      vertex -29.5853 -19.8373 4.01
      vertex -29.8708 -19.7658 4.01
    endloop
  endfacet
  facet normal -0.242935 -0.970042 -0
    outer loop
      vertex -29.5853 -19.8373 4.01
      vertex -29.8708 -19.7658 4
      vertex -29.5853 -19.8373 4
    endloop
  endfacet
  facet normal 0.996439 1.09272e-05 -0.0843162
    outer loop
      vertex -1.3212 13.3875 35.6485
      vertex 0.585867 17.2622 58.1865
      vertex -1.10705 13.3875 38.1793
    endloop
  endfacet
  facet normal 0.996439 0 -0.0843141
    outer loop
      vertex 0.585867 17.2622 58.1865
      vertex -1.10705 -13.3875 38.1793
      vertex -1.10705 13.3875 38.1793
    endloop
  endfacet
  facet normal 0.996439 -1.09272e-05 -0.0843162
    outer loop
      vertex 0.585867 -17.2622 58.1865
      vertex -1.3212 -13.3875 35.6485
      vertex -1.10705 -13.3875 38.1793
    endloop
  endfacet
  facet normal 0.996439 8.53985e-07 -0.0843142
    outer loop
      vertex -1.3212 -13.3875 35.6485
      vertex 0.585867 -17.2622 58.1865
      vertex -3.99915 -16.8951 4
    endloop
  endfacet
  facet normal 0.996439 0 -0.0843141
    outer loop
      vertex 0.585867 -17.2622 58.1865
      vertex -1.10705 -13.3875 38.1793
      vertex 0.585867 17.2622 58.1865
    endloop
  endfacet
  facet normal 0.996439 -8.53985e-07 -0.0843142
    outer loop
      vertex 0.585867 17.2622 58.1865
      vertex -1.3212 13.3875 35.6485
      vertex -3.99915 16.8951 4
    endloop
  endfacet
  facet normal 0.996439 0 -0.0843141
    outer loop
      vertex -1.3212 -13.3875 35.6485
      vertex -3.99915 16.8951 4
      vertex -1.3212 13.3875 35.6485
    endloop
  endfacet
  facet normal 0.996439 0 -0.0843141
    outer loop
      vertex -3.99915 16.8951 4
      vertex -1.3212 -13.3875 35.6485
      vertex -3.99915 -16.8951 4
    endloop
  endfacet
  facet normal 0.996437 -2.1549e-14 -0.0843433
    outer loop
      vertex 1.28307 -12.9801 66.4261
      vertex 1.26543 -12.9801 66.2177
      vertex 1.27425 -12.975 66.3219
    endloop
  endfacet
  facet normal 0.996437 -0.000353378 -0.0843433
    outer loop
      vertex 1.2918 -12.9952 66.5293
      vertex 1.26543 -12.9801 66.2177
      vertex 1.28307 -12.9801 66.4261
    endloop
  endfacet
  facet normal 0.996439 0.000177541 -0.0843178
    outer loop
      vertex 1.2918 -12.9952 66.5293
      vertex 1.2567 -12.9952 66.1145
      vertex 1.26543 -12.9801 66.2177
    endloop
  endfacet
  facet normal 0.996439 -0.000137599 -0.0843178
    outer loop
      vertex 1.30036 -13.0202 66.6305
      vertex 1.2567 -12.9952 66.1145
      vertex 1.2918 -12.9952 66.5293
    endloop
  endfacet
  facet normal 0.996439 -0.000189503 -0.0843203
    outer loop
      vertex 1.30036 -13.0202 66.6305
      vertex 1.24814 -13.0202 66.0134
      vertex 1.2567 -12.9952 66.1145
    endloop
  endfacet
  facet normal 0.996439 4.51375e-06 -0.0843203
    outer loop
      vertex 1.30867 -13.0549 66.7287
      vertex 1.24814 -13.0202 66.0134
      vertex 1.30036 -13.0202 66.6305
    endloop
  endfacet
  facet normal 0.99644 0.000210216 -0.0843103
    outer loop
      vertex 1.30867 -13.0549 66.7287
      vertex 1.23983 -13.0549 65.9151
      vertex 1.24814 -13.0202 66.0134
    endloop
  endfacet
  facet normal 0.99644 2.54388e-05 -0.0843103
    outer loop
      vertex 1.31665 -13.099 66.823
      vertex 1.23983 -13.0549 65.9151
      vertex 1.30867 -13.0549 66.7287
    endloop
  endfacet
  facet normal 0.996439 -2.06516e-05 -0.0843126
    outer loop
      vertex 1.31665 -13.099 66.823
      vertex 1.23185 -13.099 65.8208
      vertex 1.23983 -13.0549 65.9151
    endloop
  endfacet
  facet normal 0.996439 0.000103815 -0.0843126
    outer loop
      vertex 1.32422 -13.152 66.9124
      vertex 1.23185 -13.099 65.8208
      vertex 1.31665 -13.099 66.823
    endloop
  endfacet
  facet normal 0.996439 -8.80976e-05 -0.0843218
    outer loop
      vertex 1.32422 -13.152 66.9124
      vertex 1.22428 -13.152 65.7314
      vertex 1.23185 -13.099 65.8208
    endloop
  endfacet
  facet normal 0.996439 -2.31508e-05 -0.0843218
    outer loop
      vertex 1.33131 -13.2133 66.9962
      vertex 1.22428 -13.152 65.7314
      vertex 1.32422 -13.152 66.9124
    endloop
  endfacet
  facet normal 0.996439 2.02737e-05 -0.0843197
    outer loop
      vertex 1.33131 -13.2133 66.9962
      vertex 1.21719 -13.2133 65.6476
      vertex 1.22428 -13.152 65.7314
    endloop
  endfacet
  facet normal 0.996439 -1.74254e-05 -0.0843197
    outer loop
      vertex 1.33785 -13.2825 67.0735
      vertex 1.21719 -13.2133 65.6476
      vertex 1.33131 -13.2133 66.9962
    endloop
  endfacet
  facet normal 0.996439 1.56332e-05 -0.0843181
    outer loop
      vertex 1.33785 -13.2825 67.0735
      vertex 1.21065 -13.2825 65.5703
      vertex 1.21719 -13.2133 65.6476
    endloop
  endfacet
  facet normal 0.996439 -2.38081e-05 -0.0843181
    outer loop
      vertex 1.34378 -13.3589 67.1436
      vertex 1.21065 -13.2825 65.5703
      vertex 1.33785 -13.2825 67.0735
    endloop
  endfacet
  facet normal 0.99644 0.000146638 -0.0843099
    outer loop
      vertex 1.34378 -13.3589 67.1436
      vertex 1.20473 -13.3589 65.5002
      vertex 1.21065 -13.2825 65.5703
    endloop
  endfacet
  facet normal 0.99644 -5.23947e-05 -0.0843099
    outer loop
      vertex 1.34903 -13.4417 67.2057
      vertex 1.20473 -13.3589 65.5002
      vertex 1.34378 -13.3589 67.1436
    endloop
  endfacet
  facet normal 0.99644 -6.74018e-05 -0.0843106
    outer loop
      vertex 1.34903 -13.4417 67.2057
      vertex 1.19947 -13.4417 65.4381
      vertex 1.20473 -13.3589 65.5002
    endloop
  endfacet
  facet normal 0.99644 5.41891e-05 -0.0843106
    outer loop
      vertex 1.35357 -13.53 67.2593
      vertex 1.19947 -13.4417 65.4381
      vertex 1.34903 -13.4417 67.2057
    endloop
  endfacet
  facet normal 0.996439 -5.10905e-05 -0.0843157
    outer loop
      vertex 1.35357 -13.53 67.2593
      vertex 1.19493 -13.53 65.3845
      vertex 1.19947 -13.4417 65.4381
    endloop
  endfacet
  facet normal 0.996439 6.50107e-05 -0.0843157
    outer loop
      vertex 1.35735 -13.6232 67.3039
      vertex 1.19493 -13.53 65.3845
      vertex 1.35357 -13.53 67.2593
    endloop
  endfacet
  facet normal 0.996439 4.24281e-05 -0.0843168
    outer loop
      vertex 1.35735 -13.6232 67.3039
      vertex 1.19116 -13.6232 65.3399
      vertex 1.19493 -13.53 65.3845
    endloop
  endfacet
  facet normal 0.996439 -8.79131e-05 -0.0843168
    outer loop
      vertex 1.36032 -13.7202 67.3391
      vertex 1.19116 -13.6232 65.3399
      vertex 1.35735 -13.6232 67.3039
    endloop
  endfacet
  facet normal 0.996439 -1.60774e-05 -0.0843133
    outer loop
      vertex 1.36032 -13.7202 67.3391
      vertex 1.18818 -13.7202 65.3047
      vertex 1.19116 -13.6232 65.3399
    endloop
  endfacet
  facet normal 0.996439 -7.47427e-06 -0.0843133
    outer loop
      vertex 1.36246 -13.8202 67.3644
      vertex 1.18818 -13.7202 65.3047
      vertex 1.36032 -13.7202 67.3391
    endloop
  endfacet
  facet normal 0.996439 7.29288e-06 -0.0843126
    outer loop
      vertex 1.36246 -13.8202 67.3644
      vertex 1.18604 -13.8202 65.2794
      vertex 1.18818 -13.7202 65.3047
    endloop
  endfacet
  facet normal 0.996439 5.28748e-05 -0.0843126
    outer loop
      vertex 1.36376 -13.9221 67.3797
      vertex 1.18604 -13.8202 65.2794
      vertex 1.36246 -13.8202 67.3644
    endloop
  endfacet
  facet normal 0.996439 -5.211e-05 -0.0843177
    outer loop
      vertex 1.36376 -13.9221 67.3797
      vertex 1.18474 -13.9221 65.2641
      vertex 1.18604 -13.8202 65.2794
    endloop
  endfacet
  facet normal 0.996439 -1.50774e-05 -0.0843177
    outer loop
      vertex 1.36419 -14.025 67.3848
      vertex 1.18474 -13.9221 65.2641
      vertex 1.36376 -13.9221 67.3797
    endloop
  endfacet
  facet normal 0.996439 1.5005e-05 -0.0843162
    outer loop
      vertex 1.36419 -14.025 67.3848
      vertex 1.18431 -14.025 65.259
      vertex 1.18474 -13.9221 65.2641
    endloop
  endfacet
  facet normal 0.996439 1.5005e-05 -0.0843162
    outer loop
      vertex 1.36376 -14.1279 67.3797
      vertex 1.18431 -14.025 65.259
      vertex 1.36419 -14.025 67.3848
    endloop
  endfacet
  facet normal 0.996439 -1.50774e-05 -0.0843177
    outer loop
      vertex 1.36376 -14.1279 67.3797
      vertex 1.18474 -14.1279 65.2641
      vertex 1.18431 -14.025 65.259
    endloop
  endfacet
  facet normal 0.996439 -5.211e-05 -0.0843177
    outer loop
      vertex 1.36246 -14.2298 67.3644
      vertex 1.18474 -14.1279 65.2641
      vertex 1.36376 -14.1279 67.3797
    endloop
  endfacet
  facet normal 0.996439 5.28748e-05 -0.0843126
    outer loop
      vertex 1.36246 -14.2298 67.3644
      vertex 1.18604 -14.2298 65.2794
      vertex 1.18474 -14.1279 65.2641
    endloop
  endfacet
  facet normal 0.996439 7.29288e-06 -0.0843126
    outer loop
      vertex 1.36032 -14.3298 67.3391
      vertex 1.18604 -14.2298 65.2794
      vertex 1.36246 -14.2298 67.3644
    endloop
  endfacet
  facet normal 0.996439 -7.47427e-06 -0.0843133
    outer loop
      vertex 1.36032 -14.3298 67.3391
      vertex 1.18818 -14.3298 65.3047
      vertex 1.18604 -14.2298 65.2794
    endloop
  endfacet
  facet normal 0.996439 8.66483e-05 -0.0843133
    outer loop
      vertex 1.35735 -14.4268 67.3039
      vertex 1.18818 -14.3298 65.3047
      vertex 1.36032 -14.3298 67.3391
    endloop
  endfacet
  facet normal 0.996439 1.48126e-05 -0.0843168
    outer loop
      vertex 1.35735 -14.4268 67.3039
      vertex 1.19116 -14.4268 65.3399
      vertex 1.18818 -14.3298 65.3047
    endloop
  endfacet
  facet normal 0.996439 -6.44859e-05 -0.0843168
    outer loop
      vertex 1.35357 -14.52 67.2593
      vertex 1.19116 -14.4268 65.3399
      vertex 1.35735 -14.4268 67.3039
    endloop
  endfacet
  facet normal 0.996439 -4.19034e-05 -0.0843157
    outer loop
      vertex 1.35357 -14.52 67.2593
      vertex 1.19493 -14.52 65.3845
      vertex 1.19116 -14.4268 65.3399
    endloop
  endfacet
  facet normal 0.996439 -5.10905e-05 -0.0843157
    outer loop
      vertex 1.34903 -14.6083 67.2057
      vertex 1.19493 -14.52 65.3845
      vertex 1.35357 -14.52 67.2593
    endloop
  endfacet
  facet normal 0.99644 5.41891e-05 -0.0843106
    outer loop
      vertex 1.34903 -14.6083 67.2057
      vertex 1.19947 -14.6083 65.4381
      vertex 1.19493 -14.52 65.3845
    endloop
  endfacet
  facet normal 0.99644 5.29411e-05 -0.0843106
    outer loop
      vertex 1.34378 -14.6911 67.1436
      vertex 1.19947 -14.6083 65.4381
      vertex 1.34903 -14.6083 67.2057
    endloop
  endfacet
  facet normal 0.99644 6.79483e-05 -0.0843099
    outer loop
      vertex 1.34378 -14.6911 67.1436
      vertex 1.20473 -14.6911 65.5002
      vertex 1.19947 -14.6083 65.4381
    endloop
  endfacet
  facet normal 0.99644 1.62137e-05 -0.0843099
    outer loop
      vertex 1.33785 -14.7675 67.0735
      vertex 1.20473 -14.6911 65.5002
      vertex 1.34378 -14.6911 67.1436
    endloop
  endfacet
  facet normal 0.996439 -0.000154232 -0.0843181
    outer loop
      vertex 1.33785 -14.7675 67.0735
      vertex 1.21065 -14.7675 65.5703
      vertex 1.20473 -14.6911 65.5002
    endloop
  endfacet
  facet normal 0.996439 1.56332e-05 -0.0843181
    outer loop
      vertex 1.33131 -14.8367 66.9962
      vertex 1.21065 -14.7675 65.5703
      vertex 1.33785 -14.7675 67.0735
    endloop
  endfacet
  facet normal 0.996439 -1.74254e-05 -0.0843197
    outer loop
      vertex 1.33131 -14.8367 66.9962
      vertex 1.21719 -14.8367 65.6476
      vertex 1.21065 -14.7675 65.5703
    endloop
  endfacet
  facet normal 0.996439 2.02737e-05 -0.0843197
    outer loop
      vertex 1.32422 -14.898 66.9124
      vertex 1.21719 -14.8367 65.6476
      vertex 1.33131 -14.8367 66.9962
    endloop
  endfacet
  facet normal 0.996439 -2.31508e-05 -0.0843218
    outer loop
      vertex 1.32422 -14.898 66.9124
      vertex 1.22428 -14.898 65.7314
      vertex 1.21719 -14.8367 65.6476
    endloop
  endfacet
  facet normal 0.996439 -8.80976e-05 -0.0843218
    outer loop
      vertex 1.31665 -14.951 66.823
      vertex 1.22428 -14.898 65.7314
      vertex 1.32422 -14.898 66.9124
    endloop
  endfacet
  facet normal 0.996439 0.000103815 -0.0843126
    outer loop
      vertex 1.31665 -14.951 66.823
      vertex 1.23185 -14.951 65.8208
      vertex 1.22428 -14.898 65.7314
    endloop
  endfacet
  facet normal 0.996439 -2.06516e-05 -0.0843126
    outer loop
      vertex 1.30867 -14.9951 66.7287
      vertex 1.23185 -14.951 65.8208
      vertex 1.31665 -14.951 66.823
    endloop
  endfacet
  facet normal 0.99644 2.54388e-05 -0.0843103
    outer loop
      vertex 1.30867 -14.9951 66.7287
      vertex 1.23983 -14.9951 65.9151
      vertex 1.23185 -14.951 65.8208
    endloop
  endfacet
  facet normal 0.99644 -3.27536e-05 -0.0843103
    outer loop
      vertex 1.30036 -15.0298 66.6305
      vertex 1.23983 -14.9951 65.9151
      vertex 1.30867 -14.9951 66.7287
    endloop
  endfacet
  facet normal 0.996439 -0.000238484 -0.0843203
    outer loop
      vertex 1.30036 -15.0298 66.6305
      vertex 1.24814 -15.0298 66.0134
      vertex 1.23983 -14.9951 65.9151
    endloop
  endfacet
  facet normal 0.996439 0.000147778 -0.0843203
    outer loop
      vertex 1.2918 -15.0548 66.5293
      vertex 1.24814 -15.0298 66.0134
      vertex 1.30036 -15.0298 66.6305
    endloop
  endfacet
  facet normal 0.996439 0.000199672 -0.0843178
    outer loop
      vertex 1.2918 -15.0548 66.5293
      vertex 1.2567 -15.0548 66.1145
      vertex 1.24814 -15.0298 66.0134
    endloop
  endfacet
  facet normal 0.996439 0.000177541 -0.0843178
    outer loop
      vertex 1.28307 -15.0699 66.4261
      vertex 1.2567 -15.0548 66.1145
      vertex 1.2918 -15.0548 66.5293
    endloop
  endfacet
  facet normal 0.996437 -0.000353378 -0.0843433
    outer loop
      vertex 1.28307 -15.0699 66.4261
      vertex 1.26543 -15.0699 66.2177
      vertex 1.2567 -15.0548 66.1145
    endloop
  endfacet
  facet normal 0.996437 2.17523e-14 -0.0843433
    outer loop
      vertex 1.26543 -15.0699 66.2177
      vertex 1.28307 -15.0699 66.4261
      vertex 1.27425 -15.075 66.3219
    endloop
  endfacet
  facet normal 0.996436 -0.00181798 -0.0843359
    outer loop
      vertex 1.9255 -2.08006 74.0185
      vertex 1.90787 -2.08006 73.8102
      vertex 1.91669 -2.075 73.9143
    endloop
  endfacet
  facet normal 0.996437 0.00035648 -0.084336
    outer loop
      vertex 1.93424 -2.09517 74.1217
      vertex 1.90787 -2.08006 73.8102
      vertex 1.9255 -2.08006 74.0185
    endloop
  endfacet
  facet normal 0.996437 0.000316291 -0.0843379
    outer loop
      vertex 1.93424 -2.09517 74.1217
      vertex 1.89914 -2.09517 73.707
      vertex 1.90787 -2.08006 73.8102
    endloop
  endfacet
  facet normal 0.996437 -0.000219552 -0.0843379
    outer loop
      vertex 1.9428 -2.12021 74.2229
      vertex 1.89914 -2.09517 73.707
      vertex 1.93424 -2.09517 74.1217
    endloop
  endfacet
  facet normal 0.996439 0.000147542 -0.0843203
    outer loop
      vertex 1.9428 -2.12021 74.2229
      vertex 1.89058 -2.12021 73.6058
      vertex 1.89914 -2.09517 73.707
    endloop
  endfacet
  facet normal 0.996439 4.51115e-06 -0.0843203
    outer loop
      vertex 1.95111 -2.15493 74.3211
      vertex 1.89058 -2.12021 73.6058
      vertex 1.9428 -2.12021 74.2229
    endloop
  endfacet
  facet normal 0.996439 -3.42204e-06 -0.0843206
    outer loop
      vertex 1.95111 -2.15493 74.3211
      vertex 1.88227 -2.15493 73.5076
      vertex 1.89058 -2.12021 73.6058
    endloop
  endfacet
  facet normal 0.996439 3.28117e-06 -0.0843206
    outer loop
      vertex 1.95909 -2.19898 74.4154
      vertex 1.88227 -2.15493 73.5076
      vertex 1.95111 -2.15493 74.3211
    endloop
  endfacet
  facet normal 0.996439 -2.66364e-06 -0.0843209
    outer loop
      vertex 1.95909 -2.19898 74.4154
      vertex 1.87429 -2.19898 73.4133
      vertex 1.88227 -2.15493 73.5076
    endloop
  endfacet
  facet normal 0.996439 -6.94994e-05 -0.0843209
    outer loop
      vertex 1.96666 -2.25196 74.5049
      vertex 1.87429 -2.19898 73.4133
      vertex 1.95909 -2.19898 74.4154
    endloop
  endfacet
  facet normal 0.996439 5.89666e-05 -0.0843147
    outer loop
      vertex 1.96666 -2.25196 74.5049
      vertex 1.86672 -2.25196 73.3238
      vertex 1.87429 -2.19898 73.4133
    endloop
  endfacet
  facet normal 0.996439 -1.33737e-05 -0.0843147
    outer loop
      vertex 1.97375 -2.31334 74.5887
      vertex 1.86672 -2.25196 73.3238
      vertex 1.96666 -2.25196 74.5049
    endloop
  endfacet
  facet normal 0.996439 1.17117e-05 -0.0843135
    outer loop
      vertex 1.97375 -2.31334 74.5887
      vertex 1.85963 -2.31334 73.24
      vertex 1.86672 -2.25196 73.3238
    endloop
  endfacet
  facet normal 0.996439 -1.04416e-05 -0.0843135
    outer loop
      vertex 1.98029 -2.38254 74.666
      vertex 1.85963 -2.31334 73.24
      vertex 1.97375 -2.31334 74.5887
    endloop
  endfacet
  facet normal 0.996439 9.36781e-06 -0.0843126
    outer loop
      vertex 1.98029 -2.38254 74.666
      vertex 1.85309 -2.38254 73.1627
      vertex 1.85963 -2.31334 73.24
    endloop
  endfacet
  facet normal 0.996439 -3.87543e-05 -0.0843126
    outer loop
      vertex 1.98621 -2.45889 74.736
      vertex 1.85309 -2.38254 73.1627
      vertex 1.98029 -2.38254 74.666
    endloop
  endfacet
  facet normal 0.996439 -8.94974e-05 -0.084315
    outer loop
      vertex 1.98621 -2.45889 74.736
      vertex 1.84716 -2.45889 73.0927
      vertex 1.85309 -2.38254 73.1627
    endloop
  endfacet
  facet normal 0.996439 6.41313e-05 -0.084315
    outer loop
      vertex 1.99147 -2.54165 74.7981
      vertex 1.84716 -2.45889 73.0927
      vertex 1.98621 -2.45889 74.736
    endloop
  endfacet
  facet normal 0.99644 0.00015484 -0.0843106
    outer loop
      vertex 1.99147 -2.54165 74.7981
      vertex 1.84191 -2.54165 73.0305
      vertex 1.84716 -2.45889 73.0927
    endloop
  endfacet
  facet normal 0.99644 -4.12556e-05 -0.0843106
    outer loop
      vertex 1.99601 -2.63003 74.8518
      vertex 1.84191 -2.54165 73.0305
      vertex 1.99147 -2.54165 74.7981
    endloop
  endfacet
  facet normal 0.996439 -5.37717e-05 -0.0843112
    outer loop
      vertex 1.99601 -2.63003 74.8518
      vertex 1.83737 -2.63003 72.9769
      vertex 1.84191 -2.54165 73.0305
    endloop
  endfacet
  facet normal 0.996439 -3.97727e-05 -0.0843112
    outer loop
      vertex 1.99978 -2.72318 74.8964
      vertex 1.83737 -2.63003 72.9769
      vertex 1.99601 -2.63003 74.8518
    endloop
  endfacet
  facet normal 0.996439 -6.6576e-05 -0.0843125
    outer loop
      vertex 1.99978 -2.72318 74.8964
      vertex 1.83359 -2.72318 72.9323
      vertex 1.83737 -2.63003 72.9769
    endloop
  endfacet
  facet normal 0.996439 0.000103269 -0.0843125
    outer loop
      vertex 2.00276 -2.8202 74.9315
      vertex 1.83359 -2.72318 72.9323
      vertex 1.99978 -2.72318 74.8964
    endloop
  endfacet
  facet normal 0.996439 1.22682e-06 -0.0843175
    outer loop
      vertex 2.00276 -2.8202 74.9315
      vertex 1.83062 -2.8202 72.8972
      vertex 1.83359 -2.72318 72.9323
    endloop
  endfacet
  facet normal 0.996439 -9.28868e-05 -0.0843175
    outer loop
      vertex 2.0049 -2.92015 74.9569
      vertex 1.83062 -2.8202 72.8972
      vertex 2.00276 -2.8202 74.9315
    endloop
  endfacet
  facet normal 0.99644 9.06238e-05 -0.0843086
    outer loop
      vertex 2.0049 -2.92015 74.9569
      vertex 1.82848 -2.92015 72.8718
      vertex 1.83062 -2.8202 72.8972
    endloop
  endfacet
  facet normal 0.99644 5.34662e-05 -0.0843086
    outer loop
      vertex 2.0062 -3.02208 74.9722
      vertex 1.82848 -2.92015 72.8718
      vertex 2.0049 -2.92015 74.9569
    endloop
  endfacet
  facet normal 0.996439 -5.26929e-05 -0.0843137
    outer loop
      vertex 2.0062 -3.02208 74.9722
      vertex 1.82718 -3.02208 72.8565
      vertex 1.82848 -2.92015 72.8718
    endloop
  endfacet
  facet normal 0.996439 -1.4877e-05 -0.0843137
    outer loop
      vertex 2.00663 -3.125 74.9773
      vertex 1.82718 -3.02208 72.8565
      vertex 2.0062 -3.02208 74.9722
    endloop
  endfacet
  facet normal 0.996439 1.48056e-05 -0.0843123
    outer loop
      vertex 2.00663 -3.125 74.9773
      vertex 1.82675 -3.125 72.8514
      vertex 1.82718 -3.02208 72.8565
    endloop
  endfacet
  facet normal 0.996439 1.48056e-05 -0.0843123
    outer loop
      vertex 2.0062 -3.22792 74.9722
      vertex 1.82675 -3.125 72.8514
      vertex 2.00663 -3.125 74.9773
    endloop
  endfacet
  facet normal 0.996439 -1.4877e-05 -0.0843137
    outer loop
      vertex 2.0062 -3.22792 74.9722
      vertex 1.82718 -3.22792 72.8565
      vertex 1.82675 -3.125 72.8514
    endloop
  endfacet
  facet normal 0.996439 -5.2698e-05 -0.0843137
    outer loop
      vertex 2.0049 -3.32984 74.9569
      vertex 1.82718 -3.22792 72.8565
      vertex 2.0062 -3.22792 74.9722
    endloop
  endfacet
  facet normal 0.99644 5.34714e-05 -0.0843086
    outer loop
      vertex 2.0049 -3.32984 74.9569
      vertex 1.82848 -3.32984 72.8718
      vertex 1.82718 -3.22792 72.8565
    endloop
  endfacet
  facet normal 0.99644 9.06147e-05 -0.0843086
    outer loop
      vertex 2.00276 -3.4298 74.9315
      vertex 1.82848 -3.32984 72.8718
      vertex 2.0049 -3.32984 74.9569
    endloop
  endfacet
  facet normal 0.996439 -9.28775e-05 -0.0843175
    outer loop
      vertex 2.00276 -3.4298 74.9315
      vertex 1.83062 -3.4298 72.8972
      vertex 1.82848 -3.32984 72.8718
    endloop
  endfacet
  facet normal 0.996439 -0.000101478 -0.0843175
    outer loop
      vertex 1.99978 -3.52682 74.8964
      vertex 1.83062 -3.4298 72.8972
      vertex 2.00276 -3.4298 74.9315
    endloop
  endfacet
  facet normal 0.996439 5.64742e-07 -0.0843125
    outer loop
      vertex 1.99978 -3.52682 74.8964
      vertex 1.83359 -3.52682 72.9323
      vertex 1.83062 -3.4298 72.8972
    endloop
  endfacet
  facet normal 0.996439 4.03955e-05 -0.0843125
    outer loop
      vertex 1.99601 -3.61997 74.8518
      vertex 1.83359 -3.52682 72.9323
      vertex 1.99978 -3.52682 74.8964
    endloop
  endfacet
  facet normal 0.996439 6.71988e-05 -0.0843112
    outer loop
      vertex 1.99601 -3.61997 74.8518
      vertex 1.83737 -3.61997 72.9769
      vertex 1.83359 -3.52682 72.9323
    endloop
  endfacet
  facet normal 0.996439 4.16246e-05 -0.0843112
    outer loop
      vertex 1.99147 -3.70835 74.7981
      vertex 1.83737 -3.61997 72.9769
      vertex 1.99601 -3.61997 74.8518
    endloop
  endfacet
  facet normal 0.99644 5.414e-05 -0.0843106
    outer loop
      vertex 1.99147 -3.70835 74.7981
      vertex 1.84191 -3.70835 73.0305
      vertex 1.83737 -3.61997 72.9769
    endloop
  endfacet
  facet normal 0.99644 -6.74344e-05 -0.0843106
    outer loop
      vertex 1.98621 -3.79111 74.736
      vertex 1.84191 -3.70835 73.0305
      vertex 1.99147 -3.70835 74.7981
    endloop
  endfacet
  facet normal 0.996439 -0.000158149 -0.084315
    outer loop
      vertex 1.98621 -3.79111 74.736
      vertex 1.84716 -3.79111 73.0927
      vertex 1.84191 -3.70835 73.0305
    endloop
  endfacet
  facet normal 0.996439 4.1012e-05 -0.084315
    outer loop
      vertex 1.98029 -3.86746 74.666
      vertex 1.84716 -3.79111 73.0927
      vertex 1.98621 -3.79111 74.736
    endloop
  endfacet
  facet normal 0.996439 9.17551e-05 -0.0843126
    outer loop
      vertex 1.98029 -3.86746 74.666
      vertex 1.85309 -3.86746 73.1627
      vertex 1.84716 -3.79111 73.0927
    endloop
  endfacet
  facet normal 0.996439 9.36781e-06 -0.0843126
    outer loop
      vertex 1.97375 -3.93666 74.5887
      vertex 1.85309 -3.86746 73.1627
      vertex 1.98029 -3.86746 74.666
    endloop
  endfacet
  facet normal 0.996439 -1.04416e-05 -0.0843135
    outer loop
      vertex 1.97375 -3.93666 74.5887
      vertex 1.85963 -3.93666 73.24
      vertex 1.85309 -3.86746 73.1627
    endloop
  endfacet
  facet normal 0.996439 1.17117e-05 -0.0843135
    outer loop
      vertex 1.96666 -3.99804 74.5049
      vertex 1.85963 -3.93666 73.24
      vertex 1.97375 -3.93666 74.5887
    endloop
  endfacet
  facet normal 0.996439 -1.33737e-05 -0.0843147
    outer loop
      vertex 1.96666 -3.99804 74.5049
      vertex 1.86672 -3.99804 73.3238
      vertex 1.85963 -3.93666 73.24
    endloop
  endfacet
  facet normal 0.996439 5.89666e-05 -0.0843147
    outer loop
      vertex 1.95909 -4.05102 74.4154
      vertex 1.86672 -3.99804 73.3238
      vertex 1.96666 -3.99804 74.5049
    endloop
  endfacet
  facet normal 0.996439 -6.94994e-05 -0.0843209
    outer loop
      vertex 1.95909 -4.05102 74.4154
      vertex 1.87429 -4.05102 73.4133
      vertex 1.86672 -3.99804 73.3238
    endloop
  endfacet
  facet normal 0.996439 -2.66364e-06 -0.0843209
    outer loop
      vertex 1.95111 -4.09507 74.3211
      vertex 1.87429 -4.05102 73.4133
      vertex 1.95909 -4.05102 74.4154
    endloop
  endfacet
  facet normal 0.996439 3.28117e-06 -0.0843206
    outer loop
      vertex 1.95111 -4.09507 74.3211
      vertex 1.88227 -4.09507 73.5076
      vertex 1.87429 -4.05102 73.4133
    endloop
  endfacet
  facet normal 0.996439 -3.42204e-06 -0.0843206
    outer loop
      vertex 1.9428 -4.12979 74.2229
      vertex 1.88227 -4.09507 73.5076
      vertex 1.95111 -4.09507 74.3211
    endloop
  endfacet
  facet normal 0.996439 4.51115e-06 -0.0843203
    outer loop
      vertex 1.9428 -4.12979 74.2229
      vertex 1.89058 -4.12979 73.6058
      vertex 1.88227 -4.09507 73.5076
    endloop
  endfacet
  facet normal 0.996439 0.000147601 -0.0843203
    outer loop
      vertex 1.93424 -4.15482 74.1217
      vertex 1.89058 -4.12979 73.6058
      vertex 1.9428 -4.12979 74.2229
    endloop
  endfacet
  facet normal 0.996437 -0.00021964 -0.0843379
    outer loop
      vertex 1.93424 -4.15482 74.1217
      vertex 1.89914 -4.15482 73.707
      vertex 1.89058 -4.12979 73.6058
    endloop
  endfacet
  facet normal 0.996437 -0.000342938 -0.0843379
    outer loop
      vertex 1.9255 -4.16994 74.0185
      vertex 1.89914 -4.15482 73.707
      vertex 1.93424 -4.15482 74.1217
    endloop
  endfacet
  facet normal 0.996437 -0.000302776 -0.084336
    outer loop
      vertex 1.9255 -4.16994 74.0185
      vertex 1.90787 -4.16994 73.8102
      vertex 1.89914 -4.15482 73.707
    endloop
  endfacet
  facet normal 0.996436 0.00181798 -0.0843359
    outer loop
      vertex 1.90787 -4.16994 73.8102
      vertex 1.9255 -4.16994 74.0185
      vertex 1.91669 -4.175 73.9143
    endloop
  endfacet
  facet normal 0.996436 -0.00181798 -0.0843359
    outer loop
      vertex 1.9255 4.31994 74.0185
      vertex 1.90787 4.31994 73.8102
      vertex 1.91669 4.325 73.9143
    endloop
  endfacet
  facet normal 0.996437 0.000356244 -0.084336
    outer loop
      vertex 1.93424 4.30482 74.1217
      vertex 1.90787 4.31994 73.8102
      vertex 1.9255 4.31994 74.0185
    endloop
  endfacet
  facet normal 0.996437 0.000316081 -0.0843379
    outer loop
      vertex 1.93424 4.30482 74.1217
      vertex 1.89914 4.30482 73.707
      vertex 1.90787 4.31994 73.8102
    endloop
  endfacet
  facet normal 0.996437 -0.00021964 -0.0843379
    outer loop
      vertex 1.9428 4.27979 74.2229
      vertex 1.89914 4.30482 73.707
      vertex 1.93424 4.30482 74.1217
    endloop
  endfacet
  facet normal 0.996439 0.000147601 -0.0843203
    outer loop
      vertex 1.9428 4.27979 74.2229
      vertex 1.89058 4.27979 73.6058
      vertex 1.89914 4.30482 73.707
    endloop
  endfacet
  facet normal 0.996439 4.51115e-06 -0.0843203
    outer loop
      vertex 1.95111 4.24507 74.3211
      vertex 1.89058 4.27979 73.6058
      vertex 1.9428 4.27979 74.2229
    endloop
  endfacet
  facet normal 0.996439 -3.42204e-06 -0.0843206
    outer loop
      vertex 1.95111 4.24507 74.3211
      vertex 1.88227 4.24507 73.5076
      vertex 1.89058 4.27979 73.6058
    endloop
  endfacet
  facet normal 0.996439 3.28117e-06 -0.0843206
    outer loop
      vertex 1.95909 4.20102 74.4154
      vertex 1.88227 4.24507 73.5076
      vertex 1.95111 4.24507 74.3211
    endloop
  endfacet
  facet normal 0.996439 -2.66364e-06 -0.0843209
    outer loop
      vertex 1.95909 4.20102 74.4154
      vertex 1.87429 4.20102 73.4133
      vertex 1.88227 4.24507 73.5076
    endloop
  endfacet
  facet normal 0.996439 -6.94994e-05 -0.0843209
    outer loop
      vertex 1.96666 4.14804 74.5049
      vertex 1.87429 4.20102 73.4133
      vertex 1.95909 4.20102 74.4154
    endloop
  endfacet
  facet normal 0.996439 5.89666e-05 -0.0843147
    outer loop
      vertex 1.96666 4.14804 74.5049
      vertex 1.86672 4.14804 73.3238
      vertex 1.87429 4.20102 73.4133
    endloop
  endfacet
  facet normal 0.996439 -1.33737e-05 -0.0843147
    outer loop
      vertex 1.97375 4.08666 74.5887
      vertex 1.86672 4.14804 73.3238
      vertex 1.96666 4.14804 74.5049
    endloop
  endfacet
  facet normal 0.996439 1.17117e-05 -0.0843135
    outer loop
      vertex 1.97375 4.08666 74.5887
      vertex 1.85963 4.08666 73.24
      vertex 1.86672 4.14804 73.3238
    endloop
  endfacet
  facet normal 0.996439 -1.04416e-05 -0.0843135
    outer loop
      vertex 1.98029 4.01746 74.666
      vertex 1.85963 4.08666 73.24
      vertex 1.97375 4.08666 74.5887
    endloop
  endfacet
  facet normal 0.996439 9.36781e-06 -0.0843126
    outer loop
      vertex 1.98029 4.01746 74.666
      vertex 1.85309 4.01746 73.1627
      vertex 1.85963 4.08666 73.24
    endloop
  endfacet
  facet normal 0.996439 -3.87543e-05 -0.0843126
    outer loop
      vertex 1.98621 3.94111 74.736
      vertex 1.85309 4.01746 73.1627
      vertex 1.98029 4.01746 74.666
    endloop
  endfacet
  facet normal 0.996439 -8.94974e-05 -0.084315
    outer loop
      vertex 1.98621 3.94111 74.736
      vertex 1.84716 3.94111 73.0927
      vertex 1.85309 4.01746 73.1627
    endloop
  endfacet
  facet normal 0.996439 6.41313e-05 -0.084315
    outer loop
      vertex 1.99147 3.85835 74.7981
      vertex 1.84716 3.94111 73.0927
      vertex 1.98621 3.94111 74.736
    endloop
  endfacet
  facet normal 0.99644 0.00015484 -0.0843106
    outer loop
      vertex 1.99147 3.85835 74.7981
      vertex 1.84191 3.85835 73.0305
      vertex 1.84716 3.94111 73.0927
    endloop
  endfacet
  facet normal 0.99644 -4.12556e-05 -0.0843106
    outer loop
      vertex 1.99601 3.76997 74.8518
      vertex 1.84191 3.85835 73.0305
      vertex 1.99147 3.85835 74.7981
    endloop
  endfacet
  facet normal 0.996439 -5.37717e-05 -0.0843112
    outer loop
      vertex 1.99601 3.76997 74.8518
      vertex 1.83737 3.76997 72.9769
      vertex 1.84191 3.85835 73.0305
    endloop
  endfacet
  facet normal 0.996439 -3.97727e-05 -0.0843112
    outer loop
      vertex 1.99978 3.67682 74.8964
      vertex 1.83737 3.76997 72.9769
      vertex 1.99601 3.76997 74.8518
    endloop
  endfacet
  facet normal 0.996439 -6.6576e-05 -0.0843125
    outer loop
      vertex 1.99978 3.67682 74.8964
      vertex 1.83359 3.67682 72.9323
      vertex 1.83737 3.76997 72.9769
    endloop
  endfacet
  facet normal 0.996439 0.000103269 -0.0843125
    outer loop
      vertex 2.00276 3.5798 74.9315
      vertex 1.83359 3.67682 72.9323
      vertex 1.99978 3.67682 74.8964
    endloop
  endfacet
  facet normal 0.996439 1.22682e-06 -0.0843175
    outer loop
      vertex 2.00276 3.5798 74.9315
      vertex 1.83062 3.5798 72.8972
      vertex 1.83359 3.67682 72.9323
    endloop
  endfacet
  facet normal 0.996439 -9.28775e-05 -0.0843175
    outer loop
      vertex 2.0049 3.47984 74.9569
      vertex 1.83062 3.5798 72.8972
      vertex 2.00276 3.5798 74.9315
    endloop
  endfacet
  facet normal 0.99644 9.06147e-05 -0.0843086
    outer loop
      vertex 2.0049 3.47984 74.9569
      vertex 1.82848 3.47984 72.8718
      vertex 1.83062 3.5798 72.8972
    endloop
  endfacet
  facet normal 0.99644 5.34714e-05 -0.0843086
    outer loop
      vertex 2.0062 3.37792 74.9722
      vertex 1.82848 3.47984 72.8718
      vertex 2.0049 3.47984 74.9569
    endloop
  endfacet
  facet normal 0.996439 -5.2698e-05 -0.0843137
    outer loop
      vertex 2.0062 3.37792 74.9722
      vertex 1.82718 3.37792 72.8565
      vertex 1.82848 3.47984 72.8718
    endloop
  endfacet
  facet normal 0.996439 -1.4877e-05 -0.0843137
    outer loop
      vertex 2.00663 3.275 74.9773
      vertex 1.82718 3.37792 72.8565
      vertex 2.0062 3.37792 74.9722
    endloop
  endfacet
  facet normal 0.996439 1.48056e-05 -0.0843123
    outer loop
      vertex 2.00663 3.275 74.9773
      vertex 1.82675 3.275 72.8514
      vertex 1.82718 3.37792 72.8565
    endloop
  endfacet
  facet normal 0.996439 1.48056e-05 -0.0843123
    outer loop
      vertex 2.0062 3.17208 74.9722
      vertex 1.82675 3.275 72.8514
      vertex 2.00663 3.275 74.9773
    endloop
  endfacet
  facet normal 0.996439 -1.4877e-05 -0.0843137
    outer loop
      vertex 2.0062 3.17208 74.9722
      vertex 1.82718 3.17208 72.8565
      vertex 1.82675 3.275 72.8514
    endloop
  endfacet
  facet normal 0.996439 -5.2698e-05 -0.0843137
    outer loop
      vertex 2.0049 3.07016 74.9569
      vertex 1.82718 3.17208 72.8565
      vertex 2.0062 3.17208 74.9722
    endloop
  endfacet
  facet normal 0.99644 5.34714e-05 -0.0843086
    outer loop
      vertex 2.0049 3.07016 74.9569
      vertex 1.82848 3.07016 72.8718
      vertex 1.82718 3.17208 72.8565
    endloop
  endfacet
  facet normal 0.99644 9.06147e-05 -0.0843086
    outer loop
      vertex 2.00276 2.9702 74.9315
      vertex 1.82848 3.07016 72.8718
      vertex 2.0049 3.07016 74.9569
    endloop
  endfacet
  facet normal 0.996439 -9.28775e-05 -0.0843175
    outer loop
      vertex 2.00276 2.9702 74.9315
      vertex 1.83062 2.9702 72.8972
      vertex 1.82848 3.07016 72.8718
    endloop
  endfacet
  facet normal 0.996439 -0.000101478 -0.0843175
    outer loop
      vertex 1.99978 2.87318 74.8964
      vertex 1.83062 2.9702 72.8972
      vertex 2.00276 2.9702 74.9315
    endloop
  endfacet
  facet normal 0.996439 5.64742e-07 -0.0843125
    outer loop
      vertex 1.99978 2.87318 74.8964
      vertex 1.83359 2.87318 72.9323
      vertex 1.83062 2.9702 72.8972
    endloop
  endfacet
  facet normal 0.996439 4.03955e-05 -0.0843125
    outer loop
      vertex 1.99601 2.78003 74.8518
      vertex 1.83359 2.87318 72.9323
      vertex 1.99978 2.87318 74.8964
    endloop
  endfacet
  facet normal 0.996439 6.71988e-05 -0.0843112
    outer loop
      vertex 1.99601 2.78003 74.8518
      vertex 1.83737 2.78003 72.9769
      vertex 1.83359 2.87318 72.9323
    endloop
  endfacet
  facet normal 0.996439 4.16246e-05 -0.0843112
    outer loop
      vertex 1.99147 2.69165 74.7981
      vertex 1.83737 2.78003 72.9769
      vertex 1.99601 2.78003 74.8518
    endloop
  endfacet
  facet normal 0.99644 5.414e-05 -0.0843106
    outer loop
      vertex 1.99147 2.69165 74.7981
      vertex 1.84191 2.69165 73.0305
      vertex 1.83737 2.78003 72.9769
    endloop
  endfacet
  facet normal 0.99644 -6.74344e-05 -0.0843106
    outer loop
      vertex 1.98621 2.60889 74.736
      vertex 1.84191 2.69165 73.0305
      vertex 1.99147 2.69165 74.7981
    endloop
  endfacet
  facet normal 0.996439 -0.000158149 -0.084315
    outer loop
      vertex 1.98621 2.60889 74.736
      vertex 1.84716 2.60889 73.0927
      vertex 1.84191 2.69165 73.0305
    endloop
  endfacet
  facet normal 0.996439 4.1012e-05 -0.084315
    outer loop
      vertex 1.98029 2.53254 74.666
      vertex 1.84716 2.60889 73.0927
      vertex 1.98621 2.60889 74.736
    endloop
  endfacet
  facet normal 0.996439 9.17551e-05 -0.0843126
    outer loop
      vertex 1.98029 2.53254 74.666
      vertex 1.85309 2.53254 73.1627
      vertex 1.84716 2.60889 73.0927
    endloop
  endfacet
  facet normal 0.996439 9.36781e-06 -0.0843126
    outer loop
      vertex 1.97375 2.46334 74.5887
      vertex 1.85309 2.53254 73.1627
      vertex 1.98029 2.53254 74.666
    endloop
  endfacet
  facet normal 0.996439 -1.04416e-05 -0.0843135
    outer loop
      vertex 1.97375 2.46334 74.5887
      vertex 1.85963 2.46334 73.24
      vertex 1.85309 2.53254 73.1627
    endloop
  endfacet
  facet normal 0.996439 1.17117e-05 -0.0843135
    outer loop
      vertex 1.96666 2.40196 74.5049
      vertex 1.85963 2.46334 73.24
      vertex 1.97375 2.46334 74.5887
    endloop
  endfacet
  facet normal 0.996439 -1.33737e-05 -0.0843147
    outer loop
      vertex 1.96666 2.40196 74.5049
      vertex 1.86672 2.40196 73.3238
      vertex 1.85963 2.46334 73.24
    endloop
  endfacet
  facet normal 0.996439 5.89666e-05 -0.0843147
    outer loop
      vertex 1.95909 2.34898 74.4154
      vertex 1.86672 2.40196 73.3238
      vertex 1.96666 2.40196 74.5049
    endloop
  endfacet
  facet normal 0.996439 -6.94994e-05 -0.0843209
    outer loop
      vertex 1.95909 2.34898 74.4154
      vertex 1.87429 2.34898 73.4133
      vertex 1.86672 2.40196 73.3238
    endloop
  endfacet
  facet normal 0.996439 -2.66364e-06 -0.0843209
    outer loop
      vertex 1.95111 2.30493 74.3211
      vertex 1.87429 2.34898 73.4133
      vertex 1.95909 2.34898 74.4154
    endloop
  endfacet
  facet normal 0.996439 3.28117e-06 -0.0843206
    outer loop
      vertex 1.95111 2.30493 74.3211
      vertex 1.88227 2.30493 73.5076
      vertex 1.87429 2.34898 73.4133
    endloop
  endfacet
  facet normal 0.996439 -3.42204e-06 -0.0843206
    outer loop
      vertex 1.9428 2.27021 74.2229
      vertex 1.88227 2.30493 73.5076
      vertex 1.95111 2.30493 74.3211
    endloop
  endfacet
  facet normal 0.996439 4.51115e-06 -0.0843203
    outer loop
      vertex 1.9428 2.27021 74.2229
      vertex 1.89058 2.27021 73.6058
      vertex 1.88227 2.30493 73.5076
    endloop
  endfacet
  facet normal 0.996439 0.000147601 -0.0843203
    outer loop
      vertex 1.93424 2.24518 74.1217
      vertex 1.89058 2.27021 73.6058
      vertex 1.9428 2.27021 74.2229
    endloop
  endfacet
  facet normal 0.996437 -0.00021964 -0.0843379
    outer loop
      vertex 1.93424 2.24518 74.1217
      vertex 1.89914 2.24518 73.707
      vertex 1.89058 2.27021 73.6058
    endloop
  endfacet
  facet normal 0.996437 -0.000342938 -0.0843379
    outer loop
      vertex 1.9255 2.23006 74.0185
      vertex 1.89914 2.24518 73.707
      vertex 1.93424 2.24518 74.1217
    endloop
  endfacet
  facet normal 0.996437 -0.000302776 -0.084336
    outer loop
      vertex 1.9255 2.23006 74.0185
      vertex 1.90787 2.23006 73.8102
      vertex 1.89914 2.24518 73.707
    endloop
  endfacet
  facet normal 0.996436 0.00181798 -0.0843359
    outer loop
      vertex 1.90787 2.23006 73.8102
      vertex 1.9255 2.23006 74.0185
      vertex 1.91669 2.225 73.9143
    endloop
  endfacet
  facet normal 0.97846 -0.1876 -0.0861476
    outer loop
      vertex 0.389921 -18.8349 57.4552
      vertex -4.05681 -17.4805 4
      vertex 0.424422 -18.7141 57.584
    endloop
  endfacet
  facet normal -0 -0.999679 -0.025329
    outer loop
      vertex -4.05681 -17.4805 4
      vertex 0.389921 -18.8349 57.4552
      vertex -4.05682 -17.4805 4
    endloop
  endfacet
  facet normal -0.905717 0.0611019 0.419457
    outer loop
      vertex 2.15084 18.3509 77.55
      vertex -31.9855 17.189 4.01
      vertex 2.17222 18.12 77.6298
    endloop
  endfacet
  facet normal 0.681343 0.728509 -0.0710291
    outer loop
      vertex -4.87777 19.0164 4
      vertex -0.196727 19.6368 55.2658
      vertex -0.151755 19.6111 55.4336
    endloop
  endfacet
  facet normal 0 0.999927 -0.0121007
    outer loop
      vertex -0.196727 19.6368 55.2658
      vertex -4.87777 19.0164 4
      vertex -4.87778 19.0164 4
    endloop
  endfacet
  facet normal 0.985542 -0.146098 -0.0858088
    outer loop
      vertex 0.455694 -18.5808 57.7007
      vertex -4.01362 -17.1893 4
      vertex 0.472423 -18.5046 57.7631
    endloop
  endfacet
  facet normal 0.985531 -0.146171 -0.0858097
    outer loop
      vertex -4.01362 -17.1893 4
      vertex 0.455694 -18.5808 57.7007
      vertex -4.05681 -17.4805 4
    endloop
  endfacet
  facet normal -0.876018 -0.267842 0.401066
    outer loop
      vertex 1.91259 -19.4724 76.6608
      vertex -31.8708 -17.7659 4.01
      vertex 1.85816 -19.5985 76.4577
    endloop
  endfacet
  facet normal -0.470171 -0.85814 0.206241
    outer loop
      vertex -30.6667 -19.3894 4.01
      vertex 1.61517 -19.8827 75.5509
      vertex 1.61547 -19.8826 75.552
    endloop
  endfacet
  facet normal -0.501581 -0.836521 0.220564
    outer loop
      vertex 1.61517 -19.8827 75.5509
      vertex -30.6667 -19.3894 4.01
      vertex -30.4142 -19.5408 4.01
    endloop
  endfacet
  facet normal -0.86498 -0.309657 0.39487
    outer loop
      vertex 1.85806 -19.5987 76.4573
      vertex -31.8708 -17.7659 4.01
      vertex -31.7716 -18.043 4.01
    endloop
  endfacet
  facet normal -0.85262 -0.349885 0.388098
    outer loop
      vertex -31.8708 -17.7659 4.01
      vertex 1.85806 -19.5987 76.4573
      vertex 1.85816 -19.5985 76.4577
    endloop
  endfacet
  facet normal 0.984068 -0.155674 -0.0858816
    outer loop
      vertex 0.424422 -18.7141 57.584
      vertex -4.05681 -17.4805 4
      vertex 0.455694 -18.5808 57.7007
    endloop
  endfacet
  facet normal 0.957808 -0.274055 -0.0865915
    outer loop
      vertex 0.284916 -19.1081 57.0633
      vertex -4.12834 -17.7661 4
      vertex 0.324778 -19.0158 57.2121
    endloop
  endfacet
  facet normal -0 -0.99968 -0.0252825
    outer loop
      vertex -4.12834 -17.7661 4
      vertex 0.284916 -19.1081 57.0633
      vertex -4.12835 -17.7661 4
    endloop
  endfacet
  facet normal -0.989231 -0.146364 0
    outer loop
      vertex -31.9424 -17.4803 4
      vertex -31.9855 -17.189 4.01
      vertex -31.9855 -17.189 4
    endloop
  endfacet
  facet normal -0.989231 -0.146364 0
    outer loop
      vertex -31.9855 -17.189 4.01
      vertex -31.9424 -17.4803 4
      vertex -31.9424 -17.4803 4.01
    endloop
  endfacet
  facet normal -0.969982 -0.243175 0
    outer loop
      vertex -31.8708 -17.7659 4
      vertex -31.9424 -17.4803 4.01
      vertex -31.9424 -17.4803 4
    endloop
  endfacet
  facet normal -0.969982 -0.243175 0
    outer loop
      vertex -31.9424 -17.4803 4.01
      vertex -31.8708 -17.7659 4
      vertex -31.8708 -17.7659 4.01
    endloop
  endfacet
  facet normal -0.74091 -0.671604 0
    outer loop
      vertex -31.1562 -18.9778 3.99
      vertex -31.319 -18.7982 4.01
      vertex -31.319 -18.7982 3.99
    endloop
  endfacet
  facet normal -0.741812 -0.670598 0.0035607
    outer loop
      vertex -31.1213 -19.0163 4.01
      vertex -31.1562 -18.9778 3.99
      vertex -31.1218 -19.0158 4
    endloop
  endfacet
  facet normal -0.707107 -0.707107 -0
    outer loop
      vertex -31.1213 -19.0163 4.01
      vertex -31.1218 -19.0158 4
      vertex -31.1213 -19.0163 4
    endloop
  endfacet
  facet normal -0.740908 -0.671607 4.07652e-05
    outer loop
      vertex -31.1562 -18.9778 3.99
      vertex -31.1213 -19.0163 4.01
      vertex -31.319 -18.7982 4.01
    endloop
  endfacet
  facet normal -0.907133 -0.00854469 0.420756
    outer loop
      vertex 2.20008 -17.3946 77.7338
      vertex -32 -16.895 4.01
      vertex 2.19696 -17.6395 77.7221
    endloop
  endfacet
  facet normal -0.703419 -0.637625 0.314064
    outer loop
      vertex 1.67874 -19.8463 75.7881
      vertex -31.319 -18.7982 4.01
      vertex -31.1213 -19.0163 4.01
    endloop
  endfacet
  facet normal -0.560017 -0.791148 0.245898
    outer loop
      vertex -31.319 -18.7982 4.01
      vertex 1.67874 -19.8463 75.7881
      vertex 1.67895 -19.8462 75.7889
    endloop
  endfacet
  facet normal -0.288682 -0.949164 0.1255
    outer loop
      vertex 1.61449 -19.8829 75.5483
      vertex -29.8708 -19.7658 4.01
      vertex 1.55113 -19.8949 75.3118
    endloop
  endfacet
  facet normal -0.36542 -0.917081 0.159471
    outer loop
      vertex -30.148 -19.6666 4.01
      vertex 1.61449 -19.8829 75.5483
      vertex 1.61485 -19.8828 75.5497
    endloop
  endfacet
  facet normal -0.333368 -0.931549 0.145196
    outer loop
      vertex 1.61449 -19.8829 75.5483
      vertex -30.148 -19.6666 4.01
      vertex -29.8708 -19.7658 4.01
    endloop
  endfacet
  facet normal -0.989231 0.146364 0
    outer loop
      vertex -31.9855 17.189 4
      vertex -31.9424 17.4803 4.01
      vertex -31.9424 17.4803 4
    endloop
  endfacet
  facet normal -0.989231 0.146364 0
    outer loop
      vertex -31.9424 17.4803 4.01
      vertex -31.9855 17.189 4
      vertex -31.9855 17.189 4.01
    endloop
  endfacet
  facet normal -0.859008 -0.329701 0.391667
    outer loop
      vertex 1.85806 -19.5987 76.4573
      vertex -31.7716 -18.043 4.01
      vertex 1.80071 -19.7035 76.2433
    endloop
  endfacet
  facet normal 0.938013 0.335632 -0.0865027
    outer loop
      vertex -4.12835 17.7661 4
      vertex 0.246068 19.1793 56.9183
      vertex 0.284916 19.1081 57.0633
    endloop
  endfacet
  facet normal 0.93803 0.335586 -0.0865028
    outer loop
      vertex 0.246068 19.1793 56.9183
      vertex -4.12835 17.7661 4
      vertex -4.22752 18.0433 4
    endloop
  endfacet
  facet normal 0.146729 -0.989026 -0.0172693
    outer loop
      vertex -6.41361 -19.8373 4
      vertex -1.15918 -19.8902 51.6739
      vertex -6.7048 -19.8805 4
    endloop
  endfacet
  facet normal 0.14634 -0.989084 -0.0172266
    outer loop
      vertex -1.15918 -19.8902 51.6739
      vertex -6.41361 -19.8373 4
      vertex -0.992819 -19.8764 52.2948
    endloop
  endfacet
  facet normal -0.427269 0.904125 0
    outer loop
      vertex -30.148 19.6666 4
      vertex -30.4142 19.5408 4.01
      vertex -30.148 19.6666 4.01
    endloop
  endfacet
  facet normal -0.427269 0.904125 0
    outer loop
      vertex -30.4142 19.5408 4.01
      vertex -30.148 19.6666 4
      vertex -30.4142 19.5408 4
    endloop
  endfacet
  facet normal 0.988018 -0.128436 -0.0855831
    outer loop
      vertex 0.472423 -18.5046 57.7631
      vertex -4.01361 -17.1893 4
      vertex 0.500194 -18.36 57.8667
    endloop
  endfacet
  facet normal -0 -0.999701 -0.0244574
    outer loop
      vertex -4.01361 -17.1893 4
      vertex 0.472423 -18.5046 57.7631
      vertex -4.01362 -17.1893 4
    endloop
  endfacet
  facet normal 0.800699 0.593696 -0.0800349
    outer loop
      vertex -4.50473 18.5619 4
      vertex -0.0676142 19.5537 55.7477
      vertex 0.00487624 19.4924 56.0182
    endloop
  endfacet
  facet normal 0.800593 0.593841 -0.0800286
    outer loop
      vertex -0.0676142 19.5537 55.7477
      vertex -4.50473 18.5619 4
      vertex -4.68008 18.7983 4
    endloop
  endfacet
  facet normal -0.902975 -0.101729 0.417477
    outer loop
      vertex 2.12371 -18.5725 77.4488
      vertex -31.9855 -17.189 4.01
      vertex 2.09109 -18.7828 77.327
    endloop
  endfacet
  facet normal 0.336447 -0.94093 -0.0381344
    outer loop
      vertex -5.85091 -19.6667 4
      vertex -0.794506 -19.846 53.0349
      vertex -6.12806 -19.7658 4
    endloop
  endfacet
  facet normal 0.336258 -0.940998 -0.0381153
    outer loop
      vertex -0.794506 -19.846 53.0349
      vertex -5.85091 -19.6667 4
      vertex -0.65095 -19.8164 53.5706
    endloop
  endfacet
  facet normal -0.514246 0.857643 0
    outer loop
      vertex -30.4142 19.5408 4
      vertex -30.6667 19.3894 4.01
      vertex -30.4142 19.5408 4.01
    endloop
  endfacet
  facet normal -0.514246 0.857643 0
    outer loop
      vertex -30.6667 19.3894 4.01
      vertex -30.4142 19.5408 4
      vertex -30.6667 19.3894 4
    endloop
  endfacet
  facet normal -0.904589 0.0804317 0.418628
    outer loop
      vertex 2.12371 18.5725 77.4488
      vertex -31.9855 17.189 4.01
      vertex 2.15084 18.3509 77.55
    endloop
  endfacet
  facet normal -0.897598 0.151691 0.413893
    outer loop
      vertex 2.01064 19.1616 77.0268
      vertex -31.9424 17.4803 4.01
      vertex 2.05325 18.9799 77.1858
    endloop
  endfacet
  facet normal -0.0492599 -0.998786 0
    outer loop
      vertex -29.294 -19.8805 4
      vertex -29 -19.895 4.01
      vertex -29.294 -19.8805 4.01
    endloop
  endfacet
  facet normal -0.0492599 -0.998786 -0
    outer loop
      vertex -29 -19.895 4.01
      vertex -29.294 -19.8805 4
      vertex -29 -19.895 4
    endloop
  endfacet
  facet normal 0.937742 0.336389 -0.0864958
    outer loop
      vertex -4.22752 18.0433 4
      vertex 0.204173 19.2559 56.762
      vertex 0.246068 19.1793 56.9183
    endloop
  endfacet
  facet normal -0 -0.999998 -0.00181082
    outer loop
      vertex -6.12806 -19.7658 4
      vertex -0.837941 -19.8543 52.8728
      vertex -6.12807 -19.7658 4
    endloop
  endfacet
  facet normal 0.314835 -0.948471 -0.0357961
    outer loop
      vertex -0.837941 -19.8543 52.8728
      vertex -6.12806 -19.7658 4
      vertex -0.794506 -19.846 53.0349
    endloop
  endfacet
  facet normal 0.834333 0.545115 -0.0820817
    outer loop
      vertex -4.50473 18.5619 4
      vertex 0.00487624 19.4924 56.0182
      vertex 0.0494814 19.4492 56.1847
    endloop
  endfacet
  facet normal -0.799812 0.479571 0.360988
    outer loop
      vertex -31.6458 18.3092 4.01
      vertex 1.74068 19.7864 76.0193
      vertex -31.4944 18.5617 4.01
    endloop
  endfacet
  facet normal -0.65898 0.69346 0.291305
    outer loop
      vertex 1.74068 19.7864 76.0193
      vertex -31.6458 18.3092 4.01
      vertex 1.74084 19.7863 76.0199
    endloop
  endfacet
  facet normal 0.938013 -0.335632 -0.0865027
    outer loop
      vertex 0.246068 -19.1793 56.9183
      vertex -4.12835 -17.7661 4
      vertex 0.284916 -19.1081 57.0633
    endloop
  endfacet
  facet normal 0.93803 -0.335586 -0.0865028
    outer loop
      vertex -4.12835 -17.7661 4
      vertex 0.246068 -19.1793 56.9183
      vertex -4.22752 -18.0433 4
    endloop
  endfacet
  facet normal -0.288682 0.949164 0.1255
    outer loop
      vertex 1.55113 19.8949 75.3118
      vertex -29.8708 19.7658 4.01
      vertex 1.61449 19.8829 75.5483
    endloop
  endfacet
  facet normal -0.904125 -0.427269 0
    outer loop
      vertex -31.6458 -18.3092 4
      vertex -31.7716 -18.043 4.01
      vertex -31.7716 -18.043 4
    endloop
  endfacet
  facet normal -0.904125 -0.427269 0
    outer loop
      vertex -31.7716 -18.043 4.01
      vertex -31.6458 -18.3092 4
      vertex -31.6458 -18.3092 4.01
    endloop
  endfacet
  facet normal -0.803208 -0.595699 0
    outer loop
      vertex -31.319 -18.7982 3.99
      vertex -31.4944 -18.5617 4.01
      vertex -31.4944 -18.5617 3.99
    endloop
  endfacet
  facet normal -0.803208 -0.595699 0
    outer loop
      vertex -31.4944 -18.5617 4.01
      vertex -31.319 -18.7982 3.99
      vertex -31.319 -18.7982 4.01
    endloop
  endfacet
  facet normal -0.57607 0.776742 0.254588
    outer loop
      vertex -30.9032 19.214 4.01
      vertex 1.61547 19.8826 75.552
      vertex -30.6667 19.3894 4.01
    endloop
  endfacet
  facet normal -0.711345 0.627055 0.317474
    outer loop
      vertex 1.61547 19.8826 75.552
      vertex -30.9032 19.214 4.01
      vertex 1.61574 19.8824 75.553
    endloop
  endfacet
  facet normal 0.966365 -0.242171 -0.0865598
    outer loop
      vertex 0.324778 -19.0158 57.2121
      vertex -4.05682 -17.4805 4
      vertex 0.352518 -18.9421 57.3156
    endloop
  endfacet
  facet normal 0.966406 -0.242007 -0.0865584
    outer loop
      vertex -4.05682 -17.4805 4
      vertex 0.324778 -19.0158 57.2121
      vertex -4.12834 -17.7661 4
    endloop
  endfacet
  facet normal 0.0491246 0.998775 -0.00591758
    outer loop
      vertex -6.7048 19.8805 4
      vertex -1.33648 19.895 51.0122
      vertex -1.15918 19.8902 51.6739
    endloop
  endfacet
  facet normal 0.049259 0.998768 -0.00593293
    outer loop
      vertex -1.33648 19.895 51.0122
      vertex -6.7048 19.8805 4
      vertex -6.9988 19.895 4
    endloop
  endfacet
  facet normal -0 -0.999927 -0.0121007
    outer loop
      vertex -4.87777 -19.0164 4
      vertex -0.196727 -19.6368 55.2658
      vertex -4.87778 -19.0164 4
    endloop
  endfacet
  facet normal 0.681343 -0.728509 -0.0710291
    outer loop
      vertex -0.196727 -19.6368 55.2658
      vertex -4.87777 -19.0164 4
      vertex -0.151755 -19.6111 55.4336
    endloop
  endfacet
  facet normal 0.97029 -0.225976 -0.0864404
    outer loop
      vertex 0.352518 -18.9421 57.3156
      vertex -4.05682 -17.4805 4
      vertex 0.389921 -18.8349 57.4552
    endloop
  endfacet
  facet normal -0.429801 -0.883091 0.188204
    outer loop
      vertex -30.4142 -19.5408 4.01
      vertex 1.61485 -19.8828 75.5497
      vertex 1.61517 -19.8827 75.5509
    endloop
  endfacet
  facet normal -0.419991 -0.888724 0.183785
    outer loop
      vertex 1.61485 -19.8828 75.5497
      vertex -30.4142 -19.5408 4.01
      vertex -30.148 -19.6666 4.01
    endloop
  endfacet
  facet normal -0.711345 -0.627055 0.317474
    outer loop
      vertex -30.9032 -19.214 4.01
      vertex 1.61547 -19.8826 75.552
      vertex 1.61574 -19.8824 75.553
    endloop
  endfacet
  facet normal -0.57607 -0.776742 0.254588
    outer loop
      vertex 1.61547 -19.8826 75.552
      vertex -30.9032 -19.214 4.01
      vertex -30.6667 -19.3894 4.01
    endloop
  endfacet
  facet normal -0.886346 -0.220816 0.406979
    outer loop
      vertex 1.96362 -19.3262 76.8513
      vertex -31.9424 -17.4803 4.01
      vertex 1.91266 -19.4722 76.6611
    endloop
  endfacet
  facet normal -0.886086 -0.222142 0.406822
    outer loop
      vertex 1.91259 -19.4724 76.6608
      vertex -31.9424 -17.4803 4.01
      vertex -31.8708 -17.7659 4.01
    endloop
  endfacet
  facet normal -0.870048 -0.291646 0.397442
    outer loop
      vertex -31.9424 -17.4803 4.01
      vertex 1.91259 -19.4724 76.6608
      vertex 1.91266 -19.4722 76.6611
    endloop
  endfacet
  facet normal 0.594606 -0.801498 -0.0635917
    outer loop
      vertex -5.09589 -19.2141 4
      vertex -0.399868 -19.7376 54.5077
      vertex -5.33232 -19.3895 4
    endloop
  endfacet
  facet normal 0.595095 -0.801132 -0.0636333
    outer loop
      vertex -0.399868 -19.7376 54.5077
      vertex -5.09589 -19.2141 4
      vertex -0.292349 -19.6896 54.9089
    endloop
  endfacet
  facet normal 0.834333 -0.545115 -0.0820817
    outer loop
      vertex 0.00487624 -19.4924 56.0182
      vertex -4.50473 -18.5619 4
      vertex 0.0494814 -19.4492 56.1847
    endloop
  endfacet
  facet normal -0.906484 0.0429641 0.420049
    outer loop
      vertex 2.17223 18.1198 77.6298
      vertex -32 16.895 4.01
      vertex 2.18765 17.882 77.6874
    endloop
  endfacet
  facet normal 0.996397 0.00863435 -0.0843691
    outer loop
      vertex -3.99915 16.8951 4
      vertex 0.583579 17.4422 58.1779
      vertex 0.585867 17.2622 58.1865
    endloop
  endfacet
  facet normal 0.995433 0.0440346 -0.0847042
    outer loop
      vertex -3.99916 16.8951 4
      vertex 0.565404 17.7952 58.1101
      vertex 0.576736 17.6204 58.1524
    endloop
  endfacet
  facet normal 0.996461 0 -0.0840584
    outer loop
      vertex 0.565404 17.7952 58.1101
      vertex -3.99916 16.8951 4
      vertex -3.99916 16.8952 4
    endloop
  endfacet
  facet normal 0.995433 -0.0440346 -0.0847042
    outer loop
      vertex 0.565404 -17.7952 58.1101
      vertex -3.99916 -16.8951 4
      vertex 0.576736 -17.6204 58.1524
    endloop
  endfacet
  facet normal 0.996461 0 -0.0840584
    outer loop
      vertex -3.99916 -16.8951 4
      vertex 0.565404 -17.7952 58.1101
      vertex -3.99916 -16.8952 4
    endloop
  endfacet
  facet normal 0.937742 -0.336389 -0.0864958
    outer loop
      vertex 0.204173 -19.2559 56.762
      vertex -4.22752 -18.0433 4
      vertex 0.246068 -19.1793 56.9183
    endloop
  endfacet
  facet normal -0.899874 0.133143 0.415331
    outer loop
      vertex -31.9855 17.189 4.01
      vertex 2.05325 18.9799 77.1858
      vertex -31.9424 17.4803 4.01
    endloop
  endfacet
  facet normal -0.884742 0.228997 0.405946
    outer loop
      vertex 2.05325 18.9799 77.1858
      vertex -31.9855 17.189 4.01
      vertex 2.05329 18.9797 77.186
    endloop
  endfacet
  facet normal -0.893027 0.183159 0.411043
    outer loop
      vertex 1.96362 19.3262 76.8513
      vertex -31.9424 17.4803 4.01
      vertex 2.01064 19.1616 77.0268
    endloop
  endfacet
  facet normal -0.768684 -0.538209 0.345624
    outer loop
      vertex 1.74068 -19.7864 76.0193
      vertex -31.4944 -18.5617 4.01
      vertex 1.67913 -19.846 75.7896
    endloop
  endfacet
  facet normal -0.836428 -0.395276 0.379665
    outer loop
      vertex 1.80058 -19.7037 76.2428
      vertex -31.7716 -18.043 4.01
      vertex -31.6458 -18.3092 4.01
    endloop
  endfacet
  facet normal -0.833285 -0.403408 0.378018
    outer loop
      vertex -31.7716 -18.043 4.01
      vertex 1.80058 -19.7037 76.2428
      vertex 1.80071 -19.7035 76.2433
    endloop
  endfacet
  facet normal -0.799812 -0.479571 0.360988
    outer loop
      vertex 1.74068 -19.7864 76.0193
      vertex -31.6458 -18.3092 4.01
      vertex -31.4944 -18.5617 4.01
    endloop
  endfacet
  facet normal -0.65898 -0.69346 0.291305
    outer loop
      vertex -31.6458 -18.3092 4.01
      vertex 1.74068 -19.7864 76.0193
      vertex 1.74084 -19.7863 76.0199
    endloop
  endfacet
  facet normal 0.992943 0.0826371 -0.085064
    outer loop
      vertex -4.01361 17.1892 4
      vertex 0.52416 18.2055 57.9562
      vertex 0.544091 18.0426 58.0306
    endloop
  endfacet
  facet normal -0.630827 -0.723651 0.279974
    outer loop
      vertex 1.6785 -19.8465 75.7872
      vertex -30.9032 -19.214 4.01
      vertex 1.61574 -19.8824 75.553
    endloop
  endfacet
  facet normal -0.73267 -0.596382 0.327908
    outer loop
      vertex -31.1213 -19.0163 4.01
      vertex 1.6785 -19.8465 75.7872
      vertex 1.67874 -19.8463 75.7881
    endloop
  endfacet
  facet normal -0.643577 -0.709986 0.285882
    outer loop
      vertex 1.6785 -19.8465 75.7872
      vertex -31.1213 -19.0163 4.01
      vertex -30.9032 -19.214 4.01
    endloop
  endfacet
  facet normal -0.755596 -0.560387 0.339178
    outer loop
      vertex 1.67895 -19.8462 75.7889
      vertex -31.4944 -18.5617 4.01
      vertex -31.319 -18.7982 4.01
    endloop
  endfacet
  facet normal -0.776489 -0.524337 0.349479
    outer loop
      vertex -31.4944 -18.5617 4.01
      vertex 1.67895 -19.8462 75.7889
      vertex 1.67913 -19.846 75.7896
    endloop
  endfacet
  facet normal -0.427269 -0.904125 0
    outer loop
      vertex -30.4142 -19.5408 4
      vertex -30.148 -19.6666 4.01
      vertex -30.4142 -19.5408 4.01
    endloop
  endfacet
  facet normal -0.427269 -0.904125 -0
    outer loop
      vertex -30.148 -19.6666 4.01
      vertex -30.4142 -19.5408 4
      vertex -30.148 -19.6666 4
    endloop
  endfacet
  facet normal -0.00124114 -0.999999 0.000333557
    outer loop
      vertex -29.294 -19.8805 4.01
      vertex 1.54991 -19.895 75.3073
      vertex 1.55034 -19.895 75.3089
    endloop
  endfacet
  facet normal -0.0492489 -0.998564 0.0211025
    outer loop
      vertex 1.54991 -19.895 75.3073
      vertex -29.294 -19.8805 4.01
      vertex -29 -19.895 4.01
    endloop
  endfacet
  facet normal 0.957808 0.274055 -0.0865915
    outer loop
      vertex -4.12834 17.7661 4
      vertex 0.284916 19.1081 57.0633
      vertex 0.324778 19.0158 57.2121
    endloop
  endfacet
  facet normal 0 0.99968 -0.0252825
    outer loop
      vertex 0.284916 19.1081 57.0633
      vertex -4.12834 17.7661 4
      vertex -4.12835 17.7661 4
    endloop
  endfacet
  facet normal 0.90249 -0.422138 -0.0855055
    outer loop
      vertex 0.160534 -19.3162 56.5991
      vertex -4.22752 -18.0433 4
      vertex 0.204173 -19.2559 56.762
    endloop
  endfacet
  facet normal -0 -0.999707 -0.024193
    outer loop
      vertex -4.22752 -18.0433 4
      vertex 0.160534 -19.3162 56.5991
      vertex -4.22753 -18.0433 4
    endloop
  endfacet
  facet normal 0.314835 0.948471 -0.0357961
    outer loop
      vertex -6.12806 19.7658 4
      vertex -0.837941 19.8543 52.8728
      vertex -0.794506 19.846 53.0349
    endloop
  endfacet
  facet normal 0 0.999998 -0.00181082
    outer loop
      vertex -0.837941 19.8543 52.8728
      vertex -6.12806 19.7658 4
      vertex -6.12807 19.7658 4
    endloop
  endfacet
  facet normal -0.336939 -0.941527 0
    outer loop
      vertex -30.148 -19.6666 4
      vertex -29.8708 -19.7658 4.01
      vertex -30.148 -19.6666 4.01
    endloop
  endfacet
  facet normal -0.336939 -0.941527 -0
    outer loop
      vertex -29.8708 -19.7658 4.01
      vertex -30.148 -19.6666 4
      vertex -29.8708 -19.7658 4
    endloop
  endfacet
  facet normal -0.998786 0.0492599 0
    outer loop
      vertex -32 16.895 4
      vertex -31.9855 17.189 4.01
      vertex -31.9855 17.189 4
    endloop
  endfacet
  facet normal -0.998786 0.0492599 0
    outer loop
      vertex -31.9855 17.189 4.01
      vertex -32 16.895 4
      vertex -32 16.895 4.01
    endloop
  endfacet
  facet normal -0.90694 0.0253511 0.420497
    outer loop
      vertex 2.18765 17.882 77.6874
      vertex -32 16.895 4.01
      vertex 2.19696 17.6395 77.7221
    endloop
  endfacet
  facet normal -0.907133 0.00854469 0.420756
    outer loop
      vertex 2.19696 17.6395 77.7221
      vertex -32 16.895 4.01
      vertex 2.20008 17.3946 77.7338
    endloop
  endfacet
  facet normal -0.998786 -0.0492599 0
    outer loop
      vertex -31.9855 -17.189 4
      vertex -32 -16.895 4.01
      vertex -32 -16.895 4
    endloop
  endfacet
  facet normal -0.998786 -0.0492599 0
    outer loop
      vertex -32 -16.895 4.01
      vertex -31.9855 -17.189 4
      vertex -31.9855 -17.189 4.01
    endloop
  endfacet
  facet normal -0.897598 -0.151691 0.413893
    outer loop
      vertex 2.05325 -18.9799 77.1858
      vertex -31.9424 -17.4803 4.01
      vertex 2.01064 -19.1616 77.0268
    endloop
  endfacet
  facet normal -0.904589 -0.0804317 0.418628
    outer loop
      vertex 2.15084 -18.3509 77.55
      vertex -31.9855 -17.189 4.01
      vertex 2.12371 -18.5725 77.4488
    endloop
  endfacet
  facet normal 0.595095 0.801132 -0.0636333
    outer loop
      vertex -5.09589 19.2141 4
      vertex -0.399868 19.7376 54.5077
      vertex -0.292349 19.6896 54.9089
    endloop
  endfacet
  facet normal 0.594606 0.801498 -0.0635917
    outer loop
      vertex -0.399868 19.7376 54.5077
      vertex -5.09589 19.2141 4
      vertex -5.33232 19.3895 4
    endloop
  endfacet
  facet normal -0.941488 -0.337047 0
    outer loop
      vertex -31.7716 -18.043 4
      vertex -31.8708 -17.7659 4.01
      vertex -31.8708 -17.7659 4
    endloop
  endfacet
  facet normal -0.941488 -0.337047 0
    outer loop
      vertex -31.8708 -17.7659 4.01
      vertex -31.7716 -18.043 4
      vertex -31.7716 -18.043 4.01
    endloop
  endfacet
  facet normal -0.899874 -0.133143 0.415331
    outer loop
      vertex 2.05325 -18.9799 77.1858
      vertex -31.9855 -17.189 4.01
      vertex -31.9424 -17.4803 4.01
    endloop
  endfacet
  facet normal -0.884742 -0.228997 0.405946
    outer loop
      vertex -31.9855 -17.189 4.01
      vertex 2.05325 -18.9799 77.1858
      vertex 2.05329 -18.9797 77.186
    endloop
  endfacet
  facet normal -0.900766 -0.124934 0.415946
    outer loop
      vertex 2.09109 -18.7828 77.327
      vertex -31.9855 -17.189 4.01
      vertex 2.05329 -18.9797 77.186
    endloop
  endfacet
  facet normal -0.886346 0.220816 0.406979
    outer loop
      vertex 1.91266 19.4722 76.6611
      vertex -31.9424 17.4803 4.01
      vertex 1.96362 19.3262 76.8513
    endloop
  endfacet
  facet normal -0.900766 0.124934 0.415946
    outer loop
      vertex 2.05329 18.9797 77.186
      vertex -31.9855 17.189 4.01
      vertex 2.09109 18.7828 77.327
    endloop
  endfacet
  facet normal 0.669937 -0.7391 -0.0701157
    outer loop
      vertex -4.87778 -19.0164 4
      vertex -0.292349 -19.6896 54.9089
      vertex -5.09589 -19.2141 4
    endloop
  endfacet
  facet normal 0.669834 -0.739194 -0.0701076
    outer loop
      vertex -0.292349 -19.6896 54.9089
      vertex -4.87778 -19.0164 4
      vertex -0.196727 -19.6368 55.2658
    endloop
  endfacet
  facet normal -0.755596 0.560387 0.339178
    outer loop
      vertex -31.4944 18.5617 4.01
      vertex 1.67895 19.8462 75.7889
      vertex -31.319 18.7982 4.01
    endloop
  endfacet
  facet normal -0.776489 0.524337 0.349479
    outer loop
      vertex 1.67895 19.8462 75.7889
      vertex -31.4944 18.5617 4.01
      vertex 1.67913 19.846 75.7896
    endloop
  endfacet
  facet normal 0 -1 0
    outer loop
      vertex -6.9988 -19.895 4
      vertex -9.43102 -19.895 34.3259
      vertex -29 -19.895 4.01
    endloop
  endfacet
  facet normal 0 -1 0
    outer loop
      vertex -29 -19.895 4.01
      vertex -9.43102 -19.895 34.3259
      vertex 1.54991 -19.895 75.3073
    endloop
  endfacet
  facet normal 0 -1 0
    outer loop
      vertex -6.9988 -19.895 4
      vertex -29 -19.895 4.01
      vertex -29 -19.895 4
    endloop
  endfacet
  facet normal 0 -1 -0
    outer loop
      vertex -6.05028 -19.895 33.42
      vertex -6.9988 -19.895 4
      vertex -1.33648 -19.895 51.0122
    endloop
  endfacet
  facet normal 0 -1 0
    outer loop
      vertex -9.43102 -19.895 34.3259
      vertex -6.9988 -19.895 4
      vertex -6.05028 -19.895 33.42
    endloop
  endfacet
  facet normal 0.049259 -0.998768 -0.00593293
    outer loop
      vertex -6.7048 -19.8805 4
      vertex -1.33648 -19.895 51.0122
      vertex -6.9988 -19.895 4
    endloop
  endfacet
  facet normal 0.0491246 -0.998775 -0.00591758
    outer loop
      vertex -1.33648 -19.895 51.0122
      vertex -6.7048 -19.8805 4
      vertex -1.15918 -19.8902 51.6739
    endloop
  endfacet
  facet normal -0.336939 0.941527 0
    outer loop
      vertex -29.8708 19.7658 4
      vertex -30.148 19.6666 4.01
      vertex -29.8708 19.7658 4.01
    endloop
  endfacet
  facet normal -0.336939 0.941527 0
    outer loop
      vertex -30.148 19.6666 4.01
      vertex -29.8708 19.7658 4
      vertex -30.148 19.6666 4
    endloop
  endfacet
  facet normal -0.859008 0.329701 0.391667
    outer loop
      vertex 1.80071 19.7035 76.2433
      vertex -31.7716 18.043 4.01
      vertex 1.85806 19.5987 76.4573
    endloop
  endfacet
  facet normal 0 1 0
    outer loop
      vertex -6.9988 19.895 4
      vertex -6.05028 19.895 33.42
      vertex -1.33648 19.895 51.0122
    endloop
  endfacet
  facet normal 0 1 0
    outer loop
      vertex -9.43102 19.895 34.3259
      vertex -6.9988 19.895 4
      vertex -29 19.895 4.01
    endloop
  endfacet
  facet normal 0 1 0
    outer loop
      vertex -29 19.895 4.01
      vertex -6.9988 19.895 4
      vertex -29 19.895 4
    endloop
  endfacet
  facet normal 0 1 -0
    outer loop
      vertex -9.43102 19.895 34.3259
      vertex -29 19.895 4.01
      vertex 1.54991 19.895 75.3073
    endloop
  endfacet
  facet normal 0 1 -0
    outer loop
      vertex -6.9988 19.895 4
      vertex -9.43102 19.895 34.3259
      vertex -6.05028 19.895 33.42
    endloop
  endfacet
  facet normal 0.900725 -0.425902 -0.0854496
    outer loop
      vertex 0.110688 -19.3843 56.4131
      vertex -4.22753 -18.0433 4
      vertex 0.160534 -19.3162 56.5991
    endloop
  endfacet
  facet normal 0.900665 -0.42603 -0.0854478
    outer loop
      vertex -4.22753 -18.0433 4
      vertex 0.110688 -19.3843 56.4131
      vertex -4.3534 -18.3094 4
    endloop
  endfacet
  facet normal -0.595699 -0.803208 0
    outer loop
      vertex -30.9032 -19.214 4
      vertex -30.6667 -19.3894 4.01
      vertex -30.9032 -19.214 4.01
    endloop
  endfacet
  facet normal -0.595699 -0.803208 -0
    outer loop
      vertex -30.6667 -19.3894 4.01
      vertex -30.9032 -19.214 4
      vertex -30.6667 -19.3894 4
    endloop
  endfacet
  facet normal -0.671607 -0.740908 0
    outer loop
      vertex -31.1213 -19.0163 4
      vertex -30.9032 -19.214 4.01
      vertex -31.1213 -19.0163 4.01
    endloop
  endfacet
  facet normal -0.671607 -0.740908 -0
    outer loop
      vertex -30.9032 -19.214 4.01
      vertex -31.1213 -19.0163 4
      vertex -30.9032 -19.214 4
    endloop
  endfacet
  facet normal 0.513219 -0.856428 -0.0560214
    outer loop
      vertex -5.33232 -19.3895 4
      vertex -0.519387 -19.78 54.0616
      vertex -5.5848 -19.5408 4
    endloop
  endfacet
  facet normal 0.512877 -0.856634 -0.0559902
    outer loop
      vertex -0.519387 -19.78 54.0616
      vertex -5.33232 -19.3895 4
      vertex -0.399868 -19.7376 54.5077
    endloop
  endfacet
  facet normal 0.995198 0.0489393 -0.0847659
    outer loop
      vertex -3.99916 16.8952 4
      vertex 0.559798 17.873 58.0892
      vertex 0.565404 17.7952 58.1101
    endloop
  endfacet
  facet normal 0.995201 0.04888 -0.0847651
    outer loop
      vertex 0.559798 17.873 58.0892
      vertex -3.99916 16.8952 4
      vertex -4.0136 17.1892 4
    endloop
  endfacet
  facet normal -0.856522 -0.51611 0
    outer loop
      vertex -31.6364 -18.3248 4
      vertex -31.6458 -18.3092 4.01
      vertex -31.6458 -18.3092 4
    endloop
  endfacet
  facet normal -0.858013 -0.5136 -0.00531727
    outer loop
      vertex -31.61 -18.3688 3.99
      vertex -31.6458 -18.3092 4.01
      vertex -31.6364 -18.3248 4
    endloop
  endfacet
  facet normal -0.857767 -0.514038 -0
    outer loop
      vertex -31.4944 -18.5617 4.01
      vertex -31.61 -18.3688 3.99
      vertex -31.4944 -18.5617 3.99
    endloop
  endfacet
  facet normal -0.85764 -0.514244 -0.00272746
    outer loop
      vertex -31.61 -18.3688 3.99
      vertex -31.4944 -18.5617 4.01
      vertex -31.6458 -18.3092 4.01
    endloop
  endfacet
  facet normal -0.828807 -0.414585 0.375763
    outer loop
      vertex 1.80058 -19.7037 76.2428
      vertex -31.6458 -18.3092 4.01
      vertex 1.74084 -19.7863 76.0199
    endloop
  endfacet
  facet normal 0.854497 -0.512735 -0.0832938
    outer loop
      vertex 0.0494814 -19.4492 56.1847
      vertex -4.3534 -18.3094 4
      vertex 0.110688 -19.3843 56.4131
    endloop
  endfacet
  facet normal 0.854766 -0.512284 -0.0833067
    outer loop
      vertex -4.3534 -18.3094 4
      vertex 0.0494814 -19.4492 56.1847
      vertex -4.50473 -18.5619 4
    endloop
  endfacet
  facet normal 0.800699 -0.593696 -0.0800349
    outer loop
      vertex -0.0676142 -19.5537 55.7477
      vertex -4.50473 -18.5619 4
      vertex 0.00487624 -19.4924 56.0182
    endloop
  endfacet
  facet normal 0.800593 -0.593841 -0.0800286
    outer loop
      vertex -4.50473 -18.5619 4
      vertex -0.0676142 -19.5537 55.7477
      vertex -4.68008 -18.7983 4
    endloop
  endfacet
  facet normal -0.0106965 -0.999939 0.00290335
    outer loop
      vertex -29.8708 -19.7658 4.01
      vertex 1.55075 -19.8949 75.3104
      vertex 1.55113 -19.8949 75.3118
    endloop
  endfacet
  facet normal -0.2416 -0.964709 0.104724
    outer loop
      vertex 1.55075 -19.8949 75.3104
      vertex -29.8708 -19.7658 4.01
      vertex -29.5853 -19.8373 4.01
    endloop
  endfacet
  facet normal 0.854497 0.512735 -0.0832938
    outer loop
      vertex -4.3534 18.3094 4
      vertex 0.0494814 19.4492 56.1847
      vertex 0.110688 19.3843 56.4131
    endloop
  endfacet
  facet normal 0.854766 0.512284 -0.0833067
    outer loop
      vertex 0.0494814 19.4492 56.1847
      vertex -4.3534 18.3094 4
      vertex -4.50473 18.5619 4
    endloop
  endfacet
  facet normal -0.90694 -0.0253511 0.420497
    outer loop
      vertex 2.19696 -17.6395 77.7221
      vertex -32 -16.895 4.01
      vertex 2.18765 -17.882 77.6874
    endloop
  endfacet
  facet normal -0.905717 -0.0611019 0.419457
    outer loop
      vertex 2.17222 -18.12 77.6298
      vertex -31.9855 -17.189 4.01
      vertex 2.15084 -18.3509 77.55
    endloop
  endfacet
  facet normal 0.900725 0.425902 -0.0854496
    outer loop
      vertex -4.22753 18.0433 4
      vertex 0.110688 19.3843 56.4131
      vertex 0.160534 19.3162 56.5991
    endloop
  endfacet
  facet normal 0.900665 0.42603 -0.0854478
    outer loop
      vertex 0.110688 19.3843 56.4131
      vertex -4.22753 18.0433 4
      vertex -4.3534 18.3094 4
    endloop
  endfacet
  facet normal 0.990882 -0.104293 -0.0852986
    outer loop
      vertex 0.500194 -18.36 57.8667
      vertex -4.01361 -17.1892 4
      vertex 0.52416 -18.2055 57.9562
    endloop
  endfacet
  facet normal 0.996508 0 -0.0835032
    outer loop
      vertex -4.01361 -17.1892 4
      vertex 0.500194 -18.36 57.8667
      vertex -4.01361 -17.1893 4
    endloop
  endfacet
  facet normal -0.146696 -0.989182 0
    outer loop
      vertex -29.5853 -19.8373 4
      vertex -29.294 -19.8805 4.01
      vertex -29.5853 -19.8373 4.01
    endloop
  endfacet
  facet normal -0.146696 -0.989182 -0
    outer loop
      vertex -29.294 -19.8805 4.01
      vertex -29.5853 -19.8373 4
      vertex -29.294 -19.8805 4
    endloop
  endfacet
  facet normal 0.990882 0.104293 -0.0852986
    outer loop
      vertex -4.01361 17.1892 4
      vertex 0.500194 18.36 57.8667
      vertex 0.52416 18.2055 57.9562
    endloop
  endfacet
  facet normal 0.996508 0 -0.0835032
    outer loop
      vertex 0.500194 18.36 57.8667
      vertex -4.01361 17.1892 4
      vertex -4.01361 17.1893 4
    endloop
  endfacet
  facet normal 0.739043 0.669398 -0.0756453
    outer loop
      vertex -4.68008 18.7983 4
      vertex -0.151755 19.6111 55.4336
      vertex -0.0676142 19.5537 55.7477
    endloop
  endfacet
  facet normal 0.738803 0.669665 -0.0756284
    outer loop
      vertex -0.151755 19.6111 55.4336
      vertex -4.68008 18.7983 4
      vertex -4.87777 19.0164 4
    endloop
  endfacet
  facet normal -0.876018 0.267842 0.401066
    outer loop
      vertex 1.85816 19.5985 76.4577
      vertex -31.8708 17.7659 4.01
      vertex 1.91259 19.4724 76.6608
    endloop
  endfacet
  facet normal 0.243115 0.969591 -0.0280712
    outer loop
      vertex -6.12807 19.7658 4
      vertex -0.992819 19.8764 52.2948
      vertex -0.837941 19.8543 52.8728
    endloop
  endfacet
  facet normal 0.242808 0.969669 -0.0280387
    outer loop
      vertex -0.992819 19.8764 52.2948
      vertex -6.12807 19.7658 4
      vertex -6.41361 19.8373 4
    endloop
  endfacet
  facet normal 0.966365 0.242171 -0.0865598
    outer loop
      vertex -4.05682 17.4805 4
      vertex 0.324778 19.0158 57.2121
      vertex 0.352518 18.9421 57.3156
    endloop
  endfacet
  facet normal 0.966406 0.242007 -0.0865584
    outer loop
      vertex 0.324778 19.0158 57.2121
      vertex -4.05682 17.4805 4
      vertex -4.12834 17.7661 4
    endloop
  endfacet
  facet normal -0.902975 0.101729 0.417477
    outer loop
      vertex 2.09109 18.7828 77.327
      vertex -31.9855 17.189 4.01
      vertex 2.12371 18.5725 77.4488
    endloop
  endfacet
  facet normal 0.985542 0.146098 -0.0858088
    outer loop
      vertex -4.01362 17.1893 4
      vertex 0.455694 18.5808 57.7007
      vertex 0.472423 18.5046 57.7631
    endloop
  endfacet
  facet normal 0.985531 0.146171 -0.0858097
    outer loop
      vertex 0.455694 18.5808 57.7007
      vertex -4.01362 17.1893 4
      vertex -4.05681 17.4805 4
    endloop
  endfacet
  facet normal 0.988018 0.128436 -0.0855831
    outer loop
      vertex -4.01361 17.1893 4
      vertex 0.472423 18.5046 57.7631
      vertex 0.500194 18.36 57.8667
    endloop
  endfacet
  facet normal 0 0.999701 -0.0244574
    outer loop
      vertex 0.472423 18.5046 57.7631
      vertex -4.01361 17.1893 4
      vertex -4.01362 17.1893 4
    endloop
  endfacet
  facet normal -0.242935 0.970042 0
    outer loop
      vertex -29.5853 19.8373 4
      vertex -29.8708 19.7658 4.01
      vertex -29.5853 19.8373 4.01
    endloop
  endfacet
  facet normal -0.242935 0.970042 0
    outer loop
      vertex -29.8708 19.7658 4.01
      vertex -29.5853 19.8373 4
      vertex -29.8708 19.7658 4
    endloop
  endfacet
  facet normal -0.86498 0.309657 0.39487
    outer loop
      vertex -31.8708 17.7659 4.01
      vertex 1.85806 19.5987 76.4573
      vertex -31.7716 18.043 4.01
    endloop
  endfacet
  facet normal -0.85262 0.349885 0.388098
    outer loop
      vertex 1.85806 19.5987 76.4573
      vertex -31.8708 17.7659 4.01
      vertex 1.85816 19.5985 76.4577
    endloop
  endfacet
  facet normal -0.836428 0.395276 0.379665
    outer loop
      vertex -31.7716 18.043 4.01
      vertex 1.80058 19.7037 76.2428
      vertex -31.6458 18.3092 4.01
    endloop
  endfacet
  facet normal -0.833285 0.403408 0.378018
    outer loop
      vertex 1.80058 19.7037 76.2428
      vertex -31.7716 18.043 4.01
      vertex 1.80071 19.7035 76.2433
    endloop
  endfacet
  facet normal 0.994413 0.062769 -0.084874
    outer loop
      vertex -4.0136 17.1892 4
      vertex 0.544091 18.0426 58.0306
      vertex 0.559798 17.873 58.0892
    endloop
  endfacet
  facet normal 0 0.999875 -0.0157928
    outer loop
      vertex 0.544091 18.0426 58.0306
      vertex -4.0136 17.1892 4
      vertex -4.01361 17.1892 4
    endloop
  endfacet
  facet normal -0.671607 0.740908 0
    outer loop
      vertex -30.9032 19.214 4
      vertex -31.1213 19.0163 4.01
      vertex -30.9032 19.214 4.01
    endloop
  endfacet
  facet normal -0.671607 0.740908 0
    outer loop
      vertex -31.1213 19.0163 4.01
      vertex -30.9032 19.214 4
      vertex -31.1213 19.0163 4
    endloop
  endfacet
  facet normal -0.333368 0.931549 0.145196
    outer loop
      vertex -30.148 19.6666 4.01
      vertex 1.61449 19.8829 75.5483
      vertex -29.8708 19.7658 4.01
    endloop
  endfacet
  facet normal -0.36542 0.917081 0.159471
    outer loop
      vertex 1.61449 19.8829 75.5483
      vertex -30.148 19.6666 4.01
      vertex 1.61485 19.8828 75.5497
    endloop
  endfacet
  facet normal -0.2416 0.964709 0.104724
    outer loop
      vertex -29.8708 19.7658 4.01
      vertex 1.55075 19.8949 75.3104
      vertex -29.5853 19.8373 4.01
    endloop
  endfacet
  facet normal -0.0106965 0.999939 0.00290335
    outer loop
      vertex 1.55075 19.8949 75.3104
      vertex -29.8708 19.7658 4.01
      vertex 1.55113 19.8949 75.3118
    endloop
  endfacet
  facet normal 0.242808 -0.969669 -0.0280387
    outer loop
      vertex -6.12807 -19.7658 4
      vertex -0.992819 -19.8764 52.2948
      vertex -6.41361 -19.8373 4
    endloop
  endfacet
  facet normal 0.243115 -0.969591 -0.0280712
    outer loop
      vertex -0.992819 -19.8764 52.2948
      vertex -6.12807 -19.7658 4
      vertex -0.837941 -19.8543 52.8728
    endloop
  endfacet
  facet normal 0.996079 -0.0261556 -0.0845191
    outer loop
      vertex 0.576736 -17.6204 58.1524
      vertex -3.99915 -16.8951 4
      vertex 0.583579 -17.4422 58.1779
    endloop
  endfacet
  facet normal -0 -0.99991 -0.0133925
    outer loop
      vertex -3.99915 -16.8951 4
      vertex 0.576736 -17.6204 58.1524
      vertex -3.99916 -16.8951 4
    endloop
  endfacet
  facet normal 0.996397 -0.00863435 -0.0843691
    outer loop
      vertex 0.583579 -17.4422 58.1779
      vertex -3.99915 -16.8951 4
      vertex 0.585867 -17.2622 58.1865
    endloop
  endfacet
  facet normal -0.376617 -0.911785 0.163728
    outer loop
      vertex -29.5853 -19.8373 4.01
      vertex 1.55034 -19.895 75.3089
      vertex 1.55075 -19.8949 75.3104
    endloop
  endfacet
  facet normal -0.146404 -0.987208 0.0631344
    outer loop
      vertex 1.55034 -19.895 75.3089
      vertex -29.5853 -19.8373 4.01
      vertex -29.294 -19.8805 4.01
    endloop
  endfacet
  facet normal -0.857767 0.514038 0
    outer loop
      vertex -31.61 18.3688 3.99
      vertex -31.4944 18.5617 4.01
      vertex -31.4944 18.5617 3.99
    endloop
  endfacet
  facet normal -0.858013 0.5136 -0.00531727
    outer loop
      vertex -31.6458 18.3092 4.01
      vertex -31.61 18.3688 3.99
      vertex -31.6364 18.3248 4
    endloop
  endfacet
  facet normal -0.856522 0.51611 0
    outer loop
      vertex -31.6458 18.3092 4.01
      vertex -31.6364 18.3248 4
      vertex -31.6458 18.3092 4
    endloop
  endfacet
  facet normal -0.85764 0.514244 -0.00272746
    outer loop
      vertex -31.61 18.3688 3.99
      vertex -31.6458 18.3092 4.01
      vertex -31.4944 18.5617 4.01
    endloop
  endfacet
  facet normal -0.0492599 0.998786 0
    outer loop
      vertex -29 19.895 4
      vertex -29.294 19.8805 4.01
      vertex -29 19.895 4.01
    endloop
  endfacet
  facet normal -0.0492599 0.998786 0
    outer loop
      vertex -29.294 19.8805 4.01
      vertex -29 19.895 4
      vertex -29.294 19.8805 4
    endloop
  endfacet
  facet normal -0.146696 0.989182 0
    outer loop
      vertex -29.294 19.8805 4
      vertex -29.5853 19.8373 4.01
      vertex -29.294 19.8805 4.01
    endloop
  endfacet
  facet normal -0.146696 0.989182 0
    outer loop
      vertex -29.5853 19.8373 4.01
      vertex -29.294 19.8805 4
      vertex -29.5853 19.8373 4
    endloop
  endfacet
  facet normal -0.969982 0.243175 0
    outer loop
      vertex -31.9424 17.4803 4
      vertex -31.8708 17.7659 4.01
      vertex -31.8708 17.7659 4
    endloop
  endfacet
  facet normal -0.969982 0.243175 0
    outer loop
      vertex -31.8708 17.7659 4.01
      vertex -31.9424 17.4803 4
      vertex -31.9424 17.4803 4.01
    endloop
  endfacet
  facet normal -0.886086 0.222142 0.406822
    outer loop
      vertex -31.9424 17.4803 4.01
      vertex 1.91259 19.4724 76.6608
      vertex -31.8708 17.7659 4.01
    endloop
  endfacet
  facet normal -0.870048 0.291646 0.397442
    outer loop
      vertex 1.91259 19.4724 76.6608
      vertex -31.9424 17.4803 4.01
      vertex 1.91266 19.4722 76.6611
    endloop
  endfacet
  facet normal 0.97029 0.225976 -0.0864404
    outer loop
      vertex -4.05682 17.4805 4
      vertex 0.352518 18.9421 57.3156
      vertex 0.389921 18.8349 57.4552
    endloop
  endfacet
  facet normal -0.768684 0.538209 0.345624
    outer loop
      vertex 1.67913 19.846 75.7896
      vertex -31.4944 18.5617 4.01
      vertex 1.74068 19.7864 76.0193
    endloop
  endfacet
  facet normal -0.501581 0.836521 0.220564
    outer loop
      vertex -30.6667 19.3894 4.01
      vertex 1.61517 19.8827 75.5509
      vertex -30.4142 19.5408 4.01
    endloop
  endfacet
  facet normal -0.470171 0.85814 0.206241
    outer loop
      vertex 1.61517 19.8827 75.5509
      vertex -30.6667 19.3894 4.01
      vertex 1.61547 19.8826 75.552
    endloop
  endfacet
  facet normal -0.941488 0.337047 0
    outer loop
      vertex -31.8708 17.7659 4
      vertex -31.7716 18.043 4.01
      vertex -31.7716 18.043 4
    endloop
  endfacet
  facet normal -0.941488 0.337047 0
    outer loop
      vertex -31.7716 18.043 4.01
      vertex -31.8708 17.7659 4
      vertex -31.8708 17.7659 4.01
    endloop
  endfacet
  facet normal -0.904125 0.427269 0
    outer loop
      vertex -31.7716 18.043 4
      vertex -31.6458 18.3092 4.01
      vertex -31.6458 18.3092 4
    endloop
  endfacet
  facet normal -0.904125 0.427269 0
    outer loop
      vertex -31.6458 18.3092 4.01
      vertex -31.7716 18.043 4
      vertex -31.7716 18.043 4.01
    endloop
  endfacet
  facet normal 0.739043 -0.669398 -0.0756453
    outer loop
      vertex -0.151755 -19.6111 55.4336
      vertex -4.68008 -18.7983 4
      vertex -0.0676142 -19.5537 55.7477
    endloop
  endfacet
  facet normal 0.738803 -0.669665 -0.0756284
    outer loop
      vertex -4.68008 -18.7983 4
      vertex -0.151755 -19.6111 55.4336
      vertex -4.87777 -19.0164 4
    endloop
  endfacet
  facet normal -0.707107 0.707107 0
    outer loop
      vertex -31.1218 19.0158 4
      vertex -31.1213 19.0163 4.01
      vertex -31.1213 19.0163 4
    endloop
  endfacet
  facet normal -0.741812 0.670598 0.0035607
    outer loop
      vertex -31.1562 18.9778 3.99
      vertex -31.1213 19.0163 4.01
      vertex -31.1218 19.0158 4
    endloop
  endfacet
  facet normal -0.74091 0.671604 0
    outer loop
      vertex -31.319 18.7982 4.01
      vertex -31.1562 18.9778 3.99
      vertex -31.319 18.7982 3.99
    endloop
  endfacet
  facet normal -0.740908 0.671607 4.07652e-05
    outer loop
      vertex -31.1562 18.9778 3.99
      vertex -31.319 18.7982 4.01
      vertex -31.1213 19.0163 4.01
    endloop
  endfacet
  facet normal -0.419991 0.888724 0.183785
    outer loop
      vertex -30.4142 19.5408 4.01
      vertex 1.61485 19.8828 75.5497
      vertex -30.148 19.6666 4.01
    endloop
  endfacet
  facet normal -0.429801 0.883091 0.188204
    outer loop
      vertex 1.61485 19.8828 75.5497
      vertex -30.4142 19.5408 4.01
      vertex 1.61517 19.8827 75.5509
    endloop
  endfacet
  facet normal -0.906484 -0.0429641 0.420049
    outer loop
      vertex 2.18765 -17.882 77.6874
      vertex -32 -16.895 4.01
      vertex 2.17223 -18.1198 77.6298
    endloop
  endfacet
  facet normal -0.906426 -0.0447047 0.419993
    outer loop
      vertex 2.17222 -18.12 77.6298
      vertex -32 -16.895 4.01
      vertex -31.9855 -17.189 4.01
    endloop
  endfacet
  facet normal -0.90583 0.0452915 0.421214
    outer loop
      vertex -32 -16.895 4.01
      vertex 2.17222 -18.12 77.6298
      vertex 2.17223 -18.1198 77.6298
    endloop
  endfacet
  facet normal 0.992943 -0.0826371 -0.085064
    outer loop
      vertex 0.52416 -18.2055 57.9562
      vertex -4.01361 -17.1892 4
      vertex 0.544091 -18.0426 58.0306
    endloop
  endfacet
  facet normal 0.994413 -0.062769 -0.084874
    outer loop
      vertex 0.544091 -18.0426 58.0306
      vertex -4.0136 -17.1892 4
      vertex 0.559798 -17.873 58.0892
    endloop
  endfacet
  facet normal -0 -0.999875 -0.0157928
    outer loop
      vertex -4.0136 -17.1892 4
      vertex 0.544091 -18.0426 58.0306
      vertex -4.01361 -17.1892 4
    endloop
  endfacet
  facet normal 0.995198 -0.0489393 -0.0847659
    outer loop
      vertex 0.559798 -17.873 58.0892
      vertex -3.99916 -16.8952 4
      vertex 0.565404 -17.7952 58.1101
    endloop
  endfacet
  facet normal 0.995201 -0.04888 -0.0847651
    outer loop
      vertex -3.99916 -16.8952 4
      vertex 0.559798 -17.873 58.0892
      vertex -4.0136 -17.1892 4
    endloop
  endfacet
  facet normal 0.427181 -0.902916 -0.047538
    outer loop
      vertex -5.5848 -19.5408 4
      vertex -0.65095 -19.8164 53.5706
      vertex -5.85091 -19.6667 4
    endloop
  endfacet
  facet normal 0.427241 -0.902887 -0.0475439
    outer loop
      vertex -0.65095 -19.8164 53.5706
      vertex -5.5848 -19.5408 4
      vertex -0.519387 -19.78 54.0616
    endloop
  endfacet
  facet normal 0 0 1
    outer loop
      vertex -31.2639 -18.7981 3.99
      vertex -31.2651 -18.7963 3.99
      vertex -31.2645 -18.7972 3.99
    endloop
  endfacet
  facet normal 0 0 -1
    outer loop
      vertex -31.319 -18.7982 3.99
      vertex -31.2639 -18.7981 3.99
      vertex -31.1562 -18.9778 3.99
    endloop
  endfacet
  facet normal -0 0 -1
    outer loop
      vertex -31.2639 -18.7981 3.99
      vertex -31.319 -18.7982 3.99
      vertex -31.2651 -18.7963 3.99
    endloop
  endfacet
  facet normal 0 0 -1
    outer loop
      vertex -31.319 -18.7982 3.99
      vertex -31.4568 -18.5378 3.99
      vertex -31.2651 -18.7963 3.99
    endloop
  endfacet
  facet normal 0 0 -1
    outer loop
      vertex -31.4944 -18.5617 3.99
      vertex -31.4568 -18.5378 3.99
      vertex -31.319 -18.7982 3.99
    endloop
  endfacet
  facet normal -0 0 -1
    outer loop
      vertex -31.4568 -18.5378 3.99
      vertex -31.4944 -18.5617 3.99
      vertex -31.61 -18.3688 3.99
    endloop
  endfacet
  facet normal 0 0 1
    outer loop
      vertex -31.2651 18.7963 3.99
      vertex -31.2639 18.7981 3.99
      vertex -31.2645 18.7972 3.99
    endloop
  endfacet
  facet normal 0 0 -1
    outer loop
      vertex -31.319 18.7982 3.99
      vertex -31.2639 18.7981 3.99
      vertex -31.2651 18.7963 3.99
    endloop
  endfacet
  facet normal 0 0 -1
    outer loop
      vertex -31.2639 18.7981 3.99
      vertex -31.319 18.7982 3.99
      vertex -31.1562 18.9778 3.99
    endloop
  endfacet
  facet normal 0 0 -1
    outer loop
      vertex -31.4568 18.5378 3.99
      vertex -31.319 18.7982 3.99
      vertex -31.2651 18.7963 3.99
    endloop
  endfacet
  facet normal 0 0 -1
    outer loop
      vertex -31.4568 18.5378 3.99
      vertex -31.4944 18.5617 3.99
      vertex -31.319 18.7982 3.99
    endloop
  endfacet
  facet normal 0 -0 -1
    outer loop
      vertex -31.4944 18.5617 3.99
      vertex -31.4568 18.5378 3.99
      vertex -31.61 18.3688 3.99
    endloop
  endfacet
  facet normal -0.595699 0.803208 0
    outer loop
      vertex -30.6667 19.3894 4
      vertex -30.9032 19.214 4.01
      vertex -30.6667 19.3894 4.01
    endloop
  endfacet
  facet normal -0.595699 0.803208 0
    outer loop
      vertex -30.9032 19.214 4.01
      vertex -30.6667 19.3894 4
      vertex -30.9032 19.214 4
    endloop
  endfacet
  facet normal -0.703419 0.637625 0.314064
    outer loop
      vertex -31.319 18.7982 4.01
      vertex 1.67874 19.8463 75.7881
      vertex -31.1213 19.0163 4.01
    endloop
  endfacet
  facet normal -0.560017 0.791148 0.245898
    outer loop
      vertex 1.67874 19.8463 75.7881
      vertex -31.319 18.7982 4.01
      vertex 1.67895 19.8462 75.7889
    endloop
  endfacet
  facet normal -0.803208 0.595699 0
    outer loop
      vertex -31.4944 18.5617 3.99
      vertex -31.319 18.7982 4.01
      vertex -31.319 18.7982 3.99
    endloop
  endfacet
  facet normal -0.803208 0.595699 0
    outer loop
      vertex -31.319 18.7982 4.01
      vertex -31.4944 18.5617 3.99
      vertex -31.4944 18.5617 4.01
    endloop
  endfacet
  facet normal 0.669834 0.739194 -0.0701076
    outer loop
      vertex -4.87778 19.0164 4
      vertex -0.292349 19.6896 54.9089
      vertex -0.196727 19.6368 55.2658
    endloop
  endfacet
  facet normal 0.669937 0.7391 -0.0701157
    outer loop
      vertex -0.292349 19.6896 54.9089
      vertex -4.87778 19.0164 4
      vertex -5.09589 19.2141 4
    endloop
  endfacet
  facet normal 0.512877 0.856634 -0.0559902
    outer loop
      vertex -5.33232 19.3895 4
      vertex -0.519387 19.78 54.0616
      vertex -0.399868 19.7376 54.5077
    endloop
  endfacet
  facet normal 0.513219 0.856428 -0.0560214
    outer loop
      vertex -0.519387 19.78 54.0616
      vertex -5.33232 19.3895 4
      vertex -5.5848 19.5408 4
    endloop
  endfacet
  facet normal -0.643577 0.709986 0.285882
    outer loop
      vertex -31.1213 19.0163 4.01
      vertex 1.6785 19.8465 75.7872
      vertex -30.9032 19.214 4.01
    endloop
  endfacet
  facet normal -0.73267 0.596382 0.327908
    outer loop
      vertex 1.6785 19.8465 75.7872
      vertex -31.1213 19.0163 4.01
      vertex 1.67874 19.8463 75.7881
    endloop
  endfacet
  facet normal -0.630827 0.723651 0.279974
    outer loop
      vertex 1.61574 19.8824 75.553
      vertex -30.9032 19.214 4.01
      vertex 1.6785 19.8465 75.7872
    endloop
  endfacet
  facet normal -0.146404 0.987208 0.0631344
    outer loop
      vertex -29.5853 19.8373 4.01
      vertex 1.55034 19.895 75.3089
      vertex -29.294 19.8805 4.01
    endloop
  endfacet
  facet normal -0.376617 0.911785 0.163728
    outer loop
      vertex 1.55034 19.895 75.3089
      vertex -29.5853 19.8373 4.01
      vertex 1.55075 19.8949 75.3104
    endloop
  endfacet
  facet normal -0.0492489 0.998564 0.0211025
    outer loop
      vertex -29.294 19.8805 4.01
      vertex 1.54991 19.895 75.3073
      vertex -29 19.895 4.01
    endloop
  endfacet
  facet normal -0.00124114 0.999999 0.000333557
    outer loop
      vertex 1.54991 19.895 75.3073
      vertex -29.294 19.8805 4.01
      vertex 1.55034 19.895 75.3089
    endloop
  endfacet
  facet normal 0.984068 0.155674 -0.0858816
    outer loop
      vertex -4.05681 17.4805 4
      vertex 0.424422 18.7141 57.584
      vertex 0.455694 18.5808 57.7007
    endloop
  endfacet
  facet normal -0.828807 0.414585 0.375763
    outer loop
      vertex 1.74084 19.7863 76.0199
      vertex -31.6458 18.3092 4.01
      vertex 1.80058 19.7037 76.2428
    endloop
  endfacet
  facet normal 0.427241 0.902887 -0.0475439
    outer loop
      vertex -5.5848 19.5408 4
      vertex -0.65095 19.8164 53.5706
      vertex -0.519387 19.78 54.0616
    endloop
  endfacet
  facet normal 0.427181 0.902916 -0.047538
    outer loop
      vertex -0.65095 19.8164 53.5706
      vertex -5.5848 19.5408 4
      vertex -5.85091 19.6667 4
    endloop
  endfacet
  facet normal 0.336258 0.940998 -0.0381153
    outer loop
      vertex -5.85091 19.6667 4
      vertex -0.794506 19.846 53.0349
      vertex -0.65095 19.8164 53.5706
    endloop
  endfacet
  facet normal 0.336447 0.94093 -0.0381344
    outer loop
      vertex -0.794506 19.846 53.0349
      vertex -5.85091 19.6667 4
      vertex -6.12806 19.7658 4
    endloop
  endfacet
endsolid OpenSCAD_Model
